period,round,phase,wall_seconds,cpu_seconds
0,0,period_reset,0.000023314,0.000022741
0,0,receive_authenticate_accumulate,0.000072481,0.000072204
0,0,receive_authenticate_accumulate,0.000031759,0.000031666
0,0,receive_authenticate_accumulate,0.000038092,0.000038037
0,0,receive_authenticate_accumulate,0.000036796,0.000036796
0,0,receive_authenticate_accumulate,0.000031630,0.000031518
0,0,receive_authenticate_accumulate,0.000038685,0.000038556
0,0,receive_authenticate_accumulate,0.000051870,0.000051888
0,0,receive_authenticate_accumulate,0.000037111,0.000037019
0,0,receive_authenticate_accumulate,0.000036889,0.000036759
0,0,receive_authenticate_accumulate,0.000032277,0.000032055
0,0,receive_authenticate_accumulate,0.000037055,0.000037148
0,0,receive_authenticate_accumulate,0.000037574,0.000037500
0,0,receive_authenticate_accumulate,0.000031759,0.000031592
0,0,receive_authenticate_accumulate,0.000038296,0.000038241
0,0,receive_authenticate_accumulate,0.000032018,0.000031926
0,0,receive_authenticate_accumulate,0.000037722,0.000037556
0,0,receive_authenticate_accumulate,0.000038722,0.000038686
0,0,receive_authenticate_accumulate,0.000031371,0.000031314
0,0,receive_authenticate_accumulate,0.000037852,0.000037908
0,0,randomness_commit,0.000427719,0.000427741
0,0,receive_authenticate_accumulate,0.000037018,0.000036963
0,0,receive_authenticate_accumulate,0.000042777,0.000042444
0,0,receive_authenticate_accumulate,0.000044666,0.000044519
0,0,receive_authenticate_accumulate,0.000039667,0.000039500
0,0,receive_authenticate_accumulate,0.000045759,0.000045630
0,0,receive_authenticate_accumulate,0.000045703,0.000045408
0,0,receive_authenticate_accumulate,0.000040870,0.000040778
0,0,receive_authenticate_accumulate,0.000044778,0.000044686
0,0,receive_authenticate_accumulate,0.000046704,0.000046537
0,0,receive_authenticate_accumulate,0.000038944,0.000038889
0,0,receive_authenticate_accumulate,0.000046500,0.000046315
0,0,receive_authenticate_accumulate,0.000040166,0.000040204
0,0,receive_authenticate_accumulate,0.000045351,0.000045093
0,0,receive_authenticate_accumulate,0.000045777,0.000045630
0,0,receive_authenticate_accumulate,0.000040407,0.000040352
0,0,receive_authenticate_accumulate,0.000044500,0.000044389
0,0,receive_authenticate_accumulate,0.000045630,0.000045592
0,0,receive_authenticate_accumulate,0.000039370,0.000039407
0,0,receive_authenticate_accumulate,0.000044889,0.000044722
0,0,receive_authenticate_accumulate,0.000039166,0.000038926
0,0,randomness_reveal,0.000315757,0.000315685
0,0,receive_authenticate_accumulate,0.000044759,0.000044555
0,0,committee_selection,0.000084018,0.000083982
0,0,round_reset,0.000006222,0.000005649
0,0,receive_authenticate_accumulate,0.017261979,0.017262018
0,0,receive_authenticate_accumulate,0.017222220,0.017222111
0,0,receive_authenticate_accumulate,0.017239961,0.017223371
0,0,receive_authenticate_accumulate,0.017221275,0.017221185
0,0,receive_authenticate_accumulate,0.017222794,0.017222555
0,0,receive_authenticate_accumulate,0.017234183,0.017234185
0,0,receive_authenticate_accumulate,0.017225831,0.017225963
0,0,receive_authenticate_accumulate,0.017220128,0.017220074
0,0,receive_authenticate_accumulate,0.017221868,0.017221759
0,0,receive_authenticate_accumulate,0.017224405,0.017224296
0,0,receive_authenticate_accumulate,0.017235664,0.017235759
0,0,receive_authenticate_accumulate,0.017250701,0.017250500
0,0,receive_authenticate_accumulate,0.017232517,0.017232370
0,0,receive_authenticate_accumulate,0.017222776,0.017222629
0,0,receive_authenticate_accumulate,0.017221739,0.017221703
0,0,receive_authenticate_accumulate,0.017216220,0.017216204
0,0,receive_authenticate_accumulate,0.017226350,0.017225945
0,0,receive_authenticate_accumulate,0.017215776,0.017215666
0,0,receive_authenticate_accumulate,0.017225368,0.017225315
0,0,reading_commitment_and_shares,0.026293957,0.026294056
0,0,receive_authenticate_accumulate,0.017258368,0.017239204
0,0,round_coverage,0.000003889,0.000003426
0,1,round_reset,0.000010130,0.000008963
0,1,receive_authenticate_accumulate,0.017220093,0.017220130
0,1,receive_authenticate_accumulate,0.017221852,0.017221815
0,1,receive_authenticate_accumulate,0.017222629,0.017222537
0,1,receive_authenticate_accumulate,0.017228518,0.017228463
0,1,receive_authenticate_accumulate,0.017219074,0.017218889
0,1,receive_authenticate_accumulate,0.017257296,0.017233055
0,1,receive_authenticate_accumulate,0.017221370,0.017221426
0,1,receive_authenticate_accumulate,0.017225926,0.017225815
0,1,receive_authenticate_accumulate,0.017229778,0.017229907
0,1,receive_authenticate_accumulate,0.017232648,0.017232499
0,1,receive_authenticate_accumulate,0.017226851,0.017226500
0,1,receive_authenticate_accumulate,0.017222833,0.017222685
0,1,receive_authenticate_accumulate,0.017219907,0.017219685
0,1,receive_authenticate_accumulate,0.017238240,0.017238056
0,1,receive_authenticate_accumulate,0.017229648,0.017229555
0,1,receive_authenticate_accumulate,0.017224556,0.017224463
0,1,receive_authenticate_accumulate,0.017271778,0.017235723
0,1,receive_authenticate_accumulate,0.017228574,0.017228463
0,1,receive_authenticate_accumulate,0.017262167,0.017236555
0,1,reading_commitment_and_shares,0.026253331,0.026253388
0,1,receive_authenticate_accumulate,0.017223889,0.017223648
0,1,round_coverage,0.000004370,0.000003926
0,2,round_reset,0.000010667,0.000008537
0,2,receive_authenticate_accumulate,0.017227687,0.017227685
0,2,receive_authenticate_accumulate,0.017229224,0.017229074
0,2,receive_authenticate_accumulate,0.017273131,0.017249815
0,2,receive_authenticate_accumulate,0.017228075,0.017228074
0,2,receive_authenticate_accumulate,0.017231058,0.017230945
0,2,receive_authenticate_accumulate,0.017233223,0.017233129
0,2,receive_authenticate_accumulate,0.017222595,0.017222463
0,2,receive_authenticate_accumulate,0.017224761,0.017224648
0,2,receive_authenticate_accumulate,0.017230798,0.017230630
0,2,receive_authenticate_accumulate,0.017236502,0.017236593
0,2,receive_authenticate_accumulate,0.017232002,0.017231908
0,2,receive_authenticate_accumulate,0.017224039,0.017224111
0,2,receive_authenticate_accumulate,0.017222891,0.017222851
0,2,receive_authenticate_accumulate,0.017229557,0.017229463
0,2,receive_authenticate_accumulate,0.017228057,0.017227926
0,2,receive_authenticate_accumulate,0.017230705,0.017230629
0,2,receive_authenticate_accumulate,0.017223114,0.017223019
0,2,receive_authenticate_accumulate,0.017226928,0.017226815
0,2,receive_authenticate_accumulate,0.017232780,0.017232759
0,2,reading_commitment_and_shares,0.026240575,0.026240704
0,2,receive_authenticate_accumulate,0.017238964,0.017238945
0,2,round_coverage,0.000004407,0.000003889
0,3,round_reset,0.000009204,0.000007981
0,3,receive_authenticate_accumulate,0.017229930,0.017229870
0,3,receive_authenticate_accumulate,0.017230541,0.017230370
0,3,receive_authenticate_accumulate,0.017236429,0.017236352
0,3,receive_authenticate_accumulate,0.017218615,0.017218555
0,3,receive_authenticate_accumulate,0.017224596,0.017224537
0,3,receive_authenticate_accumulate,0.017226041,0.017225889
0,3,receive_authenticate_accumulate,0.017312300,0.017252797
0,3,receive_authenticate_accumulate,0.017224670,0.017224555
0,3,receive_authenticate_accumulate,0.017220318,0.017220185
0,3,receive_authenticate_accumulate,0.017221392,0.017221278
0,3,receive_authenticate_accumulate,0.017226763,0.017226630
0,3,receive_authenticate_accumulate,0.017222319,0.017222241
0,3,receive_authenticate_accumulate,0.017229151,0.017228981
0,3,receive_authenticate_accumulate,0.017222911,0.017222778
0,3,receive_authenticate_accumulate,0.017225633,0.017225611
0,3,receive_authenticate_accumulate,0.017230151,0.017230019
0,3,receive_authenticate_accumulate,0.017223633,0.017223500
0,3,receive_authenticate_accumulate,0.017220930,0.017220852
0,3,receive_authenticate_accumulate,0.017229023,0.017228945
0,3,reading_commitment_and_shares,0.026244170,0.026244167
0,3,receive_authenticate_accumulate,0.017226633,0.017226592
0,3,round_coverage,0.000004037,0.000003463
0,4,round_reset,0.000010037,0.000008778
0,4,receive_authenticate_accumulate,0.017271079,0.017237036
0,4,receive_authenticate_accumulate,0.017230209,0.017230074
0,4,receive_authenticate_accumulate,0.017231413,0.017231408
0,4,receive_authenticate_accumulate,0.017266839,0.017238278
0,4,receive_authenticate_accumulate,0.017227395,0.017227277
0,4,receive_authenticate_accumulate,0.017227246,0.017227129
0,4,receive_authenticate_accumulate,0.017223876,0.017223760
0,4,receive_authenticate_accumulate,0.017229950,0.017229926
0,4,receive_authenticate_accumulate,0.017230913,0.017230759
0,4,receive_authenticate_accumulate,0.017237449,0.017237333
0,4,receive_authenticate_accumulate,0.017234228,0.017234148
0,4,receive_authenticate_accumulate,0.017228153,0.017228167
0,4,receive_authenticate_accumulate,0.017239894,0.017239981
0,4,receive_authenticate_accumulate,0.017261079,0.017243611
0,4,receive_authenticate_accumulate,0.017229561,0.017229463
0,4,receive_authenticate_accumulate,0.017232691,0.017232611
0,4,receive_authenticate_accumulate,0.017223358,0.017223278
0,4,receive_authenticate_accumulate,0.017234190,0.017234074
0,4,receive_authenticate_accumulate,0.017235876,0.017235722
0,4,reading_commitment_and_shares,0.026240988,0.026241130
0,4,receive_authenticate_accumulate,0.017224858,0.017224666
0,4,round_coverage,0.000003871,0.000003241
0,5,round_reset,0.000010074,0.000008870
0,5,receive_authenticate_accumulate,0.017227006,0.017226944
0,5,receive_authenticate_accumulate,0.017222784,0.017222796
0,5,receive_authenticate_accumulate,0.017222247,0.017222241
0,5,receive_authenticate_accumulate,0.017224951,0.017224796
0,5,receive_authenticate_accumulate,0.017230174,0.017230037
0,5,receive_authenticate_accumulate,0.017228155,0.017228092
0,5,receive_authenticate_accumulate,0.017223452,0.017223333
0,5,receive_authenticate_accumulate,0.017235414,0.017235315
0,5,receive_authenticate_accumulate,0.017232044,0.017232000
0,5,receive_authenticate_accumulate,0.017224915,0.017224556
0,5,receive_authenticate_accumulate,0.017223989,0.017224000
0,5,receive_authenticate_accumulate,0.017230952,0.017230870
0,5,receive_authenticate_accumulate,0.017224007,0.017223963
0,5,receive_authenticate_accumulate,0.017229656,0.017229482
0,5,receive_authenticate_accumulate,0.017225137,0.017225000
0,5,receive_authenticate_accumulate,0.017223026,0.017222870
0,5,receive_authenticate_accumulate,0.017227544,0.017227351
0,5,receive_authenticate_accumulate,0.017225952,0.017225685
0,5,receive_authenticate_accumulate,0.017232396,0.017232204
0,5,reading_commitment_and_shares,0.026256879,0.026256926
0,5,receive_authenticate_accumulate,0.017224433,0.017224315
0,5,round_coverage,0.000003981,0.000003408
0,6,round_reset,0.000009185,0.000007667
0,6,receive_authenticate_accumulate,0.017263341,0.017235241
0,6,receive_authenticate_accumulate,0.017219898,0.017219685
0,6,receive_authenticate_accumulate,0.017229934,0.017229759
0,6,receive_authenticate_accumulate,0.017230045,0.017229888
0,6,receive_authenticate_accumulate,0.017223953,0.017223871
0,6,receive_authenticate_accumulate,0.017224712,0.017224574
0,6,receive_authenticate_accumulate,0.017231786,0.017231778
0,6,receive_authenticate_accumulate,0.017226768,0.017226778
0,6,receive_authenticate_accumulate,0.017221861,0.017221834
0,6,receive_authenticate_accumulate,0.017221361,0.017221241
0,6,receive_authenticate_accumulate,0.017252008,0.017252000
0,6,receive_authenticate_accumulate,0.017224916,0.017224796
0,6,receive_authenticate_accumulate,0.017225416,0.017225389
0,6,receive_authenticate_accumulate,0.017230805,0.017230796
0,6,receive_authenticate_accumulate,0.017224861,0.017224759
0,6,receive_authenticate_accumulate,0.017229657,0.017229611
0,6,receive_authenticate_accumulate,0.017222713,0.017222593
0,6,receive_authenticate_accumulate,0.017234083,0.017233926
0,6,receive_authenticate_accumulate,0.017228509,0.017228444
0,6,reading_commitment_and_shares,0.026250140,0.026250148
0,6,receive_authenticate_accumulate,0.017275065,0.017243018
0,6,round_coverage,0.000004019,0.000003315
0,7,round_reset,0.000010352,0.000009204
0,7,receive_authenticate_accumulate,0.017220881,0.017220926
0,7,receive_authenticate_accumulate,0.017222029,0.017221926
0,7,receive_authenticate_accumulate,0.017232362,0.017232352
0,7,receive_authenticate_accumulate,0.017222936,0.017222871
0,7,receive_authenticate_accumulate,0.017231417,0.017231370
0,7,receive_authenticate_accumulate,0.017232622,0.017232518
0,7,receive_authenticate_accumulate,0.017230899,0.017230722
0,7,receive_authenticate_accumulate,0.017222047,0.017221870
0,7,receive_authenticate_accumulate,0.017222103,0.017221963
0,7,receive_authenticate_accumulate,0.017230695,0.017230630
0,7,receive_authenticate_accumulate,0.017220529,0.017220537
0,7,receive_authenticate_accumulate,0.017219455,0.017219315
0,7,receive_authenticate_accumulate,0.017225714,0.017225648
0,7,receive_authenticate_accumulate,0.017233900,0.017233722
0,7,receive_authenticate_accumulate,0.017235769,0.017235667
0,7,receive_authenticate_accumulate,0.017231918,0.017231778
0,7,receive_authenticate_accumulate,0.017218566,0.017218537
0,7,receive_authenticate_accumulate,0.017232825,0.017232592
0,7,receive_authenticate_accumulate,0.017236807,0.017236833
0,7,reading_commitment_and_shares,0.026247847,0.026247963
0,7,receive_authenticate_accumulate,0.017226714,0.017226611
0,7,round_coverage,0.000003759,0.000003093
0,8,round_reset,0.000009130,0.000007833
0,8,receive_authenticate_accumulate,0.017226215,0.017226111
0,8,receive_authenticate_accumulate,0.017225975,0.017225944
0,8,receive_authenticate_accumulate,0.017236419,0.017236463
0,8,receive_authenticate_accumulate,0.017222549,0.017222426
0,8,receive_authenticate_accumulate,0.017225807,0.017225704
0,8,receive_authenticate_accumulate,0.017230827,0.017230703
0,8,receive_authenticate_accumulate,0.017209882,0.017209740
0,8,receive_authenticate_accumulate,0.017218475,0.017218389
0,8,receive_authenticate_accumulate,0.017220956,0.017220870
0,8,receive_authenticate_accumulate,0.017230882,0.017230722
0,8,receive_authenticate_accumulate,0.017223642,0.017223629
0,8,receive_authenticate_accumulate,0.017227030,0.017226870
0,8,receive_authenticate_accumulate,0.017236215,0.017236166
0,8,receive_authenticate_accumulate,0.017218253,0.017218055
0,8,receive_authenticate_accumulate,0.017227401,0.017227389
0,8,receive_authenticate_accumulate,0.017221401,0.017221185
0,8,receive_authenticate_accumulate,0.017225975,0.017225870
0,8,receive_authenticate_accumulate,0.017225494,0.017225407
0,8,receive_authenticate_accumulate,0.017230660,0.017230686
0,8,reading_commitment_and_shares,0.026234774,0.026234796
0,8,receive_authenticate_accumulate,0.017223474,0.017223426
0,8,round_coverage,0.000004037,0.000003407
0,9,round_reset,0.000010222,0.000008982
0,9,receive_authenticate_accumulate,0.017222716,0.017222574
0,9,receive_authenticate_accumulate,0.017224494,0.017224407
0,9,receive_authenticate_accumulate,0.017225438,0.017225371
0,9,receive_authenticate_accumulate,0.017222494,0.017222389
0,9,receive_authenticate_accumulate,0.017222180,0.017222222
0,9,receive_authenticate_accumulate,0.017224031,0.017223944
0,9,receive_authenticate_accumulate,0.017236161,0.017236000
0,9,receive_authenticate_accumulate,0.017227847,0.017227778
0,9,receive_authenticate_accumulate,0.017218995,0.017218888
0,9,receive_authenticate_accumulate,0.017224550,0.017224408
0,9,receive_authenticate_accumulate,0.017244773,0.017244963
0,9,receive_authenticate_accumulate,0.017229143,0.017229018
0,9,receive_authenticate_accumulate,0.025847815,0.025847814
0,9,receive_authenticate_accumulate,0.017229939,0.017229740
0,9,receive_authenticate_accumulate,0.017228495,0.017228463
0,9,receive_authenticate_accumulate,0.017225828,0.017225759
0,9,receive_authenticate_accumulate,0.017230735,0.017230685
0,9,receive_authenticate_accumulate,0.017229939,0.017229889
0,9,receive_authenticate_accumulate,0.017234902,0.017234759
0,9,reading_commitment_and_shares,0.026256184,0.026256315
0,9,receive_authenticate_accumulate,0.017241643,0.017241593
0,9,round_coverage,0.000004241,0.000003667
1,10,period_reset,0.000025704,0.000024352
1,10,receive_authenticate_accumulate,0.000094592,0.000094519
1,10,receive_authenticate_accumulate,0.000092407,0.000091777
1,10,receive_authenticate_accumulate,0.000091185,0.000090741
1,10,receive_authenticate_accumulate,0.000091481,0.000091500
1,10,receive_authenticate_accumulate,0.000092333,0.000092555
1,10,receive_authenticate_accumulate,0.000088000,0.000088130
1,10,receive_authenticate_accumulate,0.000089852,0.000089871
1,10,receive_authenticate_accumulate,0.000069426,0.000069408
1,10,receive_authenticate_accumulate,0.000069629,0.000069648
1,10,receive_authenticate_accumulate,0.000068981,0.000068518
1,10,receive_authenticate_accumulate,0.000069685,0.000069592
1,10,receive_authenticate_accumulate,0.000069648,0.000069704
1,10,receive_authenticate_accumulate,0.000069296,0.000069204
1,10,receive_authenticate_accumulate,0.000068203,0.000068278
1,10,receive_authenticate_accumulate,0.000067982,0.000067944
1,10,receive_authenticate_accumulate,0.000069240,0.000069111
1,10,receive_authenticate_accumulate,0.000069370,0.000069314
1,10,receive_authenticate_accumulate,0.000069111,0.000069018
1,10,receive_authenticate_accumulate,0.000068277,0.000068334
1,10,randomness_commit,0.000591460,0.000591500
1,10,receive_authenticate_accumulate,0.000068758,0.000068537
1,10,receive_authenticate_accumulate,0.000085370,0.000085167
1,10,receive_authenticate_accumulate,0.000084129,0.000084092
1,10,receive_authenticate_accumulate,0.000084425,0.000084222
1,10,receive_authenticate_accumulate,0.000083018,0.000083130
1,10,receive_authenticate_accumulate,0.000082907,0.000082982
1,10,receive_authenticate_accumulate,0.000084555,0.000084574
1,10,receive_authenticate_accumulate,0.000083204,0.000083111
1,10,receive_authenticate_accumulate,0.000084407,0.000084408
1,10,receive_authenticate_accumulate,0.000083426,0.000083482
1,10,receive_authenticate_accumulate,0.000067741,0.000067648
1,10,receive_authenticate_accumulate,0.000070110,0.000070000
1,10,receive_authenticate_accumulate,0.000068129,0.000068241
1,10,receive_authenticate_accumulate,0.000068407,0.000068278
1,10,receive_authenticate_accumulate,0.000067685,0.000067556
1,10,receive_authenticate_accumulate,0.000066889,0.000066815
1,10,receive_authenticate_accumulate,0.000068999,0.000068296
1,10,receive_authenticate_accumulate,0.000067222,0.000067389
1,10,receive_authenticate_accumulate,0.000096481,0.000096259
1,10,receive_authenticate_accumulate,0.000063944,0.000064000
1,10,randomness_reveal,0.000457497,0.000457611
1,10,receive_authenticate_accumulate,0.000066796,0.000066814
1,10,committee_selection,0.000125722,0.000125482
1,10,round_reset,0.000005500,0.000004778
1,10,receive_authenticate_accumulate,0.017223181,0.017223129
1,10,receive_authenticate_accumulate,0.017226347,0.017226223
1,10,receive_authenticate_accumulate,0.017231107,0.017231000
1,10,receive_authenticate_accumulate,0.017232014,0.017231834
1,10,receive_authenticate_accumulate,0.017221921,0.017221722
1,10,receive_authenticate_accumulate,0.017224885,0.017224815
1,10,receive_authenticate_accumulate,0.017278588,0.017250407
1,10,receive_authenticate_accumulate,0.017228310,0.017228519
1,10,receive_authenticate_accumulate,0.017207552,0.017207482
1,10,receive_authenticate_accumulate,0.017222089,0.017222204
1,10,receive_authenticate_accumulate,0.017232643,0.017232574
1,10,receive_authenticate_accumulate,0.017231533,0.017231444
1,10,receive_authenticate_accumulate,0.025855040,0.025854685
1,10,receive_authenticate_accumulate,0.017227033,0.017226981
1,10,receive_authenticate_accumulate,0.017223385,0.017223333
1,10,receive_authenticate_accumulate,0.017231088,0.017231055
1,10,receive_authenticate_accumulate,0.017225718,0.017225407
1,10,receive_authenticate_accumulate,0.017221996,0.017221888
1,10,receive_authenticate_accumulate,0.017227069,0.017226778
1,10,reading_commitment_and_shares,0.026289631,0.026252833
1,10,receive_authenticate_accumulate,0.017221607,0.017221759
1,10,round_coverage,0.000004222,0.000003759
1,11,round_reset,0.000009908,0.000008648
1,11,receive_authenticate_accumulate,0.017225496,0.017225518
1,11,receive_authenticate_accumulate,0.017229775,0.017229334
1,11,receive_authenticate_accumulate,0.017233294,0.017233260
1,11,receive_authenticate_accumulate,0.017260423,0.017233389
1,11,receive_authenticate_accumulate,0.017231571,0.017231333
1,11,receive_authenticate_accumulate,0.017280553,0.017240851
1,11,receive_authenticate_accumulate,0.017228812,0.017228870
1,11,receive_authenticate_accumulate,0.017224497,0.017224463
1,11,receive_authenticate_accumulate,0.017231848,0.017231815
1,11,receive_authenticate_accumulate,0.017225534,0.017225518
1,11,receive_authenticate_accumulate,0.017219478,0.017219408
1,11,receive_authenticate_accumulate,0.017238238,0.017238593
1,11,receive_authenticate_accumulate,0.017235219,0.017235222
1,11,receive_authenticate_accumulate,0.017222849,0.017222834
1,11,receive_authenticate_accumulate,0.017240590,0.017229445
1,11,receive_authenticate_accumulate,0.017257719,0.017234388
1,11,receive_authenticate_accumulate,0.017228701,0.017228574
1,11,receive_authenticate_accumulate,0.017231052,0.017231037
1,11,receive_authenticate_accumulate,0.017285960,0.017241630
1,11,reading_commitment_and_shares,0.026249354,0.026249481
1,11,receive_authenticate_accumulate,0.017222460,0.017222389
1,11,round_coverage,0.000004278,0.000003778
1,12,round_reset,0.000008815,0.000007666
1,12,receive_authenticate_accumulate,0.017240442,0.017240408
1,12,receive_authenticate_accumulate,0.017258183,0.017232481
1,12,receive_authenticate_accumulate,0.017221220,0.017221222
1,12,receive_authenticate_accumulate,0.017229461,0.017229611
1,12,receive_authenticate_accumulate,0.017224016,0.017223963
1,12,receive_authenticate_accumulate,0.017230164,0.017230223
1,12,receive_authenticate_accumulate,0.017217850,0.017217851
1,12,receive_authenticate_accumulate,0.017225313,0.017225167
1,12,receive_authenticate_accumulate,0.017238109,0.017238037
1,12,receive_authenticate_accumulate,0.017252628,0.017237741
1,12,receive_authenticate_accumulate,0.017222849,0.017222723
1,12,receive_authenticate_accumulate,0.017228072,0.017227907
1,12,receive_authenticate_accumulate,0.017219591,0.017219574
1,12,receive_authenticate_accumulate,0.017258998,0.017230834
1,12,receive_authenticate_accumulate,0.017223610,0.017223518
1,12,receive_authenticate_accumulate,0.017233516,0.017233408
1,12,receive_authenticate_accumulate,0.017222146,0.017222111
1,12,receive_authenticate_accumulate,0.017221961,0.017221908
1,12,receive_authenticate_accumulate,0.017226961,0.017226815
1,12,reading_commitment_and_shares,0.026243634,0.026244092
1,12,receive_authenticate_accumulate,0.017226702,0.017226741
1,12,round_coverage,0.000004240,0.000003611
1,13,round_reset,0.000010482,0.000007963
1,13,receive_authenticate_accumulate,0.017257481,0.017239630
1,13,receive_authenticate_accumulate,0.017221851,0.017221778
1,13,receive_authenticate_accumulate,0.017266166,0.017239944
1,13,receive_authenticate_accumulate,0.017238573,0.017238463
1,13,receive_authenticate_accumulate,0.017227685,0.017227556
1,13,receive_authenticate_accumulate,0.017229073,0.017228926
1,13,receive_authenticate_accumulate,0.017229832,0.017229796
1,13,receive_authenticate_accumulate,0.017229629,0.017229611
1,13,receive_authenticate_accumulate,0.017229406,0.017229315
1,13,receive_authenticate_accumulate,0.017226814,0.017226685
1,13,receive_authenticate_accumulate,0.017231611,0.017231500
1,13,receive_authenticate_accumulate,0.017233665,0.017233611
1,13,receive_authenticate_accumulate,0.017225666,0.017225556
1,13,receive_authenticate_accumulate,0.017223314,0.017223111
1,13,receive_authenticate_accumulate,0.017238276,0.017238333
1,13,receive_authenticate_accumulate,0.017233592,0.017233370
1,13,receive_authenticate_accumulate,0.017222055,0.017222019
1,13,receive_authenticate_accumulate,0.017232777,0.017232648
1,13,receive_authenticate_accumulate,0.017226999,0.017226740
1,13,reading_commitment_and_shares,0.026243803,0.026244018
1,13,receive_authenticate_accumulate,0.017225740,0.017225685
1,13,round_coverage,0.000004223,0.000003741
1,14,round_reset,0.000008944,0.000007629
1,14,receive_authenticate_accumulate,0.017261685,0.017232667
1,14,receive_authenticate_accumulate,0.017226130,0.017226037
1,14,receive_authenticate_accumulate,0.017225889,0.017225833
1,14,receive_authenticate_accumulate,0.017236629,0.017236648
1,14,receive_authenticate_accumulate,0.017229685,0.017229185
1,14,receive_authenticate_accumulate,0.017223481,0.017223370
1,14,receive_authenticate_accumulate,0.017223592,0.017223499
1,14,receive_authenticate_accumulate,0.017228889,0.017228741
1,14,receive_authenticate_accumulate,0.017226611,0.017226463
1,14,receive_authenticate_accumulate,0.017229167,0.017229074
1,14,receive_authenticate_accumulate,0.017221167,0.017221074
1,14,receive_authenticate_accumulate,0.017231056,0.017231019
1,14,receive_authenticate_accumulate,0.017248037,0.017248111
1,14,receive_authenticate_accumulate,0.017230963,0.017230907
1,14,receive_authenticate_accumulate,0.017224148,0.017224000
1,14,receive_authenticate_accumulate,0.017237796,0.017237797
1,14,receive_authenticate_accumulate,0.017230778,0.017230759
1,14,receive_authenticate_accumulate,0.017229500,0.017229186
1,14,receive_authenticate_accumulate,0.017225445,0.017225296
1,14,reading_commitment_and_shares,0.026286155,0.026286425
1,14,receive_authenticate_accumulate,0.017223926,0.017224018
1,14,round_coverage,0.000004333,0.000003889
1,15,round_reset,0.000008963,0.000007871
1,15,receive_authenticate_accumulate,0.017227130,0.017227037
1,15,receive_authenticate_accumulate,0.017226168,0.017225981
1,15,receive_authenticate_accumulate,0.017230816,0.017230685
1,15,receive_authenticate_accumulate,0.017227668,0.017227426
1,15,receive_authenticate_accumulate,0.017221779,0.017221666
1,15,receive_authenticate_accumulate,0.017226853,0.017226814
1,15,receive_authenticate_accumulate,0.017230038,0.017229759
1,15,receive_authenticate_accumulate,0.017228946,0.017228796
1,15,receive_authenticate_accumulate,0.017222223,0.017222074
1,15,receive_authenticate_accumulate,0.017234131,0.017233944
1,15,receive_authenticate_accumulate,0.017224575,0.017224518
1,15,receive_authenticate_accumulate,0.017231408,0.017231352
1,15,receive_authenticate_accumulate,0.017227945,0.017227704
1,15,receive_authenticate_accumulate,0.017231112,0.017230908
1,15,receive_authenticate_accumulate,0.017257742,0.017239481
1,15,receive_authenticate_accumulate,0.017236020,0.017235852
1,15,receive_authenticate_accumulate,0.017227964,0.017228055
1,15,receive_authenticate_accumulate,0.017233890,0.017233833
1,15,receive_authenticate_accumulate,0.017263520,0.017236981
1,15,reading_commitment_and_shares,0.026250139,0.026250296
1,15,receive_authenticate_accumulate,0.017232631,0.017232537
1,15,round_coverage,0.000003704,0.000003111
1,16,round_reset,0.000008945,0.000007592
1,16,receive_authenticate_accumulate,0.017220928,0.017220889
1,16,receive_authenticate_accumulate,0.017232095,0.017231925
1,16,receive_authenticate_accumulate,0.017229261,0.017229166
1,16,receive_authenticate_accumulate,0.017230427,0.017230352
1,16,receive_authenticate_accumulate,0.017230946,0.017230851
1,16,receive_authenticate_accumulate,0.017220909,0.017220834
1,16,receive_authenticate_accumulate,0.017229206,0.017229074
1,16,receive_authenticate_accumulate,0.017227095,0.017227074
1,16,receive_authenticate_accumulate,0.017227095,0.017227074
1,16,receive_authenticate_accumulate,0.017254891,0.017254852
1,16,receive_authenticate_accumulate,0.017238373,0.017238278
1,16,receive_authenticate_accumulate,0.017229242,0.017229352
1,16,receive_authenticate_accumulate,0.017230317,0.017229981
1,16,receive_authenticate_accumulate,0.017224779,0.017224648
1,16,receive_authenticate_accumulate,0.017222428,0.017222334
1,16,receive_authenticate_accumulate,0.017231650,0.017231630
1,16,receive_authenticate_accumulate,0.017229391,0.017229315
1,16,receive_authenticate_accumulate,0.017222983,0.017222982
1,16,receive_authenticate_accumulate,0.017228743,0.017228611
1,16,reading_commitment_and_shares,0.026231269,0.026231667
1,16,receive_authenticate_accumulate,0.017229965,0.017229889
1,16,round_coverage,0.000004370,0.000003871
1,17,round_reset,0.000009593,0.000008000
1,17,receive_authenticate_accumulate,0.017226632,0.017226463
1,17,receive_authenticate_accumulate,0.017219817,0.017219722
1,17,receive_authenticate_accumulate,0.017226911,0.017226611
1,17,receive_authenticate_accumulate,0.017229169,0.017229074
1,17,receive_authenticate_accumulate,0.017229984,0.017229870
1,17,receive_authenticate_accumulate,0.017218947,0.017218741
1,17,receive_authenticate_accumulate,0.017223614,0.017223482
1,17,receive_authenticate_accumulate,0.017224836,0.017224518
1,17,receive_authenticate_accumulate,0.017220725,0.017220667
1,17,receive_authenticate_accumulate,0.017223632,0.017224111
1,17,receive_authenticate_accumulate,0.017231392,0.017231203
1,17,receive_authenticate_accumulate,0.017224669,0.017224352
1,17,receive_authenticate_accumulate,0.017232206,0.017232093
1,17,receive_authenticate_accumulate,0.017225799,0.017225722
1,17,receive_authenticate_accumulate,0.017224280,0.017224166
1,17,receive_authenticate_accumulate,0.017235596,0.017235500
1,17,receive_authenticate_accumulate,0.017224485,0.017224277
1,17,receive_authenticate_accumulate,0.017228614,0.017228481
1,17,receive_authenticate_accumulate,0.017219466,0.017219482
1,17,reading_commitment_and_shares,0.026247437,0.026247426
1,17,receive_authenticate_accumulate,0.017222429,0.017222259
1,17,round_coverage,0.000004352,0.000003741
1,18,round_reset,0.000010093,0.000008760
1,18,receive_authenticate_accumulate,0.017225374,0.017225278
1,18,receive_authenticate_accumulate,0.017216984,0.017217000
1,18,receive_authenticate_accumulate,0.017225670,0.017225500
1,18,receive_authenticate_accumulate,0.017235800,0.017235667
1,18,receive_authenticate_accumulate,0.017260578,0.017229815
1,18,receive_authenticate_accumulate,0.017236615,0.017236500
1,18,receive_authenticate_accumulate,0.017235745,0.017235555
1,18,receive_authenticate_accumulate,0.017235929,0.017235796
1,18,receive_authenticate_accumulate,0.017224522,0.017224481
1,18,receive_authenticate_accumulate,0.017234614,0.017234481
1,18,receive_authenticate_accumulate,0.017229874,0.017229981
1,18,receive_authenticate_accumulate,0.017227374,0.017227222
1,18,receive_authenticate_accumulate,0.017230060,0.017230074
1,18,receive_authenticate_accumulate,0.017234966,0.017234834
1,18,receive_authenticate_accumulate,0.017217540,0.017217500
1,18,receive_authenticate_accumulate,0.017226356,0.017226370
1,18,receive_authenticate_accumulate,0.017221412,0.017221371
1,18,receive_authenticate_accumulate,0.017250374,0.017250314
1,18,receive_authenticate_accumulate,0.017228578,0.017228574
1,18,reading_commitment_and_shares,0.026249828,0.026250056
1,18,receive_authenticate_accumulate,0.017214004,0.017213870
1,18,round_coverage,0.000004000,0.000003370
1,19,round_reset,0.000008537,0.000007314
1,19,receive_authenticate_accumulate,0.017231578,0.017231426
1,19,receive_authenticate_accumulate,0.017227763,0.017227574
1,19,receive_authenticate_accumulate,0.017215171,0.017214999
1,19,receive_authenticate_accumulate,0.017229412,0.017228981
1,19,receive_authenticate_accumulate,0.017233486,0.017233204
1,19,receive_authenticate_accumulate,0.017227912,0.017227815
1,19,receive_authenticate_accumulate,0.017231912,0.017231741
1,19,receive_authenticate_accumulate,0.017229171,0.017228926
1,19,receive_authenticate_accumulate,0.017231208,0.017231055
1,19,receive_authenticate_accumulate,0.017229022,0.017228870
1,19,receive_authenticate_accumulate,0.017223597,0.017223500
1,19,receive_authenticate_accumulate,0.017217356,0.017217203
1,19,receive_authenticate_accumulate,0.017231394,0.017231130
1,19,receive_authenticate_accumulate,0.017222596,0.017222500
1,19,receive_authenticate_accumulate,0.017221912,0.017221963
1,19,receive_authenticate_accumulate,0.017228004,0.017227870
1,19,receive_authenticate_accumulate,0.017223578,0.017223519
1,19,receive_authenticate_accumulate,0.017219357,0.017219260
1,19,receive_authenticate_accumulate,0.017229134,0.017228981
1,19,reading_commitment_and_shares,0.026246051,0.026246278
1,19,receive_authenticate_accumulate,0.017368486,0.017263203
1,19,round_coverage,0.000004278,0.000003648
2,20,period_reset,0.000024685,0.000023704
2,20,receive_authenticate_accumulate,0.000091500,0.000091537
2,20,receive_authenticate_accumulate,0.000088648,0.000088556
2,20,receive_authenticate_accumulate,0.000089481,0.000089500
2,20,receive_authenticate_accumulate,0.000087981,0.000087777
2,20,receive_authenticate_accumulate,0.000088407,0.000088111
2,20,receive_authenticate_accumulate,0.000087518,0.000087352
2,20,receive_authenticate_accumulate,0.000089648,0.000089518
2,20,receive_authenticate_accumulate,0.000088722,0.000088445
2,20,receive_authenticate_accumulate,0.000086222,0.000086148
2,20,receive_authenticate_accumulate,0.000089203,0.000088926
2,20,receive_authenticate_accumulate,0.000089110,0.000089222
2,20,receive_authenticate_accumulate,0.000088111,0.000088019
2,20,receive_authenticate_accumulate,0.000087259,0.000087166
2,20,receive_authenticate_accumulate,0.000089092,0.000088945
2,20,receive_authenticate_accumulate,0.000088610,0.000088574
2,20,receive_authenticate_accumulate,0.000090444,0.000090408
2,20,receive_authenticate_accumulate,0.000039537,0.000039389
2,20,receive_authenticate_accumulate,0.000037074,0.000037074
2,20,receive_authenticate_accumulate,0.000038518,0.000038463
2,20,randomness_commit,0.000321202,0.000321223
2,20,receive_authenticate_accumulate,0.000038296,0.000038223
2,20,receive_authenticate_accumulate,0.000044944,0.000044834
2,20,receive_authenticate_accumulate,0.000046926,0.000046889
2,20,receive_authenticate_accumulate,0.000047333,0.000047148
2,20,receive_authenticate_accumulate,0.000045074,0.000044926
2,20,receive_authenticate_accumulate,0.000047407,0.000047426
2,20,receive_authenticate_accumulate,0.000048722,0.000048593
2,20,receive_authenticate_accumulate,0.000044370,0.000044278
2,20,receive_authenticate_accumulate,0.000047500,0.000047315
2,20,receive_authenticate_accumulate,0.000043093,0.000042926
2,20,receive_authenticate_accumulate,0.000046426,0.000046426
2,20,receive_authenticate_accumulate,0.000047036,0.000046982
2,20,receive_authenticate_accumulate,0.000044240,0.000044129
2,20,receive_authenticate_accumulate,0.000045611,0.000045593
2,20,receive_authenticate_accumulate,0.000046000,0.000045907
2,20,receive_authenticate_accumulate,0.000043888,0.000043796
2,20,receive_authenticate_accumulate,0.000046944,0.000046907
2,20,receive_authenticate_accumulate,0.000044425,0.000044426
2,20,receive_authenticate_accumulate,0.000047277,0.000047222
2,20,receive_authenticate_accumulate,0.000046518,0.000046333
2,20,randomness_reveal,0.000285295,0.000285259
2,20,receive_authenticate_accumulate,0.000045111,0.000045055
2,20,committee_selection,0.000084592,0.000084482
2,20,round_reset,0.000003944,0.000003408
2,20,receive_authenticate_accumulate,0.017225413,0.017225277
2,20,receive_authenticate_accumulate,0.017236653,0.017236148
2,20,receive_authenticate_accumulate,0.017223894,0.017223815
2,20,receive_authenticate_accumulate,0.017226060,0.017225870
2,20,receive_authenticate_accumulate,0.017225449,0.017225352
2,20,receive_authenticate_accumulate,0.017230635,0.017230685
2,20,receive_authenticate_accumulate,0.017226579,0.017226482
2,20,receive_authenticate_accumulate,0.017231894,0.017231815
2,20,receive_authenticate_accumulate,0.017227709,0.017227722
2,20,receive_authenticate_accumulate,0.017227579,0.017227630
2,20,receive_authenticate_accumulate,0.017223449,0.017223425
2,20,receive_authenticate_accumulate,0.017231579,0.017231426
2,20,receive_authenticate_accumulate,0.017235801,0.017235611
2,20,receive_authenticate_accumulate,0.017231264,0.017231167
2,20,receive_authenticate_accumulate,0.017220857,0.017220593
2,20,receive_authenticate_accumulate,0.017221561,0.017221463
2,20,receive_authenticate_accumulate,0.017227857,0.017227722
2,20,receive_authenticate_accumulate,0.017224801,0.017224870
2,20,receive_authenticate_accumulate,0.017222672,0.017222592
2,20,reading_commitment_and_shares,0.026235459,0.026235685
2,20,receive_authenticate_accumulate,0.017230023,0.017230056
2,20,round_coverage,0.000004241,0.000003778
2,21,round_reset,0.000008889,0.000007667
2,21,receive_authenticate_accumulate,0.017230395,0.017230240
2,21,receive_authenticate_accumulate,0.017227876,0.017227333
2,21,receive_authenticate_accumulate,0.017228635,0.017228611
2,21,receive_authenticate_accumulate,0.017258117,0.017232519
2,21,receive_authenticate_accumulate,0.017228191,0.017228148
2,21,receive_authenticate_accumulate,0.017222320,0.017222222
2,21,receive_authenticate_accumulate,0.017219709,0.017219703
2,21,receive_authenticate_accumulate,0.017223025,0.017222870
2,21,receive_authenticate_accumulate,0.017233561,0.017233462
2,21,receive_authenticate_accumulate,0.017226913,0.017226814
2,21,receive_authenticate_accumulate,0.017218839,0.017218796
2,21,receive_authenticate_accumulate,0.017221987,0.017221963
2,21,receive_authenticate_accumulate,0.017226783,0.017226722
2,21,receive_authenticate_accumulate,0.017226116,0.017225981
2,21,receive_authenticate_accumulate,0.017226394,0.017226296
2,21,receive_authenticate_accumulate,0.017228562,0.017228537
2,21,receive_authenticate_accumulate,0.017227839,0.017227500
2,21,receive_authenticate_accumulate,0.017228654,0.017228481
2,21,receive_authenticate_accumulate,0.017229784,0.017229741
2,21,reading_commitment_and_shares,0.026296293,0.026267037
2,21,receive_authenticate_accumulate,0.017219414,0.017219185
2,21,round_coverage,0.000003834,0.000003388
2,22,round_reset,0.000009129,0.000008037
2,22,receive_authenticate_accumulate,0.017252376,0.017253630
2,22,receive_authenticate_accumulate,0.017230191,0.017229945
2,22,receive_authenticate_accumulate,0.017225098,0.017224944
2,22,receive_authenticate_accumulate,0.017237562,0.017237519
2,22,receive_authenticate_accumulate,0.017226395,0.017226223
2,22,receive_authenticate_accumulate,0.017225340,0.017225203
2,22,receive_authenticate_accumulate,0.017226766,0.017226648
2,22,receive_authenticate_accumulate,0.017226488,0.017226408
2,22,receive_authenticate_accumulate,0.017224376,0.017224222
2,22,receive_authenticate_accumulate,0.017227580,0.017227555
2,22,receive_authenticate_accumulate,0.017223747,0.017223667
2,22,receive_authenticate_accumulate,0.017224821,0.017224667
2,22,receive_authenticate_accumulate,0.017223617,0.017223556
2,22,receive_authenticate_accumulate,0.017229173,0.017229055
2,22,receive_authenticate_accumulate,0.017234914,0.017234963
2,22,receive_authenticate_accumulate,0.017234710,0.017234648
2,22,receive_authenticate_accumulate,0.017222821,0.017222686
2,22,receive_authenticate_accumulate,0.017230303,0.017230203
2,22,receive_authenticate_accumulate,0.017231358,0.017231278
2,22,reading_commitment_and_shares,0.026249721,0.026250277
2,22,receive_authenticate_accumulate,0.017255802,0.017233037
2,22,round_coverage,0.000004185,0.000003445
2,23,round_reset,0.000011351,0.000009685
2,23,receive_authenticate_accumulate,0.017241007,0.017240888
2,23,receive_authenticate_accumulate,0.017234433,0.017234500
2,23,receive_authenticate_accumulate,0.017223006,0.017223000
2,23,receive_authenticate_accumulate,0.017256618,0.017256612
2,23,receive_authenticate_accumulate,0.017238396,0.017238407
2,23,receive_authenticate_accumulate,0.017230525,0.017230333
2,23,receive_authenticate_accumulate,0.017229581,0.017229389
2,23,receive_authenticate_accumulate,0.017225877,0.017225630
2,23,receive_authenticate_accumulate,0.017221155,0.017221167
2,23,receive_authenticate_accumulate,0.017232877,0.017232852
2,23,receive_authenticate_accumulate,0.017224821,0.017224833
2,23,receive_authenticate_accumulate,0.017217673,0.017217519
2,23,receive_authenticate_accumulate,0.017224969,0.017224982
2,23,receive_authenticate_accumulate,0.017229322,0.017229186
2,23,receive_authenticate_accumulate,0.017218748,0.017218444
2,23,receive_authenticate_accumulate,0.017227359,0.017227352
2,23,receive_authenticate_accumulate,0.017222747,0.017222593
2,23,receive_authenticate_accumulate,0.017228933,0.017228814
2,23,receive_authenticate_accumulate,0.017230118,0.017230018
2,23,reading_commitment_and_shares,0.026248184,0.026248333
2,23,receive_authenticate_accumulate,0.017218081,0.017217963
2,23,round_coverage,0.000003815,0.000003296
2,24,round_reset,0.000008759,0.000007685
2,24,receive_authenticate_accumulate,0.017234563,0.017234426
2,24,receive_authenticate_accumulate,0.017219711,0.017219537
2,24,receive_authenticate_accumulate,0.017232044,0.017231611
2,24,receive_authenticate_accumulate,0.017212692,0.017212444
2,24,receive_authenticate_accumulate,0.017220471,0.017220462
2,24,receive_authenticate_accumulate,0.017224156,0.017223852
2,24,receive_authenticate_accumulate,0.017222044,0.017221519
2,24,receive_authenticate_accumulate,0.017225785,0.017225741
2,24,receive_authenticate_accumulate,0.017231044,0.017230981
2,24,receive_authenticate_accumulate,0.017223267,0.017223055
2,24,receive_authenticate_accumulate,0.017229804,0.017229611
2,24,receive_authenticate_accumulate,0.017218359,0.017218351
2,24,receive_authenticate_accumulate,0.017229619,0.017229519
2,24,receive_authenticate_accumulate,0.017231878,0.017231722
2,24,receive_authenticate_accumulate,0.017228860,0.017228686
2,24,receive_authenticate_accumulate,0.017224860,0.017224870
2,24,receive_authenticate_accumulate,0.017227434,0.017227278
2,24,receive_authenticate_accumulate,0.017231563,0.017231555
2,24,receive_authenticate_accumulate,0.017224008,0.017223889
2,24,reading_commitment_and_shares,0.026236852,0.026236944
2,24,receive_authenticate_accumulate,0.017224174,0.017224037
2,24,round_coverage,0.000003574,0.000003111
2,25,round_reset,0.000010315,0.000009130
2,25,receive_authenticate_accumulate,0.017227859,0.017227796
2,25,receive_authenticate_accumulate,0.017232471,0.017232185
2,25,receive_authenticate_accumulate,0.017216878,0.017216759
2,25,receive_authenticate_accumulate,0.017254360,0.017242851
2,25,receive_authenticate_accumulate,0.017225341,0.017225037
2,25,receive_authenticate_accumulate,0.017227082,0.017226963
2,25,receive_authenticate_accumulate,0.017222638,0.017222222
2,25,receive_authenticate_accumulate,0.017228804,0.017228648
2,25,receive_authenticate_accumulate,0.017228416,0.017228389
2,25,receive_authenticate_accumulate,0.017239174,0.017238888
2,25,receive_authenticate_accumulate,0.017223656,0.017223555
2,25,receive_authenticate_accumulate,0.017226675,0.017226111
2,25,receive_authenticate_accumulate,0.017224063,0.017224000
2,25,receive_authenticate_accumulate,0.017225952,0.017225778
2,25,receive_authenticate_accumulate,0.017229989,0.017229889
2,25,receive_authenticate_accumulate,0.017223823,0.017223759
2,25,receive_authenticate_accumulate,0.017234471,0.017234351
2,25,receive_authenticate_accumulate,0.017229730,0.017229703
2,25,receive_authenticate_accumulate,0.017230934,0.017230778
2,25,reading_commitment_and_shares,0.026276075,0.026245537
2,25,receive_authenticate_accumulate,0.017218322,0.017218166
2,25,round_coverage,0.000003833,0.000003297
2,26,round_reset,0.000008778,0.000007463
2,26,receive_authenticate_accumulate,0.017222305,0.017222370
2,26,receive_authenticate_accumulate,0.017241971,0.017241870
2,26,receive_authenticate_accumulate,0.017277952,0.017250462
2,26,receive_authenticate_accumulate,0.017229027,0.017228852
2,26,receive_authenticate_accumulate,0.017228064,0.017227945
2,26,receive_authenticate_accumulate,0.017224972,0.017224888
2,26,receive_authenticate_accumulate,0.017229879,0.017229741
2,26,receive_authenticate_accumulate,0.017231953,0.017231889
2,26,receive_authenticate_accumulate,0.017221490,0.017221333
2,26,receive_authenticate_accumulate,0.017237212,0.017237185
2,26,receive_authenticate_accumulate,0.017235527,0.017235351
2,26,receive_authenticate_accumulate,0.017231564,0.017231259
2,26,receive_authenticate_accumulate,0.017236378,0.017236407
2,26,receive_authenticate_accumulate,0.017229749,0.017229611
2,26,receive_authenticate_accumulate,0.017233694,0.017233388
2,26,receive_authenticate_accumulate,0.017249360,0.017236167
2,26,receive_authenticate_accumulate,0.017227379,0.017227259
2,26,receive_authenticate_accumulate,0.017235712,0.017235408
2,26,receive_authenticate_accumulate,0.017233657,0.017232852
2,26,reading_commitment_and_shares,0.026255797,0.026256204
2,26,receive_authenticate_accumulate,0.017264527,0.017242223
2,26,round_coverage,0.000004037,0.000003518
2,27,round_reset,0.000009370,0.000007481
2,27,receive_authenticate_accumulate,0.017228045,0.017228000
2,27,receive_authenticate_accumulate,0.017224490,0.017224389
2,27,receive_authenticate_accumulate,0.017217157,0.017216796
2,27,receive_authenticate_accumulate,0.017227916,0.017227944
2,27,receive_authenticate_accumulate,0.017219805,0.017219648
2,27,receive_authenticate_accumulate,0.017235250,0.017235352
2,27,receive_authenticate_accumulate,0.017225897,0.017225926
2,27,receive_authenticate_accumulate,0.017226212,0.017226129
2,27,receive_authenticate_accumulate,0.017228824,0.017228611
2,27,receive_authenticate_accumulate,0.017249324,0.017249241
2,27,receive_authenticate_accumulate,0.017229546,0.017229352
2,27,receive_authenticate_accumulate,0.017227602,0.017227648
2,27,receive_authenticate_accumulate,0.017236508,0.017236407
2,27,receive_authenticate_accumulate,0.017224231,0.017224130
2,27,receive_authenticate_accumulate,0.017264638,0.017264722
2,27,receive_authenticate_accumulate,0.017228732,0.017228556
2,27,receive_authenticate_accumulate,0.017231009,0.017230945
2,27,receive_authenticate_accumulate,0.017230343,0.017230352
2,27,receive_authenticate_accumulate,0.017223435,0.017223370
2,27,reading_commitment_and_shares,0.026237113,0.026237333
2,27,receive_authenticate_accumulate,0.017224175,0.017224130
2,27,round_coverage,0.000004018,0.000003555
2,28,round_reset,0.000009389,0.000008074
2,28,receive_authenticate_accumulate,0.017231787,0.017231537
2,28,receive_authenticate_accumulate,0.017227583,0.017227444
2,28,receive_authenticate_accumulate,0.017234065,0.017233963
2,28,receive_authenticate_accumulate,0.017227768,0.017227889
2,28,receive_authenticate_accumulate,0.017228546,0.017228333
2,28,receive_authenticate_accumulate,0.017220065,0.017220000
2,28,receive_authenticate_accumulate,0.017224973,0.017224482
2,28,receive_authenticate_accumulate,0.017224435,0.017224315
2,28,receive_authenticate_accumulate,0.017233269,0.017233204
2,28,receive_authenticate_accumulate,0.017224750,0.017224685
2,28,receive_authenticate_accumulate,0.017231065,0.017230945
2,28,receive_authenticate_accumulate,0.017240139,0.017240018
2,28,receive_authenticate_accumulate,0.017227250,0.017227167
2,28,receive_authenticate_accumulate,0.017230102,0.017230018
2,28,receive_authenticate_accumulate,0.017229565,0.017229537
2,28,receive_authenticate_accumulate,0.017231158,0.017231111
2,28,receive_authenticate_accumulate,0.017232064,0.017232166
2,28,receive_authenticate_accumulate,0.017210361,0.017210444
2,28,receive_authenticate_accumulate,0.017237805,0.017237759
2,28,reading_commitment_and_shares,0.026352299,0.026323092
2,28,receive_authenticate_accumulate,0.017269324,0.017244723
2,28,round_coverage,0.000003834,0.000003278
2,29,round_reset,0.000008944,0.000007703
2,29,receive_authenticate_accumulate,0.017271379,0.017239352
2,29,receive_authenticate_accumulate,0.017223861,0.017223852
2,29,receive_authenticate_accumulate,0.017226954,0.017226722
2,29,receive_authenticate_accumulate,0.017227788,0.017227556
2,29,receive_authenticate_accumulate,0.017226417,0.017226333
2,29,receive_authenticate_accumulate,0.017229380,0.017229259
2,29,receive_authenticate_accumulate,0.017231102,0.017230982
2,29,receive_authenticate_accumulate,0.017225528,0.017225500
2,29,receive_authenticate_accumulate,0.017226213,0.017226093
2,29,receive_authenticate_accumulate,0.017233380,0.017233333
2,29,receive_authenticate_accumulate,0.017228269,0.017228185
2,29,receive_authenticate_accumulate,0.017224102,0.017224000
2,29,receive_authenticate_accumulate,0.017228306,0.017228223
2,29,receive_authenticate_accumulate,0.017220121,0.017219982
2,29,receive_authenticate_accumulate,0.017225584,0.017225445
2,29,receive_authenticate_accumulate,0.017234214,0.017234000
2,29,receive_authenticate_accumulate,0.017229065,0.017228963
2,29,receive_authenticate_accumulate,0.017231140,0.017231074
2,29,receive_authenticate_accumulate,0.017222824,0.017222722
2,29,reading_commitment_and_shares,0.026246707,0.026246685
2,29,receive_authenticate_accumulate,0.017221658,0.017221500
2,29,round_coverage,0.000003759,0.000003167
3,30,period_reset,0.000024944,0.000023834
3,30,receive_authenticate_accumulate,0.000096536,0.000096277
3,30,receive_authenticate_accumulate,0.000092444,0.000092537
3,30,receive_authenticate_accumulate,0.000091999,0.000091630
3,30,receive_authenticate_accumulate,0.000091722,0.000091389
3,30,receive_authenticate_accumulate,0.000093296,0.000092981
3,30,receive_authenticate_accumulate,0.000090815,0.000090444
3,30,receive_authenticate_accumulate,0.000090962,0.000091018
3,30,receive_authenticate_accumulate,0.000069815,0.000069555
3,30,receive_authenticate_accumulate,0.000069870,0.000069555
3,30,receive_authenticate_accumulate,0.000068926,0.000068778
3,30,receive_authenticate_accumulate,0.000069129,0.000069185
3,30,receive_authenticate_accumulate,0.000068555,0.000068481
3,30,receive_authenticate_accumulate,0.000068518,0.000068463
3,30,receive_authenticate_accumulate,0.000071426,0.000071277
3,30,receive_authenticate_accumulate,0.000068166,0.000068129
3,30,receive_authenticate_accumulate,0.000068167,0.000067981
3,30,receive_authenticate_accumulate,0.000070425,0.000070445
3,30,receive_authenticate_accumulate,0.000068648,0.000068518
3,30,receive_authenticate_accumulate,0.000071740,0.000071185
3,30,randomness_commit,0.000588553,0.000588519
3,30,receive_authenticate_accumulate,0.000070647,0.000069889
3,30,receive_authenticate_accumulate,0.000085295,0.000085241
3,30,receive_authenticate_accumulate,0.000084111,0.000083778
3,30,receive_authenticate_accumulate,0.000083185,0.000082889
3,30,receive_authenticate_accumulate,0.000083148,0.000083093
3,30,receive_authenticate_accumulate,0.000083519,0.000083222
3,30,receive_authenticate_accumulate,0.000082777,0.000082666
3,30,receive_authenticate_accumulate,0.000083759,0.000083685
3,30,receive_authenticate_accumulate,0.000083351,0.000083130
3,30,receive_authenticate_accumulate,0.000084481,0.000084241
3,30,receive_authenticate_accumulate,0.000048167,0.000048092
3,30,receive_authenticate_accumulate,0.000046481,0.000046389
3,30,receive_authenticate_accumulate,0.000048425,0.000048314
3,30,receive_authenticate_accumulate,0.000049074,0.000048889
3,30,receive_authenticate_accumulate,0.000046241,0.000045981
3,30,receive_authenticate_accumulate,0.000049481,0.000049167
3,30,receive_authenticate_accumulate,0.000046481,0.000046222
3,30,receive_authenticate_accumulate,0.000048277,0.000048204
3,30,receive_authenticate_accumulate,0.000048999,0.000048889
3,30,receive_authenticate_accumulate,0.000046925,0.000046796
3,30,randomness_reveal,0.000294887,0.000294778
3,30,receive_authenticate_accumulate,0.000048018,0.000047907
3,30,committee_selection,0.000088037,0.000087814
3,30,round_reset,0.000003851,0.000003352
3,30,receive_authenticate_accumulate,0.017231584,0.017231500
3,30,receive_authenticate_accumulate,0.000053722,0.000053833
3,30,receive_authenticate_accumulate,0.017234066,0.017234093
3,30,receive_authenticate_accumulate,0.000043629,0.000043686
3,30,receive_authenticate_accumulate,0.017226677,0.017226593
3,30,receive_authenticate_accumulate,0.000042463,0.000042518
3,30,receive_authenticate_accumulate,0.017229177,0.017229074
3,30,receive_authenticate_accumulate,0.000043278,0.000043445
3,30,receive_authenticate_accumulate,0.017222622,0.017222352
3,30,receive_authenticate_accumulate,0.000043240,0.000043315
3,30,receive_authenticate_accumulate,0.017222733,0.017222592
3,30,receive_authenticate_accumulate,0.000043592,0.000043685
3,30,receive_authenticate_accumulate,0.017229825,0.017229686
3,30,receive_authenticate_accumulate,0.000066796,0.000066963
3,30,receive_authenticate_accumulate,0.017234176,0.017233907
3,30,receive_authenticate_accumulate,0.000042463,0.000042537
3,30,receive_authenticate_accumulate,0.017223065,0.017222926
3,30,receive_authenticate_accumulate,0.000043074,0.000043037
3,30,receive_authenticate_accumulate,0.017229436,0.017229370
3,30,receive_authenticate_accumulate,0.000043593,0.000043703
3,30,receive_authenticate_accumulate,0.017228510,0.017228556
3,30,receive_authenticate_accumulate,0.000042185,0.000042222
3,30,receive_authenticate_accumulate,0.017240473,0.017239981
3,30,receive_authenticate_accumulate,0.000043130,0.000043297
3,30,receive_authenticate_accumulate,0.017229307,0.017229259
3,30,receive_authenticate_accumulate,0.000042704,0.000042797
3,30,receive_authenticate_accumulate,0.017226436,0.017226425
3,30,receive_authenticate_accumulate,0.000043130,0.000043185
3,30,receive_authenticate_accumulate,0.017221844,0.017221722
3,30,receive_authenticate_accumulate,0.000042371,0.000042444
3,30,receive_authenticate_accumulate,0.017235251,0.017235092
3,30,receive_authenticate_accumulate,0.000039314,0.000039334
3,30,receive_authenticate_accumulate,0.017231306,0.017231185
3,30,receive_authenticate_accumulate,0.000043296,0.000043371
3,30,receive_authenticate_accumulate,0.017227047,0.017226907
3,30,receive_authenticate_accumulate,0.000043408,0.000043519
3,30,receive_authenticate_accumulate,0.017222603,0.017222518
3,30,receive_authenticate_accumulate,0.000042648,0.000042777
3,30,reading_commitment_and_shares,0.026240782,0.026240740
3,30,receive_authenticate_accumulate,0.017222177,0.017221889
3,30,receive_authenticate_accumulate,0.000044389,0.000044555
3,30,round_coverage,0.000003944,0.000003334
3,30,spatial_report,0.000067907,0.000067852
3,31,round_reset,0.000008944,0.000007611
3,31,receive_authenticate_accumulate,0.017227806,0.017227555
3,31,receive_authenticate_accumulate,0.000043537,0.000043445
3,31,receive_authenticate_accumulate,0.017225288,0.017225204
3,31,receive_authenticate_accumulate,0.000040241,0.000040334
3,31,receive_authenticate_accumulate,0.017231918,0.017231778
3,31,receive_authenticate_accumulate,0.000040592,0.000040741
3,31,receive_authenticate_accumulate,0.017226696,0.017226536
3,31,receive_authenticate_accumulate,0.000038388,0.000038519
3,31,receive_authenticate_accumulate,0.017226215,0.017226111
3,31,receive_authenticate_accumulate,0.000039629,0.000039704
3,31,receive_authenticate_accumulate,0.017234195,0.017234092
3,31,receive_authenticate_accumulate,0.000039056,0.000039148
3,31,receive_authenticate_accumulate,0.017228677,0.017228574
3,31,receive_authenticate_accumulate,0.000040037,0.000040092
3,31,receive_authenticate_accumulate,0.017219140,0.017219018
3,31,receive_authenticate_accumulate,0.000038685,0.000038648
3,31,receive_authenticate_accumulate,0.017219936,0.017219815
3,31,receive_authenticate_accumulate,0.000038463,0.000038574
3,31,receive_authenticate_accumulate,0.017228085,0.017227889
3,31,receive_authenticate_accumulate,0.000038833,0.000038907
3,31,receive_authenticate_accumulate,0.017230621,0.017230463
3,31,receive_authenticate_accumulate,0.000040167,0.000040278
3,31,receive_authenticate_accumulate,0.017235084,0.017234630
3,31,receive_authenticate_accumulate,0.000038759,0.000038908
3,31,receive_authenticate_accumulate,0.017234714,0.017234723
3,31,receive_authenticate_accumulate,0.000039185,0.000039296
3,31,receive_authenticate_accumulate,0.017223603,0.017223556
3,31,receive_authenticate_accumulate,0.000039611,0.000039778
3,31,receive_authenticate_accumulate,0.017228381,0.017228314
3,31,receive_authenticate_accumulate,0.000039685,0.000039833
3,31,receive_authenticate_accumulate,0.017219196,0.017219074
3,31,receive_authenticate_accumulate,0.000038648,0.000038685
3,31,receive_authenticate_accumulate,0.017231603,0.017231445
3,31,receive_authenticate_accumulate,0.000039704,0.000039815
3,31,receive_authenticate_accumulate,0.017231177,0.017231056
3,31,receive_authenticate_accumulate,0.000039870,0.000039982
3,31,receive_authenticate_accumulate,0.017233585,0.017232925
3,31,receive_authenticate_accumulate,0.000040333,0.000040482
3,31,reading_commitment_and_shares,0.026254134,0.026254129
3,31,receive_authenticate_accumulate,0.017233474,0.017233241
3,31,receive_authenticate_accumulate,0.000038833,0.000038945
3,31,round_coverage,0.000003963,0.000003371
3,31,spatial_report,0.000063907,0.000063945
3,32,round_reset,0.000009037,0.000007852
3,32,receive_authenticate_accumulate,0.017223067,0.017223408
3,32,receive_authenticate_accumulate,0.000040519,0.000040592
3,32,receive_authenticate_accumulate,0.017223252,0.017223167
3,32,receive_authenticate_accumulate,0.000039296,0.000039333
3,32,receive_authenticate_accumulate,0.017228770,0.017228445
3,32,receive_authenticate_accumulate,0.000042778,0.000042871
3,32,receive_authenticate_accumulate,0.017270399,0.017248129
3,32,receive_authenticate_accumulate,0.000043167,0.000043241
3,32,receive_authenticate_accumulate,0.017224714,0.017224593
3,32,receive_authenticate_accumulate,0.000041074,0.000041130
3,32,receive_authenticate_accumulate,0.017219400,0.017219351
3,32,receive_authenticate_accumulate,0.000039425,0.000039426
3,32,receive_authenticate_accumulate,0.017226548,0.017226703
3,32,receive_authenticate_accumulate,0.000040037,0.000040148
3,32,receive_authenticate_accumulate,0.017229177,0.017229148
3,32,receive_authenticate_accumulate,0.000040222,0.000040370
3,32,receive_authenticate_accumulate,0.017230344,0.017230500
3,32,receive_authenticate_accumulate,0.000040241,0.000040315
3,32,receive_authenticate_accumulate,0.017231899,0.017231907
3,32,receive_authenticate_accumulate,0.000039111,0.000039093
3,32,receive_authenticate_accumulate,0.017226344,0.017226334
3,32,receive_authenticate_accumulate,0.000049944,0.000049963
3,32,receive_authenticate_accumulate,0.017221937,0.017221907
3,32,receive_authenticate_accumulate,0.000039574,0.000039685
3,32,receive_authenticate_accumulate,0.017230992,0.017230926
3,32,receive_authenticate_accumulate,0.000039518,0.000039463
3,32,receive_authenticate_accumulate,0.017229048,0.017229019
3,32,receive_authenticate_accumulate,0.000039963,0.000040037
3,32,receive_authenticate_accumulate,0.017245659,0.017245685
3,32,receive_authenticate_accumulate,0.000040426,0.000040481
3,32,receive_authenticate_accumulate,0.017223455,0.017223315
3,32,receive_authenticate_accumulate,0.000039166,0.000039241
3,32,receive_authenticate_accumulate,0.017234956,0.017234648
3,32,receive_authenticate_accumulate,0.000042556,0.000042685
3,32,receive_authenticate_accumulate,0.017270326,0.017242370
3,32,receive_authenticate_accumulate,0.000039666,0.000039741
3,32,receive_authenticate_accumulate,0.017229104,0.017228963
3,32,receive_authenticate_accumulate,0.000039463,0.000039426
3,32,reading_commitment_and_shares,0.026297134,0.026270055
3,32,receive_authenticate_accumulate,0.017223807,0.017228778
3,32,receive_authenticate_accumulate,0.000041148,0.000041297
3,32,round_coverage,0.000003722,0.000003222
3,32,spatial_report,0.000063759,0.000063741
3,33,round_reset,0.000009352,0.000008223
3,33,receive_authenticate_accumulate,0.017235513,0.017235944
3,33,receive_authenticate_accumulate,0.000040980,0.000041037
3,33,receive_authenticate_accumulate,0.017227235,0.017227666
3,33,receive_authenticate_accumulate,0.000039425,0.000039444
3,33,receive_authenticate_accumulate,0.017219273,0.017219796
3,33,receive_authenticate_accumulate,0.000038461,0.000038481
3,33,receive_authenticate_accumulate,0.017223107,0.017223611
3,33,receive_authenticate_accumulate,0.000039869,0.000039908
3,33,receive_authenticate_accumulate,0.017257402,0.017257833
3,33,receive_authenticate_accumulate,0.000036980,0.000037000
3,33,receive_authenticate_accumulate,0.017308697,0.017283351
3,33,receive_authenticate_accumulate,0.000045183,0.000045185
3,33,receive_authenticate_accumulate,0.017230719,0.017231203
3,33,receive_authenticate_accumulate,0.000039795,0.000039907
3,33,receive_authenticate_accumulate,0.017230035,0.017230649
3,33,receive_authenticate_accumulate,0.000039869,0.000039926
3,33,receive_authenticate_accumulate,0.017229090,0.017229648
3,33,receive_authenticate_accumulate,0.000039943,0.000040056
3,33,receive_authenticate_accumulate,0.017226868,0.017227352
3,33,receive_authenticate_accumulate,0.000039258,0.000039259
3,33,receive_authenticate_accumulate,0.017224703,0.017225111
3,33,receive_authenticate_accumulate,0.000039406,0.000039463
3,33,receive_authenticate_accumulate,0.017225184,0.017225722
3,33,receive_authenticate_accumulate,0.000039757,0.000040000
3,33,receive_authenticate_accumulate,0.017223574,0.017224148
3,33,receive_authenticate_accumulate,0.000040091,0.000040222
3,33,receive_authenticate_accumulate,0.017225889,0.017226333
3,33,receive_authenticate_accumulate,0.000039739,0.000039759
3,33,receive_authenticate_accumulate,0.017224518,0.017225055
3,33,receive_authenticate_accumulate,0.000039943,0.000040075
3,33,receive_authenticate_accumulate,0.017230390,0.017230519
3,33,receive_authenticate_accumulate,0.000039165,0.000039241
3,33,receive_authenticate_accumulate,0.017217705,0.017218074
3,33,receive_authenticate_accumulate,0.000039832,0.000039834
3,33,receive_authenticate_accumulate,0.017254612,0.017236186
3,33,receive_authenticate_accumulate,0.000040905,0.000040982
3,33,receive_authenticate_accumulate,0.017222169,0.017222759
3,33,receive_authenticate_accumulate,0.000040276,0.000040389
3,33,reading_commitment_and_shares,0.026243561,0.026244556
3,33,receive_authenticate_accumulate,0.017226465,0.017226963
3,33,receive_authenticate_accumulate,0.000040220,0.000040240
3,33,round_coverage,0.000003740,0.000003093
3,33,spatial_report,0.000065979,0.000065963
3,34,round_reset,0.000008722,0.000007352
3,34,receive_authenticate_accumulate,0.017228675,0.017229185
3,34,receive_authenticate_accumulate,0.000040813,0.000040908
3,34,receive_authenticate_accumulate,0.017219545,0.017219815
3,34,receive_authenticate_accumulate,0.000040017,0.000040111
3,34,receive_authenticate_accumulate,0.017234601,0.017235260
3,34,receive_authenticate_accumulate,0.000039295,0.000039389
3,34,receive_authenticate_accumulate,0.017227027,0.017227667
3,34,receive_authenticate_accumulate,0.000051073,0.000051148
3,34,receive_authenticate_accumulate,0.017231046,0.017231630
3,34,receive_authenticate_accumulate,0.000040295,0.000040389
3,34,receive_authenticate_accumulate,0.017229676,0.017230129
3,34,receive_authenticate_accumulate,0.000039314,0.000039333
3,34,receive_authenticate_accumulate,0.017225473,0.017225963
3,34,receive_authenticate_accumulate,0.000039480,0.000039463
3,34,receive_authenticate_accumulate,0.017226030,0.017226148
3,34,receive_authenticate_accumulate,0.000038906,0.000039019
3,34,receive_authenticate_accumulate,0.017222567,0.017222611
3,34,receive_authenticate_accumulate,0.000039462,0.000039574
3,34,receive_authenticate_accumulate,0.017225122,0.017225741
3,34,receive_authenticate_accumulate,0.000041813,0.000041908
3,34,receive_authenticate_accumulate,0.017223623,0.017224111
3,34,receive_authenticate_accumulate,0.000041017,0.000041074
3,34,receive_authenticate_accumulate,0.017228272,0.017228740
3,34,receive_authenticate_accumulate,0.000039443,0.000039407
3,34,receive_authenticate_accumulate,0.017223957,0.017224444
3,34,receive_authenticate_accumulate,0.000039221,0.000039297
3,34,receive_authenticate_accumulate,0.017232772,0.017233314
3,34,receive_authenticate_accumulate,0.000038999,0.000039112
3,34,receive_authenticate_accumulate,0.017228198,0.017228889
3,34,receive_authenticate_accumulate,0.000040443,0.000040537
3,34,receive_authenticate_accumulate,0.017219107,0.017219722
3,34,receive_authenticate_accumulate,0.000040091,0.000040149
3,34,receive_authenticate_accumulate,0.017227459,0.017227908
3,34,receive_authenticate_accumulate,0.000039369,0.000039389
3,34,receive_authenticate_accumulate,0.017225384,0.017225740
3,34,receive_authenticate_accumulate,0.000039406,0.000039537
3,34,receive_authenticate_accumulate,0.017227700,0.017228203
3,34,receive_authenticate_accumulate,0.000040091,0.000040130
3,34,reading_commitment_and_shares,0.026234868,0.026235870
3,34,receive_authenticate_accumulate,0.017221607,0.017222240
3,34,receive_authenticate_accumulate,0.000040536,0.000040666
3,34,round_coverage,0.000004667,0.000004056
3,34,spatial_report,0.000060887,0.000060778
3,35,round_reset,0.000008963,0.000007667
3,35,receive_authenticate_accumulate,0.017280925,0.017247667
3,35,receive_authenticate_accumulate,0.000041221,0.000041259
3,35,receive_authenticate_accumulate,0.017223761,0.017224277
3,35,receive_authenticate_accumulate,0.000038591,0.000038685
3,35,receive_authenticate_accumulate,0.017220799,0.017221167
3,35,receive_authenticate_accumulate,0.000039499,0.000039648
3,35,receive_authenticate_accumulate,0.017230965,0.017231463
3,35,receive_authenticate_accumulate,0.000039387,0.000039537
3,35,receive_authenticate_accumulate,0.017226002,0.017226463
3,35,receive_authenticate_accumulate,0.000039906,0.000039925
3,35,receive_authenticate_accumulate,0.017230929,0.017231481
3,35,receive_authenticate_accumulate,0.000039128,0.000039204
3,35,receive_authenticate_accumulate,0.017233522,0.017234166
3,35,receive_authenticate_accumulate,0.000040646,0.000040722
3,35,receive_authenticate_accumulate,0.017232559,0.017232982
3,35,receive_authenticate_accumulate,0.000039573,0.000039797
3,35,receive_authenticate_accumulate,0.017225319,0.017225760
3,35,receive_authenticate_accumulate,0.000039702,0.000039759
3,35,receive_authenticate_accumulate,0.017264891,0.017239574
3,35,receive_authenticate_accumulate,0.000040517,0.000040667
3,35,receive_authenticate_accumulate,0.017227913,0.017228278
3,35,receive_authenticate_accumulate,0.000038999,0.000039074
3,35,receive_authenticate_accumulate,0.017228227,0.017228759
3,35,receive_authenticate_accumulate,0.000042757,0.000042797
3,35,receive_authenticate_accumulate,0.017232784,0.017233537
3,35,receive_authenticate_accumulate,0.000044479,0.000044574
3,35,receive_authenticate_accumulate,0.017220821,0.017221352
3,35,receive_authenticate_accumulate,0.000039851,0.000039926
3,35,receive_authenticate_accumulate,0.017252617,0.017239388
3,35,receive_authenticate_accumulate,0.000040183,0.000040222
3,35,receive_authenticate_accumulate,0.017233877,0.017234241
3,35,receive_authenticate_accumulate,0.000039480,0.000039574
3,35,receive_authenticate_accumulate,0.017226470,0.017226778
3,35,receive_authenticate_accumulate,0.000039720,0.000039740
3,35,receive_authenticate_accumulate,0.017228304,0.017229111
3,35,receive_authenticate_accumulate,0.000040295,0.000040278
3,35,receive_authenticate_accumulate,0.017222989,0.017223481
3,35,receive_authenticate_accumulate,0.000039888,0.000039925
3,35,reading_commitment_and_shares,0.026243969,0.026244888
3,35,receive_authenticate_accumulate,0.017229971,0.017230315
3,35,receive_authenticate_accumulate,0.000040443,0.000040463
3,35,round_coverage,0.000004111,0.000003407
3,35,spatial_report,0.000060572,0.000060555
3,36,round_reset,0.000008999,0.000007760
3,36,receive_authenticate_accumulate,0.017231030,0.017231648
3,36,receive_authenticate_accumulate,0.000040332,0.000040463
3,36,receive_authenticate_accumulate,0.017224234,0.017224630
3,36,receive_authenticate_accumulate,0.000039591,0.000039704
3,36,receive_authenticate_accumulate,0.017222994,0.017223463
3,36,receive_authenticate_accumulate,0.000039906,0.000040037
3,36,receive_authenticate_accumulate,0.017233993,0.017234370
3,36,receive_authenticate_accumulate,0.000039350,0.000039482
3,36,receive_authenticate_accumulate,0.017227735,0.017228185
3,36,receive_authenticate_accumulate,0.000038721,0.000038833
3,36,receive_authenticate_accumulate,0.017227365,0.017227778
3,36,receive_authenticate_accumulate,0.000038887,0.000038963
3,36,receive_authenticate_accumulate,0.017221680,0.017222148
3,36,receive_authenticate_accumulate,0.000039277,0.000039315
3,36,receive_authenticate_accumulate,0.017237680,0.017238223
3,36,receive_authenticate_accumulate,0.000038369,0.000038463
3,36,receive_authenticate_accumulate,0.017223773,0.017224019
3,36,receive_authenticate_accumulate,0.000039462,0.000039537
3,36,receive_authenticate_accumulate,0.017221069,0.017221592
3,36,receive_authenticate_accumulate,0.000039332,0.000039444
3,36,receive_authenticate_accumulate,0.017226163,0.017226407
3,36,receive_authenticate_accumulate,0.000040498,0.000040481
3,36,receive_authenticate_accumulate,0.017238347,0.017238778
3,36,receive_authenticate_accumulate,0.000039332,0.000039389
3,36,receive_authenticate_accumulate,0.017225831,0.017226241
3,36,receive_authenticate_accumulate,0.000038721,0.000038889
3,36,receive_authenticate_accumulate,0.017238941,0.017239408
3,36,receive_authenticate_accumulate,0.000040202,0.000040370
3,36,receive_authenticate_accumulate,0.017233293,0.017233814
3,36,receive_authenticate_accumulate,0.000041592,0.000041703
3,36,receive_authenticate_accumulate,0.017237034,0.017237148
3,36,receive_authenticate_accumulate,0.000044573,0.000044667
3,36,receive_authenticate_accumulate,0.017221443,0.017221963
3,36,receive_authenticate_accumulate,0.000039424,0.000039537
3,36,receive_authenticate_accumulate,0.017224388,0.017224870
3,36,receive_authenticate_accumulate,0.000039202,0.000039315
3,36,receive_authenticate_accumulate,0.017281700,0.017241537
3,36,receive_authenticate_accumulate,0.000042017,0.000042074
3,36,reading_commitment_and_shares,0.026242845,0.026243740
3,36,receive_authenticate_accumulate,0.017234610,0.017235000
3,36,receive_authenticate_accumulate,0.000038980,0.000039037
3,36,round_coverage,0.000004426,0.000003852
3,36,spatial_report,0.000060258,0.000060186
3,37,round_reset,0.000008944,0.000007741
3,37,receive_authenticate_accumulate,0.017228019,0.017228167
3,37,receive_authenticate_accumulate,0.000040443,0.000040537
3,37,receive_authenticate_accumulate,0.017221390,0.017221759
3,37,receive_authenticate_accumulate,0.000040406,0.000040500
3,37,receive_authenticate_accumulate,0.017232816,0.017233166
3,37,receive_authenticate_accumulate,0.000040036,0.000040148
3,37,receive_authenticate_accumulate,0.017237224,0.017237685
3,37,receive_authenticate_accumulate,0.000040683,0.000040760
3,37,receive_authenticate_accumulate,0.017230094,0.017230333
3,37,receive_authenticate_accumulate,0.000040147,0.000040148
3,37,receive_authenticate_accumulate,0.017222854,0.017223241
3,37,receive_authenticate_accumulate,0.000040554,0.000040574
3,37,receive_authenticate_accumulate,0.017238761,0.017239093
3,37,receive_authenticate_accumulate,0.000039147,0.000039222
3,37,receive_authenticate_accumulate,0.017232077,0.017232499
3,37,receive_authenticate_accumulate,0.000039535,0.000039574
3,37,receive_authenticate_accumulate,0.017227670,0.017228037
3,37,receive_authenticate_accumulate,0.000039629,0.000039741
3,37,receive_authenticate_accumulate,0.017223096,0.017223426
3,37,receive_authenticate_accumulate,0.000040091,0.000040130
3,37,receive_authenticate_accumulate,0.017275984,0.017251537
3,37,receive_authenticate_accumulate,0.000041350,0.000041426
3,37,receive_authenticate_accumulate,0.017230874,0.017231296
3,37,receive_authenticate_accumulate,0.000038887,0.000038963
3,37,receive_authenticate_accumulate,0.017238949,0.017239352
3,37,receive_authenticate_accumulate,0.000041535,0.000041556
3,37,receive_authenticate_accumulate,0.017232171,0.017232500
3,37,receive_authenticate_accumulate,0.000041388,0.000041444
3,37,receive_authenticate_accumulate,0.017224931,0.017225389
3,37,receive_authenticate_accumulate,0.000039128,0.000039129
3,37,receive_authenticate_accumulate,0.017252746,0.017239185
3,37,receive_authenticate_accumulate,0.000038795,0.000038926
3,37,receive_authenticate_accumulate,0.017227135,0.017227500
3,37,receive_authenticate_accumulate,0.000038462,0.000038518
3,37,receive_authenticate_accumulate,0.017233007,0.017233407
3,37,receive_authenticate_accumulate,0.000043146,0.000043222
3,37,receive_authenticate_accumulate,0.017233655,0.017234056
3,37,receive_authenticate_accumulate,0.000039592,0.000039630
3,37,reading_commitment_and_shares,0.026241830,0.026242555
3,37,receive_authenticate_accumulate,0.017258450,0.017238333
3,37,receive_authenticate_accumulate,0.000039832,0.000039926
3,37,round_coverage,0.000004333,0.000003556
3,37,spatial_report,0.000060998,0.000060945
3,38,round_reset,0.000009000,0.000007796
3,38,receive_authenticate_accumulate,0.017236933,0.017237389
3,38,receive_authenticate_accumulate,0.000040592,0.000040759
3,38,receive_authenticate_accumulate,0.017228804,0.017229204
3,38,receive_authenticate_accumulate,0.000040166,0.000040204
3,38,receive_authenticate_accumulate,0.017230786,0.017231278
3,38,receive_authenticate_accumulate,0.000039480,0.000039666
3,38,receive_authenticate_accumulate,0.017231675,0.017232093
3,38,receive_authenticate_accumulate,0.000039202,0.000039333
3,38,receive_authenticate_accumulate,0.017234731,0.017235074
3,38,receive_authenticate_accumulate,0.000040462,0.000040481
3,38,receive_authenticate_accumulate,0.017226084,0.017226426
3,38,receive_authenticate_accumulate,0.000038777,0.000038740
3,38,receive_authenticate_accumulate,0.017229917,0.017230278
3,38,receive_authenticate_accumulate,0.000038110,0.000038185
3,38,receive_authenticate_accumulate,0.017225362,0.017225760
3,38,receive_authenticate_accumulate,0.000039740,0.000039796
3,38,receive_authenticate_accumulate,0.017234824,0.017235240
3,38,receive_authenticate_accumulate,0.000039832,0.000039925
3,38,receive_authenticate_accumulate,0.017221954,0.017222296
3,38,receive_authenticate_accumulate,0.000039869,0.000039945
3,38,receive_authenticate_accumulate,0.017208660,0.017209019
3,38,receive_authenticate_accumulate,0.000038721,0.000038686
3,38,receive_authenticate_accumulate,0.017229104,0.017229500
3,38,receive_authenticate_accumulate,0.000038887,0.000038981
3,38,receive_authenticate_accumulate,0.017233771,0.017234148
3,38,receive_authenticate_accumulate,0.000041517,0.000041574
3,38,receive_authenticate_accumulate,0.017227364,0.017227519
3,38,receive_authenticate_accumulate,0.000039703,0.000039778
3,38,receive_authenticate_accumulate,0.017233622,0.017233963
3,38,receive_authenticate_accumulate,0.000071646,0.000071741
3,38,receive_authenticate_accumulate,0.017226272,0.017226241
3,38,receive_authenticate_accumulate,0.000036147,0.000036204
3,38,receive_authenticate_accumulate,0.017266585,0.017240778
3,38,receive_authenticate_accumulate,0.000035739,0.000035834
3,38,receive_authenticate_accumulate,0.017223532,0.017223833
3,38,receive_authenticate_accumulate,0.000034888,0.000034944
3,38,receive_authenticate_accumulate,0.017218254,0.017218611
3,38,receive_authenticate_accumulate,0.000035165,0.000035185
3,38,reading_commitment_and_shares,0.026231961,0.026232777
3,38,receive_authenticate_accumulate,0.017223235,0.017223648
3,38,receive_authenticate_accumulate,0.000036221,0.000036185
3,38,round_coverage,0.000003778,0.000003260
3,38,spatial_report,0.000062406,0.000062260
3,39,round_reset,0.000008870,0.000007481
3,39,receive_authenticate_accumulate,0.017229883,0.017230111
3,39,receive_authenticate_accumulate,0.000039962,0.000039982
3,39,receive_authenticate_accumulate,0.017225050,0.017225204
3,39,receive_authenticate_accumulate,0.000039332,0.000039462
3,39,receive_authenticate_accumulate,0.017245606,0.017237703
3,39,receive_authenticate_accumulate,0.000040202,0.000040389
3,39,receive_authenticate_accumulate,0.017230773,0.017231111
3,39,receive_authenticate_accumulate,0.000038981,0.000039167
3,39,receive_authenticate_accumulate,0.017232958,0.017233370
3,39,receive_authenticate_accumulate,0.000038999,0.000039092
3,39,receive_authenticate_accumulate,0.017233552,0.017233907
3,39,receive_authenticate_accumulate,0.000039962,0.000040074
3,39,receive_authenticate_accumulate,0.017222366,0.017222704
3,39,receive_authenticate_accumulate,0.000040018,0.000040130
3,39,receive_authenticate_accumulate,0.017228941,0.017229333
3,39,receive_authenticate_accumulate,0.000039610,0.000039667
3,39,receive_authenticate_accumulate,0.017222479,0.017222833
3,39,receive_authenticate_accumulate,0.000039870,0.000039963
3,39,receive_authenticate_accumulate,0.017227127,0.017227425
3,39,receive_authenticate_accumulate,0.000038906,0.000038963
3,39,receive_authenticate_accumulate,0.017224572,0.017224907
3,39,receive_authenticate_accumulate,0.000039276,0.000039333
3,39,receive_authenticate_accumulate,0.017220498,0.017220833
3,39,receive_authenticate_accumulate,0.000036092,0.000036148
3,39,receive_authenticate_accumulate,0.017229850,0.017230074
3,39,receive_authenticate_accumulate,0.000039758,0.000039963
3,39,receive_authenticate_accumulate,0.017232535,0.017232814
3,39,receive_authenticate_accumulate,0.000038665,0.000038722
3,39,receive_authenticate_accumulate,0.017225332,0.017225740
3,39,receive_authenticate_accumulate,0.000038739,0.000038926
3,39,receive_authenticate_accumulate,0.017222444,0.017222926
3,39,receive_authenticate_accumulate,0.000038536,0.000038685
3,39,receive_authenticate_accumulate,0.017220444,0.017220760
3,39,receive_authenticate_accumulate,0.000039277,0.000039407
3,39,receive_authenticate_accumulate,0.017227944,0.017228352
3,39,receive_authenticate_accumulate,0.000039369,0.000039463
3,39,receive_authenticate_accumulate,0.017220555,0.017220963
3,39,receive_authenticate_accumulate,0.000040018,0.000040074
3,39,reading_commitment_and_shares,0.026237607,0.026238185
3,39,receive_authenticate_accumulate,0.017223556,0.017223907
3,39,receive_authenticate_accumulate,0.000039703,0.000039778
3,39,round_coverage,0.000004203,0.000003723
3,39,spatial_report,0.000060924,0.000060778
3,39,billing_report,0.000424912,0.000424611
4,40,period_reset,0.000025536,0.000024352
4,40,receive_authenticate_accumulate,0.000092738,0.000092407
4,40,receive_authenticate_accumulate,0.000090812,0.000090833
4,40,receive_authenticate_accumulate,0.000089330,0.000089259
4,40,receive_authenticate_accumulate,0.000089886,0.000089833
4,40,receive_authenticate_accumulate,0.000089461,0.000089481
4,40,receive_authenticate_accumulate,0.000089424,0.000089222
4,40,receive_authenticate_accumulate,0.000089071,0.000088815
4,40,receive_authenticate_accumulate,0.000087497,0.000087574
4,40,receive_authenticate_accumulate,0.000088053,0.000087982
4,40,receive_authenticate_accumulate,0.000087535,0.000087463
4,40,receive_authenticate_accumulate,0.000086924,0.000086815
4,40,receive_authenticate_accumulate,0.000087683,0.000087685
4,40,receive_authenticate_accumulate,0.000090256,0.000090111
4,40,receive_authenticate_accumulate,0.000086590,0.000086500
4,40,receive_authenticate_accumulate,0.000087609,0.000087537
4,40,receive_authenticate_accumulate,0.000087683,0.000087741
4,40,receive_authenticate_accumulate,0.000057221,0.000056982
4,40,receive_authenticate_accumulate,0.000055573,0.000055593
4,40,receive_authenticate_accumulate,0.000055850,0.000055852
4,40,randomness_commit,0.000484486,0.000484481
4,40,receive_authenticate_accumulate,0.000052887,0.000052722
4,40,receive_authenticate_accumulate,0.000066276,0.000066315
4,40,receive_authenticate_accumulate,0.000065812,0.000065852
4,40,receive_authenticate_accumulate,0.000065979,0.000066000
4,40,receive_authenticate_accumulate,0.000066738,0.000066630
4,40,receive_authenticate_accumulate,0.000065831,0.000065741
4,40,receive_authenticate_accumulate,0.000062609,0.000062537
4,40,receive_authenticate_accumulate,0.000065017,0.000064815
4,40,receive_authenticate_accumulate,0.000064257,0.000064111
4,40,receive_authenticate_accumulate,0.000065646,0.000065444
4,40,receive_authenticate_accumulate,0.000067683,0.000067704
4,40,receive_authenticate_accumulate,0.000065498,0.000065481
4,40,receive_authenticate_accumulate,0.000066424,0.000066555
4,40,receive_authenticate_accumulate,0.000065720,0.000065389
4,40,receive_authenticate_accumulate,0.000066406,0.000066297
4,40,receive_authenticate_accumulate,0.000064998,0.000064833
4,40,receive_authenticate_accumulate,0.000064516,0.000064519
4,40,receive_authenticate_accumulate,0.000065424,0.000065333
4,40,receive_authenticate_accumulate,0.000066128,0.000066092
4,40,receive_authenticate_accumulate,0.000066276,0.000066056
4,40,randomness_reveal,0.000436617,0.000436593
4,40,receive_authenticate_accumulate,0.000066294,0.000066166
4,40,committee_selection,0.000124755,0.000124593
4,40,round_reset,0.000005203,0.000004481
4,40,receive_authenticate_accumulate,0.017238239,0.017238685
4,40,receive_authenticate_accumulate,0.000046758,0.000046686
4,40,receive_authenticate_accumulate,0.017223406,0.017223778
4,40,receive_authenticate_accumulate,0.000044110,0.000043908
4,40,receive_authenticate_accumulate,0.017224036,0.017224408
4,40,receive_authenticate_accumulate,0.000044591,0.000044481
4,40,receive_authenticate_accumulate,0.017225962,0.017226259
4,40,receive_authenticate_accumulate,0.000043295,0.000043278
4,40,receive_authenticate_accumulate,0.017221740,0.017221981
4,40,receive_authenticate_accumulate,0.000043073,0.000042982
4,40,receive_authenticate_accumulate,0.017227222,0.017227518
4,40,receive_authenticate_accumulate,0.000043887,0.000043907
4,40,receive_authenticate_accumulate,0.017274739,0.017240334
4,40,receive_authenticate_accumulate,0.000044221,0.000044259
4,40,receive_authenticate_accumulate,0.017223093,0.017223426
4,40,receive_authenticate_accumulate,0.000047202,0.000047204
4,40,receive_authenticate_accumulate,0.017218297,0.017218777
4,40,receive_authenticate_accumulate,0.000044036,0.000044056
4,40,receive_authenticate_accumulate,0.017218816,0.017219148
4,40,receive_authenticate_accumulate,0.000043776,0.000043777
4,40,receive_authenticate_accumulate,0.017232668,0.017233075
4,40,receive_authenticate_accumulate,0.000044332,0.000044241
4,40,receive_authenticate_accumulate,0.017229168,0.017229463
4,40,receive_authenticate_accumulate,0.000042962,0.000042815
4,40,receive_authenticate_accumulate,0.017266575,0.017247278
4,40,receive_authenticate_accumulate,0.000044665,0.000044518
4,40,receive_authenticate_accumulate,0.017229262,0.017229482
4,40,receive_authenticate_accumulate,0.000043906,0.000043797
4,40,receive_authenticate_accumulate,0.017227670,0.017227870
4,40,receive_authenticate_accumulate,0.000044536,0.000044593
4,40,receive_authenticate_accumulate,0.017228836,0.017229111
4,40,receive_authenticate_accumulate,0.000043665,0.000043482
4,40,receive_authenticate_accumulate,0.017223484,0.017223833
4,40,receive_authenticate_accumulate,0.000044443,0.000044371
4,40,receive_authenticate_accumulate,0.017228096,0.017228426
4,40,receive_authenticate_accumulate,0.000043091,0.000043037
4,40,receive_authenticate_accumulate,0.017229763,0.017230074
4,40,receive_authenticate_accumulate,0.000043888,0.000043723
4,40,reading_commitment_and_shares,0.026238178,0.026238888
4,40,receive_authenticate_accumulate,0.017223912,0.017224259
4,40,receive_authenticate_accumulate,0.000043258,0.000043408
4,40,round_coverage,0.000004278,0.000003685
4,40,spatial_report,0.000038055,0.000037889
4,41,round_reset,0.000009241,0.000007963
4,41,receive_authenticate_accumulate,0.017224742,0.017225166
4,41,receive_authenticate_accumulate,0.000046295,0.000046277
4,41,receive_authenticate_accumulate,0.017220501,0.017220815
4,41,receive_authenticate_accumulate,0.000043221,0.000043203
4,41,receive_authenticate_accumulate,0.017218705,0.017219055
4,41,receive_authenticate_accumulate,0.000043258,0.000043148
4,41,receive_authenticate_accumulate,0.017273205,0.017239722
4,41,receive_authenticate_accumulate,0.000044295,0.000044037
4,41,receive_authenticate_accumulate,0.017232336,0.017232685
4,41,receive_authenticate_accumulate,0.000058813,0.000058852
4,41,receive_authenticate_accumulate,0.017225984,0.017226296
4,41,receive_authenticate_accumulate,0.000043351,0.000043240
4,41,receive_authenticate_accumulate,0.017223355,0.017223796
4,41,receive_authenticate_accumulate,0.000044258,0.000044241
4,41,receive_authenticate_accumulate,0.017234448,0.017234648
4,41,receive_authenticate_accumulate,0.000043091,0.000043167
4,41,receive_authenticate_accumulate,0.017234170,0.017234667
4,41,receive_authenticate_accumulate,0.000044314,0.000044352
4,41,receive_authenticate_accumulate,0.017222503,0.017222518
4,41,receive_authenticate_accumulate,0.000043480,0.000043259
4,41,receive_authenticate_accumulate,0.017230782,0.017231037
4,41,receive_authenticate_accumulate,0.000044017,0.000043944
4,41,receive_authenticate_accumulate,0.017231448,0.017231833
4,41,receive_authenticate_accumulate,0.000043777,0.000043629
4,41,receive_authenticate_accumulate,0.017222764,0.017223111
4,41,receive_authenticate_accumulate,0.000048647,0.000048555
4,41,receive_authenticate_accumulate,0.017224060,0.017224408
4,41,receive_authenticate_accumulate,0.000045203,0.000045111
4,41,receive_authenticate_accumulate,0.017230004,0.017230389
4,41,receive_authenticate_accumulate,0.000046517,0.000046389
4,41,receive_authenticate_accumulate,0.017232061,0.017232278
4,41,receive_authenticate_accumulate,0.000044758,0.000044704
4,41,receive_authenticate_accumulate,0.017267208,0.017242482
4,41,receive_authenticate_accumulate,0.000047350,0.000047314
4,41,receive_authenticate_accumulate,0.017228747,0.017229056
4,41,receive_authenticate_accumulate,0.000045851,0.000045815
4,41,receive_authenticate_accumulate,0.017232358,0.017232611
4,41,receive_authenticate_accumulate,0.000045887,0.000045797
4,41,reading_commitment_and_shares,0.026302375,0.026265056
4,41,receive_authenticate_accumulate,0.017221525,0.017221814
4,41,receive_authenticate_accumulate,0.000044628,0.000044482
4,41,round_coverage,0.000003704,0.000003203
4,41,spatial_report,0.000040147,0.000039871
4,42,round_reset,0.000009092,0.000007833
4,42,receive_authenticate_accumulate,0.017232428,0.017232815
4,42,receive_authenticate_accumulate,0.000045277,0.000045259
4,42,receive_authenticate_accumulate,0.017231354,0.017231778
4,42,receive_authenticate_accumulate,0.000044795,0.000044703
4,42,receive_authenticate_accumulate,0.017250466,0.017236037
4,42,receive_authenticate_accumulate,0.000052480,0.000051944
4,42,receive_authenticate_accumulate,0.017217559,0.017217944
4,42,receive_authenticate_accumulate,0.000044647,0.000044592
4,42,receive_authenticate_accumulate,0.017229652,0.017229870
4,42,receive_authenticate_accumulate,0.000045406,0.000045334
4,42,receive_authenticate_accumulate,0.017236707,0.017237130
4,42,receive_authenticate_accumulate,0.000046721,0.000046667
4,42,receive_authenticate_accumulate,0.017228634,0.017228944
4,42,receive_authenticate_accumulate,0.000048462,0.000048389
4,42,receive_authenticate_accumulate,0.017276799,0.017237721
4,42,receive_authenticate_accumulate,0.000044592,0.000044463
4,42,receive_authenticate_accumulate,0.017221394,0.017221685
4,42,receive_authenticate_accumulate,0.000046350,0.000046297
4,42,receive_authenticate_accumulate,0.017226005,0.017226296
4,42,receive_authenticate_accumulate,0.000046573,0.000046518
4,42,receive_authenticate_accumulate,0.017229709,0.017229630
4,42,receive_authenticate_accumulate,0.000047925,0.000047852
4,42,receive_authenticate_accumulate,0.017224469,0.017224926
4,42,receive_authenticate_accumulate,0.000046276,0.000046241
4,42,receive_authenticate_accumulate,0.017223950,0.017224241
4,42,receive_authenticate_accumulate,0.000045481,0.000045408
4,42,receive_authenticate_accumulate,0.017226302,0.017226629
4,42,receive_authenticate_accumulate,0.000047462,0.000047426
4,42,receive_authenticate_accumulate,0.017223414,0.017223685
4,42,receive_authenticate_accumulate,0.000046295,0.000046167
4,42,receive_authenticate_accumulate,0.017229655,0.017230019
4,42,receive_authenticate_accumulate,0.000044498,0.000044370
4,42,receive_authenticate_accumulate,0.017227228,0.017227556
4,42,receive_authenticate_accumulate,0.000044499,0.000044389
4,42,receive_authenticate_accumulate,0.017221377,0.017221833
4,42,receive_authenticate_accumulate,0.000044314,0.000044278
4,42,receive_authenticate_accumulate,0.017224915,0.017225389
4,42,receive_authenticate_accumulate,0.000045980,0.000045944
4,42,reading_commitment_and_shares,0.026268777,0.026269408
4,42,receive_authenticate_accumulate,0.017268618,0.017268833
4,42,receive_authenticate_accumulate,0.000044573,0.000044482
4,42,round_coverage,0.000003518,0.000003000
4,42,spatial_report,0.000042184,0.000042019
4,43,round_reset,0.000009018,0.000007611
4,43,receive_authenticate_accumulate,0.017230448,0.017230500
4,43,receive_authenticate_accumulate,0.000043147,0.000043204
4,43,receive_authenticate_accumulate,0.017269058,0.017242240
4,43,receive_authenticate_accumulate,0.000044184,0.000044204
4,43,receive_authenticate_accumulate,0.017273410,0.017231945
4,43,receive_authenticate_accumulate,0.000046777,0.000046871
4,43,receive_authenticate_accumulate,0.017233004,0.017233296
4,43,receive_authenticate_accumulate,0.000043425,0.000043500
4,43,receive_authenticate_accumulate,0.017245207,0.017245499
4,43,receive_authenticate_accumulate,0.000039351,0.000039260
4,43,receive_authenticate_accumulate,0.017226615,0.017226815
4,43,receive_authenticate_accumulate,0.000039666,0.000039648
4,43,receive_authenticate_accumulate,0.017253744,0.017233370
4,43,receive_authenticate_accumulate,0.000045221,0.000045222
4,43,receive_authenticate_accumulate,0.017226153,0.017226444
4,43,receive_authenticate_accumulate,0.000039036,0.000039019
4,43,receive_authenticate_accumulate,0.017230597,0.017230908
4,43,receive_authenticate_accumulate,0.000039962,0.000040000
4,43,receive_authenticate_accumulate,0.017228227,0.017228481
4,43,receive_authenticate_accumulate,0.000040499,0.000040426
4,43,receive_authenticate_accumulate,0.017227617,0.017227889
4,43,receive_authenticate_accumulate,0.000045684,0.000045704
4,43,receive_authenticate_accumulate,0.017219635,0.017219778
4,43,receive_authenticate_accumulate,0.000040036,0.000040037
4,43,receive_authenticate_accumulate,0.017221728,0.017221945
4,43,receive_authenticate_accumulate,0.000039999,0.000040037
4,43,receive_authenticate_accumulate,0.017221766,0.017222055
4,43,receive_authenticate_accumulate,0.000039980,0.000039944
4,43,receive_authenticate_accumulate,0.017220784,0.017221055
4,43,receive_authenticate_accumulate,0.000039203,0.000039240
4,43,receive_authenticate_accumulate,0.017283727,0.017255167
4,43,receive_authenticate_accumulate,0.000041814,0.000041722
4,43,receive_authenticate_accumulate,0.017226784,0.017226796
4,43,receive_authenticate_accumulate,0.000045554,0.000045649
4,43,receive_authenticate_accumulate,0.017229655,0.017230000
4,43,receive_authenticate_accumulate,0.000038925,0.000038870
4,43,receive_authenticate_accumulate,0.017218452,0.017218666
4,43,receive_authenticate_accumulate,0.000038536,0.000038500
4,43,reading_commitment_and_shares,0.026241824,0.026242482
4,43,receive_authenticate_accumulate,0.017263395,0.017241704
4,43,receive_authenticate_accumulate,0.000039795,0.000039833
4,43,round_coverage,0.000004019,0.000003500
4,43,spatial_report,0.000039517,0.000039371
4,44,round_reset,0.000010129,0.000008944
4,44,receive_authenticate_accumulate,0.017227799,0.017228000
4,44,receive_authenticate_accumulate,0.000039295,0.000039240
4,44,receive_authenticate_accumulate,0.017216799,0.017217055
4,44,receive_authenticate_accumulate,0.000039314,0.000039241
4,44,receive_authenticate_accumulate,0.017224022,0.017224278
4,44,receive_authenticate_accumulate,0.000040277,0.000040260
4,44,receive_authenticate_accumulate,0.017232818,0.017233129
4,44,receive_authenticate_accumulate,0.000039610,0.000039686
4,44,receive_authenticate_accumulate,0.017217430,0.017217537
4,44,receive_authenticate_accumulate,0.000039610,0.000039574
4,44,receive_authenticate_accumulate,0.017223282,0.017223481
4,44,receive_authenticate_accumulate,0.000039832,0.000039741
4,44,receive_authenticate_accumulate,0.017220967,0.017221130
4,44,receive_authenticate_accumulate,0.000038758,0.000038778
4,44,receive_authenticate_accumulate,0.017299113,0.017251316
4,44,receive_authenticate_accumulate,0.000038758,0.000038778
4,44,receive_authenticate_accumulate,0.017252577,0.017235592
4,44,receive_authenticate_accumulate,0.000040240,0.000040278
4,44,receive_authenticate_accumulate,0.017221042,0.017221222
4,44,receive_authenticate_accumulate,0.000039647,0.000039685
4,44,receive_authenticate_accumulate,0.017225172,0.017225296
4,44,receive_authenticate_accumulate,0.000040036,0.000040019
4,44,receive_authenticate_accumulate,0.017228856,0.017229037
4,44,receive_authenticate_accumulate,0.000037740,0.000037760
4,44,receive_authenticate_accumulate,0.025845526,0.025846000
4,44,receive_authenticate_accumulate,0.000062720,0.000062834
4,44,receive_authenticate_accumulate,0.017231691,0.017231963
4,44,receive_authenticate_accumulate,0.000045017,0.000045037
4,44,receive_authenticate_accumulate,0.017231043,0.017231259
4,44,receive_authenticate_accumulate,0.000043703,0.000043685
4,44,receive_authenticate_accumulate,0.017222080,0.017222297
4,44,receive_authenticate_accumulate,0.000045499,0.000045704
4,44,receive_authenticate_accumulate,0.017230413,0.017230593
4,44,receive_authenticate_accumulate,0.000043425,0.000043426
4,44,receive_authenticate_accumulate,0.017230229,0.017230500
4,44,receive_authenticate_accumulate,0.000043147,0.000043241
4,44,receive_authenticate_accumulate,0.017221636,0.017221388
4,44,receive_authenticate_accumulate,0.000044295,0.000044297
4,44,reading_commitment_and_shares,0.026277147,0.026256093
4,44,receive_authenticate_accumulate,0.017231951,0.017232334
4,44,receive_authenticate_accumulate,0.000043739,0.000043722
4,44,round_coverage,0.000003889,0.000003445
4,44,spatial_report,0.000039443,0.000039166
4,45,round_reset,0.000009425,0.000008315
4,45,receive_authenticate_accumulate,0.017232426,0.017232593
4,45,receive_authenticate_accumulate,0.000044296,0.000044296
4,45,receive_authenticate_accumulate,0.017229871,0.017230111
4,45,receive_authenticate_accumulate,0.000044388,0.000044408
4,45,receive_authenticate_accumulate,0.017231427,0.017231703
4,45,receive_authenticate_accumulate,0.000048925,0.000048926
4,45,receive_authenticate_accumulate,0.017263704,0.017236407
4,45,receive_authenticate_accumulate,0.000046240,0.000046203
4,45,receive_authenticate_accumulate,0.017226150,0.017226463
4,45,receive_authenticate_accumulate,0.000045851,0.000045834
4,45,receive_authenticate_accumulate,0.017232390,0.017232426
4,45,receive_authenticate_accumulate,0.000045350,0.000045463
4,45,receive_authenticate_accumulate,0.017237853,0.017238056
4,45,receive_authenticate_accumulate,0.000046388,0.000046314
4,45,receive_authenticate_accumulate,0.017248298,0.017230370
4,45,receive_authenticate_accumulate,0.000044999,0.000044926
4,45,receive_authenticate_accumulate,0.017224743,0.017224963
4,45,receive_authenticate_accumulate,0.000046091,0.000045907
4,45,receive_authenticate_accumulate,0.017226614,0.017226944
4,45,receive_authenticate_accumulate,0.000046480,0.000046408
4,45,receive_authenticate_accumulate,0.017228577,0.017228759
4,45,receive_authenticate_accumulate,0.000048017,0.000047926
4,45,receive_authenticate_accumulate,0.017223780,0.017223815
4,45,receive_authenticate_accumulate,0.000045387,0.000045296
4,45,receive_authenticate_accumulate,0.017226189,0.017226649
4,45,receive_authenticate_accumulate,0.000045721,0.000045518
4,45,receive_authenticate_accumulate,0.017223374,0.017223722
4,45,receive_authenticate_accumulate,0.000046888,0.000046945
4,45,receive_authenticate_accumulate,0.017227560,0.017227723
4,45,receive_authenticate_accumulate,0.000045221,0.000045129
4,45,receive_authenticate_accumulate,0.017239208,0.017239240
4,45,receive_authenticate_accumulate,0.000045240,0.000045186
4,45,receive_authenticate_accumulate,0.017230986,0.017231240
4,45,receive_authenticate_accumulate,0.000044480,0.000044389
4,45,receive_authenticate_accumulate,0.017225690,0.017225907
4,45,receive_authenticate_accumulate,0.000045499,0.000045500
4,45,receive_authenticate_accumulate,0.017273096,0.017246519
4,45,receive_authenticate_accumulate,0.000045776,0.000045759
4,45,reading_commitment_and_shares,0.026228821,0.026229518
4,45,receive_authenticate_accumulate,0.017221135,0.017221444
4,45,receive_authenticate_accumulate,0.000044665,0.000044629
4,45,round_coverage,0.000003852,0.000003111
4,45,spatial_report,0.000038962,0.000038833
4,46,round_reset,0.000008778,0.000007592
4,46,receive_authenticate_accumulate,0.017250349,0.017237426
4,46,receive_authenticate_accumulate,0.000045573,0.000045519
4,46,receive_authenticate_accumulate,0.017234331,0.017234500
4,46,receive_authenticate_accumulate,0.000048703,0.000048649
4,46,receive_authenticate_accumulate,0.017222424,0.017222648
4,46,receive_authenticate_accumulate,0.000044499,0.000044500
4,46,receive_authenticate_accumulate,0.017270294,0.017244611
4,46,receive_authenticate_accumulate,0.000046129,0.000046018
4,46,receive_authenticate_accumulate,0.017240795,0.017241481
4,46,receive_authenticate_accumulate,0.000047351,0.000047223
4,46,receive_authenticate_accumulate,0.017221055,0.017221315
4,46,receive_authenticate_accumulate,0.000047591,0.000047500
4,46,receive_authenticate_accumulate,0.017232203,0.017232408
4,46,receive_authenticate_accumulate,0.000045296,0.000045148
4,46,receive_authenticate_accumulate,0.017220500,0.017220648
4,46,receive_authenticate_accumulate,0.000045092,0.000045093
4,46,receive_authenticate_accumulate,0.017231573,0.017231851
4,46,receive_authenticate_accumulate,0.000045962,0.000045870
4,46,receive_authenticate_accumulate,0.017231370,0.017231462
4,46,receive_authenticate_accumulate,0.000046888,0.000046907
4,46,receive_authenticate_accumulate,0.017227926,0.017228092
4,46,receive_authenticate_accumulate,0.000044536,0.000044574
4,46,receive_authenticate_accumulate,0.017224352,0.017224463
4,46,receive_authenticate_accumulate,0.000045073,0.000045000
4,46,receive_authenticate_accumulate,0.017234611,0.017234333
4,46,receive_authenticate_accumulate,0.000045369,0.000045296
4,46,receive_authenticate_accumulate,0.017233315,0.017233463
4,46,receive_authenticate_accumulate,0.000044832,0.000044759
4,46,receive_authenticate_accumulate,0.017230631,0.017230851
4,46,receive_authenticate_accumulate,0.000046092,0.000045982
4,46,receive_authenticate_accumulate,0.017223964,0.017223982
4,46,receive_authenticate_accumulate,0.000045406,0.000045352
4,46,receive_authenticate_accumulate,0.017225372,0.017225592
4,46,receive_authenticate_accumulate,0.000045666,0.000045574
4,46,receive_authenticate_accumulate,0.017265759,0.017243296
4,46,receive_authenticate_accumulate,0.000049092,0.000049018
4,46,receive_authenticate_accumulate,0.017238094,0.017238277
4,46,receive_authenticate_accumulate,0.000048573,0.000048481
4,46,reading_commitment_and_shares,0.026235252,0.026235908
4,46,receive_authenticate_accumulate,0.017216169,0.017216592
4,46,receive_authenticate_accumulate,0.000045647,0.000045556
4,46,round_coverage,0.000003852,0.000003111
4,46,spatial_report,0.000039684,0.000039445
4,47,round_reset,0.000009278,0.000008037
4,47,receive_authenticate_accumulate,0.017223921,0.017224074
4,47,receive_authenticate_accumulate,0.000043517,0.000043555
4,47,receive_authenticate_accumulate,0.017221605,0.017221759
4,47,receive_authenticate_accumulate,0.000043814,0.000043852
4,47,receive_authenticate_accumulate,0.017260013,0.017239389
4,47,receive_authenticate_accumulate,0.000046036,0.000045926
4,47,receive_authenticate_accumulate,0.017219236,0.017219499
4,47,receive_authenticate_accumulate,0.000060332,0.000060278
4,47,receive_authenticate_accumulate,0.017225088,0.017225333
4,47,receive_authenticate_accumulate,0.000044314,0.000044278
4,47,receive_authenticate_accumulate,0.017224570,0.017224741
4,47,receive_authenticate_accumulate,0.000045518,0.000045407
4,47,receive_authenticate_accumulate,0.017224847,0.017225185
4,47,receive_authenticate_accumulate,0.000044851,0.000044722
4,47,receive_authenticate_accumulate,0.017227367,0.017227426
4,47,receive_authenticate_accumulate,0.000048610,0.000048574
4,47,receive_authenticate_accumulate,0.017218255,0.017218537
4,47,receive_authenticate_accumulate,0.000046721,0.000046723
4,47,receive_authenticate_accumulate,0.017219182,0.017219296
4,47,receive_authenticate_accumulate,0.000045017,0.000044982
4,47,receive_authenticate_accumulate,0.017226626,0.017226870
4,47,receive_authenticate_accumulate,0.000046221,0.000046166
4,47,receive_authenticate_accumulate,0.017228478,0.017228630
4,47,receive_authenticate_accumulate,0.000047832,0.000047834
4,47,receive_authenticate_accumulate,0.017224034,0.017224241
4,47,receive_authenticate_accumulate,0.000047295,0.000047240
4,47,receive_authenticate_accumulate,0.017229386,0.017229556
4,47,receive_authenticate_accumulate,0.000045332,0.000045167
4,47,receive_authenticate_accumulate,0.017223738,0.017223666
4,47,receive_authenticate_accumulate,0.000045869,0.000045833
4,47,receive_authenticate_accumulate,0.017244052,0.017244314
4,47,receive_authenticate_accumulate,0.000045277,0.000045222
4,47,receive_authenticate_accumulate,0.017256367,0.017234980
4,47,receive_authenticate_accumulate,0.000047592,0.000047648
4,47,receive_authenticate_accumulate,0.017224905,0.017225037
4,47,receive_authenticate_accumulate,0.000044203,0.000044130
4,47,receive_authenticate_accumulate,0.017233109,0.017233074
4,47,receive_authenticate_accumulate,0.000045073,0.000044963
4,47,reading_commitment_and_shares,0.026241664,0.026242241
4,47,receive_authenticate_accumulate,0.017221109,0.017221296
4,47,receive_authenticate_accumulate,0.000045388,0.000045259
4,47,round_coverage,0.000003593,0.000002982
4,47,spatial_report,0.000040925,0.000040648
4,48,round_reset,0.000009444,0.000008167
4,48,receive_authenticate_accumulate,0.017226693,0.017227019
4,48,receive_authenticate_accumulate,0.000045740,0.000045723
4,48,receive_authenticate_accumulate,0.017225787,0.017226130
4,48,receive_authenticate_accumulate,0.000044759,0.000044667
4,48,receive_authenticate_accumulate,0.017263749,0.017244722
4,48,receive_authenticate_accumulate,0.000045258,0.000045222
4,48,receive_authenticate_accumulate,0.017277082,0.017238926
4,48,receive_authenticate_accumulate,0.000048406,0.000048389
4,48,receive_authenticate_accumulate,0.017224842,0.017225111
4,48,receive_authenticate_accumulate,0.000045259,0.000045259
4,48,receive_authenticate_accumulate,0.017251712,0.017231372
4,48,receive_authenticate_accumulate,0.000044851,0.000044759
4,48,receive_authenticate_accumulate,0.017233139,0.017233370
4,48,receive_authenticate_accumulate,0.000044999,0.000044871
4,48,receive_authenticate_accumulate,0.017220436,0.017220741
4,48,receive_authenticate_accumulate,0.000047758,0.000047722
4,48,receive_authenticate_accumulate,0.017227788,0.017228130
4,48,receive_authenticate_accumulate,0.000044777,0.000044704
4,48,receive_authenticate_accumulate,0.017221788,0.017221926
4,48,receive_authenticate_accumulate,0.000044277,0.000044204
4,48,receive_authenticate_accumulate,0.017224306,0.017224425
4,48,receive_authenticate_accumulate,0.000045832,0.000045778
4,48,receive_authenticate_accumulate,0.017227640,0.017227815
4,48,receive_authenticate_accumulate,0.000047980,0.000047907
4,48,receive_authenticate_accumulate,0.017231473,0.017231500
4,48,receive_authenticate_accumulate,0.000044592,0.000044537
4,48,receive_authenticate_accumulate,0.017221659,0.017221926
4,48,receive_authenticate_accumulate,0.000047166,0.000047167
4,48,receive_authenticate_accumulate,0.017221456,0.017221685
4,48,receive_authenticate_accumulate,0.000055425,0.000055408
4,48,receive_authenticate_accumulate,0.017230270,0.017230407
4,48,receive_authenticate_accumulate,0.000039796,0.000039723
4,48,receive_authenticate_accumulate,0.017221900,0.017222093
4,48,receive_authenticate_accumulate,0.000040036,0.000040000
4,48,receive_authenticate_accumulate,0.017218271,0.017218482
4,48,receive_authenticate_accumulate,0.000047369,0.000047019
4,48,receive_authenticate_accumulate,0.017304491,0.017250815
4,48,receive_authenticate_accumulate,0.000040221,0.000040056
4,48,reading_commitment_and_shares,0.026229537,0.026230203
4,48,receive_authenticate_accumulate,0.017225031,0.017225222
4,48,receive_authenticate_accumulate,0.000039869,0.000039834
4,48,round_coverage,0.000003667,0.000003092
4,48,spatial_report,0.000039981,0.000039723
4,49,round_reset,0.000009685,0.000007482
4,49,receive_authenticate_accumulate,0.017221170,0.017221315
4,49,receive_authenticate_accumulate,0.000040296,0.000040259
4,49,receive_authenticate_accumulate,0.017229800,0.017229962
4,49,receive_authenticate_accumulate,0.000039906,0.000040297
4,49,receive_authenticate_accumulate,0.017220893,0.017221000
4,49,receive_authenticate_accumulate,0.000040240,0.000040130
4,49,receive_authenticate_accumulate,0.017242004,0.017242222
4,49,receive_authenticate_accumulate,0.000040277,0.000040167
4,49,receive_authenticate_accumulate,0.017225430,0.017225593
4,49,receive_authenticate_accumulate,0.000040870,0.000040889
4,49,receive_authenticate_accumulate,0.017229448,0.017229445
4,49,receive_authenticate_accumulate,0.000040351,0.000040314
4,49,receive_authenticate_accumulate,0.017267004,0.017242888
4,49,receive_authenticate_accumulate,0.000040980,0.000041018
4,49,receive_authenticate_accumulate,0.017227505,0.017227648
4,49,receive_authenticate_accumulate,0.000040573,0.000040593
4,49,receive_authenticate_accumulate,0.017218598,0.017218704
4,49,receive_authenticate_accumulate,0.000040573,0.000040648
4,49,receive_authenticate_accumulate,0.017223820,0.017223926
4,49,receive_authenticate_accumulate,0.000040425,0.000040389
4,49,receive_authenticate_accumulate,0.017225301,0.017225240
4,49,receive_authenticate_accumulate,0.000040425,0.000040463
4,49,receive_authenticate_accumulate,0.017231060,0.017231074
4,49,receive_authenticate_accumulate,0.000046332,0.000046445
4,49,receive_authenticate_accumulate,0.017227191,0.017227333
4,49,receive_authenticate_accumulate,0.000040203,0.000040240
4,49,receive_authenticate_accumulate,0.017234097,0.017234370
4,49,receive_authenticate_accumulate,0.000045814,0.000045870
4,49,receive_authenticate_accumulate,0.017237283,0.017237482
4,49,receive_authenticate_accumulate,0.000045480,0.000045352
4,49,receive_authenticate_accumulate,0.017234117,0.017234277
4,49,receive_authenticate_accumulate,0.000043740,0.000043722
4,49,receive_authenticate_accumulate,0.017222024,0.017222167
4,49,receive_authenticate_accumulate,0.000046980,0.000046871
4,49,receive_authenticate_accumulate,0.017228747,0.017229092
4,49,receive_authenticate_accumulate,0.000044332,0.000044222
4,49,receive_authenticate_accumulate,0.017231710,0.017232203
4,49,receive_authenticate_accumulate,0.000044906,0.000044852
4,49,reading_commitment_and_shares,0.026238538,0.026239167
4,49,receive_authenticate_accumulate,0.017230321,0.017230296
4,49,receive_authenticate_accumulate,0.000044000,0.000043925
4,49,round_coverage,0.000003926,0.000003426
4,49,spatial_report,0.000040759,0.000040666
4,49,billing_report,0.000422621,0.000422352
5,50,period_reset,0.000024573,0.000023407
5,50,receive_authenticate_accumulate,0.000093443,0.000093241
5,50,receive_authenticate_accumulate,0.000093794,0.000093574
5,50,receive_authenticate_accumulate,0.000091220,0.000090167
5,50,receive_authenticate_accumulate,0.000090350,0.000090296
5,50,receive_authenticate_accumulate,0.000091165,0.000090907
5,50,receive_authenticate_accumulate,0.000089572,0.000089037
5,50,receive_authenticate_accumulate,0.000091702,0.000091537
5,50,receive_authenticate_accumulate,0.000091331,0.000091074
5,50,receive_authenticate_accumulate,0.000091813,0.000091592
5,50,receive_authenticate_accumulate,0.000090869,0.000090630
5,50,receive_authenticate_accumulate,0.000091572,0.000091519
5,50,receive_authenticate_accumulate,0.000090017,0.000089704
5,50,receive_authenticate_accumulate,0.000088591,0.000088333
5,50,receive_authenticate_accumulate,0.000093443,0.000092648
5,50,receive_authenticate_accumulate,0.000091757,0.000091500
5,50,receive_authenticate_accumulate,0.000092572,0.000092426
5,50,receive_authenticate_accumulate,0.000057499,0.000057278
5,50,receive_authenticate_accumulate,0.000056981,0.000056759
5,50,receive_authenticate_accumulate,0.000052999,0.000052741
5,50,randomness_commit,0.000474194,0.000474259
5,50,receive_authenticate_accumulate,0.000057055,0.000056500
5,50,receive_authenticate_accumulate,0.000068703,0.000068389
5,50,receive_authenticate_accumulate,0.000068795,0.000068685
5,50,receive_authenticate_accumulate,0.000067554,0.000067426
5,50,receive_authenticate_accumulate,0.000068443,0.000067649
5,50,receive_authenticate_accumulate,0.000069295,0.000069111
5,50,receive_authenticate_accumulate,0.000068443,0.000068185
5,50,receive_authenticate_accumulate,0.000068035,0.000068019
5,50,receive_authenticate_accumulate,0.000067221,0.000067130
5,50,receive_authenticate_accumulate,0.000066888,0.000066667
5,50,receive_authenticate_accumulate,0.000068536,0.000068352
5,50,receive_authenticate_accumulate,0.000067981,0.000067889
5,50,receive_authenticate_accumulate,0.000067814,0.000067500
5,50,receive_authenticate_accumulate,0.000067739,0.000067629
5,50,receive_authenticate_accumulate,0.000068258,0.000068148
5,50,receive_authenticate_accumulate,0.000065999,0.000065834
5,50,receive_authenticate_accumulate,0.000067758,0.000067537
5,50,receive_authenticate_accumulate,0.000063924,0.000063815
5,50,receive_authenticate_accumulate,0.000066369,0.000066278
5,50,receive_authenticate_accumulate,0.000067906,0.000067703
5,50,randomness_reveal,0.000438713,0.000438648
5,50,receive_authenticate_accumulate,0.000066777,0.000066649
5,50,committee_selection,0.000126257,0.000125889
5,50,round_reset,0.000005445,0.000004426
5,50,receive_authenticate_accumulate,0.017222756,0.017222963
5,50,receive_authenticate_accumulate,0.017231386,0.017231537
5,50,receive_authenticate_accumulate,0.017233572,0.017233630
5,50,receive_authenticate_accumulate,0.017224312,0.017224333
5,50,receive_authenticate_accumulate,0.017222017,0.017222185
5,50,receive_authenticate_accumulate,0.017280960,0.017255092
5,50,receive_authenticate_accumulate,0.017221220,0.017221352
5,50,receive_authenticate_accumulate,0.017227332,0.017227462
5,50,receive_authenticate_accumulate,0.017227480,0.017227648
5,50,receive_authenticate_accumulate,0.017230313,0.017230463
5,50,receive_authenticate_accumulate,0.017222147,0.017222463
5,50,receive_authenticate_accumulate,0.017224000,0.017224186
5,50,receive_authenticate_accumulate,0.017221888,0.017222130
5,50,receive_authenticate_accumulate,0.017249684,0.017230353
5,50,receive_authenticate_accumulate,0.017231926,0.017231796
5,50,receive_authenticate_accumulate,0.017222388,0.017222555
5,50,receive_authenticate_accumulate,0.017254999,0.017255278
5,50,receive_authenticate_accumulate,0.017238611,0.017238814
5,50,receive_authenticate_accumulate,0.017231630,0.017231796
5,50,reading_commitment_and_shares,0.026245760,0.026246463
5,50,receive_authenticate_accumulate,0.017227370,0.017227463
5,50,round_coverage,0.000003500,0.000003204
5,51,round_reset,0.000009426,0.000008315
5,51,receive_authenticate_accumulate,0.017269953,0.017244186
5,51,receive_authenticate_accumulate,0.017223899,0.017223926
5,51,receive_authenticate_accumulate,0.017268082,0.017245759
5,51,receive_authenticate_accumulate,0.017235713,0.017235778
5,51,receive_authenticate_accumulate,0.017243750,0.017234425
5,51,receive_authenticate_accumulate,0.017225898,0.017226074
5,51,receive_authenticate_accumulate,0.017241936,0.017242037
5,51,receive_authenticate_accumulate,0.017235380,0.017235556
5,51,receive_authenticate_accumulate,0.017228362,0.017228593
5,51,receive_authenticate_accumulate,0.017223029,0.017223167
5,51,receive_authenticate_accumulate,0.017227103,0.017227426
5,51,receive_authenticate_accumulate,0.017226752,0.017226833
5,51,receive_authenticate_accumulate,0.025894376,0.025876130
5,51,receive_authenticate_accumulate,0.017224993,0.017225167
5,51,receive_authenticate_accumulate,0.017230881,0.017230944
5,51,receive_authenticate_accumulate,0.017239585,0.017239629
5,51,receive_authenticate_accumulate,0.017225401,0.017225556
5,51,receive_authenticate_accumulate,0.017226605,0.017226889
5,51,receive_authenticate_accumulate,0.017225086,0.017225259
5,51,reading_commitment_and_shares,0.026240223,0.026240740
5,51,receive_authenticate_accumulate,0.017243604,0.017243870
5,51,round_coverage,0.000003648,0.000002944
5,52,round_reset,0.000010333,0.000009092
5,52,receive_authenticate_accumulate,0.017225390,0.017225556
5,52,receive_authenticate_accumulate,0.017235373,0.017235481
5,52,receive_authenticate_accumulate,0.017221335,0.017221296
5,52,receive_authenticate_accumulate,0.017223521,0.017223814
5,52,receive_authenticate_accumulate,0.017236743,0.017236555
5,52,receive_authenticate_accumulate,0.017231392,0.017231629
5,52,receive_authenticate_accumulate,0.017227373,0.017227519
5,52,receive_authenticate_accumulate,0.017224318,0.017224593
5,52,receive_authenticate_accumulate,0.017239539,0.017239666
5,52,receive_authenticate_accumulate,0.017233374,0.017233518
5,52,receive_authenticate_accumulate,0.017228929,0.017229074
5,52,receive_authenticate_accumulate,0.017232559,0.017232667
5,52,receive_authenticate_accumulate,0.017233411,0.017233592
5,52,receive_authenticate_accumulate,0.017227319,0.017227555
5,52,receive_authenticate_accumulate,0.017254040,0.017240369
5,52,receive_authenticate_accumulate,0.017224300,0.017224426
5,52,receive_authenticate_accumulate,0.017223023,0.017223352
5,52,receive_authenticate_accumulate,0.017221171,0.017221315
5,52,receive_authenticate_accumulate,0.017222560,0.017222685
5,52,reading_commitment_and_shares,0.026248203,0.026248667
5,52,receive_authenticate_accumulate,0.017217801,0.017217888
5,52,round_coverage,0.000004296,0.000003704
5,53,round_reset,0.000009204,0.000007852
5,53,receive_authenticate_accumulate,0.017231105,0.017231222
5,53,receive_authenticate_accumulate,0.017231679,0.017231741
5,53,receive_authenticate_accumulate,0.017230290,0.017230537
5,53,receive_authenticate_accumulate,0.017229587,0.017229722
5,53,receive_authenticate_accumulate,0.017285790,0.017245851
5,53,receive_authenticate_accumulate,0.017222976,0.017223055
5,53,receive_authenticate_accumulate,0.017221940,0.017221945
5,53,receive_authenticate_accumulate,0.017226051,0.017226185
5,53,receive_authenticate_accumulate,0.017232884,0.017232981
5,53,receive_authenticate_accumulate,0.017223217,0.017223315
5,53,receive_authenticate_accumulate,0.017229383,0.017229648
5,53,receive_authenticate_accumulate,0.017231347,0.017231445
5,53,receive_authenticate_accumulate,0.017228848,0.017229093
5,53,receive_authenticate_accumulate,0.017222532,0.017222500
5,53,receive_authenticate_accumulate,0.017230385,0.017230555
5,53,receive_authenticate_accumulate,0.017231958,0.017232092
5,53,receive_authenticate_accumulate,0.017227830,0.017227982
5,53,receive_authenticate_accumulate,0.017226608,0.017226723
5,53,receive_authenticate_accumulate,0.017230459,0.017230630
5,53,reading_commitment_and_shares,0.026244089,0.026244556
5,53,receive_authenticate_accumulate,0.017225829,0.017225888
5,53,round_coverage,0.000004203,0.000003556
5,54,round_reset,0.000009704,0.000008574
5,54,receive_authenticate_accumulate,0.017235633,0.017235685
5,54,receive_authenticate_accumulate,0.017225300,0.017225333
5,54,receive_authenticate_accumulate,0.017221319,0.017221352
5,54,receive_authenticate_accumulate,0.017226689,0.017226741
5,54,receive_authenticate_accumulate,0.017226079,0.017226222
5,54,receive_authenticate_accumulate,0.017223282,0.017223334
5,54,receive_authenticate_accumulate,0.017228467,0.017228629
5,54,receive_authenticate_accumulate,0.017232060,0.017232167
5,54,receive_authenticate_accumulate,0.017227171,0.017227277
5,54,receive_authenticate_accumulate,0.017232672,0.017232704
5,54,receive_authenticate_accumulate,0.017229782,0.017229870
5,54,receive_authenticate_accumulate,0.017229875,0.017230037
5,54,receive_authenticate_accumulate,0.017224283,0.017224351
5,54,receive_authenticate_accumulate,0.017231987,0.017231963
5,54,receive_authenticate_accumulate,0.017233876,0.017234055
5,54,receive_authenticate_accumulate,0.017223783,0.017223944
5,54,receive_authenticate_accumulate,0.017223265,0.017223370
5,54,receive_authenticate_accumulate,0.017239802,0.017240074
5,54,receive_authenticate_accumulate,0.017233691,0.017233778
5,54,reading_commitment_and_shares,0.026249122,0.026249703
5,54,receive_authenticate_accumulate,0.017220469,0.017220574
5,54,round_coverage,0.000003741,0.000003223
5,55,round_reset,0.000010000,0.000007778
5,55,receive_authenticate_accumulate,0.017219772,0.017220056
5,55,receive_authenticate_accumulate,0.017228958,0.017229222
5,55,receive_authenticate_accumulate,0.017235420,0.017235463
5,55,receive_authenticate_accumulate,0.017235236,0.017235315
5,55,receive_authenticate_accumulate,0.017224865,0.017224963
5,55,receive_authenticate_accumulate,0.017215162,0.017215296
5,55,receive_authenticate_accumulate,0.017229866,0.017230203
5,55,receive_authenticate_accumulate,0.017239866,0.017239870
5,55,receive_authenticate_accumulate,0.017227866,0.017227907
5,55,receive_authenticate_accumulate,0.017223125,0.017223370
5,55,receive_authenticate_accumulate,0.017230069,0.017229852
5,55,receive_authenticate_accumulate,0.017230570,0.017230611
5,55,receive_authenticate_accumulate,0.017224866,0.017225037
5,55,receive_authenticate_accumulate,0.017226792,0.017226426
5,55,receive_authenticate_accumulate,0.017225181,0.017225222
5,55,receive_authenticate_accumulate,0.017221922,0.017222130
5,55,receive_authenticate_accumulate,0.017228367,0.017228463
5,55,receive_authenticate_accumulate,0.017233459,0.017233408
5,55,receive_authenticate_accumulate,0.017227497,0.017227482
5,55,reading_commitment_and_shares,0.026255988,0.026256463
5,55,receive_authenticate_accumulate,0.017227959,0.017228037
5,55,round_coverage,0.000004000,0.000003408
5,56,round_reset,0.000008500,0.000007204
5,56,receive_authenticate_accumulate,0.017227855,0.017227907
5,56,receive_authenticate_accumulate,0.017219688,0.017219722
5,56,receive_authenticate_accumulate,0.017226374,0.017226407
5,56,receive_authenticate_accumulate,0.017227967,0.017227908
5,56,receive_authenticate_accumulate,0.017228726,0.017228760
5,56,receive_authenticate_accumulate,0.017224300,0.017224371
5,56,receive_authenticate_accumulate,0.017294873,0.017258926
5,56,receive_authenticate_accumulate,0.017234967,0.017235111
5,56,receive_authenticate_accumulate,0.017239652,0.017239926
5,56,receive_authenticate_accumulate,0.017220542,0.017220760
5,56,receive_authenticate_accumulate,0.017226023,0.017226148
5,56,receive_authenticate_accumulate,0.017236652,0.017236778
5,56,receive_authenticate_accumulate,0.025817692,0.025766389
5,56,receive_authenticate_accumulate,0.017226283,0.017226352
5,56,receive_authenticate_accumulate,0.017220820,0.017220907
5,56,receive_authenticate_accumulate,0.017224079,0.017224297
5,56,receive_authenticate_accumulate,0.017257838,0.017237426
5,56,receive_authenticate_accumulate,0.017214858,0.017214907
5,56,receive_authenticate_accumulate,0.017218653,0.017218685
5,56,reading_commitment_and_shares,0.026284038,0.026284352
5,56,receive_authenticate_accumulate,0.017228099,0.017228185
5,56,round_coverage,0.000003593,0.000003166
5,57,round_reset,0.000009148,0.000007908
5,57,receive_authenticate_accumulate,0.017224845,0.017224926
5,57,receive_authenticate_accumulate,0.017221289,0.017221203
5,57,receive_authenticate_accumulate,0.017224586,0.017224611
5,57,receive_authenticate_accumulate,0.017222939,0.017222833
5,57,receive_authenticate_accumulate,0.017219753,0.017219796
5,57,receive_authenticate_accumulate,0.017222512,0.017222778
5,57,receive_authenticate_accumulate,0.017224105,0.017224166
5,57,receive_authenticate_accumulate,0.017223031,0.017223111
5,57,receive_authenticate_accumulate,0.017225012,0.017225111
5,57,receive_authenticate_accumulate,0.017234549,0.017234741
5,57,receive_authenticate_accumulate,0.017222439,0.017222259
5,57,receive_authenticate_accumulate,0.017233143,0.017233278
5,57,receive_authenticate_accumulate,0.027348143,0.027263241
5,57,receive_authenticate_accumulate,0.017228142,0.017228222
5,57,receive_authenticate_accumulate,0.017248346,0.017248593
5,57,receive_authenticate_accumulate,0.017224569,0.017224685
5,57,receive_authenticate_accumulate,0.017224920,0.017225000
5,57,receive_authenticate_accumulate,0.017229087,0.017229166
5,57,receive_authenticate_accumulate,0.017229014,0.017229148
5,57,reading_commitment_and_shares,0.026250976,0.026251426
5,57,receive_authenticate_accumulate,0.017230458,0.017230333
5,57,round_coverage,0.000003686,0.000003130
5,58,round_reset,0.000009648,0.000007741
5,58,receive_authenticate_accumulate,0.017231649,0.017231592
5,58,receive_authenticate_accumulate,0.017223835,0.017223944
5,58,receive_authenticate_accumulate,0.017221057,0.017221222
5,58,receive_authenticate_accumulate,0.017222557,0.017222740
5,58,receive_authenticate_accumulate,0.017220002,0.017220092
5,58,receive_authenticate_accumulate,0.017232575,0.017232499
5,58,receive_authenticate_accumulate,0.017263556,0.017236296
5,58,receive_authenticate_accumulate,0.017229113,0.017229166
5,58,receive_authenticate_accumulate,0.017227002,0.017227037
5,58,receive_authenticate_accumulate,0.017236928,0.017236648
5,58,receive_authenticate_accumulate,0.017218965,0.017219203
5,58,receive_authenticate_accumulate,0.017235076,0.017235278
5,58,receive_authenticate_accumulate,0.017228632,0.017228629
5,58,receive_authenticate_accumulate,0.017251742,0.017236889
5,58,receive_authenticate_accumulate,0.017232280,0.017232519
5,58,receive_authenticate_accumulate,0.017226762,0.017226852
5,58,receive_authenticate_accumulate,0.017233058,0.017233074
5,58,receive_authenticate_accumulate,0.017226854,0.017227018
5,58,receive_authenticate_accumulate,0.017218725,0.017218815
5,58,reading_commitment_and_shares,0.026242933,0.026243204
5,58,receive_authenticate_accumulate,0.017228003,0.017228166
5,58,round_coverage,0.000004037,0.000003444
5,59,round_reset,0.000009425,0.000008240
5,59,receive_authenticate_accumulate,0.017222452,0.017222555
5,59,receive_authenticate_accumulate,0.017222990,0.017223055
5,59,receive_authenticate_accumulate,0.017232897,0.017233000
5,59,receive_authenticate_accumulate,0.017219657,0.017219740
5,59,receive_authenticate_accumulate,0.017226916,0.017226815
5,59,receive_authenticate_accumulate,0.017242083,0.017242148
5,59,receive_authenticate_accumulate,0.017238176,0.017238222
5,59,receive_authenticate_accumulate,0.017226601,0.017226685
5,59,receive_authenticate_accumulate,0.017223398,0.017223481
5,59,receive_authenticate_accumulate,0.017229194,0.017229092
5,59,receive_authenticate_accumulate,0.017233324,0.017233426
5,59,receive_authenticate_accumulate,0.017227750,0.017227722
5,59,receive_authenticate_accumulate,0.017223657,0.017223723
5,59,receive_authenticate_accumulate,0.017229658,0.017229759
5,59,receive_authenticate_accumulate,0.017228195,0.017228111
5,59,receive_authenticate_accumulate,0.017229824,0.017229963
5,59,receive_authenticate_accumulate,0.017260472,0.017227537
5,59,receive_authenticate_accumulate,0.017229343,0.017229389
5,59,receive_authenticate_accumulate,0.017230639,0.017230648
5,59,reading_commitment_and_shares,0.026253462,0.026253555
5,59,receive_authenticate_accumulate,0.017219307,0.017219574
5,59,round_coverage,0.000004297,0.000003741
6,60,period_reset,0.000024703,0.000023482
6,60,receive_authenticate_accumulate,0.000093110,0.000093000
6,60,receive_authenticate_accumulate,0.000088758,0.000088870
6,60,receive_authenticate_accumulate,0.000090480,0.000090482
6,60,receive_authenticate_accumulate,0.000089424,0.000089556
6,60,receive_authenticate_accumulate,0.000087758,0.000087741
6,60,receive_authenticate_accumulate,0.000088962,0.000088981
6,60,receive_authenticate_accumulate,0.000089739,0.000089648
6,60,receive_authenticate_accumulate,0.000069870,0.000069796
6,60,receive_authenticate_accumulate,0.000067629,0.000067593
6,60,receive_authenticate_accumulate,0.000067888,0.000067778
6,60,receive_authenticate_accumulate,0.000067221,0.000067297
6,60,receive_authenticate_accumulate,0.000067573,0.000067315
6,60,receive_authenticate_accumulate,0.000067406,0.000067333
6,60,receive_authenticate_accumulate,0.000066907,0.000067018
6,60,receive_authenticate_accumulate,0.000068554,0.000068574
6,60,receive_authenticate_accumulate,0.000065740,0.000065722
6,60,receive_authenticate_accumulate,0.000067424,0.000067297
6,60,receive_authenticate_accumulate,0.000067722,0.000067444
6,60,receive_authenticate_accumulate,0.000070092,0.000069926
6,60,randomness_commit,0.000598620,0.000598704
6,60,receive_authenticate_accumulate,0.000067350,0.000067407
6,60,receive_authenticate_accumulate,0.000122758,0.000122555
6,60,receive_authenticate_accumulate,0.000080907,0.000080796
6,60,receive_authenticate_accumulate,0.000080480,0.000080407
6,60,receive_authenticate_accumulate,0.000079796,0.000079630
6,60,receive_authenticate_accumulate,0.000078869,0.000078833
6,60,receive_authenticate_accumulate,0.000081425,0.000081259
6,60,receive_authenticate_accumulate,0.000082795,0.000082611
6,60,receive_authenticate_accumulate,0.000080684,0.000080537
6,60,receive_authenticate_accumulate,0.000080443,0.000080389
6,60,receive_authenticate_accumulate,0.000065703,0.000065482
6,60,receive_authenticate_accumulate,0.000067406,0.000067278
6,60,receive_authenticate_accumulate,0.000065166,0.000065148
6,60,receive_authenticate_accumulate,0.000064851,0.000064926
6,60,receive_authenticate_accumulate,0.000065777,0.000065741
6,60,receive_authenticate_accumulate,0.000063999,0.000064055
6,60,receive_authenticate_accumulate,0.000066721,0.000066741
6,60,receive_authenticate_accumulate,0.000064573,0.000064574
6,60,receive_authenticate_accumulate,0.000065832,0.000065704
6,60,receive_authenticate_accumulate,0.000061758,0.000061592
6,60,randomness_reveal,0.000428864,0.000428834
6,60,receive_authenticate_accumulate,0.000065221,0.000065185
6,60,committee_selection,0.000124054,0.000123870
6,60,round_reset,0.000004907,0.000004296
6,60,receive_authenticate_accumulate,0.017229311,0.017229463
6,60,receive_authenticate_accumulate,0.017223664,0.017223723
6,60,receive_authenticate_accumulate,0.017227757,0.017227852
6,60,receive_authenticate_accumulate,0.017227590,0.017227648
6,60,receive_authenticate_accumulate,0.017230867,0.017230944
6,60,receive_authenticate_accumulate,0.017228330,0.017228074
6,60,receive_authenticate_accumulate,0.017232960,0.017233167
6,60,receive_authenticate_accumulate,0.017236442,0.017236370
6,60,receive_authenticate_accumulate,0.017228071,0.017228240
6,60,receive_authenticate_accumulate,0.017232479,0.017232444
6,60,receive_authenticate_accumulate,0.017224720,0.017224815
6,60,receive_authenticate_accumulate,0.017283127,0.017243148
6,60,receive_authenticate_accumulate,0.017233961,0.017233889
6,60,receive_authenticate_accumulate,0.017235646,0.017235778
6,60,receive_authenticate_accumulate,0.017229943,0.017230037
6,60,receive_authenticate_accumulate,0.017240924,0.017240963
6,60,receive_authenticate_accumulate,0.017225998,0.017226037
6,60,receive_authenticate_accumulate,0.017234201,0.017234222
6,60,receive_authenticate_accumulate,0.017232535,0.017232630
6,60,reading_commitment_and_shares,0.026244899,0.026244741
6,60,receive_authenticate_accumulate,0.017222869,0.017223093
6,60,round_coverage,0.000004037,0.000003426
6,61,round_reset,0.000010222,0.000009037
6,61,receive_authenticate_accumulate,0.017223133,0.017223167
6,61,receive_authenticate_accumulate,0.017221855,0.017222037
6,61,receive_authenticate_accumulate,0.017230170,0.017230185
6,61,receive_authenticate_accumulate,0.017228245,0.017228370
6,61,receive_authenticate_accumulate,0.017232819,0.017232926
6,61,receive_authenticate_accumulate,0.017225337,0.017224815
6,61,receive_authenticate_accumulate,0.017234356,0.017234425
6,61,receive_authenticate_accumulate,0.017232652,0.017232704
6,61,receive_authenticate_accumulate,0.017224967,0.017224870
6,61,receive_authenticate_accumulate,0.017227745,0.017227870
6,61,receive_authenticate_accumulate,0.017227152,0.017227185
6,61,receive_authenticate_accumulate,0.017228838,0.017228926
6,61,receive_authenticate_accumulate,0.017260467,0.017235129
6,61,receive_authenticate_accumulate,0.017221671,0.017221778
6,61,receive_authenticate_accumulate,0.017224375,0.017224426
6,61,receive_authenticate_accumulate,0.017236411,0.017236555
6,61,receive_authenticate_accumulate,0.017220672,0.017220722
6,61,receive_authenticate_accumulate,0.017232357,0.017232389
6,61,receive_authenticate_accumulate,0.017229319,0.017229407
6,61,reading_commitment_and_shares,0.026241613,0.026241907
6,61,receive_authenticate_accumulate,0.017231894,0.017231963
6,61,round_coverage,0.000004166,0.000003556
6,62,round_reset,0.000009315,0.000008222
6,62,receive_authenticate_accumulate,0.017232565,0.017232592
6,62,receive_authenticate_accumulate,0.017223898,0.017223889
6,62,receive_authenticate_accumulate,0.017227084,0.017227222
6,62,receive_authenticate_accumulate,0.017230825,0.017230834
6,62,receive_authenticate_accumulate,0.017226565,0.017226574
6,62,receive_authenticate_accumulate,0.017226084,0.017226093
6,62,receive_authenticate_accumulate,0.017229492,0.017229555
6,62,receive_authenticate_accumulate,0.017230640,0.017230685
6,62,receive_authenticate_accumulate,0.017220307,0.017220241
6,62,receive_authenticate_accumulate,0.017220177,0.017220296
6,62,receive_authenticate_accumulate,0.017234362,0.017234389
6,62,receive_authenticate_accumulate,0.017228084,0.017228074
6,62,receive_authenticate_accumulate,0.017229289,0.017229389
6,62,receive_authenticate_accumulate,0.017222826,0.017222870
6,62,receive_authenticate_accumulate,0.017225492,0.017225574
6,62,receive_authenticate_accumulate,0.017227678,0.017227685
6,62,receive_authenticate_accumulate,0.017259974,0.017240723
6,62,receive_authenticate_accumulate,0.017235918,0.017236000
6,62,receive_authenticate_accumulate,0.017229807,0.017229907
6,62,reading_commitment_and_shares,0.026233529,0.026233834
6,62,receive_authenticate_accumulate,0.017225252,0.017225352
6,62,round_coverage,0.000003778,0.000003297
6,63,round_reset,0.000008870,0.000007407
6,63,receive_authenticate_accumulate,0.017229571,0.017229555
6,63,receive_authenticate_accumulate,0.017221904,0.017221907
6,63,receive_authenticate_accumulate,0.017229885,0.017229926
6,63,receive_authenticate_accumulate,0.017224405,0.017224297
6,63,receive_authenticate_accumulate,0.017234571,0.017234704
6,63,receive_authenticate_accumulate,0.017221497,0.017221537
6,63,receive_authenticate_accumulate,0.017228979,0.017229056
6,63,receive_authenticate_accumulate,0.017235552,0.017235593
6,63,receive_authenticate_accumulate,0.017231867,0.017231870
6,63,receive_authenticate_accumulate,0.017221572,0.017221500
6,63,receive_authenticate_accumulate,0.017220813,0.017220851
6,63,receive_authenticate_accumulate,0.017229424,0.017229482
6,63,receive_authenticate_accumulate,0.017271941,0.017243444
6,63,receive_authenticate_accumulate,0.017223368,0.017223389
6,63,receive_authenticate_accumulate,0.017224924,0.017224851
6,63,receive_authenticate_accumulate,0.017221979,0.017222074
6,63,receive_authenticate_accumulate,0.017226906,0.017226963
6,63,receive_authenticate_accumulate,0.017218573,0.017218667
6,63,receive_authenticate_accumulate,0.017226628,0.017226574
6,63,reading_commitment_and_shares,0.026249667,0.026250018
6,63,receive_authenticate_accumulate,0.017230239,0.017230260
6,63,round_coverage,0.000003797,0.000003185
6,64,round_reset,0.000010222,0.000008945
6,64,receive_authenticate_accumulate,0.017232280,0.017232408
6,64,receive_authenticate_accumulate,0.017229558,0.017229648
6,64,receive_authenticate_accumulate,0.017229336,0.017229388
6,64,receive_authenticate_accumulate,0.017234076,0.017234129
6,64,receive_authenticate_accumulate,0.017234577,0.017234611
6,64,receive_authenticate_accumulate,0.017226021,0.017226093
6,64,receive_authenticate_accumulate,0.017207966,0.017208000
6,64,receive_authenticate_accumulate,0.017229633,0.017229852
6,64,receive_authenticate_accumulate,0.017233280,0.017232777
6,64,receive_authenticate_accumulate,0.017221151,0.017221352
6,64,receive_authenticate_accumulate,0.017221300,0.017221407
6,64,receive_authenticate_accumulate,0.017227967,0.017227981
6,64,receive_authenticate_accumulate,0.017211948,0.017212148
6,64,receive_authenticate_accumulate,0.017226004,0.017226167
6,64,receive_authenticate_accumulate,0.017230392,0.017230370
6,64,receive_authenticate_accumulate,0.017221652,0.017221667
6,64,receive_authenticate_accumulate,0.017229726,0.017229851
6,64,receive_authenticate_accumulate,0.017227337,0.017227277
6,64,receive_authenticate_accumulate,0.017230652,0.017230611
6,64,reading_commitment_and_shares,0.026243731,0.026243871
6,64,receive_authenticate_accumulate,0.017232152,0.017232185
6,64,round_coverage,0.000004278,0.000003555
6,65,round_reset,0.000009314,0.000007963
6,65,receive_authenticate_accumulate,0.017234267,0.017234333
6,65,receive_authenticate_accumulate,0.017229563,0.017229592
6,65,receive_authenticate_accumulate,0.017234748,0.017234851
6,65,receive_authenticate_accumulate,0.017224174,0.017224185
6,65,receive_authenticate_accumulate,0.017226508,0.017226408
6,65,receive_authenticate_accumulate,0.017235360,0.017235519
6,65,receive_authenticate_accumulate,0.017226712,0.017226833
6,65,receive_authenticate_accumulate,0.017261896,0.017262037
6,65,receive_authenticate_accumulate,0.017225730,0.017225759
6,65,receive_authenticate_accumulate,0.017229582,0.017229741
6,65,receive_authenticate_accumulate,0.017266137,0.017242278
6,65,receive_authenticate_accumulate,0.017226583,0.017226519
6,65,receive_authenticate_accumulate,0.021125586,0.021022092
6,65,receive_authenticate_accumulate,0.017253823,0.017229945
6,65,receive_authenticate_accumulate,0.017267341,0.017225277
6,65,receive_authenticate_accumulate,0.017220305,0.017220352
6,65,receive_authenticate_accumulate,0.017227786,0.017227851
6,65,receive_authenticate_accumulate,0.017226324,0.017226333
6,65,receive_authenticate_accumulate,0.017224657,0.017224685
6,65,reading_commitment_and_shares,0.026245647,0.026245888
6,65,receive_authenticate_accumulate,0.017221602,0.017221703
6,65,round_coverage,0.000003814,0.000003296
6,66,round_reset,0.000009037,0.000007611
6,66,receive_authenticate_accumulate,0.017220050,0.017220167
6,66,receive_authenticate_accumulate,0.017270938,0.017244056
6,66,receive_authenticate_accumulate,0.017230735,0.017230611
6,66,receive_authenticate_accumulate,0.017220846,0.017220834
6,66,receive_authenticate_accumulate,0.017220753,0.017220945
6,66,receive_authenticate_accumulate,0.017221476,0.017221519
6,66,receive_authenticate_accumulate,0.017229475,0.017229649
6,66,receive_authenticate_accumulate,0.017220291,0.017220296
6,66,receive_authenticate_accumulate,0.017222513,0.017222593
6,66,receive_authenticate_accumulate,0.017233624,0.017233574
6,66,receive_authenticate_accumulate,0.017231902,0.017231833
6,66,receive_authenticate_accumulate,0.017229994,0.017230037
6,66,receive_authenticate_accumulate,0.024895486,0.024895074
6,66,receive_authenticate_accumulate,0.017222531,0.017222556
6,66,receive_authenticate_accumulate,0.017225421,0.017225500
6,66,receive_authenticate_accumulate,0.017208532,0.017208537
6,66,receive_authenticate_accumulate,0.017220051,0.017219944
6,66,receive_authenticate_accumulate,0.017262939,0.017236017
6,66,receive_authenticate_accumulate,0.017231291,0.017231463
6,66,reading_commitment_and_shares,0.026309283,0.026267944
6,66,receive_authenticate_accumulate,0.017227847,0.017227963
6,66,round_coverage,0.000003945,0.000003334
6,67,round_reset,0.000009370,0.000008111
6,67,receive_authenticate_accumulate,0.017228388,0.017228444
6,67,receive_authenticate_accumulate,0.017221536,0.017221389
6,67,receive_authenticate_accumulate,0.017227036,0.017227092
6,67,receive_authenticate_accumulate,0.017227536,0.017227555
6,67,receive_authenticate_accumulate,0.017230795,0.017230815
6,67,receive_authenticate_accumulate,0.017232388,0.017232518
6,67,receive_authenticate_accumulate,0.017224610,0.017224741
6,67,receive_authenticate_accumulate,0.017226758,0.017226814
6,67,receive_authenticate_accumulate,0.017248203,0.017238111
6,67,receive_authenticate_accumulate,0.017224017,0.017223555
6,67,receive_authenticate_accumulate,0.017227018,0.017227055
6,67,receive_authenticate_accumulate,0.017230555,0.017230555
6,67,receive_authenticate_accumulate,0.017239795,0.017239648
6,67,receive_authenticate_accumulate,0.017224389,0.017224333
6,67,receive_authenticate_accumulate,0.017230629,0.017230740
6,67,receive_authenticate_accumulate,0.017229741,0.017229796
6,67,receive_authenticate_accumulate,0.017229592,0.017229592
6,67,receive_authenticate_accumulate,0.017224092,0.017224314
6,67,receive_authenticate_accumulate,0.017222130,0.017222149
6,67,reading_commitment_and_shares,0.026235698,0.026236148
6,67,receive_authenticate_accumulate,0.017219259,0.017219278
6,67,round_coverage,0.000003982,0.000003426
6,68,round_reset,0.000009408,0.000008333
6,68,receive_authenticate_accumulate,0.017231651,0.017231667
6,68,receive_authenticate_accumulate,0.017224707,0.017224722
6,68,receive_authenticate_accumulate,0.017241448,0.017241370
6,68,receive_authenticate_accumulate,0.017252447,0.017238111
6,68,receive_authenticate_accumulate,0.017226947,0.017226944
6,68,receive_authenticate_accumulate,0.017225985,0.017225963
6,68,receive_authenticate_accumulate,0.017245373,0.017245351
6,68,receive_authenticate_accumulate,0.017224040,0.017224111
6,68,receive_authenticate_accumulate,0.017219799,0.017219723
6,68,receive_authenticate_accumulate,0.017226726,0.017226759
6,68,receive_authenticate_accumulate,0.017229355,0.017229445
6,68,receive_authenticate_accumulate,0.017223300,0.017223296
6,68,receive_authenticate_accumulate,0.017220263,0.017220315
6,68,receive_authenticate_accumulate,0.017238855,0.017238907
6,68,receive_authenticate_accumulate,0.017222800,0.017222778
6,68,receive_authenticate_accumulate,0.017231800,0.017231796
6,68,receive_authenticate_accumulate,0.017223208,0.017223259
6,68,receive_authenticate_accumulate,0.017267726,0.017240982
6,68,receive_authenticate_accumulate,0.017216689,0.017216852
6,68,reading_commitment_and_shares,0.026295482,0.026266500
6,68,receive_authenticate_accumulate,0.017236059,0.017236037
6,68,round_coverage,0.000003648,0.000003333
6,69,round_reset,0.000008852,0.000008389
6,69,receive_authenticate_accumulate,0.017228395,0.017228389
6,69,receive_authenticate_accumulate,0.017228896,0.017228889
6,69,receive_authenticate_accumulate,0.017222989,0.017223148
6,69,receive_authenticate_accumulate,0.017221526,0.017221425
6,69,receive_authenticate_accumulate,0.017232415,0.017232408
6,69,receive_authenticate_accumulate,0.017229433,0.017229555
6,69,receive_authenticate_accumulate,0.017222174,0.017222297
6,69,receive_authenticate_accumulate,0.017222618,0.017222685
6,69,receive_authenticate_accumulate,0.017238285,0.017238426
6,69,receive_authenticate_accumulate,0.017234877,0.017234907
6,69,receive_authenticate_accumulate,0.017221859,0.017221963
6,69,receive_authenticate_accumulate,0.017234656,0.017234852
6,69,receive_authenticate_accumulate,0.017223119,0.017223296
6,69,receive_authenticate_accumulate,0.017228508,0.017228574
6,69,receive_authenticate_accumulate,0.017222008,0.017222148
6,69,receive_authenticate_accumulate,0.017218434,0.017218537
6,69,receive_authenticate_accumulate,0.017231416,0.017231500
6,69,receive_authenticate_accumulate,0.017229396,0.017229537
6,69,receive_authenticate_accumulate,0.017289748,0.017254796
6,69,reading_commitment_and_shares,0.026340043,0.026259483
6,69,receive_authenticate_accumulate,0.017226249,0.017226352
6,69,round_coverage,0.000003333,0.000002852
7,70,period_reset,0.000023889,0.000022870
7,70,receive_authenticate_accumulate,0.000090610,0.000090649
7,70,receive_authenticate_accumulate,0.000088610,0.000088519
7,70,receive_authenticate_accumulate,0.000082962,0.000082741
7,70,receive_authenticate_accumulate,0.000082944,0.000082740
7,70,receive_authenticate_accumulate,0.000083702,0.000083833
7,70,receive_authenticate_accumulate,0.000083202,0.000083204
7,70,receive_authenticate_accumulate,0.000082313,0.000081519
7,70,receive_authenticate_accumulate,0.000057222,0.000057315
7,70,receive_authenticate_accumulate,0.000055481,0.000055500
7,70,receive_authenticate_accumulate,0.000055944,0.000055945
7,70,receive_authenticate_accumulate,0.000057314,0.000057203
7,70,receive_authenticate_accumulate,0.000057240,0.000057166
7,70,receive_authenticate_accumulate,0.000057240,0.000057278
7,70,receive_authenticate_accumulate,0.000056796,0.000056648
7,70,receive_authenticate_accumulate,0.000057018,0.000056926
7,70,receive_authenticate_accumulate,0.000058463,0.000058444
7,70,receive_authenticate_accumulate,0.000084092,0.000084074
7,70,receive_authenticate_accumulate,0.000055018,0.000054723
7,70,receive_authenticate_accumulate,0.000060055,0.000059741
7,70,randomness_commit,0.000544345,0.000544593
7,70,receive_authenticate_accumulate,0.000059573,0.000059315
7,70,receive_authenticate_accumulate,0.000075425,0.000075296
7,70,receive_authenticate_accumulate,0.000068851,0.000068740
7,70,receive_authenticate_accumulate,0.000069128,0.000069018
7,70,receive_authenticate_accumulate,0.000071388,0.000071352
7,70,receive_authenticate_accumulate,0.000069129,0.000069167
7,70,receive_authenticate_accumulate,0.000070925,0.000070944
7,70,receive_authenticate_accumulate,0.000071147,0.000070982
7,70,receive_authenticate_accumulate,0.000071777,0.000071777
7,70,receive_authenticate_accumulate,0.000070129,0.000070000
7,70,receive_authenticate_accumulate,0.000070814,0.000070778
7,70,receive_authenticate_accumulate,0.000070944,0.000070852
7,70,receive_authenticate_accumulate,0.000071406,0.000071370
7,70,receive_authenticate_accumulate,0.000045611,0.000045482
7,70,receive_authenticate_accumulate,0.000042259,0.000042278
7,70,receive_authenticate_accumulate,0.000044833,0.000044741
7,70,receive_authenticate_accumulate,0.000045537,0.000045500
7,70,receive_authenticate_accumulate,0.000041647,0.000041518
7,70,receive_authenticate_accumulate,0.000046647,0.000046352
7,70,receive_authenticate_accumulate,0.000045463,0.000045278
7,70,randomness_reveal,0.000294293,0.000294241
7,70,receive_authenticate_accumulate,0.000041425,0.000041315
7,70,committee_selection,0.000082444,0.000082241
7,70,round_reset,0.000003481,0.000003019
7,70,receive_authenticate_accumulate,0.017224715,0.017224851
7,70,receive_authenticate_accumulate,0.017231362,0.017231352
7,70,receive_authenticate_accumulate,0.017229251,0.017229407
7,70,receive_authenticate_accumulate,0.017261400,0.017239944
7,70,receive_authenticate_accumulate,0.017223530,0.017223519
7,70,receive_authenticate_accumulate,0.017236363,0.017236648
7,70,receive_authenticate_accumulate,0.017219455,0.017219574
7,70,receive_authenticate_accumulate,0.017216753,0.017216667
7,70,receive_authenticate_accumulate,0.017229585,0.017229723
7,70,receive_authenticate_accumulate,0.017227271,0.017227167
7,70,receive_authenticate_accumulate,0.017225586,0.017225574
7,70,receive_authenticate_accumulate,0.017258289,0.017247352
7,70,receive_authenticate_accumulate,0.017231604,0.017231463
7,70,receive_authenticate_accumulate,0.017226253,0.017226241
7,70,receive_authenticate_accumulate,0.017218697,0.017218760
7,70,receive_authenticate_accumulate,0.017263492,0.017241593
7,70,receive_authenticate_accumulate,0.017222271,0.017222277
7,70,receive_authenticate_accumulate,0.017217715,0.017217741
7,70,receive_authenticate_accumulate,0.017228049,0.017228056
7,70,reading_commitment_and_shares,0.026288975,0.026289222
7,70,receive_authenticate_accumulate,0.017225623,0.017225759
7,70,round_coverage,0.000004037,0.000003037
7,71,round_reset,0.000008389,0.000007222
7,71,receive_authenticate_accumulate,0.017226422,0.017226426
7,71,receive_authenticate_accumulate,0.017228015,0.017227999
7,71,receive_authenticate_accumulate,0.017239829,0.017239907
7,71,receive_authenticate_accumulate,0.017221940,0.017222111
7,71,receive_authenticate_accumulate,0.017218774,0.017218852
7,71,receive_authenticate_accumulate,0.017285477,0.017242481
7,71,receive_authenticate_accumulate,0.017229497,0.017229537
7,71,receive_authenticate_accumulate,0.017217533,0.017217722
7,71,receive_authenticate_accumulate,0.017218404,0.017218500
7,71,receive_authenticate_accumulate,0.017274052,0.017239185
7,71,receive_authenticate_accumulate,0.017228089,0.017228148
7,71,receive_authenticate_accumulate,0.017222201,0.017222351
7,71,receive_authenticate_accumulate,0.017225015,0.017225037
7,71,receive_authenticate_accumulate,0.017227626,0.017227796
7,71,receive_authenticate_accumulate,0.017272719,0.017247259
7,71,receive_authenticate_accumulate,0.017224312,0.017224296
7,71,receive_authenticate_accumulate,0.017221164,0.017220908
7,71,receive_authenticate_accumulate,0.017221627,0.017221685
7,71,receive_authenticate_accumulate,0.017227256,0.017227389
7,71,reading_commitment_and_shares,0.026267185,0.026257703
7,71,receive_authenticate_accumulate,0.017219201,0.017219204
7,71,round_coverage,0.000003056,0.000002518
7,72,round_reset,0.000009685,0.000008500
7,72,receive_authenticate_accumulate,0.017265296,0.017246370
7,72,receive_authenticate_accumulate,0.017225592,0.017225778
7,72,receive_authenticate_accumulate,0.017228111,0.017228278
7,72,receive_authenticate_accumulate,0.017258573,0.017235148
7,72,receive_authenticate_accumulate,0.017217185,0.017217408
7,72,receive_authenticate_accumulate,0.017228352,0.017228500
7,72,receive_authenticate_accumulate,0.017219167,0.017219222
7,72,receive_authenticate_accumulate,0.017218537,0.017218555
7,72,receive_authenticate_accumulate,0.017222870,0.017222907
7,72,receive_authenticate_accumulate,0.017232870,0.017232704
7,72,receive_authenticate_accumulate,0.017220222,0.017220074
7,72,receive_authenticate_accumulate,0.017226111,0.017226222
7,72,receive_authenticate_accumulate,0.017271240,0.017239833
7,72,receive_authenticate_accumulate,0.017232556,0.017232796
7,72,receive_authenticate_accumulate,0.017229463,0.017229445
7,72,receive_authenticate_accumulate,0.017231500,0.017231334
7,72,receive_authenticate_accumulate,0.017348424,0.017257944
7,72,receive_authenticate_accumulate,0.017224315,0.017224408
7,72,receive_authenticate_accumulate,0.017227982,0.017228019
7,72,reading_commitment_and_shares,0.026287931,0.026260518
7,72,receive_authenticate_accumulate,0.017236241,0.017236296
7,72,round_coverage,0.000003629,0.000002926
7,73,round_reset,0.000010278,0.000009018
7,73,receive_authenticate_accumulate,0.017229466,0.017229389
7,73,receive_authenticate_accumulate,0.017232040,0.017232074
7,73,receive_authenticate_accumulate,0.017223151,0.017223111
7,73,receive_authenticate_accumulate,0.017236669,0.017236963
7,73,receive_authenticate_accumulate,0.017276132,0.017247240
7,73,receive_authenticate_accumulate,0.017233540,0.017233185
7,73,receive_authenticate_accumulate,0.017226503,0.017226481
7,73,receive_authenticate_accumulate,0.017219632,0.017219666
7,73,receive_authenticate_accumulate,0.017235059,0.017235037
7,73,receive_authenticate_accumulate,0.017238873,0.017238907
7,73,receive_authenticate_accumulate,0.017279484,0.017244851
7,73,receive_authenticate_accumulate,0.017224522,0.017224407
7,73,receive_authenticate_accumulate,0.017239911,0.017239463
7,73,receive_authenticate_accumulate,0.017226300,0.017226334
7,73,receive_authenticate_accumulate,0.017237855,0.017237833
7,73,receive_authenticate_accumulate,0.017232929,0.017233056
7,73,receive_authenticate_accumulate,0.017229614,0.017229556
7,73,receive_authenticate_accumulate,0.017269928,0.017245056
7,73,receive_authenticate_accumulate,0.017223615,0.017223722
7,73,reading_commitment_and_shares,0.026233102,0.026233037
7,73,receive_authenticate_accumulate,0.017291059,0.017250129
7,73,round_coverage,0.000003833,0.000003333
7,74,round_reset,0.000008870,0.000007537
7,74,receive_authenticate_accumulate,0.017262765,0.017232963
7,74,receive_authenticate_accumulate,0.017223932,0.017223945
7,74,receive_authenticate_accumulate,0.017228098,0.017228167
7,74,receive_authenticate_accumulate,0.017262672,0.017238796
7,74,receive_authenticate_accumulate,0.017221877,0.017221944
7,74,receive_authenticate_accumulate,0.017222969,0.017223000
7,74,receive_authenticate_accumulate,0.017242006,0.017242056
7,74,receive_authenticate_accumulate,0.017258784,0.017258907
7,74,receive_authenticate_accumulate,0.017220173,0.017220130
7,74,receive_authenticate_accumulate,0.017227877,0.017227870
7,74,receive_authenticate_accumulate,0.017224359,0.017224352
7,74,receive_authenticate_accumulate,0.017219914,0.017220167
7,74,receive_authenticate_accumulate,0.017220228,0.017220222
7,74,receive_authenticate_accumulate,0.017236914,0.017237000
7,74,receive_authenticate_accumulate,0.017269932,0.017226944
7,74,receive_authenticate_accumulate,0.017218877,0.017218814
7,74,receive_authenticate_accumulate,0.017232488,0.017232148
7,74,receive_authenticate_accumulate,0.017268154,0.017241278
7,74,receive_authenticate_accumulate,0.017208544,0.017208537
7,74,reading_commitment_and_shares,0.026240996,0.026241092
7,74,receive_authenticate_accumulate,0.017243358,0.017243851
7,74,round_coverage,0.000004148,0.000003704
7,75,round_reset,0.000008611,0.000007389
7,75,receive_authenticate_accumulate,0.017231657,0.017231759
7,75,receive_authenticate_accumulate,0.017224694,0.017224703
7,75,receive_authenticate_accumulate,0.017226101,0.017226204
7,75,receive_authenticate_accumulate,0.017228657,0.017228797
7,75,receive_authenticate_accumulate,0.017228990,0.017228925
7,75,receive_authenticate_accumulate,0.017220435,0.017220463
7,75,receive_authenticate_accumulate,0.017226657,0.017226667
7,75,receive_authenticate_accumulate,0.017226787,0.017226796
7,75,receive_authenticate_accumulate,0.017278731,0.017252852
7,75,receive_authenticate_accumulate,0.017236601,0.017236537
7,75,receive_authenticate_accumulate,0.017257638,0.017243055
7,75,receive_authenticate_accumulate,0.017224935,0.017225074
7,75,receive_authenticate_accumulate,0.017236861,0.017236907
7,75,receive_authenticate_accumulate,0.017224509,0.017224814
7,75,receive_authenticate_accumulate,0.017228546,0.017228685
7,75,receive_authenticate_accumulate,0.017224379,0.017224389
7,75,receive_authenticate_accumulate,0.017226861,0.017226908
7,75,receive_authenticate_accumulate,0.017219972,0.017219963
7,75,receive_authenticate_accumulate,0.017221750,0.017221685
7,75,reading_commitment_and_shares,0.026243408,0.026244130
7,75,receive_authenticate_accumulate,0.017222584,0.017222685
7,75,round_coverage,0.000003556,0.000003111
7,76,round_reset,0.000009519,0.000007796
7,76,receive_authenticate_accumulate,0.017224418,0.017224556
7,76,receive_authenticate_accumulate,0.017222290,0.017222389
7,76,receive_authenticate_accumulate,0.017226493,0.017226592
7,76,receive_authenticate_accumulate,0.017228141,0.017227981
7,76,receive_authenticate_accumulate,0.017225826,0.017225648
7,76,receive_authenticate_accumulate,0.017219753,0.017219833
7,76,receive_authenticate_accumulate,0.017236401,0.017236611
7,76,receive_authenticate_accumulate,0.017279493,0.017252352
7,76,receive_authenticate_accumulate,0.017225974,0.017226130
7,76,receive_authenticate_accumulate,0.017221975,0.017222111
7,76,receive_authenticate_accumulate,0.017266696,0.017237778
7,76,receive_authenticate_accumulate,0.017229456,0.017229500
7,76,receive_authenticate_accumulate,0.017225660,0.017225722
7,76,receive_authenticate_accumulate,0.017229863,0.017229871
7,76,receive_authenticate_accumulate,0.017223512,0.017223667
7,76,receive_authenticate_accumulate,0.017230289,0.017230389
7,76,receive_authenticate_accumulate,0.017222475,0.017222092
7,76,receive_authenticate_accumulate,0.017232697,0.017232740
7,76,receive_authenticate_accumulate,0.017227826,0.017227815
7,76,reading_commitment_and_shares,0.026237875,0.026238037
7,76,receive_authenticate_accumulate,0.017229827,0.017229871
7,76,round_coverage,0.000003463,0.000003000
7,77,round_reset,0.000009870,0.000008593
7,77,receive_authenticate_accumulate,0.017333216,0.017333149
7,77,receive_authenticate_accumulate,0.017233717,0.017233907
7,77,receive_authenticate_accumulate,0.017221273,0.017221333
7,77,receive_authenticate_accumulate,0.017224792,0.017224833
7,77,receive_authenticate_accumulate,0.017233218,0.017233204
7,77,receive_authenticate_accumulate,0.017220699,0.017220814
7,77,receive_authenticate_accumulate,0.017230921,0.017231074
7,77,receive_authenticate_accumulate,0.017221755,0.017221851
7,77,receive_authenticate_accumulate,0.017229089,0.017229278
7,77,receive_authenticate_accumulate,0.017226903,0.017226870
7,77,receive_authenticate_accumulate,0.017268588,0.017246074
7,77,receive_authenticate_accumulate,0.017230440,0.017230648
7,77,receive_authenticate_accumulate,0.017221830,0.017221963
7,77,receive_authenticate_accumulate,0.017235051,0.017235148
7,77,receive_authenticate_accumulate,0.017230737,0.017230926
7,77,receive_authenticate_accumulate,0.017220366,0.017220241
7,77,receive_authenticate_accumulate,0.017226829,0.017226889
7,77,receive_authenticate_accumulate,0.017225126,0.017225000
7,77,receive_authenticate_accumulate,0.017229292,0.017229204
7,77,reading_commitment_and_shares,0.026239212,0.026239463
7,77,receive_authenticate_accumulate,0.017218904,0.017219074
7,77,round_coverage,0.000003815,0.000003259
7,78,round_reset,0.000009944,0.000008740
7,78,receive_authenticate_accumulate,0.017225498,0.017225370
7,78,receive_authenticate_accumulate,0.017223164,0.017223037
7,78,receive_authenticate_accumulate,0.017269868,0.017241037
7,78,receive_authenticate_accumulate,0.017219942,0.017220111
7,78,receive_authenticate_accumulate,0.017228332,0.017228408
7,78,receive_authenticate_accumulate,0.017228924,0.017228926
7,78,receive_authenticate_accumulate,0.017225683,0.017225741
7,78,receive_authenticate_accumulate,0.017217684,0.017217722
7,78,receive_authenticate_accumulate,0.017261886,0.017239740
7,78,receive_authenticate_accumulate,0.017223498,0.017223407
7,78,receive_authenticate_accumulate,0.017231258,0.017231278
7,78,receive_authenticate_accumulate,0.017224406,0.017224407
7,78,receive_authenticate_accumulate,0.017237072,0.017237111
7,78,receive_authenticate_accumulate,0.017235850,0.017235926
7,78,receive_authenticate_accumulate,0.017267016,0.017238351
7,78,receive_authenticate_accumulate,0.017221295,0.017221370
7,78,receive_authenticate_accumulate,0.017224369,0.017224426
7,78,receive_authenticate_accumulate,0.017235869,0.017235926
7,78,receive_authenticate_accumulate,0.017241147,0.017241203
7,78,reading_commitment_and_shares,0.026255827,0.026256000
7,78,receive_authenticate_accumulate,0.017221072,0.017221130
7,78,round_coverage,0.000002926,0.000002352
7,79,round_reset,0.000009111,0.000007870
7,79,receive_authenticate_accumulate,0.017219055,0.017219055
7,79,receive_authenticate_accumulate,0.017221870,0.017221871
7,79,receive_authenticate_accumulate,0.017221408,0.017221389
7,79,receive_authenticate_accumulate,0.017273130,0.017243927
7,79,receive_authenticate_accumulate,0.017230130,0.017230296
7,79,receive_authenticate_accumulate,0.017231111,0.017231259
7,79,receive_authenticate_accumulate,0.017232370,0.017232407
7,79,receive_authenticate_accumulate,0.017226445,0.017226389
7,79,receive_authenticate_accumulate,0.017232260,0.017232111
7,79,receive_authenticate_accumulate,0.017228834,0.017228759
7,79,receive_authenticate_accumulate,0.017220982,0.017221093
7,79,receive_authenticate_accumulate,0.017227390,0.017227537
7,79,receive_authenticate_accumulate,0.017223445,0.017223593
7,79,receive_authenticate_accumulate,0.017224297,0.017224277
7,79,receive_authenticate_accumulate,0.017220112,0.017220241
7,79,receive_authenticate_accumulate,0.017249185,0.017231445
7,79,receive_authenticate_accumulate,0.017266593,0.017238370
7,79,receive_authenticate_accumulate,0.017227130,0.017227148
7,79,receive_authenticate_accumulate,0.017235371,0.017235445
7,79,reading_commitment_and_shares,0.026239497,0.026239777
7,79,receive_authenticate_accumulate,0.017226149,0.017226185
7,79,round_coverage,0.000004019,0.000003500
8,80,period_reset,0.000026778,0.000025537
8,80,receive_authenticate_accumulate,0.000092962,0.000092796
8,80,receive_authenticate_accumulate,0.000092369,0.000092055
8,80,receive_authenticate_accumulate,0.000088111,0.000088222
8,80,receive_authenticate_accumulate,0.000087943,0.000087778
8,80,receive_authenticate_accumulate,0.000089091,0.000089092
8,80,receive_authenticate_accumulate,0.000092091,0.000091889
8,80,receive_authenticate_accumulate,0.000089833,0.000089870
8,80,receive_authenticate_accumulate,0.000093814,0.000093240
8,80,receive_authenticate_accumulate,0.000088813,0.000088593
8,80,receive_authenticate_accumulate,0.000089147,0.000088963
8,80,receive_authenticate_accumulate,0.000089110,0.000088814
8,80,receive_authenticate_accumulate,0.000087759,0.000087574
8,80,receive_authenticate_accumulate,0.000090703,0.000090592
8,80,receive_authenticate_accumulate,0.000129592,0.000129445
8,80,receive_authenticate_accumulate,0.000090740,0.000090778
8,80,receive_authenticate_accumulate,0.000088554,0.000088575
8,80,receive_authenticate_accumulate,0.000039796,0.000039778
8,80,receive_authenticate_accumulate,0.000039259,0.000039204
8,80,receive_authenticate_accumulate,0.000039814,0.000039740
8,80,randomness_commit,0.000328181,0.000328037
8,80,receive_authenticate_accumulate,0.000037055,0.000036963
8,80,receive_authenticate_accumulate,0.000047462,0.000047371
8,80,receive_authenticate_accumulate,0.000046684,0.000046537
8,80,receive_authenticate_accumulate,0.000045703,0.000045555
8,80,receive_authenticate_accumulate,0.000049574,0.000049537
8,80,receive_authenticate_accumulate,0.000050629,0.000050445
8,80,receive_authenticate_accumulate,0.000043981,0.000043925
8,80,receive_authenticate_accumulate,0.000046592,0.000046666
8,80,receive_authenticate_accumulate,0.000044074,0.000044074
8,80,receive_authenticate_accumulate,0.000046648,0.000046648
8,80,receive_authenticate_accumulate,0.000047833,0.000047871
8,80,receive_authenticate_accumulate,0.000044833,0.000044667
8,80,receive_authenticate_accumulate,0.000047388,0.000047370
8,80,receive_authenticate_accumulate,0.000047259,0.000047037
8,80,receive_authenticate_accumulate,0.000046796,0.000046722
8,80,receive_authenticate_accumulate,0.000047703,0.000047611
8,80,receive_authenticate_accumulate,0.000046943,0.000046889
8,80,receive_authenticate_accumulate,0.000045815,0.000045703
8,80,receive_authenticate_accumulate,0.000048611,0.000048722
8,80,receive_authenticate_accumulate,0.000048722,0.000048611
8,80,randomness_reveal,0.000294293,0.000294148
8,80,receive_authenticate_accumulate,0.000044741,0.000044518
8,80,committee_selection,0.000084536,0.000084519
8,80,round_reset,0.000003889,0.000003426
8,80,receive_authenticate_accumulate,0.017232836,0.017232870
8,80,receive_authenticate_accumulate,0.000042925,0.000042852
8,80,receive_authenticate_accumulate,0.017227558,0.017227444
8,80,receive_authenticate_accumulate,0.000042166,0.000042111
8,80,receive_authenticate_accumulate,0.017224966,0.017225056
8,80,receive_authenticate_accumulate,0.000043055,0.000042963
8,80,receive_authenticate_accumulate,0.017221132,0.017220852
8,80,receive_authenticate_accumulate,0.000042925,0.000042870
8,80,receive_authenticate_accumulate,0.017230206,0.017230185
8,80,receive_authenticate_accumulate,0.000043629,0.000043481
8,80,receive_authenticate_accumulate,0.017233095,0.017232944
8,80,receive_authenticate_accumulate,0.000057925,0.000057963
8,80,receive_authenticate_accumulate,0.017224466,0.017224463
8,80,receive_authenticate_accumulate,0.000043759,0.000043648
8,80,receive_authenticate_accumulate,0.017223521,0.017223463
8,80,receive_authenticate_accumulate,0.000042444,0.000042334
8,80,receive_authenticate_accumulate,0.017238965,0.017238852
8,80,receive_authenticate_accumulate,0.000042610,0.000042537
8,80,receive_authenticate_accumulate,0.017273484,0.017246481
8,80,receive_authenticate_accumulate,0.000047222,0.000047093
8,80,receive_authenticate_accumulate,0.017232780,0.017232982
8,80,receive_authenticate_accumulate,0.000041759,0.000041759
8,80,receive_authenticate_accumulate,0.017228966,0.017228871
8,80,receive_authenticate_accumulate,0.000041907,0.000041833
8,80,receive_authenticate_accumulate,0.017233113,0.017233111
8,80,receive_authenticate_accumulate,0.000042795,0.000042852
8,80,receive_authenticate_accumulate,0.017234614,0.017234611
8,80,receive_authenticate_accumulate,0.000042703,0.000042630
8,80,receive_authenticate_accumulate,0.017231243,0.017231315
8,80,receive_authenticate_accumulate,0.000042684,0.000042648
8,80,receive_authenticate_accumulate,0.017227447,0.017227426
8,80,receive_authenticate_accumulate,0.000041703,0.000041630
8,80,receive_authenticate_accumulate,0.017230707,0.017230815
8,80,receive_authenticate_accumulate,0.000042296,0.000042240
8,80,receive_authenticate_accumulate,0.017225836,0.017225944
8,80,receive_authenticate_accumulate,0.000043074,0.000043056
8,80,receive_authenticate_accumulate,0.017234780,0.017234852
8,80,receive_authenticate_accumulate,0.000042426,0.000042315
8,80,reading_commitment_and_shares,0.026234963,0.026235111
8,80,receive_authenticate_accumulate,0.017232281,0.017232315
8,80,receive_authenticate_accumulate,0.000043648,0.000043556
8,80,round_coverage,0.000004148,0.000003518
8,80,spatial_report,0.000040222,0.000040093
8,81,round_reset,0.000009518,0.000008482
8,81,receive_authenticate_accumulate,0.017230448,0.017230371
8,81,receive_authenticate_accumulate,0.000045240,0.000045149
8,81,receive_authenticate_accumulate,0.017229264,0.017229241
8,81,receive_authenticate_accumulate,0.000041907,0.000041833
8,81,receive_authenticate_accumulate,0.017249133,0.017237795
8,81,receive_authenticate_accumulate,0.000043925,0.000043851
8,81,receive_authenticate_accumulate,0.017229727,0.017229519
8,81,receive_authenticate_accumulate,0.000043000,0.000042871
8,81,receive_authenticate_accumulate,0.017239209,0.017238759
8,81,receive_authenticate_accumulate,0.000042814,0.000042815
8,81,receive_authenticate_accumulate,0.017269967,0.017243242
8,81,receive_authenticate_accumulate,0.000042407,0.000042407
8,81,receive_authenticate_accumulate,0.017234264,0.017234352
8,81,receive_authenticate_accumulate,0.000042148,0.000042111
8,81,receive_authenticate_accumulate,0.017215431,0.017215500
8,81,receive_authenticate_accumulate,0.000041963,0.000041963
8,81,receive_authenticate_accumulate,0.017238448,0.017238333
8,81,receive_authenticate_accumulate,0.000043592,0.000043481
8,81,receive_authenticate_accumulate,0.017221671,0.017221371
8,81,receive_authenticate_accumulate,0.000043296,0.000043314
8,81,receive_authenticate_accumulate,0.017231116,0.017230962
8,81,receive_authenticate_accumulate,0.000043629,0.000043574
8,81,receive_authenticate_accumulate,0.017233708,0.017233444
8,81,receive_authenticate_accumulate,0.000044129,0.000044129
8,81,receive_authenticate_accumulate,0.017229190,0.017229222
8,81,receive_authenticate_accumulate,0.000042074,0.000042185
8,81,receive_authenticate_accumulate,0.017254967,0.017255148
8,81,receive_authenticate_accumulate,0.000038240,0.000038241
8,81,receive_authenticate_accumulate,0.017227172,0.017227204
8,81,receive_authenticate_accumulate,0.000037814,0.000037796
8,81,receive_authenticate_accumulate,0.017225690,0.017225463
8,81,receive_authenticate_accumulate,0.000038740,0.000038685
8,81,receive_authenticate_accumulate,0.017222523,0.017222537
8,81,receive_authenticate_accumulate,0.000038592,0.000038500
8,81,receive_authenticate_accumulate,0.017226912,0.017226870
8,81,receive_authenticate_accumulate,0.000038426,0.000038426
8,81,receive_authenticate_accumulate,0.017263912,0.017240500
8,81,receive_authenticate_accumulate,0.000038777,0.000038815
8,81,reading_commitment_and_shares,0.026240003,0.026240166
8,81,receive_authenticate_accumulate,0.017222208,0.017222093
8,81,receive_authenticate_accumulate,0.000038222,0.000038223
8,81,round_coverage,0.000004482,0.000003852
8,81,spatial_report,0.000039278,0.000039019
8,82,round_reset,0.000009685,0.000008445
8,82,receive_authenticate_accumulate,0.017232988,0.017233018
8,82,receive_authenticate_accumulate,0.000039204,0.000039092
8,82,receive_authenticate_accumulate,0.017230821,0.017230815
8,82,receive_authenticate_accumulate,0.000038259,0.000038129
8,82,receive_authenticate_accumulate,0.017219655,0.017219426
8,82,receive_authenticate_accumulate,0.000039110,0.000038945
8,82,receive_authenticate_accumulate,0.017229488,0.017229389
8,82,receive_authenticate_accumulate,0.000037296,0.000037296
8,82,receive_authenticate_accumulate,0.017223285,0.017223241
8,82,receive_authenticate_accumulate,0.000043481,0.000043482
8,82,receive_authenticate_accumulate,0.017241377,0.017241333
8,82,receive_authenticate_accumulate,0.000038982,0.000038981
8,82,receive_authenticate_accumulate,0.017229322,0.017229463
8,82,receive_authenticate_accumulate,0.000037796,0.000037722
8,82,receive_authenticate_accumulate,0.017261839,0.017238204
8,82,receive_authenticate_accumulate,0.000038444,0.000038426
8,82,receive_authenticate_accumulate,0.017241747,0.017241722
8,82,receive_authenticate_accumulate,0.000037889,0.000038037
8,82,receive_authenticate_accumulate,0.017230432,0.017230518
8,82,receive_authenticate_accumulate,0.000038074,0.000038074
8,82,receive_authenticate_accumulate,0.017227376,0.017227370
8,82,receive_authenticate_accumulate,0.000038037,0.000038000
8,82,receive_authenticate_accumulate,0.017227673,0.017227463
8,82,receive_authenticate_accumulate,0.000038259,0.000038055
8,82,receive_authenticate_accumulate,0.017280450,0.017245390
8,82,receive_authenticate_accumulate,0.000039259,0.000039167
8,82,receive_authenticate_accumulate,0.017227173,0.017227185
8,82,receive_authenticate_accumulate,0.000037907,0.000037833
8,82,receive_authenticate_accumulate,0.017236747,0.017236778
8,82,receive_authenticate_accumulate,0.000044407,0.000044370
8,82,receive_authenticate_accumulate,0.017225006,0.017224963
8,82,receive_authenticate_accumulate,0.000043740,0.000043704
8,82,receive_authenticate_accumulate,0.017238507,0.017238556
8,82,receive_authenticate_accumulate,0.000043407,0.000043333
8,82,receive_authenticate_accumulate,0.017225414,0.017225611
8,82,receive_authenticate_accumulate,0.000043073,0.000042982
8,82,receive_authenticate_accumulate,0.017223988,0.017223981
8,82,receive_authenticate_accumulate,0.000041833,0.000041777
8,82,reading_commitment_and_shares,0.026287042,0.026251222
8,82,receive_authenticate_accumulate,0.017225821,0.017225592
8,82,receive_authenticate_accumulate,0.000041944,0.000041889
8,82,round_coverage,0.000003722,0.000003130
8,82,spatial_report,0.000040444,0.000040297
8,83,round_reset,0.000008926,0.000007574
8,83,receive_authenticate_accumulate,0.017227083,0.017227055
8,83,receive_authenticate_accumulate,0.000043000,0.000042982
8,83,receive_authenticate_accumulate,0.017251656,0.017233759
8,83,receive_authenticate_accumulate,0.000045703,0.000045703
8,83,receive_authenticate_accumulate,0.017237638,0.017224074
8,83,receive_authenticate_accumulate,0.000044055,0.000043888
8,83,receive_authenticate_accumulate,0.017255267,0.017255037
8,83,receive_authenticate_accumulate,0.000044018,0.000043963
8,83,receive_authenticate_accumulate,0.017224416,0.017224388
8,83,receive_authenticate_accumulate,0.000043055,0.000043074
8,83,receive_authenticate_accumulate,0.017236360,0.017235945
8,83,receive_authenticate_accumulate,0.000043518,0.000043426
8,83,receive_authenticate_accumulate,0.017224823,0.017224834
8,83,receive_authenticate_accumulate,0.000043055,0.000043092
8,83,receive_authenticate_accumulate,0.017225212,0.017225278
8,83,receive_authenticate_accumulate,0.000042833,0.000042722
8,83,receive_authenticate_accumulate,0.017268841,0.017245481
8,83,receive_authenticate_accumulate,0.000043721,0.000043648
8,83,receive_authenticate_accumulate,0.017288897,0.017250315
8,83,receive_authenticate_accumulate,0.000043963,0.000043907
8,83,receive_authenticate_accumulate,0.017224841,0.017224833
8,83,receive_authenticate_accumulate,0.000055481,0.000055500
8,83,receive_authenticate_accumulate,0.017225157,0.017225204
8,83,receive_authenticate_accumulate,0.000042426,0.000042278
8,83,receive_authenticate_accumulate,0.017222008,0.017222037
8,83,receive_authenticate_accumulate,0.000044333,0.000044426
8,83,receive_authenticate_accumulate,0.017232416,0.017232352
8,83,receive_authenticate_accumulate,0.000041907,0.000041833
8,83,receive_authenticate_accumulate,0.017231453,0.017231463
8,83,receive_authenticate_accumulate,0.000042537,0.000042482
8,83,receive_authenticate_accumulate,0.017235231,0.017235148
8,83,receive_authenticate_accumulate,0.000043332,0.000043333
8,83,receive_authenticate_accumulate,0.017236712,0.017236777
8,83,receive_authenticate_accumulate,0.000045741,0.000045722
8,83,receive_authenticate_accumulate,0.017228583,0.017228574
8,83,receive_authenticate_accumulate,0.000043333,0.000043241
8,83,receive_authenticate_accumulate,0.017225398,0.017225222
8,83,receive_authenticate_accumulate,0.000043203,0.000043000
8,83,reading_commitment_and_shares,0.026240361,0.026240334
8,83,receive_authenticate_accumulate,0.017229490,0.017229593
8,83,receive_authenticate_accumulate,0.000042425,0.000042388
8,83,round_coverage,0.000003704,0.000003241
8,83,spatial_report,0.000039370,0.000039185
8,84,round_reset,0.000008889,0.000007556
8,84,receive_authenticate_accumulate,0.017225455,0.017225074
8,84,receive_authenticate_accumulate,0.000042722,0.000042593
8,84,receive_authenticate_accumulate,0.017221695,0.017221648
8,84,receive_authenticate_accumulate,0.000043111,0.000043148
8,84,receive_authenticate_accumulate,0.017230621,0.017230555
8,84,receive_authenticate_accumulate,0.000043111,0.000043000
8,84,receive_authenticate_accumulate,0.017231713,0.017231685
8,84,receive_authenticate_accumulate,0.000045611,0.000045630
8,84,receive_authenticate_accumulate,0.017231176,0.017231074
8,84,receive_authenticate_accumulate,0.000042148,0.000042092
8,84,receive_authenticate_accumulate,0.017231714,0.017231648
8,84,receive_authenticate_accumulate,0.000041684,0.000041593
8,84,receive_authenticate_accumulate,0.017272269,0.017241186
8,84,receive_authenticate_accumulate,0.000044703,0.000044833
8,84,receive_authenticate_accumulate,0.017245639,0.017234963
8,84,receive_authenticate_accumulate,0.000043055,0.000042982
8,84,receive_authenticate_accumulate,0.017229084,0.017229259
8,84,receive_authenticate_accumulate,0.000044851,0.000044796
8,84,receive_authenticate_accumulate,0.017228806,0.017228815
8,84,receive_authenticate_accumulate,0.000043240,0.000043074
8,84,receive_authenticate_accumulate,0.017265232,0.017238926
8,84,receive_authenticate_accumulate,0.000043481,0.000043296
8,84,receive_authenticate_accumulate,0.017242084,0.017241852
8,84,receive_authenticate_accumulate,0.000042258,0.000042093
8,84,receive_authenticate_accumulate,0.017270084,0.017244351
8,84,receive_authenticate_accumulate,0.000043462,0.000043407
8,84,receive_authenticate_accumulate,0.017224177,0.017224148
8,84,receive_authenticate_accumulate,0.000046166,0.000046037
8,84,receive_authenticate_accumulate,0.017219233,0.017219259
8,84,receive_authenticate_accumulate,0.000042666,0.000042611
8,84,receive_authenticate_accumulate,0.017222399,0.017222500
8,84,receive_authenticate_accumulate,0.000043574,0.000043481
8,84,receive_authenticate_accumulate,0.017234584,0.017234574
8,84,receive_authenticate_accumulate,0.000043259,0.000043241
8,84,receive_authenticate_accumulate,0.017226010,0.017226000
8,84,receive_authenticate_accumulate,0.000045870,0.000045889
8,84,receive_authenticate_accumulate,0.017228084,0.017228074
8,84,receive_authenticate_accumulate,0.000043740,0.000043648
8,84,reading_commitment_and_shares,0.026274548,0.026274741
8,84,receive_authenticate_accumulate,0.017221454,0.017221426
8,84,receive_authenticate_accumulate,0.000042499,0.000042445
8,84,round_coverage,0.000004500,0.000003944
8,84,spatial_report,0.000040073,0.000039870
8,85,round_reset,0.000008555,0.000007259
8,85,receive_authenticate_accumulate,0.017266788,0.017243759
8,85,receive_authenticate_accumulate,0.000043685,0.000043648
8,85,receive_authenticate_accumulate,0.017221919,0.017222074
8,85,receive_authenticate_accumulate,0.000043462,0.000043407
8,85,receive_authenticate_accumulate,0.017227049,0.017227167
8,85,receive_authenticate_accumulate,0.000043500,0.000043518
8,85,receive_authenticate_accumulate,0.017220530,0.017220481
8,85,receive_authenticate_accumulate,0.000045573,0.000045481
8,85,receive_authenticate_accumulate,0.017223011,0.017223185
8,85,receive_authenticate_accumulate,0.000042777,0.000042741
8,85,receive_authenticate_accumulate,0.017227196,0.017227241
8,85,receive_authenticate_accumulate,0.000042981,0.000042741
8,85,receive_authenticate_accumulate,0.017231345,0.017231518
8,85,receive_authenticate_accumulate,0.000043278,0.000043111
8,85,receive_authenticate_accumulate,0.017224716,0.017224852
8,85,receive_authenticate_accumulate,0.000046092,0.000046074
8,85,receive_authenticate_accumulate,0.017230882,0.017230889
8,85,receive_authenticate_accumulate,0.000042814,0.000042740
8,85,receive_authenticate_accumulate,0.017237012,0.017237037
8,85,receive_authenticate_accumulate,0.000045278,0.000045333
8,85,receive_authenticate_accumulate,0.017231993,0.017231907
8,85,receive_authenticate_accumulate,0.000042962,0.000042871
8,85,receive_authenticate_accumulate,0.017225475,0.017225500
8,85,receive_authenticate_accumulate,0.000043759,0.000043723
8,85,receive_authenticate_accumulate,0.017224623,0.017224574
8,85,receive_authenticate_accumulate,0.000043036,0.000043018
8,85,receive_authenticate_accumulate,0.017226178,0.017226259
8,85,receive_authenticate_accumulate,0.000043351,0.000043296
8,85,receive_authenticate_accumulate,0.017234974,0.017234889
8,85,receive_authenticate_accumulate,0.000042981,0.000042926
8,85,receive_authenticate_accumulate,0.017223974,0.017223871
8,85,receive_authenticate_accumulate,0.000042407,0.000042333
8,85,receive_authenticate_accumulate,0.017221048,0.017221056
8,85,receive_authenticate_accumulate,0.000043351,0.000043259
8,85,receive_authenticate_accumulate,0.017222882,0.017222870
8,85,receive_authenticate_accumulate,0.000043648,0.000043537
8,85,receive_authenticate_accumulate,0.017227438,0.017227500
8,85,receive_authenticate_accumulate,0.000043167,0.000043074
8,85,reading_commitment_and_shares,0.026236255,0.026236519
8,85,receive_authenticate_accumulate,0.017229697,0.017229630
8,85,receive_authenticate_accumulate,0.000042722,0.000042611
8,85,round_coverage,0.000004556,0.000004018
8,85,spatial_report,0.000040111,0.000039944
8,86,round_reset,0.000009333,0.000008370
8,86,receive_authenticate_accumulate,0.017219142,0.017219185
8,86,receive_authenticate_accumulate,0.000042907,0.000042871
8,86,receive_authenticate_accumulate,0.017240143,0.017240074
8,86,receive_authenticate_accumulate,0.000042129,0.000042037
8,86,receive_authenticate_accumulate,0.017266827,0.017242981
8,86,receive_authenticate_accumulate,0.000046703,0.000046704
8,86,receive_authenticate_accumulate,0.017221087,0.017221074
8,86,receive_authenticate_accumulate,0.000043407,0.000043260
8,86,receive_authenticate_accumulate,0.017227772,0.017227740
8,86,receive_authenticate_accumulate,0.000043999,0.000043908
8,86,receive_authenticate_accumulate,0.017228865,0.017228871
8,86,receive_authenticate_accumulate,0.000042407,0.000042352
8,86,receive_authenticate_accumulate,0.017222180,0.017222037
8,86,receive_authenticate_accumulate,0.000046018,0.000046074
8,86,receive_authenticate_accumulate,0.017223976,0.017224018
8,86,receive_authenticate_accumulate,0.000042258,0.000042148
8,86,receive_authenticate_accumulate,0.017216754,0.017216518
8,86,receive_authenticate_accumulate,0.000043314,0.000043222
8,86,receive_authenticate_accumulate,0.017230902,0.017230944
8,86,receive_authenticate_accumulate,0.000043203,0.000043130
8,86,receive_authenticate_accumulate,0.017231699,0.017231629
8,86,receive_authenticate_accumulate,0.000045999,0.000045963
8,86,receive_authenticate_accumulate,0.017229476,0.017229408
8,86,receive_authenticate_accumulate,0.000041870,0.000041815
8,86,receive_authenticate_accumulate,0.017231939,0.017231944
8,86,receive_authenticate_accumulate,0.000044111,0.000044019
8,86,receive_authenticate_accumulate,0.017238921,0.017238759
8,86,receive_authenticate_accumulate,0.000043519,0.000043519
8,86,receive_authenticate_accumulate,0.017228995,0.017228945
8,86,receive_authenticate_accumulate,0.000043703,0.000043629
8,86,receive_authenticate_accumulate,0.017255902,0.017232834
8,86,receive_authenticate_accumulate,0.000043555,0.000043519
8,86,receive_authenticate_accumulate,0.017223254,0.017223148
8,86,receive_authenticate_accumulate,0.000043333,0.000043315
8,86,receive_authenticate_accumulate,0.017241309,0.017241444
8,86,receive_authenticate_accumulate,0.000043500,0.000043556
8,86,receive_authenticate_accumulate,0.017232180,0.017232296
8,86,receive_authenticate_accumulate,0.000043888,0.000043722
8,86,reading_commitment_and_shares,0.026235275,0.026235500
8,86,receive_authenticate_accumulate,0.017250551,0.017237723
8,86,receive_authenticate_accumulate,0.000043389,0.000043296
8,86,round_coverage,0.000003944,0.000003240
8,86,spatial_report,0.000042388,0.000042315
8,87,round_reset,0.000009129,0.000007777
8,87,receive_authenticate_accumulate,0.017234681,0.017234648
8,87,receive_authenticate_accumulate,0.000042944,0.000048203
8,87,receive_authenticate_accumulate,0.017220126,0.017219963
8,87,receive_authenticate_accumulate,0.000043463,0.000043296
8,87,receive_authenticate_accumulate,0.017231848,0.017231574
8,87,receive_authenticate_accumulate,0.000043833,0.000043759
8,87,receive_authenticate_accumulate,0.017235922,0.017235833
8,87,receive_authenticate_accumulate,0.000074517,0.000074500
8,87,receive_authenticate_accumulate,0.017260626,0.017234056
8,87,receive_authenticate_accumulate,0.000043907,0.000043981
8,87,receive_authenticate_accumulate,0.017226977,0.017226926
8,87,receive_authenticate_accumulate,0.000038185,0.000038093
8,87,receive_authenticate_accumulate,0.017216514,0.017216351
8,87,receive_authenticate_accumulate,0.000038611,0.000038611
8,87,receive_authenticate_accumulate,0.017231570,0.017231407
8,87,receive_authenticate_accumulate,0.000039166,0.000039111
8,87,receive_authenticate_accumulate,0.017224255,0.017224074
8,87,receive_authenticate_accumulate,0.000045295,0.000045241
8,87,receive_authenticate_accumulate,0.017226681,0.017226722
8,87,receive_authenticate_accumulate,0.000038259,0.000038129
8,87,receive_authenticate_accumulate,0.017221071,0.017221296
8,87,receive_authenticate_accumulate,0.000037611,0.000037519
8,87,receive_authenticate_accumulate,0.017224663,0.017224833
8,87,receive_authenticate_accumulate,0.000038129,0.000038074
8,87,receive_authenticate_accumulate,0.017225144,0.017225222
8,87,receive_authenticate_accumulate,0.000038277,0.000038278
8,87,receive_authenticate_accumulate,0.017226330,0.017226426
8,87,receive_authenticate_accumulate,0.000038481,0.000038444
8,87,receive_authenticate_accumulate,0.017232477,0.017232315
8,87,receive_authenticate_accumulate,0.000039481,0.000039407
8,87,receive_authenticate_accumulate,0.017232977,0.017232926
8,87,receive_authenticate_accumulate,0.000037555,0.000037630
8,87,receive_authenticate_accumulate,0.017269736,0.017246388
8,87,receive_authenticate_accumulate,0.000038593,0.000038685
8,87,receive_authenticate_accumulate,0.017224459,0.017224222
8,87,receive_authenticate_accumulate,0.000037592,0.000037648
8,87,receive_authenticate_accumulate,0.017229274,0.017229130
8,87,receive_authenticate_accumulate,0.000040611,0.000040648
8,87,reading_commitment_and_shares,0.026286147,0.026257833
8,87,receive_authenticate_accumulate,0.017218533,0.017218518
8,87,receive_authenticate_accumulate,0.000035889,0.000035945
8,87,round_coverage,0.000004019,0.000003407
8,87,spatial_report,0.000038389,0.000038407
8,88,round_reset,0.000009408,0.000008204
8,88,receive_authenticate_accumulate,0.017218701,0.017218648
8,88,receive_authenticate_accumulate,0.000037148,0.000037259
8,88,receive_authenticate_accumulate,0.017229867,0.017229778
8,88,receive_authenticate_accumulate,0.000037185,0.000037223
8,88,receive_authenticate_accumulate,0.017230478,0.017230426
8,88,receive_authenticate_accumulate,0.000036944,0.000037000
8,88,receive_authenticate_accumulate,0.017227978,0.017228074
8,88,receive_authenticate_accumulate,0.000037129,0.000037130
8,88,receive_authenticate_accumulate,0.017227256,0.017227297
8,88,receive_authenticate_accumulate,0.000050370,0.000050445
8,88,receive_authenticate_accumulate,0.017257812,0.017234556
8,88,receive_authenticate_accumulate,0.000038704,0.000038833
8,88,receive_authenticate_accumulate,0.017219072,0.017219074
8,88,receive_authenticate_accumulate,0.000037573,0.000037704
8,88,receive_authenticate_accumulate,0.017226979,0.017226870
8,88,receive_authenticate_accumulate,0.000037463,0.000037445
8,88,receive_authenticate_accumulate,0.017227831,0.017227797
8,88,receive_authenticate_accumulate,0.000040352,0.000040389
8,88,receive_authenticate_accumulate,0.017219701,0.017219722
8,88,receive_authenticate_accumulate,0.000038519,0.000038629
8,88,receive_authenticate_accumulate,0.017218201,0.017218259
8,88,receive_authenticate_accumulate,0.000038055,0.000038241
8,88,receive_authenticate_accumulate,0.017231812,0.017231740
8,88,receive_authenticate_accumulate,0.000037796,0.000037704
8,88,receive_authenticate_accumulate,0.025846228,0.025846389
8,88,receive_authenticate_accumulate,0.000055092,0.000055259
8,88,receive_authenticate_accumulate,0.017227553,0.017227444
8,88,receive_authenticate_accumulate,0.000038648,0.000038796
8,88,receive_authenticate_accumulate,0.017227719,0.017227777
8,88,receive_authenticate_accumulate,0.000040556,0.000040703
8,88,receive_authenticate_accumulate,0.017230757,0.017230796
8,88,receive_authenticate_accumulate,0.000037259,0.000037148
8,88,receive_authenticate_accumulate,0.017223386,0.017223556
8,88,receive_authenticate_accumulate,0.000038240,0.000038315
8,88,receive_authenticate_accumulate,0.017267497,0.017267537
8,88,receive_authenticate_accumulate,0.000038610,0.000038722
8,88,receive_authenticate_accumulate,0.017243035,0.017243130
8,88,receive_authenticate_accumulate,0.000038296,0.000038351
8,88,reading_commitment_and_shares,0.026260871,0.026261056
8,88,receive_authenticate_accumulate,0.017272663,0.017244704
8,88,receive_authenticate_accumulate,0.000039037,0.000039037
8,88,round_coverage,0.000004093,0.000003426
8,88,spatial_report,0.000037555,0.000037518
8,89,round_reset,0.000010296,0.000009111
8,89,receive_authenticate_accumulate,0.017223239,0.017223129
8,89,receive_authenticate_accumulate,0.000036574,0.000036630
8,89,receive_authenticate_accumulate,0.017219221,0.017219204
8,89,receive_authenticate_accumulate,0.000037778,0.000037834
8,89,receive_authenticate_accumulate,0.017240980,0.017241055
8,89,receive_authenticate_accumulate,0.000039111,0.000039148
8,89,receive_authenticate_accumulate,0.017219591,0.017219592
8,89,receive_authenticate_accumulate,0.000039241,0.000039315
8,89,receive_authenticate_accumulate,0.017227998,0.017228093
8,89,receive_authenticate_accumulate,0.000036352,0.000036500
8,89,receive_authenticate_accumulate,0.017223110,0.017222981
8,89,receive_authenticate_accumulate,0.000036945,0.000037000
8,89,receive_authenticate_accumulate,0.017222462,0.017222389
8,89,receive_authenticate_accumulate,0.000037499,0.000037537
8,89,receive_authenticate_accumulate,0.017265869,0.017234314
8,89,receive_authenticate_accumulate,0.000040592,0.000040666
8,89,receive_authenticate_accumulate,0.017262350,0.017235408
8,89,receive_authenticate_accumulate,0.000038647,0.000038703
8,89,receive_authenticate_accumulate,0.017222832,0.017222777
8,89,receive_authenticate_accumulate,0.000038815,0.000038870
8,89,receive_authenticate_accumulate,0.017226609,0.017226592
8,89,receive_authenticate_accumulate,0.000037258,0.000037315
8,89,receive_authenticate_accumulate,0.017220572,0.017220611
8,89,receive_authenticate_accumulate,0.000041036,0.000041074
8,89,receive_authenticate_accumulate,0.025854618,0.025854796
8,89,receive_authenticate_accumulate,0.000056184,0.000056407
8,89,receive_authenticate_accumulate,0.017220665,0.017220666
8,89,receive_authenticate_accumulate,0.000037111,0.000037148
8,89,receive_authenticate_accumulate,0.017227369,0.017227649
8,89,receive_authenticate_accumulate,0.000037537,0.000037463
8,89,receive_authenticate_accumulate,0.017224443,0.017224500
8,89,receive_authenticate_accumulate,0.000040203,0.000040167
8,89,receive_authenticate_accumulate,0.017220332,0.017220297
8,89,receive_authenticate_accumulate,0.000037167,0.000037259
8,89,receive_authenticate_accumulate,0.017246924,0.017229686
8,89,receive_authenticate_accumulate,0.000038056,0.000038149
8,89,receive_authenticate_accumulate,0.017216999,0.017216926
8,89,receive_authenticate_accumulate,0.000037388,0.000037426
8,89,reading_commitment_and_shares,0.026242763,0.026242851
8,89,receive_authenticate_accumulate,0.017224498,0.017224407
8,89,receive_authenticate_accumulate,0.000037741,0.000037796
8,89,round_coverage,0.000003629,0.000003204
8,89,spatial_report,0.000039481,0.000039445
8,89,billing_report,0.000424551,0.000424444
9,90,period_reset,0.000025111,0.000024037
9,90,receive_authenticate_accumulate,0.000097684,0.000097648
9,90,receive_authenticate_accumulate,0.000089462,0.000089240
9,90,receive_authenticate_accumulate,0.000089277,0.000089092
9,90,receive_authenticate_accumulate,0.000087888,0.000087574
9,90,receive_authenticate_accumulate,0.000090517,0.000090519
9,90,receive_authenticate_accumulate,0.000088999,0.000088907
9,90,receive_authenticate_accumulate,0.000087888,0.000087704
9,90,receive_authenticate_accumulate,0.000061444,0.000061352
9,90,receive_authenticate_accumulate,0.000060259,0.000060093
9,90,receive_authenticate_accumulate,0.000060648,0.000060519
9,90,receive_authenticate_accumulate,0.000060925,0.000060834
9,90,receive_authenticate_accumulate,0.000060555,0.000060500
9,90,receive_authenticate_accumulate,0.000061759,0.000061648
9,90,receive_authenticate_accumulate,0.000063629,0.000063426
9,90,receive_authenticate_accumulate,0.000059500,0.000059315
9,90,receive_authenticate_accumulate,0.000061722,0.000061537
9,90,receive_authenticate_accumulate,0.000060777,0.000060629
9,90,receive_authenticate_accumulate,0.000060870,0.000060722
9,90,receive_authenticate_accumulate,0.000060462,0.000060352
9,90,randomness_commit,0.000512069,0.000512186
9,90,receive_authenticate_accumulate,0.000061425,0.000061241
9,90,receive_authenticate_accumulate,0.000074444,0.000074500
9,90,receive_authenticate_accumulate,0.000073907,0.000073833
9,90,receive_authenticate_accumulate,0.000074832,0.000074463
9,90,receive_authenticate_accumulate,0.000075129,0.000074963
9,90,receive_authenticate_accumulate,0.000073018,0.000072833
9,90,receive_authenticate_accumulate,0.000073758,0.000073518
9,90,receive_authenticate_accumulate,0.000072592,0.000072389
9,90,receive_authenticate_accumulate,0.000071647,0.000071592
9,90,receive_authenticate_accumulate,0.000073444,0.000073371
9,90,receive_authenticate_accumulate,0.000074351,0.000074130
9,90,receive_authenticate_accumulate,0.000071814,0.000071666
9,90,receive_authenticate_accumulate,0.000076388,0.000076148
9,90,receive_authenticate_accumulate,0.000044870,0.000044778
9,90,receive_authenticate_accumulate,0.000046796,0.000046777
9,90,receive_authenticate_accumulate,0.000067981,0.000067908
9,90,receive_authenticate_accumulate,0.000044574,0.000044463
9,90,receive_authenticate_accumulate,0.000047204,0.000047148
9,90,receive_authenticate_accumulate,0.000044740,0.000044667
9,90,receive_authenticate_accumulate,0.000046963,0.000047000
9,90,randomness_reveal,0.000292294,0.000292223
9,90,receive_authenticate_accumulate,0.000047129,0.000047204
9,90,committee_selection,0.000082018,0.000081888
9,90,round_reset,0.000003852,0.000003370
9,90,receive_authenticate_accumulate,0.017223315,0.017223314
9,90,receive_authenticate_accumulate,0.017245962,0.017232833
9,90,receive_authenticate_accumulate,0.017227519,0.017227444
9,90,receive_authenticate_accumulate,0.017230296,0.017230222
9,90,receive_authenticate_accumulate,0.017229555,0.017229167
9,90,receive_authenticate_accumulate,0.017226203,0.017226111
9,90,receive_authenticate_accumulate,0.017231074,0.017231037
9,90,receive_authenticate_accumulate,0.017229055,0.017229074
9,90,receive_authenticate_accumulate,0.017221463,0.017221407
9,90,receive_authenticate_accumulate,0.017221722,0.017221704
9,90,receive_authenticate_accumulate,0.017227371,0.017227333
9,90,receive_authenticate_accumulate,0.017226852,0.017226796
9,90,receive_authenticate_accumulate,0.017233074,0.017233055
9,90,receive_authenticate_accumulate,0.017224000,0.017223815
9,90,receive_authenticate_accumulate,0.017251129,0.017240278
9,90,receive_authenticate_accumulate,0.017233092,0.017233018
9,90,receive_authenticate_accumulate,0.017228203,0.017228111
9,90,receive_authenticate_accumulate,0.017229315,0.017229296
9,90,receive_authenticate_accumulate,0.017226018,0.017226074
9,90,reading_commitment_and_shares,0.026228579,0.026228629
9,90,receive_authenticate_accumulate,0.017217500,0.017217481
9,90,round_coverage,0.000003740,0.000003074
9,91,round_reset,0.000009518,0.000008463
9,91,receive_authenticate_accumulate,0.017231797,0.017231593
9,91,receive_authenticate_accumulate,0.017234390,0.017234481
9,91,receive_authenticate_accumulate,0.017229612,0.017229482
9,91,receive_authenticate_accumulate,0.017295686,0.017254556
9,91,receive_authenticate_accumulate,0.017231446,0.017231408
9,91,receive_authenticate_accumulate,0.017220760,0.017220797
9,91,receive_authenticate_accumulate,0.017234020,0.017234111
9,91,receive_authenticate_accumulate,0.017232463,0.017232556
9,91,receive_authenticate_accumulate,0.017230890,0.017231018
9,91,receive_authenticate_accumulate,0.017222649,0.017222814
9,91,receive_authenticate_accumulate,0.017222779,0.017222704
9,91,receive_authenticate_accumulate,0.017233890,0.017233723
9,91,receive_authenticate_accumulate,0.017239649,0.017239592
9,91,receive_authenticate_accumulate,0.017232778,0.017232574
9,91,receive_authenticate_accumulate,0.017224130,0.017224222
9,91,receive_authenticate_accumulate,0.017230687,0.017230592
9,91,receive_authenticate_accumulate,0.017280241,0.017241538
9,91,receive_authenticate_accumulate,0.017224890,0.017224796
9,91,receive_authenticate_accumulate,0.017222964,0.017222963
9,91,reading_commitment_and_shares,0.026298210,0.026253391
9,91,receive_authenticate_accumulate,0.017219724,0.017219851
9,91,round_coverage,0.000003185,0.000002667
9,92,round_reset,0.000010000,0.000008500
9,92,receive_authenticate_accumulate,0.017230409,0.017230500
9,92,receive_authenticate_accumulate,0.017221558,0.017221556
9,92,receive_authenticate_accumulate,0.017221391,0.017221463
9,92,receive_authenticate_accumulate,0.017273983,0.017247038
9,92,receive_authenticate_accumulate,0.017233169,0.017233055
9,92,receive_authenticate_accumulate,0.017229687,0.017229759
9,92,receive_authenticate_accumulate,0.017223446,0.017223537
9,92,receive_authenticate_accumulate,0.017230372,0.017230260
9,92,receive_authenticate_accumulate,0.017228169,0.017228203
9,92,receive_authenticate_accumulate,0.017227464,0.017227314
9,92,receive_authenticate_accumulate,0.017219521,0.017219463
9,92,receive_authenticate_accumulate,0.017227316,0.017227425
9,92,receive_authenticate_accumulate,0.017219539,0.017219537
9,92,receive_authenticate_accumulate,0.017221502,0.017221574
9,92,receive_authenticate_accumulate,0.017250058,0.017237649
9,92,receive_authenticate_accumulate,0.017234465,0.017234629
9,92,receive_authenticate_accumulate,0.017219558,0.017219703
9,92,receive_authenticate_accumulate,0.017330409,0.017256462
9,92,receive_authenticate_accumulate,0.017226465,0.017226463
9,92,reading_commitment_and_shares,0.026292119,0.026263685
9,92,receive_authenticate_accumulate,0.017226446,0.017226445
9,92,round_coverage,0.000003444,0.000003037
9,93,round_reset,0.000010277,0.000009074
9,93,receive_authenticate_accumulate,0.017230836,0.017230889
9,93,receive_authenticate_accumulate,0.017225244,0.017225259
9,93,receive_authenticate_accumulate,0.017234410,0.017234463
9,93,receive_authenticate_accumulate,0.017223817,0.017223814
9,93,receive_authenticate_accumulate,0.017232855,0.017232648
9,93,receive_authenticate_accumulate,0.017229188,0.017229296
9,93,receive_authenticate_accumulate,0.017261428,0.017261667
9,93,receive_authenticate_accumulate,0.017231077,0.017231315
9,93,receive_authenticate_accumulate,0.017230540,0.017230481
9,93,receive_authenticate_accumulate,0.017218040,0.017217908
9,93,receive_authenticate_accumulate,0.017226929,0.017226907
9,93,receive_authenticate_accumulate,0.017217651,0.017217741
9,93,receive_authenticate_accumulate,0.017228244,0.017228167
9,93,receive_authenticate_accumulate,0.017226058,0.017226111
9,93,receive_authenticate_accumulate,0.017228040,0.017228185
9,93,receive_authenticate_accumulate,0.017228799,0.017228815
9,93,receive_authenticate_accumulate,0.017226336,0.017226260
9,93,receive_authenticate_accumulate,0.017228466,0.017228463
9,93,receive_authenticate_accumulate,0.017216837,0.017216629
9,93,reading_commitment_and_shares,0.026237195,0.026237204
9,93,receive_authenticate_accumulate,0.017274058,0.017232537
9,93,round_coverage,0.000003334,0.000002871
9,94,round_reset,0.000009723,0.000008389
9,94,receive_authenticate_accumulate,0.017229003,0.017228962
9,94,receive_authenticate_accumulate,0.017226448,0.017226482
9,94,receive_authenticate_accumulate,0.017232300,0.017232185
9,94,receive_authenticate_accumulate,0.017231782,0.017231814
9,94,receive_authenticate_accumulate,0.017227152,0.017226982
9,94,receive_authenticate_accumulate,0.017225393,0.017225296
9,94,receive_authenticate_accumulate,0.017227874,0.017227888
9,94,receive_authenticate_accumulate,0.017224949,0.017224981
9,94,receive_authenticate_accumulate,0.017262078,0.017237445
9,94,receive_authenticate_accumulate,0.017232744,0.017232666
9,94,receive_authenticate_accumulate,0.017236763,0.017237130
9,94,receive_authenticate_accumulate,0.017253448,0.017253241
9,94,receive_authenticate_accumulate,0.017231800,0.017231815
9,94,receive_authenticate_accumulate,0.017222467,0.017222463
9,94,receive_authenticate_accumulate,0.017230726,0.017230741
9,94,receive_authenticate_accumulate,0.017237244,0.017237426
9,94,receive_authenticate_accumulate,0.017225967,0.017225981
9,94,receive_authenticate_accumulate,0.017217893,0.017217760
9,94,receive_authenticate_accumulate,0.017220190,0.017220111
9,94,reading_commitment_and_shares,0.026256104,0.026256352
9,94,receive_authenticate_accumulate,0.017228412,0.017228333
9,94,round_coverage,0.000004166,0.000003574
9,95,round_reset,0.000009777,0.000008722
9,95,receive_authenticate_accumulate,0.017234449,0.017234444
9,95,receive_authenticate_accumulate,0.017220875,0.017220944
9,95,receive_authenticate_accumulate,0.017228505,0.017228537
9,95,receive_authenticate_accumulate,0.017225782,0.017225926
9,95,receive_authenticate_accumulate,0.017221041,0.017221019
9,95,receive_authenticate_accumulate,0.017218079,0.017218074
9,95,receive_authenticate_accumulate,0.017226023,0.017226037
9,95,receive_authenticate_accumulate,0.017226115,0.017225852
9,95,receive_authenticate_accumulate,0.017222616,0.017222685
9,95,receive_authenticate_accumulate,0.017251023,0.017235611
9,95,receive_authenticate_accumulate,0.017219820,0.017219722
9,95,receive_authenticate_accumulate,0.017227857,0.017227796
9,95,receive_authenticate_accumulate,0.017228024,0.017227777
9,95,receive_authenticate_accumulate,0.017223190,0.017223185
9,95,receive_authenticate_accumulate,0.017232764,0.017232500
9,95,receive_authenticate_accumulate,0.017231394,0.017231426
9,95,receive_authenticate_accumulate,0.017227764,0.017227685
9,95,receive_authenticate_accumulate,0.017229339,0.017229352
9,95,receive_authenticate_accumulate,0.017227541,0.017227462
9,95,reading_commitment_and_shares,0.026232865,0.026233093
9,95,receive_authenticate_accumulate,0.017223338,0.017223204
9,95,round_coverage,0.000003704,0.000003129
9,96,round_reset,0.000009166,0.000008018
9,96,receive_authenticate_accumulate,0.017230394,0.017230463
9,96,receive_authenticate_accumulate,0.017230283,0.017230277
9,96,receive_authenticate_accumulate,0.017226339,0.017226296
9,96,receive_authenticate_accumulate,0.017230709,0.017230722
9,96,receive_authenticate_accumulate,0.017241654,0.017241666
9,96,receive_authenticate_accumulate,0.017223450,0.017223407
9,96,receive_authenticate_accumulate,0.017227376,0.017227129
9,96,receive_authenticate_accumulate,0.017227432,0.017227444
9,96,receive_authenticate_accumulate,0.017227117,0.017227037
9,96,receive_authenticate_accumulate,0.017224209,0.017224130
9,96,receive_authenticate_accumulate,0.017223505,0.017223574
9,96,receive_authenticate_accumulate,0.017225468,0.017225593
9,96,receive_authenticate_accumulate,0.017231339,0.017231408
9,96,receive_authenticate_accumulate,0.017228431,0.017228370
9,96,receive_authenticate_accumulate,0.017232709,0.017232630
9,96,receive_authenticate_accumulate,0.017222653,0.017222666
9,96,receive_authenticate_accumulate,0.017228394,0.017228185
9,96,receive_authenticate_accumulate,0.017234802,0.017234611
9,96,receive_authenticate_accumulate,0.017231006,0.017230963
9,96,reading_commitment_and_shares,0.026262144,0.026263093
9,96,receive_authenticate_accumulate,0.017227932,0.017227944
9,96,round_coverage,0.000003760,0.000003167
9,97,round_reset,0.000009056,0.000007722
9,97,receive_authenticate_accumulate,0.017230007,0.017229963
9,97,receive_authenticate_accumulate,0.017218136,0.017218112
9,97,receive_authenticate_accumulate,0.017226988,0.017227018
9,97,receive_authenticate_accumulate,0.017234729,0.017234574
9,97,receive_authenticate_accumulate,0.017228118,0.017228019
9,97,receive_authenticate_accumulate,0.017222062,0.017221944
9,97,receive_authenticate_accumulate,0.017225043,0.017225037
9,97,receive_authenticate_accumulate,0.017231821,0.017231703
9,97,receive_authenticate_accumulate,0.017223118,0.017223074
9,97,receive_authenticate_accumulate,0.017219970,0.017219648
9,97,receive_authenticate_accumulate,0.017222099,0.017222130
9,97,receive_authenticate_accumulate,0.017229266,0.017229093
9,97,receive_authenticate_accumulate,0.017226914,0.017226851
9,97,receive_authenticate_accumulate,0.017241173,0.017241130
9,97,receive_authenticate_accumulate,0.017225674,0.017225629
9,97,receive_authenticate_accumulate,0.017221877,0.017221889
9,97,receive_authenticate_accumulate,0.017224988,0.017224945
9,97,receive_authenticate_accumulate,0.017240543,0.017240314
9,97,receive_authenticate_accumulate,0.017233062,0.017232963
9,97,reading_commitment_and_shares,0.026237867,0.026237889
9,97,receive_authenticate_accumulate,0.017224988,0.017224426
9,97,round_coverage,0.000003982,0.000003297
9,98,round_reset,0.000009556,0.000008222
9,98,receive_authenticate_accumulate,0.017235044,0.017235037
9,98,receive_authenticate_accumulate,0.017224581,0.017224648
9,98,receive_authenticate_accumulate,0.017219748,0.017219852
9,98,receive_authenticate_accumulate,0.017230747,0.017230555
9,98,receive_authenticate_accumulate,0.017237470,0.017237518
9,98,receive_authenticate_accumulate,0.017218803,0.017218963
9,98,receive_authenticate_accumulate,0.017232840,0.017232666
9,98,receive_authenticate_accumulate,0.017220526,0.017220481
9,98,receive_authenticate_accumulate,0.017233933,0.017234055
9,98,receive_authenticate_accumulate,0.017228174,0.017228074
9,98,receive_authenticate_accumulate,0.017223804,0.017223630
9,98,receive_authenticate_accumulate,0.017229952,0.017229944
9,98,receive_authenticate_accumulate,0.017229507,0.017229408
9,98,receive_authenticate_accumulate,0.017223304,0.017223259
9,98,receive_authenticate_accumulate,0.017224155,0.017224074
9,98,receive_authenticate_accumulate,0.017230173,0.017230111
9,98,receive_authenticate_accumulate,0.017224933,0.017224815
9,98,receive_authenticate_accumulate,0.017225674,0.017225574
9,98,receive_authenticate_accumulate,0.017231211,0.017231167
9,98,reading_commitment_and_shares,0.026272497,0.026272666
9,98,receive_authenticate_accumulate,0.017220396,0.017220074
9,98,round_coverage,0.000003555,0.000002944
9,99,round_reset,0.000009056,0.000007704
9,99,receive_authenticate_accumulate,0.017222656,0.017222630
9,99,receive_authenticate_accumulate,0.017279655,0.017252630
9,99,receive_authenticate_accumulate,0.017236767,0.017236648
9,99,receive_authenticate_accumulate,0.017237434,0.017237445
9,99,receive_authenticate_accumulate,0.017235841,0.017235778
9,99,receive_authenticate_accumulate,0.017242730,0.017242777
9,99,receive_authenticate_accumulate,0.017238452,0.017238425
9,99,receive_authenticate_accumulate,0.017238008,0.017237982
9,99,receive_authenticate_accumulate,0.017229304,0.017229240
9,99,receive_authenticate_accumulate,0.017227378,0.017227389
9,99,receive_authenticate_accumulate,0.017249211,0.017237241
9,99,receive_authenticate_accumulate,0.017226323,0.017226315
9,99,receive_authenticate_accumulate,0.017244434,0.017244463
9,99,receive_authenticate_accumulate,0.017227285,0.017227463
9,99,receive_authenticate_accumulate,0.017220526,0.017220370
9,99,receive_authenticate_accumulate,0.017229175,0.017229296
9,99,receive_authenticate_accumulate,0.017220804,0.017220685
9,99,receive_authenticate_accumulate,0.017225952,0.017225888
9,99,receive_authenticate_accumulate,0.017236526,0.017236630
9,99,reading_commitment_and_shares,0.026231592,0.026231759
9,99,receive_authenticate_accumulate,0.017226174,0.017226056
9,99,round_coverage,0.000003463,0.000003000
10,100,period_reset,0.000024667,0.000023519
10,100,receive_authenticate_accumulate,0.000091869,0.000091556
10,100,receive_authenticate_accumulate,0.000083555,0.000083463
10,100,receive_authenticate_accumulate,0.000087406,0.000087241
10,100,receive_authenticate_accumulate,0.000084425,0.000084426
10,100,receive_authenticate_accumulate,0.000092777,0.000092667
10,100,receive_authenticate_accumulate,0.000088074,0.000087741
10,100,receive_authenticate_accumulate,0.000085888,0.000085741
10,100,receive_authenticate_accumulate,0.000063426,0.000063352
10,100,receive_authenticate_accumulate,0.000059277,0.000059186
10,100,receive_authenticate_accumulate,0.000061925,0.000062000
10,100,receive_authenticate_accumulate,0.000056389,0.000056241
10,100,receive_authenticate_accumulate,0.000057462,0.000057519
10,100,receive_authenticate_accumulate,0.000054778,0.000054740
10,100,receive_authenticate_accumulate,0.000058555,0.000057944
10,100,receive_authenticate_accumulate,0.000057573,0.000057407
10,100,receive_authenticate_accumulate,0.000057259,0.000057259
10,100,receive_authenticate_accumulate,0.000058333,0.000058204
10,100,receive_authenticate_accumulate,0.000057963,0.000057778
10,100,receive_authenticate_accumulate,0.000058092,0.000058167
10,100,randomness_commit,0.000525625,0.000525666
10,100,receive_authenticate_accumulate,0.000055703,0.000055592
10,100,receive_authenticate_accumulate,0.000069851,0.000069889
10,100,receive_authenticate_accumulate,0.000070258,0.000070093
10,100,receive_authenticate_accumulate,0.000069832,0.000069777
10,100,receive_authenticate_accumulate,0.000069573,0.000069445
10,100,receive_authenticate_accumulate,0.000067943,0.000067870
10,100,receive_authenticate_accumulate,0.000069110,0.000069055
10,100,receive_authenticate_accumulate,0.000068962,0.000068982
10,100,receive_authenticate_accumulate,0.000069314,0.000068611
10,100,receive_authenticate_accumulate,0.000068870,0.000068925
10,100,receive_authenticate_accumulate,0.000069407,0.000069334
10,100,receive_authenticate_accumulate,0.000068611,0.000068482
10,100,receive_authenticate_accumulate,0.000068647,0.000068555
10,100,receive_authenticate_accumulate,0.000047592,0.000047389
10,100,receive_authenticate_accumulate,0.000047777,0.000047797
10,100,receive_authenticate_accumulate,0.000046814,0.000046574
10,100,receive_authenticate_accumulate,0.000044351,0.000044167
10,100,receive_authenticate_accumulate,0.000047536,0.000047444
10,100,receive_authenticate_accumulate,0.000050000,0.000049796
10,100,receive_authenticate_accumulate,0.000045000,0.000044926
10,100,randomness_reveal,0.000293997,0.000294037
10,100,receive_authenticate_accumulate,0.000048074,0.000047908
10,100,committee_selection,0.000083555,0.000083445
10,100,round_reset,0.000003981,0.000003556
10,100,receive_authenticate_accumulate,0.017229675,0.017229685
10,100,receive_authenticate_accumulate,0.000037407,0.000037481
10,100,receive_authenticate_accumulate,0.017232046,0.017231926
10,100,receive_authenticate_accumulate,0.000037166,0.000037241
10,100,receive_authenticate_accumulate,0.017229527,0.017229556
10,100,receive_authenticate_accumulate,0.000036611,0.000036666
10,100,receive_authenticate_accumulate,0.017234583,0.017234407
10,100,receive_authenticate_accumulate,0.000036962,0.000037037
10,100,receive_authenticate_accumulate,0.017238008,0.017238166
10,100,receive_authenticate_accumulate,0.000037741,0.000037834
10,100,receive_authenticate_accumulate,0.017229860,0.017229852
10,100,receive_authenticate_accumulate,0.000035889,0.000035944
10,100,receive_authenticate_accumulate,0.017230064,0.017229833
10,100,receive_authenticate_accumulate,0.000036333,0.000036426
10,100,receive_authenticate_accumulate,0.017229249,0.017229185
10,100,receive_authenticate_accumulate,0.000036184,0.000036297
10,100,receive_authenticate_accumulate,0.017276137,0.017248185
10,100,receive_authenticate_accumulate,0.000037185,0.000037240
10,100,receive_authenticate_accumulate,0.017223786,0.017223666
10,100,receive_authenticate_accumulate,0.000036444,0.000036593
10,100,receive_authenticate_accumulate,0.017226212,0.017226278
10,100,receive_authenticate_accumulate,0.000036574,0.000036575
10,100,receive_authenticate_accumulate,0.017227823,0.017227704
10,100,receive_authenticate_accumulate,0.000037093,0.000037111
10,100,receive_authenticate_accumulate,0.017229879,0.017229722
10,100,receive_authenticate_accumulate,0.000037333,0.000037371
10,100,receive_authenticate_accumulate,0.017227583,0.017227463
10,100,receive_authenticate_accumulate,0.000040629,0.000040667
10,100,receive_authenticate_accumulate,0.017218842,0.017218796
10,100,receive_authenticate_accumulate,0.000035833,0.000035815
10,100,receive_authenticate_accumulate,0.017226638,0.017226648
10,100,receive_authenticate_accumulate,0.000036259,0.000036352
10,100,receive_authenticate_accumulate,0.017234194,0.017234130
10,100,receive_authenticate_accumulate,0.000036055,0.000036074
10,100,receive_authenticate_accumulate,0.017230065,0.017229981
10,100,receive_authenticate_accumulate,0.000037278,0.000037296
10,100,receive_authenticate_accumulate,0.017225805,0.017225889
10,100,receive_authenticate_accumulate,0.000062962,0.000063092
10,100,reading_commitment_and_shares,0.026239111,0.026239334
10,100,receive_authenticate_accumulate,0.017217564,0.017217426
10,100,receive_authenticate_accumulate,0.000033203,0.000033240
10,100,round_coverage,0.000004092,0.000003426
10,100,spatial_report,0.000038092,0.000038037
10,101,round_reset,0.000008907,0.000007592
10,101,receive_authenticate_accumulate,0.017234880,0.017234852
10,101,receive_authenticate_accumulate,0.000037166,0.000037149
10,101,receive_authenticate_accumulate,0.017230533,0.017230519
10,101,receive_authenticate_accumulate,0.000038740,0.000038574
10,101,receive_authenticate_accumulate,0.017225403,0.017225167
10,101,receive_authenticate_accumulate,0.000038611,0.000038593
10,101,receive_authenticate_accumulate,0.017286970,0.017243999
10,101,receive_authenticate_accumulate,0.000039573,0.000039519
10,101,receive_authenticate_accumulate,0.017220694,0.017221037
10,101,receive_authenticate_accumulate,0.000038036,0.000038055
10,101,receive_authenticate_accumulate,0.017221786,0.017222222
10,101,receive_authenticate_accumulate,0.000037350,0.000037297
10,101,receive_authenticate_accumulate,0.017224009,0.017224389
10,101,receive_authenticate_accumulate,0.000037887,0.000037833
10,101,receive_authenticate_accumulate,0.017258083,0.017232130
10,101,receive_authenticate_accumulate,0.000044146,0.000044037
10,101,receive_authenticate_accumulate,0.017222584,0.017222962
10,101,receive_authenticate_accumulate,0.000039591,0.000039666
10,101,receive_authenticate_accumulate,0.017227732,0.017228389
10,101,receive_authenticate_accumulate,0.000043739,0.000043741
10,101,receive_authenticate_accumulate,0.017232491,0.017232834
10,101,receive_authenticate_accumulate,0.000042221,0.000042093
10,101,receive_authenticate_accumulate,0.017250344,0.017240130
10,101,receive_authenticate_accumulate,0.000043461,0.000043388
10,101,receive_authenticate_accumulate,0.017236196,0.017236574
10,101,receive_authenticate_accumulate,0.000042961,0.000042944
10,101,receive_authenticate_accumulate,0.017222808,0.017223185
10,101,receive_authenticate_accumulate,0.000042647,0.000042704
10,101,receive_authenticate_accumulate,0.017228789,0.017229092
10,101,receive_authenticate_accumulate,0.000042665,0.000042611
10,101,receive_authenticate_accumulate,0.017224789,0.017225148
10,101,receive_authenticate_accumulate,0.000043480,0.000043352
10,101,receive_authenticate_accumulate,0.017259511,0.017249833
10,101,receive_authenticate_accumulate,0.000043147,0.000043167
10,101,receive_authenticate_accumulate,0.017221957,0.017222371
10,101,receive_authenticate_accumulate,0.000043461,0.000043426
10,101,receive_authenticate_accumulate,0.017229124,0.017229499
10,101,receive_authenticate_accumulate,0.000042703,0.000042574
10,101,reading_commitment_and_shares,0.026232654,0.026233722
10,101,receive_authenticate_accumulate,0.017229346,0.017229741
10,101,receive_authenticate_accumulate,0.000042684,0.000042704
10,101,round_coverage,0.000004463,0.000003666
10,101,spatial_report,0.000038387,0.000038241
10,102,round_reset,0.000008981,0.000007704
10,102,receive_authenticate_accumulate,0.017233602,0.017233926
10,102,receive_authenticate_accumulate,0.000043869,0.000043870
10,102,receive_authenticate_accumulate,0.017225714,0.017226074
10,102,receive_authenticate_accumulate,0.000042388,0.000042389
10,102,receive_authenticate_accumulate,0.017237547,0.017237945
10,102,receive_authenticate_accumulate,0.000041462,0.000041481
10,102,receive_authenticate_accumulate,0.017229696,0.017230093
10,102,receive_authenticate_accumulate,0.000041554,0.000041444
10,102,receive_authenticate_accumulate,0.017237715,0.017238129
10,102,receive_authenticate_accumulate,0.000044851,0.000044945
10,102,receive_authenticate_accumulate,0.017222363,0.017222777
10,102,receive_authenticate_accumulate,0.000041739,0.000041649
10,102,receive_authenticate_accumulate,0.017269529,0.017246130
10,102,receive_authenticate_accumulate,0.000042221,0.000042148
10,102,receive_authenticate_accumulate,0.017232752,0.017233000
10,102,receive_authenticate_accumulate,0.000043221,0.000043074
10,102,receive_authenticate_accumulate,0.017205087,0.017205463
10,102,receive_authenticate_accumulate,0.000044758,0.000044703
10,102,receive_authenticate_accumulate,0.017238364,0.017238778
10,102,receive_authenticate_accumulate,0.000042258,0.000042222
10,102,receive_authenticate_accumulate,0.017229679,0.017230056
10,102,receive_authenticate_accumulate,0.000042498,0.000042482
10,102,receive_authenticate_accumulate,0.017226957,0.017227297
10,102,receive_authenticate_accumulate,0.000042073,0.000041963
10,102,receive_authenticate_accumulate,0.017228217,0.017228630
10,102,receive_authenticate_accumulate,0.000037554,0.000037629
10,102,receive_authenticate_accumulate,0.017237199,0.017237611
10,102,receive_authenticate_accumulate,0.000037332,0.000037407
10,102,receive_authenticate_accumulate,0.017222792,0.017223185
10,102,receive_authenticate_accumulate,0.000036554,0.000036611
10,102,receive_authenticate_accumulate,0.017228959,0.017229426
10,102,receive_authenticate_accumulate,0.000037092,0.000037148
10,102,receive_authenticate_accumulate,0.017241218,0.017241685
10,102,receive_authenticate_accumulate,0.000044110,0.000043889
10,102,receive_authenticate_accumulate,0.017226885,0.017227222
10,102,receive_authenticate_accumulate,0.000043110,0.000043074
10,102,receive_authenticate_accumulate,0.017230738,0.017231222
10,102,receive_authenticate_accumulate,0.000046073,0.000046037
10,102,reading_commitment_and_shares,0.026286036,0.026256648
10,102,receive_authenticate_accumulate,0.017253255,0.017230870
10,102,receive_authenticate_accumulate,0.000043462,0.000043389
10,102,round_coverage,0.000004111,0.000003556
10,102,spatial_report,0.000040184,0.000039981
10,103,round_reset,0.000009907,0.000007852
10,103,receive_authenticate_accumulate,0.017218623,0.017218981
10,103,receive_authenticate_accumulate,0.000043165,0.000043074
10,103,receive_authenticate_accumulate,0.017223548,0.017223981
10,103,receive_authenticate_accumulate,0.000043628,0.000043556
10,103,receive_authenticate_accumulate,0.017227068,0.017227537
10,103,receive_authenticate_accumulate,0.000042758,0.000042666
10,103,receive_authenticate_accumulate,0.017227975,0.017228296
10,103,receive_authenticate_accumulate,0.000042628,0.000042667
10,103,receive_authenticate_accumulate,0.017216161,0.017216444
10,103,receive_authenticate_accumulate,0.000043387,0.000043463
10,103,receive_authenticate_accumulate,0.017227198,0.017227648
10,103,receive_authenticate_accumulate,0.000042221,0.000042185
10,103,receive_authenticate_accumulate,0.017229124,0.017229500
10,103,receive_authenticate_accumulate,0.000043313,0.000043093
10,103,receive_authenticate_accumulate,0.017229605,0.017229926
10,103,receive_authenticate_accumulate,0.000043684,0.000043611
10,103,receive_authenticate_accumulate,0.017261883,0.017236500
10,103,receive_authenticate_accumulate,0.000042647,0.000042519
10,103,receive_authenticate_accumulate,0.017229199,0.017229574
10,103,receive_authenticate_accumulate,0.000043036,0.000042982
10,103,receive_authenticate_accumulate,0.017223254,0.017223667
10,103,receive_authenticate_accumulate,0.000044128,0.000043963
10,103,receive_authenticate_accumulate,0.017281290,0.017255093
10,103,receive_authenticate_accumulate,0.000057220,0.000057130
10,103,receive_authenticate_accumulate,0.017226329,0.017226667
10,103,receive_authenticate_accumulate,0.000043072,0.000042981
10,103,receive_authenticate_accumulate,0.017223626,0.017223944
10,103,receive_authenticate_accumulate,0.000043739,0.000043741
10,103,receive_authenticate_accumulate,0.017231700,0.017231481
10,103,receive_authenticate_accumulate,0.000043147,0.000043055
10,103,receive_authenticate_accumulate,0.017269847,0.017270574
10,103,receive_authenticate_accumulate,0.000045147,0.000045074
10,103,receive_authenticate_accumulate,0.017250718,0.017251148
10,103,receive_authenticate_accumulate,0.000044943,0.000044833
10,103,receive_authenticate_accumulate,0.017227516,0.017227907
10,103,receive_authenticate_accumulate,0.000043110,0.000042963
10,103,receive_authenticate_accumulate,0.017222350,0.017222685
10,103,receive_authenticate_accumulate,0.000043610,0.000043426
10,103,reading_commitment_and_shares,0.026230327,0.026230981
10,103,receive_authenticate_accumulate,0.017225127,0.017225500
10,103,receive_authenticate_accumulate,0.000043295,0.000043185
10,103,round_coverage,0.000004499,0.000003852
10,103,spatial_report,0.000040591,0.000040315
10,104,round_reset,0.000009241,0.000008074
10,104,receive_authenticate_accumulate,0.017227105,0.017227555
10,104,receive_authenticate_accumulate,0.000043128,0.000043130
10,104,receive_authenticate_accumulate,0.017226382,0.017226722
10,104,receive_authenticate_accumulate,0.000042721,0.000042629
10,104,receive_authenticate_accumulate,0.017256714,0.017236222
10,104,receive_authenticate_accumulate,0.000043740,0.000043666
10,104,receive_authenticate_accumulate,0.017224105,0.017224426
10,104,receive_authenticate_accumulate,0.000043665,0.000043611
10,104,receive_authenticate_accumulate,0.017220994,0.017221185
10,104,receive_authenticate_accumulate,0.000044443,0.000044241
10,104,receive_authenticate_accumulate,0.017220143,0.017220482
10,104,receive_authenticate_accumulate,0.000044498,0.000044444
10,104,receive_authenticate_accumulate,0.017226347,0.017226667
10,104,receive_authenticate_accumulate,0.000042776,0.000042630
10,104,receive_authenticate_accumulate,0.017232439,0.017232907
10,104,receive_authenticate_accumulate,0.000042072,0.000042074
10,104,receive_authenticate_accumulate,0.017218644,0.017218926
10,104,receive_authenticate_accumulate,0.000043536,0.000043408
10,104,receive_authenticate_accumulate,0.017253383,0.017227388
10,104,receive_authenticate_accumulate,0.000043388,0.000043204
10,104,receive_authenticate_accumulate,0.017218311,0.017218797
10,104,receive_authenticate_accumulate,0.000043147,0.000043019
10,104,receive_authenticate_accumulate,0.017228199,0.017228518
10,104,receive_authenticate_accumulate,0.000042721,0.000042666
10,104,receive_authenticate_accumulate,0.017236421,0.017236648
10,104,receive_authenticate_accumulate,0.000042683,0.000042574
10,104,receive_authenticate_accumulate,0.017228885,0.017229185
10,104,receive_authenticate_accumulate,0.000043554,0.000043537
10,104,receive_authenticate_accumulate,0.017219126,0.017219481
10,104,receive_authenticate_accumulate,0.000044295,0.000044333
10,104,receive_authenticate_accumulate,0.017230589,0.017231019
10,104,receive_authenticate_accumulate,0.000041591,0.000041611
10,104,receive_authenticate_accumulate,0.017259645,0.017237351
10,104,receive_authenticate_accumulate,0.000043462,0.000043277
10,104,receive_authenticate_accumulate,0.017223978,0.017224130
10,104,receive_authenticate_accumulate,0.000044795,0.000044870
10,104,receive_authenticate_accumulate,0.017258848,0.017259296
10,104,receive_authenticate_accumulate,0.000043943,0.000043833
10,104,reading_commitment_and_shares,0.026349166,0.026317555
10,104,receive_authenticate_accumulate,0.017220423,0.017220796
10,104,receive_authenticate_accumulate,0.000044110,0.000044055
10,104,round_coverage,0.000004351,0.000003833
10,104,spatial_report,0.000039998,0.000039815
10,105,round_reset,0.000008796,0.000007815
10,105,receive_authenticate_accumulate,0.017238788,0.017239055
10,105,receive_authenticate_accumulate,0.000042665,0.000042574
10,105,receive_authenticate_accumulate,0.017274121,0.017245870
10,105,receive_authenticate_accumulate,0.000042406,0.000042333
10,105,receive_authenticate_accumulate,0.017222066,0.017222371
10,105,receive_authenticate_accumulate,0.000043999,0.000043926
10,105,receive_authenticate_accumulate,0.017224438,0.017224777
10,105,receive_authenticate_accumulate,0.000043036,0.000043037
10,105,receive_authenticate_accumulate,0.017234438,0.017234463
10,105,receive_authenticate_accumulate,0.000042980,0.000042778
10,105,receive_authenticate_accumulate,0.017227808,0.017228055
10,105,receive_authenticate_accumulate,0.000042869,0.000042833
10,105,receive_authenticate_accumulate,0.017221179,0.017221426
10,105,receive_authenticate_accumulate,0.000043610,0.000043575
10,105,receive_authenticate_accumulate,0.017224716,0.017225074
10,105,receive_authenticate_accumulate,0.000041906,0.000041889
10,105,receive_authenticate_accumulate,0.017311844,0.017261834
10,105,receive_authenticate_accumulate,0.000044924,0.000044815
10,105,receive_authenticate_accumulate,0.017220364,0.017220611
10,105,receive_authenticate_accumulate,0.000042869,0.000042796
10,105,receive_authenticate_accumulate,0.017218791,0.017218907
10,105,receive_authenticate_accumulate,0.000043721,0.000043389
10,105,receive_authenticate_accumulate,0.017217180,0.017217648
10,105,receive_authenticate_accumulate,0.000042684,0.000042686
10,105,receive_authenticate_accumulate,0.017229476,0.017229778
10,105,receive_authenticate_accumulate,0.000042666,0.000042648
10,105,receive_authenticate_accumulate,0.017218588,0.017218889
10,105,receive_authenticate_accumulate,0.000043314,0.000043241
10,105,receive_authenticate_accumulate,0.017261290,0.017236445
10,105,receive_authenticate_accumulate,0.000042814,0.000042722
10,105,receive_authenticate_accumulate,0.017224125,0.017224259
10,105,receive_authenticate_accumulate,0.000042184,0.000042167
10,105,receive_authenticate_accumulate,0.017228718,0.017229056
10,105,receive_authenticate_accumulate,0.000042536,0.000042425
10,105,receive_authenticate_accumulate,0.017217774,0.017218222
10,105,receive_authenticate_accumulate,0.000042907,0.000042833
10,105,receive_authenticate_accumulate,0.017249366,0.017249833
10,105,receive_authenticate_accumulate,0.000038332,0.000038296
10,105,reading_commitment_and_shares,0.026242714,0.026243500
10,105,receive_authenticate_accumulate,0.017229274,0.017229555
10,105,receive_authenticate_accumulate,0.000039073,0.000039093
10,105,round_coverage,0.000004018,0.000003537
10,105,spatial_report,0.000038388,0.000038167
10,106,round_reset,0.000009944,0.000007574
10,106,receive_authenticate_accumulate,0.017265064,0.017237482
10,106,receive_authenticate_accumulate,0.000043684,0.000043685
10,106,receive_authenticate_accumulate,0.017229213,0.017229537
10,106,receive_authenticate_accumulate,0.000041962,0.000041945
10,106,receive_authenticate_accumulate,0.017220139,0.017220260
10,106,receive_authenticate_accumulate,0.000044129,0.000044093
10,106,receive_authenticate_accumulate,0.017254064,0.017233611
10,106,receive_authenticate_accumulate,0.000043795,0.000043796
10,106,receive_authenticate_accumulate,0.017217621,0.017217870
10,106,receive_authenticate_accumulate,0.000046554,0.000046500
10,106,receive_authenticate_accumulate,0.017217602,0.017217945
10,106,receive_authenticate_accumulate,0.000041517,0.000041463
10,106,receive_authenticate_accumulate,0.017228436,0.017228667
10,106,receive_authenticate_accumulate,0.000042591,0.000042537
10,106,receive_authenticate_accumulate,0.017231788,0.017232000
10,106,receive_authenticate_accumulate,0.000043925,0.000043740
10,106,receive_authenticate_accumulate,0.017214715,0.017215055
10,106,receive_authenticate_accumulate,0.000044370,0.000044388
10,106,receive_authenticate_accumulate,0.017224733,0.017224888
10,106,receive_authenticate_accumulate,0.000042776,0.000042815
10,106,receive_authenticate_accumulate,0.017225788,0.017226037
10,106,receive_authenticate_accumulate,0.000044832,0.000044778
10,106,receive_authenticate_accumulate,0.017225752,0.017225741
10,106,receive_authenticate_accumulate,0.000042573,0.000042574
10,106,receive_authenticate_accumulate,0.017231603,0.017231982
10,106,receive_authenticate_accumulate,0.000042277,0.000042259
10,106,receive_authenticate_accumulate,0.017219160,0.017219481
10,106,receive_authenticate_accumulate,0.000043925,0.000043815
10,106,receive_authenticate_accumulate,0.017225474,0.017225759
10,106,receive_authenticate_accumulate,0.000043536,0.000043555
10,106,receive_authenticate_accumulate,0.017216105,0.017216426
10,106,receive_authenticate_accumulate,0.000043091,0.000042833
10,106,receive_authenticate_accumulate,0.017232475,0.017232796
10,106,receive_authenticate_accumulate,0.000041462,0.000041371
10,106,receive_authenticate_accumulate,0.017226697,0.017227037
10,106,receive_authenticate_accumulate,0.000037647,0.000037722
10,106,receive_authenticate_accumulate,0.017218606,0.017218982
10,106,receive_authenticate_accumulate,0.000036924,0.000037018
10,106,reading_commitment_and_shares,0.026245998,0.026246981
10,106,receive_authenticate_accumulate,0.017260512,0.017242740
10,106,receive_authenticate_accumulate,0.000037573,0.000037611
10,106,round_coverage,0.000004241,0.000003667
10,106,spatial_report,0.000039518,0.000039556
10,107,round_reset,0.000009778,0.000008759
10,107,receive_authenticate_accumulate,0.017226524,0.017226741
10,107,receive_authenticate_accumulate,0.000037240,0.000037278
10,107,receive_authenticate_accumulate,0.017263542,0.017263852
10,107,receive_authenticate_accumulate,0.000038017,0.000037889
10,107,receive_authenticate_accumulate,0.017231025,0.017231278
10,107,receive_authenticate_accumulate,0.000037370,0.000037130
10,107,receive_authenticate_accumulate,0.017273580,0.017249685
10,107,receive_authenticate_accumulate,0.000037666,0.000037815
10,107,receive_authenticate_accumulate,0.017258450,0.017231167
10,107,receive_authenticate_accumulate,0.000037666,0.000037741
10,107,receive_authenticate_accumulate,0.017227007,0.017227296
10,107,receive_authenticate_accumulate,0.000037055,0.000037093
10,107,receive_authenticate_accumulate,0.017224063,0.017224315
10,107,receive_authenticate_accumulate,0.000040369,0.000040518
10,107,receive_authenticate_accumulate,0.017226877,0.017227204
10,107,receive_authenticate_accumulate,0.000036425,0.000036537
10,107,receive_authenticate_accumulate,0.017224749,0.017225018
10,107,receive_authenticate_accumulate,0.000036573,0.000036629
10,107,receive_authenticate_accumulate,0.017229230,0.017229408
10,107,receive_authenticate_accumulate,0.000037647,0.000037666
10,107,receive_authenticate_accumulate,0.017226452,0.017226574
10,107,receive_authenticate_accumulate,0.000040017,0.000040055
10,107,receive_authenticate_accumulate,0.017222768,0.017223000
10,107,receive_authenticate_accumulate,0.000037091,0.000037185
10,107,receive_authenticate_accumulate,0.017231767,0.017232019
10,107,receive_authenticate_accumulate,0.000037221,0.000037259
10,107,receive_authenticate_accumulate,0.017222639,0.017222518
10,107,receive_authenticate_accumulate,0.000037406,0.000037463
10,107,receive_authenticate_accumulate,0.017220120,0.017220407
10,107,receive_authenticate_accumulate,0.000037499,0.000037556
10,107,receive_authenticate_accumulate,0.017221583,0.017221907
10,107,receive_authenticate_accumulate,0.000037647,0.000037778
10,107,receive_authenticate_accumulate,0.017271804,0.017234408
10,107,receive_authenticate_accumulate,0.000038573,0.000038574
10,107,receive_authenticate_accumulate,0.017266897,0.017242963
10,107,receive_authenticate_accumulate,0.000038277,0.000038315
10,107,receive_authenticate_accumulate,0.017265064,0.017239500
10,107,receive_authenticate_accumulate,0.000037869,0.000037926
10,107,reading_commitment_and_shares,0.026245022,0.026245685
10,107,receive_authenticate_accumulate,0.017219973,0.017219815
10,107,receive_authenticate_accumulate,0.000037906,0.000037963
10,107,round_coverage,0.000003704,0.000003093
10,107,spatial_report,0.000039833,0.000039722
10,108,round_reset,0.000009519,0.000008203
10,108,receive_authenticate_accumulate,0.017219929,0.017219962
10,108,receive_authenticate_accumulate,0.000036962,0.000037130
10,108,receive_authenticate_accumulate,0.017224169,0.017224537
10,108,receive_authenticate_accumulate,0.000037703,0.000037685
10,108,receive_authenticate_accumulate,0.017233280,0.017233407
10,108,receive_authenticate_accumulate,0.000036702,0.000036723
10,108,receive_authenticate_accumulate,0.017281391,0.017246666
10,108,receive_authenticate_accumulate,0.000038554,0.000038649
10,108,receive_authenticate_accumulate,0.017219836,0.017220166
10,108,receive_authenticate_accumulate,0.000036851,0.000036963
10,108,receive_authenticate_accumulate,0.017227374,0.017227796
10,108,receive_authenticate_accumulate,0.000038925,0.000038889
10,108,receive_authenticate_accumulate,0.017229541,0.017230018
10,108,receive_authenticate_accumulate,0.000037850,0.000037870
10,108,receive_authenticate_accumulate,0.017233910,0.017234074
10,108,receive_authenticate_accumulate,0.000038573,0.000038574
10,108,receive_authenticate_accumulate,0.017228300,0.017228611
10,108,receive_authenticate_accumulate,0.000038055,0.000038055
10,108,receive_authenticate_accumulate,0.017230078,0.017230352
10,108,receive_authenticate_accumulate,0.000037073,0.000037130
10,108,receive_authenticate_accumulate,0.017225560,0.017225592
10,108,receive_authenticate_accumulate,0.000037721,0.000037740
10,108,receive_authenticate_accumulate,0.017228060,0.017228333
10,108,receive_authenticate_accumulate,0.000038943,0.000038945
10,108,receive_authenticate_accumulate,0.022876150,0.022763149
10,108,receive_authenticate_accumulate,0.000039277,0.000039352
10,108,receive_authenticate_accumulate,0.017221505,0.017221759
10,108,receive_authenticate_accumulate,0.000036499,0.000036500
10,108,receive_authenticate_accumulate,0.017228653,0.017228852
10,108,receive_authenticate_accumulate,0.000036740,0.000036889
10,108,receive_authenticate_accumulate,0.017223765,0.017224074
10,108,receive_authenticate_accumulate,0.000040980,0.000040944
10,108,receive_authenticate_accumulate,0.017218043,0.017218296
10,108,receive_authenticate_accumulate,0.000037517,0.000037537
10,108,receive_authenticate_accumulate,0.017220968,0.017221185
10,108,receive_authenticate_accumulate,0.000036036,0.000036056
10,108,receive_authenticate_accumulate,0.017229450,0.017229630
10,108,receive_authenticate_accumulate,0.000037814,0.000037870
10,108,reading_commitment_and_shares,0.026240748,0.026241408
10,108,receive_authenticate_accumulate,0.017269190,0.017241778
10,108,receive_authenticate_accumulate,0.000037610,0.000037648
10,108,round_coverage,0.000003963,0.000003408
10,108,spatial_report,0.000039944,0.000039907
10,109,round_reset,0.000009851,0.000008703
10,109,receive_authenticate_accumulate,0.017228479,0.017228759
10,109,receive_authenticate_accumulate,0.000037073,0.000037149
10,109,receive_authenticate_accumulate,0.017220757,0.017221019
10,109,receive_authenticate_accumulate,0.000037629,0.000037630
10,109,receive_authenticate_accumulate,0.017223997,0.017224278
10,109,receive_authenticate_accumulate,0.000036980,0.000036926
10,109,receive_authenticate_accumulate,0.017251831,0.017238499
10,109,receive_authenticate_accumulate,0.000038129,0.000038185
10,109,receive_authenticate_accumulate,0.017223128,0.017223296
10,109,receive_authenticate_accumulate,0.000040148,0.000040223
10,109,receive_authenticate_accumulate,0.017263535,0.017239371
10,109,receive_authenticate_accumulate,0.000039462,0.000039463
10,109,receive_authenticate_accumulate,0.017225628,0.017226018
10,109,receive_authenticate_accumulate,0.000038054,0.000038093
10,109,receive_authenticate_accumulate,0.017228906,0.017229203
10,109,receive_authenticate_accumulate,0.000036666,0.000036629
10,109,receive_authenticate_accumulate,0.017225703,0.017225852
10,109,receive_authenticate_accumulate,0.000040981,0.000041111
10,109,receive_authenticate_accumulate,0.017225796,0.017226037
10,109,receive_authenticate_accumulate,0.000038277,0.000038334
10,109,receive_authenticate_accumulate,0.017225129,0.017225426
10,109,receive_authenticate_accumulate,0.000037166,0.000037352
10,109,receive_authenticate_accumulate,0.017252499,0.017233333
10,109,receive_authenticate_accumulate,0.000037147,0.000037148
10,109,receive_authenticate_accumulate,0.025848258,0.025848778
10,109,receive_authenticate_accumulate,0.000054110,0.000054240
10,109,receive_authenticate_accumulate,0.017219038,0.017219296
10,109,receive_authenticate_accumulate,0.000050721,0.000050907
10,109,receive_authenticate_accumulate,0.017220870,0.017221167
10,109,receive_authenticate_accumulate,0.000038110,0.000038130
10,109,receive_authenticate_accumulate,0.017283296,0.017244945
10,109,receive_authenticate_accumulate,0.000038332,0.000038537
10,109,receive_authenticate_accumulate,0.017223983,0.017224240
10,109,receive_authenticate_accumulate,0.000036499,0.000036574
10,109,receive_authenticate_accumulate,0.017219611,0.017219852
10,109,receive_authenticate_accumulate,0.000040925,0.000040944
10,109,receive_authenticate_accumulate,0.017227593,0.017227815
10,109,receive_authenticate_accumulate,0.000037240,0.000037278
10,109,reading_commitment_and_shares,0.026236621,0.026237222
10,109,receive_authenticate_accumulate,0.017260723,0.017229647
10,109,receive_authenticate_accumulate,0.000038573,0.000038593
10,109,round_coverage,0.000004204,0.000003574
10,109,spatial_report,0.000038665,0.000038575
10,109,billing_report,0.000420656,0.000420259
11,110,period_reset,0.000025185,0.000023963
11,110,receive_authenticate_accumulate,0.000095628,0.000095574
11,110,receive_authenticate_accumulate,0.000091831,0.000091296
11,110,receive_authenticate_accumulate,0.000091146,0.000091111
11,110,receive_authenticate_accumulate,0.000091553,0.000091426
11,110,receive_authenticate_accumulate,0.000092035,0.000091760
11,110,receive_authenticate_accumulate,0.000089924,0.000089907
11,110,receive_authenticate_accumulate,0.000090683,0.000090630
11,110,receive_authenticate_accumulate,0.000068776,0.000068611
11,110,receive_authenticate_accumulate,0.000070999,0.000070704
11,110,receive_authenticate_accumulate,0.000069814,0.000069556
11,110,receive_authenticate_accumulate,0.000069813,0.000069648
11,110,receive_authenticate_accumulate,0.000069443,0.000069167
11,110,receive_authenticate_accumulate,0.000069165,0.000068963
11,110,receive_authenticate_accumulate,0.000069147,0.000069185
11,110,receive_authenticate_accumulate,0.000069572,0.000069519
11,110,receive_authenticate_accumulate,0.000068369,0.000068222
11,110,receive_authenticate_accumulate,0.000069442,0.000069296
11,110,receive_authenticate_accumulate,0.000068813,0.000068815
11,110,receive_authenticate_accumulate,0.000069221,0.000069019
11,110,randomness_commit,0.000591856,0.000591945
11,110,receive_authenticate_accumulate,0.000070739,0.000070703
11,110,receive_authenticate_accumulate,0.000083665,0.000083481
11,110,receive_authenticate_accumulate,0.000083164,0.000083074
11,110,receive_authenticate_accumulate,0.000083146,0.000083037
11,110,receive_authenticate_accumulate,0.000081627,0.000081556
11,110,receive_authenticate_accumulate,0.000083350,0.000083222
11,110,receive_authenticate_accumulate,0.000082942,0.000082833
11,110,receive_authenticate_accumulate,0.000083072,0.000082907
11,110,receive_authenticate_accumulate,0.000083016,0.000083000
11,110,receive_authenticate_accumulate,0.000082869,0.000082556
11,110,receive_authenticate_accumulate,0.000067147,0.000066926
11,110,receive_authenticate_accumulate,0.000069110,0.000068907
11,110,receive_authenticate_accumulate,0.000068499,0.000068389
11,110,receive_authenticate_accumulate,0.000068442,0.000068204
11,110,receive_authenticate_accumulate,0.000067479,0.000067241
11,110,receive_authenticate_accumulate,0.000066887,0.000066778
11,110,receive_authenticate_accumulate,0.000067832,0.000067593
11,110,receive_authenticate_accumulate,0.000090034,0.000090037
11,110,receive_authenticate_accumulate,0.000064962,0.000064685
11,110,receive_authenticate_accumulate,0.000063683,0.000063463
11,110,randomness_reveal,0.000428748,0.000428630
11,110,receive_authenticate_accumulate,0.000066591,0.000066462
11,110,committee_selection,0.000123960,0.000123592
11,110,round_reset,0.000006148,0.000005463
11,110,receive_authenticate_accumulate,0.017230085,0.017230315
11,110,receive_authenticate_accumulate,0.017219140,0.017219222
11,110,receive_authenticate_accumulate,0.017221030,0.017221426
11,110,receive_authenticate_accumulate,0.017228345,0.017228407
11,110,receive_authenticate_accumulate,0.017275695,0.017251241
11,110,receive_authenticate_accumulate,0.017222568,0.017222889
11,110,receive_authenticate_accumulate,0.017216938,0.017217019
11,110,receive_authenticate_accumulate,0.017228197,0.017228426
11,110,receive_authenticate_accumulate,0.017216345,0.017216537
11,110,receive_authenticate_accumulate,0.017217605,0.017217704
11,110,receive_authenticate_accumulate,0.017224790,0.017225074
11,110,receive_authenticate_accumulate,0.017236179,0.017236407
11,110,receive_authenticate_accumulate,0.017227716,0.017227926
11,110,receive_authenticate_accumulate,0.017228254,0.017228611
11,110,receive_authenticate_accumulate,0.017231050,0.017231259
11,110,receive_authenticate_accumulate,0.017264661,0.017239574
11,110,receive_authenticate_accumulate,0.017219329,0.017219833
11,110,receive_authenticate_accumulate,0.017288605,0.017249277
11,110,receive_authenticate_accumulate,0.017223496,0.017223777
11,110,reading_commitment_and_shares,0.026241436,0.026242333
11,110,receive_authenticate_accumulate,0.017226106,0.017226352
11,110,round_coverage,0.000004407,0.000004130
11,111,round_reset,0.000009130,0.000008000
11,111,receive_authenticate_accumulate,0.017219894,0.017220111
11,111,receive_authenticate_accumulate,0.017223745,0.017223963
11,111,receive_authenticate_accumulate,0.017220135,0.017220315
11,111,receive_authenticate_accumulate,0.017236024,0.017236241
11,111,receive_authenticate_accumulate,0.017259838,0.017239739
11,111,receive_authenticate_accumulate,0.017225672,0.017225685
11,111,receive_authenticate_accumulate,0.017218821,0.017219185
11,111,receive_authenticate_accumulate,0.017234672,0.017234870
11,111,receive_authenticate_accumulate,0.017230710,0.017230870
11,111,receive_authenticate_accumulate,0.017261857,0.017236500
11,111,receive_authenticate_accumulate,0.017222618,0.017222944
11,111,receive_authenticate_accumulate,0.017235117,0.017235518
11,111,receive_authenticate_accumulate,0.025949794,0.025881426
11,111,receive_authenticate_accumulate,0.017222285,0.017222592
11,111,receive_authenticate_accumulate,0.017230729,0.017231056
11,111,receive_authenticate_accumulate,0.017244137,0.017244648
11,111,receive_authenticate_accumulate,0.017223193,0.017223426
11,111,receive_authenticate_accumulate,0.017259710,0.017239407
11,111,receive_authenticate_accumulate,0.017224527,0.017224796
11,111,reading_commitment_and_shares,0.026245011,0.026245759
11,111,receive_authenticate_accumulate,0.017227230,0.017227574
11,111,round_coverage,0.000004092,0.000003630
11,112,round_reset,0.000009647,0.000007870
11,112,receive_authenticate_accumulate,0.017270404,0.017246296
11,112,receive_authenticate_accumulate,0.017223146,0.017223444
11,112,receive_authenticate_accumulate,0.017229684,0.017229944
11,112,receive_authenticate_accumulate,0.017217813,0.017217963
11,112,receive_authenticate_accumulate,0.017279812,0.017233722
11,112,receive_authenticate_accumulate,0.017218684,0.017219130
11,112,receive_authenticate_accumulate,0.017225277,0.017225537
11,112,receive_authenticate_accumulate,0.017238758,0.017238963
11,112,receive_authenticate_accumulate,0.017225943,0.017226166
11,112,receive_authenticate_accumulate,0.017225721,0.017226055
11,112,receive_authenticate_accumulate,0.017228369,0.017228666
11,112,receive_authenticate_accumulate,0.017228166,0.017228444
11,112,receive_authenticate_accumulate,0.025854240,0.025854685
11,112,receive_authenticate_accumulate,0.017227722,0.017227982
11,112,receive_authenticate_accumulate,0.017223778,0.017224018
11,112,receive_authenticate_accumulate,0.017222074,0.017222259
11,112,receive_authenticate_accumulate,0.017266684,0.017237889
11,112,receive_authenticate_accumulate,0.017234055,0.017234389
11,112,receive_authenticate_accumulate,0.017232185,0.017232222
11,112,reading_commitment_and_shares,0.026280120,0.026280667
11,112,receive_authenticate_accumulate,0.017267203,0.017235407
11,112,round_coverage,0.000003814,0.000003130
11,113,round_reset,0.000009296,0.000008037
11,113,receive_authenticate_accumulate,0.017276859,0.017240296
11,113,receive_authenticate_accumulate,0.017277693,0.017251073
11,113,receive_authenticate_accumulate,0.017224917,0.017225129
11,113,receive_authenticate_accumulate,0.017224546,0.017224759
11,113,receive_authenticate_accumulate,0.017220047,0.017220278
11,113,receive_authenticate_accumulate,0.017241121,0.017241333
11,113,receive_authenticate_accumulate,0.017221473,0.017221685
11,113,receive_authenticate_accumulate,0.017225640,0.017225777
11,113,receive_authenticate_accumulate,0.017219954,0.017220185
11,113,receive_authenticate_accumulate,0.017223844,0.017223945
11,113,receive_authenticate_accumulate,0.017226640,0.017226389
11,113,receive_authenticate_accumulate,0.017222121,0.017222296
11,113,receive_authenticate_accumulate,0.020788243,0.020706001
11,113,receive_authenticate_accumulate,0.017226955,0.017227074
11,113,receive_authenticate_accumulate,0.017232104,0.017232296
11,113,receive_authenticate_accumulate,0.017226215,0.017226092
11,113,receive_authenticate_accumulate,0.017234326,0.017234593
11,113,receive_authenticate_accumulate,0.017271695,0.017247315
11,113,receive_authenticate_accumulate,0.017275714,0.017250463
11,113,reading_commitment_and_shares,0.026239508,0.026240019
11,113,receive_authenticate_accumulate,0.017223327,0.017223537
11,113,round_coverage,0.000004333,0.000003833
11,114,round_reset,0.000008722,0.000007481
11,114,receive_authenticate_accumulate,0.017223483,0.017223741
11,114,receive_authenticate_accumulate,0.017218779,0.017219000
11,114,receive_authenticate_accumulate,0.017225223,0.017225408
11,114,receive_authenticate_accumulate,0.017277815,0.017253388
11,114,receive_authenticate_accumulate,0.017217002,0.017217222
11,114,receive_authenticate_accumulate,0.017224706,0.017224907
11,114,receive_authenticate_accumulate,0.017227094,0.017227352
11,114,receive_authenticate_accumulate,0.017289574,0.017254611
11,114,receive_authenticate_accumulate,0.017222298,0.017222462
11,114,receive_authenticate_accumulate,0.017225520,0.017225556
11,114,receive_authenticate_accumulate,0.017233557,0.017233870
11,114,receive_authenticate_accumulate,0.017236927,0.017237129
11,114,receive_authenticate_accumulate,0.025870457,0.025798650
11,114,receive_authenticate_accumulate,0.017225058,0.017225278
11,114,receive_authenticate_accumulate,0.017221003,0.017221259
11,114,receive_authenticate_accumulate,0.017227169,0.017227463
11,114,receive_authenticate_accumulate,0.017227818,0.017228000
11,114,receive_authenticate_accumulate,0.017255539,0.017238093
11,114,receive_authenticate_accumulate,0.017223596,0.017223611
11,114,reading_commitment_and_shares,0.026235950,0.026236722
11,114,receive_authenticate_accumulate,0.017266410,0.017239889
11,114,round_coverage,0.000004074,0.000003426
11,115,round_reset,0.000009185,0.000008055
11,115,receive_authenticate_accumulate,0.017239344,0.017239518
11,115,receive_authenticate_accumulate,0.017225715,0.017225888
11,115,receive_authenticate_accumulate,0.017220419,0.017220537
11,115,receive_authenticate_accumulate,0.017222400,0.017222537
11,115,receive_authenticate_accumulate,0.017265844,0.017240500
11,115,receive_authenticate_accumulate,0.017272325,0.017245944
11,115,receive_authenticate_accumulate,0.017217882,0.017217778
11,115,receive_authenticate_accumulate,0.017221289,0.017221481
11,115,receive_authenticate_accumulate,0.017223826,0.017224111
11,115,receive_authenticate_accumulate,0.017232438,0.017232629
11,115,receive_authenticate_accumulate,0.017223123,0.017223241
11,115,receive_authenticate_accumulate,0.017226308,0.017226519
11,115,receive_authenticate_accumulate,0.025874842,0.025858093
11,115,receive_authenticate_accumulate,0.017227345,0.017227666
11,115,receive_authenticate_accumulate,0.017228031,0.017228241
11,115,receive_authenticate_accumulate,0.017219216,0.017219426
11,115,receive_authenticate_accumulate,0.017232364,0.017232667
11,115,receive_authenticate_accumulate,0.017228180,0.017228333
11,115,receive_authenticate_accumulate,0.017218698,0.017218982
11,115,reading_commitment_and_shares,0.026235946,0.026236371
11,115,receive_authenticate_accumulate,0.017223272,0.017223444
11,115,round_coverage,0.000004074,0.000003259
11,116,round_reset,0.000009556,0.000008352
11,116,receive_authenticate_accumulate,0.017233019,0.017233167
11,116,receive_authenticate_accumulate,0.017227797,0.017228092
11,116,receive_authenticate_accumulate,0.017227854,0.017228037
11,116,receive_authenticate_accumulate,0.017228520,0.017228555
11,116,receive_authenticate_accumulate,0.017225094,0.017225260
11,116,receive_authenticate_accumulate,0.017226854,0.017227018
11,116,receive_authenticate_accumulate,0.017267427,0.017239315
11,116,receive_authenticate_accumulate,0.017219614,0.017219648
11,116,receive_authenticate_accumulate,0.017273316,0.017240073
11,116,receive_authenticate_accumulate,0.017223372,0.017223500
11,116,receive_authenticate_accumulate,0.017226113,0.017226389
11,116,receive_authenticate_accumulate,0.017227318,0.017227222
11,116,receive_authenticate_accumulate,0.025911651,0.025869629
11,116,receive_authenticate_accumulate,0.017232762,0.017233166
11,116,receive_authenticate_accumulate,0.017227188,0.017226926
11,116,receive_authenticate_accumulate,0.017218689,0.017218704
11,116,receive_authenticate_accumulate,0.017226280,0.017226445
11,116,receive_authenticate_accumulate,0.017237707,0.017238222
11,116,receive_authenticate_accumulate,0.017230299,0.017230463
11,116,reading_commitment_and_shares,0.026245848,0.026246407
11,116,receive_authenticate_accumulate,0.017230800,0.017230889
11,116,round_coverage,0.000003999,0.000003352
11,117,round_reset,0.000009500,0.000007629
11,117,receive_authenticate_accumulate,0.017216103,0.017216297
11,117,receive_authenticate_accumulate,0.017223159,0.017223185
11,117,receive_authenticate_accumulate,0.017225770,0.017225833
11,117,receive_authenticate_accumulate,0.017230677,0.017230796
11,117,receive_authenticate_accumulate,0.017221455,0.017221759
11,117,receive_authenticate_accumulate,0.017229621,0.017229778
11,117,receive_authenticate_accumulate,0.017270547,0.017242760
11,117,receive_authenticate_accumulate,0.017241084,0.017241148
11,117,receive_authenticate_accumulate,0.017229511,0.017229685
11,117,receive_authenticate_accumulate,0.017220140,0.017220148
11,117,receive_authenticate_accumulate,0.017290473,0.017253555
11,117,receive_authenticate_accumulate,0.017235826,0.017235981
11,117,receive_authenticate_accumulate,0.022112965,0.022044333
11,117,receive_authenticate_accumulate,0.017228715,0.017228945
11,117,receive_authenticate_accumulate,0.017224327,0.017224519
11,117,receive_authenticate_accumulate,0.017221660,0.017221851
11,117,receive_authenticate_accumulate,0.017237289,0.017237537
11,117,receive_authenticate_accumulate,0.017226845,0.017227166
11,117,receive_authenticate_accumulate,0.017219901,0.017219963
11,117,reading_commitment_and_shares,0.026234139,0.026234666
11,117,receive_authenticate_accumulate,0.017228882,0.017229000
11,117,round_coverage,0.000003981,0.000003445
11,118,round_reset,0.000010148,0.000008241
11,118,receive_authenticate_accumulate,0.017231796,0.017231666
11,118,receive_authenticate_accumulate,0.017224241,0.017224426
11,118,receive_authenticate_accumulate,0.017222389,0.017222518
11,118,receive_authenticate_accumulate,0.017234814,0.017234722
11,118,receive_authenticate_accumulate,0.017220407,0.017220648
11,118,receive_authenticate_accumulate,0.017254166,0.017243130
11,118,receive_authenticate_accumulate,0.017227908,0.017227796
11,118,receive_authenticate_accumulate,0.017273092,0.017247148
11,118,receive_authenticate_accumulate,0.017227130,0.017227277
11,118,receive_authenticate_accumulate,0.017273870,0.017239463
11,118,receive_authenticate_accumulate,0.017225408,0.017225685
11,118,receive_authenticate_accumulate,0.017232556,0.017232722
11,118,receive_authenticate_accumulate,0.017232797,0.017232815
11,118,receive_authenticate_accumulate,0.017222760,0.017223093
11,118,receive_authenticate_accumulate,0.017225723,0.017226037
11,118,receive_authenticate_accumulate,0.017228205,0.017228462
11,118,receive_authenticate_accumulate,0.017226261,0.017226444
11,118,receive_authenticate_accumulate,0.017219298,0.017219481
11,118,receive_authenticate_accumulate,0.017228631,0.017228759
11,118,reading_commitment_and_shares,0.026242078,0.026242500
11,118,receive_authenticate_accumulate,0.017231835,0.017231834
11,118,round_coverage,0.000004019,0.000003444
11,119,round_reset,0.000009166,0.000008092
11,119,receive_authenticate_accumulate,0.017278062,0.017253667
11,119,receive_authenticate_accumulate,0.017230822,0.017230981
11,119,receive_authenticate_accumulate,0.017227785,0.017227908
11,119,receive_authenticate_accumulate,0.017226008,0.017225667
11,119,receive_authenticate_accumulate,0.017236119,0.017236333
11,119,receive_authenticate_accumulate,0.017229823,0.017230074
11,119,receive_authenticate_accumulate,0.017221434,0.017221426
11,119,receive_authenticate_accumulate,0.017227879,0.017227982
11,119,receive_authenticate_accumulate,0.017235693,0.017235926
11,119,receive_authenticate_accumulate,0.017221638,0.017221333
11,119,receive_authenticate_accumulate,0.017230638,0.017230871
11,119,receive_authenticate_accumulate,0.017267526,0.017240556
11,119,receive_authenticate_accumulate,0.017223620,0.017223777
11,119,receive_authenticate_accumulate,0.017270674,0.017270518
11,119,receive_authenticate_accumulate,0.017227398,0.017227518
11,119,receive_authenticate_accumulate,0.017257508,0.017243611
11,119,receive_authenticate_accumulate,0.017263045,0.017237779
11,119,receive_authenticate_accumulate,0.017213954,0.017214222
11,119,receive_authenticate_accumulate,0.017232583,0.017232500
11,119,reading_commitment_and_shares,0.026292921,0.026265740
11,119,receive_authenticate_accumulate,0.017278546,0.017234908
11,119,round_coverage,0.000004352,0.000003926
12,120,period_reset,0.000025926,0.000024759
12,120,receive_authenticate_accumulate,0.000089331,0.000089278
12,120,receive_authenticate_accumulate,0.000088369,0.000088092
12,120,receive_authenticate_accumulate,0.000126516,0.000126315
12,120,receive_authenticate_accumulate,0.000086702,0.000086296
12,120,receive_authenticate_accumulate,0.000087146,0.000086982
12,120,receive_authenticate_accumulate,0.000087462,0.000087259
12,120,receive_authenticate_accumulate,0.000089517,0.000089241
12,120,receive_authenticate_accumulate,0.000088202,0.000088055
12,120,receive_authenticate_accumulate,0.000088516,0.000088167
12,120,receive_authenticate_accumulate,0.000087647,0.000087667
12,120,receive_authenticate_accumulate,0.000087128,0.000087018
12,120,receive_authenticate_accumulate,0.000090239,0.000089889
12,120,receive_authenticate_accumulate,0.000088332,0.000087963
12,120,receive_authenticate_accumulate,0.000088813,0.000088815
12,120,receive_authenticate_accumulate,0.000088628,0.000088260
12,120,receive_authenticate_accumulate,0.000087683,0.000087593
12,120,receive_authenticate_accumulate,0.000055018,0.000054722
12,120,receive_authenticate_accumulate,0.000054332,0.000054296
12,120,receive_authenticate_accumulate,0.000053147,0.000052963
12,120,randomness_commit,0.000486916,0.000486908
12,120,receive_authenticate_accumulate,0.000054925,0.000054222
12,120,receive_authenticate_accumulate,0.000066072,0.000066037
12,120,receive_authenticate_accumulate,0.000064332,0.000064296
12,120,receive_authenticate_accumulate,0.000064425,0.000064388
12,120,receive_authenticate_accumulate,0.000066184,0.000066074
12,120,receive_authenticate_accumulate,0.000057221,0.000057148
12,120,receive_authenticate_accumulate,0.000064851,0.000064666
12,120,receive_authenticate_accumulate,0.000064499,0.000064500
12,120,receive_authenticate_accumulate,0.000066814,0.000066759
12,120,receive_authenticate_accumulate,0.000065499,0.000065093
12,120,receive_authenticate_accumulate,0.000065554,0.000065315
12,120,receive_authenticate_accumulate,0.000066629,0.000066259
12,120,receive_authenticate_accumulate,0.000066295,0.000066056
12,120,receive_authenticate_accumulate,0.000067332,0.000067037
12,120,receive_authenticate_accumulate,0.000066480,0.000066278
12,120,receive_authenticate_accumulate,0.000067035,0.000066907
12,120,receive_authenticate_accumulate,0.000064739,0.000064648
12,120,receive_authenticate_accumulate,0.000065110,0.000064982
12,120,receive_authenticate_accumulate,0.000066110,0.000065870
12,120,receive_authenticate_accumulate,0.000065240,0.000064907
12,120,randomness_reveal,0.000428288,0.000428241
12,120,receive_authenticate_accumulate,0.000064406,0.000064370
12,120,committee_selection,0.000123164,0.000123056
12,120,round_reset,0.000005167,0.000004277
12,120,receive_authenticate_accumulate,0.017216792,0.017216981
12,120,receive_authenticate_accumulate,0.000035852,0.000035889
12,120,receive_authenticate_accumulate,0.017225978,0.017226148
12,120,receive_authenticate_accumulate,0.000034295,0.000034370
12,120,receive_authenticate_accumulate,0.017221941,0.017222019
12,120,receive_authenticate_accumulate,0.000035481,0.000035574
12,120,receive_authenticate_accumulate,0.017222219,0.017222259
12,120,receive_authenticate_accumulate,0.000035796,0.000035815
12,120,receive_authenticate_accumulate,0.017238015,0.017238167
12,120,receive_authenticate_accumulate,0.000035888,0.000035871
12,120,receive_authenticate_accumulate,0.017230997,0.017231314
12,120,receive_authenticate_accumulate,0.000036370,0.000036444
12,120,receive_authenticate_accumulate,0.017214200,0.017214407
12,120,receive_authenticate_accumulate,0.000035333,0.000035370
12,120,receive_authenticate_accumulate,0.017225794,0.017225963
12,120,receive_authenticate_accumulate,0.000035685,0.000035741
12,120,receive_authenticate_accumulate,0.017261497,0.017236851
12,120,receive_authenticate_accumulate,0.000035999,0.000035981
12,120,receive_authenticate_accumulate,0.017223220,0.017223370
12,120,receive_authenticate_accumulate,0.000038870,0.000039000
12,120,receive_authenticate_accumulate,0.017218979,0.017219185
12,120,receive_authenticate_accumulate,0.000034148,0.000034166
12,120,receive_authenticate_accumulate,0.017226794,0.017226648
12,120,receive_authenticate_accumulate,0.000035426,0.000035463
12,120,receive_authenticate_accumulate,0.017248923,0.017235704
12,120,receive_authenticate_accumulate,0.000035591,0.000035629
12,120,receive_authenticate_accumulate,0.017216942,0.017217019
12,120,receive_authenticate_accumulate,0.000036740,0.000036796
12,120,receive_authenticate_accumulate,0.017219220,0.017219389
12,120,receive_authenticate_accumulate,0.000035314,0.000035481
12,120,receive_authenticate_accumulate,0.017224498,0.017224722
12,120,receive_authenticate_accumulate,0.000034740,0.000034778
12,120,receive_authenticate_accumulate,0.017259923,0.017259907
12,120,receive_authenticate_accumulate,0.000043685,0.000043741
12,120,receive_authenticate_accumulate,0.017223109,0.017223241
12,120,receive_authenticate_accumulate,0.000038370,0.000038481
12,120,receive_authenticate_accumulate,0.017246776,0.017232241
12,120,receive_authenticate_accumulate,0.000038925,0.000039056
12,120,reading_commitment_and_shares,0.026239230,0.026239851
12,120,receive_authenticate_accumulate,0.017264127,0.017238925
12,120,receive_authenticate_accumulate,0.000039166,0.000039297
12,120,round_coverage,0.000004703,0.000003926
12,120,spatial_report,0.000065313,0.000065296
12,121,round_reset,0.000009314,0.000008167
12,121,receive_authenticate_accumulate,0.017222855,0.017223055
12,121,receive_authenticate_accumulate,0.000039685,0.000039741
12,121,receive_authenticate_accumulate,0.017227578,0.017227686
12,121,receive_authenticate_accumulate,0.000039851,0.000040037
12,121,receive_authenticate_accumulate,0.017270688,0.017244352
12,121,receive_authenticate_accumulate,0.000039592,0.000039815
12,121,receive_authenticate_accumulate,0.017219670,0.017219611
12,121,receive_authenticate_accumulate,0.000039055,0.000039167
12,121,receive_authenticate_accumulate,0.017222633,0.017222741
12,121,receive_authenticate_accumulate,0.000040369,0.000040426
12,121,receive_authenticate_accumulate,0.017230596,0.017230556
12,121,receive_authenticate_accumulate,0.000039536,0.000039555
12,121,receive_authenticate_accumulate,0.017226596,0.017226351
12,121,receive_authenticate_accumulate,0.000038981,0.000038926
12,121,receive_authenticate_accumulate,0.017229430,0.017229574
12,121,receive_authenticate_accumulate,0.000039574,0.000039592
12,121,receive_authenticate_accumulate,0.017219189,0.017219222
12,121,receive_authenticate_accumulate,0.000039740,0.000039796
12,121,receive_authenticate_accumulate,0.017291373,0.017244129
12,121,receive_authenticate_accumulate,0.000041296,0.000041425
12,121,receive_authenticate_accumulate,0.017216763,0.017216888
12,121,receive_authenticate_accumulate,0.000039037,0.000039092
12,121,receive_authenticate_accumulate,0.017235318,0.017235482
12,121,receive_authenticate_accumulate,0.000041500,0.000041648
12,121,receive_authenticate_accumulate,0.017227060,0.017227203
12,121,receive_authenticate_accumulate,0.000039758,0.000039889
12,121,receive_authenticate_accumulate,0.017226708,0.017226833
12,121,receive_authenticate_accumulate,0.000039499,0.000039537
12,121,receive_authenticate_accumulate,0.017220874,0.017221148
12,121,receive_authenticate_accumulate,0.000038962,0.000038981
12,121,receive_authenticate_accumulate,0.017257818,0.017236888
12,121,receive_authenticate_accumulate,0.000039314,0.000039407
12,121,receive_authenticate_accumulate,0.017218486,0.017218536
12,121,receive_authenticate_accumulate,0.000038443,0.000038555
12,121,receive_authenticate_accumulate,0.017227931,0.017227963
12,121,receive_authenticate_accumulate,0.000038851,0.000038963
12,121,receive_authenticate_accumulate,0.017221560,0.017221685
12,121,receive_authenticate_accumulate,0.000039574,0.000039704
12,121,reading_commitment_and_shares,0.026245314,0.026245611
12,121,receive_authenticate_accumulate,0.017225301,0.017225074
12,121,receive_authenticate_accumulate,0.000038981,0.000039111
12,121,round_coverage,0.000004648,0.000004149
12,121,spatial_report,0.000060202,0.000060204
12,122,round_reset,0.000008963,0.000007686
12,122,receive_authenticate_accumulate,0.017225751,0.017225982
12,122,receive_authenticate_accumulate,0.000039907,0.000039945
12,122,receive_authenticate_accumulate,0.017220510,0.017220519
12,122,receive_authenticate_accumulate,0.000038240,0.000038278
12,122,receive_authenticate_accumulate,0.017226491,0.017226518
12,122,receive_authenticate_accumulate,0.000039184,0.000039370
12,122,receive_authenticate_accumulate,0.017259028,0.017234129
12,122,receive_authenticate_accumulate,0.000039999,0.000040111
12,122,receive_authenticate_accumulate,0.017234177,0.017234333
12,122,receive_authenticate_accumulate,0.000039889,0.000040056
12,122,receive_authenticate_accumulate,0.017220862,0.017220944
12,122,receive_authenticate_accumulate,0.000038573,0.000038592
12,122,receive_authenticate_accumulate,0.017219640,0.017219759
12,122,receive_authenticate_accumulate,0.000039444,0.000039519
12,122,receive_authenticate_accumulate,0.017224733,0.017224870
12,122,receive_authenticate_accumulate,0.000039425,0.000039537
12,122,receive_authenticate_accumulate,0.017224973,0.017224981
12,122,receive_authenticate_accumulate,0.000039054,0.000039204
12,122,receive_authenticate_accumulate,0.017223696,0.017223723
12,122,receive_authenticate_accumulate,0.000038610,0.000038722
12,122,receive_authenticate_accumulate,0.017216788,0.017216908
12,122,receive_authenticate_accumulate,0.000039407,0.000039611
12,122,receive_authenticate_accumulate,0.017223677,0.017223778
12,122,receive_authenticate_accumulate,0.000038703,0.000038852
12,122,receive_authenticate_accumulate,0.017220641,0.017220759
12,122,receive_authenticate_accumulate,0.000039573,0.000039611
12,122,receive_authenticate_accumulate,0.017252029,0.017234018
12,122,receive_authenticate_accumulate,0.000040073,0.000040092
12,122,receive_authenticate_accumulate,0.017220122,0.017219926
12,122,receive_authenticate_accumulate,0.000039018,0.000039111
12,122,receive_authenticate_accumulate,0.017229159,0.017229111
12,122,receive_authenticate_accumulate,0.000039518,0.000039575
12,122,receive_authenticate_accumulate,0.017257658,0.017235390
12,122,receive_authenticate_accumulate,0.000039870,0.000040000
12,122,receive_authenticate_accumulate,0.017227455,0.017227630
12,122,receive_authenticate_accumulate,0.000038721,0.000038815
12,122,receive_authenticate_accumulate,0.017221604,0.017221722
12,122,receive_authenticate_accumulate,0.000038221,0.000038278
12,122,reading_commitment_and_shares,0.026279453,0.026252092
12,122,receive_authenticate_accumulate,0.017225548,0.017225611
12,122,receive_authenticate_accumulate,0.000039611,0.000039649
12,122,round_coverage,0.000004870,0.000004389
12,122,spatial_report,0.000061721,0.000061685
12,123,round_reset,0.000009556,0.000008055
12,123,receive_authenticate_accumulate,0.017220442,0.017220519
12,123,receive_authenticate_accumulate,0.000039777,0.000039741
12,123,receive_authenticate_accumulate,0.017228738,0.017228833
12,123,receive_authenticate_accumulate,0.000039481,0.000039537
12,123,receive_authenticate_accumulate,0.017282422,0.017251425
12,123,receive_authenticate_accumulate,0.000039944,0.000040037
12,123,receive_authenticate_accumulate,0.017226627,0.017226741
12,123,receive_authenticate_accumulate,0.000038814,0.000038907
12,123,receive_authenticate_accumulate,0.017226664,0.017226851
12,123,receive_authenticate_accumulate,0.000039351,0.000039463
12,123,receive_authenticate_accumulate,0.017230868,0.017231000
12,123,receive_authenticate_accumulate,0.000039907,0.000039944
12,123,receive_authenticate_accumulate,0.017262793,0.017238222
12,123,receive_authenticate_accumulate,0.000039963,0.000040037
12,123,receive_authenticate_accumulate,0.017225387,0.017225481
12,123,receive_authenticate_accumulate,0.000039166,0.000039277
12,123,receive_authenticate_accumulate,0.017231720,0.017231833
12,123,receive_authenticate_accumulate,0.000038925,0.000038963
12,123,receive_authenticate_accumulate,0.017225572,0.017225666
12,123,receive_authenticate_accumulate,0.000038332,0.000038426
12,123,receive_authenticate_accumulate,0.017232701,0.017232555
12,123,receive_authenticate_accumulate,0.000050684,0.000050648
12,123,receive_authenticate_accumulate,0.017222869,0.017222981
12,123,receive_authenticate_accumulate,0.000039240,0.000039334
12,123,receive_authenticate_accumulate,0.017224128,0.017224185
12,123,receive_authenticate_accumulate,0.000039666,0.000039685
12,123,receive_authenticate_accumulate,0.017259349,0.017259574
12,123,receive_authenticate_accumulate,0.000042443,0.000042537
12,123,receive_authenticate_accumulate,0.017224943,0.017224963
12,123,receive_authenticate_accumulate,0.000039833,0.000039926
12,123,receive_authenticate_accumulate,0.017226221,0.017225925
12,123,receive_authenticate_accumulate,0.000071351,0.000071445
12,123,receive_authenticate_accumulate,0.017227961,0.017228074
12,123,receive_authenticate_accumulate,0.000035759,0.000035908
12,123,receive_authenticate_accumulate,0.017225388,0.017225537
12,123,receive_authenticate_accumulate,0.000035795,0.000035833
12,123,receive_authenticate_accumulate,0.017227924,0.017227944
12,123,receive_authenticate_accumulate,0.000036110,0.000036148
12,123,reading_commitment_and_shares,0.026241574,0.026241815
12,123,receive_authenticate_accumulate,0.017219369,0.017218981
12,123,receive_authenticate_accumulate,0.000035425,0.000035444
12,123,round_coverage,0.000004185,0.000003518
12,123,spatial_report,0.000062536,0.000062463
12,124,round_reset,0.000009204,0.000008111
12,124,receive_authenticate_accumulate,0.017219632,0.017219685
12,124,receive_authenticate_accumulate,0.000035499,0.000035556
12,124,receive_authenticate_accumulate,0.017229799,0.017229870
12,124,receive_authenticate_accumulate,0.000035166,0.000035315
12,124,receive_authenticate_accumulate,0.017218281,0.017218352
12,124,receive_authenticate_accumulate,0.000036037,0.000036111
12,124,receive_authenticate_accumulate,0.017242225,0.017242370
12,124,receive_authenticate_accumulate,0.000036999,0.000037111
12,124,receive_authenticate_accumulate,0.017219615,0.017219722
12,124,receive_authenticate_accumulate,0.000035055,0.000035037
12,124,receive_authenticate_accumulate,0.017234984,0.017235148
12,124,receive_authenticate_accumulate,0.000035907,0.000035870
12,124,receive_authenticate_accumulate,0.017226615,0.017226704
12,124,receive_authenticate_accumulate,0.000035277,0.000035259
12,124,receive_authenticate_accumulate,0.017226022,0.017225963
12,124,receive_authenticate_accumulate,0.000035259,0.000035389
12,124,receive_authenticate_accumulate,0.017256837,0.017229907
12,124,receive_authenticate_accumulate,0.000036610,0.000036667
12,124,receive_authenticate_accumulate,0.017224559,0.017224630
12,124,receive_authenticate_accumulate,0.000034703,0.000034834
12,124,receive_authenticate_accumulate,0.017225726,0.017225777
12,124,receive_authenticate_accumulate,0.000036333,0.000036444
12,124,receive_authenticate_accumulate,0.017217967,0.017218074
12,124,receive_authenticate_accumulate,0.000035444,0.000035537
12,124,receive_authenticate_accumulate,0.017225559,0.017225759
12,124,receive_authenticate_accumulate,0.000035444,0.000035482
12,124,receive_authenticate_accumulate,0.017217819,0.017217926
12,124,receive_authenticate_accumulate,0.000035962,0.000035926
12,124,receive_authenticate_accumulate,0.017260485,0.017234964
12,124,receive_authenticate_accumulate,0.000036148,0.000036278
12,124,receive_authenticate_accumulate,0.017223448,0.017223593
12,124,receive_authenticate_accumulate,0.000035703,0.000035760
12,124,receive_authenticate_accumulate,0.017261411,0.017262500
12,124,receive_authenticate_accumulate,0.000058295,0.000058334
12,124,receive_authenticate_accumulate,0.017227819,0.017227777
12,124,receive_authenticate_accumulate,0.000039925,0.000040000
12,124,receive_authenticate_accumulate,0.017219819,0.017219889
12,124,receive_authenticate_accumulate,0.000038777,0.000038889
12,124,reading_commitment_and_shares,0.026234379,0.026234907
12,124,receive_authenticate_accumulate,0.017231375,0.017231481
12,124,receive_authenticate_accumulate,0.000039388,0.000039389
12,124,round_coverage,0.000004296,0.000003889
12,124,spatial_report,0.000061295,0.000061296
12,125,round_reset,0.000009185,0.000007962
12,125,receive_authenticate_accumulate,0.017264008,0.017239464
12,125,receive_authenticate_accumulate,0.000041555,0.000041704
12,125,receive_authenticate_accumulate,0.017221249,0.017221389
12,125,receive_authenticate_accumulate,0.000039184,0.000039203
12,125,receive_authenticate_accumulate,0.017215379,0.017215518
12,125,receive_authenticate_accumulate,0.000039351,0.000039370
12,125,receive_authenticate_accumulate,0.017228972,0.017229129
12,125,receive_authenticate_accumulate,0.000038962,0.000038982
12,125,receive_authenticate_accumulate,0.017231046,0.017231148
12,125,receive_authenticate_accumulate,0.000039425,0.000039463
12,125,receive_authenticate_accumulate,0.017219583,0.017219722
12,125,receive_authenticate_accumulate,0.000039407,0.000039426
12,125,receive_authenticate_accumulate,0.017243082,0.017243297
12,125,receive_authenticate_accumulate,0.000040147,0.000040222
12,125,receive_authenticate_accumulate,0.017222658,0.017222648
12,125,receive_authenticate_accumulate,0.000040129,0.000040222
12,125,receive_authenticate_accumulate,0.017224157,0.017224204
12,125,receive_authenticate_accumulate,0.000040240,0.000040333
12,125,receive_authenticate_accumulate,0.017232713,0.017232926
12,125,receive_authenticate_accumulate,0.000042000,0.000042111
12,125,receive_authenticate_accumulate,0.017272638,0.017246168
12,125,receive_authenticate_accumulate,0.000039684,0.000039778
12,125,receive_authenticate_accumulate,0.017221195,0.017221259
12,125,receive_authenticate_accumulate,0.000038962,0.000039074
12,125,receive_authenticate_accumulate,0.017266157,0.017245501
12,125,receive_authenticate_accumulate,0.000040907,0.000040926
12,125,receive_authenticate_accumulate,0.017229639,0.017229759
12,125,receive_authenticate_accumulate,0.000040426,0.000040408
12,125,receive_authenticate_accumulate,0.017225750,0.017225889
12,125,receive_authenticate_accumulate,0.000039110,0.000039167
12,125,receive_authenticate_accumulate,0.017287916,0.017250407
12,125,receive_authenticate_accumulate,0.000042555,0.000042611
12,125,receive_authenticate_accumulate,0.017220584,0.017220574
12,125,receive_authenticate_accumulate,0.000038758,0.000038834
12,125,receive_authenticate_accumulate,0.017224121,0.017224166
12,125,receive_authenticate_accumulate,0.000038944,0.000038981
12,125,receive_authenticate_accumulate,0.017277991,0.017237055
12,125,receive_authenticate_accumulate,0.000040889,0.000040982
12,125,reading_commitment_and_shares,0.026256257,0.026256778
12,125,receive_authenticate_accumulate,0.017247546,0.017247945
12,125,receive_authenticate_accumulate,0.000081073,0.000080723
12,125,round_coverage,0.000004166,0.000003537
12,125,spatial_report,0.000063684,0.000063685
12,126,round_reset,0.000010444,0.000009426
12,126,receive_authenticate_accumulate,0.017226514,0.017226740
12,126,receive_authenticate_accumulate,0.000040796,0.000040889
12,126,receive_authenticate_accumulate,0.017228181,0.017228315
12,126,receive_authenticate_accumulate,0.000039610,0.000039685
12,126,receive_authenticate_accumulate,0.017263384,0.017229833
12,126,receive_authenticate_accumulate,0.000040369,0.000040352
12,126,receive_authenticate_accumulate,0.017233792,0.017233871
12,126,receive_authenticate_accumulate,0.000039110,0.000039185
12,126,receive_authenticate_accumulate,0.017225273,0.017225408
12,126,receive_authenticate_accumulate,0.000039573,0.000039685
12,126,receive_authenticate_accumulate,0.017241403,0.017241648
12,126,receive_authenticate_accumulate,0.000044129,0.000044111
12,126,receive_authenticate_accumulate,0.017227384,0.017227500
12,126,receive_authenticate_accumulate,0.000039666,0.000039759
12,126,receive_authenticate_accumulate,0.017260310,0.017237352
12,126,receive_authenticate_accumulate,0.000040332,0.000040389
12,126,receive_authenticate_accumulate,0.017230551,0.017230685
12,126,receive_authenticate_accumulate,0.000038462,0.000038500
12,126,receive_authenticate_accumulate,0.017220107,0.017220241
12,126,receive_authenticate_accumulate,0.000039906,0.000040000
12,126,receive_authenticate_accumulate,0.017227385,0.017227500
12,126,receive_authenticate_accumulate,0.000039610,0.000039630
12,126,receive_authenticate_accumulate,0.017222829,0.017223167
12,126,receive_authenticate_accumulate,0.000040833,0.000040741
12,126,receive_authenticate_accumulate,0.025920419,0.025865019
12,126,receive_authenticate_accumulate,0.000059610,0.000059629
12,126,receive_authenticate_accumulate,0.017223533,0.017223593
12,126,receive_authenticate_accumulate,0.000039277,0.000039444
12,126,receive_authenticate_accumulate,0.017269996,0.017245129
12,126,receive_authenticate_accumulate,0.000039759,0.000039889
12,126,receive_authenticate_accumulate,0.017232126,0.017232333
12,126,receive_authenticate_accumulate,0.000039425,0.000039463
12,126,receive_authenticate_accumulate,0.017220385,0.017220537
12,126,receive_authenticate_accumulate,0.000040018,0.000040111
12,126,receive_authenticate_accumulate,0.017264996,0.017244462
12,126,receive_authenticate_accumulate,0.000038629,0.000038759
12,126,receive_authenticate_accumulate,0.017228497,0.017228223
12,126,receive_authenticate_accumulate,0.000039944,0.000040093
12,126,reading_commitment_and_shares,0.026297487,0.026297944
12,126,receive_authenticate_accumulate,0.017228645,0.017228667
12,126,receive_authenticate_accumulate,0.000036333,0.000036315
12,126,round_coverage,0.000004296,0.000003778
12,126,spatial_report,0.000060222,0.000060111
12,127,round_reset,0.000009277,0.000008018
12,127,receive_authenticate_accumulate,0.017221945,0.017222036
12,127,receive_authenticate_accumulate,0.000039740,0.000039834
12,127,receive_authenticate_accumulate,0.017223445,0.017223518
12,127,receive_authenticate_accumulate,0.000039833,0.000039982
12,127,receive_authenticate_accumulate,0.017217463,0.017217593
12,127,receive_authenticate_accumulate,0.000039203,0.000039259
12,127,receive_authenticate_accumulate,0.017231574,0.017231629
12,127,receive_authenticate_accumulate,0.000039296,0.000039408
12,127,receive_authenticate_accumulate,0.017226019,0.017226167
12,127,receive_authenticate_accumulate,0.000038481,0.000038574
12,127,receive_authenticate_accumulate,0.017226389,0.017226426
12,127,receive_authenticate_accumulate,0.000038814,0.000038871
12,127,receive_authenticate_accumulate,0.017225315,0.017225352
12,127,receive_authenticate_accumulate,0.000038833,0.000038945
12,127,receive_authenticate_accumulate,0.017234815,0.017234889
12,127,receive_authenticate_accumulate,0.000039684,0.000039740
12,127,receive_authenticate_accumulate,0.017227278,0.017227167
12,127,receive_authenticate_accumulate,0.000038500,0.000038593
12,127,receive_authenticate_accumulate,0.017279889,0.017238778
12,127,receive_authenticate_accumulate,0.000040425,0.000040426
12,127,receive_authenticate_accumulate,0.017225908,0.017225982
12,127,receive_authenticate_accumulate,0.000038055,0.000038074
12,127,receive_authenticate_accumulate,0.017226278,0.017226167
12,127,receive_authenticate_accumulate,0.000037962,0.000038092
12,127,receive_authenticate_accumulate,0.025917555,0.025862685
12,127,receive_authenticate_accumulate,0.000057999,0.000058148
12,127,receive_authenticate_accumulate,0.017221297,0.017221370
12,127,receive_authenticate_accumulate,0.000038222,0.000038259
12,127,receive_authenticate_accumulate,0.017220704,0.017220833
12,127,receive_authenticate_accumulate,0.000040091,0.000040111
12,127,receive_authenticate_accumulate,0.017223075,0.017223166
12,127,receive_authenticate_accumulate,0.000040017,0.000040111
12,127,receive_authenticate_accumulate,0.017228983,0.017228833
12,127,receive_authenticate_accumulate,0.000039240,0.000039260
12,127,receive_authenticate_accumulate,0.017229538,0.017229685
12,127,receive_authenticate_accumulate,0.000038444,0.000038481
12,127,receive_authenticate_accumulate,0.017228260,0.017228352
12,127,receive_authenticate_accumulate,0.000039518,0.000039649
12,127,reading_commitment_and_shares,0.026233495,0.026233759
12,127,receive_authenticate_accumulate,0.017220705,0.017220834
12,127,receive_authenticate_accumulate,0.000039315,0.000039333
12,127,round_coverage,0.000003963,0.000003444
12,127,spatial_report,0.000065906,0.000065907
12,128,round_reset,0.000009407,0.000008333
12,128,receive_authenticate_accumulate,0.017227893,0.017228000
12,128,receive_authenticate_accumulate,0.000040554,0.000040630
12,128,receive_authenticate_accumulate,0.017220838,0.017220926
12,128,receive_authenticate_accumulate,0.000039685,0.000039704
12,128,receive_authenticate_accumulate,0.017230541,0.017230592
12,128,receive_authenticate_accumulate,0.000037796,0.000037778
12,128,receive_authenticate_accumulate,0.017246949,0.017247241
12,128,receive_authenticate_accumulate,0.000043091,0.000043056
12,128,receive_authenticate_accumulate,0.017221283,0.017221278
12,128,receive_authenticate_accumulate,0.000041592,0.000041500
12,128,receive_authenticate_accumulate,0.017225190,0.017225241
12,128,receive_authenticate_accumulate,0.000039462,0.000039574
12,128,receive_authenticate_accumulate,0.017225394,0.017225463
12,128,receive_authenticate_accumulate,0.000038518,0.000038500
12,128,receive_authenticate_accumulate,0.017224986,0.017225166
12,128,receive_authenticate_accumulate,0.000039129,0.000039148
12,128,receive_authenticate_accumulate,0.017219450,0.017219537
12,128,receive_authenticate_accumulate,0.000039592,0.000039630
12,128,receive_authenticate_accumulate,0.017220672,0.017220630
12,128,receive_authenticate_accumulate,0.000039388,0.000039407
12,128,receive_authenticate_accumulate,0.017227116,0.017227130
12,128,receive_authenticate_accumulate,0.000039499,0.000039629
12,128,receive_authenticate_accumulate,0.017233672,0.017233778
12,128,receive_authenticate_accumulate,0.000039592,0.000039704
12,128,receive_authenticate_accumulate,0.017267079,0.017243167
12,128,receive_authenticate_accumulate,0.000040777,0.000040870
12,128,receive_authenticate_accumulate,0.017224357,0.017224481
12,128,receive_authenticate_accumulate,0.000040425,0.000040351
12,128,receive_authenticate_accumulate,0.017219969,0.017220166
12,128,receive_authenticate_accumulate,0.000038981,0.000039055
12,128,receive_authenticate_accumulate,0.017224079,0.017224074
12,128,receive_authenticate_accumulate,0.000069498,0.000069704
12,128,receive_authenticate_accumulate,0.017260375,0.017234889
12,128,receive_authenticate_accumulate,0.000036389,0.000036463
12,128,receive_authenticate_accumulate,0.017227154,0.017227130
12,128,receive_authenticate_accumulate,0.000035407,0.000035370
12,128,receive_authenticate_accumulate,0.017224432,0.017224519
12,128,receive_authenticate_accumulate,0.000035129,0.000035185
12,128,reading_commitment_and_shares,0.026236576,0.026236815
12,128,receive_authenticate_accumulate,0.017220284,0.017220352
12,128,receive_authenticate_accumulate,0.000035592,0.000035703
12,128,round_coverage,0.000004203,0.000003537
12,128,spatial_report,0.000061629,0.000061667
12,129,round_reset,0.000009259,0.000008037
12,129,receive_authenticate_accumulate,0.017229787,0.017229908
12,129,receive_authenticate_accumulate,0.000037184,0.000036852
12,129,receive_authenticate_accumulate,0.017264101,0.017236482
12,129,receive_authenticate_accumulate,0.000036370,0.000036426
12,129,receive_authenticate_accumulate,0.017227268,0.017227407
12,129,receive_authenticate_accumulate,0.000035370,0.000035426
12,129,receive_authenticate_accumulate,0.017228046,0.017228129
12,129,receive_authenticate_accumulate,0.000035425,0.000035556
12,129,receive_authenticate_accumulate,0.017217010,0.017217019
12,129,receive_authenticate_accumulate,0.000035740,0.000035722
12,129,receive_authenticate_accumulate,0.017218324,0.017218315
12,129,receive_authenticate_accumulate,0.000035685,0.000035778
12,129,receive_authenticate_accumulate,0.017222620,0.017222611
12,129,receive_authenticate_accumulate,0.000034833,0.000034870
12,129,receive_authenticate_accumulate,0.017266286,0.017254629
12,129,receive_authenticate_accumulate,0.000041591,0.000041648
12,129,receive_authenticate_accumulate,0.017226195,0.017226241
12,129,receive_authenticate_accumulate,0.000038611,0.000038741
12,129,receive_authenticate_accumulate,0.017218028,0.017218055
12,129,receive_authenticate_accumulate,0.000038870,0.000039000
12,129,receive_authenticate_accumulate,0.017222657,0.017222704
12,129,receive_authenticate_accumulate,0.000039333,0.000039278
12,129,receive_authenticate_accumulate,0.017225898,0.017226000
12,129,receive_authenticate_accumulate,0.000039870,0.000039852
12,129,receive_authenticate_accumulate,0.024542573,0.024471278
12,129,receive_authenticate_accumulate,0.000040573,0.000040593
12,129,receive_authenticate_accumulate,0.017225861,0.017225741
12,129,receive_authenticate_accumulate,0.000040481,0.000040518
12,129,receive_authenticate_accumulate,0.017226806,0.017226889
12,129,receive_authenticate_accumulate,0.000039759,0.000039852
12,129,receive_authenticate_accumulate,0.017234250,0.017234297
12,129,receive_authenticate_accumulate,0.000038925,0.000039092
12,129,receive_authenticate_accumulate,0.017258176,0.017235297
12,129,receive_authenticate_accumulate,0.000039462,0.000039463
12,129,receive_authenticate_accumulate,0.017253399,0.017232074
12,129,receive_authenticate_accumulate,0.000040444,0.000040685
12,129,receive_authenticate_accumulate,0.017288249,0.017256852
12,129,receive_authenticate_accumulate,0.000041074,0.000041038
12,129,reading_commitment_and_shares,0.026289248,0.026261704
12,129,receive_authenticate_accumulate,0.017226973,0.017227130
12,129,receive_authenticate_accumulate,0.000039943,0.000039944
12,129,round_coverage,0.000003815,0.000003260
12,129,spatial_report,0.000061425,0.000061462
12,129,billing_report,0.000421845,0.000421611
13,130,period_reset,0.000024759,0.000023611
13,130,receive_authenticate_accumulate,0.000093277,0.000092963
13,130,receive_authenticate_accumulate,0.000092443,0.000092166
13,130,receive_authenticate_accumulate,0.000090795,0.000090537
13,130,receive_authenticate_accumulate,0.000089665,0.000089389
13,130,receive_authenticate_accumulate,0.000091628,0.000091481
13,130,receive_authenticate_accumulate,0.000091943,0.000091759
13,130,receive_authenticate_accumulate,0.000092814,0.000092574
13,130,receive_authenticate_accumulate,0.000069740,0.000069574
13,130,receive_authenticate_accumulate,0.000069998,0.000069426
13,130,receive_authenticate_accumulate,0.000068758,0.000068611
13,130,receive_authenticate_accumulate,0.000070573,0.000070371
13,130,receive_authenticate_accumulate,0.000069313,0.000069019
13,130,receive_authenticate_accumulate,0.000070629,0.000070426
13,130,receive_authenticate_accumulate,0.000098535,0.000098463
13,130,receive_authenticate_accumulate,0.000070240,0.000070074
13,130,receive_authenticate_accumulate,0.000068609,0.000068407
13,130,receive_authenticate_accumulate,0.000070425,0.000069982
13,130,receive_authenticate_accumulate,0.000070628,0.000069648
13,130,receive_authenticate_accumulate,0.000069573,0.000069537
13,130,randomness_commit,0.000597212,0.000597408
13,130,receive_authenticate_accumulate,0.000068759,0.000068796
13,130,receive_authenticate_accumulate,0.000084517,0.000084426
13,130,receive_authenticate_accumulate,0.000083943,0.000083926
13,130,receive_authenticate_accumulate,0.000083758,0.000083408
13,130,receive_authenticate_accumulate,0.000085665,0.000085463
13,130,receive_authenticate_accumulate,0.000082591,0.000082519
13,130,receive_authenticate_accumulate,0.000084351,0.000083870
13,130,receive_authenticate_accumulate,0.000083480,0.000083167
13,130,receive_authenticate_accumulate,0.000083888,0.000083759
13,130,receive_authenticate_accumulate,0.000082461,0.000082297
13,130,receive_authenticate_accumulate,0.000068055,0.000068074
13,130,receive_authenticate_accumulate,0.000068073,0.000068148
13,130,receive_authenticate_accumulate,0.000067684,0.000067611
13,130,receive_authenticate_accumulate,0.000069665,0.000069777
13,130,receive_authenticate_accumulate,0.000067943,0.000067889
13,130,receive_authenticate_accumulate,0.000067980,0.000067907
13,130,receive_authenticate_accumulate,0.000068184,0.000067871
13,130,receive_authenticate_accumulate,0.000064907,0.000064648
13,130,receive_authenticate_accumulate,0.000067591,0.000067574
13,130,receive_authenticate_accumulate,0.000068203,0.000068222
13,130,randomness_reveal,0.000426290,0.000426240
13,130,receive_authenticate_accumulate,0.000066406,0.000066463
13,130,committee_selection,0.000125998,0.000125944
13,130,round_reset,0.000005426,0.000004667
13,130,receive_authenticate_accumulate,0.017223050,0.017223130
13,130,receive_authenticate_accumulate,0.000043685,0.000043481
13,130,receive_authenticate_accumulate,0.017266530,0.017242204
13,130,receive_authenticate_accumulate,0.000044517,0.000044333
13,130,receive_authenticate_accumulate,0.017229309,0.017229463
13,130,receive_authenticate_accumulate,0.000047240,0.000047204
13,130,receive_authenticate_accumulate,0.017224624,0.017224741
13,130,receive_authenticate_accumulate,0.000045092,0.000045055
13,130,receive_authenticate_accumulate,0.017217494,0.017217518
13,130,receive_authenticate_accumulate,0.000043796,0.000043778
13,130,receive_authenticate_accumulate,0.017229402,0.017229463
13,130,receive_authenticate_accumulate,0.000045721,0.000045592
13,130,receive_authenticate_accumulate,0.017223180,0.017223333
13,130,receive_authenticate_accumulate,0.000058870,0.000058760
13,130,receive_authenticate_accumulate,0.017215717,0.017215778
13,130,receive_authenticate_accumulate,0.000044740,0.000044648
13,130,receive_authenticate_accumulate,0.017224957,0.017225019
13,130,receive_authenticate_accumulate,0.000044555,0.000044519
13,130,receive_authenticate_accumulate,0.017316420,0.017230075
13,130,receive_authenticate_accumulate,0.000044573,0.000044500
13,130,receive_authenticate_accumulate,0.017256420,0.017256611
13,130,receive_authenticate_accumulate,0.000046666,0.000046537
13,130,receive_authenticate_accumulate,0.017232310,0.017232463
13,130,receive_authenticate_accumulate,0.000044314,0.000044167
13,130,receive_authenticate_accumulate,0.025839354,0.025839574
13,130,receive_authenticate_accumulate,0.000069036,0.000069129
13,130,receive_authenticate_accumulate,0.017233828,0.017233945
13,130,receive_authenticate_accumulate,0.000044184,0.000044019
13,130,receive_authenticate_accumulate,0.017242236,0.017233556
13,130,receive_authenticate_accumulate,0.000043425,0.000043408
13,130,receive_authenticate_accumulate,0.017220033,0.017220185
13,130,receive_authenticate_accumulate,0.000043017,0.000042963
13,130,receive_authenticate_accumulate,0.017225902,0.017225370
13,130,receive_authenticate_accumulate,0.000044074,0.000043926
13,130,receive_authenticate_accumulate,0.017217218,0.017217315
13,130,receive_authenticate_accumulate,0.000045926,0.000045963
13,130,receive_authenticate_accumulate,0.017225551,0.017225723
13,130,receive_authenticate_accumulate,0.000048647,0.000048556
13,130,reading_commitment_and_shares,0.026231774,0.026232019
13,130,receive_authenticate_accumulate,0.017223255,0.017223389
13,130,receive_authenticate_accumulate,0.000043684,0.000043629
13,130,round_coverage,0.000004630,0.000003945
13,130,spatial_report,0.000039981,0.000039797
13,131,round_reset,0.000010277,0.000009333
13,131,receive_authenticate_accumulate,0.017249406,0.017249537
13,131,receive_authenticate_accumulate,0.000046703,0.000046722
13,131,receive_authenticate_accumulate,0.017218091,0.017218277
13,131,receive_authenticate_accumulate,0.000043852,0.000043760
13,131,receive_authenticate_accumulate,0.017229961,0.017230074
13,131,receive_authenticate_accumulate,0.000042351,0.000042260
13,131,receive_authenticate_accumulate,0.017228962,0.017228963
13,131,receive_authenticate_accumulate,0.000042981,0.000042870
13,131,receive_authenticate_accumulate,0.017217332,0.017217444
13,131,receive_authenticate_accumulate,0.000047017,0.000046944
13,131,receive_authenticate_accumulate,0.017223406,0.017223482
13,131,receive_authenticate_accumulate,0.000043314,0.000043296
13,131,receive_authenticate_accumulate,0.017218147,0.017218223
13,131,receive_authenticate_accumulate,0.000043406,0.000043426
13,131,receive_authenticate_accumulate,0.017230906,0.017230926
13,131,receive_authenticate_accumulate,0.000044647,0.000044592
13,131,receive_authenticate_accumulate,0.017266757,0.017242184
13,131,receive_authenticate_accumulate,0.000047425,0.000047352
13,131,receive_authenticate_accumulate,0.017221610,0.017221796
13,131,receive_authenticate_accumulate,0.000044110,0.000044148
13,131,receive_authenticate_accumulate,0.017231129,0.017231222
13,131,receive_authenticate_accumulate,0.000043240,0.000043222
13,131,receive_authenticate_accumulate,0.017224258,0.017224352
13,131,receive_authenticate_accumulate,0.000043666,0.000043592
13,131,receive_authenticate_accumulate,0.017229129,0.017229223
13,131,receive_authenticate_accumulate,0.000045777,0.000045778
13,131,receive_authenticate_accumulate,0.017256665,0.017256870
13,131,receive_authenticate_accumulate,0.000044222,0.000044056
13,131,receive_authenticate_accumulate,0.017242591,0.017242352
13,131,receive_authenticate_accumulate,0.000048018,0.000047982
13,131,receive_authenticate_accumulate,0.017222554,0.017222481
13,131,receive_authenticate_accumulate,0.000044074,0.000044018
13,131,receive_authenticate_accumulate,0.017217425,0.017217389
13,131,receive_authenticate_accumulate,0.000044758,0.000044649
13,131,receive_authenticate_accumulate,0.017225240,0.017225333
13,131,receive_authenticate_accumulate,0.000043333,0.000043241
13,131,receive_authenticate_accumulate,0.017229850,0.017229833
13,131,receive_authenticate_accumulate,0.000044703,0.000044649
13,131,reading_commitment_and_shares,0.026234835,0.026235185
13,131,receive_authenticate_accumulate,0.017219647,0.017219740
13,131,receive_authenticate_accumulate,0.000043389,0.000043333
13,131,round_coverage,0.000004500,0.000003888
13,131,spatial_report,0.000040481,0.000040277
13,132,round_reset,0.000009389,0.000008278
13,132,receive_authenticate_accumulate,0.017230112,0.017230296
13,132,receive_authenticate_accumulate,0.000043851,0.000043666
13,132,receive_authenticate_accumulate,0.017227910,0.017228000
13,132,receive_authenticate_accumulate,0.000043388,0.000043277
13,132,receive_authenticate_accumulate,0.017226390,0.017226463
13,132,receive_authenticate_accumulate,0.000043629,0.000043592
13,132,receive_authenticate_accumulate,0.017218576,0.017218593
13,132,receive_authenticate_accumulate,0.000046018,0.000046092
13,132,receive_authenticate_accumulate,0.017229910,0.017229981
13,132,receive_authenticate_accumulate,0.000043685,0.000043649
13,132,receive_authenticate_accumulate,0.017276131,0.017243852
13,132,receive_authenticate_accumulate,0.000044480,0.000044352
13,132,receive_authenticate_accumulate,0.017229206,0.017229297
13,132,receive_authenticate_accumulate,0.000044240,0.000044148
13,132,receive_authenticate_accumulate,0.017235280,0.017235278
13,132,receive_authenticate_accumulate,0.000043759,0.000043685
13,132,receive_authenticate_accumulate,0.017260761,0.017236796
13,132,receive_authenticate_accumulate,0.000047555,0.000047500
13,132,receive_authenticate_accumulate,0.017219632,0.017219703
13,132,receive_authenticate_accumulate,0.000045074,0.000044963
13,132,receive_authenticate_accumulate,0.017233187,0.017233223
13,132,receive_authenticate_accumulate,0.000044333,0.000044389
13,132,receive_authenticate_accumulate,0.017233965,0.017233926
13,132,receive_authenticate_accumulate,0.000043814,0.000043778
13,132,receive_authenticate_accumulate,0.017234132,0.017234278
13,132,receive_authenticate_accumulate,0.000042851,0.000042741
13,132,receive_authenticate_accumulate,0.017231150,0.017231278
13,132,receive_authenticate_accumulate,0.000043518,0.000043500
13,132,receive_authenticate_accumulate,0.017224614,0.017224667
13,132,receive_authenticate_accumulate,0.000068406,0.000068593
13,132,receive_authenticate_accumulate,0.017254947,0.017236982
13,132,receive_authenticate_accumulate,0.000040629,0.000040537
13,132,receive_authenticate_accumulate,0.017215410,0.017215648
13,132,receive_authenticate_accumulate,0.000039315,0.000039296
13,132,receive_authenticate_accumulate,0.017248410,0.017248556
13,132,receive_authenticate_accumulate,0.000045647,0.000045611
13,132,receive_authenticate_accumulate,0.017230984,0.017231037
13,132,receive_authenticate_accumulate,0.000044758,0.000044759
13,132,reading_commitment_and_shares,0.026241803,0.026242240
13,132,receive_authenticate_accumulate,0.017238558,0.017238667
13,132,receive_authenticate_accumulate,0.000044055,0.000043963
13,132,round_coverage,0.000004167,0.000003685
13,132,spatial_report,0.000038889,0.000038648
13,133,round_reset,0.000008740,0.000007426
13,133,receive_authenticate_accumulate,0.017225894,0.017225925
13,133,receive_authenticate_accumulate,0.000045832,0.000045796
13,133,receive_authenticate_accumulate,0.017218505,0.017218444
13,133,receive_authenticate_accumulate,0.000044037,0.000044000
13,133,receive_authenticate_accumulate,0.017203191,0.017203093
13,133,receive_authenticate_accumulate,0.000043555,0.000043500
13,133,receive_authenticate_accumulate,0.017222709,0.017222759
13,133,receive_authenticate_accumulate,0.000042999,0.000043000
13,133,receive_authenticate_accumulate,0.017261709,0.017243389
13,133,receive_authenticate_accumulate,0.000045814,0.000045759
13,133,receive_authenticate_accumulate,0.017229765,0.017229870
13,133,receive_authenticate_accumulate,0.000043462,0.000043463
13,133,receive_authenticate_accumulate,0.017273968,0.017249722
13,133,receive_authenticate_accumulate,0.000043407,0.000043408
13,133,receive_authenticate_accumulate,0.017246135,0.017246240
13,133,receive_authenticate_accumulate,0.000044592,0.000044574
13,133,receive_authenticate_accumulate,0.017232413,0.017232593
13,133,receive_authenticate_accumulate,0.000044129,0.000044204
13,133,receive_authenticate_accumulate,0.017223654,0.017223593
13,133,receive_authenticate_accumulate,0.000043425,0.000043389
13,133,receive_authenticate_accumulate,0.017230413,0.017230426
13,133,receive_authenticate_accumulate,0.000043888,0.000043833
13,133,receive_authenticate_accumulate,0.017224839,0.017224889
13,133,receive_authenticate_accumulate,0.000045203,0.000045186
13,133,receive_authenticate_accumulate,0.024136434,0.024065056
13,133,receive_authenticate_accumulate,0.000044721,0.000044666
13,133,receive_authenticate_accumulate,0.017233598,0.017233648
13,133,receive_authenticate_accumulate,0.000044481,0.000044333
13,133,receive_authenticate_accumulate,0.017221358,0.017221315
13,133,receive_authenticate_accumulate,0.000043481,0.000043259
13,133,receive_authenticate_accumulate,0.017224302,0.017224463
13,133,receive_authenticate_accumulate,0.000043962,0.000043982
13,133,receive_authenticate_accumulate,0.017221228,0.017221352
13,133,receive_authenticate_accumulate,0.000046759,0.000046833
13,133,receive_authenticate_accumulate,0.017226321,0.017226518
13,133,receive_authenticate_accumulate,0.000042740,0.000042611
13,133,receive_authenticate_accumulate,0.017218080,0.017218148
13,133,receive_authenticate_accumulate,0.000045203,0.000045203
13,133,reading_commitment_and_shares,0.026237363,0.026237666
13,133,receive_authenticate_accumulate,0.017219951,0.017220037
13,133,receive_authenticate_accumulate,0.000043944,0.000043852
13,133,round_coverage,0.000004315,0.000003871
13,133,spatial_report,0.000040221,0.000039944
13,134,round_reset,0.000009278,0.000008296
13,134,receive_authenticate_accumulate,0.017227398,0.017227444
13,134,receive_authenticate_accumulate,0.000045036,0.000044908
13,134,receive_authenticate_accumulate,0.017218768,0.017218741
13,134,receive_authenticate_accumulate,0.000043981,0.000043907
13,134,receive_authenticate_accumulate,0.017224305,0.017224389
13,134,receive_authenticate_accumulate,0.000044814,0.000044629
13,134,receive_authenticate_accumulate,0.017223731,0.017223797
13,134,receive_authenticate_accumulate,0.000046703,0.000046685
13,134,receive_authenticate_accumulate,0.017271212,0.017254407
13,134,receive_authenticate_accumulate,0.000044296,0.000044259
13,134,receive_authenticate_accumulate,0.017219750,0.017219778
13,134,receive_authenticate_accumulate,0.000044795,0.000044815
13,134,receive_authenticate_accumulate,0.017227176,0.017227185
13,134,receive_authenticate_accumulate,0.000044425,0.000044371
13,134,receive_authenticate_accumulate,0.017218880,0.017219018
13,134,receive_authenticate_accumulate,0.000046055,0.000046037
13,134,receive_authenticate_accumulate,0.017229639,0.017229833
13,134,receive_authenticate_accumulate,0.000042963,0.000042889
13,134,receive_authenticate_accumulate,0.017272119,0.017248759
13,134,receive_authenticate_accumulate,0.000044055,0.000043926
13,134,receive_authenticate_accumulate,0.017279526,0.017279778
13,134,receive_authenticate_accumulate,0.000043944,0.000043833
13,134,receive_authenticate_accumulate,0.017221490,0.017221481
13,134,receive_authenticate_accumulate,0.000047295,0.000047333
13,134,receive_authenticate_accumulate,0.017226138,0.017226278
13,134,receive_authenticate_accumulate,0.000043777,0.000043778
13,134,receive_authenticate_accumulate,0.017270027,0.017243981
13,134,receive_authenticate_accumulate,0.000044777,0.000044667
13,134,receive_authenticate_accumulate,0.017235991,0.017235908
13,134,receive_authenticate_accumulate,0.000044684,0.000044611
13,134,receive_authenticate_accumulate,0.017221083,0.017221296
13,134,receive_authenticate_accumulate,0.000045981,0.000045889
13,134,receive_authenticate_accumulate,0.017217509,0.017217629
13,134,receive_authenticate_accumulate,0.000044000,0.000043963
13,134,receive_authenticate_accumulate,0.017223824,0.017223907
13,134,receive_authenticate_accumulate,0.000045184,0.000045055
13,134,receive_authenticate_accumulate,0.017229046,0.017229111
13,134,receive_authenticate_accumulate,0.000044981,0.000044963
13,134,reading_commitment_and_shares,0.026237405,0.026237741
13,134,receive_authenticate_accumulate,0.017294508,0.017262296
13,134,receive_authenticate_accumulate,0.000044518,0.000044426
13,134,round_coverage,0.000003685,0.000003093
13,134,spatial_report,0.000039962,0.000039685
13,135,round_reset,0.000009667,0.000008149
13,135,receive_authenticate_accumulate,0.017223678,0.017223629
13,135,receive_authenticate_accumulate,0.000043314,0.000043166
13,135,receive_authenticate_accumulate,0.017227011,0.017227056
13,135,receive_authenticate_accumulate,0.000043981,0.000043814
13,135,receive_authenticate_accumulate,0.017225104,0.017225092
13,135,receive_authenticate_accumulate,0.000044980,0.000044907
13,135,receive_authenticate_accumulate,0.017227437,0.017227333
13,135,receive_authenticate_accumulate,0.000046370,0.000046315
13,135,receive_authenticate_accumulate,0.017221011,0.017221037
13,135,receive_authenticate_accumulate,0.000043185,0.000043074
13,135,receive_authenticate_accumulate,0.017216623,0.017216722
13,135,receive_authenticate_accumulate,0.000043740,0.000043723
13,135,receive_authenticate_accumulate,0.017290177,0.017254499
13,135,receive_authenticate_accumulate,0.000044407,0.000044333
13,135,receive_authenticate_accumulate,0.017271807,0.017244981
13,135,receive_authenticate_accumulate,0.000043370,0.000043371
13,135,receive_authenticate_accumulate,0.017228549,0.017228574
13,135,receive_authenticate_accumulate,0.000044462,0.000044426
13,135,receive_authenticate_accumulate,0.017225030,0.017225074
13,135,receive_authenticate_accumulate,0.000044222,0.000044241
13,135,receive_authenticate_accumulate,0.017227827,0.017227648
13,135,receive_authenticate_accumulate,0.000044222,0.000044166
13,135,receive_authenticate_accumulate,0.017219660,0.017219630
13,135,receive_authenticate_accumulate,0.000045703,0.000045722
13,135,receive_authenticate_accumulate,0.025862267,0.025862593
13,135,receive_authenticate_accumulate,0.000060944,0.000060889
13,135,receive_authenticate_accumulate,0.017226531,0.017226204
13,135,receive_authenticate_accumulate,0.000044833,0.000044833
13,135,receive_authenticate_accumulate,0.017247549,0.017247611
13,135,receive_authenticate_accumulate,0.000045721,0.000045740
13,135,receive_authenticate_accumulate,0.017227382,0.017227426
13,135,receive_authenticate_accumulate,0.000043185,0.000043167
13,135,receive_authenticate_accumulate,0.017217142,0.017217240
13,135,receive_authenticate_accumulate,0.000044795,0.000044797
13,135,receive_authenticate_accumulate,0.017228494,0.017216760
13,135,receive_authenticate_accumulate,0.000044333,0.000044278
13,135,receive_authenticate_accumulate,0.017260511,0.017243760
13,135,receive_authenticate_accumulate,0.000044055,0.000044055
13,135,reading_commitment_and_shares,0.026257817,0.026258407
13,135,receive_authenticate_accumulate,0.017228049,0.017228296
13,135,receive_authenticate_accumulate,0.000046388,0.000046408
13,135,round_coverage,0.000004482,0.000003963
13,135,spatial_report,0.000039221,0.000038926
13,136,round_reset,0.000008796,0.000007611
13,136,receive_authenticate_accumulate,0.017214830,0.017214852
13,136,receive_authenticate_accumulate,0.000044499,0.000044407
13,136,receive_authenticate_accumulate,0.017212699,0.017213019
13,136,receive_authenticate_accumulate,0.000043203,0.000043111
13,136,receive_authenticate_accumulate,0.017297513,0.017259055
13,136,receive_authenticate_accumulate,0.000043611,0.000043592
13,136,receive_authenticate_accumulate,0.017228959,0.017228648
13,136,receive_authenticate_accumulate,0.000043703,0.000043685
13,136,receive_authenticate_accumulate,0.017246681,0.017246814
13,136,receive_authenticate_accumulate,0.000043444,0.000043407
13,136,receive_authenticate_accumulate,0.017225033,0.017225074
13,136,receive_authenticate_accumulate,0.000043703,0.000043686
13,136,receive_authenticate_accumulate,0.017232477,0.017232537
13,136,receive_authenticate_accumulate,0.000043999,0.000043963
13,136,receive_authenticate_accumulate,0.017221644,0.017221667
13,136,receive_authenticate_accumulate,0.000047721,0.000047777
13,136,receive_authenticate_accumulate,0.017226496,0.017226648
13,136,receive_authenticate_accumulate,0.000043777,0.000043704
13,136,receive_authenticate_accumulate,0.017219811,0.017219778
13,136,receive_authenticate_accumulate,0.000043148,0.000043000
13,136,receive_authenticate_accumulate,0.017271218,0.017245519
13,136,receive_authenticate_accumulate,0.000044647,0.000044593
13,136,receive_authenticate_accumulate,0.017228385,0.017228481
13,136,receive_authenticate_accumulate,0.000046796,0.000046889
13,136,receive_authenticate_accumulate,0.017257996,0.017233574
13,136,receive_authenticate_accumulate,0.000044869,0.000044741
13,136,receive_authenticate_accumulate,0.017227311,0.017227370
13,136,receive_authenticate_accumulate,0.000047536,0.000047278
13,136,receive_authenticate_accumulate,0.017261199,0.017233333
13,136,receive_authenticate_accumulate,0.000045462,0.000045222
13,136,receive_authenticate_accumulate,0.017222996,0.017223037
13,136,receive_authenticate_accumulate,0.000044092,0.000044092
13,136,receive_authenticate_accumulate,0.017233996,0.017234037
13,136,receive_authenticate_accumulate,0.000043518,0.000043407
13,136,receive_authenticate_accumulate,0.017226164,0.017226129
13,136,receive_authenticate_accumulate,0.000059721,0.000059630
13,136,receive_authenticate_accumulate,0.017279218,0.017245629
13,136,receive_authenticate_accumulate,0.000062962,0.000062926
13,136,reading_commitment_and_shares,0.026301969,0.026268276
13,136,receive_authenticate_accumulate,0.017222108,0.017222130
13,136,receive_authenticate_accumulate,0.000044555,0.000044500
13,136,round_coverage,0.000004222,0.000003704
13,136,spatial_report,0.000039888,0.000039630
13,137,round_reset,0.000010278,0.000009296
13,137,receive_authenticate_accumulate,0.017224128,0.017224130
13,137,receive_authenticate_accumulate,0.000046610,0.000046537
13,137,receive_authenticate_accumulate,0.017230647,0.017230611
13,137,receive_authenticate_accumulate,0.000043129,0.000043018
13,137,receive_authenticate_accumulate,0.017221387,0.017221315
13,137,receive_authenticate_accumulate,0.000044314,0.000044278
13,137,receive_authenticate_accumulate,0.017226591,0.017226555
13,137,receive_authenticate_accumulate,0.000042870,0.000042722
13,137,receive_authenticate_accumulate,0.017220351,0.017220278
13,137,receive_authenticate_accumulate,0.000046480,0.000046537
13,137,receive_authenticate_accumulate,0.017221295,0.017221296
13,137,receive_authenticate_accumulate,0.000043110,0.000043074
13,137,receive_authenticate_accumulate,0.017226425,0.017226463
13,137,receive_authenticate_accumulate,0.000044555,0.000044315
13,137,receive_authenticate_accumulate,0.017227128,0.017227074
13,137,receive_authenticate_accumulate,0.000044444,0.000044278
13,137,receive_authenticate_accumulate,0.017266684,0.017241186
13,137,receive_authenticate_accumulate,0.000044147,0.000044111
13,137,receive_authenticate_accumulate,0.017286849,0.017252888
13,137,receive_authenticate_accumulate,0.000046481,0.000046463
13,137,receive_authenticate_accumulate,0.017218388,0.017218445
13,137,receive_authenticate_accumulate,0.000044222,0.000044223
13,137,receive_authenticate_accumulate,0.017218240,0.017218315
13,137,receive_authenticate_accumulate,0.000044333,0.000044222
13,137,receive_authenticate_accumulate,0.024099821,0.024011498
13,137,receive_authenticate_accumulate,0.000044425,0.000044296
13,137,receive_authenticate_accumulate,0.017227036,0.017227093
13,137,receive_authenticate_accumulate,0.000043185,0.000043166
13,137,receive_authenticate_accumulate,0.017258647,0.017258648
13,137,receive_authenticate_accumulate,0.000039481,0.000039389
13,137,receive_authenticate_accumulate,0.017223055,0.017223037
13,137,receive_authenticate_accumulate,0.000038481,0.000038389
13,137,receive_authenticate_accumulate,0.017223740,0.017223759
13,137,receive_authenticate_accumulate,0.000040333,0.000040278
13,137,receive_authenticate_accumulate,0.017226240,0.017226277
13,137,receive_authenticate_accumulate,0.000039426,0.000039241
13,137,receive_authenticate_accumulate,0.017221369,0.017221444
13,137,receive_authenticate_accumulate,0.000038832,0.000038740
13,137,reading_commitment_and_shares,0.026301639,0.026260703
13,137,receive_authenticate_accumulate,0.017252628,0.017232889
13,137,receive_authenticate_accumulate,0.000038852,0.000038759
13,137,round_coverage,0.000004482,0.000003852
13,137,spatial_report,0.000038907,0.000038593
13,138,round_reset,0.000009203,0.000007815
13,138,receive_authenticate_accumulate,0.017236909,0.017237241
13,138,receive_authenticate_accumulate,0.000039481,0.000039370
13,138,receive_authenticate_accumulate,0.017230316,0.017230407
13,138,receive_authenticate_accumulate,0.000039129,0.000039056
13,138,receive_authenticate_accumulate,0.017227945,0.017228037
13,138,receive_authenticate_accumulate,0.000040425,0.000040388
13,138,receive_authenticate_accumulate,0.017224075,0.017224203
13,138,receive_authenticate_accumulate,0.000039573,0.000039593
13,138,receive_authenticate_accumulate,0.017223001,0.017223130
13,138,receive_authenticate_accumulate,0.000040222,0.000040000
13,138,receive_authenticate_accumulate,0.017219890,0.017219981
13,138,receive_authenticate_accumulate,0.000038684,0.000038555
13,138,receive_authenticate_accumulate,0.017223464,0.017223592
13,138,receive_authenticate_accumulate,0.000039370,0.000039352
13,138,receive_authenticate_accumulate,0.017223131,0.017223203
13,138,receive_authenticate_accumulate,0.000039241,0.000039037
13,138,receive_authenticate_accumulate,0.017227409,0.017227482
13,138,receive_authenticate_accumulate,0.000039648,0.000039648
13,138,receive_authenticate_accumulate,0.017223149,0.017223204
13,138,receive_authenticate_accumulate,0.000039352,0.000039277
13,138,receive_authenticate_accumulate,0.017242557,0.017242703
13,138,receive_authenticate_accumulate,0.000044573,0.000044593
13,138,receive_authenticate_accumulate,0.017272797,0.017246833
13,138,receive_authenticate_accumulate,0.000044018,0.000043870
13,138,receive_authenticate_accumulate,0.017241927,0.017241963
13,138,receive_authenticate_accumulate,0.000045092,0.000045019
13,138,receive_authenticate_accumulate,0.017227132,0.017227259
13,138,receive_authenticate_accumulate,0.000045296,0.000045260
13,138,receive_authenticate_accumulate,0.017251946,0.017233001
13,138,receive_authenticate_accumulate,0.000046332,0.000046241
13,138,receive_authenticate_accumulate,0.017267297,0.017239037
13,138,receive_authenticate_accumulate,0.000045221,0.000045093
13,138,receive_authenticate_accumulate,0.017220520,0.017220630
13,138,receive_authenticate_accumulate,0.000044980,0.000044833
13,138,receive_authenticate_accumulate,0.017225502,0.017225574
13,138,receive_authenticate_accumulate,0.000044129,0.000044093
13,138,receive_authenticate_accumulate,0.017234538,0.017234370
13,138,receive_authenticate_accumulate,0.000045073,0.000044926
13,138,reading_commitment_and_shares,0.026229978,0.026230296
13,138,receive_authenticate_accumulate,0.017216390,0.017216555
13,138,receive_authenticate_accumulate,0.000059610,0.000059852
13,138,round_coverage,0.000004333,0.000003741
13,138,spatial_report,0.000040332,0.000040185
13,139,round_reset,0.000010277,0.000008204
13,139,receive_authenticate_accumulate,0.017286244,0.017257481
13,139,receive_authenticate_accumulate,0.000043351,0.000043388
13,139,receive_authenticate_accumulate,0.017230152,0.017230296
13,139,receive_authenticate_accumulate,0.000043777,0.000043685
13,139,receive_authenticate_accumulate,0.017225966,0.017226037
13,139,receive_authenticate_accumulate,0.000044444,0.000044186
13,139,receive_authenticate_accumulate,0.017256410,0.017231168
13,139,receive_authenticate_accumulate,0.000044351,0.000043963
13,139,receive_authenticate_accumulate,0.017231392,0.017231518
13,139,receive_authenticate_accumulate,0.000043833,0.000043704
13,139,receive_authenticate_accumulate,0.017218059,0.017218111
13,139,receive_authenticate_accumulate,0.000046778,0.000046852
13,139,receive_authenticate_accumulate,0.017220522,0.017220685
13,139,receive_authenticate_accumulate,0.000043870,0.000043852
13,139,receive_authenticate_accumulate,0.017226096,0.017226055
13,139,receive_authenticate_accumulate,0.000044851,0.000044834
13,139,receive_authenticate_accumulate,0.017231911,0.017231908
13,139,receive_authenticate_accumulate,0.000044240,0.000044018
13,139,receive_authenticate_accumulate,0.017223892,0.017224055
13,139,receive_authenticate_accumulate,0.000045648,0.000045611
13,139,receive_authenticate_accumulate,0.017227152,0.017227314
13,139,receive_authenticate_accumulate,0.000043110,0.000042981
13,139,receive_authenticate_accumulate,0.017229022,0.017229093
13,139,receive_authenticate_accumulate,0.000043370,0.000043426
13,139,receive_authenticate_accumulate,0.017230375,0.017230463
13,139,receive_authenticate_accumulate,0.000044184,0.000044074
13,139,receive_authenticate_accumulate,0.017266837,0.017266740
13,139,receive_authenticate_accumulate,0.000047203,0.000047148
13,139,receive_authenticate_accumulate,0.017229856,0.017229871
13,139,receive_authenticate_accumulate,0.000044055,0.000044074
13,139,receive_authenticate_accumulate,0.017219523,0.017219463
13,139,receive_authenticate_accumulate,0.000046222,0.000046259
13,139,receive_authenticate_accumulate,0.017217319,0.017217407
13,139,receive_authenticate_accumulate,0.000043203,0.000043111
13,139,receive_authenticate_accumulate,0.017228893,0.017228908
13,139,receive_authenticate_accumulate,0.000044277,0.000044259
13,139,receive_authenticate_accumulate,0.017262707,0.017238222
13,139,receive_authenticate_accumulate,0.000043536,0.000043370
13,139,reading_commitment_and_shares,0.026235537,0.026235871
13,139,receive_authenticate_accumulate,0.017303911,0.017255870
13,139,receive_authenticate_accumulate,0.000043074,0.000042945
13,139,round_coverage,0.000004167,0.000003611
13,139,spatial_report,0.000039351,0.000039056
13,139,billing_report,0.000418939,0.000418648
14,140,period_reset,0.000023981,0.000022870
14,140,receive_authenticate_accumulate,0.000094072,0.000093963
14,140,receive_authenticate_accumulate,0.000130609,0.000130482
14,140,receive_authenticate_accumulate,0.000090758,0.000090703
14,140,receive_authenticate_accumulate,0.000121239,0.000107574
14,140,receive_authenticate_accumulate,0.000090591,0.000090481
14,140,receive_authenticate_accumulate,0.000089480,0.000089259
14,140,receive_authenticate_accumulate,0.000091018,0.000090888
14,140,receive_authenticate_accumulate,0.000070128,0.000069685
14,140,receive_authenticate_accumulate,0.000070518,0.000070371
14,140,receive_authenticate_accumulate,0.000070406,0.000070111
14,140,receive_authenticate_accumulate,0.000068665,0.000068593
14,140,receive_authenticate_accumulate,0.000069573,0.000069481
14,140,receive_authenticate_accumulate,0.000069499,0.000069463
14,140,receive_authenticate_accumulate,0.000068925,0.000068555
14,140,receive_authenticate_accumulate,0.000068758,0.000068740
14,140,receive_authenticate_accumulate,0.000069759,0.000069740
14,140,receive_authenticate_accumulate,0.000069129,0.000069148
14,140,receive_authenticate_accumulate,0.000070203,0.000070037
14,140,receive_authenticate_accumulate,0.000068314,0.000068185
14,140,randomness_commit,0.000590306,0.000590371
14,140,receive_authenticate_accumulate,0.000069054,0.000068982
14,140,receive_authenticate_accumulate,0.000082998,0.000082685
14,140,receive_authenticate_accumulate,0.000084314,0.000084074
14,140,receive_authenticate_accumulate,0.000080962,0.000080759
14,140,receive_authenticate_accumulate,0.000084129,0.000083926
14,140,receive_authenticate_accumulate,0.000083221,0.000082963
14,140,receive_authenticate_accumulate,0.000081036,0.000081037
14,140,receive_authenticate_accumulate,0.000082999,0.000082833
14,140,receive_authenticate_accumulate,0.000083907,0.000083740
14,140,receive_authenticate_accumulate,0.000084850,0.000084592
14,140,receive_authenticate_accumulate,0.000068036,0.000067815
14,140,receive_authenticate_accumulate,0.000063184,0.000063055
14,140,receive_authenticate_accumulate,0.000066870,0.000066648
14,140,receive_authenticate_accumulate,0.000068073,0.000067814
14,140,receive_authenticate_accumulate,0.000068221,0.000068148
14,140,receive_authenticate_accumulate,0.000067314,0.000067185
14,140,receive_authenticate_accumulate,0.000068259,0.000068111
14,140,receive_authenticate_accumulate,0.000068425,0.000068241
14,140,receive_authenticate_accumulate,0.000067740,0.000067666
14,140,receive_authenticate_accumulate,0.000066333,0.000066222
14,140,randomness_reveal,0.000438883,0.000438833
14,140,receive_authenticate_accumulate,0.000069036,0.000068704
14,140,committee_selection,0.000125184,0.000124870
14,140,round_reset,0.000005629,0.000004908
14,140,receive_authenticate_accumulate,0.017274024,0.017245630
14,140,receive_authenticate_accumulate,0.017229783,0.017229870
14,140,receive_authenticate_accumulate,0.017229432,0.017229630
14,140,receive_authenticate_accumulate,0.017223191,0.017223296
14,140,receive_authenticate_accumulate,0.017230432,0.017230611
14,140,receive_authenticate_accumulate,0.017228858,0.017228852
14,140,receive_authenticate_accumulate,0.017222895,0.017223111
14,140,receive_authenticate_accumulate,0.017218876,0.017218944
14,140,receive_authenticate_accumulate,0.017226247,0.017226407
14,140,receive_authenticate_accumulate,0.017221228,0.017221426
14,140,receive_authenticate_accumulate,0.017220969,0.017220963
14,140,receive_authenticate_accumulate,0.017220024,0.017220000
14,140,receive_authenticate_accumulate,0.025836416,0.025836537
14,140,receive_authenticate_accumulate,0.017226117,0.017226167
14,140,receive_authenticate_accumulate,0.017233117,0.017233241
14,140,receive_authenticate_accumulate,0.017268580,0.017241315
14,140,receive_authenticate_accumulate,0.017267506,0.017267630
14,140,receive_authenticate_accumulate,0.017251765,0.017237870
14,140,receive_authenticate_accumulate,0.017226469,0.017226629
14,140,reading_commitment_and_shares,0.026288299,0.026288778
14,140,receive_authenticate_accumulate,0.017260691,0.017235166
14,140,round_coverage,0.000004370,0.000003796
14,141,round_reset,0.000009999,0.000008852
14,141,receive_authenticate_accumulate,0.017228286,0.017228500
14,141,receive_authenticate_accumulate,0.017234044,0.017234129
14,141,receive_authenticate_accumulate,0.017228008,0.017228111
14,141,receive_authenticate_accumulate,0.017202694,0.017202815
14,141,receive_authenticate_accumulate,0.017225915,0.017226093
14,141,receive_authenticate_accumulate,0.017226767,0.017227037
14,141,receive_authenticate_accumulate,0.017228693,0.017228945
14,141,receive_authenticate_accumulate,0.017226119,0.017226056
14,141,receive_authenticate_accumulate,0.017274452,0.017246500
14,141,receive_authenticate_accumulate,0.017226082,0.017226204
14,141,receive_authenticate_accumulate,0.017229305,0.017229259
14,141,receive_authenticate_accumulate,0.017231804,0.017231833
14,141,receive_authenticate_accumulate,0.017232878,0.017232982
14,141,receive_authenticate_accumulate,0.017227360,0.017227518
14,141,receive_authenticate_accumulate,0.017224490,0.017224574
14,141,receive_authenticate_accumulate,0.017219638,0.017219629
14,141,receive_authenticate_accumulate,0.017230120,0.017230259
14,141,receive_authenticate_accumulate,0.017225675,0.017225796
14,141,receive_authenticate_accumulate,0.017234804,0.017234704
14,141,reading_commitment_and_shares,0.026235451,0.026235648
14,141,receive_authenticate_accumulate,0.017219509,0.017219555
14,141,round_coverage,0.000004278,0.000003685
14,142,round_reset,0.000009278,0.000008185
14,142,receive_authenticate_accumulate,0.017223547,0.017223537
14,142,receive_authenticate_accumulate,0.017217825,0.017217537
14,142,receive_authenticate_accumulate,0.017221658,0.017221648
14,142,receive_authenticate_accumulate,0.017225232,0.017225112
14,142,receive_authenticate_accumulate,0.017230973,0.017230944
14,142,receive_authenticate_accumulate,0.017224936,0.017225018
14,142,receive_authenticate_accumulate,0.017219140,0.017219166
14,142,receive_authenticate_accumulate,0.017228196,0.017228278
14,142,receive_authenticate_accumulate,0.017217547,0.017217704
14,142,receive_authenticate_accumulate,0.017253380,0.017230315
14,142,receive_authenticate_accumulate,0.017257787,0.017257815
14,142,receive_authenticate_accumulate,0.017236158,0.017235925
14,142,receive_authenticate_accumulate,0.025245505,0.025142797
14,142,receive_authenticate_accumulate,0.017267288,0.017238518
14,142,receive_authenticate_accumulate,0.017227399,0.017227463
14,142,receive_authenticate_accumulate,0.017290268,0.017256130
14,142,receive_authenticate_accumulate,0.017227806,0.017227796
14,142,receive_authenticate_accumulate,0.017227288,0.017227389
14,142,receive_authenticate_accumulate,0.017231288,0.017231444
14,142,reading_commitment_and_shares,0.026253602,0.026253871
14,142,receive_authenticate_accumulate,0.017223288,0.017223555
14,142,round_coverage,0.000003833,0.000003426
14,143,round_reset,0.000010259,0.000009074
14,143,receive_authenticate_accumulate,0.017270141,0.017243519
14,143,receive_authenticate_accumulate,0.017226104,0.017225944
14,143,receive_authenticate_accumulate,0.017221290,0.017221334
14,143,receive_authenticate_accumulate,0.017222586,0.017222500
14,143,receive_authenticate_accumulate,0.017225215,0.017225241
14,143,receive_authenticate_accumulate,0.017221956,0.017221963
14,143,receive_authenticate_accumulate,0.017250659,0.017250852
14,143,receive_authenticate_accumulate,0.017229271,0.017229426
14,143,receive_authenticate_accumulate,0.017226031,0.017225852
14,143,receive_authenticate_accumulate,0.017285437,0.017255277
14,143,receive_authenticate_accumulate,0.017228345,0.017228426
14,143,receive_authenticate_accumulate,0.017230290,0.017230796
14,143,receive_authenticate_accumulate,0.017213568,0.017213574
14,143,receive_authenticate_accumulate,0.017266068,0.017266167
14,143,receive_authenticate_accumulate,0.017234679,0.017234686
14,143,receive_authenticate_accumulate,0.017261901,0.017238740
14,143,receive_authenticate_accumulate,0.017232457,0.017232648
14,143,receive_authenticate_accumulate,0.017215494,0.017215518
14,143,receive_authenticate_accumulate,0.017225568,0.017225648
14,143,reading_commitment_and_shares,0.026251272,0.026251222
14,143,receive_authenticate_accumulate,0.017269771,0.017249408
14,143,round_coverage,0.000003888,0.000003296
14,144,round_reset,0.000008814,0.000008426
14,144,receive_authenticate_accumulate,0.017236680,0.017236833
14,144,receive_authenticate_accumulate,0.017219810,0.017219926
14,144,receive_authenticate_accumulate,0.017219588,0.017219537
14,144,receive_authenticate_accumulate,0.017273494,0.017249889
14,144,receive_authenticate_accumulate,0.017288420,0.017248019
14,144,receive_authenticate_accumulate,0.017225328,0.017225370
14,144,receive_authenticate_accumulate,0.017218551,0.017218666
14,144,receive_authenticate_accumulate,0.017226977,0.017226963
14,144,receive_authenticate_accumulate,0.017217921,0.017218203
14,144,receive_authenticate_accumulate,0.017221588,0.017221648
14,144,receive_authenticate_accumulate,0.017227588,0.017227667
14,144,receive_authenticate_accumulate,0.017226551,0.017226500
14,144,receive_authenticate_accumulate,0.017219496,0.017219463
14,144,receive_authenticate_accumulate,0.017232292,0.017232259
14,144,receive_authenticate_accumulate,0.017233421,0.017233574
14,144,receive_authenticate_accumulate,0.017219939,0.017219944
14,144,receive_authenticate_accumulate,0.017253736,0.017230297
14,144,receive_authenticate_accumulate,0.017263643,0.017263741
14,144,receive_authenticate_accumulate,0.017220477,0.017220444
14,144,reading_commitment_and_shares,0.026244830,0.026245000
14,144,receive_authenticate_accumulate,0.017226402,0.017226130
14,144,round_coverage,0.000003945,0.000003278
14,145,round_reset,0.000010222,0.000009019
14,145,receive_authenticate_accumulate,0.017218571,0.017218611
14,145,receive_authenticate_accumulate,0.017220274,0.017220240
14,145,receive_authenticate_accumulate,0.017225682,0.017225741
14,145,receive_authenticate_accumulate,0.017221404,0.017221408
14,145,receive_authenticate_accumulate,0.017219460,0.017219574
14,145,receive_authenticate_accumulate,0.017221478,0.017221556
14,145,receive_authenticate_accumulate,0.017227071,0.017227018
14,145,receive_authenticate_accumulate,0.017218646,0.017218870
14,145,receive_authenticate_accumulate,0.017227034,0.017227055
14,145,receive_authenticate_accumulate,0.017231849,0.017231926
14,145,receive_authenticate_accumulate,0.017268644,0.017242407
14,145,receive_authenticate_accumulate,0.017229312,0.017229259
14,145,receive_authenticate_accumulate,0.017266071,0.017238852
14,145,receive_authenticate_accumulate,0.017224960,0.017224963
14,145,receive_authenticate_accumulate,0.017229757,0.017229760
14,145,receive_authenticate_accumulate,0.017262534,0.017240852
14,145,receive_authenticate_accumulate,0.017224404,0.017224426
14,145,receive_authenticate_accumulate,0.017219794,0.017219852
14,145,receive_authenticate_accumulate,0.017216423,0.017216389
14,145,reading_commitment_and_shares,0.026245518,0.026245815
14,145,receive_authenticate_accumulate,0.017226701,0.017226815
14,145,round_coverage,0.000004445,0.000003722
14,146,round_reset,0.000009111,0.000007982
14,146,receive_authenticate_accumulate,0.017221610,0.017221537
14,146,receive_authenticate_accumulate,0.017234795,0.017234778
14,146,receive_authenticate_accumulate,0.017216757,0.017216871
14,146,receive_authenticate_accumulate,0.017228776,0.017228852
14,146,receive_authenticate_accumulate,0.017220091,0.017220000
14,146,receive_authenticate_accumulate,0.017260813,0.017235056
14,146,receive_authenticate_accumulate,0.017219313,0.017219333
14,146,receive_authenticate_accumulate,0.017219351,0.017219407
14,146,receive_authenticate_accumulate,0.017219888,0.017219907
14,146,receive_authenticate_accumulate,0.017231480,0.017231537
14,146,receive_authenticate_accumulate,0.017224962,0.017224926
14,146,receive_authenticate_accumulate,0.017225888,0.017225982
14,146,receive_authenticate_accumulate,0.017228425,0.017228407
14,146,receive_authenticate_accumulate,0.017230221,0.017230222
14,146,receive_authenticate_accumulate,0.017233184,0.017233260
14,146,receive_authenticate_accumulate,0.017234498,0.017234574
14,146,receive_authenticate_accumulate,0.017308091,0.017246296
14,146,receive_authenticate_accumulate,0.017223277,0.017223407
14,146,receive_authenticate_accumulate,0.017263831,0.017237889
14,146,reading_commitment_and_shares,0.026242669,0.026242889
14,146,receive_authenticate_accumulate,0.017227628,0.017227722
14,146,round_coverage,0.000003944,0.000003482
14,147,round_reset,0.000009722,0.000008537
14,147,receive_authenticate_accumulate,0.017230852,0.017230982
14,147,receive_authenticate_accumulate,0.017296443,0.017271982
14,147,receive_authenticate_accumulate,0.017232740,0.017232723
14,147,receive_authenticate_accumulate,0.017230463,0.017230704
14,147,receive_authenticate_accumulate,0.017225167,0.017225407
14,147,receive_authenticate_accumulate,0.017220797,0.017221037
14,147,receive_authenticate_accumulate,0.017221370,0.017221444
14,147,receive_authenticate_accumulate,0.017229685,0.017229685
14,147,receive_authenticate_accumulate,0.017220814,0.017220759
14,147,receive_authenticate_accumulate,0.017228852,0.017228908
14,147,receive_authenticate_accumulate,0.017227592,0.017227611
14,147,receive_authenticate_accumulate,0.017234297,0.017234056
14,147,receive_authenticate_accumulate,0.017228018,0.017227833
14,147,receive_authenticate_accumulate,0.017218278,0.017218463
14,147,receive_authenticate_accumulate,0.017221611,0.017221666
14,147,receive_authenticate_accumulate,0.017257370,0.017231167
14,147,receive_authenticate_accumulate,0.017208019,0.017208000
14,147,receive_authenticate_accumulate,0.017227963,0.017228019
14,147,receive_authenticate_accumulate,0.017309406,0.017266722
14,147,reading_commitment_and_shares,0.026238837,0.026239167
14,147,receive_authenticate_accumulate,0.017221445,0.017221518
14,147,round_coverage,0.000004037,0.000003667
14,148,round_reset,0.000009111,0.000008963
14,148,receive_authenticate_accumulate,0.017225798,0.017225833
14,148,receive_authenticate_accumulate,0.017222576,0.017222463
14,148,receive_authenticate_accumulate,0.017222298,0.017222185
14,148,receive_authenticate_accumulate,0.017268464,0.017243130
14,148,receive_authenticate_accumulate,0.017232909,0.017233111
14,148,receive_authenticate_accumulate,0.017292426,0.017292574
14,148,receive_authenticate_accumulate,0.017227131,0.017227093
14,148,receive_authenticate_accumulate,0.017223019,0.017223129
14,148,receive_authenticate_accumulate,0.017228557,0.017228630
14,148,receive_authenticate_accumulate,0.017227946,0.017227944
14,148,receive_authenticate_accumulate,0.017229353,0.017229500
14,148,receive_authenticate_accumulate,0.017236871,0.017236925
14,148,receive_authenticate_accumulate,0.017289408,0.017258760
14,148,receive_authenticate_accumulate,0.017227186,0.017227166
14,148,receive_authenticate_accumulate,0.017235724,0.017235777
14,148,receive_authenticate_accumulate,0.017228539,0.017228556
14,148,receive_authenticate_accumulate,0.017225132,0.017225296
14,148,receive_authenticate_accumulate,0.017263704,0.017238056
14,148,receive_authenticate_accumulate,0.017220761,0.017220574
14,148,reading_commitment_and_shares,0.026370078,0.026314315
14,148,receive_authenticate_accumulate,0.017274057,0.017231297
14,148,round_coverage,0.000003908,0.000003315
14,149,round_reset,0.000009518,0.000008296
14,149,receive_authenticate_accumulate,0.017219818,0.017219834
14,149,receive_authenticate_accumulate,0.017254465,0.017232130
14,149,receive_authenticate_accumulate,0.017220540,0.017220611
14,149,receive_authenticate_accumulate,0.017230743,0.017230944
14,149,receive_authenticate_accumulate,0.017226891,0.017226889
14,149,receive_authenticate_accumulate,0.017231243,0.017231333
14,149,receive_authenticate_accumulate,0.017225966,0.017226019
14,149,receive_authenticate_accumulate,0.017225892,0.017225926
14,149,receive_authenticate_accumulate,0.017220873,0.017220926
14,149,receive_authenticate_accumulate,0.017230595,0.017230666
14,149,receive_authenticate_accumulate,0.017255336,0.017231166
14,149,receive_authenticate_accumulate,0.017293705,0.017252315
14,149,receive_authenticate_accumulate,0.017219910,0.017219925
14,149,receive_authenticate_accumulate,0.017258854,0.017232277
14,149,receive_authenticate_accumulate,0.017223299,0.017223241
14,149,receive_authenticate_accumulate,0.017225799,0.017225870
14,149,receive_authenticate_accumulate,0.017216836,0.017216759
14,149,receive_authenticate_accumulate,0.017222429,0.017222389
14,149,receive_authenticate_accumulate,0.017237651,0.017237722
14,149,reading_commitment_and_shares,0.026242341,0.026242685
14,149,receive_authenticate_accumulate,0.017222114,0.017222185
14,149,round_coverage,0.000004074,0.000003537
14,149,shutdown,0.000009870,0.000006908
