period,round,phase,wall_seconds,cpu_seconds
0,0,period_reset,0.000023334,0.000022722
0,0,receive_authenticate_accumulate,0.000088648,0.000088389
0,0,receive_authenticate_accumulate,0.000039796,0.000039648
0,0,receive_authenticate_accumulate,0.000037815,0.000037611
0,0,receive_authenticate_accumulate,0.000030889,0.000030685
0,0,receive_authenticate_accumulate,0.000036963,0.000036851
0,0,receive_authenticate_accumulate,0.000038019,0.000037759
0,0,randomness_commit,0.000456497,0.000456241
0,0,receive_authenticate_accumulate,0.000026240,0.000026185
0,0,receive_authenticate_accumulate,0.000036407,0.000036167
0,0,receive_authenticate_accumulate,0.000030574,0.000030129
0,0,receive_authenticate_accumulate,0.000036963,0.000036593
0,0,receive_authenticate_accumulate,0.000037629,0.000037259
0,0,receive_authenticate_accumulate,0.000030370,0.000030148
0,0,receive_authenticate_accumulate,0.000037574,0.000036981
0,0,receive_authenticate_accumulate,0.000037592,0.000037371
0,0,receive_authenticate_accumulate,0.000030981,0.000030629
0,0,receive_authenticate_accumulate,0.000036722,0.000036371
0,0,receive_authenticate_accumulate,0.000032685,0.000032167
0,0,receive_authenticate_accumulate,0.000038074,0.000037945
0,0,receive_authenticate_accumulate,0.000036777,0.000036519
0,0,receive_authenticate_accumulate,0.000030000,0.000029722
0,0,receive_authenticate_accumulate,0.000047982,0.000047759
0,0,receive_authenticate_accumulate,0.000047259,0.000046704
0,0,receive_authenticate_accumulate,0.000039482,0.000039204
0,0,receive_authenticate_accumulate,0.000043999,0.000043889
0,0,receive_authenticate_accumulate,0.000038111,0.000037574
0,0,receive_authenticate_accumulate,0.000043722,0.000043574
0,0,randomness_reveal,0.000301128,0.000300926
0,0,receive_authenticate_accumulate,0.000041388,0.000041259
0,0,receive_authenticate_accumulate,0.000038518,0.000038481
0,0,receive_authenticate_accumulate,0.000045352,0.000044982
0,0,receive_authenticate_accumulate,0.000049018,0.000048815
0,0,receive_authenticate_accumulate,0.000039167,0.000039037
0,0,receive_authenticate_accumulate,0.000045333,0.000045092
0,0,receive_authenticate_accumulate,0.000039296,0.000039130
0,0,receive_authenticate_accumulate,0.000045425,0.000044908
0,0,receive_authenticate_accumulate,0.000044222,0.000044037
0,0,receive_authenticate_accumulate,0.000038852,0.000038667
0,0,receive_authenticate_accumulate,0.000044333,0.000044333
0,0,receive_authenticate_accumulate,0.000043870,0.000043500
0,0,receive_authenticate_accumulate,0.000039574,0.000039112
0,0,receive_authenticate_accumulate,0.000042518,0.000042334
0,0,committee_selection,0.000079925,0.000079704
0,0,round_reset,0.000005945,0.000005426
0,0,receive_authenticate_accumulate,0.017282812,0.017282593
0,0,receive_authenticate_accumulate,0.017219516,0.017219481
0,0,receive_authenticate_accumulate,0.017222275,0.017222241
0,0,receive_authenticate_accumulate,0.017229627,0.017229703
0,0,receive_authenticate_accumulate,0.017234683,0.017234500
0,0,receive_authenticate_accumulate,0.017243757,0.017231759
0,0,reading_commitment_and_shares,0.026261661,0.026261759
0,0,receive_authenticate_accumulate,0.017213776,0.017213963
0,0,receive_authenticate_accumulate,0.017226405,0.017226445
0,0,receive_authenticate_accumulate,0.017217275,0.017217111
0,0,receive_authenticate_accumulate,0.017245941,0.017227888
0,0,receive_authenticate_accumulate,0.017218775,0.017218481
0,0,receive_authenticate_accumulate,0.017226127,0.017225778
0,0,receive_authenticate_accumulate,0.017266072,0.017237518
0,0,receive_authenticate_accumulate,0.017222146,0.017221926
0,0,receive_authenticate_accumulate,0.017228739,0.017228648
0,0,receive_authenticate_accumulate,0.017231702,0.017231445
0,0,receive_authenticate_accumulate,0.017228794,0.017228778
0,0,receive_authenticate_accumulate,0.017234571,0.017234371
0,0,receive_authenticate_accumulate,0.017265924,0.017244501
0,0,receive_authenticate_accumulate,0.017231720,0.017231778
0,0,round_coverage,0.000004093,0.000003685
0,1,round_reset,0.000008685,0.000007315
0,1,receive_authenticate_accumulate,0.017228685,0.017228630
0,1,receive_authenticate_accumulate,0.017234907,0.017234778
0,1,receive_authenticate_accumulate,0.017235093,0.017234944
0,1,receive_authenticate_accumulate,0.017220944,0.017220833
0,1,receive_authenticate_accumulate,0.017277055,0.017247332
0,1,receive_authenticate_accumulate,0.017226574,0.017226445
0,1,reading_commitment_and_shares,0.026239312,0.026239722
0,1,receive_authenticate_accumulate,0.017228981,0.017228963
0,1,receive_authenticate_accumulate,0.017219999,0.017220000
0,1,receive_authenticate_accumulate,0.017235740,0.017235592
0,1,receive_authenticate_accumulate,0.017230407,0.017230019
0,1,receive_authenticate_accumulate,0.017230296,0.017230204
0,1,receive_authenticate_accumulate,0.017229036,0.017228704
0,1,receive_authenticate_accumulate,0.017228407,0.017228259
0,1,receive_authenticate_accumulate,0.017257147,0.017239093
0,1,receive_authenticate_accumulate,0.017219833,0.017219740
0,1,receive_authenticate_accumulate,0.017232944,0.017232852
0,1,receive_authenticate_accumulate,0.017228667,0.017228630
0,1,receive_authenticate_accumulate,0.017226056,0.017225908
0,1,receive_authenticate_accumulate,0.017266260,0.017242593
0,1,receive_authenticate_accumulate,0.017228815,0.017228723
0,1,round_coverage,0.000004130,0.000003444
0,2,round_reset,0.000009334,0.000007926
0,2,receive_authenticate_accumulate,0.017846183,0.017754315
0,2,receive_authenticate_accumulate,0.017230242,0.017230148
0,2,receive_authenticate_accumulate,0.017223927,0.017223796
0,2,receive_authenticate_accumulate,0.017239983,0.017239871
0,2,receive_authenticate_accumulate,0.017205113,0.017205055
0,2,receive_authenticate_accumulate,0.017244094,0.017244130
0,2,reading_commitment_and_shares,0.026213426,0.026213685
0,2,receive_authenticate_accumulate,0.017211761,0.017212019
0,2,receive_authenticate_accumulate,0.017224020,0.017223889
0,2,receive_authenticate_accumulate,0.017265502,0.017238351
0,2,receive_authenticate_accumulate,0.017233909,0.017233796
0,2,receive_authenticate_accumulate,0.017220391,0.017220259
0,2,receive_authenticate_accumulate,0.017279094,0.017234389
0,2,receive_authenticate_accumulate,0.017228410,0.017228259
0,2,receive_authenticate_accumulate,0.017228465,0.017228352
0,2,receive_authenticate_accumulate,0.017225224,0.017225148
0,2,receive_authenticate_accumulate,0.017230687,0.017230519
0,2,receive_authenticate_accumulate,0.017229021,0.017228981
0,2,receive_authenticate_accumulate,0.017220576,0.017220611
0,2,receive_authenticate_accumulate,0.017231946,0.017231722
0,2,receive_authenticate_accumulate,0.017223761,0.017223648
0,2,round_coverage,0.000004352,0.000003704
0,3,round_reset,0.000008852,0.000007407
0,3,receive_authenticate_accumulate,0.017232948,0.017232888
0,3,receive_authenticate_accumulate,0.017236448,0.017236278
0,3,receive_authenticate_accumulate,0.017227930,0.017227833
0,3,receive_authenticate_accumulate,0.017227355,0.017226945
0,3,receive_authenticate_accumulate,0.017223245,0.017223037
0,3,receive_authenticate_accumulate,0.017316762,0.017292388
0,3,reading_commitment_and_shares,0.026221725,0.026221814
0,3,receive_authenticate_accumulate,0.017226522,0.017226463
0,3,receive_authenticate_accumulate,0.017220856,0.017220630
0,3,receive_authenticate_accumulate,0.017224707,0.017224426
0,3,receive_authenticate_accumulate,0.017226467,0.017226185
0,3,receive_authenticate_accumulate,0.017226429,0.017226130
0,3,receive_authenticate_accumulate,0.017222059,0.017221926
0,3,receive_authenticate_accumulate,0.017231689,0.017231500
0,3,receive_authenticate_accumulate,0.017221541,0.017221444
0,3,receive_authenticate_accumulate,0.017225781,0.017225704
0,3,receive_authenticate_accumulate,0.017227596,0.017227481
0,3,receive_authenticate_accumulate,0.017230560,0.017230389
0,3,receive_authenticate_accumulate,0.017218763,0.017218704
0,3,receive_authenticate_accumulate,0.017262356,0.017241685
0,3,receive_authenticate_accumulate,0.017230892,0.017230704
0,3,round_coverage,0.000003944,0.000003296
0,4,round_reset,0.000009130,0.000007833
0,4,receive_authenticate_accumulate,0.020483392,0.020411390
0,4,receive_authenticate_accumulate,0.017233246,0.017233130
0,4,receive_authenticate_accumulate,0.017221931,0.017221852
0,4,receive_authenticate_accumulate,0.017232617,0.017232445
0,4,receive_authenticate_accumulate,0.017231505,0.017231223
0,4,receive_authenticate_accumulate,0.017252153,0.017233445
0,4,reading_commitment_and_shares,0.026197709,0.026197573
0,4,receive_authenticate_accumulate,0.017221190,0.017220889
0,4,receive_authenticate_accumulate,0.017233765,0.017233648
0,4,receive_authenticate_accumulate,0.017225820,0.017225740
0,4,receive_authenticate_accumulate,0.017263264,0.017237241
0,4,receive_authenticate_accumulate,0.017231265,0.017231130
0,4,receive_authenticate_accumulate,0.017224580,0.017224407
0,4,receive_authenticate_accumulate,0.017233987,0.017233871
0,4,receive_authenticate_accumulate,0.017215524,0.017215592
0,4,receive_authenticate_accumulate,0.017297783,0.017257870
0,4,receive_authenticate_accumulate,0.017230209,0.017230055
0,4,receive_authenticate_accumulate,0.017231321,0.017231074
0,4,receive_authenticate_accumulate,0.017238913,0.017238740
0,4,receive_authenticate_accumulate,0.017225876,0.017225741
0,4,receive_authenticate_accumulate,0.017227079,0.017226963
0,4,round_coverage,0.000004000,0.000003278
0,5,round_reset,0.000008926,0.000007611
0,5,receive_authenticate_accumulate,0.017222637,0.017222445
0,5,receive_authenticate_accumulate,0.017235989,0.017235926
0,5,receive_authenticate_accumulate,0.017235341,0.017235389
0,5,receive_authenticate_accumulate,0.017229451,0.017229297
0,5,receive_authenticate_accumulate,0.017221637,0.017221370
0,5,receive_authenticate_accumulate,0.017223933,0.017223963
0,5,reading_commitment_and_shares,0.026204898,0.026205092
0,5,receive_authenticate_accumulate,0.017226877,0.017226815
0,5,receive_authenticate_accumulate,0.017221692,0.017221648
0,5,receive_authenticate_accumulate,0.017264099,0.017237111
0,5,receive_authenticate_accumulate,0.017226840,0.017226611
0,5,receive_authenticate_accumulate,0.017290692,0.017271536
0,5,receive_authenticate_accumulate,0.017221192,0.017221277
0,5,receive_authenticate_accumulate,0.017228341,0.017228241
0,5,receive_authenticate_accumulate,0.017230859,0.017230611
0,5,receive_authenticate_accumulate,0.017225470,0.017225389
0,5,receive_authenticate_accumulate,0.017222840,0.017222741
0,5,receive_authenticate_accumulate,0.017230600,0.017230426
0,5,receive_authenticate_accumulate,0.017224156,0.017224000
0,5,receive_authenticate_accumulate,0.017226749,0.017226463
0,5,receive_authenticate_accumulate,0.017219304,0.017219055
0,5,round_coverage,0.000004111,0.000003500
0,6,round_reset,0.000008833,0.000007407
0,6,receive_authenticate_accumulate,0.017225286,0.017225260
0,6,receive_authenticate_accumulate,0.017224101,0.017223944
0,6,receive_authenticate_accumulate,0.017283268,0.017239703
0,6,receive_authenticate_accumulate,0.017233749,0.017233574
0,6,receive_authenticate_accumulate,0.017224712,0.017224574
0,6,receive_authenticate_accumulate,0.017233231,0.017233037
0,6,reading_commitment_and_shares,0.026213381,0.026213407
0,6,receive_authenticate_accumulate,0.017216509,0.017216555
0,6,receive_authenticate_accumulate,0.017223249,0.017223055
0,6,receive_authenticate_accumulate,0.017237546,0.017237407
0,6,receive_authenticate_accumulate,0.017231008,0.017230851
0,6,receive_authenticate_accumulate,0.017229120,0.017229149
0,6,receive_authenticate_accumulate,0.017221954,0.017221704
0,6,receive_authenticate_accumulate,0.017214342,0.017214555
0,6,receive_authenticate_accumulate,0.017234879,0.017234834
0,6,receive_authenticate_accumulate,0.017266268,0.017243667
0,6,receive_authenticate_accumulate,0.017223546,0.017223259
0,6,receive_authenticate_accumulate,0.017223231,0.017223018
0,6,receive_authenticate_accumulate,0.017230527,0.017230445
0,6,receive_authenticate_accumulate,0.017274453,0.017248463
0,6,receive_authenticate_accumulate,0.017229305,0.017229167
0,6,round_coverage,0.000003722,0.000003056
0,7,round_reset,0.000010722,0.000009352
0,7,receive_authenticate_accumulate,0.017419916,0.017418870
0,7,receive_authenticate_accumulate,0.017230214,0.017229981
0,7,receive_authenticate_accumulate,0.017225492,0.017225315
0,7,receive_authenticate_accumulate,0.017227565,0.017227445
0,7,receive_authenticate_accumulate,0.017225510,0.017225333
0,7,receive_authenticate_accumulate,0.017232917,0.017232760
0,7,reading_commitment_and_shares,0.026211717,0.026211722
0,7,receive_authenticate_accumulate,0.017224825,0.017224963
0,7,receive_authenticate_accumulate,0.017231102,0.017231074
0,7,receive_authenticate_accumulate,0.017224751,0.017224537
0,7,receive_authenticate_accumulate,0.017231696,0.017231407
0,7,receive_authenticate_accumulate,0.017229325,0.017228999
0,7,receive_authenticate_accumulate,0.017232010,0.017231834
0,7,receive_authenticate_accumulate,0.017225917,0.017225685
0,7,receive_authenticate_accumulate,0.017228122,0.017227981
0,7,receive_authenticate_accumulate,0.017222177,0.017221815
0,7,receive_authenticate_accumulate,0.017234733,0.017234574
0,7,receive_authenticate_accumulate,0.017227344,0.017227203
0,7,receive_authenticate_accumulate,0.017227437,0.017226944
0,7,receive_authenticate_accumulate,0.017269325,0.017239074
0,7,receive_authenticate_accumulate,0.017229140,0.017229055
0,7,round_coverage,0.000003907,0.000003222
0,8,round_reset,0.000009092,0.000007630
0,8,receive_authenticate_accumulate,0.017449399,0.017448537
0,8,receive_authenticate_accumulate,0.017231122,0.017230981
0,8,receive_authenticate_accumulate,0.017229753,0.017229704
0,8,receive_authenticate_accumulate,0.017226363,0.017226241
0,8,receive_authenticate_accumulate,0.017227901,0.017227759
0,8,receive_authenticate_accumulate,0.017284752,0.017249758
0,8,reading_commitment_and_shares,0.026206608,0.026206648
0,8,receive_authenticate_accumulate,0.017221308,0.017221259
0,8,receive_authenticate_accumulate,0.017224586,0.017224648
0,8,receive_authenticate_accumulate,0.017232511,0.017232167
0,8,receive_authenticate_accumulate,0.017231030,0.017230852
0,8,receive_authenticate_accumulate,0.017224901,0.017224445
0,8,receive_authenticate_accumulate,0.017228345,0.017228204
0,8,receive_authenticate_accumulate,0.017224975,0.017224740
0,8,receive_authenticate_accumulate,0.017224660,0.017224463
0,8,receive_authenticate_accumulate,0.017221456,0.017221445
0,8,receive_authenticate_accumulate,0.017223326,0.017223129
0,8,receive_authenticate_accumulate,0.017234345,0.017234204
0,8,receive_authenticate_accumulate,0.017231234,0.017231000
0,8,receive_authenticate_accumulate,0.017225937,0.017225704
0,8,receive_authenticate_accumulate,0.017231419,0.017231241
0,8,round_coverage,0.000003797,0.000003092
0,9,round_reset,0.000010166,0.000008851
0,9,receive_authenticate_accumulate,0.017221976,0.017221870
0,9,receive_authenticate_accumulate,0.017223624,0.017223518
0,9,receive_authenticate_accumulate,0.017230087,0.017229963
0,9,receive_authenticate_accumulate,0.017222661,0.017222574
0,9,receive_authenticate_accumulate,0.017229957,0.017229722
0,9,receive_authenticate_accumulate,0.017237846,0.017237685
0,9,reading_commitment_and_shares,0.026212258,0.026212334
0,9,receive_authenticate_accumulate,0.017264180,0.017239297
0,9,receive_authenticate_accumulate,0.017222142,0.017222000
0,9,receive_authenticate_accumulate,0.017224494,0.017224333
0,9,receive_authenticate_accumulate,0.017227605,0.017227500
0,9,receive_authenticate_accumulate,0.017238957,0.017238797
0,9,receive_authenticate_accumulate,0.017227235,0.017227148
0,9,receive_authenticate_accumulate,0.017221587,0.017221408
0,9,receive_authenticate_accumulate,0.017233384,0.017233185
0,9,receive_authenticate_accumulate,0.017221532,0.017221351
0,9,receive_authenticate_accumulate,0.017223847,0.017223796
0,9,receive_authenticate_accumulate,0.017222698,0.017222537
0,9,receive_authenticate_accumulate,0.017231735,0.017231629
0,9,receive_authenticate_accumulate,0.017227087,0.017226852
0,9,receive_authenticate_accumulate,0.017229884,0.017229741
0,9,round_coverage,0.000003852,0.000003260
1,10,period_reset,0.000025019,0.000023833
1,10,receive_authenticate_accumulate,0.000096666,0.000096278
1,10,receive_authenticate_accumulate,0.000091296,0.000090945
1,10,receive_authenticate_accumulate,0.000092462,0.000092241
1,10,receive_authenticate_accumulate,0.000090314,0.000090500
1,10,receive_authenticate_accumulate,0.000090833,0.000090592
1,10,receive_authenticate_accumulate,0.000087463,0.000087056
1,10,randomness_commit,0.000800625,0.000800259
1,10,receive_authenticate_accumulate,0.000082777,0.000082777
1,10,receive_authenticate_accumulate,0.000086518,0.000086315
1,10,receive_authenticate_accumulate,0.000067537,0.000067500
1,10,receive_authenticate_accumulate,0.000067203,0.000067000
1,10,receive_authenticate_accumulate,0.000063759,0.000063611
1,10,receive_authenticate_accumulate,0.000066463,0.000066259
1,10,receive_authenticate_accumulate,0.000064666,0.000064185
1,10,receive_authenticate_accumulate,0.000067296,0.000067148
1,10,receive_authenticate_accumulate,0.000067611,0.000067185
1,10,receive_authenticate_accumulate,0.000067833,0.000067723
1,10,receive_authenticate_accumulate,0.000066925,0.000066889
1,10,receive_authenticate_accumulate,0.000069073,0.000068834
1,10,receive_authenticate_accumulate,0.000066407,0.000066111
1,10,receive_authenticate_accumulate,0.000065870,0.000065796
1,10,receive_authenticate_accumulate,0.000080888,0.000080685
1,10,receive_authenticate_accumulate,0.000079444,0.000079426
1,10,receive_authenticate_accumulate,0.000081055,0.000080889
1,10,receive_authenticate_accumulate,0.000082259,0.000082074
1,10,receive_authenticate_accumulate,0.000082407,0.000082222
1,10,receive_authenticate_accumulate,0.000080296,0.000080092
1,10,randomness_reveal,0.000589997,0.000589555
1,10,receive_authenticate_accumulate,0.000076981,0.000076870
1,10,receive_authenticate_accumulate,0.000079999,0.000079834
1,10,receive_authenticate_accumulate,0.000082389,0.000081945
1,10,receive_authenticate_accumulate,0.000079611,0.000079629
1,10,receive_authenticate_accumulate,0.000066370,0.000065889
1,10,receive_authenticate_accumulate,0.000065981,0.000065741
1,10,receive_authenticate_accumulate,0.000067000,0.000066852
1,10,receive_authenticate_accumulate,0.000065574,0.000065426
1,10,receive_authenticate_accumulate,0.000065740,0.000065685
1,10,receive_authenticate_accumulate,0.000064833,0.000064537
1,10,receive_authenticate_accumulate,0.000066666,0.000066463
1,10,receive_authenticate_accumulate,0.000064148,0.000063834
1,10,receive_authenticate_accumulate,0.000065907,0.000065574
1,10,receive_authenticate_accumulate,0.000065018,0.000064815
1,10,committee_selection,0.000123388,0.000123148
1,10,round_reset,0.000005555,0.000004833
1,10,receive_authenticate_accumulate,0.017226181,0.017226167
1,10,receive_authenticate_accumulate,0.000059240,0.000059185
1,10,receive_authenticate_accumulate,0.017222717,0.017222555
1,10,receive_authenticate_accumulate,0.000058037,0.000057815
1,10,receive_authenticate_accumulate,0.017235718,0.017235834
1,10,receive_authenticate_accumulate,0.000056722,0.000056685
1,10,receive_authenticate_accumulate,0.017231236,0.017231186
1,10,receive_authenticate_accumulate,0.000055259,0.000055056
1,10,receive_authenticate_accumulate,0.017216958,0.017216963
1,10,receive_authenticate_accumulate,0.000056444,0.000056426
1,10,receive_authenticate_accumulate,0.017263828,0.017236167
1,10,receive_authenticate_accumulate,0.000057129,0.000057037
1,10,reading_commitment_and_shares,0.026240908,0.026241370
1,10,receive_authenticate_accumulate,0.017211644,0.017211723
1,10,receive_authenticate_accumulate,0.000056166,0.000056148
1,10,receive_authenticate_accumulate,0.017210866,0.017210889
1,10,receive_authenticate_accumulate,0.000057203,0.000057037
1,10,receive_authenticate_accumulate,0.017223644,0.017223593
1,10,receive_authenticate_accumulate,0.000056629,0.000056555
1,10,receive_authenticate_accumulate,0.017230959,0.017231000
1,10,receive_authenticate_accumulate,0.000055833,0.000055648
1,10,receive_authenticate_accumulate,0.017226755,0.017226870
1,10,receive_authenticate_accumulate,0.000058203,0.000058000
1,10,receive_authenticate_accumulate,0.017221255,0.017221241
1,10,receive_authenticate_accumulate,0.000057481,0.000057426
1,10,receive_authenticate_accumulate,0.017228514,0.017228537
1,10,receive_authenticate_accumulate,0.000078055,0.000078019
1,10,receive_authenticate_accumulate,0.017219811,0.017219815
1,10,receive_authenticate_accumulate,0.000056759,0.000056667
1,10,receive_authenticate_accumulate,0.017217422,0.017217352
1,10,receive_authenticate_accumulate,0.000057073,0.000056870
1,10,receive_authenticate_accumulate,0.017229052,0.017229166
1,10,receive_authenticate_accumulate,0.000056389,0.000056259
1,10,receive_authenticate_accumulate,0.017248958,0.017232500
1,10,receive_authenticate_accumulate,0.000057222,0.000057092
1,10,receive_authenticate_accumulate,0.017221236,0.017221444
1,10,receive_authenticate_accumulate,0.000058351,0.000058092
1,10,receive_authenticate_accumulate,0.017223866,0.017223870
1,10,receive_authenticate_accumulate,0.000055037,0.000054963
1,10,receive_authenticate_accumulate,0.017270200,0.017242593
1,10,receive_authenticate_accumulate,0.000057277,0.000056963
1,10,round_coverage,0.000002574,0.000002185
1,10,spatial_report,0.000041518,0.000041352
1,11,round_reset,0.000007852,0.000006426
1,11,receive_authenticate_accumulate,0.017865938,0.017865019
1,11,receive_authenticate_accumulate,0.000053722,0.000053463
1,11,receive_authenticate_accumulate,0.017217071,0.017217148
1,11,receive_authenticate_accumulate,0.000056370,0.000056389
1,11,receive_authenticate_accumulate,0.017222089,0.017222092
1,11,receive_authenticate_accumulate,0.000055500,0.000055444
1,11,receive_authenticate_accumulate,0.017217904,0.017217685
1,11,receive_authenticate_accumulate,0.000054685,0.000054611
1,11,receive_authenticate_accumulate,0.017226090,0.017225908
1,11,receive_authenticate_accumulate,0.000055926,0.000055796
1,11,receive_authenticate_accumulate,0.017282700,0.017246407
1,11,receive_authenticate_accumulate,0.000054648,0.000054574
1,11,reading_commitment_and_shares,0.026199576,0.026199889
1,11,receive_authenticate_accumulate,0.017210960,0.017211074
1,11,receive_authenticate_accumulate,0.000056574,0.000056426
1,11,receive_authenticate_accumulate,0.017225793,0.017226093
1,11,receive_authenticate_accumulate,0.000055481,0.000055463
1,11,receive_authenticate_accumulate,0.017225275,0.017225259
1,11,receive_authenticate_accumulate,0.000055018,0.000054814
1,11,receive_authenticate_accumulate,0.017232905,0.017232944
1,11,receive_authenticate_accumulate,0.000055425,0.000055351
1,11,receive_authenticate_accumulate,0.017227497,0.017227519
1,11,receive_authenticate_accumulate,0.000055018,0.000054982
1,11,receive_authenticate_accumulate,0.017216701,0.017216722
1,11,receive_authenticate_accumulate,0.000058778,0.000058723
1,11,receive_authenticate_accumulate,0.017220849,0.017220833
1,11,receive_authenticate_accumulate,0.000058648,0.000058500
1,11,receive_authenticate_accumulate,0.017226386,0.017226389
1,11,receive_authenticate_accumulate,0.000057889,0.000057741
1,11,receive_authenticate_accumulate,0.017257016,0.017228797
1,11,receive_authenticate_accumulate,0.000056203,0.000055889
1,11,receive_authenticate_accumulate,0.017226330,0.017226111
1,11,receive_authenticate_accumulate,0.000059536,0.000058833
1,11,receive_authenticate_accumulate,0.017218886,0.017218351
1,11,receive_authenticate_accumulate,0.000056592,0.000056444
1,11,receive_authenticate_accumulate,0.017218368,0.017218389
1,11,receive_authenticate_accumulate,0.000056481,0.000056425
1,11,receive_authenticate_accumulate,0.017221664,0.017221722
1,11,receive_authenticate_accumulate,0.000056926,0.000056740
1,11,receive_authenticate_accumulate,0.017220368,0.017220388
1,11,receive_authenticate_accumulate,0.000057259,0.000057185
1,11,round_coverage,0.000002870,0.000002407
1,11,spatial_report,0.000040518,0.000040278
1,12,round_reset,0.000008870,0.000007463
1,12,receive_authenticate_accumulate,0.017228183,0.017228000
1,12,receive_authenticate_accumulate,0.000057463,0.000057223
1,12,receive_authenticate_accumulate,0.017232368,0.017232519
1,12,receive_authenticate_accumulate,0.000058092,0.000058056
1,12,receive_authenticate_accumulate,0.017270553,0.017241852
1,12,receive_authenticate_accumulate,0.000057092,0.000056815
1,12,receive_authenticate_accumulate,0.017222572,0.017222667
1,12,receive_authenticate_accumulate,0.000055833,0.000055759
1,12,receive_authenticate_accumulate,0.017218924,0.017218982
1,12,receive_authenticate_accumulate,0.000055981,0.000055907
1,12,receive_authenticate_accumulate,0.017217479,0.017217593
1,12,receive_authenticate_accumulate,0.000073777,0.000073574
1,12,reading_commitment_and_shares,0.026183504,0.026183741
1,12,receive_authenticate_accumulate,0.017220294,0.017220444
1,12,receive_authenticate_accumulate,0.000057129,0.000056833
1,12,receive_authenticate_accumulate,0.017241424,0.017241408
1,12,receive_authenticate_accumulate,0.000056147,0.000055944
1,12,receive_authenticate_accumulate,0.017218184,0.017218055
1,12,receive_authenticate_accumulate,0.000056537,0.000056334
1,12,receive_authenticate_accumulate,0.017225591,0.017225574
1,12,receive_authenticate_accumulate,0.000057629,0.000057389
1,12,receive_authenticate_accumulate,0.017228479,0.017228130
1,12,receive_authenticate_accumulate,0.000057629,0.000057389
1,12,receive_authenticate_accumulate,0.017269664,0.017241111
1,12,receive_authenticate_accumulate,0.000057592,0.000057352
1,12,receive_authenticate_accumulate,0.017224757,0.017224741
1,12,receive_authenticate_accumulate,0.000059129,0.000058945
1,12,receive_authenticate_accumulate,0.017227127,0.017227037
1,12,receive_authenticate_accumulate,0.000057981,0.000057611
1,12,receive_authenticate_accumulate,0.017224091,0.017224093
1,12,receive_authenticate_accumulate,0.000060778,0.000060537
1,12,receive_authenticate_accumulate,0.017218202,0.017218000
1,12,receive_authenticate_accumulate,0.000057536,0.000057352
1,12,receive_authenticate_accumulate,0.017219961,0.017219741
1,12,receive_authenticate_accumulate,0.000057500,0.000057315
1,12,receive_authenticate_accumulate,0.017232776,0.017232611
1,12,receive_authenticate_accumulate,0.000057370,0.000057074
1,12,receive_authenticate_accumulate,0.017228776,0.017229204
1,12,receive_authenticate_accumulate,0.000056000,0.000055704
1,12,receive_authenticate_accumulate,0.017221165,0.017221278
1,12,receive_authenticate_accumulate,0.000058352,0.000058314
1,12,round_coverage,0.000003186,0.000002741
1,12,spatial_report,0.000040889,0.000040629
1,13,round_reset,0.000009926,0.000007963
1,13,receive_authenticate_accumulate,0.017262610,0.017238556
1,13,receive_authenticate_accumulate,0.000057574,0.000057296
1,13,receive_authenticate_accumulate,0.017228388,0.017228278
1,13,receive_authenticate_accumulate,0.000057518,0.000057185
1,13,receive_authenticate_accumulate,0.017258536,0.017239167
1,13,receive_authenticate_accumulate,0.000057685,0.000057445
1,13,receive_authenticate_accumulate,0.017284517,0.017284426
1,13,receive_authenticate_accumulate,0.000062703,0.000062555
1,13,receive_authenticate_accumulate,0.017216221,0.017216130
1,13,receive_authenticate_accumulate,0.000057352,0.000057223
1,13,receive_authenticate_accumulate,0.017231702,0.017231389
1,13,receive_authenticate_accumulate,0.000058444,0.000058167
1,13,reading_commitment_and_shares,0.026204784,0.026204982
1,13,receive_authenticate_accumulate,0.017223851,0.017223667
1,13,receive_authenticate_accumulate,0.000058129,0.000057908
1,13,receive_authenticate_accumulate,0.017220370,0.017220222
1,13,receive_authenticate_accumulate,0.000058167,0.000057852
1,13,receive_authenticate_accumulate,0.017229203,0.017229074
1,13,receive_authenticate_accumulate,0.000057518,0.000057186
1,13,receive_authenticate_accumulate,0.017223814,0.017223796
1,13,receive_authenticate_accumulate,0.000057666,0.000057352
1,13,receive_authenticate_accumulate,0.017228648,0.017228407
1,13,receive_authenticate_accumulate,0.000057981,0.000057833
1,13,receive_authenticate_accumulate,0.017222739,0.017222334
1,13,receive_authenticate_accumulate,0.000058092,0.000057908
1,13,receive_authenticate_accumulate,0.017257407,0.017230778
1,13,receive_authenticate_accumulate,0.000058703,0.000058352
1,13,receive_authenticate_accumulate,0.017268740,0.017239259
1,13,receive_authenticate_accumulate,0.000057945,0.000057852
1,13,receive_authenticate_accumulate,0.017288813,0.017255890
1,13,receive_authenticate_accumulate,0.000056999,0.000056704
1,13,receive_authenticate_accumulate,0.017226185,0.017226111
1,13,receive_authenticate_accumulate,0.000058648,0.000058370
1,13,receive_authenticate_accumulate,0.017227684,0.017227556
1,13,receive_authenticate_accumulate,0.000058185,0.000057815
1,13,receive_authenticate_accumulate,0.017229277,0.017229148
1,13,receive_authenticate_accumulate,0.000058481,0.000058111
1,13,receive_authenticate_accumulate,0.017227721,0.017227537
1,13,receive_authenticate_accumulate,0.000056833,0.000056630
1,13,receive_authenticate_accumulate,0.017221481,0.017221463
1,13,receive_authenticate_accumulate,0.000058481,0.000058481
1,13,round_coverage,0.000003944,0.000003574
1,13,spatial_report,0.000040741,0.000040426
1,14,round_reset,0.000010241,0.000008982
1,14,receive_authenticate_accumulate,0.017221278,0.017221185
1,14,receive_authenticate_accumulate,0.000057000,0.000056833
1,14,receive_authenticate_accumulate,0.017223907,0.017223815
1,14,receive_authenticate_accumulate,0.000057037,0.000056760
1,14,receive_authenticate_accumulate,0.017256315,0.017230777
1,14,receive_authenticate_accumulate,0.000059333,0.000058852
1,14,receive_authenticate_accumulate,0.017230796,0.017230351
1,14,receive_authenticate_accumulate,0.000058333,0.000058111
1,14,receive_authenticate_accumulate,0.017227611,0.017227408
1,14,receive_authenticate_accumulate,0.000070167,0.000069945
1,14,receive_authenticate_accumulate,0.017259611,0.017236056
1,14,receive_authenticate_accumulate,0.000055055,0.000054797
1,14,reading_commitment_and_shares,0.026282989,0.026254241
1,14,receive_authenticate_accumulate,0.017259629,0.017260500
1,14,receive_authenticate_accumulate,0.000056574,0.000056445
1,14,receive_authenticate_accumulate,0.017226148,0.017225945
1,14,receive_authenticate_accumulate,0.000056055,0.000055852
1,14,receive_authenticate_accumulate,0.017225056,0.017224777
1,14,receive_authenticate_accumulate,0.000056740,0.000056334
1,14,receive_authenticate_accumulate,0.017232186,0.017231889
1,14,receive_authenticate_accumulate,0.000056148,0.000055926
1,14,receive_authenticate_accumulate,0.017222519,0.017222371
1,14,receive_authenticate_accumulate,0.000055166,0.000054908
1,14,receive_authenticate_accumulate,0.017219241,0.017219037
1,14,receive_authenticate_accumulate,0.000056889,0.000056759
1,14,receive_authenticate_accumulate,0.017226908,0.017226722
1,14,receive_authenticate_accumulate,0.000056426,0.000056019
1,14,receive_authenticate_accumulate,0.017214686,0.017214666
1,14,receive_authenticate_accumulate,0.000055814,0.000055649
1,14,receive_authenticate_accumulate,0.017224852,0.017224630
1,14,receive_authenticate_accumulate,0.000056092,0.000055778
1,14,receive_authenticate_accumulate,0.017264537,0.017236629
1,14,receive_authenticate_accumulate,0.000055630,0.000055222
1,14,receive_authenticate_accumulate,0.017227296,0.017227129
1,14,receive_authenticate_accumulate,0.000056278,0.000055982
1,14,receive_authenticate_accumulate,0.017226278,0.017226074
1,14,receive_authenticate_accumulate,0.000055537,0.000055111
1,14,receive_authenticate_accumulate,0.017221815,0.017221704
1,14,receive_authenticate_accumulate,0.000056315,0.000056092
1,14,receive_authenticate_accumulate,0.017223075,0.017223000
1,14,receive_authenticate_accumulate,0.000055056,0.000054796
1,14,round_coverage,0.000003425,0.000002963
1,14,spatial_report,0.000041037,0.000040741
1,15,round_reset,0.000008945,0.000007593
1,15,receive_authenticate_accumulate,0.017220650,0.017220593
1,15,receive_authenticate_accumulate,0.000056574,0.000056333
1,15,receive_authenticate_accumulate,0.017237982,0.017237945
1,15,receive_authenticate_accumulate,0.000056093,0.000055908
1,15,receive_authenticate_accumulate,0.017222816,0.017222796
1,15,receive_authenticate_accumulate,0.000056925,0.000056741
1,15,receive_authenticate_accumulate,0.017256908,0.017231390
1,15,receive_authenticate_accumulate,0.000057962,0.000057648
1,15,receive_authenticate_accumulate,0.017223019,0.017222945
1,15,receive_authenticate_accumulate,0.000057222,0.000056519
1,15,receive_authenticate_accumulate,0.017302723,0.017260943
1,15,receive_authenticate_accumulate,0.000056073,0.000055815
1,15,reading_commitment_and_shares,0.026244601,0.026215647
1,15,receive_authenticate_accumulate,0.017211594,0.017211685
1,15,receive_authenticate_accumulate,0.000056907,0.000056666
1,15,receive_authenticate_accumulate,0.017219316,0.017219074
1,15,receive_authenticate_accumulate,0.000057500,0.000057278
1,15,receive_authenticate_accumulate,0.017219446,0.017219352
1,15,receive_authenticate_accumulate,0.000058370,0.000058204
1,15,receive_authenticate_accumulate,0.017236297,0.017236130
1,15,receive_authenticate_accumulate,0.000058056,0.000057537
1,15,receive_authenticate_accumulate,0.017216890,0.017216685
1,15,receive_authenticate_accumulate,0.000057315,0.000057074
1,15,receive_authenticate_accumulate,0.017230075,0.017229981
1,15,receive_authenticate_accumulate,0.000057685,0.000057537
1,15,receive_authenticate_accumulate,0.017231075,0.017231000
1,15,receive_authenticate_accumulate,0.000058185,0.000058000
1,15,receive_authenticate_accumulate,0.017224908,0.017224814
1,15,receive_authenticate_accumulate,0.000057889,0.000057667
1,15,receive_authenticate_accumulate,0.017226761,0.017226518
1,15,receive_authenticate_accumulate,0.000055963,0.000055722
1,15,receive_authenticate_accumulate,0.017218130,0.017218185
1,15,receive_authenticate_accumulate,0.000057518,0.000057222
1,15,receive_authenticate_accumulate,0.017266593,0.017237944
1,15,receive_authenticate_accumulate,0.000058759,0.000058574
1,15,receive_authenticate_accumulate,0.017224483,0.017224370
1,15,receive_authenticate_accumulate,0.000058278,0.000057889
1,15,receive_authenticate_accumulate,0.017227483,0.017227500
1,15,receive_authenticate_accumulate,0.000057574,0.000057370
1,15,receive_authenticate_accumulate,0.017228964,0.017228944
1,15,receive_authenticate_accumulate,0.000058148,0.000058056
1,15,round_coverage,0.000003556,0.000003019
1,15,spatial_report,0.000042148,0.000041889
1,16,round_reset,0.000008611,0.000007334
1,16,receive_authenticate_accumulate,0.021030000,0.020952482
1,16,receive_authenticate_accumulate,0.000056814,0.000056444
1,16,receive_authenticate_accumulate,0.017222983,0.017222777
1,16,receive_authenticate_accumulate,0.000057204,0.000057167
1,16,receive_authenticate_accumulate,0.017236891,0.017236796
1,16,receive_authenticate_accumulate,0.000057092,0.000056888
1,16,receive_authenticate_accumulate,0.017218817,0.017218797
1,16,receive_authenticate_accumulate,0.000057759,0.000057556
1,16,receive_authenticate_accumulate,0.017219891,0.017219926
1,16,receive_authenticate_accumulate,0.000056907,0.000056778
1,16,receive_authenticate_accumulate,0.017221742,0.017221648
1,16,receive_authenticate_accumulate,0.000057555,0.000057167
1,16,reading_commitment_and_shares,0.026200714,0.026201093
1,16,receive_authenticate_accumulate,0.017216242,0.017216111
1,16,receive_authenticate_accumulate,0.000057167,0.000057074
1,16,receive_authenticate_accumulate,0.017260428,0.017235926
1,16,receive_authenticate_accumulate,0.000056352,0.000056203
1,16,receive_authenticate_accumulate,0.017221095,0.017220611
1,16,receive_authenticate_accumulate,0.000056573,0.000056334
1,16,receive_authenticate_accumulate,0.017222446,0.017222463
1,16,receive_authenticate_accumulate,0.000055833,0.000055519
1,16,receive_authenticate_accumulate,0.017223243,0.017223129
1,16,receive_authenticate_accumulate,0.000057611,0.000057463
1,16,receive_authenticate_accumulate,0.017217169,0.017216963
1,16,receive_authenticate_accumulate,0.000058462,0.000058333
1,16,receive_authenticate_accumulate,0.017233076,0.017232907
1,16,receive_authenticate_accumulate,0.000057648,0.000057445
1,16,receive_authenticate_accumulate,0.017216169,0.017215852
1,16,receive_authenticate_accumulate,0.000058129,0.000057926
1,16,receive_authenticate_accumulate,0.017252872,0.017237314
1,16,receive_authenticate_accumulate,0.000057667,0.000057426
1,16,receive_authenticate_accumulate,0.017228002,0.017227667
1,16,receive_authenticate_accumulate,0.000056555,0.000056445
1,16,receive_authenticate_accumulate,0.017220169,0.017220074
1,16,receive_authenticate_accumulate,0.000057259,0.000056963
1,16,receive_authenticate_accumulate,0.017225965,0.017226019
1,16,receive_authenticate_accumulate,0.000056962,0.000056852
1,16,receive_authenticate_accumulate,0.017218187,0.017217982
1,16,receive_authenticate_accumulate,0.000057296,0.000057037
1,16,receive_authenticate_accumulate,0.017267057,0.017242148
1,16,receive_authenticate_accumulate,0.000057703,0.000057444
1,16,round_coverage,0.000003944,0.000003314
1,16,spatial_report,0.000040759,0.000040611
1,17,round_reset,0.000010148,0.000008815
1,17,receive_authenticate_accumulate,0.017224373,0.017224259
1,17,receive_authenticate_accumulate,0.000056982,0.000056759
1,17,receive_authenticate_accumulate,0.017229151,0.017229315
1,17,receive_authenticate_accumulate,0.000056148,0.000056241
1,17,receive_authenticate_accumulate,0.017226206,0.017225963
1,17,receive_authenticate_accumulate,0.000056241,0.000056019
1,17,receive_authenticate_accumulate,0.017218355,0.017218222
1,17,receive_authenticate_accumulate,0.000055629,0.000055537
1,17,receive_authenticate_accumulate,0.017231170,0.017230963
1,17,receive_authenticate_accumulate,0.000073258,0.000073111
1,17,receive_authenticate_accumulate,0.017211003,0.017211037
1,17,receive_authenticate_accumulate,0.000058481,0.000058352
1,17,reading_commitment_and_shares,0.026203456,0.026203481
1,17,receive_authenticate_accumulate,0.017223280,0.017223222
1,17,receive_authenticate_accumulate,0.000056333,0.000056167
1,17,receive_authenticate_accumulate,0.017226299,0.017226167
1,17,receive_authenticate_accumulate,0.000058982,0.000058778
1,17,receive_authenticate_accumulate,0.017323669,0.017256612
1,17,receive_authenticate_accumulate,0.000057518,0.000057148
1,17,receive_authenticate_accumulate,0.017221262,0.017221185
1,17,receive_authenticate_accumulate,0.000057166,0.000056888
1,17,receive_authenticate_accumulate,0.017227781,0.017227704
1,17,receive_authenticate_accumulate,0.000057426,0.000057111
1,17,receive_authenticate_accumulate,0.017221188,0.017220982
1,17,receive_authenticate_accumulate,0.000057425,0.000057130
1,17,receive_authenticate_accumulate,0.017222928,0.017222741
1,17,receive_authenticate_accumulate,0.000058463,0.000058111
1,17,receive_authenticate_accumulate,0.017233688,0.017233537
1,17,receive_authenticate_accumulate,0.000057278,0.000057148
1,17,receive_authenticate_accumulate,0.017248299,0.017247981
1,17,receive_authenticate_accumulate,0.000057055,0.000056907
1,17,receive_authenticate_accumulate,0.017228262,0.017228167
1,17,receive_authenticate_accumulate,0.000056666,0.000056333
1,17,receive_authenticate_accumulate,0.017217762,0.017217649
1,17,receive_authenticate_accumulate,0.000056759,0.000056537
1,17,receive_authenticate_accumulate,0.017251558,0.017234352
1,17,receive_authenticate_accumulate,0.000055629,0.000055426
1,17,receive_authenticate_accumulate,0.017221299,0.017221037
1,17,receive_authenticate_accumulate,0.000056870,0.000056574
1,17,receive_authenticate_accumulate,0.017230873,0.017230778
1,17,receive_authenticate_accumulate,0.000056759,0.000056426
1,17,round_coverage,0.000003592,0.000002981
1,17,spatial_report,0.000042129,0.000041648
1,18,round_reset,0.000009222,0.000007778
1,18,receive_authenticate_accumulate,0.017219967,0.017219907
1,18,receive_authenticate_accumulate,0.000057129,0.000056888
1,18,receive_authenticate_accumulate,0.017220300,0.017220241
1,18,receive_authenticate_accumulate,0.000057370,0.000057167
1,18,receive_authenticate_accumulate,0.017222522,0.017222166
1,18,receive_authenticate_accumulate,0.000056148,0.000055778
1,18,receive_authenticate_accumulate,0.017220189,0.017220093
1,18,receive_authenticate_accumulate,0.000057037,0.000056926
1,18,receive_authenticate_accumulate,0.017226263,0.017226055
1,18,receive_authenticate_accumulate,0.000057204,0.000057000
1,18,receive_authenticate_accumulate,0.017226670,0.017226463
1,18,receive_authenticate_accumulate,0.000057018,0.000056778
1,18,reading_commitment_and_shares,0.026209753,0.026209907
1,18,receive_authenticate_accumulate,0.017231411,0.017231500
1,18,receive_authenticate_accumulate,0.000057241,0.000056833
1,18,receive_authenticate_accumulate,0.017220948,0.017220796
1,18,receive_authenticate_accumulate,0.000058111,0.000057907
1,18,receive_authenticate_accumulate,0.017225670,0.017225519
1,18,receive_authenticate_accumulate,0.000056148,0.000055908
1,18,receive_authenticate_accumulate,0.017269744,0.017240203
1,18,receive_authenticate_accumulate,0.000055666,0.000055445
1,18,receive_authenticate_accumulate,0.017233429,0.017233352
1,18,receive_authenticate_accumulate,0.000056722,0.000056481
1,18,receive_authenticate_accumulate,0.017217040,0.017216908
1,18,receive_authenticate_accumulate,0.000057333,0.000057129
1,18,receive_authenticate_accumulate,0.017226133,0.017226074
1,18,receive_authenticate_accumulate,0.000056259,0.000056092
1,18,receive_authenticate_accumulate,0.017222541,0.017222500
1,18,receive_authenticate_accumulate,0.000057055,0.000056852
1,18,receive_authenticate_accumulate,0.017225707,0.017225629
1,18,receive_authenticate_accumulate,0.000058037,0.000057777
1,18,receive_authenticate_accumulate,0.017280411,0.017247575
1,18,receive_authenticate_accumulate,0.000056944,0.000056666
1,18,receive_authenticate_accumulate,0.017224522,0.017224445
1,18,receive_authenticate_accumulate,0.000055296,0.000055019
1,18,receive_authenticate_accumulate,0.017323003,0.017298778
1,18,receive_authenticate_accumulate,0.000058184,0.000057982
1,18,receive_authenticate_accumulate,0.017224485,0.017224315
1,18,receive_authenticate_accumulate,0.000057684,0.000057407
1,18,receive_authenticate_accumulate,0.017224152,0.017224148
1,18,receive_authenticate_accumulate,0.000057796,0.000057778
1,18,round_coverage,0.000003408,0.000002925
1,18,spatial_report,0.000040833,0.000040537
1,19,round_reset,0.000009185,0.000007870
1,19,receive_authenticate_accumulate,0.017425558,0.017424703
1,19,receive_authenticate_accumulate,0.000056519,0.000056277
1,19,receive_authenticate_accumulate,0.017303707,0.017251332
1,19,receive_authenticate_accumulate,0.000057259,0.000057000
1,19,receive_authenticate_accumulate,0.017217375,0.017217463
1,19,receive_authenticate_accumulate,0.000056055,0.000055852
1,19,receive_authenticate_accumulate,0.017229152,0.017228907
1,19,receive_authenticate_accumulate,0.000056018,0.000055815
1,19,receive_authenticate_accumulate,0.017234041,0.017233907
1,19,receive_authenticate_accumulate,0.000058870,0.000058666
1,19,receive_authenticate_accumulate,0.017216485,0.017216426
1,19,receive_authenticate_accumulate,0.000057389,0.000057259
1,19,reading_commitment_and_shares,0.026206829,0.026207111
1,19,receive_authenticate_accumulate,0.017228579,0.017228444
1,19,receive_authenticate_accumulate,0.000057407,0.000057111
1,19,receive_authenticate_accumulate,0.017221134,0.017221092
1,19,receive_authenticate_accumulate,0.000056629,0.000056408
1,19,receive_authenticate_accumulate,0.017229653,0.017229314
1,19,receive_authenticate_accumulate,0.000057574,0.000057223
1,19,receive_authenticate_accumulate,0.017218689,0.017218704
1,19,receive_authenticate_accumulate,0.000057685,0.000057445
1,19,receive_authenticate_accumulate,0.017217468,0.017217315
1,19,receive_authenticate_accumulate,0.000056592,0.000056334
1,19,receive_authenticate_accumulate,0.017225690,0.017225611
1,19,receive_authenticate_accumulate,0.000055907,0.000055796
1,19,receive_authenticate_accumulate,0.017297097,0.017262537
1,19,receive_authenticate_accumulate,0.000057000,0.000056592
1,19,receive_authenticate_accumulate,0.017226042,0.017225834
1,19,receive_authenticate_accumulate,0.000056815,0.000056556
1,19,receive_authenticate_accumulate,0.017231356,0.017231351
1,19,receive_authenticate_accumulate,0.000057444,0.000057130
1,19,receive_authenticate_accumulate,0.017241633,0.017241630
1,19,receive_authenticate_accumulate,0.000055222,0.000055111
1,19,receive_authenticate_accumulate,0.017220708,0.017220667
1,19,receive_authenticate_accumulate,0.000055241,0.000055019
1,19,receive_authenticate_accumulate,0.017230079,0.017229722
1,19,receive_authenticate_accumulate,0.000055740,0.000055537
1,19,receive_authenticate_accumulate,0.017225949,0.017225796
1,19,receive_authenticate_accumulate,0.000056814,0.000056537
1,19,receive_authenticate_accumulate,0.017259430,0.017238499
1,19,receive_authenticate_accumulate,0.000069092,0.000068944
1,19,round_coverage,0.000003760,0.000003111
1,19,spatial_report,0.000041074,0.000040778
1,19,billing_report,0.000426331,0.000425907
2,20,period_reset,0.000025333,0.000024111
2,20,receive_authenticate_accumulate,0.000093555,0.000093000
2,20,receive_authenticate_accumulate,0.000137222,0.000137019
2,20,receive_authenticate_accumulate,0.000092222,0.000091907
2,20,receive_authenticate_accumulate,0.000093444,0.000093092
2,20,receive_authenticate_accumulate,0.000090555,0.000090111
2,20,receive_authenticate_accumulate,0.000089352,0.000089000
2,20,randomness_commit,0.000809144,0.000808593
2,20,receive_authenticate_accumulate,0.000084407,0.000084240
2,20,receive_authenticate_accumulate,0.000092629,0.000092260
2,20,receive_authenticate_accumulate,0.000091944,0.000091760
2,20,receive_authenticate_accumulate,0.000093426,0.000092926
2,20,receive_authenticate_accumulate,0.000091314,0.000091111
2,20,receive_authenticate_accumulate,0.000089518,0.000088982
2,20,receive_authenticate_accumulate,0.000091944,0.000091611
2,20,receive_authenticate_accumulate,0.000091055,0.000090871
2,20,receive_authenticate_accumulate,0.000092111,0.000091851
2,20,receive_authenticate_accumulate,0.000092314,0.000092000
2,20,receive_authenticate_accumulate,0.000090296,0.000090259
2,20,receive_authenticate_accumulate,0.000040334,0.000040074
2,20,receive_authenticate_accumulate,0.000040981,0.000040704
2,20,receive_authenticate_accumulate,0.000038796,0.000038611
2,20,receive_authenticate_accumulate,0.000050500,0.000050093
2,20,receive_authenticate_accumulate,0.000049963,0.000049704
2,20,receive_authenticate_accumulate,0.000047000,0.000046685
2,20,receive_authenticate_accumulate,0.000049703,0.000049389
2,20,receive_authenticate_accumulate,0.000050092,0.000049685
2,20,receive_authenticate_accumulate,0.000046148,0.000045852
2,20,randomness_reveal,0.000299202,0.000298814
2,20,receive_authenticate_accumulate,0.000043556,0.000043185
2,20,receive_authenticate_accumulate,0.000047389,0.000047093
2,20,receive_authenticate_accumulate,0.000049536,0.000049315
2,20,receive_authenticate_accumulate,0.000049389,0.000049075
2,20,receive_authenticate_accumulate,0.000048000,0.000047370
2,20,receive_authenticate_accumulate,0.000049722,0.000049555
2,20,receive_authenticate_accumulate,0.000050462,0.000050222
2,20,receive_authenticate_accumulate,0.000048500,0.000048278
2,20,receive_authenticate_accumulate,0.000048370,0.000047963
2,20,receive_authenticate_accumulate,0.000071889,0.000071704
2,20,receive_authenticate_accumulate,0.000048963,0.000048648
2,20,receive_authenticate_accumulate,0.000049982,0.000049686
2,20,receive_authenticate_accumulate,0.000048055,0.000047759
2,20,receive_authenticate_accumulate,0.000049889,0.000049593
2,20,committee_selection,0.000088073,0.000087815
2,20,round_reset,0.000004333,0.000003630
2,20,receive_authenticate_accumulate,0.017249764,0.017249685
2,20,receive_authenticate_accumulate,0.000057277,0.000057000
2,20,receive_authenticate_accumulate,0.017223653,0.017223519
2,20,receive_authenticate_accumulate,0.000057667,0.000057371
2,20,receive_authenticate_accumulate,0.017220154,0.017220056
2,20,receive_authenticate_accumulate,0.000059055,0.000058926
2,20,receive_authenticate_accumulate,0.017230653,0.017230129
2,20,receive_authenticate_accumulate,0.000058000,0.000057685
2,20,receive_authenticate_accumulate,0.017229227,0.017228852
2,20,receive_authenticate_accumulate,0.000056407,0.000056130
2,20,receive_authenticate_accumulate,0.017227635,0.017227556
2,20,receive_authenticate_accumulate,0.000057352,0.000057000
2,20,reading_commitment_and_shares,0.026200904,0.026201314
2,20,receive_authenticate_accumulate,0.017214782,0.017214741
2,20,receive_authenticate_accumulate,0.000057333,0.000057185
2,20,receive_authenticate_accumulate,0.017272690,0.017244981
2,20,receive_authenticate_accumulate,0.000057315,0.000057056
2,20,receive_authenticate_accumulate,0.017228820,0.017228630
2,20,receive_authenticate_accumulate,0.000058055,0.000057797
2,20,receive_authenticate_accumulate,0.017221949,0.017221888
2,20,receive_authenticate_accumulate,0.000058555,0.000058352
2,20,receive_authenticate_accumulate,0.017234153,0.017233889
2,20,receive_authenticate_accumulate,0.000056426,0.000056241
2,20,receive_authenticate_accumulate,0.017228745,0.017228611
2,20,receive_authenticate_accumulate,0.000057999,0.000057963
2,20,receive_authenticate_accumulate,0.017302560,0.017276888
2,20,receive_authenticate_accumulate,0.000055093,0.000054908
2,20,receive_authenticate_accumulate,0.017225894,0.017225833
2,20,receive_authenticate_accumulate,0.000057518,0.000057241
2,20,receive_authenticate_accumulate,0.017223561,0.017223444
2,20,receive_authenticate_accumulate,0.000058018,0.000057518
2,20,receive_authenticate_accumulate,0.017227802,0.017227740
2,20,receive_authenticate_accumulate,0.000056592,0.000056370
2,20,receive_authenticate_accumulate,0.017220709,0.017220574
2,20,receive_authenticate_accumulate,0.000055926,0.000055703
2,20,receive_authenticate_accumulate,0.017220690,0.017220667
2,20,receive_authenticate_accumulate,0.000057093,0.000056963
2,20,receive_authenticate_accumulate,0.017251746,0.017235888
2,20,receive_authenticate_accumulate,0.000056592,0.000056370
2,20,receive_authenticate_accumulate,0.017270283,0.017241667
2,20,receive_authenticate_accumulate,0.000057130,0.000056945
2,20,round_coverage,0.000004408,0.000003760
2,20,spatial_report,0.000041740,0.000041482
2,21,round_reset,0.000009407,0.000007944
2,21,receive_authenticate_accumulate,0.017229839,0.017229630
2,21,receive_authenticate_accumulate,0.000058148,0.000057685
2,21,receive_authenticate_accumulate,0.017262543,0.017236260
2,21,receive_authenticate_accumulate,0.000057278,0.000057074
2,21,receive_authenticate_accumulate,0.017224784,0.017224703
2,21,receive_authenticate_accumulate,0.000056611,0.000056296
2,21,receive_authenticate_accumulate,0.017226191,0.017226037
2,21,receive_authenticate_accumulate,0.000057500,0.000057260
2,21,receive_authenticate_accumulate,0.017222042,0.017221815
2,21,receive_authenticate_accumulate,0.000056796,0.000056574
2,21,receive_authenticate_accumulate,0.017220413,0.017220222
2,21,receive_authenticate_accumulate,0.000058185,0.000057907
2,21,reading_commitment_and_shares,0.026195961,0.026196296
2,21,receive_authenticate_accumulate,0.017274765,0.017244204
2,21,receive_authenticate_accumulate,0.000056981,0.000056722
2,21,receive_authenticate_accumulate,0.017269894,0.017248926
2,21,receive_authenticate_accumulate,0.000056815,0.000056612
2,21,receive_authenticate_accumulate,0.017226413,0.017226222
2,21,receive_authenticate_accumulate,0.000057129,0.000056926
2,21,receive_authenticate_accumulate,0.017220302,0.017220185
2,21,receive_authenticate_accumulate,0.000058222,0.000058019
2,21,receive_authenticate_accumulate,0.017221284,0.017221037
2,21,receive_authenticate_accumulate,0.000057333,0.000057019
2,21,receive_authenticate_accumulate,0.017237932,0.017237797
2,21,receive_authenticate_accumulate,0.000057407,0.000057278
2,21,receive_authenticate_accumulate,0.017271246,0.017271129
2,21,receive_authenticate_accumulate,0.000058203,0.000058000
2,21,receive_authenticate_accumulate,0.017233616,0.017233592
2,21,receive_authenticate_accumulate,0.000057444,0.000057389
2,21,receive_authenticate_accumulate,0.017226025,0.017225833
2,21,receive_authenticate_accumulate,0.000057500,0.000057185
2,21,receive_authenticate_accumulate,0.017254728,0.017227833
2,21,receive_authenticate_accumulate,0.000057333,0.000057019
2,21,receive_authenticate_accumulate,0.017228839,0.017228759
2,21,receive_authenticate_accumulate,0.000057888,0.000057593
2,21,receive_authenticate_accumulate,0.017225098,0.017224944
2,21,receive_authenticate_accumulate,0.000057759,0.000057518
2,21,receive_authenticate_accumulate,0.017217839,0.017217833
2,21,receive_authenticate_accumulate,0.000057185,0.000057148
2,21,receive_authenticate_accumulate,0.017293172,0.017249130
2,21,receive_authenticate_accumulate,0.000070055,0.000069759
2,21,round_coverage,0.000003815,0.000003277
2,21,spatial_report,0.000042148,0.000041926
2,22,round_reset,0.000009222,0.000007759
2,22,receive_authenticate_accumulate,0.017221006,0.017220871
2,22,receive_authenticate_accumulate,0.000058129,0.000057907
2,22,receive_authenticate_accumulate,0.017312025,0.017282204
2,22,receive_authenticate_accumulate,0.000057907,0.000057666
2,22,receive_authenticate_accumulate,0.017220969,0.017220833
2,22,receive_authenticate_accumulate,0.000057129,0.000056740
2,22,receive_authenticate_accumulate,0.017230117,0.017229963
2,22,receive_authenticate_accumulate,0.000057333,0.000057056
2,22,receive_authenticate_accumulate,0.017258636,0.017234389
2,22,receive_authenticate_accumulate,0.000057407,0.000057111
2,22,receive_authenticate_accumulate,0.017220969,0.017220870
2,22,receive_authenticate_accumulate,0.000058963,0.000058722
2,22,reading_commitment_and_shares,0.026198850,0.026199074
2,22,receive_authenticate_accumulate,0.017220617,0.017220666
2,22,receive_authenticate_accumulate,0.000056833,0.000056611
2,22,receive_authenticate_accumulate,0.017225544,0.017225481
2,22,receive_authenticate_accumulate,0.000057240,0.000056963
2,22,receive_authenticate_accumulate,0.017225802,0.017225686
2,22,receive_authenticate_accumulate,0.000058500,0.000058204
2,22,receive_authenticate_accumulate,0.017233895,0.017233574
2,22,receive_authenticate_accumulate,0.000057629,0.000057518
2,22,receive_authenticate_accumulate,0.017220470,0.017220444
2,22,receive_authenticate_accumulate,0.000057740,0.000056833
2,22,receive_authenticate_accumulate,0.017229210,0.017229019
2,22,receive_authenticate_accumulate,0.000057833,0.000057500
2,22,receive_authenticate_accumulate,0.017220710,0.017220593
2,22,receive_authenticate_accumulate,0.000057963,0.000057667
2,22,receive_authenticate_accumulate,0.017227802,0.017227463
2,22,receive_authenticate_accumulate,0.000058166,0.000057944
2,22,receive_authenticate_accumulate,0.017229062,0.017229000
2,22,receive_authenticate_accumulate,0.000058055,0.000057796
2,22,receive_authenticate_accumulate,0.017219654,0.017219556
2,22,receive_authenticate_accumulate,0.000057722,0.000057463
2,22,receive_authenticate_accumulate,0.017213470,0.017213426
2,22,receive_authenticate_accumulate,0.000057592,0.000057278
2,22,receive_authenticate_accumulate,0.017253173,0.017231184
2,22,receive_authenticate_accumulate,0.000057611,0.000057389
2,22,receive_authenticate_accumulate,0.017225024,0.017224796
2,22,receive_authenticate_accumulate,0.000058055,0.000057537
2,22,receive_authenticate_accumulate,0.017220062,0.017219981
2,22,receive_authenticate_accumulate,0.000057333,0.000056981
2,22,round_coverage,0.000003519,0.000002908
2,22,spatial_report,0.000040333,0.000040056
2,23,round_reset,0.000010130,0.000008741
2,23,receive_authenticate_accumulate,0.017801430,0.017800704
2,23,receive_authenticate_accumulate,0.000056444,0.000056278
2,23,receive_authenticate_accumulate,0.017229710,0.017229537
2,23,receive_authenticate_accumulate,0.000057759,0.000057574
2,23,receive_authenticate_accumulate,0.017218099,0.017217926
2,23,receive_authenticate_accumulate,0.000057759,0.000057574
2,23,receive_authenticate_accumulate,0.017224359,0.017224203
2,23,receive_authenticate_accumulate,0.000059815,0.000059555
2,23,receive_authenticate_accumulate,0.017273526,0.017273611
2,23,receive_authenticate_accumulate,0.000056518,0.000056241
2,23,receive_authenticate_accumulate,0.017231118,0.017230944
2,23,receive_authenticate_accumulate,0.000059259,0.000059074
2,23,reading_commitment_and_shares,0.026207258,0.026207296
2,23,receive_authenticate_accumulate,0.017222026,0.017221815
2,23,receive_authenticate_accumulate,0.000056944,0.000056740
2,23,receive_authenticate_accumulate,0.017229062,0.017228963
2,23,receive_authenticate_accumulate,0.000058074,0.000057833
2,23,receive_authenticate_accumulate,0.017225970,0.017225796
2,23,receive_authenticate_accumulate,0.000058148,0.000057852
2,23,receive_authenticate_accumulate,0.017266581,0.017242870
2,23,receive_authenticate_accumulate,0.000056759,0.000056537
2,23,receive_authenticate_accumulate,0.017225840,0.017225666
2,23,receive_authenticate_accumulate,0.000056092,0.000055833
2,23,receive_authenticate_accumulate,0.017227044,0.017226889
2,23,receive_authenticate_accumulate,0.000058221,0.000058018
2,23,receive_authenticate_accumulate,0.017231692,0.017231371
2,23,receive_authenticate_accumulate,0.000072611,0.000072370
2,23,receive_authenticate_accumulate,0.017227544,0.017227518
2,23,receive_authenticate_accumulate,0.000057074,0.000056741
2,23,receive_authenticate_accumulate,0.017224618,0.017224426
2,23,receive_authenticate_accumulate,0.000057147,0.000056982
2,23,receive_authenticate_accumulate,0.017218915,0.017218814
2,23,receive_authenticate_accumulate,0.000057537,0.000057277
2,23,receive_authenticate_accumulate,0.017217433,0.017217333
2,23,receive_authenticate_accumulate,0.000057944,0.000057759
2,23,receive_authenticate_accumulate,0.017222340,0.017222111
2,23,receive_authenticate_accumulate,0.000057203,0.000056963
2,23,receive_authenticate_accumulate,0.017228173,0.017228074
2,23,receive_authenticate_accumulate,0.000057130,0.000056889
2,23,receive_authenticate_accumulate,0.017260858,0.017237426
2,23,receive_authenticate_accumulate,0.000057148,0.000057037
2,23,round_coverage,0.000003593,0.000002945
2,23,spatial_report,0.000041167,0.000040889
2,24,round_reset,0.000009574,0.000008333
2,24,receive_authenticate_accumulate,0.017225693,0.017225574
2,24,receive_authenticate_accumulate,0.000057778,0.000057611
2,24,receive_authenticate_accumulate,0.017220100,0.017219796
2,24,receive_authenticate_accumulate,0.000056148,0.000056037
2,24,receive_authenticate_accumulate,0.017228267,0.017228092
2,24,receive_authenticate_accumulate,0.000056963,0.000056741
2,24,receive_authenticate_accumulate,0.017230785,0.017230648
2,24,receive_authenticate_accumulate,0.000057611,0.000057389
2,24,receive_authenticate_accumulate,0.017222952,0.017222741
2,24,receive_authenticate_accumulate,0.000058685,0.000058389
2,24,receive_authenticate_accumulate,0.017253470,0.017253407
2,24,receive_authenticate_accumulate,0.000056537,0.000056278
2,24,reading_commitment_and_shares,0.026195296,0.026195426
2,24,receive_authenticate_accumulate,0.017224377,0.017224334
2,24,receive_authenticate_accumulate,0.000055574,0.000055259
2,24,receive_authenticate_accumulate,0.017253377,0.017253149
2,24,receive_authenticate_accumulate,0.000055147,0.000054908
2,24,receive_authenticate_accumulate,0.017263081,0.017235760
2,24,receive_authenticate_accumulate,0.000058962,0.000058593
2,24,receive_authenticate_accumulate,0.017222822,0.017222685
2,24,receive_authenticate_accumulate,0.000057055,0.000056796
2,24,receive_authenticate_accumulate,0.017297062,0.017264333
2,24,receive_authenticate_accumulate,0.000057333,0.000057074
2,24,receive_authenticate_accumulate,0.017232840,0.017232704
2,24,receive_authenticate_accumulate,0.000056463,0.000056352
2,24,receive_authenticate_accumulate,0.017224396,0.017224260
2,24,receive_authenticate_accumulate,0.000057666,0.000057370
2,24,receive_authenticate_accumulate,0.017222934,0.017222815
2,24,receive_authenticate_accumulate,0.000057222,0.000056926
2,24,receive_authenticate_accumulate,0.017216878,0.017216593
2,24,receive_authenticate_accumulate,0.000057074,0.000056814
2,24,receive_authenticate_accumulate,0.017227433,0.017227333
2,24,receive_authenticate_accumulate,0.000059277,0.000059074
2,24,receive_authenticate_accumulate,0.017234600,0.017234482
2,24,receive_authenticate_accumulate,0.000057388,0.000057075
2,24,receive_authenticate_accumulate,0.017224230,0.017224148
2,24,receive_authenticate_accumulate,0.000057629,0.000057334
2,24,receive_authenticate_accumulate,0.017258933,0.017231037
2,24,receive_authenticate_accumulate,0.000056759,0.000056407
2,24,receive_authenticate_accumulate,0.017223859,0.017223778
2,24,receive_authenticate_accumulate,0.000056611,0.000056426
2,24,round_coverage,0.000003926,0.000003371
2,24,spatial_report,0.000041870,0.000041555
2,25,round_reset,0.000010074,0.000008593
2,25,receive_authenticate_accumulate,0.018199114,0.018198333
2,25,receive_authenticate_accumulate,0.000057814,0.000057593
2,25,receive_authenticate_accumulate,0.017260082,0.017234778
2,25,receive_authenticate_accumulate,0.000057444,0.000057260
2,25,receive_authenticate_accumulate,0.017224563,0.017224352
2,25,receive_authenticate_accumulate,0.000058167,0.000057834
2,25,receive_authenticate_accumulate,0.017233026,0.017232907
2,25,receive_authenticate_accumulate,0.000058074,0.000057870
2,25,receive_authenticate_accumulate,0.017232249,0.017232296
2,25,receive_authenticate_accumulate,0.000057796,0.000057611
2,25,receive_authenticate_accumulate,0.017226026,0.017225870
2,25,receive_authenticate_accumulate,0.000057407,0.000057148
2,25,reading_commitment_and_shares,0.026201557,0.026201629
2,25,receive_authenticate_accumulate,0.017220934,0.017220686
2,25,receive_authenticate_accumulate,0.000058888,0.000058666
2,25,receive_authenticate_accumulate,0.017218286,0.017217963
2,25,receive_authenticate_accumulate,0.000057315,0.000057018
2,25,receive_authenticate_accumulate,0.017237749,0.017237499
2,25,receive_authenticate_accumulate,0.000057315,0.000057093
2,25,receive_authenticate_accumulate,0.017290415,0.017268648
2,25,receive_authenticate_accumulate,0.000057537,0.000057370
2,25,receive_authenticate_accumulate,0.017223063,0.017222852
2,25,receive_authenticate_accumulate,0.000057667,0.000057389
2,25,receive_authenticate_accumulate,0.017221027,0.017220852
2,25,receive_authenticate_accumulate,0.000058426,0.000058130
2,25,receive_authenticate_accumulate,0.017227175,0.017227018
2,25,receive_authenticate_accumulate,0.000058111,0.000057908
2,25,receive_authenticate_accumulate,0.017220749,0.017220741
2,25,receive_authenticate_accumulate,0.000057148,0.000056926
2,25,receive_authenticate_accumulate,0.017224027,0.017223945
2,25,receive_authenticate_accumulate,0.000057314,0.000057129
2,25,receive_authenticate_accumulate,0.017281008,0.017251944
2,25,receive_authenticate_accumulate,0.000058074,0.000057852
2,25,receive_authenticate_accumulate,0.017227434,0.017227074
2,25,receive_authenticate_accumulate,0.000057000,0.000056555
2,25,receive_authenticate_accumulate,0.017219285,0.017219093
2,25,receive_authenticate_accumulate,0.000057148,0.000056871
2,25,receive_authenticate_accumulate,0.017219100,0.017218962
2,25,receive_authenticate_accumulate,0.000057592,0.000057334
2,25,receive_authenticate_accumulate,0.017231638,0.017231537
2,25,receive_authenticate_accumulate,0.000057518,0.000057166
2,25,round_coverage,0.000003611,0.000003055
2,25,spatial_report,0.000041111,0.000040852
2,26,round_reset,0.000010055,0.000008667
2,26,receive_authenticate_accumulate,0.017225731,0.017225574
2,26,receive_authenticate_accumulate,0.000057778,0.000057704
2,26,receive_authenticate_accumulate,0.017270731,0.017241352
2,26,receive_authenticate_accumulate,0.000058445,0.000058222
2,26,receive_authenticate_accumulate,0.017218990,0.017218870
2,26,receive_authenticate_accumulate,0.000057407,0.000057167
2,26,receive_authenticate_accumulate,0.017224453,0.017224167
2,26,receive_authenticate_accumulate,0.000056685,0.000056445
2,26,receive_authenticate_accumulate,0.017220824,0.017220556
2,26,receive_authenticate_accumulate,0.000058741,0.000058315
2,26,receive_authenticate_accumulate,0.017226582,0.017226499
2,26,receive_authenticate_accumulate,0.000057000,0.000056777
2,26,reading_commitment_and_shares,0.026268446,0.026234258
2,26,receive_authenticate_accumulate,0.017215675,0.017215704
2,26,receive_authenticate_accumulate,0.000057388,0.000056815
2,26,receive_authenticate_accumulate,0.017221379,0.017221277
2,26,receive_authenticate_accumulate,0.000057537,0.000057278
2,26,receive_authenticate_accumulate,0.017230583,0.017230204
2,26,receive_authenticate_accumulate,0.000055444,0.000055222
2,26,receive_authenticate_accumulate,0.017227620,0.017227500
2,26,receive_authenticate_accumulate,0.000057277,0.000057166
2,26,receive_authenticate_accumulate,0.017221545,0.017221482
2,26,receive_authenticate_accumulate,0.000056537,0.000056297
2,26,receive_authenticate_accumulate,0.017225101,0.017224926
2,26,receive_authenticate_accumulate,0.000057278,0.000057037
2,26,receive_authenticate_accumulate,0.017265934,0.017236889
2,26,receive_authenticate_accumulate,0.000058611,0.000058334
2,26,receive_authenticate_accumulate,0.017231212,0.017230926
2,26,receive_authenticate_accumulate,0.000057592,0.000057407
2,26,receive_authenticate_accumulate,0.017217416,0.017217259
2,26,receive_authenticate_accumulate,0.000056796,0.000056667
2,26,receive_authenticate_accumulate,0.017257805,0.017235963
2,26,receive_authenticate_accumulate,0.000057759,0.000057537
2,26,receive_authenticate_accumulate,0.017211138,0.017211111
2,26,receive_authenticate_accumulate,0.000056778,0.000056500
2,26,receive_authenticate_accumulate,0.017229453,0.017229241
2,26,receive_authenticate_accumulate,0.000057518,0.000057352
2,26,receive_authenticate_accumulate,0.017254897,0.017231611
2,26,receive_authenticate_accumulate,0.000058778,0.000058315
2,26,receive_authenticate_accumulate,0.017226212,0.017226037
2,26,receive_authenticate_accumulate,0.000056500,0.000056333
2,26,round_coverage,0.000003537,0.000002907
2,26,spatial_report,0.000042389,0.000042186
2,27,round_reset,0.000009648,0.000007760
2,27,receive_authenticate_accumulate,0.017944209,0.017943445
2,27,receive_authenticate_accumulate,0.000055241,0.000055075
2,27,receive_authenticate_accumulate,0.017220176,0.017220093
2,27,receive_authenticate_accumulate,0.000057500,0.000057314
2,27,receive_authenticate_accumulate,0.017217472,0.017217260
2,27,receive_authenticate_accumulate,0.000059981,0.000059852
2,27,receive_authenticate_accumulate,0.017218694,0.017218629
2,27,receive_authenticate_accumulate,0.000056778,0.000056537
2,27,receive_authenticate_accumulate,0.017271379,0.017241778
2,27,receive_authenticate_accumulate,0.000056111,0.000055759
2,27,receive_authenticate_accumulate,0.017224749,0.017224574
2,27,receive_authenticate_accumulate,0.000057611,0.000057407
2,27,reading_commitment_and_shares,0.026207224,0.026207462
2,27,receive_authenticate_accumulate,0.017220582,0.017220648
2,27,receive_authenticate_accumulate,0.000058334,0.000058148
2,27,receive_authenticate_accumulate,0.017255213,0.017232611
2,27,receive_authenticate_accumulate,0.000056370,0.000056241
2,27,receive_authenticate_accumulate,0.017229546,0.017229574
2,27,receive_authenticate_accumulate,0.000058185,0.000058129
2,27,receive_authenticate_accumulate,0.017228675,0.017228482
2,27,receive_authenticate_accumulate,0.000056500,0.000056389
2,27,receive_authenticate_accumulate,0.017233324,0.017233278
2,27,receive_authenticate_accumulate,0.000057759,0.000057889
2,27,receive_authenticate_accumulate,0.017224824,0.017224241
2,27,receive_authenticate_accumulate,0.000057648,0.000057352
2,27,receive_authenticate_accumulate,0.017228824,0.017228667
2,27,receive_authenticate_accumulate,0.000056982,0.000056723
2,27,receive_authenticate_accumulate,0.017226583,0.017226500
2,27,receive_authenticate_accumulate,0.000057000,0.000056778
2,27,receive_authenticate_accumulate,0.017225287,0.017225130
2,27,receive_authenticate_accumulate,0.000057889,0.000057240
2,27,receive_authenticate_accumulate,0.017281416,0.017282315
2,27,receive_authenticate_accumulate,0.000058740,0.000058166
2,27,receive_authenticate_accumulate,0.017280397,0.017250722
2,27,receive_authenticate_accumulate,0.000058018,0.000057796
2,27,receive_authenticate_accumulate,0.017229194,0.017229092
2,27,receive_authenticate_accumulate,0.000057407,0.000057074
2,27,receive_authenticate_accumulate,0.017228101,0.017228056
2,27,receive_authenticate_accumulate,0.000081370,0.000081315
2,27,receive_authenticate_accumulate,0.017221434,0.017221334
2,27,receive_authenticate_accumulate,0.000058018,0.000057852
2,27,round_coverage,0.000003982,0.000003482
2,27,spatial_report,0.000041296,0.000041185
2,28,round_reset,0.000008518,0.000007148
2,28,receive_authenticate_accumulate,0.017223843,0.017223852
2,28,receive_authenticate_accumulate,0.000056129,0.000055889
2,28,receive_authenticate_accumulate,0.017246491,0.017232759
2,28,receive_authenticate_accumulate,0.000057314,0.000057074
2,28,receive_authenticate_accumulate,0.017261176,0.017231944
2,28,receive_authenticate_accumulate,0.000057185,0.000056814
2,28,receive_authenticate_accumulate,0.017225102,0.017224963
2,28,receive_authenticate_accumulate,0.000072444,0.000072408
2,28,receive_authenticate_accumulate,0.017217287,0.017217148
2,28,receive_authenticate_accumulate,0.000057685,0.000057519
2,28,receive_authenticate_accumulate,0.017226435,0.017226204
2,28,receive_authenticate_accumulate,0.000057425,0.000057241
2,28,reading_commitment_and_shares,0.026287095,0.026258630
2,28,receive_authenticate_accumulate,0.017219657,0.017219760
2,28,receive_authenticate_accumulate,0.000055740,0.000055575
2,28,receive_authenticate_accumulate,0.017223231,0.017223185
2,28,receive_authenticate_accumulate,0.000058463,0.000058111
2,28,receive_authenticate_accumulate,0.017224269,0.017224148
2,28,receive_authenticate_accumulate,0.000057741,0.000057315
2,28,receive_authenticate_accumulate,0.017226750,0.017226704
2,28,receive_authenticate_accumulate,0.000058870,0.000058519
2,28,receive_authenticate_accumulate,0.017222713,0.017222648
2,28,receive_authenticate_accumulate,0.000057333,0.000057074
2,28,receive_authenticate_accumulate,0.017224861,0.017224722
2,28,receive_authenticate_accumulate,0.000056759,0.000056556
2,28,receive_authenticate_accumulate,0.017227658,0.017227574
2,28,receive_authenticate_accumulate,0.000057481,0.000057315
2,28,receive_authenticate_accumulate,0.017223658,0.017223425
2,28,receive_authenticate_accumulate,0.000056778,0.000056592
2,28,receive_authenticate_accumulate,0.017222417,0.017222371
2,28,receive_authenticate_accumulate,0.000057611,0.000057371
2,28,receive_authenticate_accumulate,0.017271602,0.017241500
2,28,receive_authenticate_accumulate,0.000058055,0.000057797
2,28,receive_authenticate_accumulate,0.017238010,0.017226296
2,28,receive_authenticate_accumulate,0.000058222,0.000057981
2,28,receive_authenticate_accumulate,0.017224306,0.017224167
2,28,receive_authenticate_accumulate,0.000057666,0.000057425
2,28,receive_authenticate_accumulate,0.017228269,0.017228148
2,28,receive_authenticate_accumulate,0.000059462,0.000059204
2,28,receive_authenticate_accumulate,0.017252657,0.017252648
2,28,receive_authenticate_accumulate,0.000057648,0.000057222
2,28,round_coverage,0.000003759,0.000003204
2,28,spatial_report,0.000041778,0.000041500
2,29,round_reset,0.000009056,0.000007537
2,29,receive_authenticate_accumulate,0.017222695,0.017222556
2,29,receive_authenticate_accumulate,0.000056611,0.000056389
2,29,receive_authenticate_accumulate,0.017264788,0.017240464
2,29,receive_authenticate_accumulate,0.000056500,0.000056297
2,29,receive_authenticate_accumulate,0.017217325,0.017217185
2,29,receive_authenticate_accumulate,0.000057333,0.000057092
2,29,receive_authenticate_accumulate,0.017228251,0.017228093
2,29,receive_authenticate_accumulate,0.000056519,0.000056278
2,29,receive_authenticate_accumulate,0.017269973,0.017242796
2,29,receive_authenticate_accumulate,0.000056407,0.000056223
2,29,receive_authenticate_accumulate,0.017231214,0.017231056
2,29,receive_authenticate_accumulate,0.000058296,0.000058129
2,29,reading_commitment_and_shares,0.026274503,0.026235372
2,29,receive_authenticate_accumulate,0.017223695,0.017223667
2,29,receive_authenticate_accumulate,0.000057148,0.000056759
2,29,receive_authenticate_accumulate,0.017221473,0.017221389
2,29,receive_authenticate_accumulate,0.000056926,0.000056741
2,29,receive_authenticate_accumulate,0.017225880,0.017225704
2,29,receive_authenticate_accumulate,0.000059074,0.000058852
2,29,receive_authenticate_accumulate,0.017229603,0.017229444
2,29,receive_authenticate_accumulate,0.000059129,0.000058871
2,29,receive_authenticate_accumulate,0.017227658,0.017227629
2,29,receive_authenticate_accumulate,0.000058574,0.000058241
2,29,receive_authenticate_accumulate,0.017227528,0.017227445
2,29,receive_authenticate_accumulate,0.000058426,0.000058260
2,29,receive_authenticate_accumulate,0.017220084,0.017219944
2,29,receive_authenticate_accumulate,0.000059778,0.000059407
2,29,receive_authenticate_accumulate,0.017225824,0.017225667
2,29,receive_authenticate_accumulate,0.000056667,0.000056352
2,29,receive_authenticate_accumulate,0.017234899,0.017234759
2,29,receive_authenticate_accumulate,0.000057796,0.000057519
2,29,receive_authenticate_accumulate,0.017250529,0.017250240
2,29,receive_authenticate_accumulate,0.000057111,0.000056741
2,29,receive_authenticate_accumulate,0.017227658,0.017227536
2,29,receive_authenticate_accumulate,0.000055259,0.000054963
2,29,receive_authenticate_accumulate,0.017260120,0.017231592
2,29,receive_authenticate_accumulate,0.000056759,0.000056463
2,29,receive_authenticate_accumulate,0.017223880,0.017223852
2,29,receive_authenticate_accumulate,0.000056092,0.000055778
2,29,receive_authenticate_accumulate,0.017233084,0.017232870
2,29,receive_authenticate_accumulate,0.000055592,0.000055333
2,29,round_coverage,0.000003389,0.000002666
2,29,spatial_report,0.000042593,0.000042296
2,29,billing_report,0.000423738,0.000423352
3,30,period_reset,0.000026815,0.000025592
3,30,receive_authenticate_accumulate,0.000098055,0.000097796
3,30,receive_authenticate_accumulate,0.000090648,0.000090314
3,30,receive_authenticate_accumulate,0.000091703,0.000091389
3,30,receive_authenticate_accumulate,0.000089796,0.000089500
3,30,receive_authenticate_accumulate,0.000091388,0.000090888
3,30,receive_authenticate_accumulate,0.000092222,0.000091907
3,30,randomness_commit,0.000794570,0.000793722
3,30,receive_authenticate_accumulate,0.000083851,0.000083778
3,30,receive_authenticate_accumulate,0.000091333,0.000090926
3,30,receive_authenticate_accumulate,0.000069778,0.000069333
3,30,receive_authenticate_accumulate,0.000070982,0.000070796
3,30,receive_authenticate_accumulate,0.000070111,0.000069833
3,30,receive_authenticate_accumulate,0.000071055,0.000070815
3,30,receive_authenticate_accumulate,0.000068703,0.000068296
3,30,receive_authenticate_accumulate,0.000069648,0.000069408
3,30,receive_authenticate_accumulate,0.000071814,0.000071407
3,30,receive_authenticate_accumulate,0.000068704,0.000068222
3,30,receive_authenticate_accumulate,0.000068999,0.000068797
3,30,receive_authenticate_accumulate,0.000068648,0.000068389
3,30,receive_authenticate_accumulate,0.000069333,0.000068703
3,30,receive_authenticate_accumulate,0.000121814,0.000121685
3,30,receive_authenticate_accumulate,0.000084148,0.000083889
3,30,receive_authenticate_accumulate,0.000083629,0.000083352
3,30,receive_authenticate_accumulate,0.000082925,0.000082649
3,30,receive_authenticate_accumulate,0.000083092,0.000082889
3,30,receive_authenticate_accumulate,0.000082647,0.000082574
3,30,receive_authenticate_accumulate,0.000084370,0.000083944
3,30,randomness_reveal,0.000551683,0.000550963
3,30,receive_authenticate_accumulate,0.000078536,0.000078333
3,30,receive_authenticate_accumulate,0.000084462,0.000084352
3,30,receive_authenticate_accumulate,0.000083962,0.000083908
3,30,receive_authenticate_accumulate,0.000081981,0.000081741
3,30,receive_authenticate_accumulate,0.000049148,0.000048908
3,30,receive_authenticate_accumulate,0.000049333,0.000049222
3,30,receive_authenticate_accumulate,0.000046722,0.000046481
3,30,receive_authenticate_accumulate,0.000047277,0.000047037
3,30,receive_authenticate_accumulate,0.000045944,0.000045667
3,30,receive_authenticate_accumulate,0.000048407,0.000048129
3,30,receive_authenticate_accumulate,0.000050222,0.000049963
3,30,receive_authenticate_accumulate,0.000046240,0.000046037
3,30,receive_authenticate_accumulate,0.000049500,0.000049259
3,30,receive_authenticate_accumulate,0.000049555,0.000049296
3,30,committee_selection,0.000085167,0.000084833
3,30,round_reset,0.000004592,0.000003889
3,30,receive_authenticate_accumulate,0.017228306,0.017228185
3,30,receive_authenticate_accumulate,0.017235973,0.017236000
3,30,receive_authenticate_accumulate,0.017325065,0.017258850
3,30,receive_authenticate_accumulate,0.017218713,0.017218481
3,30,receive_authenticate_accumulate,0.017229177,0.017228963
3,30,receive_authenticate_accumulate,0.017231843,0.017231778
3,30,reading_commitment_and_shares,0.026250967,0.026225574
3,30,receive_authenticate_accumulate,0.017222140,0.017222296
3,30,receive_authenticate_accumulate,0.017225177,0.017225037
3,30,receive_authenticate_accumulate,0.017224844,0.017224574
3,30,receive_authenticate_accumulate,0.017231010,0.017230722
3,30,receive_authenticate_accumulate,0.017242973,0.017242852
3,30,receive_authenticate_accumulate,0.017227084,0.017226981
3,30,receive_authenticate_accumulate,0.017233973,0.017233796
3,30,receive_authenticate_accumulate,0.017217196,0.017216889
3,30,receive_authenticate_accumulate,0.017269603,0.017239055
3,30,receive_authenticate_accumulate,0.017228751,0.017228500
3,30,receive_authenticate_accumulate,0.017222547,0.017222351
3,30,receive_authenticate_accumulate,0.017225565,0.017225500
3,30,receive_authenticate_accumulate,0.017222288,0.017222222
3,30,receive_authenticate_accumulate,0.017223991,0.017223852
3,30,round_coverage,0.000004259,0.000003611
3,31,round_reset,0.000009389,0.000008000
3,31,receive_authenticate_accumulate,0.017248418,0.017248426
3,31,receive_authenticate_accumulate,0.017230269,0.017229907
3,31,receive_authenticate_accumulate,0.017225492,0.017225371
3,31,receive_authenticate_accumulate,0.017230788,0.017230592
3,31,receive_authenticate_accumulate,0.017231714,0.017231482
3,31,receive_authenticate_accumulate,0.017232843,0.017232574
3,31,reading_commitment_and_shares,0.026209893,0.026209648
3,31,receive_authenticate_accumulate,0.017216270,0.017216203
3,31,receive_authenticate_accumulate,0.017221881,0.017221833
3,31,receive_authenticate_accumulate,0.017227307,0.017227148
3,31,receive_authenticate_accumulate,0.017291918,0.017248741
3,31,receive_authenticate_accumulate,0.017223436,0.017223277
3,31,receive_authenticate_accumulate,0.017227011,0.017226889
3,31,receive_authenticate_accumulate,0.017230473,0.017230222
3,31,receive_authenticate_accumulate,0.017228381,0.017228223
3,31,receive_authenticate_accumulate,0.017219974,0.017219667
3,31,receive_authenticate_accumulate,0.017227807,0.017227556
3,31,receive_authenticate_accumulate,0.017229084,0.017229000
3,31,receive_authenticate_accumulate,0.017231862,0.017231760
3,31,receive_authenticate_accumulate,0.017218678,0.017218519
3,31,receive_authenticate_accumulate,0.017230862,0.017230555
3,31,round_coverage,0.000004000,0.000003315
3,32,round_reset,0.000009241,0.000008055
3,32,receive_authenticate_accumulate,0.017891896,0.017890963
3,32,receive_authenticate_accumulate,0.017228899,0.017229056
3,32,receive_authenticate_accumulate,0.017266344,0.017240333
3,32,receive_authenticate_accumulate,0.017249010,0.017248611
3,32,receive_authenticate_accumulate,0.017227270,0.017227259
3,32,receive_authenticate_accumulate,0.017224029,0.017223777
3,32,reading_commitment_and_shares,0.026247560,0.026220833
3,32,receive_authenticate_accumulate,0.017216103,0.017216055
3,32,receive_authenticate_accumulate,0.017219974,0.017219740
3,32,receive_authenticate_accumulate,0.017257399,0.017234629
3,32,receive_authenticate_accumulate,0.017228011,0.017227907
3,32,receive_authenticate_accumulate,0.017220937,0.017220796
3,32,receive_authenticate_accumulate,0.017221085,0.017220944
3,32,receive_authenticate_accumulate,0.017291677,0.017249871
3,32,receive_authenticate_accumulate,0.017235307,0.017235111
3,32,receive_authenticate_accumulate,0.017232214,0.017232074
3,32,receive_authenticate_accumulate,0.017262585,0.017235722
3,32,receive_authenticate_accumulate,0.017216659,0.017216796
3,32,receive_authenticate_accumulate,0.017231085,0.017231000
3,32,receive_authenticate_accumulate,0.017231714,0.017231574
3,32,receive_authenticate_accumulate,0.017215566,0.017215463
3,32,round_coverage,0.000004500,0.000003592
3,33,round_reset,0.000009555,0.000008093
3,33,receive_authenticate_accumulate,0.017237771,0.017238259
3,33,receive_authenticate_accumulate,0.017221884,0.017222241
3,33,receive_authenticate_accumulate,0.017221106,0.017221556
3,33,receive_authenticate_accumulate,0.017269993,0.017246333
3,33,receive_authenticate_accumulate,0.017222458,0.017222963
3,33,receive_authenticate_accumulate,0.017227571,0.017228166
3,33,reading_commitment_and_shares,0.026297031,0.026273223
3,33,receive_authenticate_accumulate,0.017264106,0.017264648
3,33,receive_authenticate_accumulate,0.017225923,0.017226296
3,33,receive_authenticate_accumulate,0.017300587,0.017260167
3,33,receive_authenticate_accumulate,0.017225331,0.017225907
3,33,receive_authenticate_accumulate,0.017219573,0.017220000
3,33,receive_authenticate_accumulate,0.017209685,0.017210130
3,33,receive_authenticate_accumulate,0.017234388,0.017234833
3,33,receive_authenticate_accumulate,0.017224629,0.017225111
3,33,receive_authenticate_accumulate,0.017258147,0.017241408
3,33,receive_authenticate_accumulate,0.017232537,0.017233018
3,33,receive_authenticate_accumulate,0.017227649,0.017227963
3,33,receive_authenticate_accumulate,0.017263962,0.017236759
3,33,receive_authenticate_accumulate,0.017227150,0.017227666
3,33,receive_authenticate_accumulate,0.017232446,0.017232944
3,33,round_coverage,0.000004315,0.000003704
3,34,round_reset,0.000009962,0.000008611
3,34,receive_authenticate_accumulate,0.017221860,0.017222241
3,34,receive_authenticate_accumulate,0.017232360,0.017232833
3,34,receive_authenticate_accumulate,0.017231675,0.017237351
3,34,receive_authenticate_accumulate,0.017261192,0.017237112
3,34,receive_authenticate_accumulate,0.017226509,0.017226852
3,34,receive_authenticate_accumulate,0.017231880,0.017232260
3,34,reading_commitment_and_shares,0.026248619,0.026220722
3,34,receive_authenticate_accumulate,0.017221307,0.017221834
3,34,receive_authenticate_accumulate,0.017230065,0.017230352
3,34,receive_authenticate_accumulate,0.017227585,0.017228074
3,34,receive_authenticate_accumulate,0.017250843,0.017251482
3,34,receive_authenticate_accumulate,0.017230993,0.017231370
3,34,receive_authenticate_accumulate,0.017232067,0.017232389
3,34,receive_authenticate_accumulate,0.017221067,0.017221444
3,34,receive_authenticate_accumulate,0.017229365,0.017229889
3,34,receive_authenticate_accumulate,0.017227327,0.017227815
3,34,receive_authenticate_accumulate,0.017228680,0.017229111
3,34,receive_authenticate_accumulate,0.017266328,0.017243000
3,34,receive_authenticate_accumulate,0.017221570,0.017222055
3,34,receive_authenticate_accumulate,0.017220608,0.017221204
3,34,receive_authenticate_accumulate,0.017228645,0.017229074
3,34,round_coverage,0.000004297,0.000003648
3,35,round_reset,0.000009870,0.000008500
3,35,receive_authenticate_accumulate,0.017227631,0.017227500
3,35,receive_authenticate_accumulate,0.017230167,0.017230426
3,35,receive_authenticate_accumulate,0.017228704,0.017229074
3,35,receive_authenticate_accumulate,0.017228872,0.017229519
3,35,receive_authenticate_accumulate,0.017226484,0.017226925
3,35,receive_authenticate_accumulate,0.017219188,0.017219037
3,35,reading_commitment_and_shares,0.026209889,0.026210740
3,35,receive_authenticate_accumulate,0.017233169,0.017233277
3,35,receive_authenticate_accumulate,0.017224966,0.017225833
3,35,receive_authenticate_accumulate,0.017225134,0.017225519
3,35,receive_authenticate_accumulate,0.017230152,0.017230593
3,35,receive_authenticate_accumulate,0.017235857,0.017236334
3,35,receive_authenticate_accumulate,0.017205413,0.017205852
3,35,receive_authenticate_accumulate,0.017230894,0.017231277
3,35,receive_authenticate_accumulate,0.017229506,0.017229963
3,35,receive_authenticate_accumulate,0.017224932,0.017225388
3,35,receive_authenticate_accumulate,0.017232247,0.017232556
3,35,receive_authenticate_accumulate,0.017215396,0.017215852
3,35,receive_authenticate_accumulate,0.017223822,0.017224203
3,35,receive_authenticate_accumulate,0.017226786,0.017227037
3,35,receive_authenticate_accumulate,0.017286931,0.017244463
3,35,round_coverage,0.000004093,0.000003407
3,36,round_reset,0.000009370,0.000008074
3,36,receive_authenticate_accumulate,0.017223159,0.017223537
3,36,receive_authenticate_accumulate,0.017226215,0.017226666
3,36,receive_authenticate_accumulate,0.017223955,0.017224185
3,36,receive_authenticate_accumulate,0.017225161,0.017225482
3,36,receive_authenticate_accumulate,0.017230512,0.017230889
3,36,receive_authenticate_accumulate,0.017228809,0.017229241
3,36,reading_commitment_and_shares,0.026205858,0.026206685
3,36,receive_authenticate_accumulate,0.017223050,0.017223388
3,36,receive_authenticate_accumulate,0.017228809,0.017228685
3,36,receive_authenticate_accumulate,0.017224273,0.017224462
3,36,receive_authenticate_accumulate,0.017216736,0.017217407
3,36,receive_authenticate_accumulate,0.017230959,0.017231130
3,36,receive_authenticate_accumulate,0.017223237,0.017223593
3,36,receive_authenticate_accumulate,0.017238941,0.017239277
3,36,receive_authenticate_accumulate,0.017224423,0.017224870
3,36,receive_authenticate_accumulate,0.017228534,0.017228797
3,36,receive_authenticate_accumulate,0.017223887,0.017223944
3,36,receive_authenticate_accumulate,0.017227517,0.017227982
3,36,receive_authenticate_accumulate,0.017235479,0.017235778
3,36,receive_authenticate_accumulate,0.017236092,0.017236462
3,36,receive_authenticate_accumulate,0.017229720,0.017229945
3,36,round_coverage,0.000004055,0.000003426
3,37,round_reset,0.000009555,0.000008315
3,37,receive_authenticate_accumulate,0.017228279,0.017228722
3,37,receive_authenticate_accumulate,0.017219853,0.017220204
3,37,receive_authenticate_accumulate,0.017227390,0.017227759
3,37,receive_authenticate_accumulate,0.017229039,0.017229408
3,37,receive_authenticate_accumulate,0.017238427,0.017238666
3,37,receive_authenticate_accumulate,0.017228706,0.017228926
3,37,reading_commitment_and_shares,0.026231435,0.026221370
3,37,receive_authenticate_accumulate,0.017227928,0.017228129
3,37,receive_authenticate_accumulate,0.017230872,0.017231037
3,37,receive_authenticate_accumulate,0.017220023,0.017220185
3,37,receive_authenticate_accumulate,0.017276946,0.017250148
3,37,receive_authenticate_accumulate,0.017221597,0.017221648
3,37,receive_authenticate_accumulate,0.017231245,0.017231685
3,37,receive_authenticate_accumulate,0.017229634,0.017230056
3,37,receive_authenticate_accumulate,0.017223598,0.017223982
3,37,receive_authenticate_accumulate,0.017232338,0.017232611
3,37,receive_authenticate_accumulate,0.017229099,0.017229500
3,37,receive_authenticate_accumulate,0.017221062,0.017221296
3,37,receive_authenticate_accumulate,0.017235802,0.017236148
3,37,receive_authenticate_accumulate,0.017239877,0.017241389
3,37,receive_authenticate_accumulate,0.017225507,0.017225704
3,37,round_coverage,0.000003666,0.000002982
3,38,round_reset,0.000009055,0.000007760
3,38,receive_authenticate_accumulate,0.017239618,0.017239648
3,38,receive_authenticate_accumulate,0.017271377,0.017243370
3,38,receive_authenticate_accumulate,0.017226397,0.017226593
3,38,receive_authenticate_accumulate,0.017231879,0.017232092
3,38,receive_authenticate_accumulate,0.017227953,0.017228223
3,38,receive_authenticate_accumulate,0.017229731,0.017230018
3,38,reading_commitment_and_shares,0.026202530,0.026203148
3,38,receive_authenticate_accumulate,0.017221269,0.017221686
3,38,receive_authenticate_accumulate,0.017223269,0.017223667
3,38,receive_authenticate_accumulate,0.017219769,0.017220055
3,38,receive_authenticate_accumulate,0.017219177,0.017219592
3,38,receive_authenticate_accumulate,0.017261269,0.017261666
3,38,receive_authenticate_accumulate,0.017217919,0.017218278
3,38,receive_authenticate_accumulate,0.017226678,0.017227037
3,38,receive_authenticate_accumulate,0.017217827,0.017218149
3,38,receive_authenticate_accumulate,0.017223400,0.017223556
3,38,receive_authenticate_accumulate,0.017259715,0.017236001
3,38,receive_authenticate_accumulate,0.017256659,0.017233796
3,38,receive_authenticate_accumulate,0.017219476,0.017219851
3,38,receive_authenticate_accumulate,0.017220310,0.017220555
3,38,receive_authenticate_accumulate,0.017222550,0.017222426
3,38,round_coverage,0.000004722,0.000004055
3,39,round_reset,0.000008685,0.000007166
3,39,receive_authenticate_accumulate,0.025860796,0.025861222
3,39,receive_authenticate_accumulate,0.017218532,0.017218814
3,39,receive_authenticate_accumulate,0.017222662,0.017222815
3,39,receive_authenticate_accumulate,0.017226903,0.017227222
3,39,receive_authenticate_accumulate,0.017225699,0.017226074
3,39,receive_authenticate_accumulate,0.017309197,0.017254889
3,39,reading_commitment_and_shares,0.026223806,0.026224500
3,39,receive_authenticate_accumulate,0.017214107,0.017214574
3,39,receive_authenticate_accumulate,0.017226886,0.017227203
3,39,receive_authenticate_accumulate,0.017229441,0.017229778
3,39,receive_authenticate_accumulate,0.017222293,0.017222574
3,39,receive_authenticate_accumulate,0.017224294,0.017224500
3,39,receive_authenticate_accumulate,0.017233016,0.017227945
3,39,receive_authenticate_accumulate,0.017232886,0.017233130
3,39,receive_authenticate_accumulate,0.025854543,0.025855037
3,39,receive_authenticate_accumulate,0.017228073,0.017228352
3,39,receive_authenticate_accumulate,0.017219944,0.017220130
3,39,receive_authenticate_accumulate,0.017231518,0.017231834
3,39,receive_authenticate_accumulate,0.017222277,0.017222574
3,39,receive_authenticate_accumulate,0.017218667,0.017218907
3,39,receive_authenticate_accumulate,0.017268480,0.017241538
3,39,round_coverage,0.000004352,0.000003648
4,40,period_reset,0.000025128,0.000023777
4,40,receive_authenticate_accumulate,0.000093238,0.000092741
4,40,receive_authenticate_accumulate,0.000094200,0.000093463
4,40,receive_authenticate_accumulate,0.000088609,0.000087815
4,40,receive_authenticate_accumulate,0.000089368,0.000088945
4,40,receive_authenticate_accumulate,0.000087312,0.000087000
4,40,receive_authenticate_accumulate,0.000125367,0.000124963
4,40,randomness_commit,0.000837308,0.000836778
4,40,receive_authenticate_accumulate,0.000080905,0.000080796
4,40,receive_authenticate_accumulate,0.000086164,0.000085833
4,40,receive_authenticate_accumulate,0.000087257,0.000087148
4,40,receive_authenticate_accumulate,0.000088868,0.000088481
4,40,receive_authenticate_accumulate,0.000086645,0.000086222
4,40,receive_authenticate_accumulate,0.000088349,0.000088093
4,40,receive_authenticate_accumulate,0.000087849,0.000087333
4,40,receive_authenticate_accumulate,0.000089053,0.000088482
4,40,receive_authenticate_accumulate,0.000087923,0.000087611
4,40,receive_authenticate_accumulate,0.000088627,0.000088222
4,40,receive_authenticate_accumulate,0.000088775,0.000088463
4,40,receive_authenticate_accumulate,0.000056498,0.000055963
4,40,receive_authenticate_accumulate,0.000052609,0.000052370
4,40,receive_authenticate_accumulate,0.000056184,0.000055778
4,40,receive_authenticate_accumulate,0.000067220,0.000066926
4,40,receive_authenticate_accumulate,0.000066961,0.000066685
4,40,receive_authenticate_accumulate,0.000067461,0.000066981
4,40,receive_authenticate_accumulate,0.000067258,0.000067204
4,40,receive_authenticate_accumulate,0.000067386,0.000067241
4,40,receive_authenticate_accumulate,0.000067757,0.000067444
4,40,randomness_reveal,0.000469171,0.000468833
4,40,receive_authenticate_accumulate,0.000062627,0.000062593
4,40,receive_authenticate_accumulate,0.000068387,0.000068186
4,40,receive_authenticate_accumulate,0.000066609,0.000066352
4,40,receive_authenticate_accumulate,0.000066664,0.000066389
4,40,receive_authenticate_accumulate,0.000066590,0.000065815
4,40,receive_authenticate_accumulate,0.000066795,0.000066315
4,40,receive_authenticate_accumulate,0.000069998,0.000069593
4,40,receive_authenticate_accumulate,0.000062609,0.000062352
4,40,receive_authenticate_accumulate,0.000066220,0.000065815
4,40,receive_authenticate_accumulate,0.000065923,0.000065740
4,40,receive_authenticate_accumulate,0.000065035,0.000064741
4,40,receive_authenticate_accumulate,0.000066387,0.000066259
4,40,receive_authenticate_accumulate,0.000066109,0.000065629
4,40,receive_authenticate_accumulate,0.000066924,0.000066556
4,40,committee_selection,0.000127811,0.000127204
4,40,round_reset,0.000005574,0.000004648
4,40,receive_authenticate_accumulate,0.017228110,0.017228482
4,40,receive_authenticate_accumulate,0.000058850,0.000058518
4,40,receive_authenticate_accumulate,0.017217017,0.017217204
4,40,receive_authenticate_accumulate,0.000058535,0.000058129
4,40,receive_authenticate_accumulate,0.017225722,0.017226074
4,40,receive_authenticate_accumulate,0.000056054,0.000055685
4,40,receive_authenticate_accumulate,0.017223574,0.017223833
4,40,receive_authenticate_accumulate,0.000057035,0.000056685
4,40,receive_authenticate_accumulate,0.017235444,0.017235926
4,40,receive_authenticate_accumulate,0.000056795,0.000056777
4,40,receive_authenticate_accumulate,0.017253777,0.017238278
4,40,receive_authenticate_accumulate,0.000055813,0.000055703
4,40,reading_commitment_and_shares,0.026199711,0.026200462
4,40,receive_authenticate_accumulate,0.017225037,0.017225481
4,40,receive_authenticate_accumulate,0.000055480,0.000055389
4,40,receive_authenticate_accumulate,0.017221575,0.017221981
4,40,receive_authenticate_accumulate,0.000057295,0.000057223
4,40,receive_authenticate_accumulate,0.017221278,0.017221611
4,40,receive_authenticate_accumulate,0.000057239,0.000057056
4,40,receive_authenticate_accumulate,0.017224853,0.017225259
4,40,receive_authenticate_accumulate,0.000057072,0.000056722
4,40,receive_authenticate_accumulate,0.017219909,0.017220482
4,40,receive_authenticate_accumulate,0.000057665,0.000057538
4,40,receive_authenticate_accumulate,0.017296388,0.017233943
4,40,receive_authenticate_accumulate,0.000057072,0.000057074
4,40,receive_authenticate_accumulate,0.017241835,0.017242333
4,40,receive_authenticate_accumulate,0.000058109,0.000057815
4,40,receive_authenticate_accumulate,0.017226261,0.017226667
4,40,receive_authenticate_accumulate,0.000056480,0.000056278
4,40,receive_authenticate_accumulate,0.017223502,0.017224018
4,40,receive_authenticate_accumulate,0.000056091,0.000055888
4,40,receive_authenticate_accumulate,0.017217688,0.017218130
4,40,receive_authenticate_accumulate,0.000056924,0.000056889
4,40,receive_authenticate_accumulate,0.017229039,0.017229222
4,40,receive_authenticate_accumulate,0.000058405,0.000058166
4,40,receive_authenticate_accumulate,0.017233430,0.017222759
4,40,receive_authenticate_accumulate,0.000057072,0.000056815
4,40,receive_authenticate_accumulate,0.017231022,0.017231388
4,40,receive_authenticate_accumulate,0.000055850,0.000055574
4,40,receive_authenticate_accumulate,0.017218560,0.017219019
4,40,receive_authenticate_accumulate,0.000056035,0.000055852
4,40,round_coverage,0.000003111,0.000002611
4,40,spatial_report,0.000039962,0.000039648
4,41,round_reset,0.000008908,0.000007537
4,41,receive_authenticate_accumulate,0.017221650,0.017221944
4,41,receive_authenticate_accumulate,0.000056999,0.000056741
4,41,receive_authenticate_accumulate,0.017227483,0.017227648
4,41,receive_authenticate_accumulate,0.000057850,0.000057685
4,41,receive_authenticate_accumulate,0.017232816,0.017232907
4,41,receive_authenticate_accumulate,0.000056535,0.000056407
4,41,receive_authenticate_accumulate,0.017265723,0.017241463
4,41,receive_authenticate_accumulate,0.000057535,0.000057111
4,41,receive_authenticate_accumulate,0.017220780,0.017221000
4,41,receive_authenticate_accumulate,0.000055443,0.000055204
4,41,receive_authenticate_accumulate,0.017227317,0.017227555
4,41,receive_authenticate_accumulate,0.000055906,0.000055741
4,41,reading_commitment_and_shares,0.026249242,0.026220963
4,41,receive_authenticate_accumulate,0.017223984,0.017224389
4,41,receive_authenticate_accumulate,0.000055720,0.000055463
4,41,receive_authenticate_accumulate,0.017228225,0.017228537
4,41,receive_authenticate_accumulate,0.000056646,0.000056370
4,41,receive_authenticate_accumulate,0.017225596,0.017226093
4,41,receive_authenticate_accumulate,0.000057388,0.000057278
4,41,receive_authenticate_accumulate,0.017227151,0.017227389
4,41,receive_authenticate_accumulate,0.000056332,0.000056223
4,41,receive_authenticate_accumulate,0.017227911,0.017228129
4,41,receive_authenticate_accumulate,0.000055443,0.000055203
4,41,receive_authenticate_accumulate,0.017219356,0.017219666
4,41,receive_authenticate_accumulate,0.000056091,0.000055796
4,41,receive_authenticate_accumulate,0.017273725,0.017230037
4,41,receive_authenticate_accumulate,0.000057776,0.000057555
4,41,receive_authenticate_accumulate,0.017217690,0.017217834
4,41,receive_authenticate_accumulate,0.000057961,0.000057777
4,41,receive_authenticate_accumulate,0.017227782,0.017228092
4,41,receive_authenticate_accumulate,0.000056999,0.000056777
4,41,receive_authenticate_accumulate,0.017261430,0.017232425
4,41,receive_authenticate_accumulate,0.000057536,0.000057278
4,41,receive_authenticate_accumulate,0.017261893,0.017263241
4,41,receive_authenticate_accumulate,0.000058165,0.000057926
4,41,receive_authenticate_accumulate,0.017222801,0.017223037
4,41,receive_authenticate_accumulate,0.000058962,0.000058796
4,41,receive_authenticate_accumulate,0.017231469,0.017231722
4,41,receive_authenticate_accumulate,0.000056258,0.000055907
4,41,receive_authenticate_accumulate,0.017223840,0.017224056
4,41,receive_authenticate_accumulate,0.000056480,0.000056241
4,41,round_coverage,0.000003018,0.000002482
4,41,spatial_report,0.000039555,0.000039296
4,42,round_reset,0.000009389,0.000008056
4,42,receive_authenticate_accumulate,0.017232928,0.017233204
4,42,receive_authenticate_accumulate,0.000057869,0.000057574
4,42,receive_authenticate_accumulate,0.017221985,0.017222463
4,42,receive_authenticate_accumulate,0.000058479,0.000057815
4,42,receive_authenticate_accumulate,0.017219114,0.017219296
4,42,receive_authenticate_accumulate,0.000057795,0.000057704
4,42,receive_authenticate_accumulate,0.017220225,0.017220593
4,42,receive_authenticate_accumulate,0.000057461,0.000057185
4,42,receive_authenticate_accumulate,0.017222541,0.017222815
4,42,receive_authenticate_accumulate,0.000060221,0.000059852
4,42,receive_authenticate_accumulate,0.017220189,0.017220351
4,42,receive_authenticate_accumulate,0.000056665,0.000056370
4,42,reading_commitment_and_shares,0.026246513,0.026247111
4,42,receive_authenticate_accumulate,0.017260707,0.017232204
4,42,receive_authenticate_accumulate,0.000057628,0.000057223
4,42,receive_authenticate_accumulate,0.017219857,0.017220167
4,42,receive_authenticate_accumulate,0.000056795,0.000056408
4,42,receive_authenticate_accumulate,0.017225079,0.017225426
4,42,receive_authenticate_accumulate,0.000058109,0.000057908
4,42,receive_authenticate_accumulate,0.017219690,0.017219926
4,42,receive_authenticate_accumulate,0.000058220,0.000057722
4,42,receive_authenticate_accumulate,0.017220709,0.017221185
4,42,receive_authenticate_accumulate,0.000059165,0.000058945
4,42,receive_authenticate_accumulate,0.017216543,0.017217074
4,42,receive_authenticate_accumulate,0.000056443,0.000056204
4,42,receive_authenticate_accumulate,0.017233153,0.017233500
4,42,receive_authenticate_accumulate,0.000057239,0.000057204
4,42,receive_authenticate_accumulate,0.017272449,0.017238093
4,42,receive_authenticate_accumulate,0.000057054,0.000056852
4,42,receive_authenticate_accumulate,0.017222876,0.017222981
4,42,receive_authenticate_accumulate,0.000058350,0.000058037
4,42,receive_authenticate_accumulate,0.017230210,0.017230352
4,42,receive_authenticate_accumulate,0.000057851,0.000057685
4,42,receive_authenticate_accumulate,0.017213914,0.017214352
4,42,receive_authenticate_accumulate,0.000056943,0.000056648
4,42,receive_authenticate_accumulate,0.017218711,0.017219037
4,42,receive_authenticate_accumulate,0.000056517,0.000056315
4,42,receive_authenticate_accumulate,0.017251488,0.017234555
4,42,receive_authenticate_accumulate,0.000057240,0.000056741
4,42,receive_authenticate_accumulate,0.017227119,0.017227537
4,42,receive_authenticate_accumulate,0.000057943,0.000057685
4,42,round_coverage,0.000003018,0.000002463
4,42,spatial_report,0.000040055,0.000039666
4,43,round_reset,0.000009203,0.000007852
4,43,receive_authenticate_accumulate,0.025854699,0.025855019
4,43,receive_authenticate_accumulate,0.000058091,0.000057834
4,43,receive_authenticate_accumulate,0.017228799,0.017229222
4,43,receive_authenticate_accumulate,0.000059406,0.000059056
4,43,receive_authenticate_accumulate,0.017213189,0.017213315
4,43,receive_authenticate_accumulate,0.000057610,0.000057185
4,43,receive_authenticate_accumulate,0.017229133,0.017229426
4,43,receive_authenticate_accumulate,0.000057295,0.000057056
4,43,receive_authenticate_accumulate,0.017226078,0.017226240
4,43,receive_authenticate_accumulate,0.000056758,0.000056518
4,43,receive_authenticate_accumulate,0.017225727,0.017225908
4,43,receive_authenticate_accumulate,0.000057702,0.000057407
4,43,reading_commitment_and_shares,0.026208320,0.026208999
4,43,receive_authenticate_accumulate,0.017211875,0.017212241
4,43,receive_authenticate_accumulate,0.000057332,0.000056981
4,43,receive_authenticate_accumulate,0.017225727,0.017225908
4,43,receive_authenticate_accumulate,0.000058554,0.000058278
4,43,receive_authenticate_accumulate,0.017235764,0.017235925
4,43,receive_authenticate_accumulate,0.000057980,0.000057796
4,43,receive_authenticate_accumulate,0.017220283,0.017220334
4,43,receive_authenticate_accumulate,0.000057776,0.000057444
4,43,receive_authenticate_accumulate,0.017221635,0.017221945
4,43,receive_authenticate_accumulate,0.000057110,0.000056741
4,43,receive_authenticate_accumulate,0.017262189,0.017233741
4,43,receive_authenticate_accumulate,0.000057887,0.000057537
4,43,receive_authenticate_accumulate,0.017221062,0.017221296
4,43,receive_authenticate_accumulate,0.000057036,0.000056685
4,43,receive_authenticate_accumulate,0.025848574,0.025848999
4,43,receive_authenticate_accumulate,0.000058184,0.000057870
4,43,receive_authenticate_accumulate,0.017268283,0.017239852
4,43,receive_authenticate_accumulate,0.000067646,0.000067500
4,43,receive_authenticate_accumulate,0.017247728,0.017232926
4,43,receive_authenticate_accumulate,0.000055776,0.000055555
4,43,receive_authenticate_accumulate,0.017215248,0.017215519
4,43,receive_authenticate_accumulate,0.000055888,0.000055537
4,43,receive_authenticate_accumulate,0.017219008,0.017219203
4,43,receive_authenticate_accumulate,0.000055147,0.000054889
4,43,receive_authenticate_accumulate,0.017216452,0.017216667
4,43,receive_authenticate_accumulate,0.000055110,0.000054870
4,43,receive_authenticate_accumulate,0.017222896,0.017223259
4,43,receive_authenticate_accumulate,0.000054980,0.000054870
4,43,round_coverage,0.000002982,0.000002482
4,43,spatial_report,0.000040628,0.000040315
4,44,round_reset,0.000009685,0.000008370
4,44,receive_authenticate_accumulate,0.017246854,0.017232352
4,44,receive_authenticate_accumulate,0.000057498,0.000057203
4,44,receive_authenticate_accumulate,0.017218761,0.017218981
4,44,receive_authenticate_accumulate,0.000059350,0.000058926
4,44,receive_authenticate_accumulate,0.017229744,0.017229888
4,44,receive_authenticate_accumulate,0.000057165,0.000056815
4,44,receive_authenticate_accumulate,0.017220540,0.017220759
4,44,receive_authenticate_accumulate,0.000057924,0.000057611
4,44,receive_authenticate_accumulate,0.017219799,0.017220018
4,44,receive_authenticate_accumulate,0.000059720,0.000059240
4,44,receive_authenticate_accumulate,0.017236226,0.017236445
4,44,receive_authenticate_accumulate,0.000057998,0.000057685
4,44,reading_commitment_and_shares,0.026199588,0.026200278
4,44,receive_authenticate_accumulate,0.017229781,0.017230055
4,44,receive_authenticate_accumulate,0.000057480,0.000057186
4,44,receive_authenticate_accumulate,0.017221745,0.017222111
4,44,receive_authenticate_accumulate,0.000056943,0.000056537
4,44,receive_authenticate_accumulate,0.017265262,0.017236999
4,44,receive_authenticate_accumulate,0.000057480,0.000057222
4,44,receive_authenticate_accumulate,0.017222263,0.017222463
4,44,receive_authenticate_accumulate,0.000059165,0.000058926
4,44,receive_authenticate_accumulate,0.017226634,0.017226982
4,44,receive_authenticate_accumulate,0.000056609,0.000056389
4,44,receive_authenticate_accumulate,0.017220931,0.017221185
4,44,receive_authenticate_accumulate,0.000056980,0.000056704
4,44,receive_authenticate_accumulate,0.017226357,0.017226704
4,44,receive_authenticate_accumulate,0.000080017,0.000079870
4,44,receive_authenticate_accumulate,0.017225264,0.017225556
4,44,receive_authenticate_accumulate,0.000058573,0.000058278
4,44,receive_authenticate_accumulate,0.017218968,0.017219334
4,44,receive_authenticate_accumulate,0.000057054,0.000056982
4,44,receive_authenticate_accumulate,0.017218636,0.017218982
4,44,receive_authenticate_accumulate,0.000056388,0.000056352
4,44,receive_authenticate_accumulate,0.017221154,0.017221482
4,44,receive_authenticate_accumulate,0.000073924,0.000073870
4,44,receive_authenticate_accumulate,0.017270709,0.017242054
4,44,receive_authenticate_accumulate,0.000058091,0.000057889
4,44,receive_authenticate_accumulate,0.017227266,0.017227278
4,44,receive_authenticate_accumulate,0.000060406,0.000060351
4,44,receive_authenticate_accumulate,0.017269246,0.017231425
4,44,receive_authenticate_accumulate,0.000056887,0.000056685
4,44,round_coverage,0.000003037,0.000002500
4,44,spatial_report,0.000040610,0.000040259
4,45,round_reset,0.000008814,0.000007352
4,45,receive_authenticate_accumulate,0.025886213,0.025859019
4,45,receive_authenticate_accumulate,0.000057518,0.000057204
4,45,receive_authenticate_accumulate,0.017261222,0.017234537
4,45,receive_authenticate_accumulate,0.000057721,0.000057482
4,45,receive_authenticate_accumulate,0.017229982,0.017230204
4,45,receive_authenticate_accumulate,0.000057295,0.000057130
4,45,receive_authenticate_accumulate,0.017219983,0.017220019
4,45,receive_authenticate_accumulate,0.000056943,0.000056741
4,45,receive_authenticate_accumulate,0.017219945,0.017220315
4,45,receive_authenticate_accumulate,0.000057795,0.000057796
4,45,receive_authenticate_accumulate,0.017229687,0.017229815
4,45,receive_authenticate_accumulate,0.000056703,0.000056481
4,45,reading_commitment_and_shares,0.026205484,0.026206093
4,45,receive_authenticate_accumulate,0.017216261,0.017216592
4,45,receive_authenticate_accumulate,0.000057239,0.000057130
4,45,receive_authenticate_accumulate,0.017212854,0.017213259
4,45,receive_authenticate_accumulate,0.000058943,0.000058667
4,45,receive_authenticate_accumulate,0.017224947,0.017225148
4,45,receive_authenticate_accumulate,0.000056591,0.000056389
4,45,receive_authenticate_accumulate,0.017234354,0.017234703
4,45,receive_authenticate_accumulate,0.000057887,0.000057630
4,45,receive_authenticate_accumulate,0.017221762,0.017222129
4,45,receive_authenticate_accumulate,0.000056517,0.000056167
4,45,receive_authenticate_accumulate,0.017219836,0.017219963
4,45,receive_authenticate_accumulate,0.000056906,0.000056704
4,45,receive_authenticate_accumulate,0.017233132,0.017233315
4,45,receive_authenticate_accumulate,0.000057332,0.000057037
4,45,receive_authenticate_accumulate,0.025902512,0.025855946
4,45,receive_authenticate_accumulate,0.000057221,0.000056852
4,45,receive_authenticate_accumulate,0.017224782,0.017224796
4,45,receive_authenticate_accumulate,0.000057702,0.000057463
4,45,receive_authenticate_accumulate,0.017270503,0.017256352
4,45,receive_authenticate_accumulate,0.000058221,0.000058000
4,45,receive_authenticate_accumulate,0.017223152,0.017223296
4,45,receive_authenticate_accumulate,0.000057017,0.000056629
4,45,receive_authenticate_accumulate,0.017263225,0.017236815
4,45,receive_authenticate_accumulate,0.000057128,0.000056981
4,45,receive_authenticate_accumulate,0.017227634,0.017227834
4,45,receive_authenticate_accumulate,0.000057461,0.000057315
4,45,receive_authenticate_accumulate,0.017219097,0.017219296
4,45,receive_authenticate_accumulate,0.000057980,0.000057833
4,45,round_coverage,0.000003000,0.000002389
4,45,spatial_report,0.000040073,0.000039796
4,46,round_reset,0.000008703,0.000007389
4,46,receive_authenticate_accumulate,0.017225276,0.017225518
4,46,receive_authenticate_accumulate,0.000057906,0.000057389
4,46,receive_authenticate_accumulate,0.017220405,0.017220481
4,46,receive_authenticate_accumulate,0.000057591,0.000057352
4,46,receive_authenticate_accumulate,0.017267016,0.017239203
4,46,receive_authenticate_accumulate,0.000056610,0.000056407
4,46,receive_authenticate_accumulate,0.017219869,0.017219796
4,46,receive_authenticate_accumulate,0.000057369,0.000057148
4,46,receive_authenticate_accumulate,0.017223461,0.017223685
4,46,receive_authenticate_accumulate,0.000056814,0.000056611
4,46,receive_authenticate_accumulate,0.017218518,0.017218741
4,46,receive_authenticate_accumulate,0.000057443,0.000057222
4,46,reading_commitment_and_shares,0.026241414,0.026213000
4,46,receive_authenticate_accumulate,0.017224128,0.017224463
4,46,receive_authenticate_accumulate,0.000056332,0.000056333
4,46,receive_authenticate_accumulate,0.017231814,0.017231999
4,46,receive_authenticate_accumulate,0.000056462,0.000056333
4,46,receive_authenticate_accumulate,0.017224611,0.017224982
4,46,receive_authenticate_accumulate,0.000057980,0.000057796
4,46,receive_authenticate_accumulate,0.017224295,0.017224500
4,46,receive_authenticate_accumulate,0.000057610,0.000057518
4,46,receive_authenticate_accumulate,0.017216519,0.017216648
4,46,receive_authenticate_accumulate,0.000056110,0.000055963
4,46,receive_authenticate_accumulate,0.017227463,0.017227685
4,46,receive_authenticate_accumulate,0.000056591,0.000056204
4,46,receive_authenticate_accumulate,0.017227926,0.017228074
4,46,receive_authenticate_accumulate,0.000056684,0.000056518
4,46,receive_authenticate_accumulate,0.017223223,0.017223519
4,46,receive_authenticate_accumulate,0.000058017,0.000057796
4,46,receive_authenticate_accumulate,0.017223797,0.017224019
4,46,receive_authenticate_accumulate,0.000062962,0.000062963
4,46,receive_authenticate_accumulate,0.017305740,0.017247184
4,46,receive_authenticate_accumulate,0.000057944,0.000057833
4,46,receive_authenticate_accumulate,0.017228964,0.017229574
4,46,receive_authenticate_accumulate,0.000056536,0.000056352
4,46,receive_authenticate_accumulate,0.017218538,0.017218796
4,46,receive_authenticate_accumulate,0.000058999,0.000058907
4,46,receive_authenticate_accumulate,0.017232520,0.017233093
4,46,receive_authenticate_accumulate,0.000057462,0.000057389
4,46,receive_authenticate_accumulate,0.017217076,0.017217240
4,46,receive_authenticate_accumulate,0.000056277,0.000056055
4,46,round_coverage,0.000003185,0.000002722
4,46,spatial_report,0.000040796,0.000040519
4,47,round_reset,0.000008630,0.000007315
4,47,receive_authenticate_accumulate,0.017229383,0.017229537
4,47,receive_authenticate_accumulate,0.000057258,0.000057185
4,47,receive_authenticate_accumulate,0.017264642,0.017242723
4,47,receive_authenticate_accumulate,0.000056184,0.000056130
4,47,receive_authenticate_accumulate,0.017225235,0.017225518
4,47,receive_authenticate_accumulate,0.000056851,0.000056334
4,47,receive_authenticate_accumulate,0.017218051,0.017218241
4,47,receive_authenticate_accumulate,0.000056887,0.000056667
4,47,receive_authenticate_accumulate,0.017227014,0.017227334
4,47,receive_authenticate_accumulate,0.000056554,0.000056407
4,47,receive_authenticate_accumulate,0.017270606,0.017243814
4,47,receive_authenticate_accumulate,0.000056350,0.000056297
4,47,reading_commitment_and_shares,0.026201994,0.026202648
4,47,receive_authenticate_accumulate,0.017222699,0.017223111
4,47,receive_authenticate_accumulate,0.000055721,0.000055648
4,47,receive_authenticate_accumulate,0.017225736,0.017226166
4,47,receive_authenticate_accumulate,0.000061035,0.000060518
4,47,receive_authenticate_accumulate,0.017240200,0.017240370
4,47,receive_authenticate_accumulate,0.000058147,0.000057593
4,47,receive_authenticate_accumulate,0.017218478,0.017218722
4,47,receive_authenticate_accumulate,0.000057406,0.000057148
4,47,receive_authenticate_accumulate,0.017222237,0.017222500
4,47,receive_authenticate_accumulate,0.000057610,0.000057334
4,47,receive_authenticate_accumulate,0.017215052,0.017215315
4,47,receive_authenticate_accumulate,0.000056073,0.000055704
4,47,receive_authenticate_accumulate,0.017214442,0.017214648
4,47,receive_authenticate_accumulate,0.000058499,0.000058037
4,47,receive_authenticate_accumulate,0.017228163,0.017228481
4,47,receive_authenticate_accumulate,0.000057628,0.000057111
4,47,receive_authenticate_accumulate,0.017223830,0.017223982
4,47,receive_authenticate_accumulate,0.000056924,0.000056722
4,47,receive_authenticate_accumulate,0.017259607,0.017234297
4,47,receive_authenticate_accumulate,0.000057221,0.000056981
4,47,receive_authenticate_accumulate,0.017220423,0.017220518
4,47,receive_authenticate_accumulate,0.000055629,0.000055389
4,47,receive_authenticate_accumulate,0.017222812,0.017222889
4,47,receive_authenticate_accumulate,0.000057166,0.000056982
4,47,receive_authenticate_accumulate,0.017228294,0.017228518
4,47,receive_authenticate_accumulate,0.000056572,0.000056407
4,47,receive_authenticate_accumulate,0.017220350,0.017220648
4,47,receive_authenticate_accumulate,0.000056758,0.000056334
4,47,round_coverage,0.000003204,0.000002759
4,47,spatial_report,0.000040887,0.000040555
4,48,round_reset,0.000009185,0.000007667
4,48,receive_authenticate_accumulate,0.017222046,0.017222167
4,48,receive_authenticate_accumulate,0.000057054,0.000056852
4,48,receive_authenticate_accumulate,0.017225435,0.017225685
4,48,receive_authenticate_accumulate,0.000058425,0.000057703
4,48,receive_authenticate_accumulate,0.017226046,0.017226185
4,48,receive_authenticate_accumulate,0.000056684,0.000056241
4,48,receive_authenticate_accumulate,0.017261804,0.017237944
4,48,receive_authenticate_accumulate,0.000056462,0.000056315
4,48,receive_authenticate_accumulate,0.017225398,0.017225575
4,48,receive_authenticate_accumulate,0.000057387,0.000057260
4,48,receive_authenticate_accumulate,0.017222751,0.017222648
4,48,receive_authenticate_accumulate,0.000055573,0.000055463
4,48,reading_commitment_and_shares,0.026200571,0.026201148
4,48,receive_authenticate_accumulate,0.017224491,0.017224704
4,48,receive_authenticate_accumulate,0.000056887,0.000056685
4,48,receive_authenticate_accumulate,0.017219306,0.017219648
4,48,receive_authenticate_accumulate,0.000057240,0.000057111
4,48,receive_authenticate_accumulate,0.017219269,0.017219463
4,48,receive_authenticate_accumulate,0.000055851,0.000055815
4,48,receive_authenticate_accumulate,0.017231751,0.017232000
4,48,receive_authenticate_accumulate,0.000055091,0.000054926
4,48,receive_authenticate_accumulate,0.017222158,0.017222556
4,48,receive_authenticate_accumulate,0.000056388,0.000056389
4,48,receive_authenticate_accumulate,0.017264787,0.017265167
4,48,receive_authenticate_accumulate,0.000056110,0.000055870
4,48,receive_authenticate_accumulate,0.017218363,0.017218741
4,48,receive_authenticate_accumulate,0.000056110,0.000055907
4,48,receive_authenticate_accumulate,0.017254862,0.017233758
4,48,receive_authenticate_accumulate,0.000056758,0.000056555
4,48,receive_authenticate_accumulate,0.017218215,0.017218185
4,48,receive_authenticate_accumulate,0.000055425,0.000055185
4,48,receive_authenticate_accumulate,0.017229955,0.017229944
4,48,receive_authenticate_accumulate,0.000054906,0.000054482
4,48,receive_authenticate_accumulate,0.017219141,0.017219426
4,48,receive_authenticate_accumulate,0.000056573,0.000056333
4,48,receive_authenticate_accumulate,0.017275825,0.017245723
4,48,receive_authenticate_accumulate,0.000055165,0.000055038
4,48,receive_authenticate_accumulate,0.017226104,0.017226186
4,48,receive_authenticate_accumulate,0.000056610,0.000056426
4,48,receive_authenticate_accumulate,0.017223326,0.017223426
4,48,receive_authenticate_accumulate,0.000056388,0.000056241
4,48,round_coverage,0.000003259,0.000002815
4,48,spatial_report,0.000040314,0.000040166
4,49,round_reset,0.000009463,0.000008167
4,49,receive_authenticate_accumulate,0.017220004,0.017220185
4,49,receive_authenticate_accumulate,0.000058220,0.000058037
4,49,receive_authenticate_accumulate,0.017227447,0.017227629
4,49,receive_authenticate_accumulate,0.000056573,0.000056352
4,49,receive_authenticate_accumulate,0.017231244,0.017231426
4,49,receive_authenticate_accumulate,0.000057814,0.000057519
4,49,receive_authenticate_accumulate,0.017224837,0.017224981
4,49,receive_authenticate_accumulate,0.000057536,0.000057463
4,49,receive_authenticate_accumulate,0.017219708,0.017219796
4,49,receive_authenticate_accumulate,0.000057647,0.000057371
4,49,receive_authenticate_accumulate,0.017297077,0.017272426
4,49,receive_authenticate_accumulate,0.000054906,0.000054611
4,49,reading_commitment_and_shares,0.026204165,0.026204722
4,49,receive_authenticate_accumulate,0.017225097,0.017225203
4,49,receive_authenticate_accumulate,0.000054814,0.000054592
4,49,receive_authenticate_accumulate,0.017252634,0.017232277
4,49,receive_authenticate_accumulate,0.000054980,0.000054925
4,49,receive_authenticate_accumulate,0.017227319,0.017227407
4,49,receive_authenticate_accumulate,0.000056258,0.000055945
4,49,receive_authenticate_accumulate,0.017222801,0.017222907
4,49,receive_authenticate_accumulate,0.000055739,0.000055537
4,49,receive_authenticate_accumulate,0.017213154,0.017213352
4,49,receive_authenticate_accumulate,0.000054980,0.000054759
4,49,receive_authenticate_accumulate,0.017232801,0.017232999
4,49,receive_authenticate_accumulate,0.000054480,0.000054241
4,49,receive_authenticate_accumulate,0.017218487,0.017218592
4,49,receive_authenticate_accumulate,0.000055555,0.000055297
4,49,receive_authenticate_accumulate,0.017225116,0.017225315
4,49,receive_authenticate_accumulate,0.000058351,0.000058111
4,49,receive_authenticate_accumulate,0.017232913,0.017232963
4,49,receive_authenticate_accumulate,0.000056499,0.000056296
4,49,receive_authenticate_accumulate,0.017257302,0.017236333
4,49,receive_authenticate_accumulate,0.000058499,0.000058222
4,49,receive_authenticate_accumulate,0.017221691,0.017221982
4,49,receive_authenticate_accumulate,0.000057332,0.000057259
4,49,receive_authenticate_accumulate,0.017265153,0.017235351
4,49,receive_authenticate_accumulate,0.000073869,0.000073740
4,49,receive_authenticate_accumulate,0.017216673,0.017216797
4,49,receive_authenticate_accumulate,0.000057684,0.000057352
4,49,receive_authenticate_accumulate,0.017223635,0.017223907
4,49,receive_authenticate_accumulate,0.000055739,0.000055537
4,49,round_coverage,0.000003389,0.000002741
4,49,spatial_report,0.000040222,0.000039852
4,49,billing_report,0.000423306,0.000423074
5,50,period_reset,0.000025648,0.000024481
5,50,receive_authenticate_accumulate,0.000090609,0.000090500
5,50,receive_authenticate_accumulate,0.000091461,0.000091222
5,50,receive_authenticate_accumulate,0.000092035,0.000091555
5,50,receive_authenticate_accumulate,0.000092850,0.000092482
5,50,receive_authenticate_accumulate,0.000093461,0.000093148
5,50,receive_authenticate_accumulate,0.000091275,0.000090777
5,50,randomness_commit,0.000793391,0.000792963
5,50,receive_authenticate_accumulate,0.000083351,0.000083129
5,50,receive_authenticate_accumulate,0.000091553,0.000091241
5,50,receive_authenticate_accumulate,0.000130553,0.000130185
5,50,receive_authenticate_accumulate,0.000090424,0.000090204
5,50,receive_authenticate_accumulate,0.000089776,0.000089481
5,50,receive_authenticate_accumulate,0.000091202,0.000090981
5,50,receive_authenticate_accumulate,0.000087443,0.000087019
5,50,receive_authenticate_accumulate,0.000091479,0.000091296
5,50,receive_authenticate_accumulate,0.000088294,0.000088018
5,50,receive_authenticate_accumulate,0.000091424,0.000091000
5,50,receive_authenticate_accumulate,0.000057036,0.000056426
5,50,receive_authenticate_accumulate,0.000056980,0.000056611
5,50,receive_authenticate_accumulate,0.000055462,0.000054981
5,50,receive_authenticate_accumulate,0.000057536,0.000057204
5,50,receive_authenticate_accumulate,0.000068091,0.000068130
5,50,receive_authenticate_accumulate,0.000068925,0.000068852
5,50,receive_authenticate_accumulate,0.000067887,0.000067612
5,50,receive_authenticate_accumulate,0.000069258,0.000068444
5,50,receive_authenticate_accumulate,0.000069313,0.000069259
5,50,receive_authenticate_accumulate,0.000068628,0.000068611
5,50,randomness_reveal,0.000451601,0.000451315
5,50,receive_authenticate_accumulate,0.000059758,0.000059723
5,50,receive_authenticate_accumulate,0.000067943,0.000067908
5,50,receive_authenticate_accumulate,0.000068480,0.000068333
5,50,receive_authenticate_accumulate,0.000068943,0.000068797
5,50,receive_authenticate_accumulate,0.000067424,0.000067296
5,50,receive_authenticate_accumulate,0.000067850,0.000067649
5,50,receive_authenticate_accumulate,0.000067647,0.000067593
5,50,receive_authenticate_accumulate,0.000068832,0.000068629
5,50,receive_authenticate_accumulate,0.000067813,0.000067240
5,50,receive_authenticate_accumulate,0.000067702,0.000067537
5,50,receive_authenticate_accumulate,0.000067351,0.000067259
5,50,receive_authenticate_accumulate,0.000066869,0.000066815
5,50,receive_authenticate_accumulate,0.000067295,0.000067093
5,50,receive_authenticate_accumulate,0.000069369,0.000068556
5,50,committee_selection,0.000126923,0.000126574
5,50,round_reset,0.000006537,0.000005648
5,50,receive_authenticate_accumulate,0.017226331,0.017226408
5,50,receive_authenticate_accumulate,0.017219942,0.017220055
5,50,receive_authenticate_accumulate,0.017222164,0.017222241
5,50,receive_authenticate_accumulate,0.017306292,0.017259241
5,50,receive_authenticate_accumulate,0.017268793,0.017239999
5,50,receive_authenticate_accumulate,0.017225424,0.017225759
5,50,reading_commitment_and_shares,0.026215406,0.026215740
5,50,receive_authenticate_accumulate,0.017222313,0.017222537
5,50,receive_authenticate_accumulate,0.017226665,0.017226778
5,50,receive_authenticate_accumulate,0.017222499,0.017222685
5,50,receive_authenticate_accumulate,0.017205851,0.017205870
5,50,receive_authenticate_accumulate,0.017219925,0.017220093
5,50,receive_authenticate_accumulate,0.017249591,0.017229463
5,50,receive_authenticate_accumulate,0.017222185,0.017222352
5,50,receive_authenticate_accumulate,0.017225499,0.017225611
5,50,receive_authenticate_accumulate,0.017227037,0.017227203
5,50,receive_authenticate_accumulate,0.017238592,0.017238667
5,50,receive_authenticate_accumulate,0.017305072,0.017280148
5,50,receive_authenticate_accumulate,0.017228111,0.017228185
5,50,receive_authenticate_accumulate,0.017223000,0.017223111
5,50,receive_authenticate_accumulate,0.017219742,0.017219833
5,50,round_coverage,0.000003796,0.000003130
5,51,round_reset,0.000009000,0.000007648
5,51,receive_authenticate_accumulate,0.017227435,0.017227592
5,51,receive_authenticate_accumulate,0.017230824,0.017230777
5,51,receive_authenticate_accumulate,0.017262138,0.017235555
5,51,receive_authenticate_accumulate,0.017223083,0.017223240
5,51,receive_authenticate_accumulate,0.017228380,0.017228537
5,51,receive_authenticate_accumulate,0.017243139,0.017242926
5,51,reading_commitment_and_shares,0.026207535,0.026207870
5,51,receive_authenticate_accumulate,0.017230344,0.017230593
5,51,receive_authenticate_accumulate,0.017220066,0.017220222
5,51,receive_authenticate_accumulate,0.017229084,0.017229240
5,51,receive_authenticate_accumulate,0.017227529,0.017227685
5,51,receive_authenticate_accumulate,0.017226936,0.017227000
5,51,receive_authenticate_accumulate,0.017256102,0.017230222
5,51,receive_authenticate_accumulate,0.017230178,0.017230259
5,51,receive_authenticate_accumulate,0.017233270,0.017233574
5,51,receive_authenticate_accumulate,0.017272603,0.017248278
5,51,receive_authenticate_accumulate,0.017231567,0.017231556
5,51,receive_authenticate_accumulate,0.017230067,0.017230167
5,51,receive_authenticate_accumulate,0.017225808,0.017225851
5,51,receive_authenticate_accumulate,0.017226086,0.017226093
5,51,receive_authenticate_accumulate,0.017222049,0.017222296
5,51,round_coverage,0.000004352,0.000003704
5,52,round_reset,0.000009667,0.000008371
5,52,receive_authenticate_accumulate,0.017432905,0.017432166
5,52,receive_authenticate_accumulate,0.017226132,0.017226352
5,52,receive_authenticate_accumulate,0.017293020,0.017262536
5,52,receive_authenticate_accumulate,0.017265094,0.017235759
5,52,receive_authenticate_accumulate,0.017237298,0.017237463
5,52,receive_authenticate_accumulate,0.017224780,0.017224481
5,52,reading_commitment_and_shares,0.026260644,0.026231277
5,52,receive_authenticate_accumulate,0.017215187,0.017215334
5,52,receive_authenticate_accumulate,0.017270206,0.017250259
5,52,receive_authenticate_accumulate,0.017236410,0.017236555
5,52,receive_authenticate_accumulate,0.017222892,0.017223000
5,52,receive_authenticate_accumulate,0.017235818,0.017235870
5,52,receive_authenticate_accumulate,0.017231151,0.017231296
5,52,receive_authenticate_accumulate,0.017230818,0.017230870
5,52,receive_authenticate_accumulate,0.017224337,0.017224333
5,52,receive_authenticate_accumulate,0.017232633,0.017232593
5,52,receive_authenticate_accumulate,0.017274281,0.017248203
5,52,receive_authenticate_accumulate,0.017215875,0.017215926
5,52,receive_authenticate_accumulate,0.017228356,0.017228445
5,52,receive_authenticate_accumulate,0.017223838,0.017223926
5,52,receive_authenticate_accumulate,0.017228616,0.017228704
5,52,round_coverage,0.000004389,0.000003741
5,53,round_reset,0.000009296,0.000008074
5,53,receive_authenticate_accumulate,0.017231845,0.017231815
5,53,receive_authenticate_accumulate,0.017288233,0.017247574
5,53,receive_authenticate_accumulate,0.017243104,0.017243240
5,53,receive_authenticate_accumulate,0.017235142,0.017235333
5,53,receive_authenticate_accumulate,0.017221568,0.017221666
5,53,receive_authenticate_accumulate,0.017229865,0.017230092
5,53,reading_commitment_and_shares,0.026199438,0.026199667
5,53,receive_authenticate_accumulate,0.017223680,0.017223815
5,53,receive_authenticate_accumulate,0.017225976,0.017226037
5,53,receive_authenticate_accumulate,0.017228328,0.017228388
5,53,receive_authenticate_accumulate,0.017223143,0.017223278
5,53,receive_authenticate_accumulate,0.017236477,0.017236537
5,53,receive_authenticate_accumulate,0.017246142,0.017246371
5,53,receive_authenticate_accumulate,0.017225662,0.017225722
5,53,receive_authenticate_accumulate,0.017227144,0.017227167
5,53,receive_authenticate_accumulate,0.017294216,0.017251278
5,53,receive_authenticate_accumulate,0.017293809,0.017252999
5,53,receive_authenticate_accumulate,0.017228385,0.017228426
5,53,receive_authenticate_accumulate,0.017227144,0.017227278
5,53,receive_authenticate_accumulate,0.017228310,0.017228315
5,53,receive_authenticate_accumulate,0.017233607,0.017233796
5,53,round_coverage,0.000003741,0.000003092
5,54,round_reset,0.000010129,0.000008704
5,54,receive_authenticate_accumulate,0.017223060,0.017223166
5,54,receive_authenticate_accumulate,0.017240929,0.017241055
5,54,receive_authenticate_accumulate,0.017228893,0.017229000
5,54,receive_authenticate_accumulate,0.017259874,0.017231666
5,54,receive_authenticate_accumulate,0.017236578,0.017236778
5,54,receive_authenticate_accumulate,0.017227227,0.017227426
5,54,reading_commitment_and_shares,0.026245379,0.026217555
5,54,receive_authenticate_accumulate,0.017223838,0.017224185
5,54,receive_authenticate_accumulate,0.017256319,0.017235037
5,54,receive_authenticate_accumulate,0.017258004,0.017237704
5,54,receive_authenticate_accumulate,0.017228561,0.017228537
5,54,receive_authenticate_accumulate,0.017238579,0.017239018
5,54,receive_authenticate_accumulate,0.017228690,0.017229018
5,54,receive_authenticate_accumulate,0.017228709,0.017228870
5,54,receive_authenticate_accumulate,0.017221079,0.017221222
5,54,receive_authenticate_accumulate,0.017220525,0.017220593
5,54,receive_authenticate_accumulate,0.017227264,0.017227426
5,54,receive_authenticate_accumulate,0.017231079,0.017231296
5,54,receive_authenticate_accumulate,0.017254209,0.017232296
5,54,receive_authenticate_accumulate,0.017218488,0.017218593
5,54,receive_authenticate_accumulate,0.017289376,0.017248445
5,54,round_coverage,0.000004166,0.000003500
5,55,round_reset,0.000009222,0.000007852
5,55,receive_authenticate_accumulate,0.021268239,0.021190296
5,55,receive_authenticate_accumulate,0.017225957,0.017226037
5,55,receive_authenticate_accumulate,0.017227439,0.017227537
5,55,receive_authenticate_accumulate,0.017222995,0.017223019
5,55,receive_authenticate_accumulate,0.017257087,0.017257426
5,55,receive_authenticate_accumulate,0.017225087,0.017225148
5,55,reading_commitment_and_shares,0.026198450,0.026198797
5,55,receive_authenticate_accumulate,0.017225106,0.017225296
5,55,receive_authenticate_accumulate,0.017247884,0.017230740
5,55,receive_authenticate_accumulate,0.017253494,0.017223797
5,55,receive_authenticate_accumulate,0.017230663,0.017230833
5,55,receive_authenticate_accumulate,0.017225070,0.017225129
5,55,receive_authenticate_accumulate,0.017237328,0.017237407
5,55,receive_authenticate_accumulate,0.017221755,0.017221797
5,55,receive_authenticate_accumulate,0.017227385,0.017227389
5,55,receive_authenticate_accumulate,0.017227903,0.017228000
5,55,receive_authenticate_accumulate,0.017219867,0.017219759
5,55,receive_authenticate_accumulate,0.017224237,0.017224259
5,55,receive_authenticate_accumulate,0.017222201,0.017222352
5,55,receive_authenticate_accumulate,0.017225756,0.017225796
5,55,receive_authenticate_accumulate,0.017227960,0.017227630
5,55,round_coverage,0.000004278,0.000003685
5,56,round_reset,0.000009018,0.000008204
5,56,receive_authenticate_accumulate,0.017220077,0.017220130
5,56,receive_authenticate_accumulate,0.017223263,0.017223240
5,56,receive_authenticate_accumulate,0.017228022,0.017228167
5,56,receive_authenticate_accumulate,0.017227855,0.017228000
5,56,receive_authenticate_accumulate,0.017231929,0.017232019
5,56,receive_authenticate_accumulate,0.017227078,0.017227167
5,56,reading_commitment_and_shares,0.026254350,0.026254629
5,56,receive_authenticate_accumulate,0.017204467,0.017204685
5,56,receive_authenticate_accumulate,0.017238911,0.017239000
5,56,receive_authenticate_accumulate,0.017233893,0.017233925
5,56,receive_authenticate_accumulate,0.017226689,0.017226760
5,56,receive_authenticate_accumulate,0.017229541,0.017229537
5,56,receive_authenticate_accumulate,0.017233838,0.017233814
5,56,receive_authenticate_accumulate,0.017224153,0.017224185
5,56,receive_authenticate_accumulate,0.017222227,0.017222352
5,56,receive_authenticate_accumulate,0.017223245,0.017223185
5,56,receive_authenticate_accumulate,0.017231227,0.017231296
5,56,receive_authenticate_accumulate,0.017220431,0.017220334
5,56,receive_authenticate_accumulate,0.017223635,0.017223760
5,56,receive_authenticate_accumulate,0.017227394,0.017227482
5,56,receive_authenticate_accumulate,0.017225894,0.017225815
5,56,round_coverage,0.000004111,0.000003408
5,57,round_reset,0.000009018,0.000007556
5,57,receive_authenticate_accumulate,0.017225733,0.017225814
5,57,receive_authenticate_accumulate,0.017235104,0.017235223
5,57,receive_authenticate_accumulate,0.017226308,0.017226296
5,57,receive_authenticate_accumulate,0.017224567,0.017224352
5,57,receive_authenticate_accumulate,0.017223772,0.017223759
5,57,receive_authenticate_accumulate,0.017230790,0.017230814
5,57,reading_commitment_and_shares,0.026209012,0.026209148
5,57,receive_authenticate_accumulate,0.017223068,0.017223093
5,57,receive_authenticate_accumulate,0.017230308,0.017230371
5,57,receive_authenticate_accumulate,0.017230605,0.017230629
5,57,receive_authenticate_accumulate,0.017261253,0.017261352
5,57,receive_authenticate_accumulate,0.017231050,0.017231148
5,57,receive_authenticate_accumulate,0.017224531,0.017224481
5,57,receive_authenticate_accumulate,0.017227438,0.017227611
5,57,receive_authenticate_accumulate,0.017226883,0.017226926
5,57,receive_authenticate_accumulate,0.017219920,0.017219926
5,57,receive_authenticate_accumulate,0.017225069,0.017225074
5,57,receive_authenticate_accumulate,0.017233420,0.017233482
5,57,receive_authenticate_accumulate,0.017223736,0.017223815
5,57,receive_authenticate_accumulate,0.017229921,0.017229907
5,57,receive_authenticate_accumulate,0.017227643,0.017227741
5,57,round_coverage,0.000004389,0.000003741
5,58,round_reset,0.000009000,0.000007648
5,58,receive_authenticate_accumulate,0.017418164,0.017417334
5,58,receive_authenticate_accumulate,0.017222149,0.017221648
5,58,receive_authenticate_accumulate,0.017270464,0.017244185
5,58,receive_authenticate_accumulate,0.017227075,0.017227111
5,58,receive_authenticate_accumulate,0.017231501,0.017231537
5,58,receive_authenticate_accumulate,0.017217502,0.017217408
5,58,reading_commitment_and_shares,0.026260616,0.026232093
5,58,receive_authenticate_accumulate,0.017212224,0.017212315
5,58,receive_authenticate_accumulate,0.017226205,0.017226166
5,58,receive_authenticate_accumulate,0.017225446,0.017225426
5,58,receive_authenticate_accumulate,0.017222669,0.017222704
5,58,receive_authenticate_accumulate,0.017228835,0.017228889
5,58,receive_authenticate_accumulate,0.017227613,0.017227667
5,58,receive_authenticate_accumulate,0.017253816,0.017255315
5,58,receive_authenticate_accumulate,0.017216095,0.017216519
5,58,receive_authenticate_accumulate,0.017218725,0.017218888
5,58,receive_authenticate_accumulate,0.017231409,0.017231500
5,58,receive_authenticate_accumulate,0.017234743,0.017234944
5,58,receive_authenticate_accumulate,0.017229650,0.017229740
5,58,receive_authenticate_accumulate,0.017239132,0.017239259
5,58,receive_authenticate_accumulate,0.017230317,0.017230130
5,58,round_coverage,0.000004222,0.000003556
5,59,round_reset,0.000009240,0.000008019
5,59,receive_authenticate_accumulate,0.017411764,0.017410889
5,59,receive_authenticate_accumulate,0.017269359,0.017250371
5,59,receive_authenticate_accumulate,0.017230342,0.017230352
5,59,receive_authenticate_accumulate,0.017227878,0.017227870
5,59,receive_authenticate_accumulate,0.017228675,0.017228537
5,59,receive_authenticate_accumulate,0.017237564,0.017237574
5,59,reading_commitment_and_shares,0.026212535,0.026213000
5,59,receive_authenticate_accumulate,0.017254824,0.017239167
5,59,receive_authenticate_accumulate,0.017227491,0.017227629
5,59,receive_authenticate_accumulate,0.017227824,0.017227870
5,59,receive_authenticate_accumulate,0.017232250,0.017232314
5,59,receive_authenticate_accumulate,0.017230546,0.017230611
5,59,receive_authenticate_accumulate,0.017233768,0.017233667
5,59,receive_authenticate_accumulate,0.017238454,0.017238537
5,59,receive_authenticate_accumulate,0.017225251,0.017225352
5,59,receive_authenticate_accumulate,0.017252324,0.017241204
5,59,receive_authenticate_accumulate,0.017233862,0.017234019
5,59,receive_authenticate_accumulate,0.017232084,0.017232056
5,59,receive_authenticate_accumulate,0.017231658,0.017231685
5,59,receive_authenticate_accumulate,0.017274954,0.017246056
5,59,receive_authenticate_accumulate,0.017230639,0.017230518
5,59,round_coverage,0.000004241,0.000003537
6,60,period_reset,0.000025889,0.000024667
6,60,receive_authenticate_accumulate,0.000095850,0.000095796
6,60,receive_authenticate_accumulate,0.000094480,0.000093760
6,60,receive_authenticate_accumulate,0.000094461,0.000094204
6,60,receive_authenticate_accumulate,0.000092906,0.000092425
6,60,receive_authenticate_accumulate,0.000091592,0.000091203
6,60,receive_authenticate_accumulate,0.000091647,0.000091481
6,60,randomness_commit,0.000819543,0.000819037
6,60,receive_authenticate_accumulate,0.000085980,0.000085500
6,60,receive_authenticate_accumulate,0.000090332,0.000090166
6,60,receive_authenticate_accumulate,0.000071999,0.000071537
6,60,receive_authenticate_accumulate,0.000070184,0.000069889
6,60,receive_authenticate_accumulate,0.000070999,0.000070537
6,60,receive_authenticate_accumulate,0.000070370,0.000069870
6,60,receive_authenticate_accumulate,0.000070795,0.000070556
6,60,receive_authenticate_accumulate,0.000069351,0.000068815
6,60,receive_authenticate_accumulate,0.000070444,0.000070055
6,60,receive_authenticate_accumulate,0.000070573,0.000070130
6,60,receive_authenticate_accumulate,0.000069869,0.000069592
6,60,receive_authenticate_accumulate,0.000070055,0.000069537
6,60,receive_authenticate_accumulate,0.000069943,0.000069741
6,60,receive_authenticate_accumulate,0.000068906,0.000068574
6,60,receive_authenticate_accumulate,0.000085980,0.000085870
6,60,receive_authenticate_accumulate,0.000083572,0.000083315
6,60,receive_authenticate_accumulate,0.000083962,0.000083870
6,60,receive_authenticate_accumulate,0.000083980,0.000083759
6,60,receive_authenticate_accumulate,0.000085684,0.000085648
6,60,receive_authenticate_accumulate,0.000083277,0.000083260
6,60,randomness_reveal,0.000567528,0.000567111
6,60,receive_authenticate_accumulate,0.000076981,0.000076907
6,60,receive_authenticate_accumulate,0.000083850,0.000083740
6,60,receive_authenticate_accumulate,0.000084462,0.000084333
6,60,receive_authenticate_accumulate,0.000083740,0.000083592
6,60,receive_authenticate_accumulate,0.000068054,0.000067667
6,60,receive_authenticate_accumulate,0.000069684,0.000069537
6,60,receive_authenticate_accumulate,0.000069999,0.000069722
6,60,receive_authenticate_accumulate,0.000069980,0.000069777
6,60,receive_authenticate_accumulate,0.000068981,0.000068871
6,60,receive_authenticate_accumulate,0.000068481,0.000068426
6,60,receive_authenticate_accumulate,0.000069443,0.000069296
6,60,receive_authenticate_accumulate,0.000069481,0.000068870
6,60,receive_authenticate_accumulate,0.000068647,0.000068519
6,60,receive_authenticate_accumulate,0.000068592,0.000068333
6,60,committee_selection,0.000128369,0.000128111
6,60,round_reset,0.000005426,0.000004537
6,60,receive_authenticate_accumulate,0.017227459,0.017227408
6,60,receive_authenticate_accumulate,0.000056111,0.000055722
6,60,receive_authenticate_accumulate,0.017228331,0.017228370
6,60,receive_authenticate_accumulate,0.000058129,0.000057833
6,60,receive_authenticate_accumulate,0.017262163,0.017236944
6,60,receive_authenticate_accumulate,0.000057018,0.000056778
6,60,receive_authenticate_accumulate,0.017225368,0.017225315
6,60,receive_authenticate_accumulate,0.000056499,0.000056185
6,60,receive_authenticate_accumulate,0.017222182,0.017222259
6,60,receive_authenticate_accumulate,0.000055740,0.000055352
6,60,receive_authenticate_accumulate,0.017223997,0.017224093
6,60,receive_authenticate_accumulate,0.000057074,0.000056740
6,60,reading_commitment_and_shares,0.026195602,0.026195851
6,60,receive_authenticate_accumulate,0.017219090,0.017219315
6,60,receive_authenticate_accumulate,0.000055666,0.000055611
6,60,receive_authenticate_accumulate,0.017227645,0.017227833
6,60,receive_authenticate_accumulate,0.000057591,0.000057482
6,60,receive_authenticate_accumulate,0.017225146,0.017225259
6,60,receive_authenticate_accumulate,0.000055629,0.000055648
6,60,receive_authenticate_accumulate,0.017222757,0.017222908
6,60,receive_authenticate_accumulate,0.000056481,0.000056352
6,60,receive_authenticate_accumulate,0.017231812,0.017231963
6,60,receive_authenticate_accumulate,0.000057221,0.000056944
6,60,receive_authenticate_accumulate,0.017236720,0.017236982
6,60,receive_authenticate_accumulate,0.000056869,0.000056574
6,60,receive_authenticate_accumulate,0.017226090,0.017226149
6,60,receive_authenticate_accumulate,0.000057314,0.000057093
6,60,receive_authenticate_accumulate,0.017261794,0.017235240
6,60,receive_authenticate_accumulate,0.000057036,0.000056889
6,60,receive_authenticate_accumulate,0.017225165,0.017225204
6,60,receive_authenticate_accumulate,0.000056240,0.000056000
6,60,receive_authenticate_accumulate,0.017225535,0.017225648
6,60,receive_authenticate_accumulate,0.000056517,0.000056203
6,60,receive_authenticate_accumulate,0.017220683,0.017220666
6,60,receive_authenticate_accumulate,0.000056369,0.000056204
6,60,receive_authenticate_accumulate,0.017226536,0.017226611
6,60,receive_authenticate_accumulate,0.000059388,0.000059056
6,60,receive_authenticate_accumulate,0.017254665,0.017254963
6,60,receive_authenticate_accumulate,0.000058296,0.000057925
6,60,receive_authenticate_accumulate,0.017222776,0.017222981
6,60,receive_authenticate_accumulate,0.000056944,0.000056666
6,60,round_coverage,0.000003648,0.000003111
6,60,spatial_report,0.000040814,0.000040482
6,61,round_reset,0.000010148,0.000008871
6,61,receive_authenticate_accumulate,0.021134001,0.021059963
6,61,receive_authenticate_accumulate,0.000058055,0.000057815
6,61,receive_authenticate_accumulate,0.017224929,0.017224963
6,61,receive_authenticate_accumulate,0.000057628,0.000057518
6,61,receive_authenticate_accumulate,0.017237503,0.017237907
6,61,receive_authenticate_accumulate,0.000057036,0.000056815
6,61,receive_authenticate_accumulate,0.017228040,0.017228241
6,61,receive_authenticate_accumulate,0.000055888,0.000055760
6,61,receive_authenticate_accumulate,0.017219281,0.017219371
6,61,receive_authenticate_accumulate,0.000058073,0.000057888
6,61,receive_authenticate_accumulate,0.017224670,0.017224777
6,61,receive_authenticate_accumulate,0.000058499,0.000058222
6,61,reading_commitment_and_shares,0.026203963,0.026204333
6,61,receive_authenticate_accumulate,0.017211096,0.017211167
6,61,receive_authenticate_accumulate,0.000056147,0.000055982
6,61,receive_authenticate_accumulate,0.017266244,0.017240000
6,61,receive_authenticate_accumulate,0.000057722,0.000057555
6,61,receive_authenticate_accumulate,0.017221652,0.017221666
6,61,receive_authenticate_accumulate,0.000058574,0.000058278
6,61,receive_authenticate_accumulate,0.017226616,0.017226667
6,61,receive_authenticate_accumulate,0.000057277,0.000057037
6,61,receive_authenticate_accumulate,0.017221911,0.017221926
6,61,receive_authenticate_accumulate,0.000058722,0.000058518
6,61,receive_authenticate_accumulate,0.017222060,0.017222148
6,61,receive_authenticate_accumulate,0.000059518,0.000059167
6,61,receive_authenticate_accumulate,0.017223745,0.017223797
6,61,receive_authenticate_accumulate,0.000057703,0.000057629
6,61,receive_authenticate_accumulate,0.017227060,0.017227093
6,61,receive_authenticate_accumulate,0.000058722,0.000058352
6,61,receive_authenticate_accumulate,0.017253430,0.017238278
6,61,receive_authenticate_accumulate,0.000057611,0.000057407
6,61,receive_authenticate_accumulate,0.017229449,0.017229574
6,61,receive_authenticate_accumulate,0.000058258,0.000058241
6,61,receive_authenticate_accumulate,0.017225338,0.017225555
6,61,receive_authenticate_accumulate,0.000056648,0.000056518
6,61,receive_authenticate_accumulate,0.017224746,0.017224796
6,61,receive_authenticate_accumulate,0.000056981,0.000056759
6,61,receive_authenticate_accumulate,0.017227708,0.017227796
6,61,receive_authenticate_accumulate,0.000057906,0.000057667
6,61,receive_authenticate_accumulate,0.017214413,0.017214482
6,61,receive_authenticate_accumulate,0.000057981,0.000057740
6,61,round_coverage,0.000004314,0.000003482
6,61,spatial_report,0.000041185,0.000040556
6,62,round_reset,0.000009093,0.000007722
6,62,receive_authenticate_accumulate,0.017238065,0.017238333
6,62,receive_authenticate_accumulate,0.000056925,0.000056704
6,62,receive_authenticate_accumulate,0.017220269,0.017220426
6,62,receive_authenticate_accumulate,0.000058018,0.000057796
6,62,receive_authenticate_accumulate,0.017228491,0.017228537
6,62,receive_authenticate_accumulate,0.000057888,0.000057778
6,62,receive_authenticate_accumulate,0.017219269,0.017219426
6,62,receive_authenticate_accumulate,0.000057017,0.000056870
6,62,receive_authenticate_accumulate,0.017221399,0.017221667
6,62,receive_authenticate_accumulate,0.000056369,0.000056277
6,62,receive_authenticate_accumulate,0.017270102,0.017244240
6,62,receive_authenticate_accumulate,0.000058055,0.000057760
6,62,reading_commitment_and_shares,0.026193954,0.026194260
6,62,receive_authenticate_accumulate,0.017225992,0.017226222
6,62,receive_authenticate_accumulate,0.000056591,0.000056352
6,62,receive_authenticate_accumulate,0.017217103,0.017217166
6,62,receive_authenticate_accumulate,0.000057518,0.000057333
6,62,receive_authenticate_accumulate,0.017280157,0.017239760
6,62,receive_authenticate_accumulate,0.000072795,0.000072759
6,62,receive_authenticate_accumulate,0.017250529,0.017228241
6,62,receive_authenticate_accumulate,0.000057277,0.000057074
6,62,receive_authenticate_accumulate,0.017234177,0.017234241
6,62,receive_authenticate_accumulate,0.000057555,0.000057222
6,62,receive_authenticate_accumulate,0.017226269,0.017226296
6,62,receive_authenticate_accumulate,0.000058128,0.000057945
6,62,receive_authenticate_accumulate,0.017268936,0.017240888
6,62,receive_authenticate_accumulate,0.000058055,0.000057777
6,62,receive_authenticate_accumulate,0.017216511,0.017216759
6,62,receive_authenticate_accumulate,0.000057721,0.000057352
6,62,receive_authenticate_accumulate,0.017229899,0.017230092
6,62,receive_authenticate_accumulate,0.000059499,0.000059408
6,62,receive_authenticate_accumulate,0.017226844,0.017226815
6,62,receive_authenticate_accumulate,0.000057129,0.000056889
6,62,receive_authenticate_accumulate,0.017228011,0.017228018
6,62,receive_authenticate_accumulate,0.000056740,0.000056630
6,62,receive_authenticate_accumulate,0.017269455,0.017247222
6,62,receive_authenticate_accumulate,0.000057777,0.000057592
6,62,receive_authenticate_accumulate,0.017231603,0.017231611
6,62,receive_authenticate_accumulate,0.000057165,0.000056982
6,62,receive_authenticate_accumulate,0.017218085,0.017218130
6,62,receive_authenticate_accumulate,0.000057963,0.000057722
6,62,round_coverage,0.000003611,0.000003130
6,62,spatial_report,0.000041629,0.000041315
6,63,round_reset,0.000009315,0.000007741
6,63,receive_authenticate_accumulate,0.019868256,0.019781592
6,63,receive_authenticate_accumulate,0.000056981,0.000056833
6,63,receive_authenticate_accumulate,0.017217349,0.017217500
6,63,receive_authenticate_accumulate,0.000057036,0.000056760
6,63,receive_authenticate_accumulate,0.017231274,0.017231241
6,63,receive_authenticate_accumulate,0.000057314,0.000056815
6,63,receive_authenticate_accumulate,0.017228608,0.017228685
6,63,receive_authenticate_accumulate,0.000056980,0.000056611
6,63,receive_authenticate_accumulate,0.017254015,0.017254204
6,63,receive_authenticate_accumulate,0.000055628,0.000055296
6,63,receive_authenticate_accumulate,0.017218997,0.017219240
6,63,receive_authenticate_accumulate,0.000056388,0.000056092
6,63,reading_commitment_and_shares,0.026204629,0.026205000
6,63,receive_authenticate_accumulate,0.017220683,0.017220778
6,63,receive_authenticate_accumulate,0.000054944,0.000054592
6,63,receive_authenticate_accumulate,0.017231034,0.017231259
6,63,receive_authenticate_accumulate,0.000054537,0.000054240
6,63,receive_authenticate_accumulate,0.017214554,0.017214519
6,63,receive_authenticate_accumulate,0.000055814,0.000055463
6,63,receive_authenticate_accumulate,0.017248645,0.017226167
6,63,receive_authenticate_accumulate,0.000055333,0.000055130
6,63,receive_authenticate_accumulate,0.017228387,0.017228296
6,63,receive_authenticate_accumulate,0.000055370,0.000055240
6,63,receive_authenticate_accumulate,0.017212202,0.017212166
6,63,receive_authenticate_accumulate,0.000054814,0.000054537
6,63,receive_authenticate_accumulate,0.017219461,0.017219259
6,63,receive_authenticate_accumulate,0.000056295,0.000056112
6,63,receive_authenticate_accumulate,0.017219905,0.017219963
6,63,receive_authenticate_accumulate,0.000054166,0.000053833
6,63,receive_authenticate_accumulate,0.017226738,0.017226889
6,63,receive_authenticate_accumulate,0.000056110,0.000055944
6,63,receive_authenticate_accumulate,0.017221998,0.017221852
6,63,receive_authenticate_accumulate,0.000056925,0.000056593
6,63,receive_authenticate_accumulate,0.017224516,0.017224593
6,63,receive_authenticate_accumulate,0.000067370,0.000062314
6,63,receive_authenticate_accumulate,0.017218924,0.017218982
6,63,receive_authenticate_accumulate,0.000054296,0.000054259
6,63,receive_authenticate_accumulate,0.017225220,0.017225351
6,63,receive_authenticate_accumulate,0.000055480,0.000055389
6,63,receive_authenticate_accumulate,0.017218517,0.017218666
6,63,receive_authenticate_accumulate,0.000056111,0.000056055
6,63,round_coverage,0.000003278,0.000002722
6,63,spatial_report,0.000040111,0.000039797
6,64,round_reset,0.000009129,0.000007833
6,64,receive_authenticate_accumulate,0.017224780,0.017224852
6,64,receive_authenticate_accumulate,0.000055629,0.000055371
6,64,receive_authenticate_accumulate,0.017217614,0.017217630
6,64,receive_authenticate_accumulate,0.000057591,0.000057352
6,64,receive_authenticate_accumulate,0.017223262,0.017223037
6,64,receive_authenticate_accumulate,0.000056352,0.000056018
6,64,receive_authenticate_accumulate,0.017226076,0.017226130
6,64,receive_authenticate_accumulate,0.000060666,0.000060500
6,64,receive_authenticate_accumulate,0.017259780,0.017260036
6,64,receive_authenticate_accumulate,0.000058388,0.000058074
6,64,receive_authenticate_accumulate,0.017220022,0.017220055
6,64,receive_authenticate_accumulate,0.000058296,0.000057740
6,64,reading_commitment_and_shares,0.026194824,0.026195129
6,64,receive_authenticate_accumulate,0.017226484,0.017226556
6,64,receive_authenticate_accumulate,0.000055870,0.000055611
6,64,receive_authenticate_accumulate,0.017234947,0.017234944
6,64,receive_authenticate_accumulate,0.000057018,0.000056722
6,64,receive_authenticate_accumulate,0.017264243,0.017234759
6,64,receive_authenticate_accumulate,0.000057055,0.000056925
6,64,receive_authenticate_accumulate,0.017224040,0.017224259
6,64,receive_authenticate_accumulate,0.000057184,0.000056889
6,64,receive_authenticate_accumulate,0.017223966,0.017223796
6,64,receive_authenticate_accumulate,0.000056851,0.000056630
6,64,receive_authenticate_accumulate,0.017226226,0.017226241
6,64,receive_authenticate_accumulate,0.000056944,0.000056722
6,64,receive_authenticate_accumulate,0.017221799,0.017221759
6,64,receive_authenticate_accumulate,0.000058388,0.000058167
6,64,receive_authenticate_accumulate,0.017217726,0.017217796
6,64,receive_authenticate_accumulate,0.000057129,0.000056926
6,64,receive_authenticate_accumulate,0.017221447,0.017221611
6,64,receive_authenticate_accumulate,0.000057536,0.000057185
6,64,receive_authenticate_accumulate,0.017228466,0.017228593
6,64,receive_authenticate_accumulate,0.000056073,0.000055870
6,64,receive_authenticate_accumulate,0.017226300,0.017226315
6,64,receive_authenticate_accumulate,0.000056407,0.000056241
6,64,receive_authenticate_accumulate,0.017225393,0.017225611
6,64,receive_authenticate_accumulate,0.000057184,0.000057000
6,64,receive_authenticate_accumulate,0.017224244,0.017224333
6,64,receive_authenticate_accumulate,0.000057740,0.000057538
6,64,receive_authenticate_accumulate,0.017229022,0.017229000
6,64,receive_authenticate_accumulate,0.000056795,0.000056611
6,64,round_coverage,0.000003537,0.000002982
6,64,spatial_report,0.000041444,0.000041241
6,65,round_reset,0.000009370,0.000008055
6,65,receive_authenticate_accumulate,0.017982942,0.017982241
6,65,receive_authenticate_accumulate,0.000056314,0.000056092
6,65,receive_authenticate_accumulate,0.017269896,0.017244333
6,65,receive_authenticate_accumulate,0.000057740,0.000057611
6,65,receive_authenticate_accumulate,0.017218674,0.017218537
6,65,receive_authenticate_accumulate,0.000056536,0.000056314
6,65,receive_authenticate_accumulate,0.017220804,0.017220945
6,65,receive_authenticate_accumulate,0.000056555,0.000056314
6,65,receive_authenticate_accumulate,0.017231248,0.017231203
6,65,receive_authenticate_accumulate,0.000056221,0.000056037
6,65,receive_authenticate_accumulate,0.017223896,0.017223981
6,65,receive_authenticate_accumulate,0.000057888,0.000057759
6,65,reading_commitment_and_shares,0.026265089,0.026265999
6,65,receive_authenticate_accumulate,0.017230045,0.017229945
6,65,receive_authenticate_accumulate,0.000057611,0.000057389
6,65,receive_authenticate_accumulate,0.017220712,0.017220648
6,65,receive_authenticate_accumulate,0.000057333,0.000057092
6,65,receive_authenticate_accumulate,0.017222157,0.017222148
6,65,receive_authenticate_accumulate,0.000057184,0.000056871
6,65,receive_authenticate_accumulate,0.017268527,0.017239463
6,65,receive_authenticate_accumulate,0.000056870,0.000056648
6,65,receive_authenticate_accumulate,0.017232989,0.017233037
6,65,receive_authenticate_accumulate,0.000057554,0.000057371
6,65,receive_authenticate_accumulate,0.017221212,0.017221204
6,65,receive_authenticate_accumulate,0.000057092,0.000056704
6,65,receive_authenticate_accumulate,0.017220823,0.017220870
6,65,receive_authenticate_accumulate,0.000056499,0.000056314
6,65,receive_authenticate_accumulate,0.017229175,0.017229315
6,65,receive_authenticate_accumulate,0.000057758,0.000057537
6,65,receive_authenticate_accumulate,0.017222953,0.017223037
6,65,receive_authenticate_accumulate,0.000056296,0.000056130
6,65,receive_authenticate_accumulate,0.017222879,0.017223019
6,65,receive_authenticate_accumulate,0.000056889,0.000056778
6,65,receive_authenticate_accumulate,0.017223305,0.017223389
6,65,receive_authenticate_accumulate,0.000058889,0.000058666
6,65,receive_authenticate_accumulate,0.017227101,0.017227222
6,65,receive_authenticate_accumulate,0.000058740,0.000058630
6,65,receive_authenticate_accumulate,0.017227916,0.017227907
6,65,receive_authenticate_accumulate,0.000058111,0.000057815
6,65,receive_authenticate_accumulate,0.017234435,0.017234259
6,65,receive_authenticate_accumulate,0.000056943,0.000056796
6,65,round_coverage,0.000003833,0.000003204
6,65,spatial_report,0.000041981,0.000041815
6,66,round_reset,0.000008667,0.000007333
6,66,receive_authenticate_accumulate,0.017257494,0.017233759
6,66,receive_authenticate_accumulate,0.000057073,0.000056852
6,66,receive_authenticate_accumulate,0.017226883,0.017227037
6,66,receive_authenticate_accumulate,0.000058684,0.000058463
6,66,receive_authenticate_accumulate,0.017227308,0.017227259
6,66,receive_authenticate_accumulate,0.000055499,0.000055315
6,66,receive_authenticate_accumulate,0.017218105,0.017218074
6,66,receive_authenticate_accumulate,0.000057574,0.000057074
6,66,receive_authenticate_accumulate,0.017222809,0.017222778
6,66,receive_authenticate_accumulate,0.000056444,0.000056222
6,66,receive_authenticate_accumulate,0.017226420,0.017226574
6,66,receive_authenticate_accumulate,0.000057499,0.000057500
6,66,reading_commitment_and_shares,0.026204302,0.026204537
6,66,receive_authenticate_accumulate,0.017221884,0.017221834
6,66,receive_authenticate_accumulate,0.000056944,0.000056574
6,66,receive_authenticate_accumulate,0.017219883,0.017219852
6,66,receive_authenticate_accumulate,0.000057703,0.000057445
6,66,receive_authenticate_accumulate,0.017245364,0.017246259
6,66,receive_authenticate_accumulate,0.000058740,0.000058574
6,66,receive_authenticate_accumulate,0.017217939,0.017218074
6,66,receive_authenticate_accumulate,0.000057777,0.000057555
6,66,receive_authenticate_accumulate,0.017229069,0.017228889
6,66,receive_authenticate_accumulate,0.000057610,0.000057389
6,66,receive_authenticate_accumulate,0.017221087,0.017220889
6,66,receive_authenticate_accumulate,0.000057517,0.000057111
6,66,receive_authenticate_accumulate,0.017271308,0.017242130
6,66,receive_authenticate_accumulate,0.000058092,0.000057611
6,66,receive_authenticate_accumulate,0.017231347,0.017231426
6,66,receive_authenticate_accumulate,0.000057166,0.000057093
6,66,receive_authenticate_accumulate,0.017220088,0.017220185
6,66,receive_authenticate_accumulate,0.000056832,0.000056463
6,66,receive_authenticate_accumulate,0.017274346,0.017248148
6,66,receive_authenticate_accumulate,0.000057240,0.000057148
6,66,receive_authenticate_accumulate,0.017222217,0.017222204
6,66,receive_authenticate_accumulate,0.000058963,0.000058648
6,66,receive_authenticate_accumulate,0.017225957,0.017226092
6,66,receive_authenticate_accumulate,0.000058869,0.000058630
6,66,receive_authenticate_accumulate,0.017225477,0.017225630
6,66,receive_authenticate_accumulate,0.000057740,0.000057574
6,66,receive_authenticate_accumulate,0.017231940,0.017232222
6,66,receive_authenticate_accumulate,0.000057647,0.000057518
6,66,round_coverage,0.000002944,0.000002574
6,66,spatial_report,0.000038500,0.000038333
6,67,round_reset,0.000009315,0.000008166
6,67,receive_authenticate_accumulate,0.017336312,0.017335648
6,67,receive_authenticate_accumulate,0.000057962,0.000057722
6,67,receive_authenticate_accumulate,0.017230535,0.017230555
6,67,receive_authenticate_accumulate,0.000056851,0.000056556
6,67,receive_authenticate_accumulate,0.017229240,0.017229111
6,67,receive_authenticate_accumulate,0.000057777,0.000057592
6,67,receive_authenticate_accumulate,0.017224091,0.017224055
6,67,receive_authenticate_accumulate,0.000057962,0.000057778
6,67,receive_authenticate_accumulate,0.017263702,0.017232593
6,67,receive_authenticate_accumulate,0.000057851,0.000057592
6,67,receive_authenticate_accumulate,0.017224647,0.017224778
6,67,receive_authenticate_accumulate,0.000057406,0.000057092
6,67,reading_commitment_and_shares,0.026204679,0.026204925
6,67,receive_authenticate_accumulate,0.017264462,0.017235037
6,67,receive_authenticate_accumulate,0.000058240,0.000058074
6,67,receive_authenticate_accumulate,0.017229166,0.017229129
6,67,receive_authenticate_accumulate,0.000058259,0.000058075
6,67,receive_authenticate_accumulate,0.017231314,0.017231260
6,67,receive_authenticate_accumulate,0.000057203,0.000057074
6,67,receive_authenticate_accumulate,0.017223925,0.017224056
6,67,receive_authenticate_accumulate,0.000056981,0.000056796
6,67,receive_authenticate_accumulate,0.017221166,0.017221203
6,67,receive_authenticate_accumulate,0.000059222,0.000058815
6,67,receive_authenticate_accumulate,0.017221277,0.017221277
6,67,receive_authenticate_accumulate,0.000057259,0.000056907
6,67,receive_authenticate_accumulate,0.017224740,0.017224629
6,67,receive_authenticate_accumulate,0.000059258,0.000058796
6,67,receive_authenticate_accumulate,0.017218167,0.017218333
6,67,receive_authenticate_accumulate,0.000057980,0.000057814
6,67,receive_authenticate_accumulate,0.017223685,0.017223704
6,67,receive_authenticate_accumulate,0.000057259,0.000057037
6,67,receive_authenticate_accumulate,0.017223777,0.017223667
6,67,receive_authenticate_accumulate,0.000058222,0.000058185
6,67,receive_authenticate_accumulate,0.017258184,0.017231351
6,67,receive_authenticate_accumulate,0.000057962,0.000057741
6,67,receive_authenticate_accumulate,0.017226110,0.017226222
6,67,receive_authenticate_accumulate,0.000057277,0.000057259
6,67,receive_authenticate_accumulate,0.017221666,0.017221611
6,67,receive_authenticate_accumulate,0.000058481,0.000058166
6,67,receive_authenticate_accumulate,0.017231648,0.017231981
6,67,receive_authenticate_accumulate,0.000058758,0.000058555
6,67,round_coverage,0.000004241,0.000003648
6,67,spatial_report,0.000041055,0.000040703
6,68,round_reset,0.000009537,0.000008186
6,68,receive_authenticate_accumulate,0.017227577,0.017227593
6,68,receive_authenticate_accumulate,0.000057258,0.000056982
6,68,receive_authenticate_accumulate,0.017274150,0.017245556
6,68,receive_authenticate_accumulate,0.000058869,0.000058667
6,68,receive_authenticate_accumulate,0.017267187,0.017239851
6,68,receive_authenticate_accumulate,0.000058055,0.000058000
6,68,receive_authenticate_accumulate,0.017224985,0.017224981
6,68,receive_authenticate_accumulate,0.000057906,0.000057852
6,68,receive_authenticate_accumulate,0.017223429,0.017223611
6,68,receive_authenticate_accumulate,0.000057370,0.000057186
6,68,receive_authenticate_accumulate,0.017234503,0.017234518
6,68,receive_authenticate_accumulate,0.000057499,0.000057148
6,68,reading_commitment_and_shares,0.026245259,0.026216370
6,68,receive_authenticate_accumulate,0.017222207,0.017222296
6,68,receive_authenticate_accumulate,0.000055147,0.000055055
6,68,receive_authenticate_accumulate,0.017228300,0.017228352
6,68,receive_authenticate_accumulate,0.000057184,0.000057111
6,68,receive_authenticate_accumulate,0.017216133,0.017216277
6,68,receive_authenticate_accumulate,0.000057184,0.000056982
6,68,receive_authenticate_accumulate,0.017228485,0.017228130
6,68,receive_authenticate_accumulate,0.000056221,0.000055871
6,68,receive_authenticate_accumulate,0.017220096,0.017220259
6,68,receive_authenticate_accumulate,0.000057444,0.000057352
6,68,receive_authenticate_accumulate,0.017225763,0.017225852
6,68,receive_authenticate_accumulate,0.000056962,0.000056777
6,68,receive_authenticate_accumulate,0.017222541,0.017222593
6,68,receive_authenticate_accumulate,0.000056795,0.000056555
6,68,receive_authenticate_accumulate,0.017221652,0.017221593
6,68,receive_authenticate_accumulate,0.000056869,0.000056648
6,68,receive_authenticate_accumulate,0.017227763,0.017227889
6,68,receive_authenticate_accumulate,0.000072185,0.000072167
6,68,receive_authenticate_accumulate,0.017280818,0.017256482
6,68,receive_authenticate_accumulate,0.000057055,0.000056851
6,68,receive_authenticate_accumulate,0.017224226,0.017224166
6,68,receive_authenticate_accumulate,0.000056073,0.000055833
6,68,receive_authenticate_accumulate,0.017231540,0.017231463
6,68,receive_authenticate_accumulate,0.000056333,0.000056185
6,68,receive_authenticate_accumulate,0.017229726,0.017229833
6,68,receive_authenticate_accumulate,0.000057481,0.000057260
6,68,receive_authenticate_accumulate,0.017220689,0.017220889
6,68,receive_authenticate_accumulate,0.000057203,0.000057130
6,68,round_coverage,0.000003370,0.000002834
6,68,spatial_report,0.000039370,0.000039074
6,69,round_reset,0.000009926,0.000008518
6,69,receive_authenticate_accumulate,0.017417708,0.017417056
6,69,receive_authenticate_accumulate,0.000057037,0.000056815
6,69,receive_authenticate_accumulate,0.017227100,0.017227074
6,69,receive_authenticate_accumulate,0.000057314,0.000057093
6,69,receive_authenticate_accumulate,0.017222544,0.017222537
6,69,receive_authenticate_accumulate,0.000057925,0.000057704
6,69,receive_authenticate_accumulate,0.017217896,0.017217870
6,69,receive_authenticate_accumulate,0.000056462,0.000056278
6,69,receive_authenticate_accumulate,0.017224693,0.017224648
6,69,receive_authenticate_accumulate,0.000057296,0.000056908
6,69,receive_authenticate_accumulate,0.017227803,0.017227852
6,69,receive_authenticate_accumulate,0.000057648,0.000057426
6,69,reading_commitment_and_shares,0.026207562,0.026207760
6,69,receive_authenticate_accumulate,0.017224711,0.017224760
6,69,receive_authenticate_accumulate,0.000055648,0.000055500
6,69,receive_authenticate_accumulate,0.017259044,0.017230908
6,69,receive_authenticate_accumulate,0.000056536,0.000056186
6,69,receive_authenticate_accumulate,0.017222193,0.017222315
6,69,receive_authenticate_accumulate,0.000055555,0.000055500
6,69,receive_authenticate_accumulate,0.017217341,0.017217222
6,69,receive_authenticate_accumulate,0.000055610,0.000055333
6,69,receive_authenticate_accumulate,0.017219471,0.017219371
6,69,receive_authenticate_accumulate,0.000058073,0.000057704
6,69,receive_authenticate_accumulate,0.017271192,0.017249148
6,69,receive_authenticate_accumulate,0.000057740,0.000057481
6,69,receive_authenticate_accumulate,0.017228249,0.017228259
6,69,receive_authenticate_accumulate,0.000056981,0.000056852
6,69,receive_authenticate_accumulate,0.017215711,0.017215722
6,69,receive_authenticate_accumulate,0.000056332,0.000056149
6,69,receive_authenticate_accumulate,0.017216952,0.017216944
6,69,receive_authenticate_accumulate,0.000057758,0.000057537
6,69,receive_authenticate_accumulate,0.017289600,0.017243352
6,69,receive_authenticate_accumulate,0.000058073,0.000057852
6,69,receive_authenticate_accumulate,0.017234859,0.017235037
6,69,receive_authenticate_accumulate,0.000056425,0.000056260
6,69,receive_authenticate_accumulate,0.017219767,0.017219685
6,69,receive_authenticate_accumulate,0.000056629,0.000056481
6,69,receive_authenticate_accumulate,0.017261063,0.017260999
6,69,receive_authenticate_accumulate,0.000056833,0.000056611
6,69,receive_authenticate_accumulate,0.017251137,0.017251167
6,69,receive_authenticate_accumulate,0.000058611,0.000058500
6,69,round_coverage,0.000003870,0.000003333
6,69,spatial_report,0.000042407,0.000042093
6,69,billing_report,0.000423902,0.000423611
7,70,period_reset,0.000024111,0.000022889
7,70,receive_authenticate_accumulate,0.000090684,0.000090222
7,70,receive_authenticate_accumulate,0.000091462,0.000090926
7,70,receive_authenticate_accumulate,0.000091629,0.000091259
7,70,receive_authenticate_accumulate,0.000091555,0.000091167
7,70,receive_authenticate_accumulate,0.000091129,0.000090759
7,70,receive_authenticate_accumulate,0.000092129,0.000091908
7,70,randomness_commit,0.000795990,0.000795389
7,70,receive_authenticate_accumulate,0.000085240,0.000085093
7,70,receive_authenticate_accumulate,0.000092091,0.000091463
7,70,receive_authenticate_accumulate,0.000062814,0.000062481
7,70,receive_authenticate_accumulate,0.000062444,0.000062111
7,70,receive_authenticate_accumulate,0.000061925,0.000061648
7,70,receive_authenticate_accumulate,0.000063869,0.000063371
7,70,receive_authenticate_accumulate,0.000062537,0.000062259
7,70,receive_authenticate_accumulate,0.000061425,0.000061074
7,70,receive_authenticate_accumulate,0.000063407,0.000063037
7,70,receive_authenticate_accumulate,0.000062555,0.000062315
7,70,receive_authenticate_accumulate,0.000062555,0.000062297
7,70,receive_authenticate_accumulate,0.000063258,0.000063093
7,70,receive_authenticate_accumulate,0.000061944,0.000061648
7,70,receive_authenticate_accumulate,0.000062258,0.000062037
7,70,receive_authenticate_accumulate,0.000076962,0.000076871
7,70,receive_authenticate_accumulate,0.000078165,0.000078093
7,70,receive_authenticate_accumulate,0.000077313,0.000077074
7,70,receive_authenticate_accumulate,0.000075055,0.000075111
7,70,receive_authenticate_accumulate,0.000075721,0.000075574
7,70,receive_authenticate_accumulate,0.000074999,0.000074870
7,70,randomness_reveal,0.000501234,0.000500907
7,70,receive_authenticate_accumulate,0.000071221,0.000071185
7,70,receive_authenticate_accumulate,0.000076073,0.000075445
7,70,receive_authenticate_accumulate,0.000074333,0.000074074
7,70,receive_authenticate_accumulate,0.000074685,0.000074315
7,70,receive_authenticate_accumulate,0.000075147,0.000074777
7,70,receive_authenticate_accumulate,0.000077407,0.000077167
7,70,receive_authenticate_accumulate,0.000049814,0.000049593
7,70,receive_authenticate_accumulate,0.000049388,0.000049130
7,70,receive_authenticate_accumulate,0.000048277,0.000048037
7,70,receive_authenticate_accumulate,0.000047888,0.000047574
7,70,receive_authenticate_accumulate,0.000049333,0.000048963
7,70,receive_authenticate_accumulate,0.000049314,0.000049130
7,70,receive_authenticate_accumulate,0.000046574,0.000046315
7,70,receive_authenticate_accumulate,0.000048703,0.000048593
7,70,committee_selection,0.000086554,0.000086297
7,70,round_reset,0.000004315,0.000003592
7,70,receive_authenticate_accumulate,0.017230622,0.017230704
7,70,receive_authenticate_accumulate,0.017220714,0.017220778
7,70,receive_authenticate_accumulate,0.017261529,0.017235500
7,70,receive_authenticate_accumulate,0.017228974,0.017228926
7,70,receive_authenticate_accumulate,0.017233085,0.017233055
7,70,receive_authenticate_accumulate,0.017280678,0.017244351
7,70,reading_commitment_and_shares,0.026288085,0.026260296
7,70,receive_authenticate_accumulate,0.017215734,0.017215815
7,70,receive_authenticate_accumulate,0.017290585,0.017253519
7,70,receive_authenticate_accumulate,0.017230178,0.017230185
7,70,receive_authenticate_accumulate,0.017230956,0.017230963
7,70,receive_authenticate_accumulate,0.017238066,0.017238222
7,70,receive_authenticate_accumulate,0.017231492,0.017231537
7,70,receive_authenticate_accumulate,0.017293140,0.017268945
7,70,receive_authenticate_accumulate,0.017232697,0.017232722
7,70,receive_authenticate_accumulate,0.017262845,0.017238408
7,70,receive_authenticate_accumulate,0.017228067,0.017228037
7,70,receive_authenticate_accumulate,0.017229086,0.017229000
7,70,receive_authenticate_accumulate,0.017232900,0.017232778
7,70,receive_authenticate_accumulate,0.017234734,0.017234759
7,70,receive_authenticate_accumulate,0.017229549,0.017229704
7,70,round_coverage,0.000004352,0.000003629
7,71,round_reset,0.000008982,0.000007518
7,71,receive_authenticate_accumulate,0.017456993,0.017433148
7,71,receive_authenticate_accumulate,0.017224996,0.017225056
7,71,receive_authenticate_accumulate,0.017223237,0.017223260
7,71,receive_authenticate_accumulate,0.017231718,0.017231685
7,71,receive_authenticate_accumulate,0.017237459,0.017237407
7,71,receive_authenticate_accumulate,0.017230441,0.017230426
7,71,reading_commitment_and_shares,0.026212425,0.026212445
7,71,receive_authenticate_accumulate,0.017218626,0.017218722
7,71,receive_authenticate_accumulate,0.017224829,0.017224852
7,71,receive_authenticate_accumulate,0.017225386,0.017225297
7,71,receive_authenticate_accumulate,0.017228645,0.017228537
7,71,receive_authenticate_accumulate,0.017227182,0.017227185
7,71,receive_authenticate_accumulate,0.017226534,0.017226630
7,71,receive_authenticate_accumulate,0.017266385,0.017239981
7,71,receive_authenticate_accumulate,0.017267885,0.017240000
7,71,receive_authenticate_accumulate,0.017229849,0.017229870
7,71,receive_authenticate_accumulate,0.017218756,0.017218741
7,71,receive_authenticate_accumulate,0.017281681,0.017244500
7,71,receive_authenticate_accumulate,0.017232330,0.017232334
7,71,receive_authenticate_accumulate,0.017234071,0.017234130
7,71,receive_authenticate_accumulate,0.017218275,0.017218259
7,71,round_coverage,0.000004574,0.000003907
7,72,round_reset,0.000009500,0.000008130
7,72,receive_authenticate_accumulate,0.017262425,0.017262333
7,72,receive_authenticate_accumulate,0.017264092,0.017240389
7,72,receive_authenticate_accumulate,0.017237870,0.017237889
7,72,receive_authenticate_accumulate,0.017225833,0.017225759
7,72,receive_authenticate_accumulate,0.017227555,0.017227426
7,72,receive_authenticate_accumulate,0.017219833,0.017219907
7,72,reading_commitment_and_shares,0.026220171,0.026220408
7,72,receive_authenticate_accumulate,0.017216259,0.017216241
7,72,receive_authenticate_accumulate,0.017228074,0.017228074
7,72,receive_authenticate_accumulate,0.017226037,0.017225944
7,72,receive_authenticate_accumulate,0.017221037,0.017220963
7,72,receive_authenticate_accumulate,0.017289462,0.017247925
7,72,receive_authenticate_accumulate,0.017232815,0.017232704
7,72,receive_authenticate_accumulate,0.017236982,0.017236315
7,72,receive_authenticate_accumulate,0.017232760,0.017232852
7,72,receive_authenticate_accumulate,0.017225686,0.017225574
7,72,receive_authenticate_accumulate,0.017275629,0.017245315
7,72,receive_authenticate_accumulate,0.017221278,0.017221111
7,72,receive_authenticate_accumulate,0.017232926,0.017232945
7,72,receive_authenticate_accumulate,0.017231056,0.017230963
7,72,receive_authenticate_accumulate,0.017218519,0.017218574
7,72,round_coverage,0.000004500,0.000003574
7,73,round_reset,0.000009667,0.000007870
7,73,receive_authenticate_accumulate,0.017419538,0.017418703
7,73,receive_authenticate_accumulate,0.017228170,0.017228408
7,73,receive_authenticate_accumulate,0.017220188,0.017220241
7,73,receive_authenticate_accumulate,0.017287372,0.017259036
7,73,receive_authenticate_accumulate,0.017234707,0.017234667
7,73,receive_authenticate_accumulate,0.017259854,0.017236259
7,73,reading_commitment_and_shares,0.026237102,0.026215703
7,73,receive_authenticate_accumulate,0.017213633,0.017213629
7,73,receive_authenticate_accumulate,0.017217096,0.017217148
7,73,receive_authenticate_accumulate,0.017231670,0.017231611
7,73,receive_authenticate_accumulate,0.017231855,0.017231889
7,73,receive_authenticate_accumulate,0.017232022,0.017232000
7,73,receive_authenticate_accumulate,0.017225078,0.017225019
7,73,receive_authenticate_accumulate,0.017235725,0.017235685
7,73,receive_authenticate_accumulate,0.017218262,0.017218241
7,73,receive_authenticate_accumulate,0.017222818,0.017222777
7,73,receive_authenticate_accumulate,0.017230115,0.017230037
7,73,receive_authenticate_accumulate,0.017258707,0.017234426
7,73,receive_authenticate_accumulate,0.017233411,0.017233389
7,73,receive_authenticate_accumulate,0.017228522,0.017228407
7,73,receive_authenticate_accumulate,0.017229300,0.017229111
7,73,round_coverage,0.000003852,0.000003149
7,74,round_reset,0.000010055,0.000008666
7,74,receive_authenticate_accumulate,0.017230710,0.017230703
7,74,receive_authenticate_accumulate,0.017236950,0.017236944
7,74,receive_authenticate_accumulate,0.017369226,0.017268648
7,74,receive_authenticate_accumulate,0.017215747,0.017215704
7,74,receive_authenticate_accumulate,0.017229376,0.017229000
7,74,receive_authenticate_accumulate,0.017229562,0.017229500
7,74,reading_commitment_and_shares,0.026259365,0.026230334
7,74,receive_authenticate_accumulate,0.017258524,0.017258759
7,74,receive_authenticate_accumulate,0.017222932,0.017222925
7,74,receive_authenticate_accumulate,0.017228987,0.017228963
7,74,receive_authenticate_accumulate,0.017224784,0.017224851
7,74,receive_authenticate_accumulate,0.017234303,0.017234333
7,74,receive_authenticate_accumulate,0.017217118,0.017217055
7,74,receive_authenticate_accumulate,0.017224302,0.017224093
7,74,receive_authenticate_accumulate,0.017222506,0.017222593
7,74,receive_authenticate_accumulate,0.017217914,0.017217759
7,74,receive_authenticate_accumulate,0.017287025,0.017259093
7,74,receive_authenticate_accumulate,0.017253303,0.017229815
7,74,receive_authenticate_accumulate,0.017231636,0.017231612
7,74,receive_authenticate_accumulate,0.017222136,0.017222111
7,74,receive_authenticate_accumulate,0.017232543,0.017232425
7,74,round_coverage,0.000004407,0.000003760
7,75,round_reset,0.000009834,0.000008500
7,75,receive_authenticate_accumulate,0.017420636,0.017420000
7,75,receive_authenticate_accumulate,0.017297212,0.017264575
7,75,receive_authenticate_accumulate,0.017225398,0.017225482
7,75,receive_authenticate_accumulate,0.017233972,0.017233889
7,75,receive_authenticate_accumulate,0.017237176,0.017237148
7,75,receive_authenticate_accumulate,0.017220064,0.017220111
7,75,reading_commitment_and_shares,0.026206148,0.026206019
7,75,receive_authenticate_accumulate,0.017233528,0.017233593
7,75,receive_authenticate_accumulate,0.017276694,0.017246798
7,75,receive_authenticate_accumulate,0.017228491,0.017228537
7,75,receive_authenticate_accumulate,0.017223120,0.017223148
7,75,receive_authenticate_accumulate,0.017229843,0.017229796
7,75,receive_authenticate_accumulate,0.017227064,0.017227167
7,75,receive_authenticate_accumulate,0.017230583,0.017230333
7,75,receive_authenticate_accumulate,0.017227527,0.017227500
7,75,receive_authenticate_accumulate,0.017232547,0.017232500
7,75,receive_authenticate_accumulate,0.017260916,0.017232278
7,75,receive_authenticate_accumulate,0.017228509,0.017228445
7,75,receive_authenticate_accumulate,0.017224657,0.017224518
7,75,receive_authenticate_accumulate,0.017233991,0.017233963
7,75,receive_authenticate_accumulate,0.017233936,0.017233778
7,75,round_coverage,0.000004463,0.000003852
7,76,round_reset,0.000009055,0.000007760
7,76,receive_authenticate_accumulate,0.017221252,0.017221278
7,76,receive_authenticate_accumulate,0.017221512,0.017221593
7,76,receive_authenticate_accumulate,0.017227993,0.017227982
7,76,receive_authenticate_accumulate,0.017219530,0.017219481
7,76,receive_authenticate_accumulate,0.017225475,0.017225426
7,76,receive_authenticate_accumulate,0.017232623,0.017232444
7,76,reading_commitment_and_shares,0.026195079,0.026195000
7,76,receive_authenticate_accumulate,0.017276085,0.017247999
7,76,receive_authenticate_accumulate,0.017218864,0.017218852
7,76,receive_authenticate_accumulate,0.017258975,0.017259093
7,76,receive_authenticate_accumulate,0.017227771,0.017227629
7,76,receive_authenticate_accumulate,0.017228586,0.017228371
7,76,receive_authenticate_accumulate,0.017217845,0.017217871
7,76,receive_authenticate_accumulate,0.017272123,0.017262112
7,76,receive_authenticate_accumulate,0.017224252,0.017224241
7,76,receive_authenticate_accumulate,0.017217698,0.017217629
7,76,receive_authenticate_accumulate,0.017222475,0.017222445
7,76,receive_authenticate_accumulate,0.017228790,0.017228778
7,76,receive_authenticate_accumulate,0.017225049,0.017225037
7,76,receive_authenticate_accumulate,0.017228179,0.017228185
7,76,receive_authenticate_accumulate,0.017227383,0.017227278
7,76,round_coverage,0.000004241,0.000003518
7,77,round_reset,0.000008519,0.000007185
7,77,receive_authenticate_accumulate,0.017223255,0.017223370
7,77,receive_authenticate_accumulate,0.017224217,0.017224259
7,77,receive_authenticate_accumulate,0.017290994,0.017259076
7,77,receive_authenticate_accumulate,0.017230736,0.017230685
7,77,receive_authenticate_accumulate,0.017227514,0.017227537
7,77,receive_authenticate_accumulate,0.017220292,0.017220111
7,77,reading_commitment_and_shares,0.026198508,0.026198481
7,77,receive_authenticate_accumulate,0.017230236,0.017230408
7,77,receive_authenticate_accumulate,0.017244125,0.017244166
7,77,receive_authenticate_accumulate,0.017219070,0.017219037
7,77,receive_authenticate_accumulate,0.017256699,0.017230055
7,77,receive_authenticate_accumulate,0.017233755,0.017233203
7,77,receive_authenticate_accumulate,0.017224070,0.017224056
7,77,receive_authenticate_accumulate,0.017228311,0.017228333
7,77,receive_authenticate_accumulate,0.017221737,0.017221722
7,77,receive_authenticate_accumulate,0.017235015,0.017234648
7,77,receive_authenticate_accumulate,0.017267940,0.017268130
7,77,receive_authenticate_accumulate,0.017222163,0.017222148
7,77,receive_authenticate_accumulate,0.017253051,0.017237185
7,77,receive_authenticate_accumulate,0.017225089,0.017225074
7,77,receive_authenticate_accumulate,0.017225625,0.017225519
7,77,round_coverage,0.000004371,0.000003760
7,78,round_reset,0.000008963,0.000007555
7,78,receive_authenticate_accumulate,0.021439285,0.021365147
7,78,receive_authenticate_accumulate,0.017268405,0.017240482
7,78,receive_authenticate_accumulate,0.017217294,0.017217204
7,78,receive_authenticate_accumulate,0.017218776,0.017218629
7,78,receive_authenticate_accumulate,0.017229406,0.017229352
7,78,receive_authenticate_accumulate,0.017237609,0.017237500
7,78,reading_commitment_and_shares,0.026211863,0.026211704
7,78,receive_authenticate_accumulate,0.017215943,0.017215871
7,78,receive_authenticate_accumulate,0.017221016,0.017220962
7,78,receive_authenticate_accumulate,0.017231387,0.017231277
7,78,receive_authenticate_accumulate,0.017233109,0.017233055
7,78,receive_authenticate_accumulate,0.017236553,0.017236482
7,78,receive_authenticate_accumulate,0.017222739,0.017222685
7,78,receive_authenticate_accumulate,0.017224924,0.017224833
7,78,receive_authenticate_accumulate,0.017299498,0.017256796
7,78,receive_authenticate_accumulate,0.017219739,0.017219630
7,78,receive_authenticate_accumulate,0.017227017,0.017227111
7,78,receive_authenticate_accumulate,0.017237553,0.017237315
7,78,receive_authenticate_accumulate,0.017247925,0.017247814
7,78,receive_authenticate_accumulate,0.017245072,0.017245148
7,78,receive_authenticate_accumulate,0.017220184,0.017220185
7,78,round_coverage,0.000004444,0.000003685
7,79,round_reset,0.000009111,0.000007907
7,79,receive_authenticate_accumulate,0.017229408,0.017229426
7,79,receive_authenticate_accumulate,0.017273370,0.017246352
7,79,receive_authenticate_accumulate,0.017233444,0.017233334
7,79,receive_authenticate_accumulate,0.017224741,0.017224722
7,79,receive_authenticate_accumulate,0.017224575,0.017224463
7,79,receive_authenticate_accumulate,0.017224389,0.017224278
7,79,reading_commitment_and_shares,0.026200923,0.026200871
7,79,receive_authenticate_accumulate,0.017225778,0.017225908
7,79,receive_authenticate_accumulate,0.017237241,0.017237148
7,79,receive_authenticate_accumulate,0.017226371,0.017226296
7,79,receive_authenticate_accumulate,0.017220574,0.017220482
7,79,receive_authenticate_accumulate,0.017229353,0.017229277
7,79,receive_authenticate_accumulate,0.017237371,0.017237296
7,79,receive_authenticate_accumulate,0.017227630,0.017227574
7,79,receive_authenticate_accumulate,0.017228037,0.017227926
7,79,receive_authenticate_accumulate,0.017270611,0.017241777
7,79,receive_authenticate_accumulate,0.017232816,0.017232741
7,79,receive_authenticate_accumulate,0.017232741,0.017232704
7,79,receive_authenticate_accumulate,0.017238222,0.017237796
7,79,receive_authenticate_accumulate,0.017228519,0.017228426
7,79,receive_authenticate_accumulate,0.017224760,0.017224666
7,79,round_coverage,0.000003908,0.000003185
8,80,period_reset,0.000024555,0.000023352
8,80,receive_authenticate_accumulate,0.000102832,0.000102278
8,80,receive_authenticate_accumulate,0.000091851,0.000091111
8,80,receive_authenticate_accumulate,0.000091777,0.000091296
8,80,receive_authenticate_accumulate,0.000091073,0.000090833
8,80,receive_authenticate_accumulate,0.000129517,0.000129407
8,80,receive_authenticate_accumulate,0.000090443,0.000089852
8,80,randomness_commit,0.000786232,0.000785907
8,80,receive_authenticate_accumulate,0.000083202,0.000083130
8,80,receive_authenticate_accumulate,0.000090073,0.000089500
8,80,receive_authenticate_accumulate,0.000088999,0.000088741
8,80,receive_authenticate_accumulate,0.000089776,0.000089500
8,80,receive_authenticate_accumulate,0.000091166,0.000090722
8,80,receive_authenticate_accumulate,0.000088758,0.000088370
8,80,receive_authenticate_accumulate,0.000089388,0.000089111
8,80,receive_authenticate_accumulate,0.000090610,0.000090426
8,80,receive_authenticate_accumulate,0.000090592,0.000090277
8,80,receive_authenticate_accumulate,0.000090036,0.000089889
8,80,receive_authenticate_accumulate,0.000053647,0.000052630
8,80,receive_authenticate_accumulate,0.000041203,0.000040982
8,80,receive_authenticate_accumulate,0.000039666,0.000039389
8,80,receive_authenticate_accumulate,0.000041703,0.000041260
8,80,receive_authenticate_accumulate,0.000049907,0.000049685
8,80,receive_authenticate_accumulate,0.000046944,0.000046741
8,80,receive_authenticate_accumulate,0.000049629,0.000049500
8,80,receive_authenticate_accumulate,0.000073351,0.000073111
8,80,receive_authenticate_accumulate,0.000046888,0.000046444
8,80,receive_authenticate_accumulate,0.000048536,0.000048370
8,80,randomness_reveal,0.000303978,0.000303444
8,80,receive_authenticate_accumulate,0.000042148,0.000042186
8,80,receive_authenticate_accumulate,0.000049148,0.000049037
8,80,receive_authenticate_accumulate,0.000048592,0.000048463
8,80,receive_authenticate_accumulate,0.000045722,0.000045555
8,80,receive_authenticate_accumulate,0.000048110,0.000047963
8,80,receive_authenticate_accumulate,0.000048296,0.000048074
8,80,receive_authenticate_accumulate,0.000046166,0.000046000
8,80,receive_authenticate_accumulate,0.000048851,0.000048778
8,80,receive_authenticate_accumulate,0.000048240,0.000047981
8,80,receive_authenticate_accumulate,0.000047963,0.000047629
8,80,receive_authenticate_accumulate,0.000048611,0.000048296
8,80,receive_authenticate_accumulate,0.000048962,0.000048851
8,80,receive_authenticate_accumulate,0.000046147,0.000045666
8,80,receive_authenticate_accumulate,0.000048833,0.000048611
8,80,committee_selection,0.000086073,0.000085852
8,80,round_reset,0.000004574,0.000003759
8,80,receive_authenticate_accumulate,0.017223650,0.017223703
8,80,receive_authenticate_accumulate,0.000057055,0.000056815
8,80,receive_authenticate_accumulate,0.017293650,0.017251316
8,80,receive_authenticate_accumulate,0.000056981,0.000056704
8,80,receive_authenticate_accumulate,0.017226651,0.017226445
8,80,receive_authenticate_accumulate,0.000056740,0.000056500
8,80,receive_authenticate_accumulate,0.017224336,0.017224241
8,80,receive_authenticate_accumulate,0.000056777,0.000056518
8,80,receive_authenticate_accumulate,0.017226354,0.017226389
8,80,receive_authenticate_accumulate,0.000056258,0.000056167
8,80,receive_authenticate_accumulate,0.017245946,0.017228944
8,80,receive_authenticate_accumulate,0.000056315,0.000056111
8,80,reading_commitment_and_shares,0.026192611,0.026192833
8,80,receive_authenticate_accumulate,0.017216596,0.017216555
8,80,receive_authenticate_accumulate,0.000057296,0.000057074
8,80,receive_authenticate_accumulate,0.017228039,0.017227926
8,80,receive_authenticate_accumulate,0.000056721,0.000056445
8,80,receive_authenticate_accumulate,0.017283947,0.017245074
8,80,receive_authenticate_accumulate,0.000056740,0.000056537
8,80,receive_authenticate_accumulate,0.017226410,0.017226389
8,80,receive_authenticate_accumulate,0.000056203,0.000056018
8,80,receive_authenticate_accumulate,0.017222206,0.017222296
8,80,receive_authenticate_accumulate,0.000056888,0.000056334
8,80,receive_authenticate_accumulate,0.017230891,0.017230926
8,80,receive_authenticate_accumulate,0.000056110,0.000055815
8,80,receive_authenticate_accumulate,0.017300206,0.017274667
8,80,receive_authenticate_accumulate,0.000056370,0.000056148
8,80,receive_authenticate_accumulate,0.017228040,0.017228167
8,80,receive_authenticate_accumulate,0.000055629,0.000055426
8,80,receive_authenticate_accumulate,0.017219410,0.017219315
8,80,receive_authenticate_accumulate,0.000057369,0.000057204
8,80,receive_authenticate_accumulate,0.017214670,0.017214722
8,80,receive_authenticate_accumulate,0.000056907,0.000056685
8,80,receive_authenticate_accumulate,0.017224354,0.017224315
8,80,receive_authenticate_accumulate,0.000057555,0.000057019
8,80,receive_authenticate_accumulate,0.017217189,0.017217148
8,80,receive_authenticate_accumulate,0.000056759,0.000056537
8,80,receive_authenticate_accumulate,0.017224781,0.017224740
8,80,receive_authenticate_accumulate,0.000056240,0.000055944
8,80,receive_authenticate_accumulate,0.017230873,0.017230648
8,80,receive_authenticate_accumulate,0.000056611,0.000056408
8,80,round_coverage,0.000003055,0.000002500
8,80,spatial_report,0.000041648,0.000041352
8,81,round_reset,0.000009481,0.000008111
8,81,receive_authenticate_accumulate,0.017230004,0.017229815
8,81,receive_authenticate_accumulate,0.000057703,0.000057444
8,81,receive_authenticate_accumulate,0.017223634,0.017223815
8,81,receive_authenticate_accumulate,0.000074963,0.000074796
8,81,receive_authenticate_accumulate,0.017219486,0.017219574
8,81,receive_authenticate_accumulate,0.000057592,0.000057333
8,81,receive_authenticate_accumulate,0.017229449,0.017229389
8,81,receive_authenticate_accumulate,0.000057777,0.000057519
8,81,receive_authenticate_accumulate,0.017258837,0.017232556
8,81,receive_authenticate_accumulate,0.000056795,0.000056556
8,81,receive_authenticate_accumulate,0.017216024,0.017215944
8,81,receive_authenticate_accumulate,0.000057129,0.000056963
8,81,reading_commitment_and_shares,0.026254503,0.026214833
8,81,receive_authenticate_accumulate,0.017230615,0.017230500
8,81,receive_authenticate_accumulate,0.000057944,0.000057704
8,81,receive_authenticate_accumulate,0.017219060,0.017219093
8,81,receive_authenticate_accumulate,0.000058333,0.000058130
8,81,receive_authenticate_accumulate,0.017230393,0.017230297
8,81,receive_authenticate_accumulate,0.000057259,0.000057056
8,81,receive_authenticate_accumulate,0.017216875,0.017216759
8,81,receive_authenticate_accumulate,0.000058129,0.000058037
8,81,receive_authenticate_accumulate,0.017221912,0.017221852
8,81,receive_authenticate_accumulate,0.000058703,0.000058296
8,81,receive_authenticate_accumulate,0.017235282,0.017235019
8,81,receive_authenticate_accumulate,0.000057852,0.000057574
8,81,receive_authenticate_accumulate,0.017227338,0.017227166
8,81,receive_authenticate_accumulate,0.000057573,0.000057333
8,81,receive_authenticate_accumulate,0.017232820,0.017232908
8,81,receive_authenticate_accumulate,0.000058777,0.000058537
8,81,receive_authenticate_accumulate,0.017236060,0.017236093
8,81,receive_authenticate_accumulate,0.000058018,0.000057537
8,81,receive_authenticate_accumulate,0.017217616,0.017217778
8,81,receive_authenticate_accumulate,0.000059388,0.000059129
8,81,receive_authenticate_accumulate,0.017222394,0.017222445
8,81,receive_authenticate_accumulate,0.000056999,0.000056759
8,81,receive_authenticate_accumulate,0.017258708,0.017233129
8,81,receive_authenticate_accumulate,0.000058000,0.000057777
8,81,receive_authenticate_accumulate,0.017225838,0.017225759
8,81,receive_authenticate_accumulate,0.000056795,0.000056481
8,81,receive_authenticate_accumulate,0.017218986,0.017218815
8,81,receive_authenticate_accumulate,0.000057907,0.000057555
8,81,round_coverage,0.000003500,0.000003074
8,81,spatial_report,0.000040315,0.000040055
8,82,round_reset,0.000009555,0.000007944
8,82,receive_authenticate_accumulate,0.017220062,0.017219815
8,82,receive_authenticate_accumulate,0.000058481,0.000058259
8,82,receive_authenticate_accumulate,0.017224507,0.017224481
8,82,receive_authenticate_accumulate,0.000057481,0.000057111
8,82,receive_authenticate_accumulate,0.017223192,0.017223166
8,82,receive_authenticate_accumulate,0.000056704,0.000056444
8,82,receive_authenticate_accumulate,0.017271339,0.017238074
8,82,receive_authenticate_accumulate,0.000057370,0.000057019
8,82,receive_authenticate_accumulate,0.017222358,0.017222278
8,82,receive_authenticate_accumulate,0.000056277,0.000056130
8,82,receive_authenticate_accumulate,0.017228284,0.017228352
8,82,receive_authenticate_accumulate,0.000057907,0.000057666
8,82,reading_commitment_and_shares,0.026244117,0.026210333
8,82,receive_authenticate_accumulate,0.017255913,0.017230389
8,82,receive_authenticate_accumulate,0.000057277,0.000056982
8,82,receive_authenticate_accumulate,0.017224395,0.017224352
8,82,receive_authenticate_accumulate,0.000055462,0.000055204
8,82,receive_authenticate_accumulate,0.017230673,0.017230630
8,82,receive_authenticate_accumulate,0.000057499,0.000057315
8,82,receive_authenticate_accumulate,0.017220748,0.017220611
8,82,receive_authenticate_accumulate,0.000058315,0.000058148
8,82,receive_authenticate_accumulate,0.017225822,0.017225667
8,82,receive_authenticate_accumulate,0.000057481,0.000057111
8,82,receive_authenticate_accumulate,0.017224525,0.017224463
8,82,receive_authenticate_accumulate,0.000056092,0.000055760
8,82,receive_authenticate_accumulate,0.017221970,0.017221796
8,82,receive_authenticate_accumulate,0.000058647,0.000057926
8,82,receive_authenticate_accumulate,0.017222006,0.017221723
8,82,receive_authenticate_accumulate,0.000058203,0.000057870
8,82,receive_authenticate_accumulate,0.017256451,0.017256389
8,82,receive_authenticate_accumulate,0.000058147,0.000057814
8,82,receive_authenticate_accumulate,0.017235839,0.017235630
8,82,receive_authenticate_accumulate,0.000056778,0.000056352
8,82,receive_authenticate_accumulate,0.017220507,0.017220425
8,82,receive_authenticate_accumulate,0.000057036,0.000056667
8,82,receive_authenticate_accumulate,0.017217359,0.017217296
8,82,receive_authenticate_accumulate,0.000057832,0.000057703
8,82,receive_authenticate_accumulate,0.017223340,0.017223352
8,82,receive_authenticate_accumulate,0.000056722,0.000056482
8,82,receive_authenticate_accumulate,0.017220840,0.017220259
8,82,receive_authenticate_accumulate,0.000057166,0.000056815
8,82,round_coverage,0.000003092,0.000002482
8,82,spatial_report,0.000040629,0.000040389
8,83,round_reset,0.000010315,0.000008982
8,83,receive_authenticate_accumulate,0.017224026,0.017224018
8,83,receive_authenticate_accumulate,0.000057036,0.000056704
8,83,receive_authenticate_accumulate,0.017219064,0.017219130
8,83,receive_authenticate_accumulate,0.000056648,0.000056371
8,83,receive_authenticate_accumulate,0.017221934,0.017221907
8,83,receive_authenticate_accumulate,0.000056333,0.000056166
8,83,receive_authenticate_accumulate,0.017236489,0.017236500
8,83,receive_authenticate_accumulate,0.000058129,0.000057926
8,83,receive_authenticate_accumulate,0.017250897,0.017238851
8,83,receive_authenticate_accumulate,0.000057407,0.000057241
8,83,receive_authenticate_accumulate,0.017248823,0.017234537
8,83,receive_authenticate_accumulate,0.000056944,0.000056722
8,83,reading_commitment_and_shares,0.026204046,0.026204203
8,83,receive_authenticate_accumulate,0.017215546,0.017215537
8,83,receive_authenticate_accumulate,0.000058722,0.000058407
8,83,receive_authenticate_accumulate,0.017258712,0.017235259
8,83,receive_authenticate_accumulate,0.000057018,0.000056741
8,83,receive_authenticate_accumulate,0.017225101,0.017225000
8,83,receive_authenticate_accumulate,0.000056925,0.000056611
8,83,receive_authenticate_accumulate,0.017224175,0.017224240
8,83,receive_authenticate_accumulate,0.000055777,0.000055463
8,83,receive_authenticate_accumulate,0.017219397,0.017219351
8,83,receive_authenticate_accumulate,0.000057222,0.000056963
8,83,receive_authenticate_accumulate,0.017223323,0.017223278
8,83,receive_authenticate_accumulate,0.000057407,0.000057148
8,83,receive_authenticate_accumulate,0.017222583,0.017222278
8,83,receive_authenticate_accumulate,0.000057185,0.000056908
8,83,receive_authenticate_accumulate,0.017218008,0.017217963
8,83,receive_authenticate_accumulate,0.000056777,0.000056482
8,83,receive_authenticate_accumulate,0.017223879,0.017223815
8,83,receive_authenticate_accumulate,0.000055536,0.000055315
8,83,receive_authenticate_accumulate,0.017224916,0.017225037
8,83,receive_authenticate_accumulate,0.000057425,0.000057204
8,83,receive_authenticate_accumulate,0.017220712,0.017220815
8,83,receive_authenticate_accumulate,0.000056314,0.000056241
8,83,receive_authenticate_accumulate,0.017224082,0.017223870
8,83,receive_authenticate_accumulate,0.000058981,0.000058722
8,83,receive_authenticate_accumulate,0.017227360,0.017227296
8,83,receive_authenticate_accumulate,0.000056203,0.000055963
8,83,receive_authenticate_accumulate,0.017222953,0.017222944
8,83,receive_authenticate_accumulate,0.000056352,0.000056111
8,83,round_coverage,0.000003963,0.000003537
8,83,spatial_report,0.000041685,0.000041426
8,84,round_reset,0.000009408,0.000007759
8,84,receive_authenticate_accumulate,0.017221455,0.017221574
8,84,receive_authenticate_accumulate,0.000074907,0.000074723
8,84,receive_authenticate_accumulate,0.017253028,0.017233834
8,84,receive_authenticate_accumulate,0.000056610,0.000056259
8,84,receive_authenticate_accumulate,0.017235899,0.017236093
8,84,receive_authenticate_accumulate,0.000057721,0.000057463
8,84,receive_authenticate_accumulate,0.017213547,0.017213722
8,84,receive_authenticate_accumulate,0.000056480,0.000056370
8,84,receive_authenticate_accumulate,0.017220714,0.017220648
8,84,receive_authenticate_accumulate,0.000075277,0.000075111
8,84,receive_authenticate_accumulate,0.017223288,0.017223203
8,84,receive_authenticate_accumulate,0.000056018,0.000055760
8,84,reading_commitment_and_shares,0.026240752,0.026240833
8,84,receive_authenticate_accumulate,0.017233195,0.017233277
8,84,receive_authenticate_accumulate,0.000059054,0.000058889
8,84,receive_authenticate_accumulate,0.017228639,0.017228630
8,84,receive_authenticate_accumulate,0.000056129,0.000055889
8,84,receive_authenticate_accumulate,0.017232380,0.017232241
8,84,receive_authenticate_accumulate,0.000056573,0.000056315
8,84,receive_authenticate_accumulate,0.017255010,0.017228945
8,84,receive_authenticate_accumulate,0.000071722,0.000057852
8,84,receive_authenticate_accumulate,0.017224455,0.017224444
8,84,receive_authenticate_accumulate,0.000056574,0.000056352
8,84,receive_authenticate_accumulate,0.017224566,0.017224704
8,84,receive_authenticate_accumulate,0.000056611,0.000056500
8,84,receive_authenticate_accumulate,0.017220769,0.017220703
8,84,receive_authenticate_accumulate,0.000057777,0.000057537
8,84,receive_authenticate_accumulate,0.017219399,0.017219389
8,84,receive_authenticate_accumulate,0.000056888,0.000056592
8,84,receive_authenticate_accumulate,0.017217677,0.017217722
8,84,receive_authenticate_accumulate,0.000055370,0.000055111
8,84,receive_authenticate_accumulate,0.017219491,0.017219426
8,84,receive_authenticate_accumulate,0.000056555,0.000056426
8,84,receive_authenticate_accumulate,0.017214843,0.017214852
8,84,receive_authenticate_accumulate,0.000056018,0.000055630
8,84,receive_authenticate_accumulate,0.017270158,0.017236981
8,84,receive_authenticate_accumulate,0.000056110,0.000055815
8,84,receive_authenticate_accumulate,0.017215122,0.017215074
8,84,receive_authenticate_accumulate,0.000055851,0.000055611
8,84,receive_authenticate_accumulate,0.017218176,0.017218130
8,84,receive_authenticate_accumulate,0.000057481,0.000057018
8,84,round_coverage,0.000003926,0.000003259
8,84,spatial_report,0.000042000,0.000041555
8,85,round_reset,0.000009778,0.000008352
8,85,receive_authenticate_accumulate,0.017278381,0.017243593
8,85,receive_authenticate_accumulate,0.000057481,0.000057260
8,85,receive_authenticate_accumulate,0.017225438,0.017225333
8,85,receive_authenticate_accumulate,0.000056221,0.000055926
8,85,receive_authenticate_accumulate,0.017223827,0.017223815
8,85,receive_authenticate_accumulate,0.000056296,0.000056018
8,85,receive_authenticate_accumulate,0.017226011,0.017225963
8,85,receive_authenticate_accumulate,0.000056907,0.000056611
8,85,receive_authenticate_accumulate,0.017217956,0.017218074
8,85,receive_authenticate_accumulate,0.000057462,0.000057352
8,85,receive_authenticate_accumulate,0.017219308,0.017219185
8,85,receive_authenticate_accumulate,0.000057407,0.000057148
8,85,reading_commitment_and_shares,0.026193977,0.026194185
8,85,receive_authenticate_accumulate,0.017214771,0.017214741
8,85,receive_authenticate_accumulate,0.000057222,0.000057000
8,85,receive_authenticate_accumulate,0.017225160,0.017225056
8,85,receive_authenticate_accumulate,0.000056925,0.000056815
8,85,receive_authenticate_accumulate,0.017218290,0.017218425
8,85,receive_authenticate_accumulate,0.000057352,0.000057148
8,85,receive_authenticate_accumulate,0.017252567,0.017253685
8,85,receive_authenticate_accumulate,0.000057629,0.000057407
8,85,receive_authenticate_accumulate,0.017242290,0.017242352
8,85,receive_authenticate_accumulate,0.000056573,0.000056407
8,85,receive_authenticate_accumulate,0.017251659,0.017227111
8,85,receive_authenticate_accumulate,0.000057129,0.000056778
8,85,receive_authenticate_accumulate,0.017219642,0.017219482
8,85,receive_authenticate_accumulate,0.000058110,0.000057704
8,85,receive_authenticate_accumulate,0.017233549,0.017233685
8,85,receive_authenticate_accumulate,0.000056814,0.000056593
8,85,receive_authenticate_accumulate,0.017221104,0.017221130
8,85,receive_authenticate_accumulate,0.000056277,0.000056074
8,85,receive_authenticate_accumulate,0.017227548,0.017227537
8,85,receive_authenticate_accumulate,0.000057315,0.000057093
8,85,receive_authenticate_accumulate,0.017219827,0.017219815
8,85,receive_authenticate_accumulate,0.000057203,0.000056871
8,85,receive_authenticate_accumulate,0.017222530,0.017222611
8,85,receive_authenticate_accumulate,0.000054889,0.000054760
8,85,receive_authenticate_accumulate,0.017217382,0.017217314
8,85,receive_authenticate_accumulate,0.000056648,0.000056389
8,85,receive_authenticate_accumulate,0.017226586,0.017226519
8,85,receive_authenticate_accumulate,0.000057759,0.000057407
8,85,round_coverage,0.000003445,0.000002741
8,85,spatial_report,0.000041240,0.000040870
8,86,round_reset,0.000009093,0.000007796
8,86,receive_authenticate_accumulate,0.017226587,0.017226445
8,86,receive_authenticate_accumulate,0.000056981,0.000056686
8,86,receive_authenticate_accumulate,0.017221087,0.017221185
8,86,receive_authenticate_accumulate,0.000057759,0.000057519
8,86,receive_authenticate_accumulate,0.017229717,0.017229777
8,86,receive_authenticate_accumulate,0.000057425,0.000057259
8,86,receive_authenticate_accumulate,0.017228124,0.017228148
8,86,receive_authenticate_accumulate,0.000057703,0.000057371
8,86,receive_authenticate_accumulate,0.017221976,0.017221852
8,86,receive_authenticate_accumulate,0.000057277,0.000057000
8,86,receive_authenticate_accumulate,0.017216106,0.017216018
8,86,receive_authenticate_accumulate,0.000056962,0.000056463
8,86,reading_commitment_and_shares,0.026205238,0.026205277
8,86,receive_authenticate_accumulate,0.017221551,0.017221574
8,86,receive_authenticate_accumulate,0.000056851,0.000056629
8,86,receive_authenticate_accumulate,0.017226254,0.017226129
8,86,receive_authenticate_accumulate,0.000056703,0.000056500
8,86,receive_authenticate_accumulate,0.017222625,0.017222482
8,86,receive_authenticate_accumulate,0.000057129,0.000056833
8,86,receive_authenticate_accumulate,0.017216902,0.017216814
8,86,receive_authenticate_accumulate,0.000056851,0.000056648
8,86,receive_authenticate_accumulate,0.017227198,0.017227259
8,86,receive_authenticate_accumulate,0.000057425,0.000057334
8,86,receive_authenticate_accumulate,0.017214772,0.017214759
8,86,receive_authenticate_accumulate,0.000057462,0.000057278
8,86,receive_authenticate_accumulate,0.017272309,0.017232850
8,86,receive_authenticate_accumulate,0.000058740,0.000058518
8,86,receive_authenticate_accumulate,0.017222106,0.017221833
8,86,receive_authenticate_accumulate,0.000056833,0.000056518
8,86,receive_authenticate_accumulate,0.017264680,0.017235296
8,86,receive_authenticate_accumulate,0.000056036,0.000055740
8,86,receive_authenticate_accumulate,0.017227662,0.017227833
8,86,receive_authenticate_accumulate,0.000057481,0.000057315
8,86,receive_authenticate_accumulate,0.017222180,0.017222185
8,86,receive_authenticate_accumulate,0.000056981,0.000056722
8,86,receive_authenticate_accumulate,0.017217754,0.017217630
8,86,receive_authenticate_accumulate,0.000056443,0.000056148
8,86,receive_authenticate_accumulate,0.017226254,0.017226222
8,86,receive_authenticate_accumulate,0.000056795,0.000056500
8,86,receive_authenticate_accumulate,0.017224680,0.017224518
8,86,receive_authenticate_accumulate,0.000057315,0.000057056
8,86,round_coverage,0.000003426,0.000002944
8,86,spatial_report,0.000041296,0.000040815
8,87,round_reset,0.000009555,0.000008204
8,87,receive_authenticate_accumulate,0.017222718,0.017222722
8,87,receive_authenticate_accumulate,0.000056981,0.000056686
8,87,receive_authenticate_accumulate,0.017219755,0.017219778
8,87,receive_authenticate_accumulate,0.000057518,0.000057222
8,87,receive_authenticate_accumulate,0.017234866,0.017234852
8,87,receive_authenticate_accumulate,0.000057221,0.000057037
8,87,receive_authenticate_accumulate,0.017262125,0.017233945
8,87,receive_authenticate_accumulate,0.000057000,0.000056666
8,87,receive_authenticate_accumulate,0.017222737,0.017222796
8,87,receive_authenticate_accumulate,0.000056759,0.000056500
8,87,receive_authenticate_accumulate,0.017223774,0.017223760
8,87,receive_authenticate_accumulate,0.000056148,0.000056000
8,87,reading_commitment_and_shares,0.026229314,0.026202797
8,87,receive_authenticate_accumulate,0.017215941,0.017216092
8,87,receive_authenticate_accumulate,0.000057573,0.000057278
8,87,receive_authenticate_accumulate,0.017225441,0.017225315
8,87,receive_authenticate_accumulate,0.000056240,0.000056000
8,87,receive_authenticate_accumulate,0.017220514,0.017220333
8,87,receive_authenticate_accumulate,0.000056388,0.000056074
8,87,receive_authenticate_accumulate,0.017216033,0.017216166
8,87,receive_authenticate_accumulate,0.000057407,0.000057148
8,87,receive_authenticate_accumulate,0.017229977,0.017230148
8,87,receive_authenticate_accumulate,0.000056055,0.000055778
8,87,receive_authenticate_accumulate,0.017222182,0.017222129
8,87,receive_authenticate_accumulate,0.000056425,0.000056277
8,87,receive_authenticate_accumulate,0.017225125,0.017225055
8,87,receive_authenticate_accumulate,0.000057259,0.000056981
8,87,receive_authenticate_accumulate,0.017225885,0.017225759
8,87,receive_authenticate_accumulate,0.000055851,0.000055649
8,87,receive_authenticate_accumulate,0.017229422,0.017229148
8,87,receive_authenticate_accumulate,0.000057333,0.000057148
8,87,receive_authenticate_accumulate,0.017327439,0.017284222
8,87,receive_authenticate_accumulate,0.000058370,0.000058185
8,87,receive_authenticate_accumulate,0.017317717,0.017280055
8,87,receive_authenticate_accumulate,0.000057203,0.000057037
8,87,receive_authenticate_accumulate,0.017225700,0.017225611
8,87,receive_authenticate_accumulate,0.000056129,0.000055796
8,87,receive_authenticate_accumulate,0.017225441,0.017225370
8,87,receive_authenticate_accumulate,0.000056499,0.000056185
8,87,receive_authenticate_accumulate,0.017293200,0.017253481
8,87,receive_authenticate_accumulate,0.000055703,0.000055630
8,87,round_coverage,0.000003018,0.000002611
8,87,spatial_report,0.000041370,0.000040796
8,88,round_reset,0.000009722,0.000008463
8,88,receive_authenticate_accumulate,0.017228256,0.017228334
8,88,receive_authenticate_accumulate,0.000056333,0.000056093
8,88,receive_authenticate_accumulate,0.017222812,0.017222611
8,88,receive_authenticate_accumulate,0.000057500,0.000057278
8,88,receive_authenticate_accumulate,0.017229553,0.017229537
8,88,receive_authenticate_accumulate,0.000056685,0.000056370
8,88,receive_authenticate_accumulate,0.017234146,0.017234166
8,88,receive_authenticate_accumulate,0.000058074,0.000057759
8,88,receive_authenticate_accumulate,0.017261127,0.017234204
8,88,receive_authenticate_accumulate,0.000082851,0.000082815
8,88,receive_authenticate_accumulate,0.017222775,0.017222852
8,88,receive_authenticate_accumulate,0.000055889,0.000055722
8,88,reading_commitment_and_shares,0.026187816,0.026187870
8,88,receive_authenticate_accumulate,0.017222887,0.017222852
8,88,receive_authenticate_accumulate,0.000054926,0.000054703
8,88,receive_authenticate_accumulate,0.017217257,0.017217241
8,88,receive_authenticate_accumulate,0.000054722,0.000054482
8,88,receive_authenticate_accumulate,0.017215053,0.017214926
8,88,receive_authenticate_accumulate,0.000053722,0.000053482
8,88,receive_authenticate_accumulate,0.017212905,0.017212796
8,88,receive_authenticate_accumulate,0.000055722,0.000055093
8,88,receive_authenticate_accumulate,0.017228127,0.017228259
8,88,receive_authenticate_accumulate,0.000054796,0.000054537
8,88,receive_authenticate_accumulate,0.017215423,0.017215389
8,88,receive_authenticate_accumulate,0.000054444,0.000054167
8,88,receive_authenticate_accumulate,0.017270868,0.017230703
8,88,receive_authenticate_accumulate,0.000076184,0.000075945
8,88,receive_authenticate_accumulate,0.017222368,0.017222445
8,88,receive_authenticate_accumulate,0.000054370,0.000054130
8,88,receive_authenticate_accumulate,0.017222461,0.017222463
8,88,receive_authenticate_accumulate,0.000052962,0.000052797
8,88,receive_authenticate_accumulate,0.017227035,0.017226962
8,88,receive_authenticate_accumulate,0.000054499,0.000053908
8,88,receive_authenticate_accumulate,0.017235850,0.017235889
8,88,receive_authenticate_accumulate,0.000054351,0.000054166
8,88,receive_authenticate_accumulate,0.017216387,0.017216389
8,88,receive_authenticate_accumulate,0.000055518,0.000055296
8,88,receive_authenticate_accumulate,0.017292701,0.017265666
8,88,receive_authenticate_accumulate,0.000058481,0.000058315
8,88,receive_authenticate_accumulate,0.017224071,0.017224019
8,88,receive_authenticate_accumulate,0.000055629,0.000055426
8,88,round_coverage,0.000003296,0.000002648
8,88,spatial_report,0.000041166,0.000040778
8,89,round_reset,0.000009463,0.000007852
8,89,receive_authenticate_accumulate,0.017227072,0.017227185
8,89,receive_authenticate_accumulate,0.000056055,0.000055852
8,89,receive_authenticate_accumulate,0.017218850,0.017218945
8,89,receive_authenticate_accumulate,0.000056907,0.000056667
8,89,receive_authenticate_accumulate,0.017250054,0.017228871
8,89,receive_authenticate_accumulate,0.000058166,0.000058037
8,89,receive_authenticate_accumulate,0.017222684,0.017222611
8,89,receive_authenticate_accumulate,0.000056906,0.000056723
8,89,receive_authenticate_accumulate,0.017219221,0.017219111
8,89,receive_authenticate_accumulate,0.000056315,0.000056111
8,89,receive_authenticate_accumulate,0.017225665,0.017225648
8,89,receive_authenticate_accumulate,0.000056370,0.000056167
8,89,reading_commitment_and_shares,0.026201429,0.026201556
8,89,receive_authenticate_accumulate,0.017215721,0.017215796
8,89,receive_authenticate_accumulate,0.000056722,0.000056500
8,89,receive_authenticate_accumulate,0.017258368,0.017230963
8,89,receive_authenticate_accumulate,0.000056944,0.000056797
8,89,receive_authenticate_accumulate,0.017227295,0.017227203
8,89,receive_authenticate_accumulate,0.000056055,0.000055870
8,89,receive_authenticate_accumulate,0.017224776,0.017224592
8,89,receive_authenticate_accumulate,0.000056722,0.000056407
8,89,receive_authenticate_accumulate,0.017218628,0.017218648
8,89,receive_authenticate_accumulate,0.000056352,0.000056129
8,89,receive_authenticate_accumulate,0.017216425,0.017216611
8,89,receive_authenticate_accumulate,0.000055778,0.000055537
8,89,receive_authenticate_accumulate,0.017225499,0.017225593
8,89,receive_authenticate_accumulate,0.000078481,0.000078185
8,89,receive_authenticate_accumulate,0.017221425,0.017221259
8,89,receive_authenticate_accumulate,0.000056703,0.000056537
8,89,receive_authenticate_accumulate,0.017218943,0.017218870
8,89,receive_authenticate_accumulate,0.000057258,0.000056870
8,89,receive_authenticate_accumulate,0.017222870,0.017222815
8,89,receive_authenticate_accumulate,0.000057463,0.000057204
8,89,receive_authenticate_accumulate,0.017221758,0.017221833
8,89,receive_authenticate_accumulate,0.000057406,0.000057259
8,89,receive_authenticate_accumulate,0.017224499,0.017224518
8,89,receive_authenticate_accumulate,0.000056666,0.000056370
8,89,receive_authenticate_accumulate,0.017228407,0.017228352
8,89,receive_authenticate_accumulate,0.000056389,0.000056223
8,89,receive_authenticate_accumulate,0.017229443,0.017229519
8,89,receive_authenticate_accumulate,0.000057370,0.000057056
8,89,round_coverage,0.000003092,0.000002648
8,89,spatial_report,0.000041129,0.000040926
8,89,billing_report,0.000423348,0.000423148
9,90,period_reset,0.000025000,0.000023685
9,90,receive_authenticate_accumulate,0.000096962,0.000096704
9,90,receive_authenticate_accumulate,0.000092425,0.000092037
9,90,receive_authenticate_accumulate,0.000091574,0.000091167
9,90,receive_authenticate_accumulate,0.000089777,0.000089463
9,90,receive_authenticate_accumulate,0.000090258,0.000089889
9,90,receive_authenticate_accumulate,0.000091017,0.000090815
9,90,randomness_commit,0.000811955,0.000811463
9,90,receive_authenticate_accumulate,0.000084832,0.000084833
9,90,receive_authenticate_accumulate,0.000091351,0.000090908
9,90,receive_authenticate_accumulate,0.000063296,0.000062592
9,90,receive_authenticate_accumulate,0.000062480,0.000062111
9,90,receive_authenticate_accumulate,0.000062351,0.000061833
9,90,receive_authenticate_accumulate,0.000062684,0.000062519
9,90,receive_authenticate_accumulate,0.000062000,0.000061685
9,90,receive_authenticate_accumulate,0.000060759,0.000060352
9,90,receive_authenticate_accumulate,0.000061815,0.000061518
9,90,receive_authenticate_accumulate,0.000061352,0.000061037
9,90,receive_authenticate_accumulate,0.000061833,0.000061500
9,90,receive_authenticate_accumulate,0.000062203,0.000062074
9,90,receive_authenticate_accumulate,0.000061814,0.000061592
9,90,receive_authenticate_accumulate,0.000062185,0.000062019
9,90,receive_authenticate_accumulate,0.000074536,0.000074259
9,90,receive_authenticate_accumulate,0.000074832,0.000074741
9,90,receive_authenticate_accumulate,0.000076203,0.000076148
9,90,receive_authenticate_accumulate,0.000077480,0.000077426
9,90,receive_authenticate_accumulate,0.000075796,0.000075556
9,90,receive_authenticate_accumulate,0.000075591,0.000075222
9,90,randomness_reveal,0.000499439,0.000498778
9,90,receive_authenticate_accumulate,0.000068388,0.000068296
9,90,receive_authenticate_accumulate,0.000074944,0.000074518
9,90,receive_authenticate_accumulate,0.000073925,0.000073686
9,90,receive_authenticate_accumulate,0.000076129,0.000075611
9,90,receive_authenticate_accumulate,0.000075407,0.000075111
9,90,receive_authenticate_accumulate,0.000076481,0.000076056
9,90,receive_authenticate_accumulate,0.000050000,0.000049796
9,90,receive_authenticate_accumulate,0.000046500,0.000046223
9,90,receive_authenticate_accumulate,0.000048314,0.000048056
9,90,receive_authenticate_accumulate,0.000049296,0.000049167
9,90,receive_authenticate_accumulate,0.000046481,0.000046259
9,90,receive_authenticate_accumulate,0.000048407,0.000048167
9,90,receive_authenticate_accumulate,0.000048611,0.000048315
9,90,receive_authenticate_accumulate,0.000047684,0.000047352
9,90,committee_selection,0.000085203,0.000085018
9,90,round_reset,0.000003981,0.000003407
9,90,receive_authenticate_accumulate,0.017222629,0.017222574
9,90,receive_authenticate_accumulate,0.000057184,0.000056982
9,90,receive_authenticate_accumulate,0.017290240,0.017260463
9,90,receive_authenticate_accumulate,0.000056240,0.000056093
9,90,receive_authenticate_accumulate,0.017228351,0.017228278
9,90,receive_authenticate_accumulate,0.000057869,0.000057685
9,90,receive_authenticate_accumulate,0.017223833,0.017223722
9,90,receive_authenticate_accumulate,0.000056815,0.000056519
9,90,receive_authenticate_accumulate,0.017262314,0.017237001
9,90,receive_authenticate_accumulate,0.000057907,0.000057630
9,90,receive_authenticate_accumulate,0.017227999,0.017227907
9,90,receive_authenticate_accumulate,0.000057277,0.000057037
9,90,reading_commitment_and_shares,0.026205709,0.026205796
9,90,receive_authenticate_accumulate,0.017213926,0.017213834
9,90,receive_authenticate_accumulate,0.000055222,0.000054945
9,90,receive_authenticate_accumulate,0.017218259,0.017218129
9,90,receive_authenticate_accumulate,0.000056814,0.000056667
9,90,receive_authenticate_accumulate,0.017217870,0.017217778
9,90,receive_authenticate_accumulate,0.000057314,0.000057129
9,90,receive_authenticate_accumulate,0.017227389,0.017227278
9,90,receive_authenticate_accumulate,0.000056833,0.000056574
9,90,receive_authenticate_accumulate,0.017219185,0.017219296
9,90,receive_authenticate_accumulate,0.000056685,0.000056519
9,90,receive_authenticate_accumulate,0.017231482,0.017231462
9,90,receive_authenticate_accumulate,0.000056241,0.000055833
9,90,receive_authenticate_accumulate,0.017292703,0.017268333
9,90,receive_authenticate_accumulate,0.000056666,0.000056389
9,90,receive_authenticate_accumulate,0.017219500,0.017219463
9,90,receive_authenticate_accumulate,0.000057999,0.000057907
9,90,receive_authenticate_accumulate,0.017226000,0.017225962
9,90,receive_authenticate_accumulate,0.000058407,0.000058259
9,90,receive_authenticate_accumulate,0.017233297,0.017233037
9,90,receive_authenticate_accumulate,0.000055351,0.000055241
9,90,receive_authenticate_accumulate,0.017270481,0.017243629
9,90,receive_authenticate_accumulate,0.000055852,0.000055667
9,90,receive_authenticate_accumulate,0.017221870,0.017221759
9,90,receive_authenticate_accumulate,0.000056462,0.000056203
9,90,receive_authenticate_accumulate,0.017228277,0.017228241
9,90,receive_authenticate_accumulate,0.000057407,0.000056870
9,90,receive_authenticate_accumulate,0.017222815,0.017222889
9,90,receive_authenticate_accumulate,0.000057277,0.000056926
9,90,round_coverage,0.000003537,0.000002982
9,90,spatial_report,0.000040444,0.000040166
9,91,round_reset,0.000008870,0.000007574
9,91,receive_authenticate_accumulate,0.017332519,0.017333223
9,91,receive_authenticate_accumulate,0.000058944,0.000058871
9,91,receive_authenticate_accumulate,0.017329185,0.017277092
9,91,receive_authenticate_accumulate,0.000058462,0.000058259
9,91,receive_authenticate_accumulate,0.017231057,0.017230962
9,91,receive_authenticate_accumulate,0.000058555,0.000058240
9,91,receive_authenticate_accumulate,0.017231815,0.017231648
9,91,receive_authenticate_accumulate,0.000057537,0.000057315
9,91,receive_authenticate_accumulate,0.017218593,0.017218519
9,91,receive_authenticate_accumulate,0.000058110,0.000057908
9,91,receive_authenticate_accumulate,0.017218316,0.017218203
9,91,receive_authenticate_accumulate,0.000057148,0.000056963
9,91,reading_commitment_and_shares,0.026202581,0.026202870
9,91,receive_authenticate_accumulate,0.017226611,0.017226574
9,91,receive_authenticate_accumulate,0.000058352,0.000058204
9,91,receive_authenticate_accumulate,0.017216057,0.017215889
9,91,receive_authenticate_accumulate,0.000057704,0.000057463
9,91,receive_authenticate_accumulate,0.017222242,0.017222092
9,91,receive_authenticate_accumulate,0.000057740,0.000057740
9,91,receive_authenticate_accumulate,0.017225112,0.017225000
9,91,receive_authenticate_accumulate,0.000057333,0.000057074
9,91,receive_authenticate_accumulate,0.017229871,0.017229815
9,91,receive_authenticate_accumulate,0.000057667,0.000057407
9,91,receive_authenticate_accumulate,0.017271019,0.017245111
9,91,receive_authenticate_accumulate,0.000056185,0.000055963
9,91,receive_authenticate_accumulate,0.017222779,0.017222741
9,91,receive_authenticate_accumulate,0.000057833,0.000057685
9,91,receive_authenticate_accumulate,0.017266371,0.017235315
9,91,receive_authenticate_accumulate,0.000057573,0.000057481
9,91,receive_authenticate_accumulate,0.017223187,0.017222926
9,91,receive_authenticate_accumulate,0.000057407,0.000057204
9,91,receive_authenticate_accumulate,0.017229242,0.017229222
9,91,receive_authenticate_accumulate,0.000057166,0.000056870
9,91,receive_authenticate_accumulate,0.017236019,0.017236148
9,91,receive_authenticate_accumulate,0.000057778,0.000057741
9,91,receive_authenticate_accumulate,0.017217371,0.017217425
9,91,receive_authenticate_accumulate,0.000058870,0.000058500
9,91,receive_authenticate_accumulate,0.017222204,0.017222130
9,91,receive_authenticate_accumulate,0.000057499,0.000057408
9,91,receive_authenticate_accumulate,0.017222316,0.017222241
9,91,receive_authenticate_accumulate,0.000058462,0.000058314
9,91,round_coverage,0.000004130,0.000003463
9,91,spatial_report,0.000041315,0.000041037
9,92,round_reset,0.000009852,0.000008648
9,92,receive_authenticate_accumulate,0.017224317,0.017223759
9,92,receive_authenticate_accumulate,0.000058592,0.000058425
9,92,receive_authenticate_accumulate,0.017219353,0.017219333
9,92,receive_authenticate_accumulate,0.000057592,0.000057352
9,92,receive_authenticate_accumulate,0.017262779,0.017239870
9,92,receive_authenticate_accumulate,0.000058277,0.000057963
9,92,receive_authenticate_accumulate,0.017220798,0.017220685
9,92,receive_authenticate_accumulate,0.000058332,0.000057963
9,92,receive_authenticate_accumulate,0.017234817,0.017234851
9,92,receive_authenticate_accumulate,0.000058851,0.000058648
9,92,receive_authenticate_accumulate,0.017246187,0.017246111
9,92,receive_authenticate_accumulate,0.000058203,0.000058167
9,92,reading_commitment_and_shares,0.026243397,0.026214721
9,92,receive_authenticate_accumulate,0.017225779,0.017225611
9,92,receive_authenticate_accumulate,0.000056814,0.000056629
9,92,receive_authenticate_accumulate,0.017228039,0.017228037
9,92,receive_authenticate_accumulate,0.000058018,0.000057796
9,92,receive_authenticate_accumulate,0.017231150,0.017231037
9,92,receive_authenticate_accumulate,0.000056630,0.000056407
9,92,receive_authenticate_accumulate,0.017222225,0.017222111
9,92,receive_authenticate_accumulate,0.000057055,0.000056907
9,92,receive_authenticate_accumulate,0.017238021,0.017238130
9,92,receive_authenticate_accumulate,0.000058203,0.000057871
9,92,receive_authenticate_accumulate,0.017226632,0.017226537
9,92,receive_authenticate_accumulate,0.000057221,0.000056963
9,92,receive_authenticate_accumulate,0.017221039,0.017220944
9,92,receive_authenticate_accumulate,0.000058148,0.000057815
9,92,receive_authenticate_accumulate,0.017226983,0.017226889
9,92,receive_authenticate_accumulate,0.000056981,0.000056722
9,92,receive_authenticate_accumulate,0.017313205,0.017273777
9,92,receive_authenticate_accumulate,0.000055907,0.000055778
9,92,receive_authenticate_accumulate,0.017227261,0.017226944
9,92,receive_authenticate_accumulate,0.000055074,0.000054871
9,92,receive_authenticate_accumulate,0.017264965,0.017236870
9,92,receive_authenticate_accumulate,0.000054981,0.000054778
9,92,receive_authenticate_accumulate,0.017224021,0.017224111
9,92,receive_authenticate_accumulate,0.000054018,0.000053778
9,92,receive_authenticate_accumulate,0.017293020,0.017252517
9,92,receive_authenticate_accumulate,0.000057073,0.000056778
9,92,receive_authenticate_accumulate,0.017227299,0.017227037
9,92,receive_authenticate_accumulate,0.000056185,0.000055944
9,92,round_coverage,0.000003889,0.000003185
9,92,spatial_report,0.000041925,0.000041629
9,93,round_reset,0.000008555,0.000007277
9,93,receive_authenticate_accumulate,0.017419130,0.017418148
9,93,receive_authenticate_accumulate,0.000056351,0.000056000
9,93,receive_authenticate_accumulate,0.017222392,0.017222296
9,93,receive_authenticate_accumulate,0.000055166,0.000054945
9,93,receive_authenticate_accumulate,0.017223466,0.017223481
9,93,receive_authenticate_accumulate,0.000056759,0.000056630
9,93,receive_authenticate_accumulate,0.017219614,0.017219241
9,93,receive_authenticate_accumulate,0.000055611,0.000055352
9,93,receive_authenticate_accumulate,0.017263743,0.017247537
9,93,receive_authenticate_accumulate,0.000056092,0.000055926
9,93,receive_authenticate_accumulate,0.017227373,0.017227297
9,93,receive_authenticate_accumulate,0.000055351,0.000055093
9,93,reading_commitment_and_shares,0.026204436,0.026204166
9,93,receive_authenticate_accumulate,0.017219521,0.017219629
9,93,receive_authenticate_accumulate,0.000056055,0.000055889
9,93,receive_authenticate_accumulate,0.017287576,0.017260944
9,93,receive_authenticate_accumulate,0.000059592,0.000059445
9,93,receive_authenticate_accumulate,0.017229577,0.017229444
9,93,receive_authenticate_accumulate,0.000058481,0.000058260
9,93,receive_authenticate_accumulate,0.017230559,0.017230444
9,93,receive_authenticate_accumulate,0.000056407,0.000056148
9,93,receive_authenticate_accumulate,0.017217133,0.017217111
9,93,receive_authenticate_accumulate,0.000058204,0.000057963
9,93,receive_authenticate_accumulate,0.017219855,0.017219797
9,93,receive_authenticate_accumulate,0.000056277,0.000055870
9,93,receive_authenticate_accumulate,0.017223041,0.017222889
9,93,receive_authenticate_accumulate,0.000057203,0.000057000
9,93,receive_authenticate_accumulate,0.017228318,0.017228240
9,93,receive_authenticate_accumulate,0.000057740,0.000057630
9,93,receive_authenticate_accumulate,0.017220929,0.017220778
9,93,receive_authenticate_accumulate,0.000058000,0.000057796
9,93,receive_authenticate_accumulate,0.017230614,0.017230481
9,93,receive_authenticate_accumulate,0.000058277,0.000057630
9,93,receive_authenticate_accumulate,0.017241002,0.017240888
9,93,receive_authenticate_accumulate,0.000057518,0.000057296
9,93,receive_authenticate_accumulate,0.017220688,0.017220593
9,93,receive_authenticate_accumulate,0.000056462,0.000056203
9,93,receive_authenticate_accumulate,0.017216003,0.017215944
9,93,receive_authenticate_accumulate,0.000071166,0.000071018
9,93,receive_authenticate_accumulate,0.017227411,0.017227036
9,93,receive_authenticate_accumulate,0.000057999,0.000057630
9,93,round_coverage,0.000004297,0.000003649
9,93,spatial_report,0.000040592,0.000040296
9,94,round_reset,0.000009426,0.000007815
9,94,receive_authenticate_accumulate,0.017232374,0.017232370
9,94,receive_authenticate_accumulate,0.000057536,0.000057389
9,94,receive_authenticate_accumulate,0.017228523,0.017228333
9,94,receive_authenticate_accumulate,0.000057037,0.000056889
9,94,receive_authenticate_accumulate,0.017218448,0.017218277
9,94,receive_authenticate_accumulate,0.000057036,0.000056945
9,94,receive_authenticate_accumulate,0.017215652,0.017215444
9,94,receive_authenticate_accumulate,0.000073055,0.000072963
9,94,receive_authenticate_accumulate,0.017221504,0.017221444
9,94,receive_authenticate_accumulate,0.000057277,0.000057166
9,94,receive_authenticate_accumulate,0.017233652,0.017233537
9,94,receive_authenticate_accumulate,0.000056703,0.000056444
9,94,reading_commitment_and_shares,0.026211179,0.026211389
9,94,receive_authenticate_accumulate,0.017219504,0.017219444
9,94,receive_authenticate_accumulate,0.000057759,0.000057592
9,94,receive_authenticate_accumulate,0.017252115,0.017226093
9,94,receive_authenticate_accumulate,0.000058499,0.000071352
9,94,receive_authenticate_accumulate,0.017219578,0.017219500
9,94,receive_authenticate_accumulate,0.000058221,0.000058074
9,94,receive_authenticate_accumulate,0.017234004,0.017233870
9,94,receive_authenticate_accumulate,0.000057833,0.000057611
9,94,receive_authenticate_accumulate,0.017295170,0.017252815
9,94,receive_authenticate_accumulate,0.000059388,0.000059277
9,94,receive_authenticate_accumulate,0.017246152,0.017246111
9,94,receive_authenticate_accumulate,0.000058315,0.000058037
9,94,receive_authenticate_accumulate,0.017224893,0.017224759
9,94,receive_authenticate_accumulate,0.000058814,0.000058556
9,94,receive_authenticate_accumulate,0.017224356,0.017223888
9,94,receive_authenticate_accumulate,0.000057092,0.000056889
9,94,receive_authenticate_accumulate,0.017235671,0.017235593
9,94,receive_authenticate_accumulate,0.000058814,0.000058574
9,94,receive_authenticate_accumulate,0.017223392,0.017223426
9,94,receive_authenticate_accumulate,0.000057296,0.000057074
9,94,receive_authenticate_accumulate,0.017234652,0.017234611
9,94,receive_authenticate_accumulate,0.000057204,0.000057093
9,94,receive_authenticate_accumulate,0.017224338,0.017224074
9,94,receive_authenticate_accumulate,0.000057462,0.000057333
9,94,receive_authenticate_accumulate,0.017229930,0.017229907
9,94,receive_authenticate_accumulate,0.000056759,0.000056518
9,94,receive_authenticate_accumulate,0.017221726,0.017221463
9,94,receive_authenticate_accumulate,0.000059092,0.000058907
9,94,round_coverage,0.000004870,0.000003944
9,94,spatial_report,0.000041111,0.000040852
9,95,round_reset,0.000010148,0.000008945
9,95,receive_authenticate_accumulate,0.017229060,0.017228833
9,95,receive_authenticate_accumulate,0.000057870,0.000057815
9,95,receive_authenticate_accumulate,0.017246134,0.017246111
9,95,receive_authenticate_accumulate,0.000058036,0.000057778
9,95,receive_authenticate_accumulate,0.017225190,0.017225055
9,95,receive_authenticate_accumulate,0.000058092,0.000057889
9,95,receive_authenticate_accumulate,0.017219931,0.017219833
9,95,receive_authenticate_accumulate,0.000057130,0.000056907
9,95,receive_authenticate_accumulate,0.017220375,0.017220296
9,95,receive_authenticate_accumulate,0.000057981,0.000057703
9,95,receive_authenticate_accumulate,0.017285671,0.017254205
9,95,receive_authenticate_accumulate,0.000057296,0.000057111
9,95,reading_commitment_and_shares,0.026194180,0.026194222
9,95,receive_authenticate_accumulate,0.017229283,0.017229389
9,95,receive_authenticate_accumulate,0.000056518,0.000056296
9,95,receive_authenticate_accumulate,0.017213135,0.017213074
9,95,receive_authenticate_accumulate,0.000057888,0.000057593
9,95,receive_authenticate_accumulate,0.017221912,0.017221834
9,95,receive_authenticate_accumulate,0.000070573,0.000070556
9,95,receive_authenticate_accumulate,0.017266337,0.017241926
9,95,receive_authenticate_accumulate,0.000056796,0.000056592
9,95,receive_authenticate_accumulate,0.017233875,0.017233759
9,95,receive_authenticate_accumulate,0.000056684,0.000056444
9,95,receive_authenticate_accumulate,0.017220246,0.017220111
9,95,receive_authenticate_accumulate,0.000058295,0.000058019
9,95,receive_authenticate_accumulate,0.017219153,0.017219056
9,95,receive_authenticate_accumulate,0.000057370,0.000057222
9,95,receive_authenticate_accumulate,0.017228653,0.017228574
9,95,receive_authenticate_accumulate,0.000056648,0.000056500
9,95,receive_authenticate_accumulate,0.017226801,0.017226777
9,95,receive_authenticate_accumulate,0.000059907,0.000059555
9,95,receive_authenticate_accumulate,0.017262394,0.017262889
9,95,receive_authenticate_accumulate,0.000058259,0.000057982
9,95,receive_authenticate_accumulate,0.017220782,0.017220759
9,95,receive_authenticate_accumulate,0.000057444,0.000057241
9,95,receive_authenticate_accumulate,0.017219560,0.017218963
9,95,receive_authenticate_accumulate,0.000057425,0.000057185
9,95,receive_authenticate_accumulate,0.017232116,0.017231981
9,95,receive_authenticate_accumulate,0.000057592,0.000057463
9,95,receive_authenticate_accumulate,0.017228449,0.017228482
9,95,receive_authenticate_accumulate,0.000057092,0.000056741
9,95,round_coverage,0.000004000,0.000003500
9,95,spatial_report,0.000041555,0.000041296
9,96,round_reset,0.000008833,0.000007481
9,96,receive_authenticate_accumulate,0.017229950,0.017229852
9,96,receive_authenticate_accumulate,0.000057240,0.000056925
9,96,receive_authenticate_accumulate,0.017230672,0.017230629
9,96,receive_authenticate_accumulate,0.000056999,0.000056796
9,96,receive_authenticate_accumulate,0.017235228,0.017235222
9,96,receive_authenticate_accumulate,0.000057370,0.000057129
9,96,receive_authenticate_accumulate,0.017230506,0.017230426
9,96,receive_authenticate_accumulate,0.000058518,0.000058111
9,96,receive_authenticate_accumulate,0.017261357,0.017241444
9,96,receive_authenticate_accumulate,0.000057981,0.000057426
9,96,receive_authenticate_accumulate,0.017218395,0.017218185
9,96,receive_authenticate_accumulate,0.000057703,0.000057426
9,96,reading_commitment_and_shares,0.026197996,0.026197945
9,96,receive_authenticate_accumulate,0.017218413,0.017218445
9,96,receive_authenticate_accumulate,0.000058851,0.000058574
9,96,receive_authenticate_accumulate,0.017258968,0.017237111
9,96,receive_authenticate_accumulate,0.000058426,0.000058204
9,96,receive_authenticate_accumulate,0.017234172,0.017233963
9,96,receive_authenticate_accumulate,0.000057740,0.000057500
9,96,receive_authenticate_accumulate,0.017223802,0.017223407
9,96,receive_authenticate_accumulate,0.000057832,0.000057592
9,96,receive_authenticate_accumulate,0.017220061,0.017219889
9,96,receive_authenticate_accumulate,0.000057944,0.000057649
9,96,receive_authenticate_accumulate,0.017232376,0.017232278
9,96,receive_authenticate_accumulate,0.000058203,0.000057797
9,96,receive_authenticate_accumulate,0.017231599,0.017231482
9,96,receive_authenticate_accumulate,0.000057296,0.000057222
9,96,receive_authenticate_accumulate,0.017225691,0.017225370
9,96,receive_authenticate_accumulate,0.000056148,0.000056093
9,96,receive_authenticate_accumulate,0.017225191,0.017225111
9,96,receive_authenticate_accumulate,0.000057296,0.000057074
9,96,receive_authenticate_accumulate,0.017227858,0.017227870
9,96,receive_authenticate_accumulate,0.000057870,0.000057630
9,96,receive_authenticate_accumulate,0.017289209,0.017251001
9,96,receive_authenticate_accumulate,0.000057869,0.000057611
9,96,receive_authenticate_accumulate,0.017231450,0.017231370
9,96,receive_authenticate_accumulate,0.000056721,0.000056482
9,96,receive_authenticate_accumulate,0.017231339,0.017231389
9,96,receive_authenticate_accumulate,0.000059167,0.000059000
9,96,receive_authenticate_accumulate,0.017241617,0.017241407
9,96,receive_authenticate_accumulate,0.000057648,0.000057315
9,96,round_coverage,0.000004111,0.000003407
9,96,spatial_report,0.000040351,0.000040019
9,97,round_reset,0.000010167,0.000008944
9,97,receive_authenticate_accumulate,0.017223932,0.017223889
9,97,receive_authenticate_accumulate,0.000057204,0.000056944
9,97,receive_authenticate_accumulate,0.017226099,0.017225796
9,97,receive_authenticate_accumulate,0.000057092,0.000056834
9,97,receive_authenticate_accumulate,0.017227006,0.017226944
9,97,receive_authenticate_accumulate,0.000056870,0.000056574
9,97,receive_authenticate_accumulate,0.017220043,0.017219981
9,97,receive_authenticate_accumulate,0.000057870,0.000057575
9,97,receive_authenticate_accumulate,0.017218636,0.017218593
9,97,receive_authenticate_accumulate,0.000058777,0.000058500
9,97,receive_authenticate_accumulate,0.017230025,0.017229703
9,97,receive_authenticate_accumulate,0.000056944,0.000056703
9,97,reading_commitment_and_shares,0.026202201,0.026202352
9,97,receive_authenticate_accumulate,0.017221191,0.017221241
9,97,receive_authenticate_accumulate,0.000055907,0.000055834
9,97,receive_authenticate_accumulate,0.017223747,0.017223759
9,97,receive_authenticate_accumulate,0.000056667,0.000056500
9,97,receive_authenticate_accumulate,0.017221599,0.017221518
9,97,receive_authenticate_accumulate,0.000058369,0.000058166
9,97,receive_authenticate_accumulate,0.017267358,0.017241371
9,97,receive_authenticate_accumulate,0.000056944,0.000056593
9,97,receive_authenticate_accumulate,0.017223802,0.017223722
9,97,receive_authenticate_accumulate,0.000058592,0.000058537
9,97,receive_authenticate_accumulate,0.017229858,0.017229593
9,97,receive_authenticate_accumulate,0.000057444,0.000057240
9,97,receive_authenticate_accumulate,0.017227414,0.017227222
9,97,receive_authenticate_accumulate,0.000058185,0.000057926
9,97,receive_authenticate_accumulate,0.017216303,0.017216203
9,97,receive_authenticate_accumulate,0.000058777,0.000058555
9,97,receive_authenticate_accumulate,0.017233322,0.017233426
9,97,receive_authenticate_accumulate,0.000058314,0.000058130
9,97,receive_authenticate_accumulate,0.017229358,0.017229352
9,97,receive_authenticate_accumulate,0.000057814,0.000057593
9,97,receive_authenticate_accumulate,0.017238840,0.017238703
9,97,receive_authenticate_accumulate,0.000058592,0.000058371
9,97,receive_authenticate_accumulate,0.017249247,0.017232944
9,97,receive_authenticate_accumulate,0.000058518,0.000058334
9,97,receive_authenticate_accumulate,0.017221284,0.017221037
9,97,receive_authenticate_accumulate,0.000058611,0.000058185
9,97,receive_authenticate_accumulate,0.017224914,0.017224611
9,97,receive_authenticate_accumulate,0.000058277,0.000058074
9,97,round_coverage,0.000004371,0.000003704
9,97,spatial_report,0.000041018,0.000040666
9,98,round_reset,0.000010407,0.000009037
9,98,receive_authenticate_accumulate,0.017223748,0.017223741
9,98,receive_authenticate_accumulate,0.000057611,0.000057185
9,98,receive_authenticate_accumulate,0.017225581,0.017225555
9,98,receive_authenticate_accumulate,0.000058111,0.000057962
9,98,receive_authenticate_accumulate,0.017223747,0.017223574
9,98,receive_authenticate_accumulate,0.000058018,0.000057797
9,98,receive_authenticate_accumulate,0.017229600,0.017229629
9,98,receive_authenticate_accumulate,0.000058388,0.000058093
9,98,receive_authenticate_accumulate,0.017221155,0.017221186
9,98,receive_authenticate_accumulate,0.000089073,0.000088796
9,98,receive_authenticate_accumulate,0.017252062,0.017232981
9,98,receive_authenticate_accumulate,0.000053889,0.000053741
9,98,reading_commitment_and_shares,0.026236146,0.026236296
9,98,receive_authenticate_accumulate,0.017217248,0.017217445
9,98,receive_authenticate_accumulate,0.000053000,0.000052908
9,98,receive_authenticate_accumulate,0.017222933,0.017222870
9,98,receive_authenticate_accumulate,0.000054944,0.000054815
9,98,receive_authenticate_accumulate,0.017219489,0.017219444
9,98,receive_authenticate_accumulate,0.000055963,0.000055518
9,98,receive_authenticate_accumulate,0.017325025,0.017239648
9,98,receive_authenticate_accumulate,0.000054481,0.000054204
9,98,receive_authenticate_accumulate,0.017228544,0.017228426
9,98,receive_authenticate_accumulate,0.000055537,0.000055203
9,98,receive_authenticate_accumulate,0.017223600,0.017223500
9,98,receive_authenticate_accumulate,0.000054222,0.000053981
9,98,receive_authenticate_accumulate,0.017225414,0.017225408
9,98,receive_authenticate_accumulate,0.000056611,0.000056370
9,98,receive_authenticate_accumulate,0.017217081,0.017216685
9,98,receive_authenticate_accumulate,0.000055870,0.000055685
9,98,receive_authenticate_accumulate,0.017219896,0.017219722
9,98,receive_authenticate_accumulate,0.000055759,0.000055574
9,98,receive_authenticate_accumulate,0.017229082,0.017229056
9,98,receive_authenticate_accumulate,0.000054148,0.000053926
9,98,receive_authenticate_accumulate,0.017218193,0.017218092
9,98,receive_authenticate_accumulate,0.000056074,0.000055908
9,98,receive_authenticate_accumulate,0.017218619,0.017218574
9,98,receive_authenticate_accumulate,0.000055999,0.000055703
9,98,receive_authenticate_accumulate,0.017225748,0.017225667
9,98,receive_authenticate_accumulate,0.000069648,0.000069593
9,98,receive_authenticate_accumulate,0.017225970,0.017225926
9,98,receive_authenticate_accumulate,0.000055499,0.000055259
9,98,round_coverage,0.000003833,0.000003129
9,98,spatial_report,0.000040685,0.000040352
9,99,round_reset,0.000009389,0.000008074
9,99,receive_authenticate_accumulate,0.017226527,0.017226574
9,99,receive_authenticate_accumulate,0.000055944,0.000055833
9,99,receive_authenticate_accumulate,0.017219656,0.017219611
9,99,receive_authenticate_accumulate,0.000061555,0.000061426
9,99,receive_authenticate_accumulate,0.017284600,0.017284815
9,99,receive_authenticate_accumulate,0.000056481,0.000056296
9,99,receive_authenticate_accumulate,0.017228064,0.017227982
9,99,receive_authenticate_accumulate,0.000057426,0.000057278
9,99,receive_authenticate_accumulate,0.017226452,0.017226074
9,99,receive_authenticate_accumulate,0.000057537,0.000057259
9,99,receive_authenticate_accumulate,0.017228897,0.017228834
9,99,receive_authenticate_accumulate,0.000056000,0.000055759
9,99,reading_commitment_and_shares,0.026198259,0.026198500
9,99,receive_authenticate_accumulate,0.017226711,0.017226703
9,99,receive_authenticate_accumulate,0.000056611,0.000056333
9,99,receive_authenticate_accumulate,0.017227415,0.017227333
9,99,receive_authenticate_accumulate,0.000057499,0.000057278
9,99,receive_authenticate_accumulate,0.017220545,0.017220389
9,99,receive_authenticate_accumulate,0.000057388,0.000057111
9,99,receive_authenticate_accumulate,0.017222545,0.017222463
9,99,receive_authenticate_accumulate,0.000057333,0.000057093
9,99,receive_authenticate_accumulate,0.017265711,0.017240667
9,99,receive_authenticate_accumulate,0.000057462,0.000057259
9,99,receive_authenticate_accumulate,0.017227804,0.017227315
9,99,receive_authenticate_accumulate,0.000056759,0.000056648
9,99,receive_authenticate_accumulate,0.017224045,0.017223907
9,99,receive_authenticate_accumulate,0.000056963,0.000056796
9,99,receive_authenticate_accumulate,0.017218360,0.017218222
9,99,receive_authenticate_accumulate,0.000056869,0.000056555
9,99,receive_authenticate_accumulate,0.017224823,0.017224740
9,99,receive_authenticate_accumulate,0.000055648,0.000055259
9,99,receive_authenticate_accumulate,0.017234397,0.017234315
9,99,receive_authenticate_accumulate,0.000072389,0.000072259
9,99,receive_authenticate_accumulate,0.017223601,0.017223612
9,99,receive_authenticate_accumulate,0.000057184,0.000056982
9,99,receive_authenticate_accumulate,0.017217434,0.017217408
9,99,receive_authenticate_accumulate,0.000056222,0.000056074
9,99,receive_authenticate_accumulate,0.017283285,0.017242000
9,99,receive_authenticate_accumulate,0.000058351,0.000058019
9,99,receive_authenticate_accumulate,0.017228212,0.017228019
9,99,receive_authenticate_accumulate,0.000057129,0.000056889
9,99,round_coverage,0.000003630,0.000002982
9,99,spatial_report,0.000040166,0.000039944
9,99,billing_report,0.000424014,0.000423778
10,100,period_reset,0.000024110,0.000022908
10,100,receive_authenticate_accumulate,0.000092295,0.000091889
10,100,receive_authenticate_accumulate,0.000089555,0.000089241
10,100,receive_authenticate_accumulate,0.000090629,0.000090389
10,100,receive_authenticate_accumulate,0.000091203,0.000090852
10,100,receive_authenticate_accumulate,0.000091369,0.000090944
10,100,receive_authenticate_accumulate,0.000091647,0.000091130
10,100,randomness_commit,0.000818381,0.000817963
10,100,receive_authenticate_accumulate,0.000084463,0.000084352
10,100,receive_authenticate_accumulate,0.000090629,0.000090241
10,100,receive_authenticate_accumulate,0.000063833,0.000063481
10,100,receive_authenticate_accumulate,0.000062370,0.000062111
10,100,receive_authenticate_accumulate,0.000062555,0.000062333
10,100,receive_authenticate_accumulate,0.000062055,0.000061686
10,100,receive_authenticate_accumulate,0.000064796,0.000064315
10,100,receive_authenticate_accumulate,0.000063759,0.000063833
10,100,receive_authenticate_accumulate,0.000090684,0.000090222
10,100,receive_authenticate_accumulate,0.000062314,0.000061982
10,100,receive_authenticate_accumulate,0.000062443,0.000062167
10,100,receive_authenticate_accumulate,0.000062277,0.000062074
10,100,receive_authenticate_accumulate,0.000062129,0.000061759
10,100,receive_authenticate_accumulate,0.000063111,0.000062667
10,100,receive_authenticate_accumulate,0.000075999,0.000075963
10,100,receive_authenticate_accumulate,0.000074703,0.000074463
10,100,receive_authenticate_accumulate,0.000076111,0.000075981
10,100,receive_authenticate_accumulate,0.000076074,0.000075852
10,100,receive_authenticate_accumulate,0.000075425,0.000075056
10,100,receive_authenticate_accumulate,0.000075203,0.000074888
10,100,randomness_reveal,0.000503440,0.000503056
10,100,receive_authenticate_accumulate,0.000070536,0.000070407
10,100,receive_authenticate_accumulate,0.000076147,0.000075908
10,100,receive_authenticate_accumulate,0.000075981,0.000075741
10,100,receive_authenticate_accumulate,0.000076925,0.000076686
10,100,receive_authenticate_accumulate,0.000075443,0.000075185
10,100,receive_authenticate_accumulate,0.000075444,0.000075259
10,100,receive_authenticate_accumulate,0.000061166,0.000060963
10,100,receive_authenticate_accumulate,0.000048537,0.000048296
10,100,receive_authenticate_accumulate,0.000048314,0.000047907
10,100,receive_authenticate_accumulate,0.000049036,0.000048778
10,100,receive_authenticate_accumulate,0.000049481,0.000049240
10,100,receive_authenticate_accumulate,0.000045814,0.000045574
10,100,receive_authenticate_accumulate,0.000047963,0.000047759
10,100,receive_authenticate_accumulate,0.000045778,0.000045686
10,100,committee_selection,0.000085980,0.000085704
10,100,round_reset,0.000004555,0.000003907
10,100,receive_authenticate_accumulate,0.017225379,0.017225333
10,100,receive_authenticate_accumulate,0.000062704,0.000062426
10,100,receive_authenticate_accumulate,0.017234397,0.017234500
10,100,receive_authenticate_accumulate,0.000063351,0.000063074
10,100,receive_authenticate_accumulate,0.017232045,0.017231963
10,100,receive_authenticate_accumulate,0.000063314,0.000063093
10,100,receive_authenticate_accumulate,0.017223268,0.017223185
10,100,receive_authenticate_accumulate,0.000061074,0.000060815
10,100,receive_authenticate_accumulate,0.017232361,0.017232352
10,100,receive_authenticate_accumulate,0.000068629,0.000068389
10,100,receive_authenticate_accumulate,0.017249027,0.017248870
10,100,receive_authenticate_accumulate,0.000062277,0.000061907
10,100,reading_commitment_and_shares,0.026200537,0.026200648
10,100,receive_authenticate_accumulate,0.017292304,0.017251667
10,100,receive_authenticate_accumulate,0.000060036,0.000059778
10,100,receive_authenticate_accumulate,0.017228935,0.017228796
10,100,receive_authenticate_accumulate,0.000062241,0.000062000
10,100,receive_authenticate_accumulate,0.017233175,0.017233223
10,100,receive_authenticate_accumulate,0.000062500,0.000062166
10,100,receive_authenticate_accumulate,0.017224565,0.017224518
10,100,receive_authenticate_accumulate,0.000060610,0.000060482
10,100,receive_authenticate_accumulate,0.017226138,0.017226056
10,100,receive_authenticate_accumulate,0.000060611,0.000060463
10,100,receive_authenticate_accumulate,0.017240898,0.017240907
10,100,receive_authenticate_accumulate,0.000061518,0.000060981
10,100,receive_authenticate_accumulate,0.017228879,0.017228852
10,100,receive_authenticate_accumulate,0.000063148,0.000063018
10,100,receive_authenticate_accumulate,0.017220435,0.017220315
10,100,receive_authenticate_accumulate,0.000061314,0.000061130
10,100,receive_authenticate_accumulate,0.017224953,0.017224963
10,100,receive_authenticate_accumulate,0.000062092,0.000061926
10,100,receive_authenticate_accumulate,0.017228471,0.017228222
10,100,receive_authenticate_accumulate,0.000061592,0.000061444
10,100,receive_authenticate_accumulate,0.017218842,0.017218852
10,100,receive_authenticate_accumulate,0.000060926,0.000060593
10,100,receive_authenticate_accumulate,0.017229657,0.017229555
10,100,receive_authenticate_accumulate,0.000062499,0.000062278
10,100,receive_authenticate_accumulate,0.017229009,0.017229037
10,100,receive_authenticate_accumulate,0.000065870,0.000065574
10,100,receive_authenticate_accumulate,0.017219527,0.017219425
10,100,receive_authenticate_accumulate,0.000062222,0.000061963
10,100,round_coverage,0.000003556,0.000003019
10,100,spatial_report,0.000065740,0.000065482
10,101,round_reset,0.000009796,0.000008019
10,101,receive_authenticate_accumulate,0.021427878,0.021351684
10,101,receive_authenticate_accumulate,0.000063092,0.000062796
10,101,receive_authenticate_accumulate,0.017236459,0.017236555
10,101,receive_authenticate_accumulate,0.000065165,0.000064852
10,101,receive_authenticate_accumulate,0.017237903,0.017237870
10,101,receive_authenticate_accumulate,0.000063518,0.000063371
10,101,receive_authenticate_accumulate,0.017218199,0.017218352
10,101,receive_authenticate_accumulate,0.000063534,0.000063426
10,101,receive_authenticate_accumulate,0.017227990,0.017228500
10,101,receive_authenticate_accumulate,0.000061998,0.000061889
10,101,receive_authenticate_accumulate,0.017216935,0.017217574
10,101,receive_authenticate_accumulate,0.000062498,0.000062334
10,101,reading_commitment_and_shares,0.026204020,0.026204703
10,101,receive_authenticate_accumulate,0.017264009,0.017235538
10,101,receive_authenticate_accumulate,0.000063109,0.000062926
10,101,receive_authenticate_accumulate,0.017216824,0.017217333
10,101,receive_authenticate_accumulate,0.000062202,0.000062241
10,101,receive_authenticate_accumulate,0.017238601,0.017238982
10,101,receive_authenticate_accumulate,0.000065794,0.000065389
10,101,receive_authenticate_accumulate,0.017283934,0.017253389
10,101,receive_authenticate_accumulate,0.000062201,0.000061944
10,101,receive_authenticate_accumulate,0.017231621,0.017232055
10,101,receive_authenticate_accumulate,0.000064461,0.000064352
10,101,receive_authenticate_accumulate,0.017233881,0.017234260
10,101,receive_authenticate_accumulate,0.000063812,0.000063482
10,101,receive_authenticate_accumulate,0.017236085,0.017236260
10,101,receive_authenticate_accumulate,0.000063924,0.000063722
10,101,receive_authenticate_accumulate,0.017226659,0.017227037
10,101,receive_authenticate_accumulate,0.000063812,0.000063629
10,101,receive_authenticate_accumulate,0.017269195,0.017245704
10,101,receive_authenticate_accumulate,0.000063312,0.000063037
10,101,receive_authenticate_accumulate,0.017230215,0.017230500
10,101,receive_authenticate_accumulate,0.000063961,0.000063722
10,101,receive_authenticate_accumulate,0.017220216,0.017220648
10,101,receive_authenticate_accumulate,0.000063368,0.000063241
10,101,receive_authenticate_accumulate,0.017221771,0.017221667
10,101,receive_authenticate_accumulate,0.000063683,0.000063426
10,101,receive_authenticate_accumulate,0.017249345,0.017233166
10,101,receive_authenticate_accumulate,0.000062072,0.000061852
10,101,receive_authenticate_accumulate,0.017321028,0.017257760
10,101,receive_authenticate_accumulate,0.000065053,0.000064908
10,101,round_coverage,0.000003907,0.000003389
10,101,spatial_report,0.000065887,0.000065704
10,102,round_reset,0.000009203,0.000007945
10,102,receive_authenticate_accumulate,0.017229084,0.017229871
10,102,receive_authenticate_accumulate,0.000077182,0.000077056
10,102,receive_authenticate_accumulate,0.017224807,0.017225130
10,102,receive_authenticate_accumulate,0.000062665,0.000062389
10,102,receive_authenticate_accumulate,0.017230713,0.017230982
10,102,receive_authenticate_accumulate,0.000064183,0.000063945
10,102,receive_authenticate_accumulate,0.017224826,0.017225260
10,102,receive_authenticate_accumulate,0.000062572,0.000062352
10,102,receive_authenticate_accumulate,0.017277491,0.017240185
10,102,receive_authenticate_accumulate,0.000061554,0.000061482
10,102,receive_authenticate_accumulate,0.017259807,0.017230482
10,102,receive_authenticate_accumulate,0.000061664,0.000061371
10,102,reading_commitment_and_shares,0.026200014,0.026200852
10,102,receive_authenticate_accumulate,0.017222179,0.017222574
10,102,receive_authenticate_accumulate,0.000064979,0.000064685
10,102,receive_authenticate_accumulate,0.017251252,0.017251852
10,102,receive_authenticate_accumulate,0.000059961,0.000059704
10,102,receive_authenticate_accumulate,0.017216735,0.017217130
10,102,receive_authenticate_accumulate,0.000073942,0.000073833
10,102,receive_authenticate_accumulate,0.017254567,0.017232908
10,102,receive_authenticate_accumulate,0.000060609,0.000060185
10,102,receive_authenticate_accumulate,0.017230716,0.017231037
10,102,receive_authenticate_accumulate,0.000061795,0.000061574
10,102,receive_authenticate_accumulate,0.017226735,0.017227167
10,102,receive_authenticate_accumulate,0.000060701,0.000060500
10,102,receive_authenticate_accumulate,0.017236623,0.017237000
10,102,receive_authenticate_accumulate,0.000064979,0.000064778
10,102,receive_authenticate_accumulate,0.017228810,0.017228963
10,102,receive_authenticate_accumulate,0.000061720,0.000061500
10,102,receive_authenticate_accumulate,0.017233532,0.017233908
10,102,receive_authenticate_accumulate,0.000062294,0.000062074
10,102,receive_authenticate_accumulate,0.017220995,0.017221314
10,102,receive_authenticate_accumulate,0.000063331,0.000063186
10,102,receive_authenticate_accumulate,0.017228718,0.017228851
10,102,receive_authenticate_accumulate,0.000060535,0.000060333
10,102,receive_authenticate_accumulate,0.017227552,0.017227741
10,102,receive_authenticate_accumulate,0.000060923,0.000060722
10,102,receive_authenticate_accumulate,0.017263477,0.017237167
10,102,receive_authenticate_accumulate,0.000076831,0.000076686
10,102,receive_authenticate_accumulate,0.017221534,0.017221907
10,102,receive_authenticate_accumulate,0.000061906,0.000061815
10,102,round_coverage,0.000003833,0.000003296
10,102,spatial_report,0.000062091,0.000061944
10,103,round_reset,0.000010407,0.000009148
10,103,receive_authenticate_accumulate,0.017227178,0.017227500
10,103,receive_authenticate_accumulate,0.000061665,0.000061518
10,103,receive_authenticate_accumulate,0.017225437,0.017225815
10,103,receive_authenticate_accumulate,0.000061443,0.000061241
10,103,receive_authenticate_accumulate,0.017236030,0.017236240
10,103,receive_authenticate_accumulate,0.000060812,0.000060537
10,103,receive_authenticate_accumulate,0.017220252,0.017220537
10,103,receive_authenticate_accumulate,0.000062684,0.000062519
10,103,receive_authenticate_accumulate,0.017217605,0.017217759
10,103,receive_authenticate_accumulate,0.000061257,0.000061055
10,103,receive_authenticate_accumulate,0.017228531,0.017228944
10,103,receive_authenticate_accumulate,0.000061720,0.000061556
10,103,reading_commitment_and_shares,0.026205563,0.026206407
10,103,receive_authenticate_accumulate,0.017249142,0.017233018
10,103,receive_authenticate_accumulate,0.000060998,0.000060778
10,103,receive_authenticate_accumulate,0.017270623,0.017243666
10,103,receive_authenticate_accumulate,0.000061090,0.000060945
10,103,receive_authenticate_accumulate,0.017225754,0.017226019
10,103,receive_authenticate_accumulate,0.000062998,0.000062796
10,103,receive_authenticate_accumulate,0.017232254,0.017232648
10,103,receive_authenticate_accumulate,0.000061757,0.000061519
10,103,receive_authenticate_accumulate,0.017222921,0.017223277
10,103,receive_authenticate_accumulate,0.000060554,0.000060389
10,103,receive_authenticate_accumulate,0.017219625,0.017219592
10,103,receive_authenticate_accumulate,0.000062091,0.000061852
10,103,receive_authenticate_accumulate,0.017224237,0.017224537
10,103,receive_authenticate_accumulate,0.000062387,0.000062240
10,103,receive_authenticate_accumulate,0.017221940,0.017222204
10,103,receive_authenticate_accumulate,0.000061183,0.000061038
10,103,receive_authenticate_accumulate,0.017227034,0.017227463
10,103,receive_authenticate_accumulate,0.000062238,0.000062092
10,103,receive_authenticate_accumulate,0.017261513,0.017261926
10,103,receive_authenticate_accumulate,0.000067461,0.000067204
10,103,receive_authenticate_accumulate,0.017282959,0.017283167
10,103,receive_authenticate_accumulate,0.000065239,0.000065000
10,103,receive_authenticate_accumulate,0.017220775,0.017221093
10,103,receive_authenticate_accumulate,0.000061813,0.000061574
10,103,receive_authenticate_accumulate,0.017221016,0.017221518
10,103,receive_authenticate_accumulate,0.000061553,0.000061370
10,103,receive_authenticate_accumulate,0.017268292,0.017240111
10,103,receive_authenticate_accumulate,0.000061980,0.000061778
10,103,round_coverage,0.000003889,0.000003241
10,103,spatial_report,0.000065942,0.000065685
10,104,round_reset,0.000009556,0.000008260
10,104,receive_authenticate_accumulate,0.017222937,0.017223204
10,104,receive_authenticate_accumulate,0.000062090,0.000061944
10,104,receive_authenticate_accumulate,0.017226364,0.017226685
10,104,receive_authenticate_accumulate,0.000060683,0.000060500
10,104,receive_authenticate_accumulate,0.017226771,0.017227204
10,104,receive_authenticate_accumulate,0.000059813,0.000059611
10,104,receive_authenticate_accumulate,0.017218957,0.017219259
10,104,receive_authenticate_accumulate,0.000062091,0.000061871
10,104,receive_authenticate_accumulate,0.017229642,0.017229907
10,104,receive_authenticate_accumulate,0.000060313,0.000060111
10,104,receive_authenticate_accumulate,0.017219698,0.017219889
10,104,receive_authenticate_accumulate,0.000060794,0.000060648
10,104,reading_commitment_and_shares,0.026204425,0.026205111
10,104,receive_authenticate_accumulate,0.017220032,0.017220333
10,104,receive_authenticate_accumulate,0.000061887,0.000061574
10,104,receive_authenticate_accumulate,0.017222625,0.017222889
10,104,receive_authenticate_accumulate,0.000059350,0.000059148
10,104,receive_authenticate_accumulate,0.017262660,0.017238462
10,104,receive_authenticate_accumulate,0.000061702,0.000061686
10,104,receive_authenticate_accumulate,0.017226736,0.017227037
10,104,receive_authenticate_accumulate,0.000061646,0.000061407
10,104,receive_authenticate_accumulate,0.017227050,0.017227296
10,104,receive_authenticate_accumulate,0.000061794,0.000061593
10,104,receive_authenticate_accumulate,0.017221959,0.017222259
10,104,receive_authenticate_accumulate,0.000061776,0.000061519
10,104,receive_authenticate_accumulate,0.017222422,0.017222722
10,104,receive_authenticate_accumulate,0.000061313,0.000061148
10,104,receive_authenticate_accumulate,0.017223866,0.017224241
10,104,receive_authenticate_accumulate,0.000061368,0.000061278
10,104,receive_authenticate_accumulate,0.017228719,0.017228907
10,104,receive_authenticate_accumulate,0.000060535,0.000060259
10,104,receive_authenticate_accumulate,0.017235662,0.017236000
10,104,receive_authenticate_accumulate,0.000059387,0.000059148
10,104,receive_authenticate_accumulate,0.017268977,0.017238814
10,104,receive_authenticate_accumulate,0.000062443,0.000062259
10,104,receive_authenticate_accumulate,0.017222942,0.017223259
10,104,receive_authenticate_accumulate,0.000061221,0.000061019
10,104,receive_authenticate_accumulate,0.017291384,0.017291834
10,104,receive_authenticate_accumulate,0.000063628,0.000063371
10,104,receive_authenticate_accumulate,0.017243608,0.017243908
10,104,receive_authenticate_accumulate,0.000061683,0.000061370
10,104,round_coverage,0.000004037,0.000003445
10,104,spatial_report,0.000064128,0.000064037
10,105,round_reset,0.000008648,0.000007204
10,105,receive_authenticate_accumulate,0.017255824,0.017234389
10,105,receive_authenticate_accumulate,0.000062627,0.000062518
10,105,receive_authenticate_accumulate,0.017226363,0.017226574
10,105,receive_authenticate_accumulate,0.000065405,0.000065185
10,105,receive_authenticate_accumulate,0.017303286,0.017269537
10,105,receive_authenticate_accumulate,0.000062387,0.000062111
10,105,receive_authenticate_accumulate,0.017233326,0.017233481
10,105,receive_authenticate_accumulate,0.000060239,0.000060000
10,105,receive_authenticate_accumulate,0.017222679,0.017222852
10,105,receive_authenticate_accumulate,0.000059628,0.000059556
10,105,receive_authenticate_accumulate,0.017219938,0.017220185
10,105,receive_authenticate_accumulate,0.000061591,0.000061389
10,105,reading_commitment_and_shares,0.026197193,0.026197889
10,105,receive_authenticate_accumulate,0.017218142,0.017218630
10,105,receive_authenticate_accumulate,0.000061702,0.000061444
10,105,receive_authenticate_accumulate,0.017238400,0.017238889
10,105,receive_authenticate_accumulate,0.000061110,0.000060555
10,105,receive_authenticate_accumulate,0.017218031,0.017218352
10,105,receive_authenticate_accumulate,0.000063924,0.000063648
10,105,receive_authenticate_accumulate,0.017223309,0.017223463
10,105,receive_authenticate_accumulate,0.000060165,0.000059667
10,105,receive_authenticate_accumulate,0.017232623,0.017233056
10,105,receive_authenticate_accumulate,0.000060331,0.000060111
10,105,receive_authenticate_accumulate,0.017279216,0.017240537
10,105,receive_authenticate_accumulate,0.000060664,0.000060389
10,105,receive_authenticate_accumulate,0.017263067,0.017236704
10,105,receive_authenticate_accumulate,0.000063073,0.000062704
10,105,receive_authenticate_accumulate,0.017257512,0.017234999
10,105,receive_authenticate_accumulate,0.000062110,0.000061852
10,105,receive_authenticate_accumulate,0.017228718,0.017229129
10,105,receive_authenticate_accumulate,0.000064053,0.000063815
10,105,receive_authenticate_accumulate,0.017219514,0.017219815
10,105,receive_authenticate_accumulate,0.000062813,0.000062482
10,105,receive_authenticate_accumulate,0.017220367,0.017220666
10,105,receive_authenticate_accumulate,0.000061127,0.000060908
10,105,receive_authenticate_accumulate,0.017230329,0.017230611
10,105,receive_authenticate_accumulate,0.000060036,0.000059852
10,105,receive_authenticate_accumulate,0.017223274,0.017223555
10,105,receive_authenticate_accumulate,0.000062109,0.000061889
10,105,receive_authenticate_accumulate,0.017223200,0.017223259
10,105,receive_authenticate_accumulate,0.000062924,0.000062555
10,105,round_coverage,0.000003759,0.000003204
10,105,spatial_report,0.000067516,0.000067334
10,106,round_reset,0.000010407,0.000009019
10,106,receive_authenticate_accumulate,0.017221064,0.017221259
10,106,receive_authenticate_accumulate,0.000061609,0.000061519
10,106,receive_authenticate_accumulate,0.017220602,0.017220889
10,106,receive_authenticate_accumulate,0.000061906,0.000061593
10,106,receive_authenticate_accumulate,0.017225064,0.017225333
10,106,receive_authenticate_accumulate,0.000061869,0.000061833
10,106,receive_authenticate_accumulate,0.017227936,0.017228074
10,106,receive_authenticate_accumulate,0.000062646,0.000062260
10,106,receive_authenticate_accumulate,0.017225787,0.017226074
10,106,receive_authenticate_accumulate,0.000062721,0.000062500
10,106,receive_authenticate_accumulate,0.017220584,0.017221000
10,106,receive_authenticate_accumulate,0.000062239,0.000062037
10,106,reading_commitment_and_shares,0.026198922,0.026199593
10,106,receive_authenticate_accumulate,0.017220714,0.017221112
10,106,receive_authenticate_accumulate,0.000061406,0.000061223
10,106,receive_authenticate_accumulate,0.017280824,0.017239760
10,106,receive_authenticate_accumulate,0.000060072,0.000060056
10,106,receive_authenticate_accumulate,0.017217251,0.017217018
10,106,receive_authenticate_accumulate,0.000062017,0.000061760
10,106,receive_authenticate_accumulate,0.017219474,0.017219722
10,106,receive_authenticate_accumulate,0.000061591,0.000061389
10,106,receive_authenticate_accumulate,0.017236454,0.017236722
10,106,receive_authenticate_accumulate,0.000059609,0.000059556
10,106,receive_authenticate_accumulate,0.017262066,0.017233500
10,106,receive_authenticate_accumulate,0.000061702,0.000061388
10,106,receive_authenticate_accumulate,0.017219863,0.017220241
10,106,receive_authenticate_accumulate,0.000060424,0.000060186
10,106,receive_authenticate_accumulate,0.017222270,0.017222574
10,106,receive_authenticate_accumulate,0.000061720,0.000061555
10,106,receive_authenticate_accumulate,0.017219678,0.017219796
10,106,receive_authenticate_accumulate,0.000061147,0.000060889
10,106,receive_authenticate_accumulate,0.017227048,0.017227315
10,106,receive_authenticate_accumulate,0.000060387,0.000060130
10,106,receive_authenticate_accumulate,0.017223623,0.017223889
10,106,receive_authenticate_accumulate,0.000061776,0.000061611
10,106,receive_authenticate_accumulate,0.017239420,0.017239555
10,106,receive_authenticate_accumulate,0.000055387,0.000055370
10,106,receive_authenticate_accumulate,0.017232605,0.017233093
10,106,receive_authenticate_accumulate,0.000054239,0.000054351
10,106,receive_authenticate_accumulate,0.017224901,0.017225130
10,106,receive_authenticate_accumulate,0.000052684,0.000052426
10,106,round_coverage,0.000004056,0.000002926
10,106,spatial_report,0.000060110,0.000060037
10,107,round_reset,0.000008981,0.000007592
10,107,receive_authenticate_accumulate,0.017228802,0.017229037
10,107,receive_authenticate_accumulate,0.000060962,0.000060908
10,107,receive_authenticate_accumulate,0.017232599,0.017232870
10,107,receive_authenticate_accumulate,0.000067535,0.000067222
10,107,receive_authenticate_accumulate,0.017239543,0.017239777
10,107,receive_authenticate_accumulate,0.000060776,0.000060703
10,107,receive_authenticate_accumulate,0.017233932,0.017234130
10,107,receive_authenticate_accumulate,0.000065313,0.000065371
10,107,receive_authenticate_accumulate,0.017227877,0.017228092
10,107,receive_authenticate_accumulate,0.000060739,0.000060704
10,107,receive_authenticate_accumulate,0.017221562,0.017221815
10,107,receive_authenticate_accumulate,0.000060072,0.000060000
10,107,reading_commitment_and_shares,0.026214686,0.026215371
10,107,receive_authenticate_accumulate,0.017226230,0.017226481
10,107,receive_authenticate_accumulate,0.000103756,0.000103722
10,107,receive_authenticate_accumulate,0.017228174,0.017228519
10,107,receive_authenticate_accumulate,0.000056980,0.000056871
10,107,receive_authenticate_accumulate,0.017229896,0.017230167
10,107,receive_authenticate_accumulate,0.000055924,0.000055759
10,107,receive_authenticate_accumulate,0.017219119,0.017219315
10,107,receive_authenticate_accumulate,0.000057462,0.000057370
10,107,receive_authenticate_accumulate,0.017221027,0.017221222
10,107,receive_authenticate_accumulate,0.000058351,0.000058370
10,107,receive_authenticate_accumulate,0.017221805,0.017222000
10,107,receive_authenticate_accumulate,0.000059017,0.000058982
10,107,receive_authenticate_accumulate,0.017230934,0.017231259
10,107,receive_authenticate_accumulate,0.000061461,0.000061260
10,107,receive_authenticate_accumulate,0.017219138,0.017219388
10,107,receive_authenticate_accumulate,0.000061887,0.000061741
10,107,receive_authenticate_accumulate,0.017221879,0.017222129
10,107,receive_authenticate_accumulate,0.000060758,0.000060703
10,107,receive_authenticate_accumulate,0.017223527,0.017223833
10,107,receive_authenticate_accumulate,0.000059294,0.000059148
10,107,receive_authenticate_accumulate,0.017312951,0.017258610
10,107,receive_authenticate_accumulate,0.000061424,0.000061074
10,107,receive_authenticate_accumulate,0.017226268,0.017226445
10,107,receive_authenticate_accumulate,0.000061109,0.000060963
10,107,receive_authenticate_accumulate,0.017224194,0.017224371
10,107,receive_authenticate_accumulate,0.000060313,0.000060038
10,107,receive_authenticate_accumulate,0.017216621,0.017216815
10,107,receive_authenticate_accumulate,0.000061962,0.000061648
10,107,round_coverage,0.000003592,0.000003018
10,107,spatial_report,0.000063387,0.000063130
10,108,round_reset,0.000008888,0.000007574
10,108,receive_authenticate_accumulate,0.017224317,0.017224482
10,108,receive_authenticate_accumulate,0.000062702,0.000062500
10,108,receive_authenticate_accumulate,0.017226910,0.017226944
10,108,receive_authenticate_accumulate,0.000059591,0.000059444
10,108,receive_authenticate_accumulate,0.017225613,0.017225686
10,108,receive_authenticate_accumulate,0.000059313,0.000059093
10,108,receive_authenticate_accumulate,0.017215873,0.017215999
10,108,receive_authenticate_accumulate,0.000060369,0.000060277
10,108,receive_authenticate_accumulate,0.017226132,0.017226277
10,108,receive_authenticate_accumulate,0.000060683,0.000060333
10,108,receive_authenticate_accumulate,0.017235243,0.017235519
10,108,receive_authenticate_accumulate,0.000064924,0.000064704
10,108,reading_commitment_and_shares,0.026259595,0.026233555
10,108,receive_authenticate_accumulate,0.017239596,0.017240037
10,108,receive_authenticate_accumulate,0.000062795,0.000062519
10,108,receive_authenticate_accumulate,0.017232596,0.017232759
10,108,receive_authenticate_accumulate,0.000063202,0.000062944
10,108,receive_authenticate_accumulate,0.017224781,0.017224963
10,108,receive_authenticate_accumulate,0.000060721,0.000060555
10,108,receive_authenticate_accumulate,0.017221337,0.017221593
10,108,receive_authenticate_accumulate,0.000061332,0.000061222
10,108,receive_authenticate_accumulate,0.017213281,0.017213482
10,108,receive_authenticate_accumulate,0.000063017,0.000062833
10,108,receive_authenticate_accumulate,0.017227615,0.017227870
10,108,receive_authenticate_accumulate,0.000061498,0.000061259
10,108,receive_authenticate_accumulate,0.017226837,0.017227037
10,108,receive_authenticate_accumulate,0.000066072,0.000065852
10,108,receive_authenticate_accumulate,0.017223690,0.017223889
10,108,receive_authenticate_accumulate,0.000063925,0.000063667
10,108,receive_authenticate_accumulate,0.017249116,0.017231649
10,108,receive_authenticate_accumulate,0.000061943,0.000061666
10,108,receive_authenticate_accumulate,0.017231134,0.017231389
10,108,receive_authenticate_accumulate,0.000061813,0.000061574
10,108,receive_authenticate_accumulate,0.017221228,0.017221463
10,108,receive_authenticate_accumulate,0.000064665,0.000064315
10,108,receive_authenticate_accumulate,0.017279837,0.017250926
10,108,receive_authenticate_accumulate,0.000059868,0.000059759
10,108,receive_authenticate_accumulate,0.017228579,0.017228759
10,108,receive_authenticate_accumulate,0.000061257,0.000060908
10,108,receive_authenticate_accumulate,0.017219043,0.017219333
10,108,receive_authenticate_accumulate,0.000062517,0.000062203
10,108,round_coverage,0.000003648,0.000003018
10,108,spatial_report,0.000067147,0.000066926
10,109,round_reset,0.000008796,0.000007407
10,109,receive_authenticate_accumulate,0.017228756,0.017228926
10,109,receive_authenticate_accumulate,0.000063665,0.000063463
10,109,receive_authenticate_accumulate,0.017226091,0.017226370
10,109,receive_authenticate_accumulate,0.000062646,0.000062370
10,109,receive_authenticate_accumulate,0.017224738,0.017225000
10,109,receive_authenticate_accumulate,0.000060887,0.000060574
10,109,receive_authenticate_accumulate,0.017260812,0.017235593
10,109,receive_authenticate_accumulate,0.000062980,0.000062907
10,109,receive_authenticate_accumulate,0.017228424,0.017228703
10,109,receive_authenticate_accumulate,0.000061073,0.000060741
10,109,receive_authenticate_accumulate,0.017229331,0.017229482
10,109,receive_authenticate_accumulate,0.000061498,0.000061296
10,109,reading_commitment_and_shares,0.026194786,0.026195371
10,109,receive_authenticate_accumulate,0.017228795,0.017229166
10,109,receive_authenticate_accumulate,0.000061276,0.000060889
10,109,receive_authenticate_accumulate,0.017221518,0.017221518
10,109,receive_authenticate_accumulate,0.000062998,0.000062241
10,109,receive_authenticate_accumulate,0.017269350,0.017269351
10,109,receive_authenticate_accumulate,0.000064517,0.000064297
10,109,receive_authenticate_accumulate,0.017225888,0.017226259
10,109,receive_authenticate_accumulate,0.000062943,0.000062778
10,109,receive_authenticate_accumulate,0.017229739,0.017230018
10,109,receive_authenticate_accumulate,0.000061406,0.000061000
10,109,receive_authenticate_accumulate,0.017236777,0.017236981
10,109,receive_authenticate_accumulate,0.000062906,0.000062703
10,109,receive_authenticate_accumulate,0.017227092,0.017227388
10,109,receive_authenticate_accumulate,0.000086498,0.000086222
10,109,receive_authenticate_accumulate,0.017223981,0.017224167
10,109,receive_authenticate_accumulate,0.000061757,0.000061426
10,109,receive_authenticate_accumulate,0.017224389,0.017224574
10,109,receive_authenticate_accumulate,0.000062146,0.000061889
10,109,receive_authenticate_accumulate,0.017228537,0.017228796
10,109,receive_authenticate_accumulate,0.000064017,0.000063740
10,109,receive_authenticate_accumulate,0.017220260,0.017220370
10,109,receive_authenticate_accumulate,0.000062498,0.000062222
10,109,receive_authenticate_accumulate,0.017233204,0.017233556
10,109,receive_authenticate_accumulate,0.000063054,0.000062778
10,109,receive_authenticate_accumulate,0.017222705,0.017222833
10,109,receive_authenticate_accumulate,0.000061405,0.000061185
10,109,receive_authenticate_accumulate,0.017262833,0.017236649
10,109,receive_authenticate_accumulate,0.000063517,0.000063500
10,109,round_coverage,0.000003888,0.000003241
10,109,spatial_report,0.000064925,0.000064593
10,109,billing_report,0.000424249,0.000424019
11,110,period_reset,0.000023870,0.000022630
11,110,receive_authenticate_accumulate,0.000092516,0.000092111
11,110,receive_authenticate_accumulate,0.000132386,0.000131944
11,110,receive_authenticate_accumulate,0.000087646,0.000087519
11,110,receive_authenticate_accumulate,0.000128349,0.000128148
11,110,receive_authenticate_accumulate,0.000088183,0.000087945
11,110,receive_authenticate_accumulate,0.000090276,0.000089630
11,110,randomness_commit,0.000826535,0.000826463
11,110,receive_authenticate_accumulate,0.000083239,0.000083092
11,110,receive_authenticate_accumulate,0.000088664,0.000088148
11,110,receive_authenticate_accumulate,0.000069073,0.000068741
11,110,receive_authenticate_accumulate,0.000070147,0.000069870
11,110,receive_authenticate_accumulate,0.000067480,0.000067259
11,110,receive_authenticate_accumulate,0.000068980,0.000068685
11,110,receive_authenticate_accumulate,0.000069183,0.000068777
11,110,receive_authenticate_accumulate,0.000068461,0.000068056
11,110,receive_authenticate_accumulate,0.000068128,0.000067871
11,110,receive_authenticate_accumulate,0.000070553,0.000070259
11,110,receive_authenticate_accumulate,0.000068257,0.000068074
11,110,receive_authenticate_accumulate,0.000069147,0.000068760
11,110,receive_authenticate_accumulate,0.000069813,0.000069500
11,110,receive_authenticate_accumulate,0.000069109,0.000068185
11,110,receive_authenticate_accumulate,0.000082813,0.000082611
11,110,receive_authenticate_accumulate,0.000085091,0.000084741
11,110,receive_authenticate_accumulate,0.000084776,0.000084315
11,110,receive_authenticate_accumulate,0.000084257,0.000083908
11,110,receive_authenticate_accumulate,0.000083795,0.000083426
11,110,receive_authenticate_accumulate,0.000083516,0.000083260
11,110,randomness_reveal,0.000563911,0.000563296
11,110,receive_authenticate_accumulate,0.000077239,0.000076926
11,110,receive_authenticate_accumulate,0.000082850,0.000082518
11,110,receive_authenticate_accumulate,0.000083442,0.000083222
11,110,receive_authenticate_accumulate,0.000082720,0.000082389
11,110,receive_authenticate_accumulate,0.000070146,0.000069723
11,110,receive_authenticate_accumulate,0.000068295,0.000067963
11,110,receive_authenticate_accumulate,0.000069350,0.000069074
11,110,receive_authenticate_accumulate,0.000067073,0.000066741
11,110,receive_authenticate_accumulate,0.000069535,0.000069185
11,110,receive_authenticate_accumulate,0.000068239,0.000067759
11,110,receive_authenticate_accumulate,0.000064406,0.000064185
11,110,receive_authenticate_accumulate,0.000067850,0.000067444
11,110,receive_authenticate_accumulate,0.000068387,0.000067982
11,110,receive_authenticate_accumulate,0.000068258,0.000068055
11,110,committee_selection,0.000129441,0.000129130
11,110,round_reset,0.000006185,0.000005278
11,110,receive_authenticate_accumulate,0.017220067,0.017220297
11,110,receive_authenticate_accumulate,0.000057462,0.000057260
11,110,receive_authenticate_accumulate,0.017221511,0.017221796
11,110,receive_authenticate_accumulate,0.000058776,0.000058592
11,110,receive_authenticate_accumulate,0.017221918,0.017222167
11,110,receive_authenticate_accumulate,0.000057665,0.000057037
11,110,receive_authenticate_accumulate,0.017281140,0.017245463
11,110,receive_authenticate_accumulate,0.000056999,0.000056851
11,110,receive_authenticate_accumulate,0.017284103,0.017243870
11,110,receive_authenticate_accumulate,0.000056091,0.000055722
11,110,receive_authenticate_accumulate,0.017220660,0.017220462
11,110,receive_authenticate_accumulate,0.000056850,0.000056500
11,110,reading_commitment_and_shares,0.026192454,0.026193185
11,110,receive_authenticate_accumulate,0.017219808,0.017220167
11,110,receive_authenticate_accumulate,0.000057498,0.000057334
11,110,receive_authenticate_accumulate,0.017224716,0.017224963
11,110,receive_authenticate_accumulate,0.000057388,0.000057185
11,110,receive_authenticate_accumulate,0.017266900,0.017229981
11,110,receive_authenticate_accumulate,0.000056202,0.000056019
11,110,receive_authenticate_accumulate,0.017218383,0.017218518
11,110,receive_authenticate_accumulate,0.000055535,0.000055259
11,110,receive_authenticate_accumulate,0.017223291,0.017223482
11,110,receive_authenticate_accumulate,0.000057092,0.000056796
11,110,receive_authenticate_accumulate,0.017219865,0.017219944
11,110,receive_authenticate_accumulate,0.000056740,0.000056389
11,110,receive_authenticate_accumulate,0.017274455,0.017251129
11,110,receive_authenticate_accumulate,0.000057350,0.000057111
11,110,receive_authenticate_accumulate,0.017286789,0.017245316
11,110,receive_authenticate_accumulate,0.000056332,0.000055945
11,110,receive_authenticate_accumulate,0.017266975,0.017237593
11,110,receive_authenticate_accumulate,0.000057351,0.000056982
11,110,receive_authenticate_accumulate,0.017218625,0.017218925
11,110,receive_authenticate_accumulate,0.000057091,0.000056833
11,110,receive_authenticate_accumulate,0.017222532,0.017222630
11,110,receive_authenticate_accumulate,0.000060387,0.000060167
11,110,receive_authenticate_accumulate,0.017220865,0.017220981
11,110,receive_authenticate_accumulate,0.000057925,0.000057703
11,110,receive_authenticate_accumulate,0.017261625,0.017230370
11,110,receive_authenticate_accumulate,0.000056554,0.000056371
11,110,receive_authenticate_accumulate,0.017221403,0.017221629
11,110,receive_authenticate_accumulate,0.000059183,0.000058740
11,110,round_coverage,0.000003537,0.000003075
11,110,spatial_report,0.000041221,0.000040852
11,111,round_reset,0.000008610,0.000007186
11,111,receive_authenticate_accumulate,0.017231819,0.017232148
11,111,receive_authenticate_accumulate,0.000056851,0.000056537
11,111,receive_authenticate_accumulate,0.017223060,0.017223259
11,111,receive_authenticate_accumulate,0.000058554,0.000058092
11,111,receive_authenticate_accumulate,0.017224597,0.017224814
11,111,receive_authenticate_accumulate,0.000058702,0.000058445
11,111,receive_authenticate_accumulate,0.017226134,0.017226388
11,111,receive_authenticate_accumulate,0.000057276,0.000057055
11,111,receive_authenticate_accumulate,0.017229431,0.017229518
11,111,receive_authenticate_accumulate,0.000059295,0.000058926
11,111,receive_authenticate_accumulate,0.017218191,0.017218370
11,111,receive_authenticate_accumulate,0.000074257,0.000074037
11,111,reading_commitment_and_shares,0.026204176,0.026204723
11,111,receive_authenticate_accumulate,0.017244561,0.017231963
11,111,receive_authenticate_accumulate,0.000055592,0.000055389
11,111,receive_authenticate_accumulate,0.017226394,0.017226519
11,111,receive_authenticate_accumulate,0.000056035,0.000055852
11,111,receive_authenticate_accumulate,0.017264431,0.017235334
11,111,receive_authenticate_accumulate,0.000056147,0.000055908
11,111,receive_authenticate_accumulate,0.017225209,0.017225574
11,111,receive_authenticate_accumulate,0.000056591,0.000056389
11,111,receive_authenticate_accumulate,0.017229450,0.017229629
11,111,receive_authenticate_accumulate,0.000055406,0.000055130
11,111,receive_authenticate_accumulate,0.017225617,0.017225796
11,111,receive_authenticate_accumulate,0.000055869,0.000055630
11,111,receive_authenticate_accumulate,0.017219747,0.017219871
11,111,receive_authenticate_accumulate,0.000077832,0.000077297
11,111,receive_authenticate_accumulate,0.017225766,0.017226000
11,111,receive_authenticate_accumulate,0.000056666,0.000056463
11,111,receive_authenticate_accumulate,0.017227951,0.017228074
11,111,receive_authenticate_accumulate,0.000055425,0.000055203
11,111,receive_authenticate_accumulate,0.017231174,0.017231093
11,111,receive_authenticate_accumulate,0.000059258,0.000058963
11,111,receive_authenticate_accumulate,0.017220322,0.017220537
11,111,receive_authenticate_accumulate,0.000057702,0.000057408
11,111,receive_authenticate_accumulate,0.017221600,0.017221926
11,111,receive_authenticate_accumulate,0.000059443,0.000059148
11,111,receive_authenticate_accumulate,0.017230822,0.017230500
11,111,receive_authenticate_accumulate,0.000057332,0.000057112
11,111,receive_authenticate_accumulate,0.017232544,0.017232815
11,111,receive_authenticate_accumulate,0.000058109,0.000057926
11,111,round_coverage,0.000003222,0.000002667
11,111,spatial_report,0.000040907,0.000040685
11,112,round_reset,0.000009074,0.000007278
11,112,receive_authenticate_accumulate,0.017220405,0.017220518
11,112,receive_authenticate_accumulate,0.000058091,0.000057574
11,112,receive_authenticate_accumulate,0.017225757,0.017225963
11,112,receive_authenticate_accumulate,0.000058202,0.000058074
11,112,receive_authenticate_accumulate,0.017225517,0.017225833
11,112,receive_authenticate_accumulate,0.000057128,0.000056926
11,112,receive_authenticate_accumulate,0.017222536,0.017222907
11,112,receive_authenticate_accumulate,0.000059257,0.000059074
11,112,receive_authenticate_accumulate,0.017264405,0.017231296
11,112,receive_authenticate_accumulate,0.000056647,0.000056500
11,112,receive_authenticate_accumulate,0.017227536,0.017227740
11,112,receive_authenticate_accumulate,0.000057795,0.000057741
11,112,reading_commitment_and_shares,0.026242100,0.026242593
11,112,receive_authenticate_accumulate,0.017226314,0.017226519
11,112,receive_authenticate_accumulate,0.000056813,0.000056519
11,112,receive_authenticate_accumulate,0.017221147,0.017221352
11,112,receive_authenticate_accumulate,0.000058054,0.000057852
11,112,receive_authenticate_accumulate,0.017222573,0.017222833
11,112,receive_authenticate_accumulate,0.000058332,0.000058222
11,112,receive_authenticate_accumulate,0.017234888,0.017235166
11,112,receive_authenticate_accumulate,0.000057628,0.000057352
11,112,receive_authenticate_accumulate,0.017236721,0.017236889
11,112,receive_authenticate_accumulate,0.000056795,0.000056648
11,112,receive_authenticate_accumulate,0.017259221,0.017236185
11,112,receive_authenticate_accumulate,0.000056110,0.000055908
11,112,receive_authenticate_accumulate,0.017220741,0.017221018
11,112,receive_authenticate_accumulate,0.000079794,0.000079778
11,112,receive_authenticate_accumulate,0.017224037,0.017224389
11,112,receive_authenticate_accumulate,0.000058147,0.000058018
11,112,receive_authenticate_accumulate,0.017284721,0.017243093
11,112,receive_authenticate_accumulate,0.000073368,0.000073093
11,112,receive_authenticate_accumulate,0.017224407,0.017224500
11,112,receive_authenticate_accumulate,0.000057036,0.000056759
11,112,receive_authenticate_accumulate,0.017232944,0.017233222
11,112,receive_authenticate_accumulate,0.000057018,0.000056871
11,112,receive_authenticate_accumulate,0.017228074,0.017228296
11,112,receive_authenticate_accumulate,0.000056276,0.000056129
11,112,receive_authenticate_accumulate,0.017229722,0.017229926
11,112,receive_authenticate_accumulate,0.000055555,0.000055277
11,112,receive_authenticate_accumulate,0.017230427,0.017230481
11,112,receive_authenticate_accumulate,0.000056832,0.000056593
11,112,round_coverage,0.000003556,0.000003037
11,112,spatial_report,0.000040425,0.000040148
11,113,round_reset,0.000009074,0.000007778
11,113,receive_authenticate_accumulate,0.017305008,0.017251056
11,113,receive_authenticate_accumulate,0.000057387,0.000057093
11,113,receive_authenticate_accumulate,0.017227750,0.017228018
11,113,receive_authenticate_accumulate,0.000058369,0.000057907
11,113,receive_authenticate_accumulate,0.017221861,0.017222111
11,113,receive_authenticate_accumulate,0.000057703,0.000057500
11,113,receive_authenticate_accumulate,0.017220324,0.017220630
11,113,receive_authenticate_accumulate,0.000057128,0.000056704
11,113,receive_authenticate_accumulate,0.017219065,0.017219167
11,113,receive_authenticate_accumulate,0.000056054,0.000055778
11,113,receive_authenticate_accumulate,0.017224361,0.017224574
11,113,receive_authenticate_accumulate,0.000057703,0.000057463
11,113,reading_commitment_and_shares,0.026211617,0.026212130
11,113,receive_authenticate_accumulate,0.017219899,0.017219889
11,113,receive_authenticate_accumulate,0.000057036,0.000056611
11,113,receive_authenticate_accumulate,0.017226103,0.017226351
11,113,receive_authenticate_accumulate,0.000057647,0.000057370
11,113,receive_authenticate_accumulate,0.017236176,0.017236407
11,113,receive_authenticate_accumulate,0.000057740,0.000057556
11,113,receive_authenticate_accumulate,0.017216992,0.017217037
11,113,receive_authenticate_accumulate,0.000058647,0.000058223
11,113,receive_authenticate_accumulate,0.017226751,0.017226925
11,113,receive_authenticate_accumulate,0.000057369,0.000057166
11,113,receive_authenticate_accumulate,0.017228251,0.017228463
11,113,receive_authenticate_accumulate,0.000058165,0.000057925
11,113,receive_authenticate_accumulate,0.017262084,0.017235981
11,113,receive_authenticate_accumulate,0.000104349,0.000104186
11,113,receive_authenticate_accumulate,0.017233307,0.017233703
11,113,receive_authenticate_accumulate,0.000057183,0.000056926
11,113,receive_authenticate_accumulate,0.017222752,0.017222815
11,113,receive_authenticate_accumulate,0.000056388,0.000056074
11,113,receive_authenticate_accumulate,0.017223918,0.017224130
11,113,receive_authenticate_accumulate,0.000056258,0.000056055
11,113,receive_authenticate_accumulate,0.017264325,0.017239685
11,113,receive_authenticate_accumulate,0.000056851,0.000056519
11,113,receive_authenticate_accumulate,0.017225011,0.017225241
11,113,receive_authenticate_accumulate,0.000057332,0.000057056
11,113,receive_authenticate_accumulate,0.017225623,0.017225833
11,113,receive_authenticate_accumulate,0.000057906,0.000057666
11,113,receive_authenticate_accumulate,0.017223789,0.017223833
11,113,receive_authenticate_accumulate,0.000058443,0.000058204
11,113,round_coverage,0.000003500,0.000003000
11,113,spatial_report,0.000040202,0.000039908
11,114,round_reset,0.000008981,0.000007574
11,114,receive_authenticate_accumulate,0.017227149,0.017227223
11,114,receive_authenticate_accumulate,0.000057777,0.000057500
11,114,receive_authenticate_accumulate,0.017223186,0.017223537
11,114,receive_authenticate_accumulate,0.000057703,0.000057389
11,114,receive_authenticate_accumulate,0.017261870,0.017235981
11,114,receive_authenticate_accumulate,0.000057165,0.000056944
11,114,receive_authenticate_accumulate,0.017221538,0.017221814
11,114,receive_authenticate_accumulate,0.000057183,0.000056741
11,114,receive_authenticate_accumulate,0.017219705,0.017220019
11,114,receive_authenticate_accumulate,0.000058480,0.000058148
11,114,receive_authenticate_accumulate,0.017230686,0.017230926
11,114,receive_authenticate_accumulate,0.000057388,0.000057056
11,114,reading_commitment_and_shares,0.026251151,0.026225277
11,114,receive_authenticate_accumulate,0.017215372,0.017215592
11,114,receive_authenticate_accumulate,0.000057758,0.000057722
11,114,receive_authenticate_accumulate,0.017219854,0.017220111
11,114,receive_authenticate_accumulate,0.000056777,0.000056611
11,114,receive_authenticate_accumulate,0.017229816,0.017229944
11,114,receive_authenticate_accumulate,0.000057462,0.000057278
11,114,receive_authenticate_accumulate,0.017229168,0.017229259
11,114,receive_authenticate_accumulate,0.000056091,0.000055852
11,114,receive_authenticate_accumulate,0.017219854,0.017219852
11,114,receive_authenticate_accumulate,0.000056832,0.000056666
11,114,receive_authenticate_accumulate,0.017222631,0.017222722
11,114,receive_authenticate_accumulate,0.000057443,0.000057055
11,114,receive_authenticate_accumulate,0.017228910,0.017229111
11,114,receive_authenticate_accumulate,0.000057573,0.000057407
11,114,receive_authenticate_accumulate,0.017219539,0.017219833
11,114,receive_authenticate_accumulate,0.000058110,0.000057981
11,114,receive_authenticate_accumulate,0.017229003,0.017229630
11,114,receive_authenticate_accumulate,0.000057666,0.000057426
11,114,receive_authenticate_accumulate,0.017221799,0.017221888
11,114,receive_authenticate_accumulate,0.000057444,0.000057278
11,114,receive_authenticate_accumulate,0.017221318,0.017221537
11,114,receive_authenticate_accumulate,0.000058277,0.000057852
11,114,receive_authenticate_accumulate,0.017275817,0.017248574
11,114,receive_authenticate_accumulate,0.000057258,0.000057074
11,114,receive_authenticate_accumulate,0.017227947,0.017228167
11,114,receive_authenticate_accumulate,0.000056517,0.000056204
11,114,receive_authenticate_accumulate,0.017299742,0.017255832
11,114,receive_authenticate_accumulate,0.000057055,0.000056889
11,114,round_coverage,0.000003852,0.000003371
11,114,spatial_report,0.000040703,0.000040537
11,115,round_reset,0.000009222,0.000007889
11,115,receive_authenticate_accumulate,0.017239362,0.017239704
11,115,receive_authenticate_accumulate,0.000059388,0.000059074
11,115,receive_authenticate_accumulate,0.017235825,0.017235685
11,115,receive_authenticate_accumulate,0.000058184,0.000057870
11,115,receive_authenticate_accumulate,0.017230030,0.017230203
11,115,receive_authenticate_accumulate,0.000057592,0.000057463
11,115,receive_authenticate_accumulate,0.017280880,0.017247944
11,115,receive_authenticate_accumulate,0.000056499,0.000056333
11,115,receive_authenticate_accumulate,0.017225974,0.017225963
11,115,receive_authenticate_accumulate,0.000058573,0.000058407
11,115,receive_authenticate_accumulate,0.017224660,0.017224908
11,115,receive_authenticate_accumulate,0.000057869,0.000057630
11,115,reading_commitment_and_shares,0.026200685,0.026201259
11,115,receive_authenticate_accumulate,0.017215530,0.017215704
11,115,receive_authenticate_accumulate,0.000056684,0.000056445
11,115,receive_authenticate_accumulate,0.017224159,0.017224333
11,115,receive_authenticate_accumulate,0.000057869,0.000057574
11,115,receive_authenticate_accumulate,0.017223160,0.017223241
11,115,receive_authenticate_accumulate,0.000058146,0.000057982
11,115,receive_authenticate_accumulate,0.017231364,0.017231426
11,115,receive_authenticate_accumulate,0.000058721,0.000058574
11,115,receive_authenticate_accumulate,0.017229771,0.017229815
11,115,receive_authenticate_accumulate,0.000057869,0.000057444
11,115,receive_authenticate_accumulate,0.017227642,0.017227537
11,115,receive_authenticate_accumulate,0.000057424,0.000057149
11,115,receive_authenticate_accumulate,0.017268640,0.017236259
11,115,receive_authenticate_accumulate,0.000080868,0.000080741
11,115,receive_authenticate_accumulate,0.017282844,0.017242519
11,115,receive_authenticate_accumulate,0.000057202,0.000057111
11,115,receive_authenticate_accumulate,0.017220994,0.017221333
11,115,receive_authenticate_accumulate,0.000059183,0.000059037
11,115,receive_authenticate_accumulate,0.017234697,0.017234963
11,115,receive_authenticate_accumulate,0.000055628,0.000055463
11,115,receive_authenticate_accumulate,0.017218086,0.017218222
11,115,receive_authenticate_accumulate,0.000057165,0.000056759
11,115,receive_authenticate_accumulate,0.017220198,0.017220537
11,115,receive_authenticate_accumulate,0.000058721,0.000058630
11,115,receive_authenticate_accumulate,0.017219791,0.017219907
11,115,receive_authenticate_accumulate,0.000057832,0.000057630
11,115,receive_authenticate_accumulate,0.017270364,0.017240204
11,115,receive_authenticate_accumulate,0.000057962,0.000057685
11,115,round_coverage,0.000003871,0.000003333
11,115,spatial_report,0.000041814,0.000041537
11,116,round_reset,0.000009945,0.000008426
11,116,receive_authenticate_accumulate,0.017227335,0.017227463
11,116,receive_authenticate_accumulate,0.000057554,0.000057278
11,116,receive_authenticate_accumulate,0.017215575,0.017215759
11,116,receive_authenticate_accumulate,0.000058554,0.000058334
11,116,receive_authenticate_accumulate,0.017221669,0.017221870
11,116,receive_authenticate_accumulate,0.000058203,0.000057925
11,116,receive_authenticate_accumulate,0.017251150,0.017238574
11,116,receive_authenticate_accumulate,0.000056258,0.000056092
11,116,receive_authenticate_accumulate,0.017270982,0.017273222
11,116,receive_authenticate_accumulate,0.000057943,0.000057741
11,116,receive_authenticate_accumulate,0.017307667,0.017280777
11,116,receive_authenticate_accumulate,0.000056499,0.000056278
11,116,reading_commitment_and_shares,0.026231790,0.026217778
11,116,receive_authenticate_accumulate,0.017220836,0.017221092
11,116,receive_authenticate_accumulate,0.000055907,0.000055741
11,116,receive_authenticate_accumulate,0.017229761,0.017229944
11,116,receive_authenticate_accumulate,0.000055906,0.000055519
11,116,receive_authenticate_accumulate,0.017231817,0.017231944
11,116,receive_authenticate_accumulate,0.000057146,0.000056889
11,116,receive_authenticate_accumulate,0.017226020,0.017225778
11,116,receive_authenticate_accumulate,0.000055592,0.000055370
11,116,receive_authenticate_accumulate,0.017217892,0.017217963
11,116,receive_authenticate_accumulate,0.000055888,0.000055722
11,116,receive_authenticate_accumulate,0.017215428,0.017215519
11,116,receive_authenticate_accumulate,0.000071313,0.000071037
11,116,receive_authenticate_accumulate,0.017286520,0.017247037
11,116,receive_authenticate_accumulate,0.000077757,0.000077296
11,116,receive_authenticate_accumulate,0.017230892,0.017231167
11,116,receive_authenticate_accumulate,0.000056276,0.000056019
11,116,receive_authenticate_accumulate,0.017221521,0.017221537
11,116,receive_authenticate_accumulate,0.000056240,0.000056019
11,116,receive_authenticate_accumulate,0.017219874,0.017220129
11,116,receive_authenticate_accumulate,0.000055110,0.000055056
11,116,receive_authenticate_accumulate,0.017224540,0.017224574
11,116,receive_authenticate_accumulate,0.000055869,0.000055556
11,116,receive_authenticate_accumulate,0.017277168,0.017235816
11,116,receive_authenticate_accumulate,0.000058832,0.000058760
11,116,receive_authenticate_accumulate,0.017231947,0.017231907
11,116,receive_authenticate_accumulate,0.000056258,0.000055945
11,116,receive_authenticate_accumulate,0.017265762,0.017235684
11,116,receive_authenticate_accumulate,0.000056962,0.000056630
11,116,round_coverage,0.000003499,0.000002926
11,116,spatial_report,0.000041462,0.000041148
11,117,round_reset,0.000048869,0.000035945
11,117,receive_authenticate_accumulate,0.017224251,0.017224296
11,117,receive_authenticate_accumulate,0.000056313,0.000056130
11,117,receive_authenticate_accumulate,0.017241602,0.017241555
11,117,receive_authenticate_accumulate,0.000056554,0.000056389
11,117,receive_authenticate_accumulate,0.017226973,0.017226908
11,117,receive_authenticate_accumulate,0.000055091,0.000054833
11,117,receive_authenticate_accumulate,0.017219122,0.017219296
11,117,receive_authenticate_accumulate,0.000055888,0.000055852
11,117,receive_authenticate_accumulate,0.017219251,0.017219389
11,117,receive_authenticate_accumulate,0.000055813,0.000055611
11,117,receive_authenticate_accumulate,0.017345990,0.017246279
11,117,receive_authenticate_accumulate,0.000054666,0.000054648
11,117,reading_commitment_and_shares,0.026204804,0.026205278
11,117,receive_authenticate_accumulate,0.017225455,0.017225722
11,117,receive_authenticate_accumulate,0.000056166,0.000055574
11,117,receive_authenticate_accumulate,0.017225585,0.017225740
11,117,receive_authenticate_accumulate,0.000055758,0.000055740
11,117,receive_authenticate_accumulate,0.017232918,0.017233074
11,117,receive_authenticate_accumulate,0.000057665,0.000057333
11,117,receive_authenticate_accumulate,0.017220159,0.017220222
11,117,receive_authenticate_accumulate,0.000058647,0.000058481
11,117,receive_authenticate_accumulate,0.017234640,0.017234722
11,117,receive_authenticate_accumulate,0.000056517,0.000056259
11,117,receive_authenticate_accumulate,0.017221789,0.017221908
11,117,receive_authenticate_accumulate,0.000058295,0.000058074
11,117,receive_authenticate_accumulate,0.017222715,0.017222685
11,117,receive_authenticate_accumulate,0.000058091,0.000057888
11,117,receive_authenticate_accumulate,0.017285473,0.017245574
11,117,receive_authenticate_accumulate,0.000059054,0.000059037
11,117,receive_authenticate_accumulate,0.017217049,0.017217389
11,117,receive_authenticate_accumulate,0.000055480,0.000055370
11,117,receive_authenticate_accumulate,0.017225827,0.017226018
11,117,receive_authenticate_accumulate,0.000057665,0.000057574
11,117,receive_authenticate_accumulate,0.017224789,0.017225037
11,117,receive_authenticate_accumulate,0.000057721,0.000057593
11,117,receive_authenticate_accumulate,0.017220419,0.017220629
11,117,receive_authenticate_accumulate,0.000075424,0.000075352
11,117,receive_authenticate_accumulate,0.017229994,0.017230111
11,117,receive_authenticate_accumulate,0.000057480,0.000057222
11,117,receive_authenticate_accumulate,0.017237530,0.017237759
11,117,receive_authenticate_accumulate,0.000056591,0.000056333
11,117,round_coverage,0.000002871,0.000002334
11,117,spatial_report,0.000040573,0.000040333
11,118,round_reset,0.000009073,0.000007833
11,118,receive_authenticate_accumulate,0.017231185,0.017231315
11,118,receive_authenticate_accumulate,0.000057758,0.000057574
11,118,receive_authenticate_accumulate,0.017218778,0.017219037
11,118,receive_authenticate_accumulate,0.000058072,0.000057852
11,118,receive_authenticate_accumulate,0.017226907,0.017227074
11,118,receive_authenticate_accumulate,0.000057554,0.000057352
11,118,receive_authenticate_accumulate,0.017225130,0.017225260
11,118,receive_authenticate_accumulate,0.000059296,0.000059148
11,118,receive_authenticate_accumulate,0.017249814,0.017228555
11,118,receive_authenticate_accumulate,0.000057296,0.000057278
11,118,receive_authenticate_accumulate,0.017232722,0.017232889
11,118,receive_authenticate_accumulate,0.000058073,0.000057741
11,118,reading_commitment_and_shares,0.026190466,0.026191056
11,118,receive_authenticate_accumulate,0.017235444,0.017235889
11,118,receive_authenticate_accumulate,0.000058758,0.000058593
11,118,receive_authenticate_accumulate,0.017222945,0.017223333
11,118,receive_authenticate_accumulate,0.000057629,0.000057334
11,118,receive_authenticate_accumulate,0.017227093,0.017227148
11,118,receive_authenticate_accumulate,0.000057702,0.000057482
11,118,receive_authenticate_accumulate,0.017216334,0.017216445
11,118,receive_authenticate_accumulate,0.000057573,0.000057204
11,118,receive_authenticate_accumulate,0.017250796,0.017250389
11,118,receive_authenticate_accumulate,0.000057832,0.000057592
11,118,receive_authenticate_accumulate,0.017253463,0.017253981
11,118,receive_authenticate_accumulate,0.000057629,0.000057297
11,118,receive_authenticate_accumulate,0.017229427,0.017229574
11,118,receive_authenticate_accumulate,0.000058851,0.000058630
11,118,receive_authenticate_accumulate,0.017228742,0.017229019
11,118,receive_authenticate_accumulate,0.000058166,0.000058129
11,118,receive_authenticate_accumulate,0.017223483,0.017223611
11,118,receive_authenticate_accumulate,0.000057425,0.000057314
11,118,receive_authenticate_accumulate,0.017221409,0.017221500
11,118,receive_authenticate_accumulate,0.000058277,0.000058018
11,118,receive_authenticate_accumulate,0.017220446,0.017220667
11,118,receive_authenticate_accumulate,0.000057258,0.000057130
11,118,receive_authenticate_accumulate,0.017220038,0.017220204
11,118,receive_authenticate_accumulate,0.000056888,0.000056870
11,118,receive_authenticate_accumulate,0.017233150,0.017233352
11,118,receive_authenticate_accumulate,0.000058499,0.000058148
11,118,receive_authenticate_accumulate,0.017230390,0.017230482
11,118,receive_authenticate_accumulate,0.000056814,0.000056648
11,118,round_coverage,0.000003148,0.000002648
11,118,spatial_report,0.000039666,0.000039370
11,119,round_reset,0.000009018,0.000007555
11,119,receive_authenticate_accumulate,0.017235451,0.017235611
11,119,receive_authenticate_accumulate,0.000056795,0.000056407
11,119,receive_authenticate_accumulate,0.017224397,0.017224556
11,119,receive_authenticate_accumulate,0.000057888,0.000057685
11,119,receive_authenticate_accumulate,0.017232508,0.017232630
11,119,receive_authenticate_accumulate,0.000057999,0.000057759
11,119,receive_authenticate_accumulate,0.017224878,0.017224999
11,119,receive_authenticate_accumulate,0.000058166,0.000057889
11,119,receive_authenticate_accumulate,0.017228785,0.017229037
11,119,receive_authenticate_accumulate,0.000058832,0.000058630
11,119,receive_authenticate_accumulate,0.017219879,0.017220166
11,119,receive_authenticate_accumulate,0.000074017,0.000073593
11,119,reading_commitment_and_shares,0.026222125,0.026200667
11,119,receive_authenticate_accumulate,0.017287062,0.017252740
11,119,receive_authenticate_accumulate,0.000055869,0.000055685
11,119,receive_authenticate_accumulate,0.017233934,0.017234407
11,119,receive_authenticate_accumulate,0.000057573,0.000057351
11,119,receive_authenticate_accumulate,0.017264229,0.017246000
11,119,receive_authenticate_accumulate,0.000056795,0.000056482
11,119,receive_authenticate_accumulate,0.017275674,0.017246889
11,119,receive_authenticate_accumulate,0.000057739,0.000057500
11,119,receive_authenticate_accumulate,0.017234027,0.017234129
11,119,receive_authenticate_accumulate,0.000057202,0.000057018
11,119,receive_authenticate_accumulate,0.017225304,0.017225407
11,119,receive_authenticate_accumulate,0.000057851,0.000057612
11,119,receive_authenticate_accumulate,0.017221823,0.017221814
11,119,receive_authenticate_accumulate,0.000058481,0.000058315
11,119,receive_authenticate_accumulate,0.025925243,0.025926518
11,119,receive_authenticate_accumulate,0.000057166,0.000057037
11,119,receive_authenticate_accumulate,0.017270360,0.017258685
11,119,receive_authenticate_accumulate,0.000058073,0.000057926
11,119,receive_authenticate_accumulate,0.017267268,0.017243037
11,119,receive_authenticate_accumulate,0.000058128,0.000057815
11,119,receive_authenticate_accumulate,0.017228139,0.017228389
11,119,receive_authenticate_accumulate,0.000058221,0.000057908
11,119,receive_authenticate_accumulate,0.017223120,0.017223315
11,119,receive_authenticate_accumulate,0.000057869,0.000057667
11,119,receive_authenticate_accumulate,0.017252472,0.017235944
11,119,receive_authenticate_accumulate,0.000058684,0.000058462
11,119,receive_authenticate_accumulate,0.017225898,0.017225963
11,119,receive_authenticate_accumulate,0.000057665,0.000057518
11,119,round_coverage,0.000003000,0.000002463
11,119,spatial_report,0.000040147,0.000039907
11,119,billing_report,0.000422862,0.000422612
12,120,period_reset,0.000024222,0.000022945
12,120,receive_authenticate_accumulate,0.000093850,0.000093315
12,120,receive_authenticate_accumulate,0.000093313,0.000092981
12,120,receive_authenticate_accumulate,0.000093998,0.000093574
12,120,receive_authenticate_accumulate,0.000092147,0.000091519
12,120,receive_authenticate_accumulate,0.000091387,0.000090815
12,120,receive_authenticate_accumulate,0.000092239,0.000091871
12,120,randomness_commit,0.000806355,0.000805945
12,120,receive_authenticate_accumulate,0.000085554,0.000085556
12,120,receive_authenticate_accumulate,0.000091646,0.000091519
12,120,receive_authenticate_accumulate,0.000091888,0.000091445
12,120,receive_authenticate_accumulate,0.000091313,0.000091000
12,120,receive_authenticate_accumulate,0.000091776,0.000091481
12,120,receive_authenticate_accumulate,0.000088832,0.000088722
12,120,receive_authenticate_accumulate,0.000095239,0.000094870
12,120,receive_authenticate_accumulate,0.000092702,0.000092149
12,120,receive_authenticate_accumulate,0.000092832,0.000092426
12,120,receive_authenticate_accumulate,0.000093202,0.000092463
12,120,receive_authenticate_accumulate,0.000058258,0.000057926
12,120,receive_authenticate_accumulate,0.000056184,0.000055963
12,120,receive_authenticate_accumulate,0.000056999,0.000056778
12,120,receive_authenticate_accumulate,0.000057943,0.000057612
12,120,receive_authenticate_accumulate,0.000069517,0.000069241
12,120,receive_authenticate_accumulate,0.000070276,0.000070148
12,120,receive_authenticate_accumulate,0.000069647,0.000069426
12,120,receive_authenticate_accumulate,0.000069702,0.000069555
12,120,receive_authenticate_accumulate,0.000069794,0.000069482
12,120,receive_authenticate_accumulate,0.000068795,0.000068760
12,120,randomness_reveal,0.000473490,0.000473203
12,120,receive_authenticate_accumulate,0.000063110,0.000063167
12,120,receive_authenticate_accumulate,0.000068221,0.000068315
12,120,receive_authenticate_accumulate,0.000068795,0.000068463
12,120,receive_authenticate_accumulate,0.000069462,0.000069111
12,120,receive_authenticate_accumulate,0.000069276,0.000069056
12,120,receive_authenticate_accumulate,0.000070128,0.000069759
12,120,receive_authenticate_accumulate,0.000069091,0.000068908
12,120,receive_authenticate_accumulate,0.000070369,0.000069667
12,120,receive_authenticate_accumulate,0.000064980,0.000064611
12,120,receive_authenticate_accumulate,0.000068869,0.000068704
12,120,receive_authenticate_accumulate,0.000069443,0.000069166
12,120,receive_authenticate_accumulate,0.000069257,0.000068537
12,120,receive_authenticate_accumulate,0.000070221,0.000069907
12,120,receive_authenticate_accumulate,0.000069295,0.000068907
12,120,committee_selection,0.000127720,0.000127555
12,120,round_reset,0.000006018,0.000005333
12,120,receive_authenticate_accumulate,0.017275236,0.017245962
12,120,receive_authenticate_accumulate,0.017234903,0.017235037
12,120,receive_authenticate_accumulate,0.017224644,0.017224925
12,120,receive_authenticate_accumulate,0.017259441,0.017259592
12,120,receive_authenticate_accumulate,0.017233811,0.017233926
12,120,receive_authenticate_accumulate,0.017268625,0.017245536
12,120,reading_commitment_and_shares,0.026210210,0.026210593
12,120,receive_authenticate_accumulate,0.017219627,0.017219760
12,120,receive_authenticate_accumulate,0.017270774,0.017241815
12,120,receive_authenticate_accumulate,0.017258551,0.017258759
12,120,receive_authenticate_accumulate,0.017223571,0.017223648
12,120,receive_authenticate_accumulate,0.017229053,0.017229185
12,120,receive_authenticate_accumulate,0.017247367,0.017247500
12,120,receive_authenticate_accumulate,0.017220035,0.017219908
12,120,receive_authenticate_accumulate,0.017221313,0.017221370
12,120,receive_authenticate_accumulate,0.017231275,0.017231333
12,120,receive_authenticate_accumulate,0.017270774,0.017248241
12,120,receive_authenticate_accumulate,0.017276293,0.017276278
12,120,receive_authenticate_accumulate,0.017247534,0.017247685
12,120,receive_authenticate_accumulate,0.017258553,0.017232704
12,120,receive_authenticate_accumulate,0.017238868,0.017239056
12,120,round_coverage,0.000004018,0.000003407
12,121,round_reset,0.000009334,0.000007963
12,121,receive_authenticate_accumulate,0.017939785,0.017939130
12,121,receive_authenticate_accumulate,0.017269521,0.017242130
12,121,receive_authenticate_accumulate,0.017226040,0.017226166
12,121,receive_authenticate_accumulate,0.017225652,0.017225666
12,121,receive_authenticate_accumulate,0.017263336,0.017240777
12,121,receive_authenticate_accumulate,0.017226948,0.017227037
12,121,reading_commitment_and_shares,0.026217239,0.026217519
12,121,receive_authenticate_accumulate,0.017221911,0.017222148
12,121,receive_authenticate_accumulate,0.017269281,0.017269463
12,121,receive_authenticate_accumulate,0.017236189,0.017236352
12,121,receive_authenticate_accumulate,0.017227097,0.017227185
12,121,receive_authenticate_accumulate,0.017223838,0.017223963
12,121,receive_authenticate_accumulate,0.017224078,0.017224093
12,121,receive_authenticate_accumulate,0.017235912,0.017236037
12,121,receive_authenticate_accumulate,0.017229263,0.017229314
12,121,receive_authenticate_accumulate,0.017241800,0.017241759
12,121,receive_authenticate_accumulate,0.017230801,0.017230907
12,121,receive_authenticate_accumulate,0.017222616,0.017222704
12,121,receive_authenticate_accumulate,0.017230116,0.017230186
12,121,receive_authenticate_accumulate,0.017270022,0.017245000
12,121,receive_authenticate_accumulate,0.017224079,0.017224241
12,121,round_coverage,0.000004315,0.000003519
12,122,round_reset,0.000008778,0.000007352
12,122,receive_authenticate_accumulate,0.017239288,0.017239240
12,122,receive_authenticate_accumulate,0.017234139,0.017234148
12,122,receive_authenticate_accumulate,0.017277046,0.017247906
12,122,receive_authenticate_accumulate,0.017238639,0.017238740
12,122,receive_authenticate_accumulate,0.017224714,0.017224814
12,122,receive_authenticate_accumulate,0.017235566,0.017235371
12,122,reading_commitment_and_shares,0.026243137,0.026214981
12,122,receive_authenticate_accumulate,0.017230807,0.017230963
12,122,receive_authenticate_accumulate,0.017227454,0.017227518
12,122,receive_authenticate_accumulate,0.017221473,0.017221537
12,122,receive_authenticate_accumulate,0.017235085,0.017235204
12,122,receive_authenticate_accumulate,0.017232325,0.017232407
12,122,receive_authenticate_accumulate,0.017228178,0.017228296
12,122,receive_authenticate_accumulate,0.017230548,0.017230833
12,122,receive_authenticate_accumulate,0.017223307,0.017223426
12,122,receive_authenticate_accumulate,0.017228436,0.017228537
12,122,receive_authenticate_accumulate,0.017286325,0.017260185
12,122,receive_authenticate_accumulate,0.017218400,0.017218444
12,122,receive_authenticate_accumulate,0.017230085,0.017230111
12,122,receive_authenticate_accumulate,0.017249862,0.017237111
12,122,receive_authenticate_accumulate,0.017224474,0.017224648
12,122,round_coverage,0.000004167,0.000003574
12,123,round_reset,0.000009629,0.000008111
12,123,receive_authenticate_accumulate,0.025874912,0.025874908
12,123,receive_authenticate_accumulate,0.017238849,0.017238926
12,123,receive_authenticate_accumulate,0.017231386,0.017231445
12,123,receive_authenticate_accumulate,0.017224108,0.017224203
12,123,receive_authenticate_accumulate,0.017229497,0.017229536
12,123,receive_authenticate_accumulate,0.017274293,0.017248629
12,123,reading_commitment_and_shares,0.026214203,0.026214408
12,123,receive_authenticate_accumulate,0.017221831,0.017221908
12,123,receive_authenticate_accumulate,0.017289164,0.017245795
12,123,receive_authenticate_accumulate,0.017229961,0.017230203
12,123,receive_authenticate_accumulate,0.017212442,0.017212611
12,123,receive_authenticate_accumulate,0.017226461,0.017226556
12,123,receive_authenticate_accumulate,0.017224979,0.017225130
12,123,receive_authenticate_accumulate,0.017236590,0.017236685
12,123,receive_authenticate_accumulate,0.017307385,0.017271259
12,123,receive_authenticate_accumulate,0.017228739,0.017228778
12,123,receive_authenticate_accumulate,0.017221257,0.017221296
12,123,receive_authenticate_accumulate,0.017230424,0.017230519
12,123,receive_authenticate_accumulate,0.017225499,0.017225537
12,123,receive_authenticate_accumulate,0.017237887,0.017238074
12,123,receive_authenticate_accumulate,0.017268776,0.017238778
12,123,round_coverage,0.000004222,0.000003574
12,124,round_reset,0.000009259,0.000008074
12,124,receive_authenticate_accumulate,0.025859847,0.025860129
12,124,receive_authenticate_accumulate,0.017246651,0.017246797
12,124,receive_authenticate_accumulate,0.017226392,0.017226315
12,124,receive_authenticate_accumulate,0.017247392,0.017247426
12,124,receive_authenticate_accumulate,0.017229781,0.017229796
12,124,receive_authenticate_accumulate,0.017230374,0.017230407
12,124,reading_commitment_and_shares,0.026217193,0.026217574
12,124,receive_authenticate_accumulate,0.017226429,0.017226629
12,124,receive_authenticate_accumulate,0.017220411,0.017220444
12,124,receive_authenticate_accumulate,0.017236503,0.017236519
12,124,receive_authenticate_accumulate,0.017224467,0.017224537
12,124,receive_authenticate_accumulate,0.017221318,0.017221351
12,124,receive_authenticate_accumulate,0.017215837,0.017215944
12,124,receive_authenticate_accumulate,0.017233485,0.017233352
12,124,receive_authenticate_accumulate,0.027610835,0.027523037
12,124,receive_authenticate_accumulate,0.017228745,0.017228814
12,124,receive_authenticate_accumulate,0.017265059,0.017242741
12,124,receive_authenticate_accumulate,0.017227096,0.017227166
12,124,receive_authenticate_accumulate,0.017247430,0.017247518
12,124,receive_authenticate_accumulate,0.017230171,0.017230203
12,124,receive_authenticate_accumulate,0.017230282,0.017230296
12,124,round_coverage,0.000004037,0.000003334
12,125,round_reset,0.000008648,0.000007222
12,125,receive_authenticate_accumulate,0.026015612,0.025992648
12,125,receive_authenticate_accumulate,0.017227101,0.017227148
12,125,receive_authenticate_accumulate,0.017220527,0.017220630
12,125,receive_authenticate_accumulate,0.017228824,0.017228963
12,125,receive_authenticate_accumulate,0.017223064,0.017223093
12,125,receive_authenticate_accumulate,0.017262508,0.017236538
12,125,reading_commitment_and_shares,0.026203164,0.026203166
12,125,receive_authenticate_accumulate,0.017223602,0.017223759
12,125,receive_authenticate_accumulate,0.017229047,0.017229019
12,125,receive_authenticate_accumulate,0.017236861,0.017236944
12,125,receive_authenticate_accumulate,0.017225490,0.017225500
12,125,receive_authenticate_accumulate,0.017233287,0.017233426
12,125,receive_authenticate_accumulate,0.017229769,0.017229796
12,125,receive_authenticate_accumulate,0.017222806,0.017222963
12,125,receive_authenticate_accumulate,0.025858097,0.025858370
12,125,receive_authenticate_accumulate,0.017227287,0.017227333
12,125,receive_authenticate_accumulate,0.017260454,0.017247018
12,125,receive_authenticate_accumulate,0.017228991,0.017229037
12,125,receive_authenticate_accumulate,0.017269954,0.017242037
12,125,receive_authenticate_accumulate,0.017224028,0.017224000
12,125,receive_authenticate_accumulate,0.017225066,0.017225204
12,125,round_coverage,0.000004093,0.000003444
12,126,round_reset,0.000009426,0.000008000
12,126,receive_authenticate_accumulate,0.017233495,0.017233537
12,126,receive_authenticate_accumulate,0.017223625,0.017223759
12,126,receive_authenticate_accumulate,0.017229792,0.017229944
12,126,receive_authenticate_accumulate,0.017234754,0.017234796
12,126,receive_authenticate_accumulate,0.017230366,0.017230315
12,126,receive_authenticate_accumulate,0.017226384,0.017226389
12,126,reading_commitment_and_shares,0.026265504,0.026265389
12,126,receive_authenticate_accumulate,0.017269235,0.017239981
12,126,receive_authenticate_accumulate,0.017230070,0.017230204
12,126,receive_authenticate_accumulate,0.017231718,0.017231777
12,126,receive_authenticate_accumulate,0.017238865,0.017238945
12,126,receive_authenticate_accumulate,0.017234884,0.017234944
12,126,receive_authenticate_accumulate,0.017229051,0.017229129
12,126,receive_authenticate_accumulate,0.017226681,0.017226704
12,126,receive_authenticate_accumulate,0.017232199,0.017232240
12,126,receive_authenticate_accumulate,0.017228755,0.017228834
12,126,receive_authenticate_accumulate,0.017227756,0.017227925
12,126,receive_authenticate_accumulate,0.017219422,0.017219556
12,126,receive_authenticate_accumulate,0.017221608,0.017221704
12,126,receive_authenticate_accumulate,0.017233719,0.017233815
12,126,receive_authenticate_accumulate,0.017230403,0.017230444
12,126,round_coverage,0.000003667,0.000003074
12,127,round_reset,0.000009259,0.000008037
12,127,receive_authenticate_accumulate,0.017276443,0.017248629
12,127,receive_authenticate_accumulate,0.017256592,0.017256426
12,127,receive_authenticate_accumulate,0.017236093,0.017236037
12,127,receive_authenticate_accumulate,0.017231444,0.017231371
12,127,receive_authenticate_accumulate,0.017220593,0.017220630
12,127,receive_authenticate_accumulate,0.017232945,0.017232981
12,127,reading_commitment_and_shares,0.026209716,0.026209889
12,127,receive_authenticate_accumulate,0.017210279,0.017210389
12,127,receive_authenticate_accumulate,0.017232611,0.017232630
12,127,receive_authenticate_accumulate,0.017259815,0.017234519
12,127,receive_authenticate_accumulate,0.017231111,0.017231074
12,127,receive_authenticate_accumulate,0.017227908,0.017227963
12,127,receive_authenticate_accumulate,0.017224334,0.017224278
12,127,receive_authenticate_accumulate,0.017235593,0.017235704
12,127,receive_authenticate_accumulate,0.017224149,0.017224185
12,127,receive_authenticate_accumulate,0.017241871,0.017242296
12,127,receive_authenticate_accumulate,0.017273592,0.017256926
12,127,receive_authenticate_accumulate,0.017227297,0.017227315
12,127,receive_authenticate_accumulate,0.017241352,0.017241277
12,127,receive_authenticate_accumulate,0.017222890,0.017222926
12,127,receive_authenticate_accumulate,0.017230686,0.017230740
12,127,round_coverage,0.000004000,0.000003315
12,128,round_reset,0.000009166,0.000007703
12,128,receive_authenticate_accumulate,0.021108124,0.021020185
12,128,receive_authenticate_accumulate,0.017227430,0.017227537
12,128,receive_authenticate_accumulate,0.017228060,0.017228037
12,128,receive_authenticate_accumulate,0.017227783,0.017227574
12,128,receive_authenticate_accumulate,0.017235819,0.017235740
12,128,receive_authenticate_accumulate,0.017266263,0.017245871
12,128,reading_commitment_and_shares,0.026207167,0.026207463
12,128,receive_authenticate_accumulate,0.017216412,0.017216611
12,128,receive_authenticate_accumulate,0.017228061,0.017228185
12,128,receive_authenticate_accumulate,0.017220320,0.017220407
12,128,receive_authenticate_accumulate,0.017224227,0.017224315
12,128,receive_authenticate_accumulate,0.017236838,0.017236703
12,128,receive_authenticate_accumulate,0.017322689,0.017256296
12,128,receive_authenticate_accumulate,0.017229338,0.017229389
12,128,receive_authenticate_accumulate,0.017232431,0.017232370
12,128,receive_authenticate_accumulate,0.017225728,0.017225962
12,128,receive_authenticate_accumulate,0.017263412,0.017244685
12,128,receive_authenticate_accumulate,0.017238765,0.017238574
12,128,receive_authenticate_accumulate,0.017260486,0.017260833
12,128,receive_authenticate_accumulate,0.017228524,0.017228593
12,128,receive_authenticate_accumulate,0.017228024,0.017228129
12,128,round_coverage,0.000004019,0.000003351
12,129,round_reset,0.000008425,0.000007315
12,129,receive_authenticate_accumulate,0.017268471,0.017243593
12,129,receive_authenticate_accumulate,0.017233323,0.017233407
12,129,receive_authenticate_accumulate,0.017231657,0.017231371
12,129,receive_authenticate_accumulate,0.017287989,0.017251813
12,129,receive_authenticate_accumulate,0.017221398,0.017221389
12,129,receive_authenticate_accumulate,0.017257638,0.017238518
12,129,reading_commitment_and_shares,0.026271173,0.026236131
12,129,receive_authenticate_accumulate,0.017230880,0.017231166
12,129,receive_authenticate_accumulate,0.017276805,0.017277037
12,129,receive_authenticate_accumulate,0.017236102,0.017236204
12,129,receive_authenticate_accumulate,0.017235564,0.017235574
12,129,receive_authenticate_accumulate,0.017228417,0.017228500
12,129,receive_authenticate_accumulate,0.017230842,0.017230944
12,129,receive_authenticate_accumulate,0.017264694,0.017234888
12,129,receive_authenticate_accumulate,0.017255731,0.017237501
12,129,receive_authenticate_accumulate,0.017238732,0.017238778
12,129,receive_authenticate_accumulate,0.017269454,0.017245130
12,129,receive_authenticate_accumulate,0.017224824,0.017224796
12,129,receive_authenticate_accumulate,0.017241714,0.017241759
12,129,receive_authenticate_accumulate,0.017311453,0.017269555
12,129,receive_authenticate_accumulate,0.017225991,0.017226037
12,129,round_coverage,0.000004408,0.000003796
13,130,period_reset,0.000026018,0.000024963
13,130,receive_authenticate_accumulate,0.000097016,0.000095889
13,130,receive_authenticate_accumulate,0.000092721,0.000092426
13,130,receive_authenticate_accumulate,0.000092220,0.000091926
13,130,receive_authenticate_accumulate,0.000091572,0.000091148
13,130,receive_authenticate_accumulate,0.000092554,0.000092074
13,130,receive_authenticate_accumulate,0.000090591,0.000090222
13,130,randomness_commit,0.000816320,0.000816037
13,130,receive_authenticate_accumulate,0.000087165,0.000086852
13,130,receive_authenticate_accumulate,0.000121202,0.000120926
13,130,receive_authenticate_accumulate,0.000067980,0.000067852
13,130,receive_authenticate_accumulate,0.000067073,0.000066833
13,130,receive_authenticate_accumulate,0.000065962,0.000065777
13,130,receive_authenticate_accumulate,0.000066221,0.000065926
13,130,receive_authenticate_accumulate,0.000067924,0.000067518
13,130,receive_authenticate_accumulate,0.000065555,0.000065389
13,130,receive_authenticate_accumulate,0.000067073,0.000066408
13,130,receive_authenticate_accumulate,0.000067202,0.000066889
13,130,receive_authenticate_accumulate,0.000067869,0.000067500
13,130,receive_authenticate_accumulate,0.000065981,0.000065963
13,130,receive_authenticate_accumulate,0.000066036,0.000065815
13,130,receive_authenticate_accumulate,0.000067202,0.000066907
13,130,receive_authenticate_accumulate,0.000080535,0.000080149
13,130,receive_authenticate_accumulate,0.000081813,0.000081611
13,130,receive_authenticate_accumulate,0.000080814,0.000080759
13,130,receive_authenticate_accumulate,0.000081813,0.000081612
13,130,receive_authenticate_accumulate,0.000079758,0.000079500
13,130,receive_authenticate_accumulate,0.000081554,0.000081315
13,130,randomness_reveal,0.000561713,0.000561333
13,130,receive_authenticate_accumulate,0.000075665,0.000075630
13,130,receive_authenticate_accumulate,0.000080480,0.000080407
13,130,receive_authenticate_accumulate,0.000082035,0.000081908
13,130,receive_authenticate_accumulate,0.000082147,0.000081870
13,130,receive_authenticate_accumulate,0.000064554,0.000064371
13,130,receive_authenticate_accumulate,0.000066925,0.000066704
13,130,receive_authenticate_accumulate,0.000065592,0.000065463
13,130,receive_authenticate_accumulate,0.000066147,0.000065814
13,130,receive_authenticate_accumulate,0.000065999,0.000065778
13,130,receive_authenticate_accumulate,0.000065980,0.000065648
13,130,receive_authenticate_accumulate,0.000065443,0.000065148
13,130,receive_authenticate_accumulate,0.000067276,0.000066852
13,130,receive_authenticate_accumulate,0.000066221,0.000066037
13,130,receive_authenticate_accumulate,0.000066314,0.000066203
13,130,committee_selection,0.000123609,0.000122871
13,130,round_reset,0.000005722,0.000004981
13,130,receive_authenticate_accumulate,0.017278512,0.017248130
13,130,receive_authenticate_accumulate,0.000055721,0.000055408
13,130,receive_authenticate_accumulate,0.017219069,0.017219222
13,130,receive_authenticate_accumulate,0.000054887,0.000054685
13,130,receive_authenticate_accumulate,0.017274642,0.017244149
13,130,receive_authenticate_accumulate,0.000056314,0.000056093
13,130,receive_authenticate_accumulate,0.017224198,0.017224185
13,130,receive_authenticate_accumulate,0.000055239,0.000054889
13,130,receive_authenticate_accumulate,0.017234031,0.017234129
13,130,receive_authenticate_accumulate,0.000055925,0.000055814
13,130,receive_authenticate_accumulate,0.017225069,0.017225166
13,130,receive_authenticate_accumulate,0.000055555,0.000055333
13,130,reading_commitment_and_shares,0.026200829,0.026201223
13,130,receive_authenticate_accumulate,0.017216903,0.017217148
13,130,receive_authenticate_accumulate,0.000056073,0.000055926
13,130,receive_authenticate_accumulate,0.017246457,0.017229592
13,130,receive_authenticate_accumulate,0.000056406,0.000055908
13,130,receive_authenticate_accumulate,0.017219050,0.017219093
13,130,receive_authenticate_accumulate,0.000055296,0.000055074
13,130,receive_authenticate_accumulate,0.017215958,0.017215963
13,130,receive_authenticate_accumulate,0.000055129,0.000054797
13,130,receive_authenticate_accumulate,0.017220532,0.017220611
13,130,receive_authenticate_accumulate,0.000059703,0.000059444
13,130,receive_authenticate_accumulate,0.017244383,0.017244611
13,130,receive_authenticate_accumulate,0.000056462,0.000056185
13,130,receive_authenticate_accumulate,0.017223254,0.017223444
13,130,receive_authenticate_accumulate,0.000079684,0.000079426
13,130,receive_authenticate_accumulate,0.017262439,0.017236240
13,130,receive_authenticate_accumulate,0.000055925,0.000055704
13,130,receive_authenticate_accumulate,0.017225717,0.017225889
13,130,receive_authenticate_accumulate,0.000056888,0.000056759
13,130,receive_authenticate_accumulate,0.017234995,0.017235056
13,130,receive_authenticate_accumulate,0.000057591,0.000057371
13,130,receive_authenticate_accumulate,0.017235977,0.017236093
13,130,receive_authenticate_accumulate,0.000057573,0.000057444
13,130,receive_authenticate_accumulate,0.017251106,0.017227462
13,130,receive_authenticate_accumulate,0.000056851,0.000056685
13,130,receive_authenticate_accumulate,0.017218662,0.017218796
13,130,receive_authenticate_accumulate,0.000056129,0.000055759
13,130,receive_authenticate_accumulate,0.017226143,0.017226333
13,130,receive_authenticate_accumulate,0.000055759,0.000055611
13,130,round_coverage,0.000003518,0.000003018
13,130,spatial_report,0.000042555,0.000042222
13,131,round_reset,0.000009426,0.000007981
13,131,receive_authenticate_accumulate,0.021073954,0.020981574
13,131,receive_authenticate_accumulate,0.000057702,0.000057518
13,131,receive_authenticate_accumulate,0.017220646,0.017220723
13,131,receive_authenticate_accumulate,0.000057499,0.000057222
13,131,receive_authenticate_accumulate,0.017227035,0.017226870
13,131,receive_authenticate_accumulate,0.000056962,0.000056870
13,131,receive_authenticate_accumulate,0.017218665,0.017218352
13,131,receive_authenticate_accumulate,0.000058481,0.000058241
13,131,receive_authenticate_accumulate,0.017222480,0.017222482
13,131,receive_authenticate_accumulate,0.000058777,0.000058723
13,131,receive_authenticate_accumulate,0.017229166,0.017229334
13,131,receive_authenticate_accumulate,0.000056813,0.000056555
13,131,reading_commitment_and_shares,0.026206853,0.026207296
13,131,receive_authenticate_accumulate,0.017228702,0.017228796
13,131,receive_authenticate_accumulate,0.000056054,0.000055889
13,131,receive_authenticate_accumulate,0.017268349,0.017238000
13,131,receive_authenticate_accumulate,0.000056536,0.000056352
13,131,receive_authenticate_accumulate,0.017221888,0.017222037
13,131,receive_authenticate_accumulate,0.000058536,0.000058407
13,131,receive_authenticate_accumulate,0.017327386,0.017256759
13,131,receive_authenticate_accumulate,0.000056388,0.000056259
13,131,receive_authenticate_accumulate,0.017226036,0.017226203
13,131,receive_authenticate_accumulate,0.000056128,0.000056037
13,131,receive_authenticate_accumulate,0.017226202,0.017226222
13,131,receive_authenticate_accumulate,0.000057944,0.000057907
13,131,receive_authenticate_accumulate,0.017217555,0.017217648
13,131,receive_authenticate_accumulate,0.000057925,0.000057667
13,131,receive_authenticate_accumulate,0.017220499,0.017220592
13,131,receive_authenticate_accumulate,0.000059684,0.000059444
13,131,receive_authenticate_accumulate,0.017225666,0.017225703
13,131,receive_authenticate_accumulate,0.000058610,0.000058371
13,131,receive_authenticate_accumulate,0.017231221,0.017231315
13,131,receive_authenticate_accumulate,0.000058888,0.000058611
13,131,receive_authenticate_accumulate,0.017227721,0.017227796
13,131,receive_authenticate_accumulate,0.000056869,0.000056685
13,131,receive_authenticate_accumulate,0.017223629,0.017223611
13,131,receive_authenticate_accumulate,0.000057147,0.000056814
13,131,receive_authenticate_accumulate,0.017226981,0.017227148
13,131,receive_authenticate_accumulate,0.000057999,0.000057908
13,131,receive_authenticate_accumulate,0.017221370,0.017221537
13,131,receive_authenticate_accumulate,0.000057925,0.000057833
13,131,round_coverage,0.000003815,0.000003166
13,131,spatial_report,0.000041666,0.000041370
13,132,round_reset,0.000009555,0.000007666
13,132,receive_authenticate_accumulate,0.021386657,0.021291056
13,132,receive_authenticate_accumulate,0.000057555,0.000057408
13,132,receive_authenticate_accumulate,0.017235594,0.017235426
13,132,receive_authenticate_accumulate,0.000057573,0.000057371
13,132,receive_authenticate_accumulate,0.017228242,0.017227834
13,132,receive_authenticate_accumulate,0.000057388,0.000057093
13,132,receive_authenticate_accumulate,0.017225891,0.017225759
13,132,receive_authenticate_accumulate,0.000057536,0.000057277
13,132,receive_authenticate_accumulate,0.017233946,0.017233797
13,132,receive_authenticate_accumulate,0.000058425,0.000057889
13,132,receive_authenticate_accumulate,0.017223224,0.017223371
13,132,receive_authenticate_accumulate,0.000058351,0.000058092
13,132,reading_commitment_and_shares,0.026208173,0.026208407
13,132,receive_authenticate_accumulate,0.017229391,0.017229333
13,132,receive_authenticate_accumulate,0.000056258,0.000056056
13,132,receive_authenticate_accumulate,0.017266131,0.017237166
13,132,receive_authenticate_accumulate,0.000057684,0.000057518
13,132,receive_authenticate_accumulate,0.017229262,0.017229296
13,132,receive_authenticate_accumulate,0.000055240,0.000054833
13,132,receive_authenticate_accumulate,0.017223243,0.017222981
13,132,receive_authenticate_accumulate,0.000057203,0.000057000
13,132,receive_authenticate_accumulate,0.017226799,0.017226722
13,132,receive_authenticate_accumulate,0.000057721,0.000057481
13,132,receive_authenticate_accumulate,0.017221243,0.017221241
13,132,receive_authenticate_accumulate,0.000056222,0.000056092
13,132,receive_authenticate_accumulate,0.017220039,0.017220037
13,132,receive_authenticate_accumulate,0.000057962,0.000057685
13,132,receive_authenticate_accumulate,0.017221207,0.017221241
13,132,receive_authenticate_accumulate,0.000058258,0.000057982
13,132,receive_authenticate_accumulate,0.017227855,0.017227907
13,132,receive_authenticate_accumulate,0.000057407,0.000057129
13,132,receive_authenticate_accumulate,0.017222318,0.017222371
13,132,receive_authenticate_accumulate,0.000058925,0.000058796
13,132,receive_authenticate_accumulate,0.017227595,0.017227778
13,132,receive_authenticate_accumulate,0.000057796,0.000057500
13,132,receive_authenticate_accumulate,0.017222077,0.017222278
13,132,receive_authenticate_accumulate,0.000061351,0.000060926
13,132,receive_authenticate_accumulate,0.017238261,0.017238315
13,132,receive_authenticate_accumulate,0.000057036,0.000056852
13,132,receive_authenticate_accumulate,0.017224039,0.017224352
13,132,receive_authenticate_accumulate,0.000056221,0.000056056
13,132,round_coverage,0.000003630,0.000003092
13,132,spatial_report,0.000041648,0.000041426
13,133,round_reset,0.000010130,0.000008852
13,133,receive_authenticate_accumulate,0.017221413,0.017221555
13,133,receive_authenticate_accumulate,0.000057610,0.000057352
13,133,receive_authenticate_accumulate,0.017225394,0.017225426
13,133,receive_authenticate_accumulate,0.000056925,0.000056685
13,133,receive_authenticate_accumulate,0.017223228,0.017223463
13,133,receive_authenticate_accumulate,0.000056685,0.000056389
13,133,receive_authenticate_accumulate,0.017230154,0.017230259
13,133,receive_authenticate_accumulate,0.000056832,0.000056537
13,133,receive_authenticate_accumulate,0.017231728,0.017231871
13,133,receive_authenticate_accumulate,0.000057277,0.000057055
13,133,receive_authenticate_accumulate,0.017252505,0.017228389
13,133,receive_authenticate_accumulate,0.000055647,0.000055334
13,133,reading_commitment_and_shares,0.026192345,0.026192889
13,133,receive_authenticate_accumulate,0.017226283,0.017226445
13,133,receive_authenticate_accumulate,0.000056277,0.000056148
13,133,receive_authenticate_accumulate,0.017220858,0.017221000
13,133,receive_authenticate_accumulate,0.000056666,0.000056444
13,133,receive_authenticate_accumulate,0.017218969,0.017219074
13,133,receive_authenticate_accumulate,0.000057888,0.000057519
13,133,receive_authenticate_accumulate,0.017219135,0.017219185
13,133,receive_authenticate_accumulate,0.000058091,0.000058019
13,133,receive_authenticate_accumulate,0.017226246,0.017226204
13,133,receive_authenticate_accumulate,0.000056610,0.000056389
13,133,receive_authenticate_accumulate,0.017228654,0.017228759
13,133,receive_authenticate_accumulate,0.000056110,0.000055834
13,133,receive_authenticate_accumulate,0.017221210,0.017221241
13,133,receive_authenticate_accumulate,0.000058962,0.000058722
13,133,receive_authenticate_accumulate,0.017223321,0.017223482
13,133,receive_authenticate_accumulate,0.000056573,0.000056482
13,133,receive_authenticate_accumulate,0.017225987,0.017226259
13,133,receive_authenticate_accumulate,0.000056555,0.000056297
13,133,receive_authenticate_accumulate,0.017226340,0.017226574
13,133,receive_authenticate_accumulate,0.000057240,0.000056981
13,133,receive_authenticate_accumulate,0.017225821,0.017226000
13,133,receive_authenticate_accumulate,0.000057369,0.000057129
13,133,receive_authenticate_accumulate,0.017218283,0.017218463
13,133,receive_authenticate_accumulate,0.000056981,0.000056778
13,133,receive_authenticate_accumulate,0.017222173,0.017222222
13,133,receive_authenticate_accumulate,0.000056203,0.000055982
13,133,receive_authenticate_accumulate,0.017225080,0.017225222
13,133,receive_authenticate_accumulate,0.000056888,0.000056648
13,133,round_coverage,0.000003703,0.000003148
13,133,spatial_report,0.000041777,0.000041482
13,134,round_reset,0.000009259,0.000008019
13,134,receive_authenticate_accumulate,0.021273741,0.021194982
13,134,receive_authenticate_accumulate,0.000057592,0.000057426
13,134,receive_authenticate_accumulate,0.017223805,0.017223963
13,134,receive_authenticate_accumulate,0.000059314,0.000059019
13,134,receive_authenticate_accumulate,0.017231675,0.017231796
13,134,receive_authenticate_accumulate,0.000101924,0.000102018
13,134,receive_authenticate_accumulate,0.017213917,0.017213907
13,134,receive_authenticate_accumulate,0.000056110,0.000056074
13,134,receive_authenticate_accumulate,0.017226212,0.017226389
13,134,receive_authenticate_accumulate,0.000057647,0.000057296
13,134,receive_authenticate_accumulate,0.017224861,0.017225037
13,134,receive_authenticate_accumulate,0.000054833,0.000054593
13,134,reading_commitment_and_shares,0.026207146,0.026207667
13,134,receive_authenticate_accumulate,0.017222453,0.017222463
13,134,receive_authenticate_accumulate,0.000055074,0.000054870
13,134,receive_authenticate_accumulate,0.017223675,0.017223630
13,134,receive_authenticate_accumulate,0.000056184,0.000056111
13,134,receive_authenticate_accumulate,0.017259452,0.017230685
13,134,receive_authenticate_accumulate,0.000056055,0.000055815
13,134,receive_authenticate_accumulate,0.017239990,0.017239962
13,134,receive_authenticate_accumulate,0.000054499,0.000054334
13,134,receive_authenticate_accumulate,0.017217398,0.017217500
13,134,receive_authenticate_accumulate,0.000055851,0.000055630
13,134,receive_authenticate_accumulate,0.017224343,0.017224315
13,134,receive_authenticate_accumulate,0.000056592,0.000056297
13,134,receive_authenticate_accumulate,0.017220527,0.017220703
13,134,receive_authenticate_accumulate,0.000056036,0.000055814
13,134,receive_authenticate_accumulate,0.017231990,0.017232222
13,134,receive_authenticate_accumulate,0.000055665,0.000055352
13,134,receive_authenticate_accumulate,0.017265583,0.017242278
13,134,receive_authenticate_accumulate,0.000055092,0.000055111
13,134,receive_authenticate_accumulate,0.017218954,0.017219167
13,134,receive_authenticate_accumulate,0.000055666,0.000055500
13,134,receive_authenticate_accumulate,0.017217676,0.017217963
13,134,receive_authenticate_accumulate,0.000054684,0.000054537
13,134,receive_authenticate_accumulate,0.017228769,0.017228833
13,134,receive_authenticate_accumulate,0.000055073,0.000054833
13,134,receive_authenticate_accumulate,0.017227490,0.017227667
13,134,receive_authenticate_accumulate,0.000055907,0.000055556
13,134,receive_authenticate_accumulate,0.017222880,0.017222889
13,134,receive_authenticate_accumulate,0.000056203,0.000055889
13,134,round_coverage,0.000003315,0.000002796
13,134,spatial_report,0.000042204,0.000042000
13,135,round_reset,0.000009222,0.000007777
13,135,receive_authenticate_accumulate,0.017223789,0.017224130
13,135,receive_authenticate_accumulate,0.000055462,0.000055241
13,135,receive_authenticate_accumulate,0.017241012,0.017241074
13,135,receive_authenticate_accumulate,0.000057499,0.000057167
13,135,receive_authenticate_accumulate,0.017217845,0.017217723
13,135,receive_authenticate_accumulate,0.000057684,0.000057407
13,135,receive_authenticate_accumulate,0.017256641,0.017238111
13,135,receive_authenticate_accumulate,0.000056074,0.000055685
13,135,receive_authenticate_accumulate,0.017221938,0.017221667
13,135,receive_authenticate_accumulate,0.000057962,0.000057833
13,135,receive_authenticate_accumulate,0.017225753,0.017225778
13,135,receive_authenticate_accumulate,0.000057388,0.000057333
13,135,reading_commitment_and_shares,0.026231502,0.026212851
13,135,receive_authenticate_accumulate,0.017251937,0.017227777
13,135,receive_authenticate_accumulate,0.000057944,0.000057630
13,135,receive_authenticate_accumulate,0.017229604,0.017229778
13,135,receive_authenticate_accumulate,0.000058129,0.000058167
13,135,receive_authenticate_accumulate,0.017225122,0.017225130
13,135,receive_authenticate_accumulate,0.000057721,0.000057296
13,135,receive_authenticate_accumulate,0.017223734,0.017223833
13,135,receive_authenticate_accumulate,0.000058166,0.000057815
13,135,receive_authenticate_accumulate,0.017231289,0.017231296
13,135,receive_authenticate_accumulate,0.000057239,0.000057019
13,135,receive_authenticate_accumulate,0.017218457,0.017218444
13,135,receive_authenticate_accumulate,0.000057592,0.000057333
13,135,receive_authenticate_accumulate,0.017219938,0.017220019
13,135,receive_authenticate_accumulate,0.000079870,0.000079408
13,135,receive_authenticate_accumulate,0.017228049,0.017228315
13,135,receive_authenticate_accumulate,0.000057851,0.000057704
13,135,receive_authenticate_accumulate,0.017219809,0.017219870
13,135,receive_authenticate_accumulate,0.000060684,0.000060333
13,135,receive_authenticate_accumulate,0.017226753,0.017227056
13,135,receive_authenticate_accumulate,0.000057722,0.000057463
13,135,receive_authenticate_accumulate,0.017235475,0.017235593
13,135,receive_authenticate_accumulate,0.000056906,0.000056667
13,135,receive_authenticate_accumulate,0.017228883,0.017228871
13,135,receive_authenticate_accumulate,0.000057110,0.000056834
13,135,receive_authenticate_accumulate,0.017219216,0.017219259
13,135,receive_authenticate_accumulate,0.000057555,0.000057407
13,135,receive_authenticate_accumulate,0.017218382,0.017218185
13,135,receive_authenticate_accumulate,0.000058277,0.000058112
13,135,round_coverage,0.000003315,0.000002760
13,135,spatial_report,0.000040796,0.000040426
13,136,round_reset,0.000009296,0.000007963
13,136,receive_authenticate_accumulate,0.021555800,0.021472832
13,136,receive_authenticate_accumulate,0.000058573,0.000058389
13,136,receive_authenticate_accumulate,0.017223088,0.017223185
13,136,receive_authenticate_accumulate,0.000058018,0.000057593
13,136,receive_authenticate_accumulate,0.017219700,0.017219740
13,136,receive_authenticate_accumulate,0.000057962,0.000057833
13,136,receive_authenticate_accumulate,0.017222033,0.017222166
13,136,receive_authenticate_accumulate,0.000057870,0.000057667
13,136,receive_authenticate_accumulate,0.017224144,0.017224185
13,136,receive_authenticate_accumulate,0.000059555,0.000059222
13,136,receive_authenticate_accumulate,0.017249848,0.017250055
13,136,receive_authenticate_accumulate,0.000056462,0.000056315
13,136,reading_commitment_and_shares,0.026207859,0.026208093
13,136,receive_authenticate_accumulate,0.017220959,0.017221092
13,136,receive_authenticate_accumulate,0.000056277,0.000056148
13,136,receive_authenticate_accumulate,0.017255032,0.017237926
13,136,receive_authenticate_accumulate,0.000057184,0.000056926
13,136,receive_authenticate_accumulate,0.017219015,0.017219000
13,136,receive_authenticate_accumulate,0.000056684,0.000056389
13,136,receive_authenticate_accumulate,0.017270403,0.017241667
13,136,receive_authenticate_accumulate,0.000056203,0.000055871
13,136,receive_authenticate_accumulate,0.017225922,0.017225815
13,136,receive_authenticate_accumulate,0.000058222,0.000057907
13,136,receive_authenticate_accumulate,0.017226404,0.017226445
13,136,receive_authenticate_accumulate,0.000057259,0.000057111
13,136,receive_authenticate_accumulate,0.017220626,0.017220945
13,136,receive_authenticate_accumulate,0.000058610,0.000058389
13,136,receive_authenticate_accumulate,0.017223034,0.017223222
13,136,receive_authenticate_accumulate,0.000058721,0.000058519
13,136,receive_authenticate_accumulate,0.017221571,0.017221611
13,136,receive_authenticate_accumulate,0.000055610,0.000055408
13,136,receive_authenticate_accumulate,0.017225719,0.017225814
13,136,receive_authenticate_accumulate,0.000057796,0.000057500
13,136,receive_authenticate_accumulate,0.017270885,0.017241296
13,136,receive_authenticate_accumulate,0.000056851,0.000056629
13,136,receive_authenticate_accumulate,0.017218533,0.017218611
13,136,receive_authenticate_accumulate,0.000055851,0.000055797
13,136,receive_authenticate_accumulate,0.017260070,0.017260093
13,136,receive_authenticate_accumulate,0.000058943,0.000058482
13,136,receive_authenticate_accumulate,0.017223756,0.017223667
13,136,receive_authenticate_accumulate,0.000056684,0.000056667
13,136,round_coverage,0.000003871,0.000003296
13,136,spatial_report,0.000040388,0.000040129
13,137,round_reset,0.000009111,0.000007778
13,137,receive_authenticate_accumulate,0.017241128,0.017241111
13,137,receive_authenticate_accumulate,0.000058296,0.000058000
13,137,receive_authenticate_accumulate,0.017223887,0.017223870
13,137,receive_authenticate_accumulate,0.000057702,0.000057444
13,137,receive_authenticate_accumulate,0.017258202,0.017245871
13,137,receive_authenticate_accumulate,0.000057129,0.000056926
13,137,receive_authenticate_accumulate,0.017217202,0.017217278
13,137,receive_authenticate_accumulate,0.000058592,0.000058278
13,137,receive_authenticate_accumulate,0.017220073,0.017220092
13,137,receive_authenticate_accumulate,0.000057407,0.000057074
13,137,receive_authenticate_accumulate,0.017280220,0.017243130
13,137,receive_authenticate_accumulate,0.000056870,0.000056574
13,137,reading_commitment_and_shares,0.026192956,0.026193148
13,137,receive_authenticate_accumulate,0.017217591,0.017217630
13,137,receive_authenticate_accumulate,0.000056314,0.000055982
13,137,receive_authenticate_accumulate,0.017254054,0.017231129
13,137,receive_authenticate_accumulate,0.000057684,0.000057130
13,137,receive_authenticate_accumulate,0.017224795,0.017224889
13,137,receive_authenticate_accumulate,0.000057018,0.000056870
13,137,receive_authenticate_accumulate,0.017227943,0.017227889
13,137,receive_authenticate_accumulate,0.000057943,0.000057389
13,137,receive_authenticate_accumulate,0.017219406,0.017219481
13,137,receive_authenticate_accumulate,0.000058610,0.000058389
13,137,receive_authenticate_accumulate,0.017228165,0.017228203
13,137,receive_authenticate_accumulate,0.000056573,0.000056408
13,137,receive_authenticate_accumulate,0.017227444,0.017227574
13,137,receive_authenticate_accumulate,0.000057851,0.000057518
13,137,receive_authenticate_accumulate,0.017219795,0.017219833
13,137,receive_authenticate_accumulate,0.000056962,0.000056667
13,137,receive_authenticate_accumulate,0.017224314,0.017224389
13,137,receive_authenticate_accumulate,0.000057203,0.000056982
13,137,receive_authenticate_accumulate,0.017226592,0.017226611
13,137,receive_authenticate_accumulate,0.000057222,0.000056925
13,137,receive_authenticate_accumulate,0.017215351,0.017215389
13,137,receive_authenticate_accumulate,0.000058332,0.000057945
13,137,receive_authenticate_accumulate,0.017221962,0.017222019
13,137,receive_authenticate_accumulate,0.000058629,0.000058055
13,137,receive_authenticate_accumulate,0.017223240,0.017223240
13,137,receive_authenticate_accumulate,0.000057185,0.000056907
13,137,receive_authenticate_accumulate,0.017235351,0.017235407
13,137,receive_authenticate_accumulate,0.000056962,0.000056741
13,137,round_coverage,0.000003389,0.000002833
13,137,spatial_report,0.000041518,0.000041574
13,138,round_reset,0.000009185,0.000007703
13,138,receive_authenticate_accumulate,0.021186886,0.021107482
13,138,receive_authenticate_accumulate,0.000057444,0.000057223
13,138,receive_authenticate_accumulate,0.017235482,0.017235408
13,138,receive_authenticate_accumulate,0.000056851,0.000056611
13,138,receive_authenticate_accumulate,0.017228446,0.017228352
13,138,receive_authenticate_accumulate,0.000056610,0.000056518
13,138,receive_authenticate_accumulate,0.017219335,0.017219536
13,138,receive_authenticate_accumulate,0.000057370,0.000057166
13,138,receive_authenticate_accumulate,0.017220520,0.017220537
13,138,receive_authenticate_accumulate,0.000057184,0.000056907
13,138,receive_authenticate_accumulate,0.017231557,0.017231592
13,138,receive_authenticate_accumulate,0.000056758,0.000056537
13,138,reading_commitment_and_shares,0.026201182,0.026201555
13,138,receive_authenticate_accumulate,0.017225038,0.017225185
13,138,receive_authenticate_accumulate,0.000056388,0.000056222
13,138,receive_authenticate_accumulate,0.017226557,0.017226685
13,138,receive_authenticate_accumulate,0.000056981,0.000056629
13,138,receive_authenticate_accumulate,0.017224539,0.017224685
13,138,receive_authenticate_accumulate,0.000056462,0.000056204
13,138,receive_authenticate_accumulate,0.017226687,0.017226648
13,138,receive_authenticate_accumulate,0.000057259,0.000056852
13,138,receive_authenticate_accumulate,0.017319204,0.017281611
13,138,receive_authenticate_accumulate,0.000056573,0.000056240
13,138,receive_authenticate_accumulate,0.017222205,0.017222333
13,138,receive_authenticate_accumulate,0.000057480,0.000057222
13,138,receive_authenticate_accumulate,0.017225001,0.017225019
13,138,receive_authenticate_accumulate,0.000056203,0.000056019
13,138,receive_authenticate_accumulate,0.017264297,0.017240667
13,138,receive_authenticate_accumulate,0.000058221,0.000057759
13,138,receive_authenticate_accumulate,0.017221242,0.017221260
13,138,receive_authenticate_accumulate,0.000056629,0.000056334
13,138,receive_authenticate_accumulate,0.017223353,0.017223333
13,138,receive_authenticate_accumulate,0.000057740,0.000057463
13,138,receive_authenticate_accumulate,0.017223816,0.017223925
13,138,receive_authenticate_accumulate,0.000057740,0.000057463
13,138,receive_authenticate_accumulate,0.017220187,0.017220408
13,138,receive_authenticate_accumulate,0.000057554,0.000057333
13,138,receive_authenticate_accumulate,0.017223353,0.017223389
13,138,receive_authenticate_accumulate,0.000057073,0.000056907
13,138,receive_authenticate_accumulate,0.017278204,0.017241871
13,138,receive_authenticate_accumulate,0.000056444,0.000056166
13,138,round_coverage,0.000003482,0.000002926
13,138,spatial_report,0.000042574,0.000042315
13,139,round_reset,0.000009815,0.000007704
13,139,receive_authenticate_accumulate,0.020879894,0.020795334
13,139,receive_authenticate_accumulate,0.000058259,0.000057963
13,139,receive_authenticate_accumulate,0.017226059,0.017225963
13,139,receive_authenticate_accumulate,0.000057462,0.000057370
13,139,receive_authenticate_accumulate,0.017301632,0.017275574
13,139,receive_authenticate_accumulate,0.000056147,0.000055908
13,139,receive_authenticate_accumulate,0.017222652,0.017222852
13,139,receive_authenticate_accumulate,0.000055888,0.000055703
13,139,receive_authenticate_accumulate,0.017220819,0.017220852
13,139,receive_authenticate_accumulate,0.000056610,0.000056389
13,139,receive_authenticate_accumulate,0.017222948,0.017222963
13,139,receive_authenticate_accumulate,0.000054574,0.000054352
13,139,reading_commitment_and_shares,0.026199222,0.026199518
13,139,receive_authenticate_accumulate,0.017215967,0.017216148
13,139,receive_authenticate_accumulate,0.000055869,0.000055629
13,139,receive_authenticate_accumulate,0.017234763,0.017234852
13,139,receive_authenticate_accumulate,0.000055277,0.000055000
13,139,receive_authenticate_accumulate,0.017222133,0.017222148
13,139,receive_authenticate_accumulate,0.000054425,0.000054241
13,139,receive_authenticate_accumulate,0.017226707,0.017226778
13,139,receive_authenticate_accumulate,0.000054795,0.000054482
13,139,receive_authenticate_accumulate,0.017234523,0.017234518
13,139,receive_authenticate_accumulate,0.000055240,0.000054982
13,139,receive_authenticate_accumulate,0.017231689,0.017231796
13,139,receive_authenticate_accumulate,0.000056110,0.000055982
13,139,receive_authenticate_accumulate,0.017224726,0.017224814
13,139,receive_authenticate_accumulate,0.000057129,0.000056963
13,139,receive_authenticate_accumulate,0.017222893,0.017223019
13,139,receive_authenticate_accumulate,0.000058591,0.000058278
13,139,receive_authenticate_accumulate,0.017229708,0.017229704
13,139,receive_authenticate_accumulate,0.000058203,0.000057945
13,139,receive_authenticate_accumulate,0.017218838,0.017218945
13,139,receive_authenticate_accumulate,0.000058685,0.000058445
13,139,receive_authenticate_accumulate,0.017222171,0.017222186
13,139,receive_authenticate_accumulate,0.000057573,0.000057241
13,139,receive_authenticate_accumulate,0.017262800,0.017238963
13,139,receive_authenticate_accumulate,0.000056499,0.000056204
13,139,receive_authenticate_accumulate,0.017233652,0.017233685
13,139,receive_authenticate_accumulate,0.000056722,0.000056463
13,139,receive_authenticate_accumulate,0.017229134,0.017229259
13,139,receive_authenticate_accumulate,0.000056462,0.000056203
13,139,round_coverage,0.000003815,0.000003111
13,139,spatial_report,0.000043148,0.000042870
13,139,billing_report,0.000447919,0.000447703
14,140,period_reset,0.000025296,0.000023889
14,140,receive_authenticate_accumulate,0.000092462,0.000092148
14,140,receive_authenticate_accumulate,0.000090295,0.000089463
14,140,receive_authenticate_accumulate,0.000091239,0.000090963
14,140,receive_authenticate_accumulate,0.000091388,0.000090851
14,140,receive_authenticate_accumulate,0.000093147,0.000091815
14,140,receive_authenticate_accumulate,0.000091628,0.000091240
14,140,randomness_commit,0.000814248,0.000813759
14,140,receive_authenticate_accumulate,0.000084258,0.000084186
14,140,receive_authenticate_accumulate,0.000089869,0.000089629
14,140,receive_authenticate_accumulate,0.000070962,0.000070833
14,140,receive_authenticate_accumulate,0.000068351,0.000068055
14,140,receive_authenticate_accumulate,0.000069258,0.000069019
14,140,receive_authenticate_accumulate,0.000069185,0.000068777
14,140,receive_authenticate_accumulate,0.000069259,0.000068981
14,140,receive_authenticate_accumulate,0.000070110,0.000069778
14,140,receive_authenticate_accumulate,0.000070628,0.000070426
14,140,receive_authenticate_accumulate,0.000069240,0.000069074
14,140,receive_authenticate_accumulate,0.000070351,0.000070000
14,140,receive_authenticate_accumulate,0.000069776,0.000069315
14,140,receive_authenticate_accumulate,0.000069221,0.000068759
14,140,receive_authenticate_accumulate,0.000070296,0.000069870
14,140,receive_authenticate_accumulate,0.000083980,0.000083722
14,140,receive_authenticate_accumulate,0.000086239,0.000086092
14,140,receive_authenticate_accumulate,0.000083832,0.000083555
14,140,receive_authenticate_accumulate,0.000083573,0.000083352
14,140,receive_authenticate_accumulate,0.000083609,0.000083223
14,140,receive_authenticate_accumulate,0.000083536,0.000083185
14,140,randomness_reveal,0.000562622,0.000562204
14,140,receive_authenticate_accumulate,0.000080184,0.000080185
14,140,receive_authenticate_accumulate,0.000083092,0.000082740
14,140,receive_authenticate_accumulate,0.000084425,0.000084167
14,140,receive_authenticate_accumulate,0.000084128,0.000083963
14,140,receive_authenticate_accumulate,0.000070203,0.000069815
14,140,receive_authenticate_accumulate,0.000069925,0.000069889
14,140,receive_authenticate_accumulate,0.000069536,0.000069463
14,140,receive_authenticate_accumulate,0.000069536,0.000069055
14,140,receive_authenticate_accumulate,0.000068036,0.000067722
14,140,receive_authenticate_accumulate,0.000069850,0.000069630
14,140,receive_authenticate_accumulate,0.000070758,0.000070445
14,140,receive_authenticate_accumulate,0.000068684,0.000068481
14,140,receive_authenticate_accumulate,0.000071351,0.000070685
14,140,receive_authenticate_accumulate,0.000065332,0.000065241
14,140,committee_selection,0.000125628,0.000125593
14,140,round_reset,0.000005703,0.000004889
14,140,receive_authenticate_accumulate,0.017219302,0.017219425
14,140,receive_authenticate_accumulate,0.000057665,0.000057444
14,140,receive_authenticate_accumulate,0.017219506,0.017219648
14,140,receive_authenticate_accumulate,0.000058165,0.000057871
14,140,receive_authenticate_accumulate,0.017219932,0.017219962
14,140,receive_authenticate_accumulate,0.000056647,0.000056296
14,140,receive_authenticate_accumulate,0.017240190,0.017240185
14,140,receive_authenticate_accumulate,0.000057777,0.000057500
14,140,receive_authenticate_accumulate,0.017286023,0.017254278
14,140,receive_authenticate_accumulate,0.000056740,0.000056482
14,140,receive_authenticate_accumulate,0.017223321,0.017223278
14,140,receive_authenticate_accumulate,0.000058203,0.000057963
14,140,reading_commitment_and_shares,0.026241892,0.026242389
14,140,receive_authenticate_accumulate,0.017224099,0.017224297
14,140,receive_authenticate_accumulate,0.000056518,0.000056315
14,140,receive_authenticate_accumulate,0.017218618,0.017218815
14,140,receive_authenticate_accumulate,0.000056555,0.000056444
14,140,receive_authenticate_accumulate,0.017229320,0.017229240
14,140,receive_authenticate_accumulate,0.000056369,0.000056185
14,140,receive_authenticate_accumulate,0.017227172,0.017227315
14,140,receive_authenticate_accumulate,0.000058128,0.000057667
14,140,receive_authenticate_accumulate,0.017213728,0.017213834
14,140,receive_authenticate_accumulate,0.000056685,0.000056370
14,140,receive_authenticate_accumulate,0.017257320,0.017229056
14,140,receive_authenticate_accumulate,0.000056406,0.000056222
14,140,receive_authenticate_accumulate,0.017262099,0.017236204
14,140,receive_authenticate_accumulate,0.000080517,0.000080278
14,140,receive_authenticate_accumulate,0.017222746,0.017222833
14,140,receive_authenticate_accumulate,0.000056999,0.000056741
14,140,receive_authenticate_accumulate,0.017264506,0.017236167
14,140,receive_authenticate_accumulate,0.000058036,0.000057759
14,140,receive_authenticate_accumulate,0.017287024,0.017243648
14,140,receive_authenticate_accumulate,0.000058055,0.000057555
14,140,receive_authenticate_accumulate,0.017223729,0.017223907
14,140,receive_authenticate_accumulate,0.000058999,0.000058611
14,140,receive_authenticate_accumulate,0.017222728,0.017222963
14,140,receive_authenticate_accumulate,0.000056351,0.000056167
14,140,receive_authenticate_accumulate,0.017272339,0.017243444
14,140,receive_authenticate_accumulate,0.000057426,0.000057130
14,140,receive_authenticate_accumulate,0.017223877,0.017224055
14,140,receive_authenticate_accumulate,0.000056055,0.000055778
14,140,round_coverage,0.000003222,0.000002796
14,140,spatial_report,0.000041444,0.000041240
14,141,round_reset,0.000008833,0.000007611
14,141,receive_authenticate_accumulate,0.021437094,0.021352390
14,141,receive_authenticate_accumulate,0.000058536,0.000058130
14,141,receive_authenticate_accumulate,0.017229304,0.017229500
14,141,receive_authenticate_accumulate,0.000057684,0.000057426
14,141,receive_authenticate_accumulate,0.017217860,0.017218111
14,141,receive_authenticate_accumulate,0.000056500,0.000056445
14,141,receive_authenticate_accumulate,0.017217749,0.017217870
14,141,receive_authenticate_accumulate,0.000057944,0.000057500
14,141,receive_authenticate_accumulate,0.017216823,0.017216537
14,141,receive_authenticate_accumulate,0.000058203,0.000058074
14,141,receive_authenticate_accumulate,0.017225137,0.017225296
14,141,receive_authenticate_accumulate,0.000058722,0.000058426
14,141,reading_commitment_and_shares,0.026193636,0.026194074
14,141,receive_authenticate_accumulate,0.017224564,0.017224648
14,141,receive_authenticate_accumulate,0.000057814,0.000057518
14,141,receive_authenticate_accumulate,0.017261897,0.017234000
14,141,receive_authenticate_accumulate,0.000059221,0.000058963
14,141,receive_authenticate_accumulate,0.017222212,0.017222352
14,141,receive_authenticate_accumulate,0.000056776,0.000056537
14,141,receive_authenticate_accumulate,0.017221434,0.017221537
14,141,receive_authenticate_accumulate,0.000057537,0.000057222
14,141,receive_authenticate_accumulate,0.017224526,0.017224593
14,141,receive_authenticate_accumulate,0.000058277,0.000058074
14,141,receive_authenticate_accumulate,0.017218471,0.017218704
14,141,receive_authenticate_accumulate,0.000057944,0.000057574
14,141,receive_authenticate_accumulate,0.017215194,0.017215093
14,141,receive_authenticate_accumulate,0.000058222,0.000057963
14,141,receive_authenticate_accumulate,0.017221693,0.017222037
14,141,receive_authenticate_accumulate,0.000057166,0.000057000
14,141,receive_authenticate_accumulate,0.017218378,0.017218388
14,141,receive_authenticate_accumulate,0.000057573,0.000056981
14,141,receive_authenticate_accumulate,0.017220972,0.017221018
14,141,receive_authenticate_accumulate,0.000057129,0.000056907
14,141,receive_authenticate_accumulate,0.017233193,0.017233222
14,141,receive_authenticate_accumulate,0.000057129,0.000056870
14,141,receive_authenticate_accumulate,0.017226453,0.017226611
14,141,receive_authenticate_accumulate,0.000057110,0.000056926
14,141,receive_authenticate_accumulate,0.017221564,0.017221722
14,141,receive_authenticate_accumulate,0.000057518,0.000057315
14,141,receive_authenticate_accumulate,0.017271915,0.017240204
14,141,receive_authenticate_accumulate,0.000057944,0.000057723
14,141,round_coverage,0.000003296,0.000002759
14,141,spatial_report,0.000040500,0.000040222
14,142,round_reset,0.000009426,0.000008093
14,142,receive_authenticate_accumulate,0.017279286,0.017244055
14,142,receive_authenticate_accumulate,0.000075351,0.000075204
14,142,receive_authenticate_accumulate,0.017222436,0.017222518
14,142,receive_authenticate_accumulate,0.000056703,0.000056463
14,142,receive_authenticate_accumulate,0.017228140,0.017228185
14,142,receive_authenticate_accumulate,0.000056073,0.000055815
14,142,receive_authenticate_accumulate,0.017216695,0.017216870
14,142,receive_authenticate_accumulate,0.000058610,0.000058333
14,142,receive_authenticate_accumulate,0.017227695,0.017227796
14,142,receive_authenticate_accumulate,0.000058740,0.000058426
14,142,receive_authenticate_accumulate,0.017226862,0.017226778
14,142,receive_authenticate_accumulate,0.000058870,0.000058648
14,142,reading_commitment_and_shares,0.026195084,0.026195630
14,142,receive_authenticate_accumulate,0.017223992,0.017223926
14,142,receive_authenticate_accumulate,0.000056240,0.000056019
14,142,receive_authenticate_accumulate,0.017218139,0.017218148
14,142,receive_authenticate_accumulate,0.000057370,0.000057092
14,142,receive_authenticate_accumulate,0.017267250,0.017241149
14,142,receive_authenticate_accumulate,0.000058425,0.000057982
14,142,receive_authenticate_accumulate,0.017280898,0.017237740
14,142,receive_authenticate_accumulate,0.000057703,0.000057463
14,142,receive_authenticate_accumulate,0.017225066,0.017225314
14,142,receive_authenticate_accumulate,0.000057795,0.000057463
14,142,receive_authenticate_accumulate,0.017233547,0.017233648
14,142,receive_authenticate_accumulate,0.000057221,0.000057019
14,142,receive_authenticate_accumulate,0.017219677,0.017219629
14,142,receive_authenticate_accumulate,0.000058648,0.000058537
14,142,receive_authenticate_accumulate,0.017226695,0.017226815
14,142,receive_authenticate_accumulate,0.000056758,0.000056518
14,142,receive_authenticate_accumulate,0.017234529,0.017234574
14,142,receive_authenticate_accumulate,0.000059166,0.000058926
14,142,receive_authenticate_accumulate,0.017229084,0.017229166
14,142,receive_authenticate_accumulate,0.000056777,0.000056556
14,142,receive_authenticate_accumulate,0.017229584,0.017229518
14,142,receive_authenticate_accumulate,0.000057000,0.000056722
14,142,receive_authenticate_accumulate,0.017226251,0.017226241
14,142,receive_authenticate_accumulate,0.000059369,0.000059037
14,142,receive_authenticate_accumulate,0.017227232,0.017227426
14,142,receive_authenticate_accumulate,0.000057221,0.000056814
14,142,receive_authenticate_accumulate,0.017226010,0.017226222
14,142,receive_authenticate_accumulate,0.000058777,0.000058537
14,142,round_coverage,0.000003111,0.000002611
14,142,spatial_report,0.000041740,0.000041463
14,143,round_reset,0.000010092,0.000008537
14,143,receive_authenticate_accumulate,0.020795164,0.020708722
14,143,receive_authenticate_accumulate,0.000057611,0.000057426
14,143,receive_authenticate_accumulate,0.017255900,0.017256074
14,143,receive_authenticate_accumulate,0.000056869,0.000056426
14,143,receive_authenticate_accumulate,0.017227642,0.017227778
14,143,receive_authenticate_accumulate,0.000056426,0.000056093
14,143,receive_authenticate_accumulate,0.017224826,0.017225037
14,143,receive_authenticate_accumulate,0.000055721,0.000055518
14,143,receive_authenticate_accumulate,0.017256104,0.017237408
14,143,receive_authenticate_accumulate,0.000055795,0.000055426
14,143,receive_authenticate_accumulate,0.017209660,0.017209740
14,143,receive_authenticate_accumulate,0.000055666,0.000055408
14,143,reading_commitment_and_shares,0.026189123,0.026190000
14,143,receive_authenticate_accumulate,0.017216994,0.017217074
14,143,receive_authenticate_accumulate,0.000053944,0.000053592
14,143,receive_authenticate_accumulate,0.017225568,0.017225630
14,143,receive_authenticate_accumulate,0.000055907,0.000055723
14,143,receive_authenticate_accumulate,0.017217734,0.017217240
14,143,receive_authenticate_accumulate,0.000055592,0.000055371
14,143,receive_authenticate_accumulate,0.017221271,0.017221222
14,143,receive_authenticate_accumulate,0.000056463,0.000056148
14,143,receive_authenticate_accumulate,0.017226938,0.017226982
14,143,receive_authenticate_accumulate,0.000056111,0.000055889
14,143,receive_authenticate_accumulate,0.017267771,0.017240593
14,143,receive_authenticate_accumulate,0.000055092,0.000054833
14,143,receive_authenticate_accumulate,0.017223549,0.017223667
14,143,receive_authenticate_accumulate,0.000056980,0.000056555
14,143,receive_authenticate_accumulate,0.017213049,0.017212908
14,143,receive_authenticate_accumulate,0.000059943,0.000059667
14,143,receive_authenticate_accumulate,0.017235531,0.017235796
14,143,receive_authenticate_accumulate,0.000058499,0.000058240
14,143,receive_authenticate_accumulate,0.017231772,0.017231907
14,143,receive_authenticate_accumulate,0.000056962,0.000056759
14,143,receive_authenticate_accumulate,0.017222475,0.017222556
14,143,receive_authenticate_accumulate,0.000058092,0.000057778
14,143,receive_authenticate_accumulate,0.017229216,0.017229315
14,143,receive_authenticate_accumulate,0.000057314,0.000057093
14,143,receive_authenticate_accumulate,0.017224845,0.017224870
14,143,receive_authenticate_accumulate,0.000057333,0.000057130
14,143,receive_authenticate_accumulate,0.017222142,0.017222129
14,143,receive_authenticate_accumulate,0.000057666,0.000057352
14,143,round_coverage,0.000002889,0.000002426
14,143,spatial_report,0.000040851,0.000040370
14,144,round_reset,0.000008851,0.000007574
14,144,receive_authenticate_accumulate,0.026571492,0.026461963
14,144,receive_authenticate_accumulate,0.000056999,0.000056852
14,144,receive_authenticate_accumulate,0.017261087,0.017236093
14,144,receive_authenticate_accumulate,0.000056814,0.000056759
14,144,receive_authenticate_accumulate,0.017226106,0.017226222
14,144,receive_authenticate_accumulate,0.000055814,0.000055667
14,144,receive_authenticate_accumulate,0.017223847,0.017224037
14,144,receive_authenticate_accumulate,0.000057888,0.000057574
14,144,receive_authenticate_accumulate,0.017271920,0.017252074
14,144,receive_authenticate_accumulate,0.000057018,0.000056852
14,144,receive_authenticate_accumulate,0.017224921,0.017225278
14,144,receive_authenticate_accumulate,0.000056962,0.000056814
14,144,reading_commitment_and_shares,0.026200867,0.026201334
14,144,receive_authenticate_accumulate,0.017218014,0.017218129
14,144,receive_authenticate_accumulate,0.000058110,0.000057944
14,144,receive_authenticate_accumulate,0.017211588,0.017211704
14,144,receive_authenticate_accumulate,0.000056295,0.000056074
14,144,receive_authenticate_accumulate,0.017227736,0.017227797
14,144,receive_authenticate_accumulate,0.000057110,0.000056926
14,144,receive_authenticate_accumulate,0.017224940,0.017225297
14,144,receive_authenticate_accumulate,0.000057166,0.000056907
14,144,receive_authenticate_accumulate,0.017221976,0.017221944
14,144,receive_authenticate_accumulate,0.000059258,0.000059056
14,144,receive_authenticate_accumulate,0.017255161,0.017240000
14,144,receive_authenticate_accumulate,0.000058943,0.000058685
14,144,receive_authenticate_accumulate,0.017219384,0.017219444
14,144,receive_authenticate_accumulate,0.000057425,0.000056759
14,144,receive_authenticate_accumulate,0.017226403,0.017226444
14,144,receive_authenticate_accumulate,0.000057332,0.000056796
14,144,receive_authenticate_accumulate,0.017253014,0.017229537
14,144,receive_authenticate_accumulate,0.000057128,0.000056851
14,144,receive_authenticate_accumulate,0.017286698,0.017244278
14,144,receive_authenticate_accumulate,0.000057610,0.000057445
14,144,receive_authenticate_accumulate,0.017221439,0.017221500
14,144,receive_authenticate_accumulate,0.000057518,0.000057222
14,144,receive_authenticate_accumulate,0.017230662,0.017230815
14,144,receive_authenticate_accumulate,0.000059555,0.000059334
14,144,receive_authenticate_accumulate,0.017281216,0.017281240
14,144,receive_authenticate_accumulate,0.000058926,0.000058797
14,144,receive_authenticate_accumulate,0.017225625,0.017225796
14,144,receive_authenticate_accumulate,0.000057628,0.000057408
14,144,round_coverage,0.000003019,0.000002481
14,144,spatial_report,0.000040148,0.000039759
14,145,round_reset,0.000008963,0.000007685
14,145,receive_authenticate_accumulate,0.017229219,0.017229315
14,145,receive_authenticate_accumulate,0.000056888,0.000056704
14,145,receive_authenticate_accumulate,0.017230608,0.017230741
14,145,receive_authenticate_accumulate,0.000057202,0.000057037
14,145,receive_authenticate_accumulate,0.017222460,0.017222537
14,145,receive_authenticate_accumulate,0.000056406,0.000056148
14,145,receive_authenticate_accumulate,0.017224182,0.017224278
14,145,receive_authenticate_accumulate,0.000057443,0.000057223
14,145,receive_authenticate_accumulate,0.017218553,0.017218685
14,145,receive_authenticate_accumulate,0.000057166,0.000056908
14,145,receive_authenticate_accumulate,0.017226274,0.017226314
14,145,receive_authenticate_accumulate,0.000058203,0.000057834
14,145,reading_commitment_and_shares,0.026199518,0.026200055
14,145,receive_authenticate_accumulate,0.017222996,0.017223167
14,145,receive_authenticate_accumulate,0.000057833,0.000057611
14,145,receive_authenticate_accumulate,0.017218904,0.017219055
14,145,receive_authenticate_accumulate,0.000058129,0.000057945
14,145,receive_authenticate_accumulate,0.017230571,0.017230463
14,145,receive_authenticate_accumulate,0.000057703,0.000057704
14,145,receive_authenticate_accumulate,0.017276793,0.017247981
14,145,receive_authenticate_accumulate,0.000058277,0.000058092
14,145,receive_authenticate_accumulate,0.017228201,0.017228296
14,145,receive_authenticate_accumulate,0.000056592,0.000056408
14,145,receive_authenticate_accumulate,0.017229385,0.017229426
14,145,receive_authenticate_accumulate,0.000056980,0.000056685
14,145,receive_authenticate_accumulate,0.017221201,0.017221259
14,145,receive_authenticate_accumulate,0.000060129,0.000059926
14,145,receive_authenticate_accumulate,0.017224868,0.017224963
14,145,receive_authenticate_accumulate,0.000057869,0.000057796
14,145,receive_authenticate_accumulate,0.017238849,0.017239093
14,145,receive_authenticate_accumulate,0.000058277,0.000057926
14,145,receive_authenticate_accumulate,0.017236997,0.017237018
14,145,receive_authenticate_accumulate,0.000055259,0.000055019
14,145,receive_authenticate_accumulate,0.017231200,0.017231240
14,145,receive_authenticate_accumulate,0.000058258,0.000057945
14,145,receive_authenticate_accumulate,0.017217849,0.017217962
14,145,receive_authenticate_accumulate,0.000077406,0.000077241
14,145,receive_authenticate_accumulate,0.017220849,0.017220889
14,145,receive_authenticate_accumulate,0.000057388,0.000057260
14,145,receive_authenticate_accumulate,0.017224979,0.017225130
14,145,receive_authenticate_accumulate,0.000058981,0.000058666
14,145,round_coverage,0.000003444,0.000002908
14,145,spatial_report,0.000040666,0.000040426
14,146,round_reset,0.000009796,0.000008425
14,146,receive_authenticate_accumulate,0.025899746,0.025899518
14,146,receive_authenticate_accumulate,0.000056092,0.000055648
14,146,receive_authenticate_accumulate,0.017225554,0.017225741
14,146,receive_authenticate_accumulate,0.000057684,0.000057482
14,146,receive_authenticate_accumulate,0.017228720,0.017228871
14,146,receive_authenticate_accumulate,0.000057517,0.000057370
14,146,receive_authenticate_accumulate,0.017224035,0.017224185
14,146,receive_authenticate_accumulate,0.000058073,0.000057908
14,146,receive_authenticate_accumulate,0.017264554,0.017240314
14,146,receive_authenticate_accumulate,0.000057444,0.000056963
14,146,receive_authenticate_accumulate,0.017227091,0.017227333
14,146,receive_authenticate_accumulate,0.000057611,0.000057500
14,146,reading_commitment_and_shares,0.026206205,0.026206537
14,146,receive_authenticate_accumulate,0.017217573,0.017217870
14,146,receive_authenticate_accumulate,0.000056463,0.000056260
14,146,receive_authenticate_accumulate,0.017217628,0.017217630
14,146,receive_authenticate_accumulate,0.000056518,0.000056259
14,146,receive_authenticate_accumulate,0.017230443,0.017230426
14,146,receive_authenticate_accumulate,0.000057277,0.000056982
14,146,receive_authenticate_accumulate,0.017250202,0.017230018
14,146,receive_authenticate_accumulate,0.000056425,0.000056222
14,146,receive_authenticate_accumulate,0.017221943,0.017222111
14,146,receive_authenticate_accumulate,0.000059203,0.000059074
14,146,receive_authenticate_accumulate,0.017246109,0.017246649
14,146,receive_authenticate_accumulate,0.000057980,0.000057796
14,146,receive_authenticate_accumulate,0.017245369,0.017245425
14,146,receive_authenticate_accumulate,0.000077555,0.000077389
14,146,receive_authenticate_accumulate,0.017223573,0.017223703
14,146,receive_authenticate_accumulate,0.000058796,0.000058500
14,146,receive_authenticate_accumulate,0.017229518,0.017229463
14,146,receive_authenticate_accumulate,0.000057703,0.000057537
14,146,receive_authenticate_accumulate,0.017225869,0.017225981
14,146,receive_authenticate_accumulate,0.000057833,0.000057611
14,146,receive_authenticate_accumulate,0.017229129,0.017229018
14,146,receive_authenticate_accumulate,0.000058314,0.000057815
14,146,receive_authenticate_accumulate,0.017269906,0.017241314
14,146,receive_authenticate_accumulate,0.000057833,0.000057519
14,146,receive_authenticate_accumulate,0.017224980,0.017225056
14,146,receive_authenticate_accumulate,0.000057925,0.000057574
14,146,receive_authenticate_accumulate,0.017216536,0.017216611
14,146,receive_authenticate_accumulate,0.000058666,0.000058278
14,146,round_coverage,0.000003241,0.000002648
14,146,spatial_report,0.000042167,0.000041814
14,147,round_reset,0.000009907,0.000008500
14,147,receive_authenticate_accumulate,0.017272351,0.017246315
14,147,receive_authenticate_accumulate,0.000057684,0.000057500
14,147,receive_authenticate_accumulate,0.017226703,0.017226722
14,147,receive_authenticate_accumulate,0.000058869,0.000058704
14,147,receive_authenticate_accumulate,0.017267869,0.017268297
14,147,receive_authenticate_accumulate,0.000057573,0.000057314
14,147,receive_authenticate_accumulate,0.017229296,0.017229352
14,147,receive_authenticate_accumulate,0.000055870,0.000055611
14,147,receive_authenticate_accumulate,0.017218315,0.017218074
14,147,receive_authenticate_accumulate,0.000057184,0.000057018
14,147,receive_authenticate_accumulate,0.017226833,0.017227037
14,147,receive_authenticate_accumulate,0.000057370,0.000057204
14,147,reading_commitment_and_shares,0.026200244,0.026200555
14,147,receive_authenticate_accumulate,0.017228722,0.017228907
14,147,receive_authenticate_accumulate,0.000055129,0.000054834
14,147,receive_authenticate_accumulate,0.017218519,0.017218722
14,147,receive_authenticate_accumulate,0.000058703,0.000058056
14,147,receive_authenticate_accumulate,0.017222000,0.017222018
14,147,receive_authenticate_accumulate,0.000057055,0.000056870
14,147,receive_authenticate_accumulate,0.017232907,0.017232962
14,147,receive_authenticate_accumulate,0.000058221,0.000057944
14,147,receive_authenticate_accumulate,0.017226148,0.017226278
14,147,receive_authenticate_accumulate,0.000058017,0.000057759
14,147,receive_authenticate_accumulate,0.017222333,0.017222426
14,147,receive_authenticate_accumulate,0.000057073,0.000056834
14,147,receive_authenticate_accumulate,0.017261055,0.017233353
14,147,receive_authenticate_accumulate,0.000058629,0.000058389
14,147,receive_authenticate_accumulate,0.017228019,0.017228148
14,147,receive_authenticate_accumulate,0.000057480,0.000057352
14,147,receive_authenticate_accumulate,0.017223833,0.017223833
14,147,receive_authenticate_accumulate,0.000057629,0.000057407
14,147,receive_authenticate_accumulate,0.017253444,0.017253666
14,147,receive_authenticate_accumulate,0.000057574,0.000057241
14,147,receive_authenticate_accumulate,0.017225518,0.017225518
14,147,receive_authenticate_accumulate,0.000056814,0.000056630
14,147,receive_authenticate_accumulate,0.017239260,0.017239315
14,147,receive_authenticate_accumulate,0.000058037,0.000058000
14,147,receive_authenticate_accumulate,0.017229000,0.017229111
14,147,receive_authenticate_accumulate,0.000057611,0.000057518
14,147,receive_authenticate_accumulate,0.017228464,0.017228444
14,147,receive_authenticate_accumulate,0.000056981,0.000056777
14,147,round_coverage,0.000003092,0.000002611
14,147,spatial_report,0.000042204,0.000041760
14,148,round_reset,0.000009334,0.000008055
14,148,receive_authenticate_accumulate,0.017225186,0.017225333
14,148,receive_authenticate_accumulate,0.000076222,0.000076019
14,148,receive_authenticate_accumulate,0.017212649,0.017212907
14,148,receive_authenticate_accumulate,0.000055648,0.000055463
14,148,receive_authenticate_accumulate,0.017271112,0.017245703
14,148,receive_authenticate_accumulate,0.000054777,0.000054481
14,148,receive_authenticate_accumulate,0.017233187,0.017233333
14,148,receive_authenticate_accumulate,0.000055925,0.000055611
14,148,receive_authenticate_accumulate,0.017253667,0.017231260
14,148,receive_authenticate_accumulate,0.000056203,0.000055963
14,148,receive_authenticate_accumulate,0.017287371,0.017287593
14,148,receive_authenticate_accumulate,0.000089906,0.000089148
14,148,reading_commitment_and_shares,0.026194710,0.026195278
14,148,receive_authenticate_accumulate,0.017233631,0.017233574
14,148,receive_authenticate_accumulate,0.000056481,0.000056278
14,148,receive_authenticate_accumulate,0.017218594,0.017218686
14,148,receive_authenticate_accumulate,0.000055981,0.000055685
14,148,receive_authenticate_accumulate,0.017221779,0.017221926
14,148,receive_authenticate_accumulate,0.000056888,0.000056611
14,148,receive_authenticate_accumulate,0.017213187,0.017213389
14,148,receive_authenticate_accumulate,0.000055870,0.000055593
14,148,receive_authenticate_accumulate,0.017289556,0.017248240
14,148,receive_authenticate_accumulate,0.000055147,0.000054889
14,148,receive_authenticate_accumulate,0.017224428,0.017224555
14,148,receive_authenticate_accumulate,0.000056333,0.000055944
14,148,receive_authenticate_accumulate,0.017217983,0.017218111
14,148,receive_authenticate_accumulate,0.000055962,0.000055870
14,148,receive_authenticate_accumulate,0.017225409,0.017225611
14,148,receive_authenticate_accumulate,0.000057796,0.000057611
14,148,receive_authenticate_accumulate,0.017219779,0.017219907
14,148,receive_authenticate_accumulate,0.000055703,0.000055574
14,148,receive_authenticate_accumulate,0.017227612,0.017227611
14,148,receive_authenticate_accumulate,0.000056259,0.000056000
14,148,receive_authenticate_accumulate,0.017263223,0.017239055
14,148,receive_authenticate_accumulate,0.000057592,0.000057445
14,148,receive_authenticate_accumulate,0.017217742,0.017217925
14,148,receive_authenticate_accumulate,0.000056518,0.000056370
14,148,receive_authenticate_accumulate,0.017221594,0.017221593
14,148,receive_authenticate_accumulate,0.000057962,0.000057648
14,148,receive_authenticate_accumulate,0.017237224,0.017237185
14,148,receive_authenticate_accumulate,0.000057370,0.000057167
14,148,round_coverage,0.000003148,0.000002667
14,148,spatial_report,0.000039425,0.000039241
14,149,round_reset,0.000008648,0.000007389
14,149,receive_authenticate_accumulate,0.026213934,0.026126630
14,149,receive_authenticate_accumulate,0.000056814,0.000056537
14,149,receive_authenticate_accumulate,0.017217799,0.017217870
14,149,receive_authenticate_accumulate,0.000057962,0.000057759
14,149,receive_authenticate_accumulate,0.017231244,0.017231296
14,149,receive_authenticate_accumulate,0.000056906,0.000056704
14,149,receive_authenticate_accumulate,0.017224040,0.017224333
14,149,receive_authenticate_accumulate,0.000057295,0.000056907
14,149,receive_authenticate_accumulate,0.017220040,0.017220111
14,149,receive_authenticate_accumulate,0.000056628,0.000056444
14,149,receive_authenticate_accumulate,0.017217855,0.017217852
14,149,receive_authenticate_accumulate,0.000056870,0.000056685
14,149,reading_commitment_and_shares,0.026201378,0.026201889
14,149,receive_authenticate_accumulate,0.017225447,0.017225593
14,149,receive_authenticate_accumulate,0.000056777,0.000056685
14,149,receive_authenticate_accumulate,0.017218873,0.017219037
14,149,receive_authenticate_accumulate,0.000057611,0.000057407
14,149,receive_authenticate_accumulate,0.017236650,0.017236592
14,149,receive_authenticate_accumulate,0.000055203,0.000055018
14,149,receive_authenticate_accumulate,0.017230207,0.017230389
14,149,receive_authenticate_accumulate,0.000055925,0.000055574
14,149,receive_authenticate_accumulate,0.017222040,0.017222296
14,149,receive_authenticate_accumulate,0.000055648,0.000055185
14,149,receive_authenticate_accumulate,0.017224577,0.017224555
14,149,receive_authenticate_accumulate,0.000054833,0.000054463
14,149,receive_authenticate_accumulate,0.017231613,0.017231851
14,149,receive_authenticate_accumulate,0.000056758,0.000056611
14,149,receive_authenticate_accumulate,0.017221855,0.017222037
14,149,receive_authenticate_accumulate,0.000055610,0.000055333
14,149,receive_authenticate_accumulate,0.017220077,0.017220167
14,149,receive_authenticate_accumulate,0.000056407,0.000056185
14,149,receive_authenticate_accumulate,0.017220021,0.017220000
14,149,receive_authenticate_accumulate,0.000056925,0.000056648
14,149,receive_authenticate_accumulate,0.017223873,0.017223907
14,149,receive_authenticate_accumulate,0.000055444,0.000055185
14,149,receive_authenticate_accumulate,0.017224539,0.017224519
14,149,receive_authenticate_accumulate,0.000056943,0.000056796
14,149,receive_authenticate_accumulate,0.017223040,0.017223463
14,149,receive_authenticate_accumulate,0.000057296,0.000057074
14,149,receive_authenticate_accumulate,0.017215892,0.017215852
14,149,receive_authenticate_accumulate,0.000057277,0.000057056
14,149,round_coverage,0.000002981,0.000002371
14,149,spatial_report,0.000039296,0.000039018
14,149,billing_report,0.000421753,0.000421611
14,149,shutdown,0.000007833,0.000006148
