period,round,phase,wall_seconds,cpu_seconds
0,0,period_reset,0.000022870,0.000022315
0,0,receive_authenticate_accumulate,0.000079314,0.000079167
0,0,receive_authenticate_accumulate,0.000039519,0.000039333
0,0,receive_authenticate_accumulate,0.000037592,0.000037278
0,0,receive_authenticate_accumulate,0.000032648,0.000032445
0,0,receive_authenticate_accumulate,0.000037925,0.000037666
0,0,receive_authenticate_accumulate,0.000039018,0.000038740
0,0,receive_authenticate_accumulate,0.000032611,0.000032352
0,0,receive_authenticate_accumulate,0.000037796,0.000037537
0,0,receive_authenticate_accumulate,0.000038685,0.000038463
0,0,receive_authenticate_accumulate,0.000031167,0.000031055
0,0,randomness_commit,0.000468164,0.000467944
0,0,receive_authenticate_accumulate,0.000034574,0.000034574
0,0,receive_authenticate_accumulate,0.000032037,0.000031797
0,0,receive_authenticate_accumulate,0.000036759,0.000036630
0,0,receive_authenticate_accumulate,0.000039111,0.000038852
0,0,receive_authenticate_accumulate,0.000032351,0.000032148
0,0,receive_authenticate_accumulate,0.000039611,0.000039444
0,0,receive_authenticate_accumulate,0.000048147,0.000048000
0,0,receive_authenticate_accumulate,0.000032204,0.000031889
0,0,receive_authenticate_accumulate,0.000038334,0.000038149
0,0,receive_authenticate_accumulate,0.000032574,0.000032241
0,0,receive_authenticate_accumulate,0.000048592,0.000048314
0,0,receive_authenticate_accumulate,0.000045740,0.000045704
0,0,receive_authenticate_accumulate,0.000040148,0.000039889
0,0,receive_authenticate_accumulate,0.000045519,0.000045166
0,0,receive_authenticate_accumulate,0.000076814,0.000076815
0,0,receive_authenticate_accumulate,0.000040741,0.000040463
0,0,receive_authenticate_accumulate,0.000045240,0.000045056
0,0,receive_authenticate_accumulate,0.000040036,0.000039926
0,0,receive_authenticate_accumulate,0.000045648,0.000045592
0,0,receive_authenticate_accumulate,0.000046167,0.000045981
0,0,randomness_reveal,0.000263424,0.000263111
0,0,receive_authenticate_accumulate,0.000037814,0.000037685
0,0,receive_authenticate_accumulate,0.000044574,0.000044370
0,0,receive_authenticate_accumulate,0.000048648,0.000048296
0,0,receive_authenticate_accumulate,0.000039925,0.000039667
0,0,receive_authenticate_accumulate,0.000044018,0.000043797
0,0,receive_authenticate_accumulate,0.000040093,0.000039815
0,0,receive_authenticate_accumulate,0.000045537,0.000045130
0,0,receive_authenticate_accumulate,0.000045704,0.000045537
0,0,receive_authenticate_accumulate,0.000041018,0.000040777
0,0,receive_authenticate_accumulate,0.000045482,0.000045222
0,0,committee_selection,0.000116037,0.000115982
0,0,round_reset,0.000006371,0.000005871
0,0,receive_authenticate_accumulate,0.017267997,0.017267889
0,0,receive_authenticate_accumulate,0.000065704,0.000065500
0,0,receive_authenticate_accumulate,0.017280127,0.017245536
0,0,receive_authenticate_accumulate,0.000053981,0.000053796
0,0,receive_authenticate_accumulate,0.017224386,0.017224426
0,0,receive_authenticate_accumulate,0.000051463,0.000051185
0,0,receive_authenticate_accumulate,0.017217961,0.017217851
0,0,receive_authenticate_accumulate,0.000054648,0.000054352
0,0,receive_authenticate_accumulate,0.017287330,0.017245203
0,0,receive_authenticate_accumulate,0.000062389,0.000062148
0,0,receive_authenticate_accumulate,0.017234182,0.017234074
0,0,receive_authenticate_accumulate,0.000054278,0.000054148
0,0,receive_authenticate_accumulate,0.017227479,0.017227166
0,0,receive_authenticate_accumulate,0.000054277,0.000054018
0,0,receive_authenticate_accumulate,0.017219979,0.017219852
0,0,receive_authenticate_accumulate,0.000054203,0.000053982
0,0,receive_authenticate_accumulate,0.017223571,0.017223352
0,0,receive_authenticate_accumulate,0.000054870,0.000054611
0,0,receive_authenticate_accumulate,0.017213257,0.017213185
0,0,receive_authenticate_accumulate,0.000053314,0.000053297
0,0,reading_commitment_and_shares,0.026273327,0.026246426
0,0,receive_authenticate_accumulate,0.017256627,0.017232278
0,0,receive_authenticate_accumulate,0.000054074,0.000053870
0,0,receive_authenticate_accumulate,0.017219961,0.017219759
0,0,receive_authenticate_accumulate,0.000055166,0.000055000
0,0,receive_authenticate_accumulate,0.017219146,0.017218815
0,0,receive_authenticate_accumulate,0.000054037,0.000053852
0,0,receive_authenticate_accumulate,0.017224942,0.017224852
0,0,receive_authenticate_accumulate,0.000054240,0.000053981
0,0,receive_authenticate_accumulate,0.017225146,0.017225297
0,0,receive_authenticate_accumulate,0.000054888,0.000054315
0,0,receive_authenticate_accumulate,0.017219498,0.017219092
0,0,receive_authenticate_accumulate,0.000054407,0.000054129
0,0,receive_authenticate_accumulate,0.017237072,0.017237222
0,0,receive_authenticate_accumulate,0.000054870,0.000054685
0,0,receive_authenticate_accumulate,0.017218257,0.017218166
0,0,receive_authenticate_accumulate,0.000055204,0.000055074
0,0,receive_authenticate_accumulate,0.017228017,0.017227982
0,0,receive_authenticate_accumulate,0.000054574,0.000054426
0,0,receive_authenticate_accumulate,0.017246053,0.017245963
0,0,receive_authenticate_accumulate,0.000055055,0.000054944
0,0,round_coverage,0.000003759,0.000003241
0,0,spatial_report,0.000042259,0.000041907
0,1,round_reset,0.000009444,0.000008130
0,1,receive_authenticate_accumulate,0.017221407,0.017221074
0,1,receive_authenticate_accumulate,0.000057999,0.000057759
0,1,receive_authenticate_accumulate,0.017221277,0.017221315
0,1,receive_authenticate_accumulate,0.000055481,0.000055222
0,1,receive_authenticate_accumulate,0.017225259,0.017225111
0,1,receive_authenticate_accumulate,0.000054574,0.000054445
0,1,receive_authenticate_accumulate,0.017221388,0.017221277
0,1,receive_authenticate_accumulate,0.000054592,0.000054537
0,1,receive_authenticate_accumulate,0.017225981,0.017225982
0,1,receive_authenticate_accumulate,0.000055314,0.000055130
0,1,receive_authenticate_accumulate,0.017217296,0.017217352
0,1,receive_authenticate_accumulate,0.000054277,0.000054111
0,1,receive_authenticate_accumulate,0.017221759,0.017221907
0,1,receive_authenticate_accumulate,0.000054073,0.000054055
0,1,receive_authenticate_accumulate,0.017226778,0.017226852
0,1,receive_authenticate_accumulate,0.000053926,0.000053666
0,1,receive_authenticate_accumulate,0.017270000,0.017246296
0,1,receive_authenticate_accumulate,0.000055889,0.000055723
0,1,receive_authenticate_accumulate,0.017230055,0.017229963
0,1,receive_authenticate_accumulate,0.000053962,0.000053704
0,1,reading_commitment_and_shares,0.026190257,0.026190351
0,1,receive_authenticate_accumulate,0.017225296,0.017225407
0,1,receive_authenticate_accumulate,0.000054888,0.000054778
0,1,receive_authenticate_accumulate,0.017222352,0.017222352
0,1,receive_authenticate_accumulate,0.000055796,0.000055575
0,1,receive_authenticate_accumulate,0.017227130,0.017227129
0,1,receive_authenticate_accumulate,0.000055777,0.000055519
0,1,receive_authenticate_accumulate,0.017218703,0.017218574
0,1,receive_authenticate_accumulate,0.000055037,0.000054648
0,1,receive_authenticate_accumulate,0.017222759,0.017222833
0,1,receive_authenticate_accumulate,0.000053685,0.000053518
0,1,receive_authenticate_accumulate,0.017230241,0.017230241
0,1,receive_authenticate_accumulate,0.000054648,0.000054371
0,1,receive_authenticate_accumulate,0.017289333,0.017244647
0,1,receive_authenticate_accumulate,0.000054185,0.000053889
0,1,receive_authenticate_accumulate,0.017228056,0.017228056
0,1,receive_authenticate_accumulate,0.000053574,0.000053389
0,1,receive_authenticate_accumulate,0.017230777,0.017230704
0,1,receive_authenticate_accumulate,0.000055130,0.000055074
0,1,receive_authenticate_accumulate,0.017259481,0.017232964
0,1,receive_authenticate_accumulate,0.000053259,0.000052907
0,1,round_coverage,0.000003685,0.000003203
0,1,spatial_report,0.000039851,0.000039611
0,2,round_reset,0.000009389,0.000007704
0,2,receive_authenticate_accumulate,0.017268038,0.017241815
0,2,receive_authenticate_accumulate,0.000054074,0.000053870
0,2,receive_authenticate_accumulate,0.017227891,0.017227760
0,2,receive_authenticate_accumulate,0.000054167,0.000053944
0,2,receive_authenticate_accumulate,0.017306112,0.017269519
0,2,receive_authenticate_accumulate,0.000055314,0.000054926
0,2,receive_authenticate_accumulate,0.017220261,0.017220204
0,2,receive_authenticate_accumulate,0.000055278,0.000055000
0,2,receive_authenticate_accumulate,0.017226242,0.017226241
0,2,receive_authenticate_accumulate,0.000054777,0.000054667
0,2,receive_authenticate_accumulate,0.017232038,0.017231907
0,2,receive_authenticate_accumulate,0.000056222,0.000056092
0,2,receive_authenticate_accumulate,0.017225317,0.017225482
0,2,receive_authenticate_accumulate,0.000054684,0.000054315
0,2,receive_authenticate_accumulate,0.017229224,0.017229203
0,2,receive_authenticate_accumulate,0.000055056,0.000054926
0,2,receive_authenticate_accumulate,0.017221427,0.017221444
0,2,receive_authenticate_accumulate,0.000053944,0.000053611
0,2,receive_authenticate_accumulate,0.017222594,0.017222630
0,2,receive_authenticate_accumulate,0.000054833,0.000054704
0,2,reading_commitment_and_shares,0.026188149,0.026188240
0,2,receive_authenticate_accumulate,0.017224279,0.017224408
0,2,receive_authenticate_accumulate,0.000053592,0.000053389
0,2,receive_authenticate_accumulate,0.017219447,0.017219278
0,2,receive_authenticate_accumulate,0.000069500,0.000069334
0,2,receive_authenticate_accumulate,0.017280280,0.017256203
0,2,receive_authenticate_accumulate,0.000054055,0.000053815
0,2,receive_authenticate_accumulate,0.017242761,0.017242666
0,2,receive_authenticate_accumulate,0.000053481,0.000053315
0,2,receive_authenticate_accumulate,0.017234279,0.017234296
0,2,receive_authenticate_accumulate,0.000055370,0.000055093
0,2,receive_authenticate_accumulate,0.017221780,0.017221852
0,2,receive_authenticate_accumulate,0.000055370,0.000055481
0,2,receive_authenticate_accumulate,0.017228965,0.017229055
0,2,receive_authenticate_accumulate,0.000055111,0.000054962
0,2,receive_authenticate_accumulate,0.017223021,0.017222907
0,2,receive_authenticate_accumulate,0.000053092,0.000053055
0,2,receive_authenticate_accumulate,0.017228095,0.017228074
0,2,receive_authenticate_accumulate,0.000054389,0.000054167
0,2,receive_authenticate_accumulate,0.017227687,0.017227704
0,2,receive_authenticate_accumulate,0.000054166,0.000053889
0,2,round_coverage,0.000003814,0.000003408
0,2,spatial_report,0.000039333,0.000039167
0,3,round_reset,0.000009111,0.000007760
0,3,receive_authenticate_accumulate,0.017230503,0.017230445
0,3,receive_authenticate_accumulate,0.000054667,0.000054444
0,3,receive_authenticate_accumulate,0.017234485,0.017234463
0,3,receive_authenticate_accumulate,0.000055592,0.000055074
0,3,receive_authenticate_accumulate,0.017226819,0.017226741
0,3,receive_authenticate_accumulate,0.000055000,0.000054778
0,3,receive_authenticate_accumulate,0.017223948,0.017223907
0,3,receive_authenticate_accumulate,0.000055629,0.000055463
0,3,receive_authenticate_accumulate,0.017222429,0.017222222
0,3,receive_authenticate_accumulate,0.000054203,0.000054056
0,3,receive_authenticate_accumulate,0.017248855,0.017232536
0,3,receive_authenticate_accumulate,0.000055296,0.000055075
0,3,receive_authenticate_accumulate,0.017225726,0.017225833
0,3,receive_authenticate_accumulate,0.000054888,0.000054685
0,3,receive_authenticate_accumulate,0.017233430,0.017233537
0,3,receive_authenticate_accumulate,0.000053555,0.000053463
0,3,receive_authenticate_accumulate,0.017231207,0.017231407
0,3,receive_authenticate_accumulate,0.000069278,0.000069093
0,3,receive_authenticate_accumulate,0.017267614,0.017242055
0,3,receive_authenticate_accumulate,0.000053778,0.000053649
0,3,reading_commitment_and_shares,0.026193855,0.026193926
0,3,receive_authenticate_accumulate,0.017221930,0.017221963
0,3,receive_authenticate_accumulate,0.000053870,0.000053797
0,3,receive_authenticate_accumulate,0.017229985,0.017229888
0,3,receive_authenticate_accumulate,0.000056148,0.000056000
0,3,receive_authenticate_accumulate,0.017230003,0.017229537
0,3,receive_authenticate_accumulate,0.000056148,0.000055833
0,3,receive_authenticate_accumulate,0.017224374,0.017224463
0,3,receive_authenticate_accumulate,0.000055482,0.000055370
0,3,receive_authenticate_accumulate,0.017227689,0.017227593
0,3,receive_authenticate_accumulate,0.000055499,0.000055129
0,3,receive_authenticate_accumulate,0.017232412,0.017232389
0,3,receive_authenticate_accumulate,0.000054222,0.000054130
0,3,receive_authenticate_accumulate,0.017224300,0.017224148
0,3,receive_authenticate_accumulate,0.000054259,0.000054037
0,3,receive_authenticate_accumulate,0.017280856,0.017246925
0,3,receive_authenticate_accumulate,0.000054352,0.000054074
0,3,receive_authenticate_accumulate,0.017216319,0.017216204
0,3,receive_authenticate_accumulate,0.000055815,0.000055611
0,3,receive_authenticate_accumulate,0.017228356,0.017228314
0,3,receive_authenticate_accumulate,0.000055000,0.000054797
0,3,round_coverage,0.000003667,0.000003166
0,3,spatial_report,0.000041018,0.000040851
0,4,round_reset,0.000009351,0.000007852
0,4,receive_authenticate_accumulate,0.017226301,0.017226352
0,4,receive_authenticate_accumulate,0.000055444,0.000055204
0,4,receive_authenticate_accumulate,0.017262283,0.017237870
0,4,receive_authenticate_accumulate,0.000054370,0.000054352
0,4,receive_authenticate_accumulate,0.017227746,0.017227703
0,4,receive_authenticate_accumulate,0.000055426,0.000055407
0,4,receive_authenticate_accumulate,0.017284098,0.017249888
0,4,receive_authenticate_accumulate,0.000055315,0.000055149
0,4,receive_authenticate_accumulate,0.017227153,0.017227000
0,4,receive_authenticate_accumulate,0.000053907,0.000053759
0,4,receive_authenticate_accumulate,0.017221024,0.017220833
0,4,receive_authenticate_accumulate,0.000054147,0.000054019
0,4,receive_authenticate_accumulate,0.017222783,0.017222722
0,4,receive_authenticate_accumulate,0.000054537,0.000054371
0,4,receive_authenticate_accumulate,0.017301561,0.017301629
0,4,receive_authenticate_accumulate,0.000056685,0.000056538
0,4,receive_authenticate_accumulate,0.017226894,0.017226796
0,4,receive_authenticate_accumulate,0.000055351,0.000055185
0,4,receive_authenticate_accumulate,0.017229617,0.017229333
0,4,receive_authenticate_accumulate,0.000054870,0.000054296
0,4,reading_commitment_and_shares,0.026186913,0.026187018
0,4,receive_authenticate_accumulate,0.017218154,0.017218278
0,4,receive_authenticate_accumulate,0.000054556,0.000054500
0,4,receive_authenticate_accumulate,0.017219487,0.017219611
0,4,receive_authenticate_accumulate,0.000054741,0.000054426
0,4,receive_authenticate_accumulate,0.017284987,0.017259924
0,4,receive_authenticate_accumulate,0.000053315,0.000053074
0,4,receive_authenticate_accumulate,0.017228839,0.017228741
0,4,receive_authenticate_accumulate,0.000053629,0.000053482
0,4,receive_authenticate_accumulate,0.017219672,0.017219463
0,4,receive_authenticate_accumulate,0.000053926,0.000053723
0,4,receive_authenticate_accumulate,0.017271468,0.017249573
0,4,receive_authenticate_accumulate,0.000052703,0.000052314
0,4,receive_authenticate_accumulate,0.017224191,0.017224111
0,4,receive_authenticate_accumulate,0.000052148,0.000051944
0,4,receive_authenticate_accumulate,0.017222395,0.017222425
0,4,receive_authenticate_accumulate,0.000053055,0.000052759
0,4,receive_authenticate_accumulate,0.017212154,0.017212314
0,4,receive_authenticate_accumulate,0.000052222,0.000052000
0,4,receive_authenticate_accumulate,0.017215932,0.017215741
0,4,receive_authenticate_accumulate,0.000052036,0.000051592
0,4,round_coverage,0.000003815,0.000003370
0,4,spatial_report,0.000039889,0.000039630
0,5,round_reset,0.000008814,0.000007500
0,5,receive_authenticate_accumulate,0.017220229,0.017220093
0,5,receive_authenticate_accumulate,0.000053426,0.000053167
0,5,receive_authenticate_accumulate,0.017228470,0.017228481
0,5,receive_authenticate_accumulate,0.000052796,0.000052574
0,5,receive_authenticate_accumulate,0.017218211,0.017218093
0,5,receive_authenticate_accumulate,0.000053703,0.000053593
0,5,receive_authenticate_accumulate,0.017222063,0.017221963
0,5,receive_authenticate_accumulate,0.000053352,0.000053074
0,5,receive_authenticate_accumulate,0.017223952,0.017223963
0,5,receive_authenticate_accumulate,0.000052277,0.000051963
0,5,receive_authenticate_accumulate,0.017221248,0.017220871
0,5,receive_authenticate_accumulate,0.000055259,0.000055111
0,5,receive_authenticate_accumulate,0.017228674,0.017228574
0,5,receive_authenticate_accumulate,0.000053425,0.000053296
0,5,receive_authenticate_accumulate,0.017226396,0.017226463
0,5,receive_authenticate_accumulate,0.000052574,0.000052296
0,5,receive_authenticate_accumulate,0.017224933,0.017224981
0,5,receive_authenticate_accumulate,0.000069425,0.000069277
0,5,receive_authenticate_accumulate,0.017214933,0.017214815
0,5,receive_authenticate_accumulate,0.000051870,0.000051870
0,5,reading_commitment_and_shares,0.026232879,0.026234222
0,5,receive_authenticate_accumulate,0.017291044,0.017274147
0,5,receive_authenticate_accumulate,0.000055536,0.000055296
0,5,receive_authenticate_accumulate,0.017225767,0.017225611
0,5,receive_authenticate_accumulate,0.000054111,0.000053722
0,5,receive_authenticate_accumulate,0.017255804,0.017228981
0,5,receive_authenticate_accumulate,0.000054796,0.000054666
0,5,receive_authenticate_accumulate,0.017258673,0.017234019
0,5,receive_authenticate_accumulate,0.000055296,0.000054944
0,5,receive_authenticate_accumulate,0.017261230,0.017235740
0,5,receive_authenticate_accumulate,0.000054370,0.000054148
0,5,receive_authenticate_accumulate,0.017253766,0.017232592
0,5,receive_authenticate_accumulate,0.000053296,0.000053093
0,5,receive_authenticate_accumulate,0.017228971,0.017228981
0,5,receive_authenticate_accumulate,0.000054944,0.000054759
0,5,receive_authenticate_accumulate,0.017222045,0.017221851
0,5,receive_authenticate_accumulate,0.000054129,0.000053908
0,5,receive_authenticate_accumulate,0.017229396,0.017229204
0,5,receive_authenticate_accumulate,0.000055629,0.000055407
0,5,receive_authenticate_accumulate,0.017219488,0.017219537
0,5,receive_authenticate_accumulate,0.000055111,0.000054889
0,5,round_coverage,0.000003704,0.000003185
0,5,spatial_report,0.000039574,0.000039408
0,6,round_reset,0.000009222,0.000007945
0,6,receive_authenticate_accumulate,0.017222138,0.017222055
0,6,receive_authenticate_accumulate,0.000071555,0.000071352
0,6,receive_authenticate_accumulate,0.017217361,0.017217333
0,6,receive_authenticate_accumulate,0.000053518,0.000053277
0,6,receive_authenticate_accumulate,0.017252749,0.017230963
0,6,receive_authenticate_accumulate,0.000054999,0.000054778
0,6,receive_authenticate_accumulate,0.017260990,0.017236778
0,6,receive_authenticate_accumulate,0.000056148,0.000055981
0,6,receive_authenticate_accumulate,0.017224601,0.017224537
0,6,receive_authenticate_accumulate,0.000070482,0.000070296
0,6,receive_authenticate_accumulate,0.017226305,0.017226204
0,6,receive_authenticate_accumulate,0.000054351,0.000054130
0,6,receive_authenticate_accumulate,0.017227064,0.017226537
0,6,receive_authenticate_accumulate,0.000055166,0.000055129
0,6,receive_authenticate_accumulate,0.017227620,0.017227722
0,6,receive_authenticate_accumulate,0.000053333,0.000053259
0,6,receive_authenticate_accumulate,0.017220157,0.017220167
0,6,receive_authenticate_accumulate,0.000054240,0.000054093
0,6,receive_authenticate_accumulate,0.017221472,0.017221482
0,6,receive_authenticate_accumulate,0.000054221,0.000054018
0,6,reading_commitment_and_shares,0.026195123,0.026195407
0,6,receive_authenticate_accumulate,0.017224879,0.017224889
0,6,receive_authenticate_accumulate,0.000054870,0.000054518
0,6,receive_authenticate_accumulate,0.017226935,0.017226833
0,6,receive_authenticate_accumulate,0.000053722,0.000053537
0,6,receive_authenticate_accumulate,0.017225824,0.017225703
0,6,receive_authenticate_accumulate,0.000057629,0.000057407
0,6,receive_authenticate_accumulate,0.017218842,0.017218740
0,6,receive_authenticate_accumulate,0.000055444,0.000055185
0,6,receive_authenticate_accumulate,0.017218231,0.017218185
0,6,receive_authenticate_accumulate,0.000055315,0.000055204
0,6,receive_authenticate_accumulate,0.017234417,0.017234222
0,6,receive_authenticate_accumulate,0.000055111,0.000054926
0,6,receive_authenticate_accumulate,0.017230305,0.017230352
0,6,receive_authenticate_accumulate,0.000055556,0.000055444
0,6,receive_authenticate_accumulate,0.017223157,0.017223037
0,6,receive_authenticate_accumulate,0.000055296,0.000055148
0,6,receive_authenticate_accumulate,0.017280824,0.017238073
0,6,receive_authenticate_accumulate,0.000055370,0.000055352
0,6,receive_authenticate_accumulate,0.017227028,0.017227092
0,6,receive_authenticate_accumulate,0.000056222,0.000056074
0,6,round_coverage,0.000003630,0.000003130
0,6,spatial_report,0.000040092,0.000039907
0,7,round_reset,0.000009185,0.000007759
0,7,receive_authenticate_accumulate,0.017224788,0.017224685
0,7,receive_authenticate_accumulate,0.000055055,0.000054963
0,7,receive_authenticate_accumulate,0.017221028,0.017220759
0,7,receive_authenticate_accumulate,0.000056833,0.000056538
0,7,receive_authenticate_accumulate,0.017221510,0.017221462
0,7,receive_authenticate_accumulate,0.000055055,0.000054797
0,7,receive_authenticate_accumulate,0.017222955,0.017222871
0,7,receive_authenticate_accumulate,0.000054722,0.000054482
0,7,receive_authenticate_accumulate,0.017230399,0.017230370
0,7,receive_authenticate_accumulate,0.000054333,0.000054092
0,7,receive_authenticate_accumulate,0.017225714,0.017225722
0,7,receive_authenticate_accumulate,0.000056147,0.000055926
0,7,receive_authenticate_accumulate,0.017224862,0.017224445
0,7,receive_authenticate_accumulate,0.000056166,0.000056074
0,7,receive_authenticate_accumulate,0.017226140,0.017225963
0,7,receive_authenticate_accumulate,0.000054629,0.000054463
0,7,receive_authenticate_accumulate,0.017249566,0.017227019
0,7,receive_authenticate_accumulate,0.000055278,0.000055185
0,7,receive_authenticate_accumulate,0.017220140,0.017220204
0,7,receive_authenticate_accumulate,0.000052685,0.000052611
0,7,reading_commitment_and_shares,0.026201365,0.026201426
0,7,receive_authenticate_accumulate,0.017226732,0.017226759
0,7,receive_authenticate_accumulate,0.000054684,0.000054537
0,7,receive_authenticate_accumulate,0.017221751,0.017221778
0,7,receive_authenticate_accumulate,0.000054240,0.000054111
0,7,receive_authenticate_accumulate,0.017241788,0.017241352
0,7,receive_authenticate_accumulate,0.000055111,0.000054981
0,7,receive_authenticate_accumulate,0.017226214,0.017226130
0,7,receive_authenticate_accumulate,0.000054222,0.000054111
0,7,receive_authenticate_accumulate,0.017228455,0.017228352
0,7,receive_authenticate_accumulate,0.000057852,0.000057667
0,7,receive_authenticate_accumulate,0.017229436,0.017229408
0,7,receive_authenticate_accumulate,0.000055500,0.000055371
0,7,receive_authenticate_accumulate,0.017225659,0.017225777
0,7,receive_authenticate_accumulate,0.000055111,0.000055037
0,7,receive_authenticate_accumulate,0.017229603,0.017229648
0,7,receive_authenticate_accumulate,0.000054592,0.000054333
0,7,receive_authenticate_accumulate,0.017233214,0.017233093
0,7,receive_authenticate_accumulate,0.000055963,0.000055759
0,7,receive_authenticate_accumulate,0.017221807,0.017221722
0,7,receive_authenticate_accumulate,0.000054389,0.000054259
0,7,round_coverage,0.000003463,0.000002944
0,7,spatial_report,0.000040444,0.000040018
0,8,round_reset,0.000009371,0.000008019
0,8,receive_authenticate_accumulate,0.017227753,0.017227518
0,8,receive_authenticate_accumulate,0.000055536,0.000055371
0,8,receive_authenticate_accumulate,0.017223327,0.017223092
0,8,receive_authenticate_accumulate,0.000055667,0.000055500
0,8,receive_authenticate_accumulate,0.017231770,0.017231815
0,8,receive_authenticate_accumulate,0.000053944,0.000053815
0,8,receive_authenticate_accumulate,0.017221160,0.017221167
0,8,receive_authenticate_accumulate,0.000054111,0.000053759
0,8,receive_authenticate_accumulate,0.017218048,0.017217907
0,8,receive_authenticate_accumulate,0.000054537,0.000054130
0,8,receive_authenticate_accumulate,0.017223419,0.017223389
0,8,receive_authenticate_accumulate,0.000055259,0.000055074
0,8,receive_authenticate_accumulate,0.017226142,0.017226111
0,8,receive_authenticate_accumulate,0.000055407,0.000055204
0,8,receive_authenticate_accumulate,0.017224030,0.017223889
0,8,receive_authenticate_accumulate,0.000055666,0.000055629
0,8,receive_authenticate_accumulate,0.017225105,0.017225055
0,8,receive_authenticate_accumulate,0.000054092,0.000053907
0,8,receive_authenticate_accumulate,0.017235364,0.017235481
0,8,receive_authenticate_accumulate,0.000055315,0.000055148
0,8,reading_commitment_and_shares,0.026243608,0.026214593
0,8,receive_authenticate_accumulate,0.017264271,0.017239537
0,8,receive_authenticate_accumulate,0.000056778,0.000056648
0,8,receive_authenticate_accumulate,0.017230549,0.017230555
0,8,receive_authenticate_accumulate,0.000055500,0.000055297
0,8,receive_authenticate_accumulate,0.017234474,0.017233981
0,8,receive_authenticate_accumulate,0.000053962,0.000053778
0,8,receive_authenticate_accumulate,0.017220993,0.017221018
0,8,receive_authenticate_accumulate,0.000054537,0.000054333
0,8,receive_authenticate_accumulate,0.017230771,0.017230815
0,8,receive_authenticate_accumulate,0.000054148,0.000053926
0,8,receive_authenticate_accumulate,0.017231123,0.017231167
0,8,receive_authenticate_accumulate,0.000054833,0.000054592
0,8,receive_authenticate_accumulate,0.017230604,0.017230426
0,8,receive_authenticate_accumulate,0.000054481,0.000054241
0,8,receive_authenticate_accumulate,0.017366326,0.017247037
0,8,receive_authenticate_accumulate,0.000057370,0.000057167
0,8,receive_authenticate_accumulate,0.017262863,0.017238481
0,8,receive_authenticate_accumulate,0.000056222,0.000056000
0,8,receive_authenticate_accumulate,0.017218160,0.017218055
0,8,receive_authenticate_accumulate,0.000054056,0.000053889
0,8,round_coverage,0.000003760,0.000003370
0,8,spatial_report,0.000039611,0.000039278
0,9,round_reset,0.000008759,0.000007500
0,9,receive_authenticate_accumulate,0.017224717,0.017224592
0,9,receive_authenticate_accumulate,0.000054537,0.000054278
0,9,receive_authenticate_accumulate,0.017229032,0.017228852
0,9,receive_authenticate_accumulate,0.000055981,0.000055796
0,9,receive_authenticate_accumulate,0.017225457,0.017225481
0,9,receive_authenticate_accumulate,0.000054185,0.000054241
0,9,receive_authenticate_accumulate,0.017231198,0.017231148
0,9,receive_authenticate_accumulate,0.000055388,0.000055408
0,9,receive_authenticate_accumulate,0.017228402,0.017228426
0,9,receive_authenticate_accumulate,0.000055537,0.000055444
0,9,receive_authenticate_accumulate,0.017239679,0.017239760
0,9,receive_authenticate_accumulate,0.000055648,0.000055556
0,9,receive_authenticate_accumulate,0.017237901,0.017237926
0,9,receive_authenticate_accumulate,0.000055147,0.000055129
0,9,receive_authenticate_accumulate,0.017225290,0.017225333
0,9,receive_authenticate_accumulate,0.000055574,0.000055482
0,9,receive_authenticate_accumulate,0.017222068,0.017222111
0,9,receive_authenticate_accumulate,0.000053759,0.000053630
0,9,receive_authenticate_accumulate,0.017217846,0.017217925
0,9,receive_authenticate_accumulate,0.000054629,0.000054260
0,9,reading_commitment_and_shares,0.026235795,0.026207555
0,9,receive_authenticate_accumulate,0.017261105,0.017237130
0,9,receive_authenticate_accumulate,0.000056370,0.000056204
0,9,receive_authenticate_accumulate,0.017220495,0.017220296
0,9,receive_authenticate_accumulate,0.000055166,0.000054889
0,9,receive_authenticate_accumulate,0.017224662,0.017224518
0,9,receive_authenticate_accumulate,0.000078185,0.000078130
0,9,receive_authenticate_accumulate,0.017218106,0.017218018
0,9,receive_authenticate_accumulate,0.000055296,0.000055222
0,9,receive_authenticate_accumulate,0.017236976,0.017236907
0,9,receive_authenticate_accumulate,0.000055889,0.000055667
0,9,receive_authenticate_accumulate,0.017221198,0.017221185
0,9,receive_authenticate_accumulate,0.000055574,0.000055555
0,9,receive_authenticate_accumulate,0.017231642,0.017231685
0,9,receive_authenticate_accumulate,0.000054944,0.000054852
0,9,receive_authenticate_accumulate,0.017231050,0.017230963
0,9,receive_authenticate_accumulate,0.000055019,0.000054796
0,9,receive_authenticate_accumulate,0.017229365,0.017229203
0,9,receive_authenticate_accumulate,0.000054481,0.000054352
0,9,receive_authenticate_accumulate,0.017250939,0.017251537
0,9,receive_authenticate_accumulate,0.000055481,0.000055185
0,9,round_coverage,0.000004037,0.000003556
0,9,spatial_report,0.000040148,0.000039777
0,9,billing_report,0.000423091,0.000422888
1,10,period_reset,0.000025556,0.000024278
1,10,receive_authenticate_accumulate,0.000093092,0.000093019
1,10,receive_authenticate_accumulate,0.000091796,0.000091352
1,10,receive_authenticate_accumulate,0.000089981,0.000089685
1,10,receive_authenticate_accumulate,0.000089685,0.000089371
1,10,receive_authenticate_accumulate,0.000090870,0.000090445
1,10,receive_authenticate_accumulate,0.000089851,0.000089555
1,10,receive_authenticate_accumulate,0.000091351,0.000091130
1,10,receive_authenticate_accumulate,0.000090999,0.000090888
1,10,receive_authenticate_accumulate,0.000069666,0.000069630
1,10,receive_authenticate_accumulate,0.000068574,0.000068241
1,10,randomness_commit,0.000644867,0.000644833
1,10,receive_authenticate_accumulate,0.000065777,0.000065759
1,10,receive_authenticate_accumulate,0.000068889,0.000068759
1,10,receive_authenticate_accumulate,0.000068667,0.000068389
1,10,receive_authenticate_accumulate,0.000067814,0.000067500
1,10,receive_authenticate_accumulate,0.000068741,0.000068593
1,10,receive_authenticate_accumulate,0.000070314,0.000070037
1,10,receive_authenticate_accumulate,0.000069907,0.000069611
1,10,receive_authenticate_accumulate,0.000067963,0.000067852
1,10,receive_authenticate_accumulate,0.000068703,0.000068333
1,10,receive_authenticate_accumulate,0.000070481,0.000070334
1,10,receive_authenticate_accumulate,0.000082962,0.000082704
1,10,receive_authenticate_accumulate,0.000102592,0.000102481
1,10,receive_authenticate_accumulate,0.000080573,0.000080315
1,10,receive_authenticate_accumulate,0.000078667,0.000078463
1,10,receive_authenticate_accumulate,0.000079611,0.000079296
1,10,receive_authenticate_accumulate,0.000079611,0.000079259
1,10,receive_authenticate_accumulate,0.000081463,0.000081204
1,10,receive_authenticate_accumulate,0.000078463,0.000078130
1,10,receive_authenticate_accumulate,0.000083758,0.000083408
1,10,receive_authenticate_accumulate,0.000080666,0.000080445
1,10,randomness_reveal,0.000382572,0.000382537
1,10,receive_authenticate_accumulate,0.000062333,0.000062296
1,10,receive_authenticate_accumulate,0.000064796,0.000064482
1,10,receive_authenticate_accumulate,0.000057278,0.000056815
1,10,receive_authenticate_accumulate,0.000066148,0.000065982
1,10,receive_authenticate_accumulate,0.000065241,0.000064944
1,10,receive_authenticate_accumulate,0.000065000,0.000064815
1,10,receive_authenticate_accumulate,0.000065333,0.000065222
1,10,receive_authenticate_accumulate,0.000064148,0.000063926
1,10,receive_authenticate_accumulate,0.000064130,0.000063871
1,10,receive_authenticate_accumulate,0.000065055,0.000064556
1,10,committee_selection,0.000123388,0.000123093
1,10,round_reset,0.000005352,0.000004592
1,10,receive_authenticate_accumulate,0.017226736,0.017226611
1,10,receive_authenticate_accumulate,0.017221292,0.017221241
1,10,receive_authenticate_accumulate,0.017237607,0.017237592
1,10,receive_authenticate_accumulate,0.017227773,0.017227704
1,10,receive_authenticate_accumulate,0.017225810,0.017225667
1,10,receive_authenticate_accumulate,0.017219866,0.017219760
1,10,receive_authenticate_accumulate,0.017225126,0.017224796
1,10,receive_authenticate_accumulate,0.017224218,0.017223852
1,10,receive_authenticate_accumulate,0.017222403,0.017222297
1,10,receive_authenticate_accumulate,0.017258736,0.017233592
1,10,reading_commitment_and_shares,0.026200723,0.026200611
1,10,receive_authenticate_accumulate,0.017230347,0.017230222
1,10,receive_authenticate_accumulate,0.017223162,0.017223019
1,10,receive_authenticate_accumulate,0.017219514,0.017219462
1,10,receive_authenticate_accumulate,0.017224218,0.017224018
1,10,receive_authenticate_accumulate,0.017223718,0.017223611
1,10,receive_authenticate_accumulate,0.017225848,0.017225740
1,10,receive_authenticate_accumulate,0.017226237,0.017226166
1,10,receive_authenticate_accumulate,0.017216663,0.017216667
1,10,receive_authenticate_accumulate,0.017225644,0.017225593
1,10,receive_authenticate_accumulate,0.017222736,0.017222555
1,10,round_coverage,0.000003759,0.000003259
1,11,round_reset,0.000009093,0.000007741
1,11,receive_authenticate_accumulate,0.017233349,0.017233352
1,11,receive_authenticate_accumulate,0.017228830,0.017228630
1,11,receive_authenticate_accumulate,0.017228681,0.017228499
1,11,receive_authenticate_accumulate,0.017221200,0.017221000
1,11,receive_authenticate_accumulate,0.017222645,0.017222537
1,11,receive_authenticate_accumulate,0.017222571,0.017222333
1,11,receive_authenticate_accumulate,0.017272182,0.017244834
1,11,receive_authenticate_accumulate,0.017222367,0.017222222
1,11,receive_authenticate_accumulate,0.017227922,0.017227815
1,11,receive_authenticate_accumulate,0.017228645,0.017228666
1,11,reading_commitment_and_shares,0.026212910,0.026212982
1,11,receive_authenticate_accumulate,0.017229497,0.017229556
1,11,receive_authenticate_accumulate,0.017219071,0.017218981
1,11,receive_authenticate_accumulate,0.017265274,0.017247499
1,11,receive_authenticate_accumulate,0.017223034,0.017222907
1,11,receive_authenticate_accumulate,0.017218756,0.017218685
1,11,receive_authenticate_accumulate,0.017218182,0.017218019
1,11,receive_authenticate_accumulate,0.017228460,0.017228333
1,11,receive_authenticate_accumulate,0.017219664,0.017219592
1,11,receive_authenticate_accumulate,0.017261645,0.017238648
1,11,receive_authenticate_accumulate,0.017225849,0.017225722
1,11,round_coverage,0.000003463,0.000002796
1,12,round_reset,0.000009704,0.000008389
1,12,receive_authenticate_accumulate,0.017230109,0.017230000
1,12,receive_authenticate_accumulate,0.017222091,0.017222019
1,12,receive_authenticate_accumulate,0.017218276,0.017218130
1,12,receive_authenticate_accumulate,0.017257831,0.017232537
1,12,receive_authenticate_accumulate,0.017224295,0.017224000
1,12,receive_authenticate_accumulate,0.017224794,0.017224630
1,12,receive_authenticate_accumulate,0.017223554,0.017223463
1,12,receive_authenticate_accumulate,0.017228461,0.017228334
1,12,receive_authenticate_accumulate,0.017233812,0.017233611
1,12,receive_authenticate_accumulate,0.017219257,0.017219111
1,12,reading_commitment_and_shares,0.026197856,0.026197778
1,12,receive_authenticate_accumulate,0.017223757,0.017223722
1,12,receive_authenticate_accumulate,0.017225479,0.017225407
1,12,receive_authenticate_accumulate,0.017224646,0.017224611
1,12,receive_authenticate_accumulate,0.017229091,0.017228778
1,12,receive_authenticate_accumulate,0.017238924,0.017238611
1,12,receive_authenticate_accumulate,0.017241628,0.017241482
1,12,receive_authenticate_accumulate,0.017252294,0.017227370
1,12,receive_authenticate_accumulate,0.017227665,0.017227593
1,12,receive_authenticate_accumulate,0.017224628,0.017224555
1,12,receive_authenticate_accumulate,0.017226184,0.017225945
1,12,round_coverage,0.000003704,0.000003074
1,13,round_reset,0.000009296,0.000008074
1,13,receive_authenticate_accumulate,0.017223796,0.017223723
1,13,receive_authenticate_accumulate,0.017220147,0.017219944
1,13,receive_authenticate_accumulate,0.017227702,0.017227611
1,13,receive_authenticate_accumulate,0.017289239,0.017289167
1,13,receive_authenticate_accumulate,0.017257962,0.017234130
1,13,receive_authenticate_accumulate,0.017224036,0.017224037
1,13,receive_authenticate_accumulate,0.017226536,0.017226555
1,13,receive_authenticate_accumulate,0.017236129,0.017236186
1,13,receive_authenticate_accumulate,0.017231722,0.017231723
1,13,receive_authenticate_accumulate,0.017234684,0.017234667
1,13,reading_commitment_and_shares,0.026195932,0.026195611
1,13,receive_authenticate_accumulate,0.017222722,0.017222704
1,13,receive_authenticate_accumulate,0.017236259,0.017236018
1,13,receive_authenticate_accumulate,0.017223629,0.017223556
1,13,receive_authenticate_accumulate,0.017233018,0.017232648
1,13,receive_authenticate_accumulate,0.017228258,0.017228371
1,13,receive_authenticate_accumulate,0.017233925,0.017233833
1,13,receive_authenticate_accumulate,0.017230647,0.017230704
1,13,receive_authenticate_accumulate,0.017300665,0.017242278
1,13,receive_authenticate_accumulate,0.017233795,0.017233796
1,13,receive_authenticate_accumulate,0.017232258,0.017232149
1,13,round_coverage,0.000004037,0.000003463
1,14,round_reset,0.000009334,0.000008111
1,14,receive_authenticate_accumulate,0.017232148,0.017232129
1,14,receive_authenticate_accumulate,0.017235759,0.017235685
1,14,receive_authenticate_accumulate,0.017239296,0.017239148
1,14,receive_authenticate_accumulate,0.017236870,0.017236722
1,14,receive_authenticate_accumulate,0.017230500,0.017230407
1,14,receive_authenticate_accumulate,0.017229574,0.017229537
1,14,receive_authenticate_accumulate,0.017293036,0.017265889
1,14,receive_authenticate_accumulate,0.017235408,0.017224000
1,14,receive_authenticate_accumulate,0.017229093,0.017229000
1,14,receive_authenticate_accumulate,0.017231630,0.017231388
1,14,reading_commitment_and_shares,0.026239173,0.026239277
1,14,receive_authenticate_accumulate,0.017226204,0.017226278
1,14,receive_authenticate_accumulate,0.017218760,0.017218759
1,14,receive_authenticate_accumulate,0.017240463,0.017240407
1,14,receive_authenticate_accumulate,0.017242722,0.017242556
1,14,receive_authenticate_accumulate,0.017221056,0.017221185
1,14,receive_authenticate_accumulate,0.017220648,0.017220722
1,14,receive_authenticate_accumulate,0.017214352,0.017214518
1,14,receive_authenticate_accumulate,0.017214204,0.017214426
1,14,receive_authenticate_accumulate,0.017213519,0.017213759
1,14,receive_authenticate_accumulate,0.017212426,0.017212648
1,14,round_coverage,0.000004185,0.000003648
1,15,round_reset,0.000011351,0.000010074
1,15,receive_authenticate_accumulate,0.017232093,0.017232278
1,15,receive_authenticate_accumulate,0.017218964,0.017219074
1,15,receive_authenticate_accumulate,0.017224945,0.017224907
1,15,receive_authenticate_accumulate,0.017204835,0.017204833
1,15,receive_authenticate_accumulate,0.017245371,0.017225389
1,15,receive_authenticate_accumulate,0.017213816,0.017213889
1,15,receive_authenticate_accumulate,0.017211020,0.017211037
1,15,receive_authenticate_accumulate,0.017211964,0.017212000
1,15,receive_authenticate_accumulate,0.017227168,0.017227148
1,15,receive_authenticate_accumulate,0.017220742,0.017220815
1,15,reading_commitment_and_shares,0.026210416,0.026210537
1,15,receive_authenticate_accumulate,0.017210668,0.017210833
1,15,receive_authenticate_accumulate,0.017211594,0.017211778
1,15,receive_authenticate_accumulate,0.017188724,0.017188888
1,15,receive_authenticate_accumulate,0.017240390,0.017229648
1,15,receive_authenticate_accumulate,0.017225760,0.017225815
1,15,receive_authenticate_accumulate,0.017231278,0.017231352
1,15,receive_authenticate_accumulate,0.017205704,0.017205574
1,15,receive_authenticate_accumulate,0.017214742,0.017214907
1,15,receive_authenticate_accumulate,0.017228761,0.017228722
1,15,receive_authenticate_accumulate,0.017219556,0.017219537
1,15,round_coverage,0.000003871,0.000003611
1,16,round_reset,0.000011370,0.000010370
1,16,receive_authenticate_accumulate,0.017230780,0.017230815
1,16,receive_authenticate_accumulate,0.017217483,0.017217555
1,16,receive_authenticate_accumulate,0.017227224,0.017227408
1,16,receive_authenticate_accumulate,0.017249132,0.017237759
1,16,receive_authenticate_accumulate,0.017210076,0.017210166
1,16,receive_authenticate_accumulate,0.017208502,0.017208667
1,16,receive_authenticate_accumulate,0.017258520,0.017222907
1,16,receive_authenticate_accumulate,0.017215576,0.017215741
1,16,receive_authenticate_accumulate,0.017231447,0.017219685
1,16,receive_authenticate_accumulate,0.017216131,0.017216129
1,16,reading_commitment_and_shares,0.026208214,0.026208500
1,16,receive_authenticate_accumulate,0.017220650,0.017220555
1,16,receive_authenticate_accumulate,0.017226131,0.017226314
1,16,receive_authenticate_accumulate,0.017283742,0.017257944
1,16,receive_authenticate_accumulate,0.017235465,0.017235241
1,16,receive_authenticate_accumulate,0.017221021,0.017221000
1,16,receive_authenticate_accumulate,0.017221298,0.017221259
1,16,receive_authenticate_accumulate,0.017237576,0.017237556
1,16,receive_authenticate_accumulate,0.017222095,0.017222037
1,16,receive_authenticate_accumulate,0.017218780,0.017218740
1,16,receive_authenticate_accumulate,0.017228446,0.017228352
1,16,round_coverage,0.000003278,0.000002685
1,17,round_reset,0.000009815,0.000008723
1,17,receive_authenticate_accumulate,0.017231095,0.017230889
1,17,receive_authenticate_accumulate,0.017226780,0.017226685
1,17,receive_authenticate_accumulate,0.017218410,0.017218407
1,17,receive_authenticate_accumulate,0.017227799,0.017227666
1,17,receive_authenticate_accumulate,0.017231651,0.017231667
1,17,receive_authenticate_accumulate,0.017217947,0.017217945
1,17,receive_authenticate_accumulate,0.017224540,0.017224463
1,17,receive_authenticate_accumulate,0.017224799,0.017224685
1,17,receive_authenticate_accumulate,0.017227725,0.017227556
1,17,receive_authenticate_accumulate,0.017223780,0.017223593
1,17,reading_commitment_and_shares,0.026202345,0.026202315
1,17,receive_authenticate_accumulate,0.017223965,0.017223889
1,17,receive_authenticate_accumulate,0.017227985,0.017227870
1,17,receive_authenticate_accumulate,0.017257021,0.017232056
1,17,receive_authenticate_accumulate,0.017223948,0.017223982
1,17,receive_authenticate_accumulate,0.017303021,0.017303056
1,17,receive_authenticate_accumulate,0.017222540,0.017222426
1,17,receive_authenticate_accumulate,0.017223576,0.017223407
1,17,receive_authenticate_accumulate,0.017217114,0.017217000
1,17,receive_authenticate_accumulate,0.017220243,0.017220259
1,17,receive_authenticate_accumulate,0.017225503,0.017225389
1,17,round_coverage,0.000004500,0.000003870
1,18,round_reset,0.000009222,0.000039019
1,18,receive_authenticate_accumulate,0.017222022,0.017221815
1,18,receive_authenticate_accumulate,0.017261614,0.017233703
1,18,receive_authenticate_accumulate,0.017223133,0.017223000
1,18,receive_authenticate_accumulate,0.017226688,0.017226723
1,18,receive_authenticate_accumulate,0.017248799,0.017230926
1,18,receive_authenticate_accumulate,0.017220504,0.017220482
1,18,receive_authenticate_accumulate,0.017227393,0.017227223
1,18,receive_authenticate_accumulate,0.017259300,0.017243204
1,18,receive_authenticate_accumulate,0.017225096,0.017224759
1,18,receive_authenticate_accumulate,0.017219837,0.017219667
1,18,reading_commitment_and_shares,0.026270698,0.026229057
1,18,receive_authenticate_accumulate,0.017217170,0.017217278
1,18,receive_authenticate_accumulate,0.017229541,0.017229518
1,18,receive_authenticate_accumulate,0.017232633,0.017232555
1,18,receive_authenticate_accumulate,0.017230948,0.017230889
1,18,receive_authenticate_accumulate,0.017257393,0.017229926
1,18,receive_authenticate_accumulate,0.017228374,0.017228315
1,18,receive_authenticate_accumulate,0.017226226,0.017226185
1,18,receive_authenticate_accumulate,0.017278763,0.017278722
1,18,receive_authenticate_accumulate,0.017230874,0.017230815
1,18,receive_authenticate_accumulate,0.017229930,0.017229648
1,18,round_coverage,0.000004519,0.000003852
1,19,round_reset,0.000008703,0.000007222
1,19,receive_authenticate_accumulate,0.017227597,0.017227518
1,19,receive_authenticate_accumulate,0.017222115,0.017221981
1,19,receive_authenticate_accumulate,0.017222893,0.017222926
1,19,receive_authenticate_accumulate,0.017220301,0.017220222
1,19,receive_authenticate_accumulate,0.017231097,0.017231037
1,19,receive_authenticate_accumulate,0.017258893,0.017233297
1,19,receive_authenticate_accumulate,0.017225597,0.017225425
1,19,receive_authenticate_accumulate,0.017228522,0.017228518
1,19,receive_authenticate_accumulate,0.017226319,0.017226314
1,19,receive_authenticate_accumulate,0.017225060,0.017224889
1,19,reading_commitment_and_shares,0.026209866,0.026209666
1,19,receive_authenticate_accumulate,0.017221634,0.017221685
1,19,receive_authenticate_accumulate,0.017246838,0.017228537
1,19,receive_authenticate_accumulate,0.017279245,0.017255037
1,19,receive_authenticate_accumulate,0.017223060,0.017223000
1,19,receive_authenticate_accumulate,0.017218134,0.017217963
1,19,receive_authenticate_accumulate,0.017229096,0.017229148
1,19,receive_authenticate_accumulate,0.017217578,0.017217574
1,19,receive_authenticate_accumulate,0.017275634,0.017247962
1,19,receive_authenticate_accumulate,0.017227485,0.017227407
1,19,receive_authenticate_accumulate,0.017231985,0.017231871
1,19,round_coverage,0.000004203,0.000003630
2,20,period_reset,0.000025463,0.000023741
2,20,receive_authenticate_accumulate,0.000097944,0.000097703
2,20,receive_authenticate_accumulate,0.000114406,0.000114148
2,20,receive_authenticate_accumulate,0.000085610,0.000085315
2,20,receive_authenticate_accumulate,0.000085722,0.000085482
2,20,receive_authenticate_accumulate,0.000086944,0.000086537
2,20,receive_authenticate_accumulate,0.000084222,0.000083982
2,20,receive_authenticate_accumulate,0.000088111,0.000087926
2,20,receive_authenticate_accumulate,0.000086296,0.000085852
2,20,receive_authenticate_accumulate,0.000086833,0.000086500
2,20,receive_authenticate_accumulate,0.000086704,0.000086426
2,20,randomness_commit,0.000791607,0.000791222
2,20,receive_authenticate_accumulate,0.000081426,0.000081240
2,20,receive_authenticate_accumulate,0.000086944,0.000086518
2,20,receive_authenticate_accumulate,0.000086148,0.000085944
2,20,receive_authenticate_accumulate,0.000086888,0.000086537
2,20,receive_authenticate_accumulate,0.000086407,0.000085981
2,20,receive_authenticate_accumulate,0.000087073,0.000086796
2,20,receive_authenticate_accumulate,0.000039407,0.000039259
2,20,receive_authenticate_accumulate,0.000032704,0.000032592
2,20,receive_authenticate_accumulate,0.000038666,0.000038444
2,20,receive_authenticate_accumulate,0.000033722,0.000033612
2,20,receive_authenticate_accumulate,0.000048611,0.000048574
2,20,receive_authenticate_accumulate,0.000047481,0.000047389
2,20,receive_authenticate_accumulate,0.000042722,0.000042426
2,20,receive_authenticate_accumulate,0.000047000,0.000046870
2,20,receive_authenticate_accumulate,0.000047463,0.000047260
2,20,receive_authenticate_accumulate,0.000040925,0.000040741
2,20,receive_authenticate_accumulate,0.000046555,0.000046519
2,20,receive_authenticate_accumulate,0.000047092,0.000047000
2,20,receive_authenticate_accumulate,0.000040648,0.000040574
2,20,receive_authenticate_accumulate,0.000046685,0.000046574
2,20,randomness_reveal,0.000301610,0.000301277
2,20,receive_authenticate_accumulate,0.000038519,0.000038482
2,20,receive_authenticate_accumulate,0.000047277,0.000047241
2,20,receive_authenticate_accumulate,0.000048129,0.000047871
2,20,receive_authenticate_accumulate,0.000041870,0.000041389
2,20,receive_authenticate_accumulate,0.000046704,0.000046463
2,20,receive_authenticate_accumulate,0.000047314,0.000047149
2,20,receive_authenticate_accumulate,0.000042056,0.000041778
2,20,receive_authenticate_accumulate,0.000048093,0.000047852
2,20,receive_authenticate_accumulate,0.000060481,0.000060074
2,20,receive_authenticate_accumulate,0.000047278,0.000047129
2,20,committee_selection,0.000084111,0.000083982
2,20,round_reset,0.000003834,0.000003408
2,20,receive_authenticate_accumulate,0.017225153,0.017225111
2,20,receive_authenticate_accumulate,0.000054722,0.000054519
2,20,receive_authenticate_accumulate,0.017234542,0.017234593
2,20,receive_authenticate_accumulate,0.000053889,0.000053760
2,20,receive_authenticate_accumulate,0.017219505,0.017219500
2,20,receive_authenticate_accumulate,0.000054815,0.000054222
2,20,receive_authenticate_accumulate,0.017222893,0.017222667
2,20,receive_authenticate_accumulate,0.000054574,0.000054518
2,20,receive_authenticate_accumulate,0.017215745,0.017215574
2,20,receive_authenticate_accumulate,0.000055037,0.000054833
2,20,receive_authenticate_accumulate,0.017227153,0.017227203
2,20,receive_authenticate_accumulate,0.000056148,0.000055908
2,20,receive_authenticate_accumulate,0.017222820,0.017222833
2,20,receive_authenticate_accumulate,0.000054481,0.000054352
2,20,receive_authenticate_accumulate,0.017222209,0.017222222
2,20,receive_authenticate_accumulate,0.000054370,0.000054000
2,20,receive_authenticate_accumulate,0.017224542,0.017224333
2,20,receive_authenticate_accumulate,0.000054444,0.000054278
2,20,receive_authenticate_accumulate,0.017223190,0.017223130
2,20,receive_authenticate_accumulate,0.000054130,0.000053963
2,20,reading_commitment_and_shares,0.026227292,0.026200871
2,20,receive_authenticate_accumulate,0.017230116,0.017229907
2,20,receive_authenticate_accumulate,0.000054351,0.000054093
2,20,receive_authenticate_accumulate,0.017260782,0.017231297
2,20,receive_authenticate_accumulate,0.000054148,0.000053815
2,20,receive_authenticate_accumulate,0.017226468,0.017226444
2,20,receive_authenticate_accumulate,0.000053907,0.000053648
2,20,receive_authenticate_accumulate,0.017227894,0.017227796
2,20,receive_authenticate_accumulate,0.000053074,0.000052908
2,20,receive_authenticate_accumulate,0.017220672,0.017220555
2,20,receive_authenticate_accumulate,0.000053352,0.000053222
2,20,receive_authenticate_accumulate,0.017220116,0.017220074
2,20,receive_authenticate_accumulate,0.000053333,0.000053148
2,20,receive_authenticate_accumulate,0.017220265,0.017219963
2,20,receive_authenticate_accumulate,0.000054241,0.000053907
2,20,receive_authenticate_accumulate,0.017231783,0.017231722
2,20,receive_authenticate_accumulate,0.000054018,0.000053815
2,20,receive_authenticate_accumulate,0.017236246,0.017236092
2,20,receive_authenticate_accumulate,0.000052851,0.000052648
2,20,receive_authenticate_accumulate,0.017227524,0.017227481
2,20,receive_authenticate_accumulate,0.000053166,0.000053204
2,20,round_coverage,0.000003667,0.000003019
2,20,spatial_report,0.000041592,0.000041333
2,21,round_reset,0.000010278,0.000008889
2,21,receive_authenticate_accumulate,0.017233931,0.017233796
2,21,receive_authenticate_accumulate,0.000053926,0.000053778
2,21,receive_authenticate_accumulate,0.017225784,0.017225704
2,21,receive_authenticate_accumulate,0.000053851,0.000053704
2,21,receive_authenticate_accumulate,0.017226154,0.017226185
2,21,receive_authenticate_accumulate,0.000053611,0.000053482
2,21,receive_authenticate_accumulate,0.017231505,0.017231519
2,21,receive_authenticate_accumulate,0.000054889,0.000054630
2,21,receive_authenticate_accumulate,0.017218117,0.017218167
2,21,receive_authenticate_accumulate,0.000053445,0.000053130
2,21,receive_authenticate_accumulate,0.017256135,0.017231112
2,21,receive_authenticate_accumulate,0.000054241,0.000054241
2,21,receive_authenticate_accumulate,0.017278431,0.017237055
2,21,receive_authenticate_accumulate,0.000052574,0.000052278
2,21,receive_authenticate_accumulate,0.017226191,0.017226333
2,21,receive_authenticate_accumulate,0.000052370,0.000052296
2,21,receive_authenticate_accumulate,0.017220469,0.017220593
2,21,receive_authenticate_accumulate,0.000054111,0.000054092
2,21,receive_authenticate_accumulate,0.017227765,0.017227889
2,21,receive_authenticate_accumulate,0.000052481,0.000052463
2,21,reading_commitment_and_shares,0.026223109,0.026203611
2,21,receive_authenticate_accumulate,0.017218413,0.017218500
2,21,receive_authenticate_accumulate,0.000053426,0.000053166
2,21,receive_authenticate_accumulate,0.017213209,0.017213186
2,21,receive_authenticate_accumulate,0.000054462,0.000054185
2,21,receive_authenticate_accumulate,0.017232154,0.017232074
2,21,receive_authenticate_accumulate,0.000055777,0.000055482
2,21,receive_authenticate_accumulate,0.017228413,0.017228463
2,21,receive_authenticate_accumulate,0.000057018,0.000056870
2,21,receive_authenticate_accumulate,0.017272746,0.017241703
2,21,receive_authenticate_accumulate,0.000055185,0.000055000
2,21,receive_authenticate_accumulate,0.017227968,0.017227815
2,21,receive_authenticate_accumulate,0.000055370,0.000055259
2,21,receive_authenticate_accumulate,0.017217969,0.017217889
2,21,receive_authenticate_accumulate,0.000054537,0.000054500
2,21,receive_authenticate_accumulate,0.017235839,0.017235981
2,21,receive_authenticate_accumulate,0.000056055,0.000056000
2,21,receive_authenticate_accumulate,0.017229357,0.017229500
2,21,receive_authenticate_accumulate,0.000057425,0.000057315
2,21,receive_authenticate_accumulate,0.017262858,0.017237296
2,21,receive_authenticate_accumulate,0.000055870,0.000055889
2,21,round_coverage,0.000003592,0.000003018
2,21,spatial_report,0.000040185,0.000039834
2,22,round_reset,0.000009333,0.000007296
2,22,receive_authenticate_accumulate,0.017226710,0.017226667
2,22,receive_authenticate_accumulate,0.000057314,0.000057092
2,22,receive_authenticate_accumulate,0.017230135,0.017230148
2,22,receive_authenticate_accumulate,0.000055629,0.000055389
2,22,receive_authenticate_accumulate,0.017234099,0.017234111
2,22,receive_authenticate_accumulate,0.000057037,0.000056797
2,22,receive_authenticate_accumulate,0.017221858,0.017221908
2,22,receive_authenticate_accumulate,0.000055889,0.000055778
2,22,receive_authenticate_accumulate,0.017226154,0.017226278
2,22,receive_authenticate_accumulate,0.000055536,0.000055352
2,22,receive_authenticate_accumulate,0.017227636,0.017227500
2,22,receive_authenticate_accumulate,0.000056796,0.000056649
2,22,receive_authenticate_accumulate,0.017230970,0.017230944
2,22,receive_authenticate_accumulate,0.000056592,0.000056370
2,22,receive_authenticate_accumulate,0.017222747,0.017222759
2,22,receive_authenticate_accumulate,0.000056203,0.000056093
2,22,receive_authenticate_accumulate,0.017269154,0.017241389
2,22,receive_authenticate_accumulate,0.000056277,0.000055981
2,22,receive_authenticate_accumulate,0.017219544,0.017219519
2,22,receive_authenticate_accumulate,0.000055963,0.000055685
2,22,reading_commitment_and_shares,0.026188257,0.026188500
2,22,receive_authenticate_accumulate,0.017229135,0.017228982
2,22,receive_authenticate_accumulate,0.000055852,0.000055630
2,22,receive_authenticate_accumulate,0.017221062,0.017221111
2,22,receive_authenticate_accumulate,0.000053907,0.000053759
2,22,receive_authenticate_accumulate,0.017225858,0.017225759
2,22,receive_authenticate_accumulate,0.000057703,0.000057574
2,22,receive_authenticate_accumulate,0.017231913,0.017231889
2,22,receive_authenticate_accumulate,0.000054610,0.000054334
2,22,receive_authenticate_accumulate,0.017232451,0.017232296
2,22,receive_authenticate_accumulate,0.000058630,0.000058444
2,22,receive_authenticate_accumulate,0.017221247,0.017221314
2,22,receive_authenticate_accumulate,0.000056463,0.000056389
2,22,receive_authenticate_accumulate,0.017230525,0.017230370
2,22,receive_authenticate_accumulate,0.000055166,0.000055037
2,22,receive_authenticate_accumulate,0.017217432,0.017217351
2,22,receive_authenticate_accumulate,0.000055926,0.000055723
2,22,receive_authenticate_accumulate,0.017289783,0.017249889
2,22,receive_authenticate_accumulate,0.000056130,0.000055907
2,22,receive_authenticate_accumulate,0.017230303,0.017230222
2,22,receive_authenticate_accumulate,0.000055741,0.000055444
2,22,round_coverage,0.000003407,0.000002926
2,22,spatial_report,0.000040129,0.000039889
2,23,round_reset,0.000009648,0.000007889
2,23,receive_authenticate_accumulate,0.017220563,0.017220370
2,23,receive_authenticate_accumulate,0.000054352,0.000054148
2,23,receive_authenticate_accumulate,0.017283247,0.017255425
2,23,receive_authenticate_accumulate,0.000055592,0.000055389
2,23,receive_authenticate_accumulate,0.017227562,0.017227574
2,23,receive_authenticate_accumulate,0.000056074,0.000055945
2,23,receive_authenticate_accumulate,0.017228803,0.017228889
2,23,receive_authenticate_accumulate,0.000057796,0.000057630
2,23,receive_authenticate_accumulate,0.017333173,0.017281353
2,23,receive_authenticate_accumulate,0.000055296,0.000055093
2,23,receive_authenticate_accumulate,0.017223025,0.017222870
2,23,receive_authenticate_accumulate,0.000055518,0.000055371
2,23,receive_authenticate_accumulate,0.017227229,0.017227148
2,23,receive_authenticate_accumulate,0.000055018,0.000054907
2,23,receive_authenticate_accumulate,0.017234618,0.017234592
2,23,receive_authenticate_accumulate,0.000055277,0.000055185
2,23,receive_authenticate_accumulate,0.017228970,0.017229056
2,23,receive_authenticate_accumulate,0.000055851,0.000055834
2,23,receive_authenticate_accumulate,0.017226599,0.017226500
2,23,receive_authenticate_accumulate,0.000055463,0.000055204
2,23,reading_commitment_and_shares,0.026194647,0.026194945
2,23,receive_authenticate_accumulate,0.017221784,0.017221796
2,23,receive_authenticate_accumulate,0.000055573,0.000055334
2,23,receive_authenticate_accumulate,0.017228210,0.017228222
2,23,receive_authenticate_accumulate,0.000056518,0.000056259
2,23,receive_authenticate_accumulate,0.017223321,0.017223259
2,23,receive_authenticate_accumulate,0.000056426,0.000056260
2,23,receive_authenticate_accumulate,0.017225544,0.017225444
2,23,receive_authenticate_accumulate,0.000054629,0.000054463
2,23,receive_authenticate_accumulate,0.017227248,0.017227111
2,23,receive_authenticate_accumulate,0.000056148,0.000055982
2,23,receive_authenticate_accumulate,0.017265932,0.017239982
2,23,receive_authenticate_accumulate,0.000055481,0.000055333
2,23,receive_authenticate_accumulate,0.017226136,0.017226130
2,23,receive_authenticate_accumulate,0.000056555,0.000056315
2,23,receive_authenticate_accumulate,0.017307451,0.017265537
2,23,receive_authenticate_accumulate,0.000056777,0.000056592
2,23,receive_authenticate_accumulate,0.017260025,0.017239018
2,23,receive_authenticate_accumulate,0.000054685,0.000054463
2,23,receive_authenticate_accumulate,0.017232025,0.017231889
2,23,receive_authenticate_accumulate,0.000054056,0.000053926
2,23,round_coverage,0.000003630,0.000003204
2,23,spatial_report,0.000041944,0.000041519
2,24,round_reset,0.000009074,0.000007630
2,24,receive_authenticate_accumulate,0.017242488,0.017242611
2,24,receive_authenticate_accumulate,0.000056963,0.000056592
2,24,receive_authenticate_accumulate,0.017263266,0.017237056
2,24,receive_authenticate_accumulate,0.000056185,0.000055944
2,24,receive_authenticate_accumulate,0.017224600,0.017224574
2,24,receive_authenticate_accumulate,0.000056352,0.000056093
2,24,receive_authenticate_accumulate,0.017236100,0.017236222
2,24,receive_authenticate_accumulate,0.000055148,0.000055129
2,24,receive_authenticate_accumulate,0.017219804,0.017219611
2,24,receive_authenticate_accumulate,0.000057500,0.000057222
2,24,receive_authenticate_accumulate,0.017220397,0.017220351
2,24,receive_authenticate_accumulate,0.000055351,0.000055092
2,24,receive_authenticate_accumulate,0.017228008,0.017228037
2,24,receive_authenticate_accumulate,0.000054666,0.000054500
2,24,receive_authenticate_accumulate,0.017249193,0.017249259
2,24,receive_authenticate_accumulate,0.000056259,0.000056037
2,24,receive_authenticate_accumulate,0.017231341,0.017231426
2,24,receive_authenticate_accumulate,0.000055370,0.000055111
2,24,receive_authenticate_accumulate,0.017216026,0.017216093
2,24,receive_authenticate_accumulate,0.000054944,0.000054723
2,24,reading_commitment_and_shares,0.026218963,0.026198167
2,24,receive_authenticate_accumulate,0.017245044,0.017244999
2,24,receive_authenticate_accumulate,0.000053833,0.000053500
2,24,receive_authenticate_accumulate,0.017216323,0.017216259
2,24,receive_authenticate_accumulate,0.000052647,0.000052463
2,24,receive_authenticate_accumulate,0.017264896,0.017236907
2,24,receive_authenticate_accumulate,0.000054833,0.000054611
2,24,receive_authenticate_accumulate,0.017223896,0.017223926
2,24,receive_authenticate_accumulate,0.000053759,0.000053426
2,24,receive_authenticate_accumulate,0.017261229,0.017235000
2,24,receive_authenticate_accumulate,0.000053833,0.000053592
2,24,receive_authenticate_accumulate,0.017221896,0.017221963
2,24,receive_authenticate_accumulate,0.000054889,0.000054648
2,24,receive_authenticate_accumulate,0.017217878,0.017217963
2,24,receive_authenticate_accumulate,0.000053259,0.000053278
2,24,receive_authenticate_accumulate,0.017228804,0.017228889
2,24,receive_authenticate_accumulate,0.000054555,0.000054148
2,24,receive_authenticate_accumulate,0.017226507,0.017226482
2,24,receive_authenticate_accumulate,0.000053685,0.000053667
2,24,receive_authenticate_accumulate,0.017217563,0.017217648
2,24,receive_authenticate_accumulate,0.000054278,0.000054240
2,24,round_coverage,0.000003056,0.000002556
2,24,spatial_report,0.000040167,0.000039963
2,25,round_reset,0.000009055,0.000007815
2,25,receive_authenticate_accumulate,0.017227378,0.017227315
2,25,receive_authenticate_accumulate,0.000055055,0.000054852
2,25,receive_authenticate_accumulate,0.017232378,0.017232388
2,25,receive_authenticate_accumulate,0.000054907,0.000054833
2,25,receive_authenticate_accumulate,0.017224156,0.017224000
2,25,receive_authenticate_accumulate,0.000055778,0.000055815
2,25,receive_authenticate_accumulate,0.017220322,0.017220185
2,25,receive_authenticate_accumulate,0.000055277,0.000055241
2,25,receive_authenticate_accumulate,0.017229971,0.017229814
2,25,receive_authenticate_accumulate,0.000054685,0.000054648
2,25,receive_authenticate_accumulate,0.017228211,0.017228111
2,25,receive_authenticate_accumulate,0.000054907,0.000054703
2,25,receive_authenticate_accumulate,0.017228915,0.017228981
2,25,receive_authenticate_accumulate,0.000056703,0.000056630
2,25,receive_authenticate_accumulate,0.017218101,0.017218167
2,25,receive_authenticate_accumulate,0.000055315,0.000055241
2,25,receive_authenticate_accumulate,0.017271915,0.017240481
2,25,receive_authenticate_accumulate,0.000055351,0.000055241
2,25,receive_authenticate_accumulate,0.017232415,0.017232500
2,25,receive_authenticate_accumulate,0.000056685,0.000056611
2,25,reading_commitment_and_shares,0.026198853,0.026199148
2,25,receive_authenticate_accumulate,0.017234990,0.017235056
2,25,receive_authenticate_accumulate,0.000054778,0.000054704
2,25,receive_authenticate_accumulate,0.017223582,0.017223500
2,25,receive_authenticate_accumulate,0.000071425,0.000071463
2,25,receive_authenticate_accumulate,0.017235934,0.017235925
2,25,receive_authenticate_accumulate,0.000055666,0.000055667
2,25,receive_authenticate_accumulate,0.017218508,0.017218574
2,25,receive_authenticate_accumulate,0.000053777,0.000053648
2,25,receive_authenticate_accumulate,0.017234378,0.017234389
2,25,receive_authenticate_accumulate,0.000055963,0.000055834
2,25,receive_authenticate_accumulate,0.017227212,0.017227204
2,25,receive_authenticate_accumulate,0.000057703,0.000057167
2,25,receive_authenticate_accumulate,0.017231489,0.017231241
2,25,receive_authenticate_accumulate,0.000055574,0.000055537
2,25,receive_authenticate_accumulate,0.017229619,0.017229630
2,25,receive_authenticate_accumulate,0.000054629,0.000054574
2,25,receive_authenticate_accumulate,0.017224600,0.017224685
2,25,receive_authenticate_accumulate,0.000055167,0.000055130
2,25,receive_authenticate_accumulate,0.017264619,0.017239925
2,25,receive_authenticate_accumulate,0.000053315,0.000053278
2,25,round_coverage,0.000003555,0.000003074
2,25,spatial_report,0.000038814,0.000038556
2,26,round_reset,0.000008667,0.000007278
2,26,receive_authenticate_accumulate,0.017225434,0.017225426
2,26,receive_authenticate_accumulate,0.000054852,0.000054666
2,26,receive_authenticate_accumulate,0.017219990,0.017220018
2,26,receive_authenticate_accumulate,0.000056259,0.000056130
2,26,receive_authenticate_accumulate,0.017227953,0.017227963
2,26,receive_authenticate_accumulate,0.000054518,0.000054297
2,26,receive_authenticate_accumulate,0.017221657,0.017221482
2,26,receive_authenticate_accumulate,0.000056018,0.000055963
2,26,receive_authenticate_accumulate,0.017227638,0.017227630
2,26,receive_authenticate_accumulate,0.000055556,0.000055537
2,26,receive_authenticate_accumulate,0.017260915,0.017233704
2,26,receive_authenticate_accumulate,0.000055111,0.000055038
2,26,receive_authenticate_accumulate,0.017223953,0.017224000
2,26,receive_authenticate_accumulate,0.000054352,0.000054203
2,26,receive_authenticate_accumulate,0.017222582,0.017222463
2,26,receive_authenticate_accumulate,0.000055703,0.000055389
2,26,receive_authenticate_accumulate,0.017227972,0.017227926
2,26,receive_authenticate_accumulate,0.000056277,0.000056185
2,26,receive_authenticate_accumulate,0.017222972,0.017223019
2,26,receive_authenticate_accumulate,0.000056740,0.000056648
2,26,reading_commitment_and_shares,0.026189965,0.026190111
2,26,receive_authenticate_accumulate,0.017230008,0.017230092
2,26,receive_authenticate_accumulate,0.000055611,0.000055611
2,26,receive_authenticate_accumulate,0.017228805,0.017228760
2,26,receive_authenticate_accumulate,0.000056259,0.000056185
2,26,receive_authenticate_accumulate,0.017225490,0.017225445
2,26,receive_authenticate_accumulate,0.000058851,0.000058723
2,26,receive_authenticate_accumulate,0.017221212,0.017221055
2,26,receive_authenticate_accumulate,0.000055666,0.000055555
2,26,receive_authenticate_accumulate,0.017226768,0.017226760
2,26,receive_authenticate_accumulate,0.000055333,0.000055204
2,26,receive_authenticate_accumulate,0.017226953,0.017227037
2,26,receive_authenticate_accumulate,0.000056037,0.000055908
2,26,receive_authenticate_accumulate,0.017217953,0.017218019
2,26,receive_authenticate_accumulate,0.000055481,0.000055259
2,26,receive_authenticate_accumulate,0.017229823,0.017229760
2,26,receive_authenticate_accumulate,0.000054092,0.000053944
2,26,receive_authenticate_accumulate,0.017222268,0.017222223
2,26,receive_authenticate_accumulate,0.000054981,0.000054889
2,26,receive_authenticate_accumulate,0.017225268,0.017225259
2,26,receive_authenticate_accumulate,0.000055185,0.000055166
2,26,round_coverage,0.000002778,0.000002333
2,26,spatial_report,0.000038777,0.000038556
2,27,round_reset,0.000009389,0.000007093
2,27,receive_authenticate_accumulate,0.017232897,0.017232815
2,27,receive_authenticate_accumulate,0.000056037,0.000055981
2,27,receive_authenticate_accumulate,0.017223972,0.017223926
2,27,receive_authenticate_accumulate,0.000055092,0.000055000
2,27,receive_authenticate_accumulate,0.017217008,0.017217000
2,27,receive_authenticate_accumulate,0.000054944,0.000054815
2,27,receive_authenticate_accumulate,0.017219268,0.017219204
2,27,receive_authenticate_accumulate,0.000055574,0.000055537
2,27,receive_authenticate_accumulate,0.017220342,0.017220241
2,27,receive_authenticate_accumulate,0.000056573,0.000056352
2,27,receive_authenticate_accumulate,0.017225583,0.017225371
2,27,receive_authenticate_accumulate,0.000056314,0.000056185
2,27,receive_authenticate_accumulate,0.017220638,0.017220574
2,27,receive_authenticate_accumulate,0.000054203,0.000054148
2,27,receive_authenticate_accumulate,0.017224249,0.017224222
2,27,receive_authenticate_accumulate,0.000053073,0.000053074
2,27,receive_authenticate_accumulate,0.017231157,0.017231037
2,27,receive_authenticate_accumulate,0.000054944,0.000054852
2,27,receive_authenticate_accumulate,0.017225750,0.017225648
2,27,receive_authenticate_accumulate,0.000055426,0.000055241
2,27,reading_commitment_and_shares,0.026236243,0.026213518
2,27,receive_authenticate_accumulate,0.017220546,0.017220481
2,27,receive_authenticate_accumulate,0.000055111,0.000055111
2,27,receive_authenticate_accumulate,0.017244454,0.017231056
2,27,receive_authenticate_accumulate,0.000055111,0.000055055
2,27,receive_authenticate_accumulate,0.017247175,0.017246851
2,27,receive_authenticate_accumulate,0.000054611,0.000054297
2,27,receive_authenticate_accumulate,0.017225749,0.017225704
2,27,receive_authenticate_accumulate,0.000055407,0.000055370
2,27,receive_authenticate_accumulate,0.017236916,0.017236888
2,27,receive_authenticate_accumulate,0.000055518,0.000055315
2,27,receive_authenticate_accumulate,0.017232842,0.017232703
2,27,receive_authenticate_accumulate,0.000056741,0.000056537
2,27,receive_authenticate_accumulate,0.017224213,0.017224203
2,27,receive_authenticate_accumulate,0.000056777,0.000056648
2,27,receive_authenticate_accumulate,0.017236583,0.017236463
2,27,receive_authenticate_accumulate,0.000056204,0.000056240
2,27,receive_authenticate_accumulate,0.017225009,0.017224889
2,27,receive_authenticate_accumulate,0.000056073,0.000056148
2,27,receive_authenticate_accumulate,0.017227434,0.017227407
2,27,receive_authenticate_accumulate,0.000054370,0.000054352
2,27,round_coverage,0.000003629,0.000003260
2,27,spatial_report,0.000040777,0.000040537
2,28,round_reset,0.000010037,0.000008741
2,28,receive_authenticate_accumulate,0.017228547,0.017228389
2,28,receive_authenticate_accumulate,0.000055778,0.000055519
2,28,receive_authenticate_accumulate,0.017235287,0.017235185
2,28,receive_authenticate_accumulate,0.000056592,0.000056352
2,28,receive_authenticate_accumulate,0.017227064,0.017226889
2,28,receive_authenticate_accumulate,0.000055351,0.000055167
2,28,receive_authenticate_accumulate,0.017228861,0.017228945
2,28,receive_authenticate_accumulate,0.000056833,0.000056685
2,28,receive_authenticate_accumulate,0.017219157,0.017219037
2,28,receive_authenticate_accumulate,0.000055518,0.000055185
2,28,receive_authenticate_accumulate,0.017229787,0.017229723
2,28,receive_authenticate_accumulate,0.000055018,0.000054778
2,28,receive_authenticate_accumulate,0.017271528,0.017238167
2,28,receive_authenticate_accumulate,0.000055981,0.000055704
2,28,receive_authenticate_accumulate,0.017234861,0.017234759
2,28,receive_authenticate_accumulate,0.000055518,0.000055315
2,28,receive_authenticate_accumulate,0.017225787,0.017225685
2,28,receive_authenticate_accumulate,0.000075777,0.000075685
2,28,receive_authenticate_accumulate,0.017232268,0.017231944
2,28,receive_authenticate_accumulate,0.000056833,0.000056686
2,28,reading_commitment_and_shares,0.026232966,0.026233426
2,28,receive_authenticate_accumulate,0.017230769,0.017230500
2,28,receive_authenticate_accumulate,0.000055166,0.000054945
2,28,receive_authenticate_accumulate,0.017225731,0.017225648
2,28,receive_authenticate_accumulate,0.000055184,0.000054944
2,28,receive_authenticate_accumulate,0.017228268,0.017228204
2,28,receive_authenticate_accumulate,0.000055000,0.000054741
2,28,receive_authenticate_accumulate,0.017218287,0.017218333
2,28,receive_authenticate_accumulate,0.000055444,0.000055407
2,28,receive_authenticate_accumulate,0.017223676,0.017223797
2,28,receive_authenticate_accumulate,0.000056185,0.000056186
2,28,receive_authenticate_accumulate,0.017217916,0.017218000
2,28,receive_authenticate_accumulate,0.000056463,0.000056426
2,28,receive_authenticate_accumulate,0.017226491,0.017226592
2,28,receive_authenticate_accumulate,0.000055778,0.000055667
2,28,receive_authenticate_accumulate,0.017224250,0.017224240
2,28,receive_authenticate_accumulate,0.000056296,0.000056260
2,28,receive_authenticate_accumulate,0.017223972,0.017224074
2,28,receive_authenticate_accumulate,0.000056222,0.000056167
2,28,receive_authenticate_accumulate,0.017282083,0.017255222
2,28,receive_authenticate_accumulate,0.000058074,0.000057963
2,28,round_coverage,0.000002907,0.000002463
2,28,spatial_report,0.000041036,0.000040833
2,29,round_reset,0.000008445,0.000007056
2,29,receive_authenticate_accumulate,0.017223676,0.017223648
2,29,receive_authenticate_accumulate,0.000058167,0.000057982
2,29,receive_authenticate_accumulate,0.017215620,0.017215537
2,29,receive_authenticate_accumulate,0.000056629,0.000056333
2,29,receive_authenticate_accumulate,0.017224732,0.017224704
2,29,receive_authenticate_accumulate,0.000056778,0.000056575
2,29,receive_authenticate_accumulate,0.017278139,0.017244444
2,29,receive_authenticate_accumulate,0.000056388,0.000056223
2,29,receive_authenticate_accumulate,0.017216380,0.017216240
2,29,receive_authenticate_accumulate,0.000058630,0.000058537
2,29,receive_authenticate_accumulate,0.017219639,0.017219167
2,29,receive_authenticate_accumulate,0.000055704,0.000055703
2,29,receive_authenticate_accumulate,0.017228362,0.017228370
2,29,receive_authenticate_accumulate,0.000056129,0.000055815
2,29,receive_authenticate_accumulate,0.017230176,0.017230185
2,29,receive_authenticate_accumulate,0.000054926,0.000054722
2,29,receive_authenticate_accumulate,0.017222954,0.017222926
2,29,receive_authenticate_accumulate,0.000055796,0.000055630
2,29,receive_authenticate_accumulate,0.017229380,0.017229426
2,29,receive_authenticate_accumulate,0.000056630,0.000056537
2,29,reading_commitment_and_shares,0.026188911,0.026189148
2,29,receive_authenticate_accumulate,0.017217917,0.017217907
2,29,receive_authenticate_accumulate,0.000055741,0.000055666
2,29,receive_authenticate_accumulate,0.017210232,0.017210166
2,29,receive_authenticate_accumulate,0.000056018,0.000055834
2,29,receive_authenticate_accumulate,0.017218529,0.017218462
2,29,receive_authenticate_accumulate,0.000055907,0.000055778
2,29,receive_authenticate_accumulate,0.017223157,0.017223222
2,29,receive_authenticate_accumulate,0.000055648,0.000055611
2,29,receive_authenticate_accumulate,0.017225806,0.017225777
2,29,receive_authenticate_accumulate,0.000056074,0.000056018
2,29,receive_authenticate_accumulate,0.017226917,0.017226852
2,29,receive_authenticate_accumulate,0.000057129,0.000056981
2,29,receive_authenticate_accumulate,0.017226676,0.017226611
2,29,receive_authenticate_accumulate,0.000053445,0.000053241
2,29,receive_authenticate_accumulate,0.017226306,0.017226111
2,29,receive_authenticate_accumulate,0.000077963,0.000077777
2,29,receive_authenticate_accumulate,0.017227843,0.017227407
2,29,receive_authenticate_accumulate,0.000055722,0.000055556
2,29,receive_authenticate_accumulate,0.017222269,0.017222112
2,29,receive_authenticate_accumulate,0.000055519,0.000055426
2,29,round_coverage,0.000003148,0.000002685
2,29,spatial_report,0.000040889,0.000040537
2,29,billing_report,0.000439627,0.000439371
3,30,period_reset,0.000025741,0.000024519
3,30,receive_authenticate_accumulate,0.000097499,0.000097351
3,30,receive_authenticate_accumulate,0.000121666,0.000121704
3,30,receive_authenticate_accumulate,0.000088019,0.000088204
3,30,receive_authenticate_accumulate,0.000089185,0.000089203
3,30,receive_authenticate_accumulate,0.000084518,0.000084297
3,30,receive_authenticate_accumulate,0.000086462,0.000086037
3,30,receive_authenticate_accumulate,0.000084796,0.000084815
3,30,receive_authenticate_accumulate,0.000089425,0.000089555
3,30,receive_authenticate_accumulate,0.000065184,0.000065204
3,30,receive_authenticate_accumulate,0.000065796,0.000065704
3,30,randomness_commit,0.000608442,0.000608314
3,30,receive_authenticate_accumulate,0.000061870,0.000061907
3,30,receive_authenticate_accumulate,0.000065167,0.000065315
3,30,receive_authenticate_accumulate,0.000064574,0.000064333
3,30,receive_authenticate_accumulate,0.000064944,0.000065092
3,30,receive_authenticate_accumulate,0.000066222,0.000066203
3,30,receive_authenticate_accumulate,0.000064444,0.000064389
3,30,receive_authenticate_accumulate,0.000063185,0.000063278
3,30,receive_authenticate_accumulate,0.000097110,0.000097185
3,30,receive_authenticate_accumulate,0.000064499,0.000064611
3,30,receive_authenticate_accumulate,0.000064666,0.000064592
3,30,receive_authenticate_accumulate,0.000077851,0.000077777
3,30,receive_authenticate_accumulate,0.000078018,0.000077981
3,30,receive_authenticate_accumulate,0.000078167,0.000078148
3,30,receive_authenticate_accumulate,0.000078518,0.000078592
3,30,receive_authenticate_accumulate,0.000078463,0.000078389
3,30,receive_authenticate_accumulate,0.000078574,0.000078740
3,30,receive_authenticate_accumulate,0.000077703,0.000077686
3,30,receive_authenticate_accumulate,0.000079407,0.000079463
3,30,receive_authenticate_accumulate,0.000077999,0.000077871
3,30,receive_authenticate_accumulate,0.000078870,0.000078778
3,30,randomness_reveal,0.000257462,0.000257278
3,30,receive_authenticate_accumulate,0.000043648,0.000043722
3,30,receive_authenticate_accumulate,0.000046240,0.000046222
3,30,receive_authenticate_accumulate,0.000040333,0.000040370
3,30,receive_authenticate_accumulate,0.000046704,0.000046537
3,30,receive_authenticate_accumulate,0.000046907,0.000046926
3,30,receive_authenticate_accumulate,0.000042130,0.000042037
3,30,receive_authenticate_accumulate,0.000045463,0.000045463
3,30,receive_authenticate_accumulate,0.000059945,0.000060037
3,30,receive_authenticate_accumulate,0.000044574,0.000044666
3,30,receive_authenticate_accumulate,0.000046037,0.000046111
3,30,committee_selection,0.000078333,0.000078148
3,30,round_reset,0.000003945,0.000003426
3,30,receive_authenticate_accumulate,0.017238603,0.017238500
3,30,receive_authenticate_accumulate,0.000054574,0.000054500
3,30,receive_authenticate_accumulate,0.017227733,0.017227889
3,30,receive_authenticate_accumulate,0.000054500,0.000054537
3,30,receive_authenticate_accumulate,0.017232733,0.017232667
3,30,receive_authenticate_accumulate,0.000053166,0.000053111
3,30,receive_authenticate_accumulate,0.017241306,0.017231482
3,30,receive_authenticate_accumulate,0.000051907,0.000051833
3,30,receive_authenticate_accumulate,0.017223973,0.017223888
3,30,receive_authenticate_accumulate,0.000053352,0.000053130
3,30,receive_authenticate_accumulate,0.017218750,0.017218778
3,30,receive_authenticate_accumulate,0.000053148,0.000052982
3,30,receive_authenticate_accumulate,0.017230770,0.017230833
3,30,receive_authenticate_accumulate,0.000054111,0.000053796
3,30,receive_authenticate_accumulate,0.017225176,0.017225166
3,30,receive_authenticate_accumulate,0.000053018,0.000053000
3,30,receive_authenticate_accumulate,0.017227713,0.017227556
3,30,receive_authenticate_accumulate,0.000053222,0.000052889
3,30,receive_authenticate_accumulate,0.017228269,0.017228056
3,30,receive_authenticate_accumulate,0.000052500,0.000052408
3,30,reading_commitment_and_shares,0.026198078,0.026198241
3,30,receive_authenticate_accumulate,0.017221881,0.017221815
3,30,receive_authenticate_accumulate,0.000053703,0.000053370
3,30,receive_authenticate_accumulate,0.017226195,0.017226296
3,30,receive_authenticate_accumulate,0.000054296,0.000054333
3,30,receive_authenticate_accumulate,0.017229288,0.017229204
3,30,receive_authenticate_accumulate,0.000053314,0.000053056
3,30,receive_authenticate_accumulate,0.017222418,0.017222277
3,30,receive_authenticate_accumulate,0.000054482,0.000054463
3,30,receive_authenticate_accumulate,0.017223380,0.017223426
3,30,receive_authenticate_accumulate,0.000054056,0.000053963
3,30,receive_authenticate_accumulate,0.017226769,0.017226519
3,30,receive_authenticate_accumulate,0.000053703,0.000053444
3,30,receive_authenticate_accumulate,0.017229492,0.017229370
3,30,receive_authenticate_accumulate,0.000052629,0.000052648
3,30,receive_authenticate_accumulate,0.017216788,0.017216611
3,30,receive_authenticate_accumulate,0.000053277,0.000053111
3,30,receive_authenticate_accumulate,0.017220029,0.017220000
3,30,receive_authenticate_accumulate,0.000052685,0.000052685
3,30,receive_authenticate_accumulate,0.017218454,0.017218444
3,30,receive_authenticate_accumulate,0.000051444,0.000051222
3,30,round_coverage,0.000003149,0.000002611
3,30,spatial_report,0.000040833,0.000040611
3,31,round_reset,0.000008630,0.000007370
3,31,receive_authenticate_accumulate,0.017227658,0.017227444
3,31,receive_authenticate_accumulate,0.000056944,0.000056778
3,31,receive_authenticate_accumulate,0.017265844,0.017240407
3,31,receive_authenticate_accumulate,0.000056000,0.000056000
3,31,receive_authenticate_accumulate,0.017234807,0.017234814
3,31,receive_authenticate_accumulate,0.000054555,0.000054555
3,31,receive_authenticate_accumulate,0.017225196,0.017225167
3,31,receive_authenticate_accumulate,0.000055703,0.000055612
3,31,receive_authenticate_accumulate,0.017230714,0.017230592
3,31,receive_authenticate_accumulate,0.000055573,0.000055185
3,31,receive_authenticate_accumulate,0.017222659,0.017222667
3,31,receive_authenticate_accumulate,0.000054333,0.000054148
3,31,receive_authenticate_accumulate,0.017223732,0.017223741
3,31,receive_authenticate_accumulate,0.000057333,0.000057075
3,31,receive_authenticate_accumulate,0.017227510,0.017227371
3,31,receive_authenticate_accumulate,0.000054814,0.000054574
3,31,receive_authenticate_accumulate,0.017229306,0.017229055
3,31,receive_authenticate_accumulate,0.000054777,0.000054500
3,31,receive_authenticate_accumulate,0.017228251,0.017228074
3,31,receive_authenticate_accumulate,0.000056241,0.000056148
3,31,reading_commitment_and_shares,0.026198060,0.026198277
3,31,receive_authenticate_accumulate,0.017221214,0.017221019
3,31,receive_authenticate_accumulate,0.000055518,0.000055463
3,31,receive_authenticate_accumulate,0.017220899,0.017220796
3,31,receive_authenticate_accumulate,0.000055334,0.000055408
3,31,receive_authenticate_accumulate,0.017230862,0.017230760
3,31,receive_authenticate_accumulate,0.000057093,0.000056962
3,31,receive_authenticate_accumulate,0.017224121,0.017224130
3,31,receive_authenticate_accumulate,0.000054703,0.000054796
3,31,receive_authenticate_accumulate,0.017227659,0.017227537
3,31,receive_authenticate_accumulate,0.000055537,0.000055389
3,31,receive_authenticate_accumulate,0.017220233,0.017220167
3,31,receive_authenticate_accumulate,0.000055037,0.000054945
3,31,receive_authenticate_accumulate,0.017215899,0.017215722
3,31,receive_authenticate_accumulate,0.000055759,0.000055686
3,31,receive_authenticate_accumulate,0.017225085,0.017224982
3,31,receive_authenticate_accumulate,0.000056185,0.000056018
3,31,receive_authenticate_accumulate,0.017229954,0.017229981
3,31,receive_authenticate_accumulate,0.000054797,0.000054777
3,31,receive_authenticate_accumulate,0.017223992,0.017223963
3,31,receive_authenticate_accumulate,0.000054870,0.000054981
3,31,round_coverage,0.000003574,0.000003111
3,31,spatial_report,0.000039944,0.000039870
3,32,round_reset,0.000010222,0.000008963
3,32,receive_authenticate_accumulate,0.017226159,0.017226148
3,32,receive_authenticate_accumulate,0.000054684,0.000054463
3,32,receive_authenticate_accumulate,0.017226752,0.017226797
3,32,receive_authenticate_accumulate,0.000054963,0.000054722
3,32,receive_authenticate_accumulate,0.017216622,0.017216518
3,32,receive_authenticate_accumulate,0.000056241,0.000055926
3,32,receive_authenticate_accumulate,0.017225770,0.017225612
3,32,receive_authenticate_accumulate,0.000058111,0.000057889
3,32,receive_authenticate_accumulate,0.017226751,0.017226666
3,32,receive_authenticate_accumulate,0.000053037,0.000053000
3,32,receive_authenticate_accumulate,0.017216418,0.017216389
3,32,receive_authenticate_accumulate,0.000054573,0.000054296
3,32,receive_authenticate_accumulate,0.017264084,0.017239203
3,32,receive_authenticate_accumulate,0.000055167,0.000054777
3,32,receive_authenticate_accumulate,0.017229529,0.017229445
3,32,receive_authenticate_accumulate,0.000055482,0.000055408
3,32,receive_authenticate_accumulate,0.017219178,0.017219111
3,32,receive_authenticate_accumulate,0.000056630,0.000056204
3,32,receive_authenticate_accumulate,0.017224622,0.017224629
3,32,receive_authenticate_accumulate,0.000053333,0.000053260
3,32,reading_commitment_and_shares,0.026196264,0.026196241
3,32,receive_authenticate_accumulate,0.017228696,0.017228667
3,32,receive_authenticate_accumulate,0.000054556,0.000054352
3,32,receive_authenticate_accumulate,0.017221696,0.017221574
3,32,receive_authenticate_accumulate,0.000056241,0.000055963
3,32,receive_authenticate_accumulate,0.017297492,0.017272481
3,32,receive_authenticate_accumulate,0.000054463,0.000054259
3,32,receive_authenticate_accumulate,0.017252418,0.017231129
3,32,receive_authenticate_accumulate,0.000053166,0.000053019
3,32,receive_authenticate_accumulate,0.017234992,0.017234852
3,32,receive_authenticate_accumulate,0.000056092,0.000055519
3,32,receive_authenticate_accumulate,0.017220122,0.017219963
3,32,receive_authenticate_accumulate,0.000054314,0.000054148
3,32,receive_authenticate_accumulate,0.017261585,0.017261315
3,32,receive_authenticate_accumulate,0.000054944,0.000054778
3,32,receive_authenticate_accumulate,0.017229956,0.017229833
3,32,receive_authenticate_accumulate,0.000055296,0.000054852
3,32,receive_authenticate_accumulate,0.017234437,0.017234370
3,32,receive_authenticate_accumulate,0.000055074,0.000054778
3,32,receive_authenticate_accumulate,0.017276844,0.017246907
3,32,receive_authenticate_accumulate,0.000054611,0.000054556
3,32,round_coverage,0.000003500,0.000002981
3,32,spatial_report,0.000041277,0.000041019
3,33,round_reset,0.000009278,0.000008018
3,33,receive_authenticate_accumulate,0.017228698,0.017229259
3,33,receive_authenticate_accumulate,0.000055461,0.000055222
3,33,receive_authenticate_accumulate,0.017233883,0.017234482
3,33,receive_authenticate_accumulate,0.000054091,0.000053889
3,33,receive_authenticate_accumulate,0.017228475,0.017228945
3,33,receive_authenticate_accumulate,0.000055480,0.000055222
3,33,receive_authenticate_accumulate,0.017218588,0.017219167
3,33,receive_authenticate_accumulate,0.000054498,0.000054315
3,33,receive_authenticate_accumulate,0.017228365,0.017228963
3,33,receive_authenticate_accumulate,0.000056572,0.000056315
3,33,receive_authenticate_accumulate,0.017225200,0.017225888
3,33,receive_authenticate_accumulate,0.000055905,0.000055778
3,33,receive_authenticate_accumulate,0.017272476,0.017272907
3,33,receive_authenticate_accumulate,0.000056590,0.000056351
3,33,receive_authenticate_accumulate,0.017258865,0.017243166
3,33,receive_authenticate_accumulate,0.000054275,0.000053981
3,33,receive_authenticate_accumulate,0.017283310,0.017243352
3,33,receive_authenticate_accumulate,0.000056183,0.000055870
3,33,receive_authenticate_accumulate,0.017229016,0.017229537
3,33,receive_authenticate_accumulate,0.000055183,0.000054889
3,33,reading_commitment_and_shares,0.026197778,0.026198926
3,33,receive_authenticate_accumulate,0.017218148,0.017218815
3,33,receive_authenticate_accumulate,0.000054665,0.000054389
3,33,receive_authenticate_accumulate,0.017239442,0.017239944
3,33,receive_authenticate_accumulate,0.000055423,0.000055204
3,33,receive_authenticate_accumulate,0.017298755,0.017273851
3,33,receive_authenticate_accumulate,0.000054424,0.000054333
3,33,receive_authenticate_accumulate,0.017301126,0.017262833
3,33,receive_authenticate_accumulate,0.000055423,0.000055315
3,33,receive_authenticate_accumulate,0.017220500,0.017221111
3,33,receive_authenticate_accumulate,0.000054776,0.000054611
3,33,receive_authenticate_accumulate,0.017230445,0.017231166
3,33,receive_authenticate_accumulate,0.000055720,0.000055630
3,33,receive_authenticate_accumulate,0.017219224,0.017219889
3,33,receive_authenticate_accumulate,0.000055831,0.000055685
3,33,receive_authenticate_accumulate,0.017226909,0.017227462
3,33,receive_authenticate_accumulate,0.000055127,0.000055037
3,33,receive_authenticate_accumulate,0.017217540,0.017218185
3,33,receive_authenticate_accumulate,0.000056165,0.000056185
3,33,receive_authenticate_accumulate,0.017231132,0.017231778
3,33,receive_authenticate_accumulate,0.000057016,0.000056889
3,33,round_coverage,0.000003667,0.000003204
3,33,spatial_report,0.000040795,0.000040518
3,34,round_reset,0.000009222,0.000008204
3,34,receive_authenticate_accumulate,0.017215490,0.017216000
3,34,receive_authenticate_accumulate,0.000056553,0.000056315
3,34,receive_authenticate_accumulate,0.017221360,0.017221796
3,34,receive_authenticate_accumulate,0.000055905,0.000055574
3,34,receive_authenticate_accumulate,0.017230174,0.017225055
3,34,receive_authenticate_accumulate,0.000055702,0.000055667
3,34,receive_authenticate_accumulate,0.017225731,0.017226222
3,34,receive_authenticate_accumulate,0.000054831,0.000054481
3,34,receive_authenticate_accumulate,0.017283100,0.017254095
3,34,receive_authenticate_accumulate,0.000054312,0.000054241
3,34,receive_authenticate_accumulate,0.017228306,0.017228852
3,34,receive_authenticate_accumulate,0.000055942,0.000055778
3,34,receive_authenticate_accumulate,0.017221639,0.017222222
3,34,receive_authenticate_accumulate,0.000054368,0.000054111
3,34,receive_authenticate_accumulate,0.017253787,0.017228444
3,34,receive_authenticate_accumulate,0.000054683,0.000054537
3,34,receive_authenticate_accumulate,0.017230918,0.017231445
3,34,receive_authenticate_accumulate,0.000053942,0.000053704
3,34,receive_authenticate_accumulate,0.017238992,0.017239722
3,34,receive_authenticate_accumulate,0.000055942,0.000055778
3,34,reading_commitment_and_shares,0.026269731,0.026272000
3,34,receive_authenticate_accumulate,0.017226178,0.017226815
3,34,receive_authenticate_accumulate,0.000070368,0.000070241
3,34,receive_authenticate_accumulate,0.017227623,0.017228130
3,34,receive_authenticate_accumulate,0.000053165,0.000052945
3,34,receive_authenticate_accumulate,0.017215550,0.017216334
3,34,receive_authenticate_accumulate,0.000055146,0.000054871
3,34,receive_authenticate_accumulate,0.017282789,0.017239018
3,34,receive_authenticate_accumulate,0.000052850,0.000052648
3,34,receive_authenticate_accumulate,0.017215883,0.017216277
3,34,receive_authenticate_accumulate,0.000054053,0.000054018
3,34,receive_authenticate_accumulate,0.017221163,0.017221611
3,34,receive_authenticate_accumulate,0.000054535,0.000054333
3,34,receive_authenticate_accumulate,0.017221755,0.017221944
3,34,receive_authenticate_accumulate,0.000054998,0.000054685
3,34,receive_authenticate_accumulate,0.017276253,0.017246277
3,34,receive_authenticate_accumulate,0.000052961,0.000052759
3,34,receive_authenticate_accumulate,0.017214552,0.017215092
3,34,receive_authenticate_accumulate,0.000052202,0.000051888
3,34,receive_authenticate_accumulate,0.017218034,0.017218463
3,34,receive_authenticate_accumulate,0.000054184,0.000053870
3,34,round_coverage,0.000003833,0.000003315
3,34,spatial_report,0.000040258,0.000039981
3,35,round_reset,0.000008963,0.000007648
3,35,receive_authenticate_accumulate,0.017257518,0.017233962
3,35,receive_authenticate_accumulate,0.000052887,0.000052722
3,35,receive_authenticate_accumulate,0.017224056,0.017224445
3,35,receive_authenticate_accumulate,0.000071053,0.000070908
3,35,receive_authenticate_accumulate,0.017217595,0.017218203
3,35,receive_authenticate_accumulate,0.000053294,0.000053148
3,35,receive_authenticate_accumulate,0.017249464,0.017233925
3,35,receive_authenticate_accumulate,0.000054406,0.000054148
3,35,receive_authenticate_accumulate,0.017221021,0.017221741
3,35,receive_authenticate_accumulate,0.000054442,0.000054315
3,35,receive_authenticate_accumulate,0.017214725,0.017215259
3,35,receive_authenticate_accumulate,0.000054442,0.000054463
3,35,receive_authenticate_accumulate,0.017221726,0.017222389
3,35,receive_authenticate_accumulate,0.000053424,0.000053167
3,35,receive_authenticate_accumulate,0.017229521,0.017229963
3,35,receive_authenticate_accumulate,0.000054461,0.000054333
3,35,receive_authenticate_accumulate,0.017222801,0.017223278
3,35,receive_authenticate_accumulate,0.000051980,0.000051871
3,35,receive_authenticate_accumulate,0.017218227,0.017218777
3,35,receive_authenticate_accumulate,0.000054294,0.000054074
3,35,reading_commitment_and_shares,0.026193483,0.026194352
3,35,receive_authenticate_accumulate,0.017224190,0.017224870
3,35,receive_authenticate_accumulate,0.000053147,0.000053000
3,35,receive_authenticate_accumulate,0.017258411,0.017237001
3,35,receive_authenticate_accumulate,0.000052942,0.000052704
3,35,receive_authenticate_accumulate,0.017278986,0.017280037
3,35,receive_authenticate_accumulate,0.000057350,0.000057019
3,35,receive_authenticate_accumulate,0.017224672,0.017225111
3,35,receive_authenticate_accumulate,0.000056850,0.000056667
3,35,receive_authenticate_accumulate,0.017225968,0.017226333
3,35,receive_authenticate_accumulate,0.000056331,0.000055926
3,35,receive_authenticate_accumulate,0.017225729,0.017226278
3,35,receive_authenticate_accumulate,0.000054961,0.000054833
3,35,receive_authenticate_accumulate,0.017217007,0.017217519
3,35,receive_authenticate_accumulate,0.000055627,0.000055333
3,35,receive_authenticate_accumulate,0.017223878,0.017224407
3,35,receive_authenticate_accumulate,0.000055886,0.000055574
3,35,receive_authenticate_accumulate,0.017246729,0.017230223
3,35,receive_authenticate_accumulate,0.000055201,0.000055074
3,35,receive_authenticate_accumulate,0.017226193,0.017226667
3,35,receive_authenticate_accumulate,0.000055479,0.000055222
3,35,round_coverage,0.000003518,0.000003000
3,35,spatial_report,0.000041331,0.000041148
3,36,round_reset,0.000008795,0.000007426
3,36,receive_authenticate_accumulate,0.017229214,0.017229703
3,36,receive_authenticate_accumulate,0.000054906,0.000054760
3,36,receive_authenticate_accumulate,0.017229289,0.017229889
3,36,receive_authenticate_accumulate,0.000054647,0.000054555
3,36,receive_authenticate_accumulate,0.017225919,0.017226407
3,36,receive_authenticate_accumulate,0.000055443,0.000055296
3,36,receive_authenticate_accumulate,0.017221994,0.017222111
3,36,receive_authenticate_accumulate,0.000056369,0.000056018
3,36,receive_authenticate_accumulate,0.017223586,0.017224092
3,36,receive_authenticate_accumulate,0.000054961,0.000054852
3,36,receive_authenticate_accumulate,0.017216883,0.017217370
3,36,receive_authenticate_accumulate,0.000054646,0.000054463
3,36,receive_authenticate_accumulate,0.017224772,0.017225037
3,36,receive_authenticate_accumulate,0.000054517,0.000054222
3,36,receive_authenticate_accumulate,0.017230994,0.017231685
3,36,receive_authenticate_accumulate,0.000055387,0.000055204
3,36,receive_authenticate_accumulate,0.017213903,0.017214445
3,36,receive_authenticate_accumulate,0.000055886,0.000055685
3,36,receive_authenticate_accumulate,0.017228014,0.017228352
3,36,receive_authenticate_accumulate,0.000054572,0.000054315
3,36,reading_commitment_and_shares,0.026191101,0.026192037
3,36,receive_authenticate_accumulate,0.017215423,0.017215926
3,36,receive_authenticate_accumulate,0.000054831,0.000054703
3,36,receive_authenticate_accumulate,0.017232366,0.017232740
3,36,receive_authenticate_accumulate,0.000054757,0.000054537
3,36,receive_authenticate_accumulate,0.017257884,0.017232167
3,36,receive_authenticate_accumulate,0.000056961,0.000056722
3,36,receive_authenticate_accumulate,0.017227571,0.017227982
3,36,receive_authenticate_accumulate,0.000055368,0.000055148
3,36,receive_authenticate_accumulate,0.017255700,0.017256667
3,36,receive_authenticate_accumulate,0.000056869,0.000056648
3,36,receive_authenticate_accumulate,0.017274514,0.017256296
3,36,receive_authenticate_accumulate,0.000056609,0.000056407
3,36,receive_authenticate_accumulate,0.017218535,0.017218778
3,36,receive_authenticate_accumulate,0.000055072,0.000054815
3,36,receive_authenticate_accumulate,0.017221406,0.017221908
3,36,receive_authenticate_accumulate,0.000057294,0.000057093
3,36,receive_authenticate_accumulate,0.017232313,0.017232685
3,36,receive_authenticate_accumulate,0.000055720,0.000055555
3,36,receive_authenticate_accumulate,0.017240794,0.017241314
3,36,receive_authenticate_accumulate,0.000055813,0.000055685
3,36,round_coverage,0.000003611,0.000003074
3,36,spatial_report,0.000040999,0.000040629
3,37,round_reset,0.000009130,0.000007815
3,37,receive_authenticate_accumulate,0.017226093,0.017226666
3,37,receive_authenticate_accumulate,0.000055757,0.000055537
3,37,receive_authenticate_accumulate,0.017258630,0.017232203
3,37,receive_authenticate_accumulate,0.000055313,0.000055111
3,37,receive_authenticate_accumulate,0.017228391,0.017228815
3,37,receive_authenticate_accumulate,0.000054813,0.000054686
3,37,receive_authenticate_accumulate,0.017215150,0.017215593
3,37,receive_authenticate_accumulate,0.000057146,0.000056889
3,37,receive_authenticate_accumulate,0.017223817,0.017224259
3,37,receive_authenticate_accumulate,0.000055294,0.000054981
3,37,receive_authenticate_accumulate,0.017229632,0.017229907
3,37,receive_authenticate_accumulate,0.000055369,0.000055148
3,37,receive_authenticate_accumulate,0.017221818,0.017222370
3,37,receive_authenticate_accumulate,0.000056368,0.000056223
3,37,receive_authenticate_accumulate,0.017216206,0.017216593
3,37,receive_authenticate_accumulate,0.000056535,0.000056260
3,37,receive_authenticate_accumulate,0.017231337,0.017232204
3,37,receive_authenticate_accumulate,0.000055239,0.000055130
3,37,receive_authenticate_accumulate,0.017218300,0.017218796
3,37,receive_authenticate_accumulate,0.000056665,0.000056426
3,37,reading_commitment_and_shares,0.026195141,0.026196074
3,37,receive_authenticate_accumulate,0.017224227,0.017224685
3,37,receive_authenticate_accumulate,0.000056017,0.000055870
3,37,receive_authenticate_accumulate,0.017217856,0.017218297
3,37,receive_authenticate_accumulate,0.000054257,0.000053908
3,37,receive_authenticate_accumulate,0.017225597,0.017226000
3,37,receive_authenticate_accumulate,0.000056627,0.000056277
3,37,receive_authenticate_accumulate,0.017253930,0.017232926
3,37,receive_authenticate_accumulate,0.000057331,0.000057018
3,37,receive_authenticate_accumulate,0.017218505,0.017218925
3,37,receive_authenticate_accumulate,0.000055073,0.000054926
3,37,receive_authenticate_accumulate,0.017294225,0.017253001
3,37,receive_authenticate_accumulate,0.000055350,0.000055259
3,37,receive_authenticate_accumulate,0.017225821,0.017226297
3,37,receive_authenticate_accumulate,0.000054887,0.000054815
3,37,receive_authenticate_accumulate,0.017225562,0.017226167
3,37,receive_authenticate_accumulate,0.000077350,0.000077259
3,37,receive_authenticate_accumulate,0.017251562,0.017252111
3,37,receive_authenticate_accumulate,0.000058258,0.000058019
3,37,receive_authenticate_accumulate,0.017216600,0.017217074
3,37,receive_authenticate_accumulate,0.000055980,0.000055667
3,37,round_coverage,0.000003685,0.000003092
3,37,spatial_report,0.000041424,0.000041092
3,38,round_reset,0.000009370,0.000007611
3,38,receive_authenticate_accumulate,0.017258859,0.017243000
3,38,receive_authenticate_accumulate,0.000054980,0.000054833
3,38,receive_authenticate_accumulate,0.017225230,0.017225815
3,38,receive_authenticate_accumulate,0.000057016,0.000056815
3,38,receive_authenticate_accumulate,0.017223694,0.017224129
3,38,receive_authenticate_accumulate,0.000055350,0.000055222
3,38,receive_authenticate_accumulate,0.017224675,0.017225111
3,38,receive_authenticate_accumulate,0.000056387,0.000056167
3,38,receive_authenticate_accumulate,0.017231230,0.017231463
3,38,receive_authenticate_accumulate,0.000056035,0.000055945
3,38,receive_authenticate_accumulate,0.017248305,0.017226129
3,38,receive_authenticate_accumulate,0.000058128,0.000057981
3,38,receive_authenticate_accumulate,0.017230990,0.017231185
3,38,receive_authenticate_accumulate,0.000055961,0.000055777
3,38,receive_authenticate_accumulate,0.017226750,0.017227370
3,38,receive_authenticate_accumulate,0.000055925,0.000055667
3,38,receive_authenticate_accumulate,0.017228232,0.017228778
3,38,receive_authenticate_accumulate,0.000056646,0.000056352
3,38,receive_authenticate_accumulate,0.017221565,0.017222000
3,38,receive_authenticate_accumulate,0.000054832,0.000054630
3,38,reading_commitment_and_shares,0.026186625,0.026187555
3,38,receive_authenticate_accumulate,0.017283083,0.017240926
3,38,receive_authenticate_accumulate,0.000055072,0.000054833
3,38,receive_authenticate_accumulate,0.017285120,0.017247944
3,38,receive_authenticate_accumulate,0.000056091,0.000055834
3,38,receive_authenticate_accumulate,0.017221808,0.017222296
3,38,receive_authenticate_accumulate,0.000056498,0.000056334
3,38,receive_authenticate_accumulate,0.017235918,0.017236463
3,38,receive_authenticate_accumulate,0.000056609,0.000056259
3,38,receive_authenticate_accumulate,0.017221975,0.017222463
3,38,receive_authenticate_accumulate,0.000055257,0.000054963
3,38,receive_authenticate_accumulate,0.017226642,0.017227037
3,38,receive_authenticate_accumulate,0.000055739,0.000055185
3,38,receive_authenticate_accumulate,0.017221364,0.017221648
3,38,receive_authenticate_accumulate,0.000055998,0.000055722
3,38,receive_authenticate_accumulate,0.017228253,0.017228815
3,38,receive_authenticate_accumulate,0.000055220,0.000055074
3,38,receive_authenticate_accumulate,0.017224680,0.017225167
3,38,receive_authenticate_accumulate,0.000056757,0.000056555
3,38,receive_authenticate_accumulate,0.017262678,0.017236500
3,38,receive_authenticate_accumulate,0.000053869,0.000053389
3,38,round_coverage,0.000003537,0.000003055
3,38,spatial_report,0.000039888,0.000039629
3,39,round_reset,0.000008648,0.000007315
3,39,receive_authenticate_accumulate,0.017231235,0.017231333
3,39,receive_authenticate_accumulate,0.000054961,0.000054982
3,39,receive_authenticate_accumulate,0.017221531,0.017221945
3,39,receive_authenticate_accumulate,0.000054961,0.000054759
3,39,receive_authenticate_accumulate,0.017215829,0.017216259
3,39,receive_authenticate_accumulate,0.000055831,0.000055814
3,39,receive_authenticate_accumulate,0.017221847,0.017222314
3,39,receive_authenticate_accumulate,0.000055461,0.000055277
3,39,receive_authenticate_accumulate,0.017225699,0.017226093
3,39,receive_authenticate_accumulate,0.000054609,0.000054315
3,39,receive_authenticate_accumulate,0.017256810,0.017235110
3,39,receive_authenticate_accumulate,0.000055517,0.000055407
3,39,receive_authenticate_accumulate,0.017226274,0.017226611
3,39,receive_authenticate_accumulate,0.000055591,0.000055407
3,39,receive_authenticate_accumulate,0.017225330,0.017225870
3,39,receive_authenticate_accumulate,0.000054850,0.000054352
3,39,receive_authenticate_accumulate,0.017220793,0.017221407
3,39,receive_authenticate_accumulate,0.000055961,0.000055648
3,39,receive_authenticate_accumulate,0.017269607,0.017242574
3,39,receive_authenticate_accumulate,0.000056554,0.000056444
3,39,reading_commitment_and_shares,0.026179403,0.026180241
3,39,receive_authenticate_accumulate,0.017215183,0.017215778
3,39,receive_authenticate_accumulate,0.000056795,0.000056481
3,39,receive_authenticate_accumulate,0.017225719,0.017226259
3,39,receive_authenticate_accumulate,0.000055887,0.000055722
3,39,receive_authenticate_accumulate,0.017226516,0.017226833
3,39,receive_authenticate_accumulate,0.000056350,0.000056074
3,39,receive_authenticate_accumulate,0.017230072,0.017230722
3,39,receive_authenticate_accumulate,0.000055720,0.000055538
3,39,receive_authenticate_accumulate,0.017224795,0.017225204
3,39,receive_authenticate_accumulate,0.000056183,0.000056000
3,39,receive_authenticate_accumulate,0.017223833,0.017224129
3,39,receive_authenticate_accumulate,0.000056553,0.000056314
3,39,receive_authenticate_accumulate,0.017227000,0.017227260
3,39,receive_authenticate_accumulate,0.000055202,0.000055129
3,39,receive_authenticate_accumulate,0.017226092,0.017226463
3,39,receive_authenticate_accumulate,0.000056184,0.000055685
3,39,receive_authenticate_accumulate,0.017228945,0.017229371
3,39,receive_authenticate_accumulate,0.000057813,0.000057314
3,39,receive_authenticate_accumulate,0.017219371,0.017219889
3,39,receive_authenticate_accumulate,0.000056887,0.000056463
3,39,round_coverage,0.000003240,0.000002852
3,39,spatial_report,0.000040554,0.000040241
3,39,billing_report,0.000423320,0.000422982
4,40,period_reset,0.000025110,0.000024000
4,40,receive_authenticate_accumulate,0.000094071,0.000093777
4,40,receive_authenticate_accumulate,0.000125200,0.000124889
4,40,receive_authenticate_accumulate,0.000087330,0.000087204
4,40,receive_authenticate_accumulate,0.000086404,0.000086092
4,40,receive_authenticate_accumulate,0.000088275,0.000088000
4,40,receive_authenticate_accumulate,0.000086164,0.000085852
4,40,receive_authenticate_accumulate,0.000087034,0.000086759
4,40,receive_authenticate_accumulate,0.000086886,0.000086778
4,40,receive_authenticate_accumulate,0.000087460,0.000087408
4,40,receive_authenticate_accumulate,0.000087664,0.000087481
4,40,randomness_commit,0.000803476,0.000803111
4,40,receive_authenticate_accumulate,0.000082775,0.000082481
4,40,receive_authenticate_accumulate,0.000087738,0.000087870
4,40,receive_authenticate_accumulate,0.000085367,0.000085074
4,40,receive_authenticate_accumulate,0.000084923,0.000084814
4,40,receive_authenticate_accumulate,0.000086460,0.000086037
4,40,receive_authenticate_accumulate,0.000088293,0.000088240
4,40,receive_authenticate_accumulate,0.000054980,0.000054685
4,40,receive_authenticate_accumulate,0.000053517,0.000053296
4,40,receive_authenticate_accumulate,0.000053017,0.000053037
4,40,receive_authenticate_accumulate,0.000044628,0.000044334
4,40,receive_authenticate_accumulate,0.000065646,0.000065611
4,40,receive_authenticate_accumulate,0.000064721,0.000064648
4,40,receive_authenticate_accumulate,0.000066424,0.000066370
4,40,receive_authenticate_accumulate,0.000066387,0.000066056
4,40,receive_authenticate_accumulate,0.000066480,0.000066203
4,40,receive_authenticate_accumulate,0.000065239,0.000065074
4,40,receive_authenticate_accumulate,0.000066313,0.000066111
4,40,receive_authenticate_accumulate,0.000064535,0.000064297
4,40,receive_authenticate_accumulate,0.000066183,0.000066037
4,40,receive_authenticate_accumulate,0.000065961,0.000065815
4,40,randomness_reveal,0.000451746,0.000451333
4,40,receive_authenticate_accumulate,0.000062850,0.000062907
4,40,receive_authenticate_accumulate,0.000065164,0.000065074
4,40,receive_authenticate_accumulate,0.000065128,0.000064982
4,40,receive_authenticate_accumulate,0.000066683,0.000066482
4,40,receive_authenticate_accumulate,0.000066683,0.000066537
4,40,receive_authenticate_accumulate,0.000057535,0.000057519
4,40,receive_authenticate_accumulate,0.000064590,0.000064351
4,40,receive_authenticate_accumulate,0.000064109,0.000063963
4,40,receive_authenticate_accumulate,0.000065646,0.000065481
4,40,receive_authenticate_accumulate,0.000065665,0.000065389
4,40,committee_selection,0.000121644,0.000121500
4,40,round_reset,0.000006074,0.000005203
4,40,receive_authenticate_accumulate,0.017222961,0.017223018
4,40,receive_authenticate_accumulate,0.017217370,0.017217778
4,40,receive_authenticate_accumulate,0.017228722,0.017229092
4,40,receive_authenticate_accumulate,0.017266869,0.017238740
4,40,receive_authenticate_accumulate,0.017219778,0.017219944
4,40,receive_authenticate_accumulate,0.017220278,0.017220611
4,40,receive_authenticate_accumulate,0.017211149,0.017211740
4,40,receive_authenticate_accumulate,0.017231315,0.017231704
4,40,receive_authenticate_accumulate,0.017214334,0.017214463
4,40,receive_authenticate_accumulate,0.017218686,0.017219111
4,40,reading_commitment_and_shares,0.026204898,0.026205388
4,40,receive_authenticate_accumulate,0.017221039,0.017221519
4,40,receive_authenticate_accumulate,0.017223057,0.017223315
4,40,receive_authenticate_accumulate,0.017239150,0.017239500
4,40,receive_authenticate_accumulate,0.017220039,0.017220315
4,40,receive_authenticate_accumulate,0.017221910,0.017222240
4,40,receive_authenticate_accumulate,0.017277834,0.017238351
4,40,receive_authenticate_accumulate,0.017281723,0.017239333
4,40,receive_authenticate_accumulate,0.017218800,0.017219223
4,40,receive_authenticate_accumulate,0.017225707,0.017226352
4,40,receive_authenticate_accumulate,0.017226133,0.017226759
4,40,round_coverage,0.000003945,0.000003334
4,41,round_reset,0.000009370,0.000007944
4,41,receive_authenticate_accumulate,0.017223131,0.017223388
4,41,receive_authenticate_accumulate,0.017228946,0.017229537
4,41,receive_authenticate_accumulate,0.017292056,0.017252777
4,41,receive_authenticate_accumulate,0.017234280,0.017234685
4,41,receive_authenticate_accumulate,0.017225576,0.017225722
4,41,receive_authenticate_accumulate,0.017220317,0.017220703
4,41,receive_authenticate_accumulate,0.017252816,0.017238888
4,41,receive_authenticate_accumulate,0.017275132,0.017249038
4,41,receive_authenticate_accumulate,0.017227429,0.017227778
4,41,receive_authenticate_accumulate,0.017218892,0.017219204
4,41,reading_commitment_and_shares,0.026203782,0.026204240
4,41,receive_authenticate_accumulate,0.017223689,0.017224130
4,41,receive_authenticate_accumulate,0.017230837,0.017231537
4,41,receive_authenticate_accumulate,0.017220486,0.017220759
4,41,receive_authenticate_accumulate,0.017247412,0.017235297
4,41,receive_authenticate_accumulate,0.017229931,0.017230296
4,41,receive_authenticate_accumulate,0.017228042,0.017228389
4,41,receive_authenticate_accumulate,0.017234172,0.017234500
4,41,receive_authenticate_accumulate,0.017235523,0.017235778
4,41,receive_authenticate_accumulate,0.017226562,0.017226852
4,41,receive_authenticate_accumulate,0.017223210,0.017223500
4,41,round_coverage,0.000005426,0.000004797
4,42,round_reset,0.000021073,0.000010166
4,42,receive_authenticate_accumulate,0.017237577,0.017238148
4,42,receive_authenticate_accumulate,0.017232465,0.017232888
4,42,receive_authenticate_accumulate,0.017242170,0.017242945
4,42,receive_authenticate_accumulate,0.017222337,0.017222667
4,42,receive_authenticate_accumulate,0.017229078,0.017229000
4,42,receive_authenticate_accumulate,0.017228337,0.017228722
4,42,receive_authenticate_accumulate,0.017227171,0.017227371
4,42,receive_authenticate_accumulate,0.017224227,0.017224537
4,42,receive_authenticate_accumulate,0.017230912,0.017231278
4,42,receive_authenticate_accumulate,0.017231726,0.017232149
4,42,reading_commitment_and_shares,0.026296106,0.026268481
4,42,receive_authenticate_accumulate,0.017250301,0.017226427
4,42,receive_authenticate_accumulate,0.017227968,0.017228074
4,42,receive_authenticate_accumulate,0.017238413,0.017238426
4,42,receive_authenticate_accumulate,0.017251987,0.017226778
4,42,receive_authenticate_accumulate,0.017223228,0.017223574
4,42,receive_authenticate_accumulate,0.017218803,0.017219037
4,42,receive_authenticate_accumulate,0.017219581,0.017219870
4,42,receive_authenticate_accumulate,0.017230304,0.017230852
4,42,receive_authenticate_accumulate,0.017215582,0.017215982
4,42,receive_authenticate_accumulate,0.017225673,0.017225907
4,42,round_coverage,0.000004055,0.000003389
4,43,round_reset,0.000010074,0.000008685
4,43,receive_authenticate_accumulate,0.017233096,0.017233444
4,43,receive_authenticate_accumulate,0.017228022,0.017228222
4,43,receive_authenticate_accumulate,0.017226449,0.017226685
4,43,receive_authenticate_accumulate,0.017271114,0.017245851
4,43,receive_authenticate_accumulate,0.017233355,0.017233611
4,43,receive_authenticate_accumulate,0.017226931,0.017227148
4,43,receive_authenticate_accumulate,0.017231819,0.017232074
4,43,receive_authenticate_accumulate,0.017218116,0.017218425
4,43,receive_authenticate_accumulate,0.017228375,0.017228667
4,43,receive_authenticate_accumulate,0.017230023,0.017230259
4,43,reading_commitment_and_shares,0.026213692,0.026214093
4,43,receive_authenticate_accumulate,0.017224228,0.017224704
4,43,receive_authenticate_accumulate,0.017220080,0.017220389
4,43,receive_authenticate_accumulate,0.017229469,0.017229741
4,43,receive_authenticate_accumulate,0.017230728,0.017230648
4,43,receive_authenticate_accumulate,0.017225061,0.017225241
4,43,receive_authenticate_accumulate,0.017250487,0.017242556
4,43,receive_authenticate_accumulate,0.017237284,0.017237296
4,43,receive_authenticate_accumulate,0.017233803,0.017234000
4,43,receive_authenticate_accumulate,0.017263099,0.017236853
4,43,receive_authenticate_accumulate,0.017225285,0.017225370
4,43,round_coverage,0.000004241,0.000003500
4,44,round_reset,0.000010130,0.000009055
4,44,receive_authenticate_accumulate,0.017225706,0.017225907
4,44,receive_authenticate_accumulate,0.017217558,0.017217852
4,44,receive_authenticate_accumulate,0.017222818,0.017223111
4,44,receive_authenticate_accumulate,0.017230262,0.017230612
4,44,receive_authenticate_accumulate,0.017217188,0.017217241
4,44,receive_authenticate_accumulate,0.017250577,0.017236611
4,44,receive_authenticate_accumulate,0.017226745,0.017227203
4,44,receive_authenticate_accumulate,0.017237985,0.017238408
4,44,receive_authenticate_accumulate,0.017228949,0.017229222
4,44,receive_authenticate_accumulate,0.017232078,0.017232278
4,44,reading_commitment_and_shares,0.026203905,0.026204389
4,44,receive_authenticate_accumulate,0.017215228,0.017215722
4,44,receive_authenticate_accumulate,0.017261837,0.017244778
4,44,receive_authenticate_accumulate,0.017243838,0.017244370
4,44,receive_authenticate_accumulate,0.017223709,0.017223926
4,44,receive_authenticate_accumulate,0.017228672,0.017228926
4,44,receive_authenticate_accumulate,0.017242969,0.017231981
4,44,receive_authenticate_accumulate,0.017224209,0.017224592
4,44,receive_authenticate_accumulate,0.017220840,0.017220889
4,44,receive_authenticate_accumulate,0.017225322,0.017225407
4,44,receive_authenticate_accumulate,0.017226692,0.017226944
4,44,round_coverage,0.000004426,0.000003834
4,45,round_reset,0.000009370,0.000008148
4,45,receive_authenticate_accumulate,0.017227889,0.017228333
4,45,receive_authenticate_accumulate,0.017229630,0.017229778
4,45,receive_authenticate_accumulate,0.017229335,0.017229629
4,45,receive_authenticate_accumulate,0.017220483,0.017220759
4,45,receive_authenticate_accumulate,0.017218909,0.017219277
4,45,receive_authenticate_accumulate,0.017216761,0.017216982
4,45,receive_authenticate_accumulate,0.017274593,0.017246574
4,45,receive_authenticate_accumulate,0.017225354,0.017225611
4,45,receive_authenticate_accumulate,0.017217039,0.017217259
4,45,receive_authenticate_accumulate,0.017226058,0.017226352
4,45,reading_commitment_and_shares,0.026209041,0.026209555
4,45,receive_authenticate_accumulate,0.017219040,0.017219574
4,45,receive_authenticate_accumulate,0.017221800,0.017222018
4,45,receive_authenticate_accumulate,0.017231966,0.017232222
4,45,receive_authenticate_accumulate,0.017226059,0.017226333
4,45,receive_authenticate_accumulate,0.017225466,0.017225722
4,45,receive_authenticate_accumulate,0.017226874,0.017227148
4,45,receive_authenticate_accumulate,0.017220782,0.017220982
4,45,receive_authenticate_accumulate,0.017221393,0.017221648
4,45,receive_authenticate_accumulate,0.017220504,0.017220537
4,45,receive_authenticate_accumulate,0.017220189,0.017220370
4,45,round_coverage,0.000003851,0.000003222
4,46,round_reset,0.000009389,0.000008000
4,46,receive_authenticate_accumulate,0.017221053,0.017221463
4,46,receive_authenticate_accumulate,0.017236239,0.017236408
4,46,receive_authenticate_accumulate,0.017219406,0.017219703
4,46,receive_authenticate_accumulate,0.017230110,0.017230352
4,46,receive_authenticate_accumulate,0.017231703,0.017231889
4,46,receive_authenticate_accumulate,0.017232591,0.017232593
4,46,receive_authenticate_accumulate,0.017275479,0.017248352
4,46,receive_authenticate_accumulate,0.017230278,0.017230462
4,46,receive_authenticate_accumulate,0.017229666,0.017230000
4,46,receive_authenticate_accumulate,0.017221185,0.017221315
4,46,reading_commitment_and_shares,0.026201695,0.026202000
4,46,receive_authenticate_accumulate,0.017222074,0.017222444
4,46,receive_authenticate_accumulate,0.017226889,0.017227037
4,46,receive_authenticate_accumulate,0.017256852,0.017256426
4,46,receive_authenticate_accumulate,0.017229853,0.017229999
4,46,receive_authenticate_accumulate,0.017231371,0.017231685
4,46,receive_authenticate_accumulate,0.017220353,0.017220518
4,46,receive_authenticate_accumulate,0.017224760,0.017224759
4,46,receive_authenticate_accumulate,0.017221354,0.017221371
4,46,receive_authenticate_accumulate,0.017234075,0.017234241
4,46,receive_authenticate_accumulate,0.017216687,0.017216760
4,46,round_coverage,0.000003648,0.000003000
4,47,round_reset,0.000008703,0.000007463
4,47,receive_authenticate_accumulate,0.017220310,0.017220500
4,47,receive_authenticate_accumulate,0.017226828,0.017227018
4,47,receive_authenticate_accumulate,0.017225791,0.017225981
4,47,receive_authenticate_accumulate,0.017216514,0.017216482
4,47,receive_authenticate_accumulate,0.017220551,0.017220740
4,47,receive_authenticate_accumulate,0.017262495,0.017238185
4,47,receive_authenticate_accumulate,0.017231328,0.017231722
4,47,receive_authenticate_accumulate,0.017236069,0.017236148
4,47,receive_authenticate_accumulate,0.017226052,0.017226259
4,47,receive_authenticate_accumulate,0.017213496,0.017213666
4,47,reading_commitment_and_shares,0.026203551,0.026203445
4,47,receive_authenticate_accumulate,0.017281162,0.017239964
4,47,receive_authenticate_accumulate,0.017219996,0.017220222
4,47,receive_authenticate_accumulate,0.017226256,0.017226463
4,47,receive_authenticate_accumulate,0.017227089,0.017227333
4,47,receive_authenticate_accumulate,0.017274532,0.017239037
4,47,receive_authenticate_accumulate,0.017223479,0.017223741
4,47,receive_authenticate_accumulate,0.017225145,0.017225333
4,47,receive_authenticate_accumulate,0.017223683,0.017223870
4,47,receive_authenticate_accumulate,0.017223165,0.017223278
4,47,receive_authenticate_accumulate,0.017250053,0.017228314
4,47,round_coverage,0.000003999,0.000003259
4,48,round_reset,0.000009055,0.000007704
4,48,receive_authenticate_accumulate,0.017228935,0.017229444
4,48,receive_authenticate_accumulate,0.017227897,0.017228056
4,48,receive_authenticate_accumulate,0.017232565,0.017232723
4,48,receive_authenticate_accumulate,0.017229453,0.017229593
4,48,receive_authenticate_accumulate,0.017226880,0.017227000
4,48,receive_authenticate_accumulate,0.017220620,0.017220797
4,48,receive_authenticate_accumulate,0.017271046,0.017232907
4,48,receive_authenticate_accumulate,0.017267731,0.017241852
4,48,receive_authenticate_accumulate,0.017278250,0.017243854
4,48,receive_authenticate_accumulate,0.017218529,0.017218741
4,48,reading_commitment_and_shares,0.026206628,0.026206926
4,48,receive_authenticate_accumulate,0.017221270,0.017221537
4,48,receive_authenticate_accumulate,0.017230195,0.017230315
4,48,receive_authenticate_accumulate,0.017220344,0.017220685
4,48,receive_authenticate_accumulate,0.017219529,0.017219592
4,48,receive_authenticate_accumulate,0.017229159,0.017229185
4,48,receive_authenticate_accumulate,0.017220307,0.017220463
4,48,receive_authenticate_accumulate,0.017229382,0.017229519
4,48,receive_authenticate_accumulate,0.017224252,0.017224630
4,48,receive_authenticate_accumulate,0.017226975,0.017227204
4,48,receive_authenticate_accumulate,0.017221993,0.017221796
4,48,round_coverage,0.000004000,0.000003296
4,49,round_reset,0.000009111,0.000007908
4,49,receive_authenticate_accumulate,0.017306391,0.017274131
4,49,receive_authenticate_accumulate,0.017224892,0.017225148
4,49,receive_authenticate_accumulate,0.017237244,0.017237389
4,49,receive_authenticate_accumulate,0.017236189,0.017236315
4,49,receive_authenticate_accumulate,0.017224763,0.017225018
4,49,receive_authenticate_accumulate,0.017226078,0.017226166
4,49,receive_authenticate_accumulate,0.017229171,0.017229333
4,49,receive_authenticate_accumulate,0.017233634,0.017233944
4,49,receive_authenticate_accumulate,0.017225634,0.017225870
4,49,receive_authenticate_accumulate,0.017230320,0.017230537
4,49,reading_commitment_and_shares,0.026200593,0.026200963
4,49,receive_authenticate_accumulate,0.017223598,0.017223704
4,49,receive_authenticate_accumulate,0.017232820,0.017232963
4,49,receive_authenticate_accumulate,0.017235245,0.017235426
4,49,receive_authenticate_accumulate,0.017260301,0.017261185
4,49,receive_authenticate_accumulate,0.017236598,0.017236685
4,49,receive_authenticate_accumulate,0.017274430,0.017241704
4,49,receive_authenticate_accumulate,0.017233061,0.017233092
4,49,receive_authenticate_accumulate,0.017224210,0.017224166
4,49,receive_authenticate_accumulate,0.017226062,0.017226204
4,49,receive_authenticate_accumulate,0.017230580,0.017230685
4,49,round_coverage,0.000003796,0.000003055
5,50,period_reset,0.000025407,0.000024315
5,50,receive_authenticate_accumulate,0.000094109,0.000093852
5,50,receive_authenticate_accumulate,0.000091684,0.000091574
5,50,receive_authenticate_accumulate,0.000093813,0.000093704
5,50,receive_authenticate_accumulate,0.000090887,0.000090926
5,50,receive_authenticate_accumulate,0.000091572,0.000091593
5,50,receive_authenticate_accumulate,0.000090183,0.000090278
5,50,receive_authenticate_accumulate,0.000089794,0.000089704
5,50,receive_authenticate_accumulate,0.000091035,0.000090833
5,50,receive_authenticate_accumulate,0.000093332,0.000093240
5,50,receive_authenticate_accumulate,0.000090239,0.000090019
5,50,randomness_commit,0.000801835,0.000801389
5,50,receive_authenticate_accumulate,0.000086850,0.000086648
5,50,receive_authenticate_accumulate,0.000085980,0.000086074
5,50,receive_authenticate_accumulate,0.000091294,0.000091092
5,50,receive_authenticate_accumulate,0.000090739,0.000090444
5,50,receive_authenticate_accumulate,0.000090590,0.000090426
5,50,receive_authenticate_accumulate,0.000089887,0.000089630
5,50,receive_authenticate_accumulate,0.000057221,0.000057037
5,50,receive_authenticate_accumulate,0.000056573,0.000056463
5,50,receive_authenticate_accumulate,0.000057999,0.000057815
5,50,receive_authenticate_accumulate,0.000056536,0.000056463
5,50,receive_authenticate_accumulate,0.000068980,0.000068592
5,50,receive_authenticate_accumulate,0.000068035,0.000067908
5,50,receive_authenticate_accumulate,0.000068906,0.000068778
5,50,receive_authenticate_accumulate,0.000070461,0.000070277
5,50,receive_authenticate_accumulate,0.000067720,0.000067371
5,50,receive_authenticate_accumulate,0.000066832,0.000066593
5,50,receive_authenticate_accumulate,0.000069702,0.000069389
5,50,receive_authenticate_accumulate,0.000067831,0.000067685
5,50,receive_authenticate_accumulate,0.000068610,0.000068444
5,50,receive_authenticate_accumulate,0.000095387,0.000095222
5,50,randomness_reveal,0.000441509,0.000441185
5,50,receive_authenticate_accumulate,0.000062054,0.000061982
5,50,receive_authenticate_accumulate,0.000067758,0.000067500
5,50,receive_authenticate_accumulate,0.000068017,0.000067834
5,50,receive_authenticate_accumulate,0.000067924,0.000067611
5,50,receive_authenticate_accumulate,0.000068332,0.000068111
5,50,receive_authenticate_accumulate,0.000066554,0.000066352
5,50,receive_authenticate_accumulate,0.000066832,0.000066592
5,50,receive_authenticate_accumulate,0.000068184,0.000068019
5,50,receive_authenticate_accumulate,0.000068258,0.000068129
5,50,receive_authenticate_accumulate,0.000067183,0.000067130
5,50,committee_selection,0.000123405,0.000123296
5,50,round_reset,0.000005556,0.000004685
5,50,receive_authenticate_accumulate,0.017226997,0.017227130
5,50,receive_authenticate_accumulate,0.000054962,0.000054740
5,50,receive_authenticate_accumulate,0.017226923,0.017227074
5,50,receive_authenticate_accumulate,0.000054277,0.000053796
5,50,receive_authenticate_accumulate,0.017257701,0.017244962
5,50,receive_authenticate_accumulate,0.000054629,0.000054612
5,50,receive_authenticate_accumulate,0.017224350,0.017224556
5,50,receive_authenticate_accumulate,0.000054073,0.000053815
5,50,receive_authenticate_accumulate,0.017229794,0.017230037
5,50,receive_authenticate_accumulate,0.000054850,0.000054612
5,50,receive_authenticate_accumulate,0.017226646,0.017226760
5,50,receive_authenticate_accumulate,0.000054165,0.000054130
5,50,receive_authenticate_accumulate,0.017229462,0.017229259
5,50,receive_authenticate_accumulate,0.000054981,0.000054833
5,50,receive_authenticate_accumulate,0.017231721,0.017232037
5,50,receive_authenticate_accumulate,0.000053887,0.000053851
5,50,receive_authenticate_accumulate,0.017267608,0.017241111
5,50,receive_authenticate_accumulate,0.000055480,0.000055259
5,50,receive_authenticate_accumulate,0.017231258,0.017231389
5,50,receive_authenticate_accumulate,0.000056462,0.000056463
5,50,reading_commitment_and_shares,0.026191334,0.026191834
5,50,receive_authenticate_accumulate,0.017228314,0.017228630
5,50,receive_authenticate_accumulate,0.000054628,0.000054518
5,50,receive_authenticate_accumulate,0.017229258,0.017229407
5,50,receive_authenticate_accumulate,0.000054036,0.000053945
5,50,receive_authenticate_accumulate,0.017229962,0.017230000
5,50,receive_authenticate_accumulate,0.000054740,0.000054481
5,50,receive_authenticate_accumulate,0.017218111,0.017218481
5,50,receive_authenticate_accumulate,0.000053073,0.000052741
5,50,receive_authenticate_accumulate,0.017227740,0.017227944
5,50,receive_authenticate_accumulate,0.000053999,0.000053778
5,50,receive_authenticate_accumulate,0.017221648,0.017221926
5,50,receive_authenticate_accumulate,0.000053999,0.000053944
5,50,receive_authenticate_accumulate,0.017236462,0.017236703
5,50,receive_authenticate_accumulate,0.000058647,0.000058463
5,50,receive_authenticate_accumulate,0.017224389,0.017224444
5,50,receive_authenticate_accumulate,0.000055536,0.000055296
5,50,receive_authenticate_accumulate,0.017226908,0.017227055
5,50,receive_authenticate_accumulate,0.000053350,0.000053111
5,50,receive_authenticate_accumulate,0.017281851,0.017250278
5,50,receive_authenticate_accumulate,0.000053795,0.000053611
5,50,round_coverage,0.000004259,0.000003407
5,50,spatial_report,0.000041128,0.000040796
5,51,round_reset,0.000009667,0.000008351
5,51,receive_authenticate_accumulate,0.017228269,0.017228407
5,51,receive_authenticate_accumulate,0.000054018,0.000053888
5,51,receive_authenticate_accumulate,0.017228694,0.017229019
5,51,receive_authenticate_accumulate,0.000055647,0.000055445
5,51,receive_authenticate_accumulate,0.017232880,0.017233129
5,51,receive_authenticate_accumulate,0.000055851,0.000055592
5,51,receive_authenticate_accumulate,0.017277786,0.017252463
5,51,receive_authenticate_accumulate,0.000056036,0.000055778
5,51,receive_authenticate_accumulate,0.017223732,0.017223981
5,51,receive_authenticate_accumulate,0.000054221,0.000054019
5,51,receive_authenticate_accumulate,0.017235269,0.017235407
5,51,receive_authenticate_accumulate,0.000055722,0.000055574
5,51,receive_authenticate_accumulate,0.017302860,0.017253295
5,51,receive_authenticate_accumulate,0.000055610,0.000055408
5,51,receive_authenticate_accumulate,0.017232029,0.017232167
5,51,receive_authenticate_accumulate,0.000053758,0.000053556
5,51,receive_authenticate_accumulate,0.017232380,0.017232537
5,51,receive_authenticate_accumulate,0.000053406,0.000053222
5,51,receive_authenticate_accumulate,0.017225677,0.017225815
5,51,receive_authenticate_accumulate,0.000054851,0.000054500
5,51,reading_commitment_and_shares,0.026224055,0.026209741
5,51,receive_authenticate_accumulate,0.017227215,0.017227500
5,51,receive_authenticate_accumulate,0.000054443,0.000054296
5,51,receive_authenticate_accumulate,0.017225789,0.017225944
5,51,receive_authenticate_accumulate,0.000056684,0.000056389
5,51,receive_authenticate_accumulate,0.017235400,0.017235259
5,51,receive_authenticate_accumulate,0.000078276,0.000078092
5,51,receive_authenticate_accumulate,0.017220233,0.017220407
5,51,receive_authenticate_accumulate,0.000056350,0.000056037
5,51,receive_authenticate_accumulate,0.017233512,0.017233685
5,51,receive_authenticate_accumulate,0.000053295,0.000053185
5,51,receive_authenticate_accumulate,0.017231437,0.017231574
5,51,receive_authenticate_accumulate,0.000054758,0.000054500
5,51,receive_authenticate_accumulate,0.017232493,0.017232630
5,51,receive_authenticate_accumulate,0.000053759,0.000053593
5,51,receive_authenticate_accumulate,0.017234882,0.017235130
5,51,receive_authenticate_accumulate,0.000053981,0.000053833
5,51,receive_authenticate_accumulate,0.017221326,0.017221445
5,51,receive_authenticate_accumulate,0.000053610,0.000053389
5,51,receive_authenticate_accumulate,0.017257345,0.017257223
5,51,receive_authenticate_accumulate,0.000057573,0.000057297
5,51,round_coverage,0.000003815,0.000003334
5,51,spatial_report,0.000040351,0.000040204
5,52,round_reset,0.000009277,0.000007889
5,52,receive_authenticate_accumulate,0.017224169,0.017224389
5,52,receive_authenticate_accumulate,0.000052925,0.000052815
5,52,receive_authenticate_accumulate,0.017229798,0.017229944
5,52,receive_authenticate_accumulate,0.000053350,0.000053333
5,52,receive_authenticate_accumulate,0.017231650,0.017231667
5,52,receive_authenticate_accumulate,0.000054240,0.000054259
5,52,receive_authenticate_accumulate,0.017222873,0.017222981
5,52,receive_authenticate_accumulate,0.000052499,0.000052537
5,52,receive_authenticate_accumulate,0.017222280,0.017222425
5,52,receive_authenticate_accumulate,0.000052628,0.000052629
5,52,receive_authenticate_accumulate,0.017224743,0.017224889
5,52,receive_authenticate_accumulate,0.000054203,0.000054092
5,52,receive_authenticate_accumulate,0.017222225,0.017222408
5,52,receive_authenticate_accumulate,0.000053333,0.000053278
5,52,receive_authenticate_accumulate,0.017265595,0.017241222
5,52,receive_authenticate_accumulate,0.000052944,0.000052907
5,52,receive_authenticate_accumulate,0.017228521,0.017228629
5,52,receive_authenticate_accumulate,0.000053091,0.000053000
5,52,receive_authenticate_accumulate,0.017227059,0.017227148
5,52,receive_authenticate_accumulate,0.000053684,0.000053593
5,52,reading_commitment_and_shares,0.026203035,0.026203463
5,52,receive_authenticate_accumulate,0.017229300,0.017229518
5,52,receive_authenticate_accumulate,0.000053259,0.000059185
5,52,receive_authenticate_accumulate,0.017224410,0.017224518
5,52,receive_authenticate_accumulate,0.000052203,0.000052130
5,52,receive_authenticate_accumulate,0.017246188,0.017246241
5,52,receive_authenticate_accumulate,0.000054203,0.000054315
5,52,receive_authenticate_accumulate,0.017226522,0.017226870
5,52,receive_authenticate_accumulate,0.000053314,0.000053333
5,52,receive_authenticate_accumulate,0.017224041,0.017224389
5,52,receive_authenticate_accumulate,0.000052777,0.000052815
5,52,receive_authenticate_accumulate,0.017221948,0.017222203
5,52,receive_authenticate_accumulate,0.000052407,0.000052333
5,52,receive_authenticate_accumulate,0.017223967,0.017224278
5,52,receive_authenticate_accumulate,0.000066887,0.000055296
5,52,receive_authenticate_accumulate,0.017224504,0.017224703
5,52,receive_authenticate_accumulate,0.000053499,0.000053426
5,52,receive_authenticate_accumulate,0.017225134,0.017225463
5,52,receive_authenticate_accumulate,0.000054555,0.000054500
5,52,receive_authenticate_accumulate,0.017231597,0.017231666
5,52,receive_authenticate_accumulate,0.000054758,0.000054759
5,52,round_coverage,0.000003537,0.000003019
5,52,spatial_report,0.000040203,0.000040019
5,53,round_reset,0.000008926,0.000007611
5,53,receive_authenticate_accumulate,0.017231604,0.017231759
5,53,receive_authenticate_accumulate,0.000055443,0.000055463
5,53,receive_authenticate_accumulate,0.017227938,0.017227908
5,53,receive_authenticate_accumulate,0.000053240,0.000053222
5,53,receive_authenticate_accumulate,0.017227198,0.017227297
5,53,receive_authenticate_accumulate,0.000054314,0.000054370
5,53,receive_authenticate_accumulate,0.017225920,0.017226037
5,53,receive_authenticate_accumulate,0.000052944,0.000052889
5,53,receive_authenticate_accumulate,0.017233531,0.017233315
5,53,receive_authenticate_accumulate,0.000053610,0.000053482
5,53,receive_authenticate_accumulate,0.017274586,0.017247592
5,53,receive_authenticate_accumulate,0.000054536,0.000054574
5,53,receive_authenticate_accumulate,0.017223328,0.017223481
5,53,receive_authenticate_accumulate,0.000052999,0.000053019
5,53,receive_authenticate_accumulate,0.017226310,0.017226407
5,53,receive_authenticate_accumulate,0.000054221,0.000054018
5,53,receive_authenticate_accumulate,0.017233383,0.017233445
5,53,receive_authenticate_accumulate,0.000053147,0.000052963
5,53,receive_authenticate_accumulate,0.017229106,0.017229278
5,53,receive_authenticate_accumulate,0.000052277,0.000052222
5,53,reading_commitment_and_shares,0.026189347,0.026189703
5,53,receive_authenticate_accumulate,0.017222236,0.017221908
5,53,receive_authenticate_accumulate,0.000055240,0.000055019
5,53,receive_authenticate_accumulate,0.017226902,0.017227092
5,53,receive_authenticate_accumulate,0.000054591,0.000054518
5,53,receive_authenticate_accumulate,0.017250550,0.017239741
5,53,receive_authenticate_accumulate,0.000056925,0.000056685
5,53,receive_authenticate_accumulate,0.017232218,0.017232500
5,53,receive_authenticate_accumulate,0.000054184,0.000054296
5,53,receive_authenticate_accumulate,0.017230144,0.017230574
5,53,receive_authenticate_accumulate,0.000053629,0.000053555
5,53,receive_authenticate_accumulate,0.017220922,0.017221315
5,53,receive_authenticate_accumulate,0.000053018,0.000052981
5,53,receive_authenticate_accumulate,0.017230885,0.017231204
5,53,receive_authenticate_accumulate,0.000053184,0.000053185
5,53,receive_authenticate_accumulate,0.017230811,0.017230778
5,53,receive_authenticate_accumulate,0.000053925,0.000053834
5,53,receive_authenticate_accumulate,0.017224681,0.017224777
5,53,receive_authenticate_accumulate,0.000053573,0.000053574
5,53,receive_authenticate_accumulate,0.017226200,0.017226352
5,53,receive_authenticate_accumulate,0.000053240,0.000053056
5,53,round_coverage,0.000003574,0.000003056
5,53,spatial_report,0.000041407,0.000041166
5,54,round_reset,0.000009204,0.000007926
5,54,receive_authenticate_accumulate,0.017251781,0.017252000
5,54,receive_authenticate_accumulate,0.000056925,0.000056778
5,54,receive_authenticate_accumulate,0.017233726,0.017233889
5,54,receive_authenticate_accumulate,0.000054980,0.000054797
5,54,receive_authenticate_accumulate,0.017229152,0.017229481
5,54,receive_authenticate_accumulate,0.000052888,0.000052796
5,54,receive_authenticate_accumulate,0.017231207,0.017231500
5,54,receive_authenticate_accumulate,0.000053777,0.000053740
5,54,receive_authenticate_accumulate,0.017225190,0.017225463
5,54,receive_authenticate_accumulate,0.000052536,0.000052519
5,54,receive_authenticate_accumulate,0.017218874,0.017219092
5,54,receive_authenticate_accumulate,0.000052943,0.000052907
5,54,receive_authenticate_accumulate,0.017223264,0.017223481
5,54,receive_authenticate_accumulate,0.000053018,0.000052981
5,54,receive_authenticate_accumulate,0.017270689,0.017245981
5,54,receive_authenticate_accumulate,0.000053888,0.000053685
5,54,receive_authenticate_accumulate,0.017232782,0.017232889
5,54,receive_authenticate_accumulate,0.000053295,0.000053130
5,54,receive_authenticate_accumulate,0.017223709,0.017223796
5,54,receive_authenticate_accumulate,0.000053850,0.000053592
5,54,reading_commitment_and_shares,0.026184714,0.026185296
5,54,receive_authenticate_accumulate,0.017223246,0.017223352
5,54,receive_authenticate_accumulate,0.000053499,0.000053593
5,54,receive_authenticate_accumulate,0.017227690,0.017227741
5,54,receive_authenticate_accumulate,0.000053740,0.000053778
5,54,receive_authenticate_accumulate,0.017234968,0.017234741
5,54,receive_authenticate_accumulate,0.000055351,0.000055314
5,54,receive_authenticate_accumulate,0.017239487,0.017239796
5,54,receive_authenticate_accumulate,0.000053036,0.000053074
5,54,receive_authenticate_accumulate,0.017233524,0.017233704
5,54,receive_authenticate_accumulate,0.000055110,0.000054944
5,54,receive_authenticate_accumulate,0.017229987,0.017230204
5,54,receive_authenticate_accumulate,0.000051758,0.000051611
5,54,receive_authenticate_accumulate,0.017223135,0.017223371
5,54,receive_authenticate_accumulate,0.000052222,0.000052018
5,54,receive_authenticate_accumulate,0.017252672,0.017243963
5,54,receive_authenticate_accumulate,0.000054073,0.000054037
5,54,receive_authenticate_accumulate,0.017235061,0.017235223
5,54,receive_authenticate_accumulate,0.000053092,0.000052834
5,54,receive_authenticate_accumulate,0.017227969,0.017228259
5,54,receive_authenticate_accumulate,0.000054296,0.000054130
5,54,round_coverage,0.000003703,0.000003074
5,54,spatial_report,0.000038777,0.000038611
5,55,round_reset,0.000008351,0.000007185
5,55,receive_authenticate_accumulate,0.017225142,0.017225481
5,55,receive_authenticate_accumulate,0.000051832,0.000051667
5,55,receive_authenticate_accumulate,0.017235883,0.017236055
5,55,receive_authenticate_accumulate,0.000053832,0.000053760
5,55,receive_authenticate_accumulate,0.017230068,0.017230111
5,55,receive_authenticate_accumulate,0.000054258,0.000054019
5,55,receive_authenticate_accumulate,0.017228717,0.017228778
5,55,receive_authenticate_accumulate,0.000057777,0.000057686
5,55,receive_authenticate_accumulate,0.017236255,0.017236537
5,55,receive_authenticate_accumulate,0.000054166,0.000054074
5,55,receive_authenticate_accumulate,0.017233403,0.017233740
5,55,receive_authenticate_accumulate,0.000051462,0.000051389
5,55,receive_authenticate_accumulate,0.017233754,0.017233871
5,55,receive_authenticate_accumulate,0.000053370,0.000053315
5,55,receive_authenticate_accumulate,0.017232143,0.017232296
5,55,receive_authenticate_accumulate,0.000054647,0.000054593
5,55,receive_authenticate_accumulate,0.017235662,0.017235592
5,55,receive_authenticate_accumulate,0.000053481,0.000053481
5,55,receive_authenticate_accumulate,0.017224421,0.017224592
5,55,receive_authenticate_accumulate,0.000053295,0.000053352
5,55,reading_commitment_and_shares,0.026202191,0.026202537
5,55,receive_authenticate_accumulate,0.017227847,0.017228037
5,55,receive_authenticate_accumulate,0.000052536,0.000052555
5,55,receive_authenticate_accumulate,0.017237070,0.017237167
5,55,receive_authenticate_accumulate,0.000052425,0.000052407
5,55,receive_authenticate_accumulate,0.017265977,0.017265574
5,55,receive_authenticate_accumulate,0.000055221,0.000055037
5,55,receive_authenticate_accumulate,0.017253254,0.017228370
5,55,receive_authenticate_accumulate,0.000055333,0.000054926
5,55,receive_authenticate_accumulate,0.017263348,0.017235037
5,55,receive_authenticate_accumulate,0.000058258,0.000058111
5,55,receive_authenticate_accumulate,0.017223311,0.017223389
5,55,receive_authenticate_accumulate,0.000057073,0.000056926
5,55,receive_authenticate_accumulate,0.017226163,0.017226185
5,55,receive_authenticate_accumulate,0.000055722,0.000055500
5,55,receive_authenticate_accumulate,0.017237737,0.017237926
5,55,receive_authenticate_accumulate,0.000058536,0.000058426
5,55,receive_authenticate_accumulate,0.017236052,0.017236185
5,55,receive_authenticate_accumulate,0.000056962,0.000056797
5,55,receive_authenticate_accumulate,0.017214979,0.017215204
5,55,receive_authenticate_accumulate,0.000056555,0.000056408
5,55,round_coverage,0.000003463,0.000002889
5,55,spatial_report,0.000041370,0.000041092
5,56,round_reset,0.000008778,0.000007407
5,56,receive_authenticate_accumulate,0.017224393,0.017224537
5,56,receive_authenticate_accumulate,0.000058128,0.000057944
5,56,receive_authenticate_accumulate,0.017225504,0.017225741
5,56,receive_authenticate_accumulate,0.000057777,0.000057723
5,56,receive_authenticate_accumulate,0.017221096,0.017221407
5,56,receive_authenticate_accumulate,0.000056258,0.000056092
5,56,receive_authenticate_accumulate,0.017226781,0.017226926
5,56,receive_authenticate_accumulate,0.000055833,0.000055814
5,56,receive_authenticate_accumulate,0.017224097,0.017224148
5,56,receive_authenticate_accumulate,0.000056573,0.000056352
5,56,receive_authenticate_accumulate,0.017217911,0.017218018
5,56,receive_authenticate_accumulate,0.000056666,0.000056444
5,56,receive_authenticate_accumulate,0.017221856,0.017221982
5,56,receive_authenticate_accumulate,0.000060295,0.000060111
5,56,receive_authenticate_accumulate,0.017244893,0.017244982
5,56,receive_authenticate_accumulate,0.000059907,0.000059741
5,56,receive_authenticate_accumulate,0.017226245,0.017226296
5,56,receive_authenticate_accumulate,0.000058370,0.000058148
5,56,receive_authenticate_accumulate,0.017222115,0.017222185
5,56,receive_authenticate_accumulate,0.000057592,0.000057371
5,56,reading_commitment_and_shares,0.026234629,0.026235000
5,56,receive_authenticate_accumulate,0.017217745,0.017217833
5,56,receive_authenticate_accumulate,0.000057499,0.000057278
5,56,receive_authenticate_accumulate,0.017227819,0.017228000
5,56,receive_authenticate_accumulate,0.000056777,0.000056260
5,56,receive_authenticate_accumulate,0.017225357,0.017225463
5,56,receive_authenticate_accumulate,0.000057017,0.000056889
5,56,receive_authenticate_accumulate,0.017228153,0.017228018
5,56,receive_authenticate_accumulate,0.000054370,0.000054167
5,56,receive_authenticate_accumulate,0.017226560,0.017226685
5,56,receive_authenticate_accumulate,0.000055332,0.000055185
5,56,receive_authenticate_accumulate,0.017218653,0.017218704
5,56,receive_authenticate_accumulate,0.000054092,0.000053907
5,56,receive_authenticate_accumulate,0.017226431,0.017226593
5,56,receive_authenticate_accumulate,0.000055610,0.000055407
5,56,receive_authenticate_accumulate,0.017248542,0.017232445
5,56,receive_authenticate_accumulate,0.000054721,0.000054611
5,56,receive_authenticate_accumulate,0.017219709,0.017219851
5,56,receive_authenticate_accumulate,0.000055184,0.000054908
5,56,receive_authenticate_accumulate,0.017229043,0.017229148
5,56,receive_authenticate_accumulate,0.000054777,0.000054593
5,56,round_coverage,0.000003536,0.000003074
5,56,spatial_report,0.000040629,0.000040371
5,57,round_reset,0.000009463,0.000008185
5,57,receive_authenticate_accumulate,0.017274473,0.017249889
5,57,receive_authenticate_accumulate,0.000054776,0.000054574
5,57,receive_authenticate_accumulate,0.017224271,0.017224260
5,57,receive_authenticate_accumulate,0.000054833,0.000054092
5,57,receive_authenticate_accumulate,0.017245919,0.017245963
5,57,receive_authenticate_accumulate,0.000054814,0.000054667
5,57,receive_authenticate_accumulate,0.017220549,0.017220704
5,57,receive_authenticate_accumulate,0.000055240,0.000055093
5,57,receive_authenticate_accumulate,0.017257363,0.017243944
5,57,receive_authenticate_accumulate,0.000054092,0.000053777
5,57,receive_authenticate_accumulate,0.017222179,0.017222259
5,57,receive_authenticate_accumulate,0.000055314,0.000055074
5,57,receive_authenticate_accumulate,0.017227124,0.017227297
5,57,receive_authenticate_accumulate,0.000055943,0.000055741
5,57,receive_authenticate_accumulate,0.017220142,0.017220167
5,57,receive_authenticate_accumulate,0.000055055,0.000054833
5,57,receive_authenticate_accumulate,0.017225234,0.017225388
5,57,receive_authenticate_accumulate,0.000055388,0.000055167
5,57,receive_authenticate_accumulate,0.017226031,0.017226111
5,57,receive_authenticate_accumulate,0.000055184,0.000055037
5,57,reading_commitment_and_shares,0.026207050,0.026207611
5,57,receive_authenticate_accumulate,0.017224938,0.017224926
5,57,receive_authenticate_accumulate,0.000055647,0.000055352
5,57,receive_authenticate_accumulate,0.017233624,0.017233740
5,57,receive_authenticate_accumulate,0.000054592,0.000054481
5,57,receive_authenticate_accumulate,0.017262568,0.017237499
5,57,receive_authenticate_accumulate,0.000087017,0.000086814
5,57,receive_authenticate_accumulate,0.017224347,0.017224426
5,57,receive_authenticate_accumulate,0.000055092,0.000054834
5,57,receive_authenticate_accumulate,0.017228439,0.017228463
5,57,receive_authenticate_accumulate,0.000055480,0.000055314
5,57,receive_authenticate_accumulate,0.017225069,0.017225093
5,57,receive_authenticate_accumulate,0.000054148,0.000053926
5,57,receive_authenticate_accumulate,0.017221087,0.017221074
5,57,receive_authenticate_accumulate,0.000054925,0.000054834
5,57,receive_authenticate_accumulate,0.017218032,0.017218185
5,57,receive_authenticate_accumulate,0.000055591,0.000055370
5,57,receive_authenticate_accumulate,0.017259791,0.017239018
5,57,receive_authenticate_accumulate,0.000054074,0.000054074
5,57,receive_authenticate_accumulate,0.017221884,0.017222018
5,57,receive_authenticate_accumulate,0.000053573,0.000053314
5,57,round_coverage,0.000003611,0.000003037
5,57,spatial_report,0.000041925,0.000041722
5,58,round_reset,0.000009130,0.000007796
5,58,receive_authenticate_accumulate,0.017223113,0.017223222
5,58,receive_authenticate_accumulate,0.000054111,0.000053908
5,58,receive_authenticate_accumulate,0.017232982,0.017232981
5,58,receive_authenticate_accumulate,0.000053999,0.000053759
5,58,receive_authenticate_accumulate,0.017222038,0.017221963
5,58,receive_authenticate_accumulate,0.000054851,0.000054685
5,58,receive_authenticate_accumulate,0.017229594,0.017229611
5,58,receive_authenticate_accumulate,0.000055184,0.000055037
5,58,receive_authenticate_accumulate,0.017241390,0.017230611
5,58,receive_authenticate_accumulate,0.000053740,0.000053685
5,58,receive_authenticate_accumulate,0.017224409,0.017224463
5,58,receive_authenticate_accumulate,0.000054999,0.000054907
5,58,receive_authenticate_accumulate,0.017263019,0.017234963
5,58,receive_authenticate_accumulate,0.000055147,0.000055000
5,58,receive_authenticate_accumulate,0.017221965,0.017222037
5,58,receive_authenticate_accumulate,0.000053610,0.000053482
5,58,receive_authenticate_accumulate,0.017220724,0.017220741
5,58,receive_authenticate_accumulate,0.000055536,0.000055333
5,58,receive_authenticate_accumulate,0.017220206,0.017220296
5,58,receive_authenticate_accumulate,0.000055147,0.000054908
5,58,reading_commitment_and_shares,0.026217895,0.026218204
5,58,receive_authenticate_accumulate,0.017226447,0.017226389
5,58,receive_authenticate_accumulate,0.000053814,0.000053630
5,58,receive_authenticate_accumulate,0.017231799,0.017231834
5,58,receive_authenticate_accumulate,0.000053740,0.000053611
5,58,receive_authenticate_accumulate,0.025870289,0.025870241
5,58,receive_authenticate_accumulate,0.000055018,0.000054926
5,58,receive_authenticate_accumulate,0.017229262,0.017229500
5,58,receive_authenticate_accumulate,0.000054740,0.000054574
5,58,receive_authenticate_accumulate,0.017222391,0.017222481
5,58,receive_authenticate_accumulate,0.000053370,0.000053111
5,58,receive_authenticate_accumulate,0.017223835,0.017223852
5,58,receive_authenticate_accumulate,0.000055351,0.000055037
5,58,receive_authenticate_accumulate,0.017222058,0.017222037
5,58,receive_authenticate_accumulate,0.000054277,0.000054352
5,58,receive_authenticate_accumulate,0.017223169,0.017223241
5,58,receive_authenticate_accumulate,0.000054888,0.000054555
5,58,receive_authenticate_accumulate,0.017227206,0.017227333
5,58,receive_authenticate_accumulate,0.000053073,0.000052852
5,58,receive_authenticate_accumulate,0.017227466,0.017216574
5,58,receive_authenticate_accumulate,0.000053518,0.000053334
5,58,round_coverage,0.000004074,0.000003500
5,58,spatial_report,0.000039425,0.000039222
5,59,round_reset,0.000010111,0.000008852
5,59,receive_authenticate_accumulate,0.017218971,0.017219203
5,59,receive_authenticate_accumulate,0.000053370,0.000053352
5,59,receive_authenticate_accumulate,0.017221138,0.017221352
5,59,receive_authenticate_accumulate,0.000055074,0.000054907
5,59,receive_authenticate_accumulate,0.017229508,0.017229611
5,59,receive_authenticate_accumulate,0.000054629,0.000054296
5,59,receive_authenticate_accumulate,0.017226805,0.017226834
5,59,receive_authenticate_accumulate,0.000054702,0.000054629
5,59,receive_authenticate_accumulate,0.017216176,0.017216148
5,59,receive_authenticate_accumulate,0.000055554,0.000055333
5,59,receive_authenticate_accumulate,0.017225638,0.017225703
5,59,receive_authenticate_accumulate,0.000053259,0.000053000
5,59,receive_authenticate_accumulate,0.017232972,0.017233037
5,59,receive_authenticate_accumulate,0.000054629,0.000054426
5,59,receive_authenticate_accumulate,0.017225138,0.017225352
5,59,receive_authenticate_accumulate,0.000053333,0.000053092
5,59,receive_authenticate_accumulate,0.017271657,0.017243796
5,59,receive_authenticate_accumulate,0.000053333,0.000053055
5,59,receive_authenticate_accumulate,0.017228232,0.017228296
5,59,receive_authenticate_accumulate,0.000052722,0.000052574
5,59,reading_commitment_and_shares,0.026194943,0.026195296
5,59,receive_authenticate_accumulate,0.017230602,0.017230797
5,59,receive_authenticate_accumulate,0.000066722,0.000066648
5,59,receive_authenticate_accumulate,0.017215843,0.017216037
5,59,receive_authenticate_accumulate,0.000053036,0.000052760
5,59,receive_authenticate_accumulate,0.017243879,0.017243537
5,59,receive_authenticate_accumulate,0.000050888,0.000050334
5,59,receive_authenticate_accumulate,0.017226935,0.017227037
5,59,receive_authenticate_accumulate,0.000052462,0.000052297
5,59,receive_authenticate_accumulate,0.017215455,0.017215500
5,59,receive_authenticate_accumulate,0.000059240,0.000059092
5,59,receive_authenticate_accumulate,0.017235120,0.017236926
5,59,receive_authenticate_accumulate,0.000055591,0.000055296
5,59,receive_authenticate_accumulate,0.017226158,0.017226203
5,59,receive_authenticate_accumulate,0.000055055,0.000054907
5,59,receive_authenticate_accumulate,0.017227214,0.017227222
5,59,receive_authenticate_accumulate,0.000055499,0.000055334
5,59,receive_authenticate_accumulate,0.017227084,0.017227297
5,59,receive_authenticate_accumulate,0.000054888,0.000054723
5,59,receive_authenticate_accumulate,0.017225418,0.017225592
5,59,receive_authenticate_accumulate,0.000054536,0.000054297
5,59,round_coverage,0.000003592,0.000003074
5,59,spatial_report,0.000041703,0.000041352
5,59,billing_report,0.000421290,0.000421019
6,60,period_reset,0.000025055,0.000023851
6,60,receive_authenticate_accumulate,0.000097480,0.000097314
6,60,receive_authenticate_accumulate,0.000093480,0.000093334
6,60,receive_authenticate_accumulate,0.000091332,0.000091019
6,60,receive_authenticate_accumulate,0.000091739,0.000091537
6,60,receive_authenticate_accumulate,0.000092332,0.000092204
6,60,receive_authenticate_accumulate,0.000093425,0.000093296
6,60,receive_authenticate_accumulate,0.000091184,0.000090815
6,60,receive_authenticate_accumulate,0.000091980,0.000092092
6,60,receive_authenticate_accumulate,0.000069555,0.000069574
6,60,receive_authenticate_accumulate,0.000069054,0.000068926
6,60,randomness_commit,0.000608731,0.000608408
6,60,receive_authenticate_accumulate,0.000065628,0.000065685
6,60,receive_authenticate_accumulate,0.000067907,0.000067667
6,60,receive_authenticate_accumulate,0.000068203,0.000067945
6,60,receive_authenticate_accumulate,0.000067925,0.000067574
6,60,receive_authenticate_accumulate,0.000069258,0.000069148
6,60,receive_authenticate_accumulate,0.000071758,0.000071593
6,60,receive_authenticate_accumulate,0.000069647,0.000069518
6,60,receive_authenticate_accumulate,0.000069239,0.000069093
6,60,receive_authenticate_accumulate,0.000068962,0.000068963
6,60,receive_authenticate_accumulate,0.000067222,0.000067167
6,60,receive_authenticate_accumulate,0.000083998,0.000083722
6,60,receive_authenticate_accumulate,0.000084147,0.000083963
6,60,receive_authenticate_accumulate,0.000084388,0.000084019
6,60,receive_authenticate_accumulate,0.000084295,0.000084019
6,60,receive_authenticate_accumulate,0.000084055,0.000083871
6,60,receive_authenticate_accumulate,0.000082276,0.000082129
6,60,receive_authenticate_accumulate,0.000084591,0.000084389
6,60,receive_authenticate_accumulate,0.000083998,0.000083833
6,60,receive_authenticate_accumulate,0.000085129,0.000084852
6,60,receive_authenticate_accumulate,0.000083221,0.000083204
6,60,randomness_reveal,0.000388549,0.000388000
6,60,receive_authenticate_accumulate,0.000065999,0.000065889
6,60,receive_authenticate_accumulate,0.000067962,0.000067926
6,60,receive_authenticate_accumulate,0.000089851,0.000089574
6,60,receive_authenticate_accumulate,0.000068240,0.000068223
6,60,receive_authenticate_accumulate,0.000067443,0.000067389
6,60,receive_authenticate_accumulate,0.000067333,0.000067389
6,60,receive_authenticate_accumulate,0.000067721,0.000067389
6,60,receive_authenticate_accumulate,0.000068665,0.000068130
6,60,receive_authenticate_accumulate,0.000067962,0.000067760
6,60,receive_authenticate_accumulate,0.000066907,0.000066926
6,60,committee_selection,0.000125313,0.000125019
6,60,round_reset,0.000005648,0.000004814
6,60,receive_authenticate_accumulate,0.017233422,0.017233537
6,60,receive_authenticate_accumulate,0.000056184,0.000056037
6,60,receive_authenticate_accumulate,0.017233664,0.017233667
6,60,receive_authenticate_accumulate,0.000056684,0.000056240
6,60,receive_authenticate_accumulate,0.017222311,0.017222500
6,60,receive_authenticate_accumulate,0.000055574,0.000055612
6,60,receive_authenticate_accumulate,0.017226201,0.017226500
6,60,receive_authenticate_accumulate,0.000055814,0.000055649
6,60,receive_authenticate_accumulate,0.017229331,0.017229444
6,60,receive_authenticate_accumulate,0.000055702,0.000055426
6,60,receive_authenticate_accumulate,0.017228553,0.017228537
6,60,receive_authenticate_accumulate,0.000056165,0.000056037
6,60,receive_authenticate_accumulate,0.017262607,0.017240721
6,60,receive_authenticate_accumulate,0.000057333,0.000057241
6,60,receive_authenticate_accumulate,0.017228794,0.017228871
6,60,receive_authenticate_accumulate,0.000056425,0.000056222
6,60,receive_authenticate_accumulate,0.017226442,0.017226537
6,60,receive_authenticate_accumulate,0.000056055,0.000055833
6,60,receive_authenticate_accumulate,0.017231571,0.017231445
6,60,receive_authenticate_accumulate,0.000071424,0.000071240
6,60,reading_commitment_and_shares,0.026178695,0.026178981
6,60,receive_authenticate_accumulate,0.017224831,0.017224963
6,60,receive_authenticate_accumulate,0.000054944,0.000054759
6,60,receive_authenticate_accumulate,0.017212831,0.017213075
6,60,receive_authenticate_accumulate,0.000055166,0.000055093
6,60,receive_authenticate_accumulate,0.017231868,0.017231981
6,60,receive_authenticate_accumulate,0.000058240,0.000058000
6,60,receive_authenticate_accumulate,0.017236406,0.017236537
6,60,receive_authenticate_accumulate,0.000075073,0.000074907
6,60,receive_authenticate_accumulate,0.017225590,0.017225630
6,60,receive_authenticate_accumulate,0.000056703,0.000056500
6,60,receive_authenticate_accumulate,0.017232387,0.017232482
6,60,receive_authenticate_accumulate,0.000056629,0.000056389
6,60,receive_authenticate_accumulate,0.017235016,0.017235185
6,60,receive_authenticate_accumulate,0.000055074,0.000054982
6,60,receive_authenticate_accumulate,0.017309515,0.017282167
6,60,receive_authenticate_accumulate,0.000058110,0.000057889
6,60,receive_authenticate_accumulate,0.017235239,0.017235574
6,60,receive_authenticate_accumulate,0.000057351,0.000057223
6,60,receive_authenticate_accumulate,0.017236869,0.017236982
6,60,receive_authenticate_accumulate,0.000057536,0.000057352
6,60,round_coverage,0.000003093,0.000002685
6,60,spatial_report,0.000039926,0.000039722
6,61,round_reset,0.000011982,0.000010630
6,61,receive_authenticate_accumulate,0.017238429,0.017238463
6,61,receive_authenticate_accumulate,0.000055722,0.000055592
6,61,receive_authenticate_accumulate,0.017220466,0.017220833
6,61,receive_authenticate_accumulate,0.000055907,0.000055686
6,61,receive_authenticate_accumulate,0.017230893,0.017231277
6,61,receive_authenticate_accumulate,0.000055296,0.000055130
6,61,receive_authenticate_accumulate,0.017220781,0.017221148
6,61,receive_authenticate_accumulate,0.000053999,0.000053704
6,61,receive_authenticate_accumulate,0.017216300,0.017216666
6,61,receive_authenticate_accumulate,0.000055851,0.000055833
6,61,receive_authenticate_accumulate,0.017200615,0.017200907
6,61,receive_authenticate_accumulate,0.000054833,0.000054649
6,61,receive_authenticate_accumulate,0.017215560,0.017215648
6,61,receive_authenticate_accumulate,0.000054018,0.000053852
6,61,receive_authenticate_accumulate,0.017203263,0.017203204
6,61,receive_authenticate_accumulate,0.000055722,0.000055444
6,61,receive_authenticate_accumulate,0.017196338,0.017196611
6,61,receive_authenticate_accumulate,0.000055721,0.000055555
6,61,receive_authenticate_accumulate,0.017213430,0.017213760
6,61,receive_authenticate_accumulate,0.000053685,0.000053519
6,61,reading_commitment_and_shares,0.026223501,0.026208573
6,61,receive_authenticate_accumulate,0.017207745,0.017208093
6,61,receive_authenticate_accumulate,0.000055555,0.000055389
6,61,receive_authenticate_accumulate,0.017224171,0.017224630
6,61,receive_authenticate_accumulate,0.000054777,0.000054630
6,61,receive_authenticate_accumulate,0.017249616,0.017249537
6,61,receive_authenticate_accumulate,0.000058073,0.000057945
6,61,receive_authenticate_accumulate,0.017226578,0.017226592
6,61,receive_authenticate_accumulate,0.000054573,0.000054556
6,61,receive_authenticate_accumulate,0.017201135,0.017201425
6,61,receive_authenticate_accumulate,0.000055055,0.000054871
6,61,receive_authenticate_accumulate,0.017217801,0.017217777
6,61,receive_authenticate_accumulate,0.000056462,0.000056444
6,61,receive_authenticate_accumulate,0.017200098,0.017200445
6,61,receive_authenticate_accumulate,0.000056407,0.000056278
6,61,receive_authenticate_accumulate,0.017216541,0.017216778
6,61,receive_authenticate_accumulate,0.000054869,0.000054445
6,61,receive_authenticate_accumulate,0.017201691,0.017201963
6,61,receive_authenticate_accumulate,0.000055240,0.000055055
6,61,receive_authenticate_accumulate,0.017213727,0.017213981
6,61,receive_authenticate_accumulate,0.000054351,0.000054222
6,61,round_coverage,0.000002760,0.000002389
6,61,spatial_report,0.000040536,0.000040370
6,62,round_reset,0.000012888,0.000011630
6,62,receive_authenticate_accumulate,0.017235787,0.017235926
6,62,receive_authenticate_accumulate,0.000055592,0.000055538
6,62,receive_authenticate_accumulate,0.017210936,0.017211333
6,62,receive_authenticate_accumulate,0.000055351,0.000055093
6,62,receive_authenticate_accumulate,0.017218824,0.017219240
6,62,receive_authenticate_accumulate,0.000057166,0.000057037
6,62,receive_authenticate_accumulate,0.017223565,0.017224018
6,62,receive_authenticate_accumulate,0.000054536,0.000054371
6,62,receive_authenticate_accumulate,0.017220862,0.017221277
6,62,receive_authenticate_accumulate,0.000056554,0.000056444
6,62,receive_authenticate_accumulate,0.017215122,0.017215500
6,62,receive_authenticate_accumulate,0.000055759,0.000055556
6,62,receive_authenticate_accumulate,0.017218362,0.017218574
6,62,receive_authenticate_accumulate,0.000054944,0.000054908
6,62,receive_authenticate_accumulate,0.017217529,0.017217741
6,62,receive_authenticate_accumulate,0.000055814,0.000055425
6,62,receive_authenticate_accumulate,0.017219085,0.017219314
6,62,receive_authenticate_accumulate,0.000054592,0.000054463
6,62,receive_authenticate_accumulate,0.017206844,0.017207149
6,62,receive_authenticate_accumulate,0.000056981,0.000056814
6,62,reading_commitment_and_shares,0.026189047,0.026189445
6,62,receive_authenticate_accumulate,0.017200751,0.017200981
6,62,receive_authenticate_accumulate,0.000055332,0.000055148
6,62,receive_authenticate_accumulate,0.017214529,0.017214871
6,62,receive_authenticate_accumulate,0.000054758,0.000054519
6,62,receive_authenticate_accumulate,0.017231344,0.017231425
6,62,receive_authenticate_accumulate,0.000055314,0.000055092
6,62,receive_authenticate_accumulate,0.017228066,0.017228074
6,62,receive_authenticate_accumulate,0.000055722,0.000055611
6,62,receive_authenticate_accumulate,0.017219547,0.017219870
6,62,receive_authenticate_accumulate,0.000055870,0.000055722
6,62,receive_authenticate_accumulate,0.017209548,0.017209871
6,62,receive_authenticate_accumulate,0.000054666,0.000054537
6,62,receive_authenticate_accumulate,0.017216603,0.017216870
6,62,receive_authenticate_accumulate,0.000054740,0.000054537
6,62,receive_authenticate_accumulate,0.017216104,0.017216426
6,62,receive_authenticate_accumulate,0.000054925,0.000054778
6,62,receive_authenticate_accumulate,0.017222863,0.017223185
6,62,receive_authenticate_accumulate,0.000055610,0.000055574
6,62,receive_authenticate_accumulate,0.017207918,0.017208241
6,62,receive_authenticate_accumulate,0.000055351,0.000055148
6,62,round_coverage,0.000002611,0.000002371
6,62,spatial_report,0.000039148,0.000038981
6,63,round_reset,0.000009000,0.000007685
6,63,receive_authenticate_accumulate,0.017233238,0.017233371
6,63,receive_authenticate_accumulate,0.000056629,0.000056389
6,63,receive_authenticate_accumulate,0.017239145,0.017239389
6,63,receive_authenticate_accumulate,0.000056944,0.000056667
6,63,receive_authenticate_accumulate,0.017223071,0.017223204
6,63,receive_authenticate_accumulate,0.000055425,0.000055241
6,63,receive_authenticate_accumulate,0.017221812,0.017221945
6,63,receive_authenticate_accumulate,0.000054666,0.000054519
6,63,receive_authenticate_accumulate,0.017248812,0.017249037
6,63,receive_authenticate_accumulate,0.000056573,0.000056389
6,63,receive_authenticate_accumulate,0.017225645,0.017225907
6,63,receive_authenticate_accumulate,0.000056981,0.000056945
6,63,receive_authenticate_accumulate,0.017255923,0.017238351
6,63,receive_authenticate_accumulate,0.000054981,0.000054722
6,63,receive_authenticate_accumulate,0.017221349,0.017221389
6,63,receive_authenticate_accumulate,0.000055036,0.000054945
6,63,receive_authenticate_accumulate,0.017233367,0.017233481
6,63,receive_authenticate_accumulate,0.000055111,0.000054963
6,63,receive_authenticate_accumulate,0.017221738,0.017221889
6,63,receive_authenticate_accumulate,0.000056074,0.000055944
6,63,reading_commitment_and_shares,0.026178705,0.026179111
6,63,receive_authenticate_accumulate,0.017223738,0.017224167
6,63,receive_authenticate_accumulate,0.000054629,0.000054519
6,63,receive_authenticate_accumulate,0.017223572,0.017223722
6,63,receive_authenticate_accumulate,0.000056148,0.000055926
6,63,receive_authenticate_accumulate,0.017235886,0.017235834
6,63,receive_authenticate_accumulate,0.000055629,0.000055500
6,63,receive_authenticate_accumulate,0.017222054,0.017222092
6,63,receive_authenticate_accumulate,0.000057333,0.000057148
6,63,receive_authenticate_accumulate,0.017230553,0.017230425
6,63,receive_authenticate_accumulate,0.000056740,0.000056482
6,63,receive_authenticate_accumulate,0.017270812,0.017243037
6,63,receive_authenticate_accumulate,0.000056962,0.000056815
6,63,receive_authenticate_accumulate,0.017220702,0.017221037
6,63,receive_authenticate_accumulate,0.000056573,0.000056333
6,63,receive_authenticate_accumulate,0.017217054,0.017217166
6,63,receive_authenticate_accumulate,0.000055740,0.000055666
6,63,receive_authenticate_accumulate,0.017227053,0.017227148
6,63,receive_authenticate_accumulate,0.000055684,0.000055555
6,63,receive_authenticate_accumulate,0.017224998,0.017225222
6,63,receive_authenticate_accumulate,0.000055629,0.000055444
6,63,round_coverage,0.000002889,0.000002500
6,63,spatial_report,0.000039537,0.000039130
6,64,round_reset,0.000009463,0.000008093
6,64,receive_authenticate_accumulate,0.017254372,0.017254408
6,64,receive_authenticate_accumulate,0.000054406,0.000054352
6,64,receive_authenticate_accumulate,0.017223947,0.017224074
6,64,receive_authenticate_accumulate,0.000053536,0.000053278
6,64,receive_authenticate_accumulate,0.017272668,0.017247537
6,64,receive_authenticate_accumulate,0.000051963,0.000051851
6,64,receive_authenticate_accumulate,0.017244595,0.017245945
6,64,receive_authenticate_accumulate,0.000056221,0.000056148
6,64,receive_authenticate_accumulate,0.017234281,0.017234315
6,64,receive_authenticate_accumulate,0.000056962,0.000056723
6,64,receive_authenticate_accumulate,0.017224984,0.017225074
6,64,receive_authenticate_accumulate,0.000055851,0.000055722
6,64,receive_authenticate_accumulate,0.017228891,0.017229055
6,64,receive_authenticate_accumulate,0.000054296,0.000054222
6,64,receive_authenticate_accumulate,0.017219151,0.017219314
6,64,receive_authenticate_accumulate,0.000055092,0.000055037
6,64,receive_authenticate_accumulate,0.017223188,0.017223519
6,64,receive_authenticate_accumulate,0.000055999,0.000056055
6,64,receive_authenticate_accumulate,0.017228596,0.017228870
6,64,receive_authenticate_accumulate,0.000076777,0.000076741
6,64,reading_commitment_and_shares,0.026178453,0.026178833
6,64,receive_authenticate_accumulate,0.017220874,0.017221000
6,64,receive_authenticate_accumulate,0.000057092,0.000056944
6,64,receive_authenticate_accumulate,0.017219688,0.017219796
6,64,receive_authenticate_accumulate,0.000056814,0.000056630
6,64,receive_authenticate_accumulate,0.017274410,0.017247611
6,64,receive_authenticate_accumulate,0.000059832,0.000059722
6,64,receive_authenticate_accumulate,0.017227059,0.017227111
6,64,receive_authenticate_accumulate,0.000055629,0.000055500
6,64,receive_authenticate_accumulate,0.017232355,0.017232500
6,64,receive_authenticate_accumulate,0.000057499,0.000057148
6,64,receive_authenticate_accumulate,0.017258485,0.017235759
6,64,receive_authenticate_accumulate,0.000057629,0.000057611
6,64,receive_authenticate_accumulate,0.017228670,0.017228778
6,64,receive_authenticate_accumulate,0.000056258,0.000056019
6,64,receive_authenticate_accumulate,0.017230670,0.017230833
6,64,receive_authenticate_accumulate,0.000056777,0.000056574
6,64,receive_authenticate_accumulate,0.017234559,0.017234666
6,64,receive_authenticate_accumulate,0.000058907,0.000058685
6,64,receive_authenticate_accumulate,0.017227985,0.017227963
6,64,receive_authenticate_accumulate,0.000076906,0.000076704
6,64,round_coverage,0.000003833,0.000003408
6,64,spatial_report,0.000039666,0.000039351
6,65,round_reset,0.000008962,0.000007870
6,65,receive_authenticate_accumulate,0.017235229,0.017235315
6,65,receive_authenticate_accumulate,0.000055092,0.000054982
6,65,receive_authenticate_accumulate,0.017278118,0.017246778
6,65,receive_authenticate_accumulate,0.000055574,0.000055574
6,65,receive_authenticate_accumulate,0.017231415,0.017231519
6,65,receive_authenticate_accumulate,0.000056574,0.000056389
6,65,receive_authenticate_accumulate,0.017224471,0.017224556
6,65,receive_authenticate_accumulate,0.000056907,0.000056871
6,65,receive_authenticate_accumulate,0.017228638,0.017228703
6,65,receive_authenticate_accumulate,0.000055517,0.000055315
6,65,receive_authenticate_accumulate,0.017259804,0.017243537
6,65,receive_authenticate_accumulate,0.000057092,0.000056685
6,65,receive_authenticate_accumulate,0.017237008,0.017237167
6,65,receive_authenticate_accumulate,0.000058555,0.000058334
6,65,receive_authenticate_accumulate,0.017227934,0.017227982
6,65,receive_authenticate_accumulate,0.000056074,0.000055778
6,65,receive_authenticate_accumulate,0.017232564,0.017232685
6,65,receive_authenticate_accumulate,0.000055981,0.000056037
6,65,receive_authenticate_accumulate,0.017262970,0.017235445
6,65,receive_authenticate_accumulate,0.000057592,0.000056981
6,65,reading_commitment_and_shares,0.026183980,0.026184148
6,65,receive_authenticate_accumulate,0.017229952,0.017229963
6,65,receive_authenticate_accumulate,0.000055740,0.000055556
6,65,receive_authenticate_accumulate,0.017227804,0.017227833
6,65,receive_authenticate_accumulate,0.000056314,0.000055963
6,65,receive_authenticate_accumulate,0.017236397,0.017236481
6,65,receive_authenticate_accumulate,0.000055332,0.000055037
6,65,receive_authenticate_accumulate,0.017230805,0.017230981
6,65,receive_authenticate_accumulate,0.000071462,0.000071259
6,65,receive_authenticate_accumulate,0.017263952,0.017233352
6,65,receive_authenticate_accumulate,0.000056333,0.000056185
6,65,receive_authenticate_accumulate,0.017217917,0.017218092
6,65,receive_authenticate_accumulate,0.000056555,0.000056407
6,65,receive_authenticate_accumulate,0.017227120,0.017227259
6,65,receive_authenticate_accumulate,0.000056110,0.000055888
6,65,receive_authenticate_accumulate,0.017283322,0.017240222
6,65,receive_authenticate_accumulate,0.000056685,0.000056685
6,65,receive_authenticate_accumulate,0.017217972,0.017218037
6,65,receive_authenticate_accumulate,0.000056888,0.000056296
6,65,receive_authenticate_accumulate,0.017229713,0.017229574
6,65,receive_authenticate_accumulate,0.000057721,0.000057388
6,65,round_coverage,0.000003537,0.000002870
6,65,spatial_report,0.000039888,0.000039612
6,66,round_reset,0.000009222,0.000007945
6,66,receive_authenticate_accumulate,0.017223383,0.017223537
6,66,receive_authenticate_accumulate,0.000056185,0.000055944
6,66,receive_authenticate_accumulate,0.017230124,0.017230074
6,66,receive_authenticate_accumulate,0.000056073,0.000055852
6,66,receive_authenticate_accumulate,0.017236105,0.017236315
6,66,receive_authenticate_accumulate,0.000054740,0.000054686
6,66,receive_authenticate_accumulate,0.017232050,0.017232315
6,66,receive_authenticate_accumulate,0.000055574,0.000055481
6,66,receive_authenticate_accumulate,0.017265290,0.017237556
6,66,receive_authenticate_accumulate,0.000056296,0.000056092
6,66,receive_authenticate_accumulate,0.017223976,0.017223981
6,66,receive_authenticate_accumulate,0.000056184,0.000056000
6,66,receive_authenticate_accumulate,0.017223327,0.017223315
6,66,receive_authenticate_accumulate,0.000057333,0.000057056
6,66,receive_authenticate_accumulate,0.017228365,0.017228444
6,66,receive_authenticate_accumulate,0.000055018,0.000054870
6,66,receive_authenticate_accumulate,0.017220198,0.017220241
6,66,receive_authenticate_accumulate,0.000074129,0.000074093
6,66,receive_authenticate_accumulate,0.017243568,0.017243611
6,66,receive_authenticate_accumulate,0.000055869,0.000055815
6,66,reading_commitment_and_shares,0.026193283,0.026193463
6,66,receive_authenticate_accumulate,0.017229661,0.017229944
6,66,receive_authenticate_accumulate,0.000056833,0.000056685
6,66,receive_authenticate_accumulate,0.017258013,0.017244962
6,66,receive_authenticate_accumulate,0.000056222,0.000056148
6,66,receive_authenticate_accumulate,0.017221606,0.017221611
6,66,receive_authenticate_accumulate,0.000057795,0.000057352
6,66,receive_authenticate_accumulate,0.017228846,0.017228741
6,66,receive_authenticate_accumulate,0.000054666,0.000054407
6,66,receive_authenticate_accumulate,0.017232309,0.017232444
6,66,receive_authenticate_accumulate,0.000055925,0.000055740
6,66,receive_authenticate_accumulate,0.017231310,0.017231018
6,66,receive_authenticate_accumulate,0.000057110,0.000057018
6,66,receive_authenticate_accumulate,0.017249551,0.017233222
6,66,receive_authenticate_accumulate,0.000055573,0.000055370
6,66,receive_authenticate_accumulate,0.017223291,0.017223278
6,66,receive_authenticate_accumulate,0.000056925,0.000056649
6,66,receive_authenticate_accumulate,0.017226735,0.017226759
6,66,receive_authenticate_accumulate,0.000057184,0.000057093
6,66,receive_authenticate_accumulate,0.017235514,0.017235500
6,66,receive_authenticate_accumulate,0.000057462,0.000057278
6,66,round_coverage,0.000003648,0.000003204
6,66,spatial_report,0.000040555,0.000040333
6,67,round_reset,0.000010556,0.000009371
6,67,receive_authenticate_accumulate,0.017221925,0.017221982
6,67,receive_authenticate_accumulate,0.000058332,0.000058315
6,67,receive_authenticate_accumulate,0.017223850,0.017223907
6,67,receive_authenticate_accumulate,0.000057222,0.000056982
6,67,receive_authenticate_accumulate,0.017233276,0.017232963
6,67,receive_authenticate_accumulate,0.000056444,0.000056315
6,67,receive_authenticate_accumulate,0.017227795,0.017227777
6,67,receive_authenticate_accumulate,0.000056814,0.000056649
6,67,receive_authenticate_accumulate,0.017227277,0.017227426
6,67,receive_authenticate_accumulate,0.000056462,0.000056222
6,67,receive_authenticate_accumulate,0.017222369,0.017222481
6,67,receive_authenticate_accumulate,0.000056296,0.000056111
6,67,receive_authenticate_accumulate,0.017235480,0.017235444
6,67,receive_authenticate_accumulate,0.000057388,0.000057222
6,67,receive_authenticate_accumulate,0.017232573,0.017232611
6,67,receive_authenticate_accumulate,0.000056981,0.000056815
6,67,receive_authenticate_accumulate,0.017260387,0.017238111
6,67,receive_authenticate_accumulate,0.000055926,0.000055740
6,67,receive_authenticate_accumulate,0.017224629,0.017224704
6,67,receive_authenticate_accumulate,0.000056536,0.000056352
6,67,reading_commitment_and_shares,0.026192327,0.026192388
6,67,receive_authenticate_accumulate,0.017224148,0.017224204
6,67,receive_authenticate_accumulate,0.000055611,0.000055593
6,67,receive_authenticate_accumulate,0.017222629,0.017222667
6,67,receive_authenticate_accumulate,0.000055240,0.000055204
6,67,receive_authenticate_accumulate,0.017322406,0.017305740
6,67,receive_authenticate_accumulate,0.000056591,0.000056408
6,67,receive_authenticate_accumulate,0.017270036,0.017245852
6,67,receive_authenticate_accumulate,0.000055184,0.000055074
6,67,receive_authenticate_accumulate,0.017225166,0.017225167
6,67,receive_authenticate_accumulate,0.000055722,0.000055444
6,67,receive_authenticate_accumulate,0.017227518,0.017227703
6,67,receive_authenticate_accumulate,0.000055444,0.000055223
6,67,receive_authenticate_accumulate,0.017220444,0.017220555
6,67,receive_authenticate_accumulate,0.000056888,0.000056704
6,67,receive_authenticate_accumulate,0.017222463,0.017222648
6,67,receive_authenticate_accumulate,0.000053833,0.000053722
6,67,receive_authenticate_accumulate,0.017231370,0.017231500
6,67,receive_authenticate_accumulate,0.000055888,0.000055704
6,67,receive_authenticate_accumulate,0.017231759,0.017231814
6,67,receive_authenticate_accumulate,0.000055628,0.000055407
6,67,round_coverage,0.000003611,0.000003167
6,67,spatial_report,0.000040185,0.000039889
6,68,round_reset,0.000009277,0.000007888
6,68,receive_authenticate_accumulate,0.017220744,0.017220593
6,68,receive_authenticate_accumulate,0.000054906,0.000054630
6,68,receive_authenticate_accumulate,0.017224985,0.017225241
6,68,receive_authenticate_accumulate,0.000054315,0.000054093
6,68,receive_authenticate_accumulate,0.017237392,0.017237463
6,68,receive_authenticate_accumulate,0.000055888,0.000055741
6,68,receive_authenticate_accumulate,0.017218763,0.017218851
6,68,receive_authenticate_accumulate,0.000056518,0.000056352
6,68,receive_authenticate_accumulate,0.017225263,0.017225371
6,68,receive_authenticate_accumulate,0.000055499,0.000055407
6,68,receive_authenticate_accumulate,0.017220689,0.017220760
6,68,receive_authenticate_accumulate,0.000054741,0.000054482
6,68,receive_authenticate_accumulate,0.017258059,0.017235926
6,68,receive_authenticate_accumulate,0.000055462,0.000055482
6,68,receive_authenticate_accumulate,0.017231392,0.017231518
6,68,receive_authenticate_accumulate,0.000055777,0.000055777
6,68,receive_authenticate_accumulate,0.017230892,0.017231019
6,68,receive_authenticate_accumulate,0.000056352,0.000056297
6,68,receive_authenticate_accumulate,0.017230800,0.017230870
6,68,receive_authenticate_accumulate,0.000055777,0.000055519
6,68,reading_commitment_and_shares,0.026229796,0.026212278
6,68,receive_authenticate_accumulate,0.017232263,0.017232334
6,68,receive_authenticate_accumulate,0.000052980,0.000052852
6,68,receive_authenticate_accumulate,0.017227077,0.017227130
6,68,receive_authenticate_accumulate,0.000055240,0.000055000
6,68,receive_authenticate_accumulate,0.017224966,0.017225000
6,68,receive_authenticate_accumulate,0.000057017,0.000056815
6,68,receive_authenticate_accumulate,0.017229504,0.017229537
6,68,receive_authenticate_accumulate,0.000055185,0.000054833
6,68,receive_authenticate_accumulate,0.017227708,0.017227889
6,68,receive_authenticate_accumulate,0.000056091,0.000055945
6,68,receive_authenticate_accumulate,0.017228226,0.017228167
6,68,receive_authenticate_accumulate,0.000057629,0.000057685
6,68,receive_authenticate_accumulate,0.017221411,0.017221426
6,68,receive_authenticate_accumulate,0.000054981,0.000054852
6,68,receive_authenticate_accumulate,0.017228893,0.017229037
6,68,receive_authenticate_accumulate,0.000056944,0.000056834
6,68,receive_authenticate_accumulate,0.017227837,0.017228018
6,68,receive_authenticate_accumulate,0.000055517,0.000055352
6,68,receive_authenticate_accumulate,0.017274800,0.017248445
6,68,receive_authenticate_accumulate,0.000054906,0.000054759
6,68,round_coverage,0.000003278,0.000002871
6,68,spatial_report,0.000041055,0.000040834
6,69,round_reset,0.000010222,0.000008889
6,69,receive_authenticate_accumulate,0.017224415,0.017224499
6,69,receive_authenticate_accumulate,0.000056129,0.000055945
6,69,receive_authenticate_accumulate,0.017220822,0.017221055
6,69,receive_authenticate_accumulate,0.000054332,0.000054277
6,69,receive_authenticate_accumulate,0.017241951,0.017242130
6,69,receive_authenticate_accumulate,0.000054480,0.000054223
6,69,receive_authenticate_accumulate,0.017228674,0.017228685
6,69,receive_authenticate_accumulate,0.000055963,0.000055722
6,69,receive_authenticate_accumulate,0.017218285,0.017218259
6,69,receive_authenticate_accumulate,0.000056203,0.000056000
6,69,receive_authenticate_accumulate,0.017225008,0.017225092
6,69,receive_authenticate_accumulate,0.000056074,0.000055870
6,69,receive_authenticate_accumulate,0.017227471,0.017227425
6,69,receive_authenticate_accumulate,0.000055351,0.000054926
6,69,receive_authenticate_accumulate,0.017229693,0.017229778
6,69,receive_authenticate_accumulate,0.000053944,0.000053870
6,69,receive_authenticate_accumulate,0.017215359,0.017215408
6,69,receive_authenticate_accumulate,0.000055888,0.000055852
6,69,receive_authenticate_accumulate,0.017231989,0.017232278
6,69,receive_authenticate_accumulate,0.000054518,0.000054352
6,69,reading_commitment_and_shares,0.026231544,0.026204203
6,69,receive_authenticate_accumulate,0.017218897,0.017218981
6,69,receive_authenticate_accumulate,0.000067759,0.000067666
6,69,receive_authenticate_accumulate,0.017250859,0.017228000
6,69,receive_authenticate_accumulate,0.000053481,0.000053260
6,69,receive_authenticate_accumulate,0.017287599,0.017262629
6,69,receive_authenticate_accumulate,0.000053851,0.000053852
6,69,receive_authenticate_accumulate,0.017222638,0.017222759
6,69,receive_authenticate_accumulate,0.000052980,0.000052926
6,69,receive_authenticate_accumulate,0.017231434,0.017231352
6,69,receive_authenticate_accumulate,0.000052111,0.000051945
6,69,receive_authenticate_accumulate,0.017222804,0.017222963
6,69,receive_authenticate_accumulate,0.000054666,0.000054092
6,69,receive_authenticate_accumulate,0.017224934,0.017225185
6,69,receive_authenticate_accumulate,0.000055221,0.000054963
6,69,receive_authenticate_accumulate,0.017222100,0.017222075
6,69,receive_authenticate_accumulate,0.000053259,0.000053093
6,69,receive_authenticate_accumulate,0.017249563,0.017249556
6,69,receive_authenticate_accumulate,0.000056629,0.000056370
6,69,receive_authenticate_accumulate,0.017224360,0.017224389
6,69,receive_authenticate_accumulate,0.000054555,0.000054352
6,69,round_coverage,0.000003796,0.000003240
6,69,spatial_report,0.000041240,0.000040963
6,69,billing_report,0.000423495,0.000423056
7,70,period_reset,0.000025610,0.000024389
7,70,receive_authenticate_accumulate,0.000091332,0.000091185
7,70,receive_authenticate_accumulate,0.000093388,0.000093000
7,70,receive_authenticate_accumulate,0.000090887,0.000090667
7,70,receive_authenticate_accumulate,0.000091128,0.000090741
7,70,receive_authenticate_accumulate,0.000091073,0.000090777
7,70,receive_authenticate_accumulate,0.000089277,0.000089111
7,70,receive_authenticate_accumulate,0.000091036,0.000090889
7,70,receive_authenticate_accumulate,0.000089795,0.000089667
7,70,receive_authenticate_accumulate,0.000062999,0.000062629
7,70,receive_authenticate_accumulate,0.000062370,0.000061945
7,70,randomness_commit,0.000546419,0.000546056
7,70,receive_authenticate_accumulate,0.000058740,0.000058667
7,70,receive_authenticate_accumulate,0.000062351,0.000062093
7,70,receive_authenticate_accumulate,0.000061685,0.000061426
7,70,receive_authenticate_accumulate,0.000061203,0.000060907
7,70,receive_authenticate_accumulate,0.000061814,0.000061537
7,70,receive_authenticate_accumulate,0.000061685,0.000061315
7,70,receive_authenticate_accumulate,0.000061259,0.000060426
7,70,receive_authenticate_accumulate,0.000060833,0.000060666
7,70,receive_authenticate_accumulate,0.000061110,0.000060722
7,70,receive_authenticate_accumulate,0.000061054,0.000060815
7,70,receive_authenticate_accumulate,0.000074721,0.000074593
7,70,receive_authenticate_accumulate,0.000076536,0.000076259
7,70,receive_authenticate_accumulate,0.000075314,0.000075166
7,70,receive_authenticate_accumulate,0.000075332,0.000075111
7,70,receive_authenticate_accumulate,0.000073888,0.000073667
7,70,receive_authenticate_accumulate,0.000074295,0.000074056
7,70,receive_authenticate_accumulate,0.000075685,0.000075334
7,70,receive_authenticate_accumulate,0.000073777,0.000073592
7,70,receive_authenticate_accumulate,0.000074295,0.000073945
7,70,receive_authenticate_accumulate,0.000074166,0.000074019
7,70,randomness_reveal,0.000498698,0.000498259
7,70,receive_authenticate_accumulate,0.000072907,0.000072778
7,70,receive_authenticate_accumulate,0.000074591,0.000074259
7,70,receive_authenticate_accumulate,0.000048685,0.000048537
7,70,receive_authenticate_accumulate,0.000046759,0.000046686
7,70,receive_authenticate_accumulate,0.000047389,0.000047426
7,70,receive_authenticate_accumulate,0.000072129,0.000072093
7,70,receive_authenticate_accumulate,0.000045499,0.000045222
7,70,receive_authenticate_accumulate,0.000048444,0.000048223
7,70,receive_authenticate_accumulate,0.000046221,0.000046056
7,70,receive_authenticate_accumulate,0.000047667,0.000047481
7,70,committee_selection,0.000084980,0.000084759
7,70,round_reset,0.000004278,0.000003907
7,70,receive_authenticate_accumulate,0.017229696,0.017229686
7,70,receive_authenticate_accumulate,0.017234677,0.017234240
7,70,receive_authenticate_accumulate,0.017233974,0.017234278
7,70,receive_authenticate_accumulate,0.017229641,0.017229666
7,70,receive_authenticate_accumulate,0.017217455,0.017217518
7,70,receive_authenticate_accumulate,0.017238511,0.017238537
7,70,receive_authenticate_accumulate,0.017258066,0.017234795
7,70,receive_authenticate_accumulate,0.017221122,0.017220870
7,70,receive_authenticate_accumulate,0.017228789,0.017228852
7,70,receive_authenticate_accumulate,0.017225808,0.017225685
7,70,reading_commitment_and_shares,0.026237475,0.026237648
7,70,receive_authenticate_accumulate,0.017222141,0.017222407
7,70,receive_authenticate_accumulate,0.017224938,0.017224981
7,70,receive_authenticate_accumulate,0.017222048,0.017222037
7,70,receive_authenticate_accumulate,0.017227771,0.017228037
7,70,receive_authenticate_accumulate,0.017226938,0.017227000
7,70,receive_authenticate_accumulate,0.017230956,0.017230870
7,70,receive_authenticate_accumulate,0.017232827,0.017232666
7,70,receive_authenticate_accumulate,0.017224771,0.017224851
7,70,receive_authenticate_accumulate,0.017261622,0.017237277
7,70,receive_authenticate_accumulate,0.017314640,0.017274129
7,70,round_coverage,0.000004278,0.000003555
7,71,round_reset,0.000009833,0.000008611
7,71,receive_authenticate_accumulate,0.017226422,0.017226407
7,71,receive_authenticate_accumulate,0.017227255,0.017227259
7,71,receive_authenticate_accumulate,0.017237144,0.017236704
7,71,receive_authenticate_accumulate,0.017222756,0.017222815
7,71,receive_authenticate_accumulate,0.017263922,0.017240611
7,71,receive_authenticate_accumulate,0.017223644,0.017223815
7,71,receive_authenticate_accumulate,0.017227459,0.017227537
7,71,receive_authenticate_accumulate,0.017229441,0.017229500
7,71,receive_authenticate_accumulate,0.017222275,0.017222556
7,71,receive_authenticate_accumulate,0.017229200,0.017229240
7,71,reading_commitment_and_shares,0.026203518,0.026203703
7,71,receive_authenticate_accumulate,0.017234126,0.017234277
7,71,receive_authenticate_accumulate,0.017216997,0.017216945
7,71,receive_authenticate_accumulate,0.017306292,0.017281888
7,71,receive_authenticate_accumulate,0.017218275,0.017218426
7,71,receive_authenticate_accumulate,0.017234385,0.017234371
7,71,receive_authenticate_accumulate,0.017226960,0.017226981
7,71,receive_authenticate_accumulate,0.017229108,0.017229148
7,71,receive_authenticate_accumulate,0.017264515,0.017242685
7,71,receive_authenticate_accumulate,0.017223108,0.017223166
7,71,receive_authenticate_accumulate,0.017232145,0.017232111
7,71,round_coverage,0.000003926,0.000003389
7,72,round_reset,0.000007481,0.000006333
7,72,receive_authenticate_accumulate,0.017247018,0.017247000
7,72,receive_authenticate_accumulate,0.017231462,0.017231296
7,72,receive_authenticate_accumulate,0.017239814,0.017239722
7,72,receive_authenticate_accumulate,0.017231389,0.017231518
7,72,receive_authenticate_accumulate,0.017223666,0.017223797
7,72,receive_authenticate_accumulate,0.017264851,0.017241074
7,72,receive_authenticate_accumulate,0.017334702,0.017278759
7,72,receive_authenticate_accumulate,0.017223129,0.017223129
7,72,receive_authenticate_accumulate,0.017228278,0.017228370
7,72,receive_authenticate_accumulate,0.017228944,0.017228945
7,72,reading_commitment_and_shares,0.026206097,0.026206333
7,72,receive_authenticate_accumulate,0.017221592,0.017221704
7,72,receive_authenticate_accumulate,0.017229204,0.017229314
7,72,receive_authenticate_accumulate,0.017300165,0.017274149
7,72,receive_authenticate_accumulate,0.017225908,0.017226018
7,72,receive_authenticate_accumulate,0.017225908,0.017225888
7,72,receive_authenticate_accumulate,0.017306592,0.017269184
7,72,receive_authenticate_accumulate,0.017223870,0.017223685
7,72,receive_authenticate_accumulate,0.017226204,0.017226333
7,72,receive_authenticate_accumulate,0.017226241,0.017226315
7,72,receive_authenticate_accumulate,0.017316203,0.017251667
7,72,round_coverage,0.000003740,0.000003093
7,73,round_reset,0.000009500,0.000007740
7,73,receive_authenticate_accumulate,0.017232466,0.017232537
7,73,receive_authenticate_accumulate,0.017225114,0.017225037
7,73,receive_authenticate_accumulate,0.017222558,0.017222463
7,73,receive_authenticate_accumulate,0.017242632,0.017242574
7,73,receive_authenticate_accumulate,0.017222855,0.017222870
7,73,receive_authenticate_accumulate,0.017230059,0.017230130
7,73,receive_authenticate_accumulate,0.017230244,0.017230185
7,73,receive_authenticate_accumulate,0.017260799,0.017233259
7,73,receive_authenticate_accumulate,0.017221818,0.017222000
7,73,receive_authenticate_accumulate,0.017295725,0.017254075
7,73,reading_commitment_and_shares,0.026194566,0.026194740
7,73,receive_authenticate_accumulate,0.017217281,0.017217389
7,73,receive_authenticate_accumulate,0.017223355,0.017223537
7,73,receive_authenticate_accumulate,0.017234374,0.017234482
7,73,receive_authenticate_accumulate,0.017225022,0.017225000
7,73,receive_authenticate_accumulate,0.017234966,0.017235000
7,73,receive_authenticate_accumulate,0.017221503,0.017221593
7,73,receive_authenticate_accumulate,0.017233984,0.017234166
7,73,receive_authenticate_accumulate,0.017230282,0.017230371
7,73,receive_authenticate_accumulate,0.017221152,0.017221111
7,73,receive_authenticate_accumulate,0.017229504,0.017229389
7,73,round_coverage,0.000003963,0.000003278
7,74,round_reset,0.000009111,0.000007666
7,74,receive_authenticate_accumulate,0.017221487,0.017221556
7,74,receive_authenticate_accumulate,0.017222229,0.017222222
7,74,receive_authenticate_accumulate,0.017224969,0.017225074
7,74,receive_authenticate_accumulate,0.017225692,0.017225426
7,74,receive_authenticate_accumulate,0.017228562,0.017228500
7,74,receive_authenticate_accumulate,0.017230543,0.017230611
7,74,receive_authenticate_accumulate,0.017325542,0.017294722
7,74,receive_authenticate_accumulate,0.017231635,0.017231760
7,74,receive_authenticate_accumulate,0.017219673,0.017219778
7,74,receive_authenticate_accumulate,0.017227914,0.017227759
7,74,reading_commitment_and_shares,0.026205329,0.026205240
7,74,receive_authenticate_accumulate,0.017217636,0.017217962
7,74,receive_authenticate_accumulate,0.017228413,0.017228463
7,74,receive_authenticate_accumulate,0.017222636,0.017222445
7,74,receive_authenticate_accumulate,0.017226655,0.017226555
7,74,receive_authenticate_accumulate,0.017224525,0.017224482
7,74,receive_authenticate_accumulate,0.017217988,0.017218056
7,74,receive_authenticate_accumulate,0.017233228,0.017233352
7,74,receive_authenticate_accumulate,0.017227524,0.017227592
7,74,receive_authenticate_accumulate,0.017228766,0.017228944
7,74,receive_authenticate_accumulate,0.017223358,0.017223315
7,74,round_coverage,0.000004019,0.000003537
7,75,round_reset,0.000009259,0.000007945
7,75,receive_authenticate_accumulate,0.017225991,0.017226037
7,75,receive_authenticate_accumulate,0.017233564,0.017233574
7,75,receive_authenticate_accumulate,0.017229583,0.017229666
7,75,receive_authenticate_accumulate,0.017218268,0.017218314
7,75,receive_authenticate_accumulate,0.017221416,0.017221426
7,75,receive_authenticate_accumulate,0.017220380,0.017220500
7,75,receive_authenticate_accumulate,0.017221972,0.017221944
7,75,receive_authenticate_accumulate,0.017218824,0.017218741
7,75,receive_authenticate_accumulate,0.017228102,0.017228000
7,75,receive_authenticate_accumulate,0.017226935,0.017226741
7,75,reading_commitment_and_shares,0.026201538,0.026201500
7,75,receive_authenticate_accumulate,0.017225305,0.017225389
7,75,receive_authenticate_accumulate,0.017251213,0.017229149
7,75,receive_authenticate_accumulate,0.017241879,0.017241871
7,75,receive_authenticate_accumulate,0.017222101,0.017221814
7,75,receive_authenticate_accumulate,0.017227806,0.017227889
7,75,receive_authenticate_accumulate,0.017221546,0.017221963
7,75,receive_authenticate_accumulate,0.017235084,0.017235111
7,75,receive_authenticate_accumulate,0.017226713,0.017226500
7,75,receive_authenticate_accumulate,0.017229824,0.017229852
7,75,receive_authenticate_accumulate,0.017225121,0.017225092
7,75,round_coverage,0.000004056,0.000003408
7,76,round_reset,0.000008722,0.000007334
7,76,receive_authenticate_accumulate,0.017228642,0.017228722
7,76,receive_authenticate_accumulate,0.017224844,0.017224834
7,76,receive_authenticate_accumulate,0.017221271,0.017221241
7,76,receive_authenticate_accumulate,0.017229326,0.017229481
7,76,receive_authenticate_accumulate,0.017227993,0.017228000
7,76,receive_authenticate_accumulate,0.017260419,0.017240037
7,76,receive_authenticate_accumulate,0.017227845,0.017227796
7,76,receive_authenticate_accumulate,0.017231067,0.017231148
7,76,receive_authenticate_accumulate,0.017237234,0.017237240
7,76,receive_authenticate_accumulate,0.017220031,0.017220000
7,76,reading_commitment_and_shares,0.026231133,0.026203648
7,76,receive_authenticate_accumulate,0.017261326,0.017236129
7,76,receive_authenticate_accumulate,0.017223456,0.017223574
7,76,receive_authenticate_accumulate,0.017244030,0.017244092
7,76,receive_authenticate_accumulate,0.017289808,0.017248242
7,76,receive_authenticate_accumulate,0.017216457,0.017216389
7,76,receive_authenticate_accumulate,0.017224623,0.017224797
7,76,receive_authenticate_accumulate,0.017234253,0.017234333
7,76,receive_authenticate_accumulate,0.017225271,0.017225296
7,76,receive_authenticate_accumulate,0.017256549,0.017236851
7,76,receive_authenticate_accumulate,0.017219938,0.017219908
7,76,round_coverage,0.000004296,0.000003685
7,77,round_reset,0.000009185,0.000008093
7,77,receive_authenticate_accumulate,0.017226014,0.017226167
7,77,receive_authenticate_accumulate,0.017307679,0.017247981
7,77,receive_authenticate_accumulate,0.017226959,0.017227093
7,77,receive_authenticate_accumulate,0.017223348,0.017223297
7,77,receive_authenticate_accumulate,0.017229662,0.017229759
7,77,receive_authenticate_accumulate,0.017221366,0.017221315
7,77,receive_authenticate_accumulate,0.017220681,0.017220685
7,77,receive_authenticate_accumulate,0.017227922,0.017227944
7,77,receive_authenticate_accumulate,0.017225477,0.017225518
7,77,receive_authenticate_accumulate,0.017224163,0.017224352
7,77,reading_commitment_and_shares,0.026195657,0.026195685
7,77,receive_authenticate_accumulate,0.017224459,0.017224593
7,77,receive_authenticate_accumulate,0.017229884,0.017229870
7,77,receive_authenticate_accumulate,0.017226774,0.017226833
7,77,receive_authenticate_accumulate,0.017229940,0.017230018
7,77,receive_authenticate_accumulate,0.017262458,0.017236426
7,77,receive_authenticate_accumulate,0.017243125,0.017243185
7,77,receive_authenticate_accumulate,0.017286403,0.017246075
7,77,receive_authenticate_accumulate,0.017221625,0.017221592
7,77,receive_authenticate_accumulate,0.017231404,0.017231166
7,77,receive_authenticate_accumulate,0.017225274,0.017225334
7,77,round_coverage,0.000004130,0.000003482
7,78,round_reset,0.000009445,0.000008167
7,78,receive_authenticate_accumulate,0.017284127,0.017268888
7,78,receive_authenticate_accumulate,0.017217924,0.017217852
7,78,receive_authenticate_accumulate,0.017225128,0.017225241
7,78,receive_authenticate_accumulate,0.017222924,0.017222815
7,78,receive_authenticate_accumulate,0.017222498,0.017222444
7,78,receive_authenticate_accumulate,0.017268386,0.017241427
7,78,receive_authenticate_accumulate,0.017223461,0.017223463
7,78,receive_authenticate_accumulate,0.017230202,0.017230222
7,78,receive_authenticate_accumulate,0.017226813,0.017226629
7,78,receive_authenticate_accumulate,0.017218998,0.017219000
7,78,reading_commitment_and_shares,0.026203827,0.026203870
7,78,receive_authenticate_accumulate,0.017224739,0.017224870
7,78,receive_authenticate_accumulate,0.017228072,0.017228185
7,78,receive_authenticate_accumulate,0.017292442,0.017266351
7,78,receive_authenticate_accumulate,0.017232146,0.017232148
7,78,receive_authenticate_accumulate,0.017221517,0.017221556
7,78,receive_authenticate_accumulate,0.017223203,0.017223111
7,78,receive_authenticate_accumulate,0.017223831,0.017223741
7,78,receive_authenticate_accumulate,0.017286127,0.017257222
7,78,receive_authenticate_accumulate,0.017232035,0.017231926
7,78,receive_authenticate_accumulate,0.017222517,0.017222370
7,78,round_coverage,0.000004186,0.000003537
7,79,round_reset,0.000009203,0.000007944
7,79,receive_authenticate_accumulate,0.017256333,0.017240093
7,79,receive_authenticate_accumulate,0.017223371,0.017223407
7,79,receive_authenticate_accumulate,0.017224630,0.017224537
7,79,receive_authenticate_accumulate,0.017236204,0.017236315
7,79,receive_authenticate_accumulate,0.017232871,0.017232945
7,79,receive_authenticate_accumulate,0.017290574,0.017250574
7,79,receive_authenticate_accumulate,0.017275037,0.017275000
7,79,receive_authenticate_accumulate,0.017222130,0.017222111
7,79,receive_authenticate_accumulate,0.017232556,0.017232537
7,79,receive_authenticate_accumulate,0.017236667,0.017236722
7,79,reading_commitment_and_shares,0.026191368,0.026191333
7,79,receive_authenticate_accumulate,0.017226205,0.017226167
7,79,receive_authenticate_accumulate,0.017219538,0.017219500
7,79,receive_authenticate_accumulate,0.017224093,0.017224222
7,79,receive_authenticate_accumulate,0.017228611,0.017228723
7,79,receive_authenticate_accumulate,0.017234908,0.017235000
7,79,receive_authenticate_accumulate,0.017229704,0.017229778
7,79,receive_authenticate_accumulate,0.017228260,0.017228203
7,79,receive_authenticate_accumulate,0.017228704,0.017228851
7,79,receive_authenticate_accumulate,0.017264278,0.017243722
7,79,receive_authenticate_accumulate,0.017266519,0.017267352
7,79,round_coverage,0.000004407,0.000003500
8,80,period_reset,0.000025351,0.000024019
8,80,receive_authenticate_accumulate,0.000092518,0.000092167
8,80,receive_authenticate_accumulate,0.000091684,0.000091352
8,80,receive_authenticate_accumulate,0.000093777,0.000093130
8,80,receive_authenticate_accumulate,0.000090591,0.000090278
8,80,receive_authenticate_accumulate,0.000089740,0.000089592
8,80,receive_authenticate_accumulate,0.000091944,0.000091592
8,80,receive_authenticate_accumulate,0.000091758,0.000091315
8,80,receive_authenticate_accumulate,0.000091481,0.000091129
8,80,receive_authenticate_accumulate,0.000089999,0.000089889
8,80,receive_authenticate_accumulate,0.000090629,0.000090519
8,80,randomness_commit,0.000792566,0.000792352
8,80,receive_authenticate_accumulate,0.000088869,0.000088648
8,80,receive_authenticate_accumulate,0.000089499,0.000089129
8,80,receive_authenticate_accumulate,0.000128221,0.000128092
8,80,receive_authenticate_accumulate,0.000087870,0.000087796
8,80,receive_authenticate_accumulate,0.000091240,0.000090963
8,80,receive_authenticate_accumulate,0.000089907,0.000089666
8,80,receive_authenticate_accumulate,0.000039833,0.000039630
8,80,receive_authenticate_accumulate,0.000039814,0.000039574
8,80,receive_authenticate_accumulate,0.000036926,0.000036722
8,80,receive_authenticate_accumulate,0.000039277,0.000039074
8,80,receive_authenticate_accumulate,0.000048129,0.000047796
8,80,receive_authenticate_accumulate,0.000046074,0.000045963
8,80,receive_authenticate_accumulate,0.000048203,0.000047963
8,80,receive_authenticate_accumulate,0.000049111,0.000048741
8,80,receive_authenticate_accumulate,0.000044888,0.000044685
8,80,receive_authenticate_accumulate,0.000046907,0.000046703
8,80,receive_authenticate_accumulate,0.000049574,0.000049389
8,80,receive_authenticate_accumulate,0.000045518,0.000045148
8,80,receive_authenticate_accumulate,0.000048370,0.000048055
8,80,receive_authenticate_accumulate,0.000045074,0.000044926
8,80,randomness_reveal,0.000300737,0.000300370
8,80,receive_authenticate_accumulate,0.000046926,0.000046760
8,80,receive_authenticate_accumulate,0.000048351,0.000048259
8,80,receive_authenticate_accumulate,0.000046722,0.000046666
8,80,receive_authenticate_accumulate,0.000047148,0.000047018
8,80,receive_authenticate_accumulate,0.000047759,0.000047500
8,80,receive_authenticate_accumulate,0.000046444,0.000046352
8,80,receive_authenticate_accumulate,0.000047740,0.000047722
8,80,receive_authenticate_accumulate,0.000048073,0.000047852
8,80,receive_authenticate_accumulate,0.000045777,0.000045574
8,80,receive_authenticate_accumulate,0.000048222,0.000048074
8,80,committee_selection,0.000086536,0.000086185
8,80,round_reset,0.000004167,0.000003741
8,80,receive_authenticate_accumulate,0.017265261,0.017236463
8,80,receive_authenticate_accumulate,0.000055277,0.000055037
8,80,receive_authenticate_accumulate,0.017224521,0.017224537
8,80,receive_authenticate_accumulate,0.000055462,0.000055203
8,80,receive_authenticate_accumulate,0.017229817,0.017229704
8,80,receive_authenticate_accumulate,0.000055574,0.000055371
8,80,receive_authenticate_accumulate,0.017220466,0.017220277
8,80,receive_authenticate_accumulate,0.000056314,0.000056019
8,80,receive_authenticate_accumulate,0.017237762,0.017237797
8,80,receive_authenticate_accumulate,0.000056462,0.000056186
8,80,receive_authenticate_accumulate,0.017225373,0.017225241
8,80,receive_authenticate_accumulate,0.000056000,0.000056000
8,80,receive_authenticate_accumulate,0.017220577,0.017220444
8,80,receive_authenticate_accumulate,0.000057481,0.000057204
8,80,receive_authenticate_accumulate,0.017222114,0.017222055
8,80,receive_authenticate_accumulate,0.000056388,0.000056314
8,80,receive_authenticate_accumulate,0.017230280,0.017230426
8,80,receive_authenticate_accumulate,0.000057444,0.000057334
8,80,receive_authenticate_accumulate,0.017291132,0.017248147
8,80,receive_authenticate_accumulate,0.000056666,0.000056463
8,80,reading_commitment_and_shares,0.026190149,0.026190334
8,80,receive_authenticate_accumulate,0.017224928,0.017225092
8,80,receive_authenticate_accumulate,0.000056870,0.000056556
8,80,receive_authenticate_accumulate,0.017217521,0.017217666
8,80,receive_authenticate_accumulate,0.000055888,0.000055685
8,80,receive_authenticate_accumulate,0.017219188,0.017218963
8,80,receive_authenticate_accumulate,0.000057259,0.000057148
8,80,receive_authenticate_accumulate,0.017268280,0.017244258
8,80,receive_authenticate_accumulate,0.000056129,0.000056000
8,80,receive_authenticate_accumulate,0.017225262,0.017225407
8,80,receive_authenticate_accumulate,0.000055795,0.000055648
8,80,receive_authenticate_accumulate,0.017253299,0.017235204
8,80,receive_authenticate_accumulate,0.000072462,0.000072296
8,80,receive_authenticate_accumulate,0.017226280,0.017226259
8,80,receive_authenticate_accumulate,0.000056629,0.000056352
8,80,receive_authenticate_accumulate,0.017221947,0.017222018
8,80,receive_authenticate_accumulate,0.000056129,0.000056000
8,80,receive_authenticate_accumulate,0.017231837,0.017231870
8,80,receive_authenticate_accumulate,0.000056259,0.000056130
8,80,receive_authenticate_accumulate,0.017226836,0.017226889
8,80,receive_authenticate_accumulate,0.000056074,0.000056037
8,80,round_coverage,0.000003426,0.000002944
8,80,spatial_report,0.000039740,0.000039445
8,81,round_reset,0.000009796,0.000008130
8,81,receive_authenticate_accumulate,0.017236986,0.017236926
8,81,receive_authenticate_accumulate,0.000055814,0.000055704
8,81,receive_authenticate_accumulate,0.017227801,0.017227815
8,81,receive_authenticate_accumulate,0.000054703,0.000054556
8,81,receive_authenticate_accumulate,0.017223208,0.017223408
8,81,receive_authenticate_accumulate,0.000055685,0.000055538
8,81,receive_authenticate_accumulate,0.017235930,0.017235870
8,81,receive_authenticate_accumulate,0.000056110,0.000055833
8,81,receive_authenticate_accumulate,0.017228152,0.017228259
8,81,receive_authenticate_accumulate,0.000054592,0.000054370
8,81,receive_authenticate_accumulate,0.017224430,0.017224481
8,81,receive_authenticate_accumulate,0.000056092,0.000055982
8,81,receive_authenticate_accumulate,0.017227894,0.017228018
8,81,receive_authenticate_accumulate,0.000055814,0.000055666
8,81,receive_authenticate_accumulate,0.017227172,0.017227167
8,81,receive_authenticate_accumulate,0.000055277,0.000055019
8,81,receive_authenticate_accumulate,0.017265115,0.017241760
8,81,receive_authenticate_accumulate,0.000055073,0.000055055
8,81,receive_authenticate_accumulate,0.017229671,0.017229704
8,81,receive_authenticate_accumulate,0.000054666,0.000054574
8,81,reading_commitment_and_shares,0.026181188,0.026181333
8,81,receive_authenticate_accumulate,0.017218764,0.017218889
8,81,receive_authenticate_accumulate,0.000054944,0.000054870
8,81,receive_authenticate_accumulate,0.017221209,0.017221278
8,81,receive_authenticate_accumulate,0.000056092,0.000055870
8,81,receive_authenticate_accumulate,0.017228079,0.017228111
8,81,receive_authenticate_accumulate,0.000055425,0.000055259
8,81,receive_authenticate_accumulate,0.017226893,0.017226926
8,81,receive_authenticate_accumulate,0.000055240,0.000055167
8,81,receive_authenticate_accumulate,0.017221986,0.017222000
8,81,receive_authenticate_accumulate,0.000055203,0.000055167
8,81,receive_authenticate_accumulate,0.017227505,0.017227759
8,81,receive_authenticate_accumulate,0.000055055,0.000055111
8,81,receive_authenticate_accumulate,0.017228652,0.017228704
8,81,receive_authenticate_accumulate,0.000055740,0.000055629
8,81,receive_authenticate_accumulate,0.017225282,0.017225388
8,81,receive_authenticate_accumulate,0.000055370,0.000055148
8,81,receive_authenticate_accumulate,0.017225135,0.017225204
8,81,receive_authenticate_accumulate,0.000055703,0.000055371
8,81,receive_authenticate_accumulate,0.017261245,0.017243130
8,81,receive_authenticate_accumulate,0.000055740,0.000055722
8,81,round_coverage,0.000003445,0.000002945
8,81,spatial_report,0.000041351,0.000041093
8,82,round_reset,0.000010889,0.000009574
8,82,receive_authenticate_accumulate,0.017225136,0.017225055
8,82,receive_authenticate_accumulate,0.000057221,0.000057074
8,82,receive_authenticate_accumulate,0.017233284,0.017232685
8,82,receive_authenticate_accumulate,0.000055314,0.000055167
8,82,receive_authenticate_accumulate,0.017282950,0.017240204
8,82,receive_authenticate_accumulate,0.000055370,0.000055315
8,82,receive_authenticate_accumulate,0.017221617,0.017221611
8,82,receive_authenticate_accumulate,0.000054573,0.000054556
8,82,receive_authenticate_accumulate,0.017227284,0.017227388
8,82,receive_authenticate_accumulate,0.000056259,0.000056019
8,82,receive_authenticate_accumulate,0.017235655,0.017235722
8,82,receive_authenticate_accumulate,0.000074906,0.000074667
8,82,receive_authenticate_accumulate,0.017221376,0.017221481
8,82,receive_authenticate_accumulate,0.000055092,0.000054796
8,82,receive_authenticate_accumulate,0.017211784,0.017211815
8,82,receive_authenticate_accumulate,0.000056277,0.000056037
8,82,receive_authenticate_accumulate,0.017235877,0.017235926
8,82,receive_authenticate_accumulate,0.000055370,0.000055259
8,82,receive_authenticate_accumulate,0.017241988,0.017242130
8,82,receive_authenticate_accumulate,0.000073999,0.000073907
8,82,reading_commitment_and_shares,0.026219209,0.026190389
8,82,receive_authenticate_accumulate,0.017280432,0.017249055
8,82,receive_authenticate_accumulate,0.000055462,0.000055334
8,82,receive_authenticate_accumulate,0.017224321,0.017224222
8,82,receive_authenticate_accumulate,0.000056055,0.000055741
8,82,receive_authenticate_accumulate,0.017235081,0.017235074
8,82,receive_authenticate_accumulate,0.000056888,0.000056815
8,82,receive_authenticate_accumulate,0.017232432,0.017232388
8,82,receive_authenticate_accumulate,0.000055795,0.000055815
8,82,receive_authenticate_accumulate,0.017229081,0.017229241
8,82,receive_authenticate_accumulate,0.000056407,0.000056241
8,82,receive_authenticate_accumulate,0.017225506,0.017225315
8,82,receive_authenticate_accumulate,0.000054907,0.000054815
8,82,receive_authenticate_accumulate,0.017231747,0.017231740
8,82,receive_authenticate_accumulate,0.000056333,0.000055944
8,82,receive_authenticate_accumulate,0.017227488,0.017227518
8,82,receive_authenticate_accumulate,0.000055222,0.000054981
8,82,receive_authenticate_accumulate,0.017215821,0.017215852
8,82,receive_authenticate_accumulate,0.000055759,0.000055815
8,82,receive_authenticate_accumulate,0.017229229,0.017229185
8,82,receive_authenticate_accumulate,0.000055536,0.000055519
8,82,round_coverage,0.000003944,0.000003519
8,82,spatial_report,0.000040258,0.000040000
8,83,round_reset,0.000009260,0.000007834
8,83,receive_authenticate_accumulate,0.017225638,0.017225722
8,83,receive_authenticate_accumulate,0.000055703,0.000055574
8,83,receive_authenticate_accumulate,0.017230990,0.017230982
8,83,receive_authenticate_accumulate,0.000055666,0.000055444
8,83,receive_authenticate_accumulate,0.017220230,0.017220352
8,83,receive_authenticate_accumulate,0.000055684,0.000055611
8,83,receive_authenticate_accumulate,0.017222286,0.017222241
8,83,receive_authenticate_accumulate,0.000057832,0.000057611
8,83,receive_authenticate_accumulate,0.017229527,0.017229574
8,83,receive_authenticate_accumulate,0.000056518,0.000056408
8,83,receive_authenticate_accumulate,0.017232935,0.017232889
8,83,receive_authenticate_accumulate,0.000055426,0.000055241
8,83,receive_authenticate_accumulate,0.017218157,0.017218056
8,83,receive_authenticate_accumulate,0.000056092,0.000056111
8,83,receive_authenticate_accumulate,0.017220545,0.017220630
8,83,receive_authenticate_accumulate,0.000056907,0.000056685
8,83,receive_authenticate_accumulate,0.017229860,0.017229722
8,83,receive_authenticate_accumulate,0.000055018,0.000054778
8,83,receive_authenticate_accumulate,0.017228990,0.017228945
8,83,receive_authenticate_accumulate,0.000057241,0.000056926
8,83,reading_commitment_and_shares,0.026234971,0.026209130
8,83,receive_authenticate_accumulate,0.017239119,0.017239000
8,83,receive_authenticate_accumulate,0.000053444,0.000053074
8,83,receive_authenticate_accumulate,0.017219823,0.017219722
8,83,receive_authenticate_accumulate,0.000053500,0.000053241
8,83,receive_authenticate_accumulate,0.017264767,0.017234852
8,83,receive_authenticate_accumulate,0.000055648,0.000055463
8,83,receive_authenticate_accumulate,0.017226619,0.017226537
8,83,receive_authenticate_accumulate,0.000053629,0.000053500
8,83,receive_authenticate_accumulate,0.017219804,0.017219537
8,83,receive_authenticate_accumulate,0.000052444,0.000052389
8,83,receive_authenticate_accumulate,0.017220953,0.017221056
8,83,receive_authenticate_accumulate,0.000054167,0.000054093
8,83,receive_authenticate_accumulate,0.017224286,0.017224371
8,83,receive_authenticate_accumulate,0.000053222,0.000053000
8,83,receive_authenticate_accumulate,0.017279953,0.017247277
8,83,receive_authenticate_accumulate,0.000055129,0.000055148
8,83,receive_authenticate_accumulate,0.017219860,0.017219834
8,83,receive_authenticate_accumulate,0.000053963,0.000054037
8,83,receive_authenticate_accumulate,0.017227434,0.017227463
8,83,receive_authenticate_accumulate,0.000053185,0.000053056
8,83,round_coverage,0.000003537,0.000003148
8,83,spatial_report,0.000039685,0.000039351
8,84,round_reset,0.000009518,0.000008130
8,84,receive_authenticate_accumulate,0.017232250,0.017232259
8,84,receive_authenticate_accumulate,0.000052796,0.000052797
8,84,receive_authenticate_accumulate,0.017264454,0.017239667
8,84,receive_authenticate_accumulate,0.000052573,0.000052519
8,84,receive_authenticate_accumulate,0.017229251,0.017229185
8,84,receive_authenticate_accumulate,0.000054481,0.000054093
8,84,receive_authenticate_accumulate,0.017227176,0.017227203
8,84,receive_authenticate_accumulate,0.000054740,0.000054778
8,84,receive_authenticate_accumulate,0.017221307,0.017221352
8,84,receive_authenticate_accumulate,0.000053018,0.000053018
8,84,receive_authenticate_accumulate,0.017219418,0.017219555
8,84,receive_authenticate_accumulate,0.000053315,0.000053148
8,84,receive_authenticate_accumulate,0.017233195,0.017233315
8,84,receive_authenticate_accumulate,0.000058666,0.000058333
8,84,receive_authenticate_accumulate,0.017230214,0.017230166
8,84,receive_authenticate_accumulate,0.000055666,0.000055500
8,84,receive_authenticate_accumulate,0.017238806,0.017238796
8,84,receive_authenticate_accumulate,0.000054907,0.000054889
8,84,receive_authenticate_accumulate,0.017225639,0.017225574
8,84,receive_authenticate_accumulate,0.000054407,0.000054463
8,84,reading_commitment_and_shares,0.026224233,0.026224555
8,84,receive_authenticate_accumulate,0.017220732,0.017220870
8,84,receive_authenticate_accumulate,0.000054352,0.000054185
8,84,receive_authenticate_accumulate,0.017230584,0.017230555
8,84,receive_authenticate_accumulate,0.000054907,0.000054833
8,84,receive_authenticate_accumulate,0.017229862,0.017229963
8,84,receive_authenticate_accumulate,0.000055166,0.000055056
8,84,receive_authenticate_accumulate,0.017226158,0.017226074
8,84,receive_authenticate_accumulate,0.000053221,0.000053000
8,84,receive_authenticate_accumulate,0.017218658,0.017218815
8,84,receive_authenticate_accumulate,0.000054240,0.000054241
8,84,receive_authenticate_accumulate,0.017254603,0.017228055
8,84,receive_authenticate_accumulate,0.000054963,0.000054611
8,84,receive_authenticate_accumulate,0.017226270,0.017226222
8,84,receive_authenticate_accumulate,0.000054315,0.000054074
8,84,receive_authenticate_accumulate,0.017222325,0.017222278
8,84,receive_authenticate_accumulate,0.000055018,0.000054777
8,84,receive_authenticate_accumulate,0.017228418,0.017228315
8,84,receive_authenticate_accumulate,0.000055314,0.000055074
8,84,receive_authenticate_accumulate,0.017220677,0.017220593
8,84,receive_authenticate_accumulate,0.000056851,0.000056630
8,84,round_coverage,0.000003445,0.000002777
8,84,spatial_report,0.000041759,0.000041352
8,85,round_reset,0.000009130,0.000007796
8,85,receive_authenticate_accumulate,0.017225696,0.017226315
8,85,receive_authenticate_accumulate,0.000054962,0.000054612
8,85,receive_authenticate_accumulate,0.017232493,0.017232463
8,85,receive_authenticate_accumulate,0.000055203,0.000055167
8,85,receive_authenticate_accumulate,0.017223660,0.017223648
8,85,receive_authenticate_accumulate,0.000054462,0.000054444
8,85,receive_authenticate_accumulate,0.017256807,0.017233445
8,85,receive_authenticate_accumulate,0.000054592,0.000054333
8,85,receive_authenticate_accumulate,0.017224845,0.017224889
8,85,receive_authenticate_accumulate,0.000055611,0.000055500
8,85,receive_authenticate_accumulate,0.017279585,0.017235352
8,85,receive_authenticate_accumulate,0.000056259,0.000056241
8,85,receive_authenticate_accumulate,0.017226548,0.017226666
8,85,receive_authenticate_accumulate,0.000054481,0.000054408
8,85,receive_authenticate_accumulate,0.017226030,0.017226000
8,85,receive_authenticate_accumulate,0.000055036,0.000054963
8,85,receive_authenticate_accumulate,0.017230067,0.017230000
8,85,receive_authenticate_accumulate,0.000055259,0.000055111
8,85,receive_authenticate_accumulate,0.017233456,0.017233407
8,85,receive_authenticate_accumulate,0.000055555,0.000055074
8,85,reading_commitment_and_shares,0.026200940,0.026201130
8,85,receive_authenticate_accumulate,0.017219104,0.017219037
8,85,receive_authenticate_accumulate,0.000055703,0.000055463
8,85,receive_authenticate_accumulate,0.017223919,0.017223945
8,85,receive_authenticate_accumulate,0.000054722,0.000054703
8,85,receive_authenticate_accumulate,0.017220511,0.017220630
8,85,receive_authenticate_accumulate,0.000055721,0.000055574
8,85,receive_authenticate_accumulate,0.017260623,0.017240963
8,85,receive_authenticate_accumulate,0.000055777,0.000055740
8,85,receive_authenticate_accumulate,0.017227789,0.017227666
8,85,receive_authenticate_accumulate,0.000054222,0.000054167
8,85,receive_authenticate_accumulate,0.017221827,0.017221815
8,85,receive_authenticate_accumulate,0.000055092,0.000054926
8,85,receive_authenticate_accumulate,0.017259233,0.017236944
8,85,receive_authenticate_accumulate,0.000054758,0.000054481
8,85,receive_authenticate_accumulate,0.017225290,0.017225370
8,85,receive_authenticate_accumulate,0.000054851,0.000054870
8,85,receive_authenticate_accumulate,0.017222697,0.017222685
8,85,receive_authenticate_accumulate,0.000055740,0.000055722
8,85,receive_authenticate_accumulate,0.017228364,0.017228500
8,85,receive_authenticate_accumulate,0.000054592,0.000054482
8,85,round_coverage,0.000003370,0.000002926
8,85,spatial_report,0.000042000,0.000041722
8,86,round_reset,0.000008851,0.000007537
8,86,receive_authenticate_accumulate,0.017218421,0.017218611
8,86,receive_authenticate_accumulate,0.000055203,0.000055055
8,86,receive_authenticate_accumulate,0.017224753,0.017224870
8,86,receive_authenticate_accumulate,0.000056406,0.000056370
8,86,receive_authenticate_accumulate,0.017227939,0.017228018
8,86,receive_authenticate_accumulate,0.000055648,0.000055629
8,86,receive_authenticate_accumulate,0.017231291,0.017231407
8,86,receive_authenticate_accumulate,0.000055055,0.000054963
8,86,receive_authenticate_accumulate,0.017230180,0.017230315
8,86,receive_authenticate_accumulate,0.000056721,0.000056408
8,86,receive_authenticate_accumulate,0.017261513,0.017234352
8,86,receive_authenticate_accumulate,0.000055907,0.000055722
8,86,receive_authenticate_accumulate,0.017233513,0.017233666
8,86,receive_authenticate_accumulate,0.000055129,0.000055130
8,86,receive_authenticate_accumulate,0.017226680,0.017226611
8,86,receive_authenticate_accumulate,0.000055647,0.000055407
8,86,receive_authenticate_accumulate,0.017226587,0.017226093
8,86,receive_authenticate_accumulate,0.000055129,0.000055019
8,86,receive_authenticate_accumulate,0.017225828,0.017225741
8,86,receive_authenticate_accumulate,0.000055852,0.000055760
8,86,reading_commitment_and_shares,0.026200720,0.026201074
8,86,receive_authenticate_accumulate,0.017224828,0.017224870
8,86,receive_authenticate_accumulate,0.000054703,0.000054777
8,86,receive_authenticate_accumulate,0.017225680,0.017225945
8,86,receive_authenticate_accumulate,0.000055851,0.000055833
8,86,receive_authenticate_accumulate,0.017225625,0.017225481
8,86,receive_authenticate_accumulate,0.000057999,0.000057740
8,86,receive_authenticate_accumulate,0.017243217,0.017243389
8,86,receive_authenticate_accumulate,0.000056573,0.000056426
8,86,receive_authenticate_accumulate,0.017231476,0.017231463
8,86,receive_authenticate_accumulate,0.000055962,0.000055889
8,86,receive_authenticate_accumulate,0.017221939,0.017221982
8,86,receive_authenticate_accumulate,0.000056111,0.000055945
8,86,receive_authenticate_accumulate,0.017228309,0.017228481
8,86,receive_authenticate_accumulate,0.000055148,0.000055092
8,86,receive_authenticate_accumulate,0.017235735,0.017235685
8,86,receive_authenticate_accumulate,0.000055315,0.000055019
8,86,receive_authenticate_accumulate,0.017276050,0.017247870
8,86,receive_authenticate_accumulate,0.000055722,0.000055537
8,86,receive_authenticate_accumulate,0.017218272,0.017218352
8,86,receive_authenticate_accumulate,0.000071110,0.000070685
8,86,round_coverage,0.000003500,0.000003000
8,86,spatial_report,0.000041019,0.000040481
8,87,round_reset,0.000010296,0.000009111
8,87,receive_authenticate_accumulate,0.017233607,0.017233574
8,87,receive_authenticate_accumulate,0.000054888,0.000054797
8,87,receive_authenticate_accumulate,0.017220218,0.017220167
8,87,receive_authenticate_accumulate,0.000054148,0.000054037
8,87,receive_authenticate_accumulate,0.017226829,0.017226907
8,87,receive_authenticate_accumulate,0.000054592,0.000054575
8,87,receive_authenticate_accumulate,0.017232829,0.017232814
8,87,receive_authenticate_accumulate,0.000056314,0.000056204
8,87,receive_authenticate_accumulate,0.017229403,0.017229444
8,87,receive_authenticate_accumulate,0.000055369,0.000055296
8,87,receive_authenticate_accumulate,0.017220237,0.017220314
8,87,receive_authenticate_accumulate,0.000055907,0.000055778
8,87,receive_authenticate_accumulate,0.017218867,0.017218740
8,87,receive_authenticate_accumulate,0.000054333,0.000054352
8,87,receive_authenticate_accumulate,0.017265163,0.017237779
8,87,receive_authenticate_accumulate,0.000054240,0.000054167
8,87,receive_authenticate_accumulate,0.017229089,0.017229167
8,87,receive_authenticate_accumulate,0.000055073,0.000054851
8,87,receive_authenticate_accumulate,0.017218274,0.017218037
8,87,receive_authenticate_accumulate,0.000055555,0.000055519
8,87,reading_commitment_and_shares,0.026190315,0.026190426
8,87,receive_authenticate_accumulate,0.017224571,0.017224481
8,87,receive_authenticate_accumulate,0.000055722,0.000055592
8,87,receive_authenticate_accumulate,0.017230551,0.017230463
8,87,receive_authenticate_accumulate,0.000054129,0.000054019
8,87,receive_authenticate_accumulate,0.017227385,0.017227333
8,87,receive_authenticate_accumulate,0.000055722,0.000055482
8,87,receive_authenticate_accumulate,0.017230551,0.017230408
8,87,receive_authenticate_accumulate,0.000073406,0.000073315
8,87,receive_authenticate_accumulate,0.017226626,0.017226593
8,87,receive_authenticate_accumulate,0.000057092,0.000056852
8,87,receive_authenticate_accumulate,0.017266643,0.017266870
8,87,receive_authenticate_accumulate,0.000057481,0.000057371
8,87,receive_authenticate_accumulate,0.017225404,0.017225371
8,87,receive_authenticate_accumulate,0.000057592,0.000057352
8,87,receive_authenticate_accumulate,0.017226218,0.017226129
8,87,receive_authenticate_accumulate,0.000057166,0.000057111
8,87,receive_authenticate_accumulate,0.017242329,0.017242388
8,87,receive_authenticate_accumulate,0.000056796,0.000056778
8,87,receive_authenticate_accumulate,0.017228478,0.017228408
8,87,receive_authenticate_accumulate,0.000055647,0.000055518
8,87,round_coverage,0.000003500,0.000002963
8,87,spatial_report,0.000040574,0.000040481
8,88,round_reset,0.000010092,0.000008870
8,88,receive_authenticate_accumulate,0.017227331,0.017227278
8,88,receive_authenticate_accumulate,0.000057370,0.000056685
8,88,receive_authenticate_accumulate,0.017233830,0.017233871
8,88,receive_authenticate_accumulate,0.000056574,0.000056426
8,88,receive_authenticate_accumulate,0.017229534,0.017229703
8,88,receive_authenticate_accumulate,0.000056648,0.000056518
8,88,receive_authenticate_accumulate,0.017226775,0.017226797
8,88,receive_authenticate_accumulate,0.000057833,0.000057445
8,88,receive_authenticate_accumulate,0.017229997,0.017230092
8,88,receive_authenticate_accumulate,0.000056481,0.000056278
8,88,receive_authenticate_accumulate,0.017232275,0.017232130
8,88,receive_authenticate_accumulate,0.000055573,0.000055463
8,88,receive_authenticate_accumulate,0.017226997,0.017226981
8,88,receive_authenticate_accumulate,0.000055592,0.000055574
8,88,receive_authenticate_accumulate,0.017232164,0.017232055
8,88,receive_authenticate_accumulate,0.000055963,0.000055981
8,88,receive_authenticate_accumulate,0.017263794,0.017239315
8,88,receive_authenticate_accumulate,0.000055500,0.000055370
8,88,receive_authenticate_accumulate,0.017226664,0.017226592
8,88,receive_authenticate_accumulate,0.000056592,0.000056481
8,88,reading_commitment_and_shares,0.026193391,0.026193573
8,88,receive_authenticate_accumulate,0.017220553,0.017220574
8,88,receive_authenticate_accumulate,0.000055759,0.000055667
8,88,receive_authenticate_accumulate,0.017226312,0.017226240
8,88,receive_authenticate_accumulate,0.000055778,0.000055703
8,88,receive_authenticate_accumulate,0.017227275,0.017227185
8,88,receive_authenticate_accumulate,0.000079055,0.000078815
8,88,receive_authenticate_accumulate,0.017221887,0.017221796
8,88,receive_authenticate_accumulate,0.000056222,0.000056111
8,88,receive_authenticate_accumulate,0.017227405,0.017227481
8,88,receive_authenticate_accumulate,0.000056815,0.000056592
8,88,receive_authenticate_accumulate,0.017223794,0.017223592
8,88,receive_authenticate_accumulate,0.000056258,0.000056166
8,88,receive_authenticate_accumulate,0.017224146,0.017224019
8,88,receive_authenticate_accumulate,0.000056185,0.000055944
8,88,receive_authenticate_accumulate,0.017225571,0.017225519
8,88,receive_authenticate_accumulate,0.000059463,0.000059278
8,88,receive_authenticate_accumulate,0.017282627,0.017282519
8,88,receive_authenticate_accumulate,0.000058147,0.000058074
8,88,receive_authenticate_accumulate,0.017251275,0.017251241
8,88,receive_authenticate_accumulate,0.000056203,0.000056111
8,88,round_coverage,0.000003518,0.000003019
8,88,spatial_report,0.000041351,0.000041130
8,89,round_reset,0.000008611,0.000007223
8,89,receive_authenticate_accumulate,0.017254498,0.017254740
8,89,receive_authenticate_accumulate,0.000053629,0.000053408
8,89,receive_authenticate_accumulate,0.017224943,0.017224815
8,89,receive_authenticate_accumulate,0.000055203,0.000055148
8,89,receive_authenticate_accumulate,0.017328090,0.017260316
8,89,receive_authenticate_accumulate,0.000055407,0.000055111
8,89,receive_authenticate_accumulate,0.017227017,0.017227074
8,89,receive_authenticate_accumulate,0.000055036,0.000054870
8,89,receive_authenticate_accumulate,0.017225832,0.017225722
8,89,receive_authenticate_accumulate,0.000052907,0.000052778
8,89,receive_authenticate_accumulate,0.017220591,0.017220537
8,89,receive_authenticate_accumulate,0.000054463,0.000054426
8,89,receive_authenticate_accumulate,0.017221517,0.017221704
8,89,receive_authenticate_accumulate,0.000053166,0.000053241
8,89,receive_authenticate_accumulate,0.017229665,0.017229741
8,89,receive_authenticate_accumulate,0.000054204,0.000054167
8,89,receive_authenticate_accumulate,0.017226869,0.017226907
8,89,receive_authenticate_accumulate,0.000053759,0.000053666
8,89,receive_authenticate_accumulate,0.017211684,0.017211759
8,89,receive_authenticate_accumulate,0.000054407,0.000054370
8,89,reading_commitment_and_shares,0.026239374,0.026211518
8,89,receive_authenticate_accumulate,0.017276053,0.017245778
8,89,receive_authenticate_accumulate,0.000055221,0.000054888
8,89,receive_authenticate_accumulate,0.017263554,0.017235222
8,89,receive_authenticate_accumulate,0.000053240,0.000053222
8,89,receive_authenticate_accumulate,0.017228536,0.017228630
8,89,receive_authenticate_accumulate,0.000076333,0.000075667
8,89,receive_authenticate_accumulate,0.017217517,0.017217426
8,89,receive_authenticate_accumulate,0.000054222,0.000054111
8,89,receive_authenticate_accumulate,0.017273017,0.017245425
8,89,receive_authenticate_accumulate,0.000054759,0.000054666
8,89,receive_authenticate_accumulate,0.017234795,0.017234926
8,89,receive_authenticate_accumulate,0.000053110,0.000053111
8,89,receive_authenticate_accumulate,0.017227888,0.017227945
8,89,receive_authenticate_accumulate,0.000053240,0.000053018
8,89,receive_authenticate_accumulate,0.017226721,0.017226723
8,89,receive_authenticate_accumulate,0.000054704,0.000054630
8,89,receive_authenticate_accumulate,0.017225851,0.017225833
8,89,receive_authenticate_accumulate,0.000055166,0.000055056
8,89,receive_authenticate_accumulate,0.017232573,0.017232463
8,89,receive_authenticate_accumulate,0.000054314,0.000054296
8,89,round_coverage,0.000003426,0.000002982
8,89,spatial_report,0.000041499,0.000041277
8,89,billing_report,0.000439089,0.000438815
9,90,period_reset,0.000025222,0.000024019
9,90,receive_authenticate_accumulate,0.000095332,0.000095129
9,90,receive_authenticate_accumulate,0.000091296,0.000090963
9,90,receive_authenticate_accumulate,0.000091295,0.000091037
9,90,receive_authenticate_accumulate,0.000091721,0.000091278
9,90,receive_authenticate_accumulate,0.000091944,0.000091500
9,90,receive_authenticate_accumulate,0.000134184,0.000134204
9,90,receive_authenticate_accumulate,0.000090999,0.000090481
9,90,receive_authenticate_accumulate,0.000123017,0.000122685
9,90,receive_authenticate_accumulate,0.000062851,0.000062352
9,90,receive_authenticate_accumulate,0.000062351,0.000061963
9,90,randomness_commit,0.000546846,0.000546630
9,90,receive_authenticate_accumulate,0.000060221,0.000060167
9,90,receive_authenticate_accumulate,0.000062073,0.000061815
9,90,receive_authenticate_accumulate,0.000062500,0.000062259
9,90,receive_authenticate_accumulate,0.000061574,0.000061463
9,90,receive_authenticate_accumulate,0.000062240,0.000061704
9,90,receive_authenticate_accumulate,0.000062296,0.000061870
9,90,receive_authenticate_accumulate,0.000062333,0.000062055
9,90,receive_authenticate_accumulate,0.000063500,0.000063278
9,90,receive_authenticate_accumulate,0.000062980,0.000062704
9,90,receive_authenticate_accumulate,0.000057018,0.000056574
9,90,receive_authenticate_accumulate,0.000074814,0.000074907
9,90,receive_authenticate_accumulate,0.000076666,0.000076408
9,90,receive_authenticate_accumulate,0.000076203,0.000076000
9,90,receive_authenticate_accumulate,0.000075259,0.000075037
9,90,receive_authenticate_accumulate,0.000075944,0.000075741
9,90,receive_authenticate_accumulate,0.000075370,0.000075018
9,90,receive_authenticate_accumulate,0.000074647,0.000074519
9,90,receive_authenticate_accumulate,0.000074796,0.000074667
9,90,receive_authenticate_accumulate,0.000074814,0.000074666
9,90,receive_authenticate_accumulate,0.000075592,0.000075352
9,90,randomness_reveal,0.000525551,0.000524963
9,90,receive_authenticate_accumulate,0.000071907,0.000071760
9,90,receive_authenticate_accumulate,0.000075296,0.000074926
9,90,receive_authenticate_accumulate,0.000048352,0.000048112
9,90,receive_authenticate_accumulate,0.000047092,0.000046667
9,90,receive_authenticate_accumulate,0.000045130,0.000044926
9,90,receive_authenticate_accumulate,0.000048129,0.000047908
9,90,receive_authenticate_accumulate,0.000048944,0.000048685
9,90,receive_authenticate_accumulate,0.000046055,0.000045889
9,90,receive_authenticate_accumulate,0.000047073,0.000046741
9,90,receive_authenticate_accumulate,0.000051130,0.000050944
9,90,committee_selection,0.000082055,0.000081704
9,90,round_reset,0.000004259,0.000003926
9,90,receive_authenticate_accumulate,0.017230444,0.017230519
9,90,receive_authenticate_accumulate,0.000054703,0.000054463
9,90,receive_authenticate_accumulate,0.017237648,0.017237796
9,90,receive_authenticate_accumulate,0.000055555,0.000055407
9,90,receive_authenticate_accumulate,0.017229814,0.017229741
9,90,receive_authenticate_accumulate,0.000055203,0.000055019
9,90,receive_authenticate_accumulate,0.017233555,0.017233629
9,90,receive_authenticate_accumulate,0.000056018,0.000055852
9,90,receive_authenticate_accumulate,0.017220426,0.017220629
9,90,receive_authenticate_accumulate,0.000055092,0.000054759
9,90,receive_authenticate_accumulate,0.017226908,0.017226833
9,90,receive_authenticate_accumulate,0.000056685,0.000056518
9,90,receive_authenticate_accumulate,0.017231426,0.017231500
9,90,receive_authenticate_accumulate,0.000053741,0.000053389
9,90,receive_authenticate_accumulate,0.017230870,0.017231000
9,90,receive_authenticate_accumulate,0.000055629,0.000055630
9,90,receive_authenticate_accumulate,0.017262166,0.017236278
9,90,receive_authenticate_accumulate,0.000054518,0.000054370
9,90,receive_authenticate_accumulate,0.017228315,0.017228425
9,90,receive_authenticate_accumulate,0.000055685,0.000055592
9,90,reading_commitment_and_shares,0.026195228,0.026195277
9,90,receive_authenticate_accumulate,0.017222556,0.017222685
9,90,receive_authenticate_accumulate,0.000053777,0.000053704
9,90,receive_authenticate_accumulate,0.017222370,0.017222426
9,90,receive_authenticate_accumulate,0.000054999,0.000054778
9,90,receive_authenticate_accumulate,0.017224889,0.017225000
9,90,receive_authenticate_accumulate,0.000054907,0.000054685
9,90,receive_authenticate_accumulate,0.017226760,0.017226777
9,90,receive_authenticate_accumulate,0.000054888,0.000054834
9,90,receive_authenticate_accumulate,0.017228852,0.017228907
9,90,receive_authenticate_accumulate,0.000054869,0.000054704
9,90,receive_authenticate_accumulate,0.017232148,0.017232167
9,90,receive_authenticate_accumulate,0.000055184,0.000054981
9,90,receive_authenticate_accumulate,0.017235277,0.017235204
9,90,receive_authenticate_accumulate,0.000055352,0.000055148
9,90,receive_authenticate_accumulate,0.017226630,0.017226796
9,90,receive_authenticate_accumulate,0.000055852,0.000055462
9,90,receive_authenticate_accumulate,0.017229981,0.017230111
9,90,receive_authenticate_accumulate,0.000054870,0.000054630
9,90,receive_authenticate_accumulate,0.017246297,0.017228611
9,90,receive_authenticate_accumulate,0.000055815,0.000055574
9,90,round_coverage,0.000003944,0.000003426
9,90,spatial_report,0.000041204,0.000040926
9,91,round_reset,0.000009741,0.000008370
9,91,receive_authenticate_accumulate,0.017244853,0.017245167
9,91,receive_authenticate_accumulate,0.000058703,0.000058537
9,91,receive_authenticate_accumulate,0.017227353,0.017227351
9,91,receive_authenticate_accumulate,0.000054925,0.000054722
9,91,receive_authenticate_accumulate,0.017231056,0.017230981
9,91,receive_authenticate_accumulate,0.000055740,0.000055333
9,91,receive_authenticate_accumulate,0.017266945,0.017239278
9,91,receive_authenticate_accumulate,0.000056092,0.000056037
9,91,receive_authenticate_accumulate,0.017226482,0.017226611
9,91,receive_authenticate_accumulate,0.000055759,0.000055611
9,91,receive_authenticate_accumulate,0.017224964,0.017224907
9,91,receive_authenticate_accumulate,0.000055129,0.000054852
9,91,receive_authenticate_accumulate,0.017279019,0.017248889
9,91,receive_authenticate_accumulate,0.000054648,0.000054389
9,91,receive_authenticate_accumulate,0.017224982,0.017224963
9,91,receive_authenticate_accumulate,0.000055814,0.000055315
9,91,receive_authenticate_accumulate,0.017259612,0.017239574
9,91,receive_authenticate_accumulate,0.000056592,0.000056297
9,91,receive_authenticate_accumulate,0.017222945,0.017222685
9,91,receive_authenticate_accumulate,0.000055907,0.000055593
9,91,reading_commitment_and_shares,0.026250377,0.026215611
9,91,receive_authenticate_accumulate,0.017227149,0.017227056
9,91,receive_authenticate_accumulate,0.000054407,0.000054074
9,91,receive_authenticate_accumulate,0.017232667,0.017232685
9,91,receive_authenticate_accumulate,0.000054463,0.000054260
9,91,receive_authenticate_accumulate,0.017248649,0.017233279
9,91,receive_authenticate_accumulate,0.000057944,0.000057723
9,91,receive_authenticate_accumulate,0.017225649,0.017225759
9,91,receive_authenticate_accumulate,0.000059055,0.000058408
9,91,receive_authenticate_accumulate,0.017239093,0.017238685
9,91,receive_authenticate_accumulate,0.000055092,0.000054814
9,91,receive_authenticate_accumulate,0.017226760,0.017226833
9,91,receive_authenticate_accumulate,0.000055795,0.000055667
9,91,receive_authenticate_accumulate,0.017223890,0.017223962
9,91,receive_authenticate_accumulate,0.000054110,0.000053834
9,91,receive_authenticate_accumulate,0.017275316,0.017248017
9,91,receive_authenticate_accumulate,0.000056092,0.000055945
9,91,receive_authenticate_accumulate,0.017224520,0.017224666
9,91,receive_authenticate_accumulate,0.000056092,0.000055797
9,91,receive_authenticate_accumulate,0.017231983,0.017231759
9,91,receive_authenticate_accumulate,0.000055851,0.000055834
9,91,round_coverage,0.000003759,0.000003371
9,91,spatial_report,0.000039833,0.000039519
9,92,round_reset,0.000009518,0.000008185
9,92,receive_authenticate_accumulate,0.017232724,0.017232796
9,92,receive_authenticate_accumulate,0.000055814,0.000055555
9,92,receive_authenticate_accumulate,0.017224020,0.017224074
9,92,receive_authenticate_accumulate,0.000055110,0.000054982
9,92,receive_authenticate_accumulate,0.017226983,0.017226982
9,92,receive_authenticate_accumulate,0.000055981,0.000055704
9,92,receive_authenticate_accumulate,0.017228150,0.017228222
9,92,receive_authenticate_accumulate,0.000055351,0.000055148
9,92,receive_authenticate_accumulate,0.017251539,0.017251629
9,92,receive_authenticate_accumulate,0.000056036,0.000055889
9,92,receive_authenticate_accumulate,0.017219706,0.017219685
9,92,receive_authenticate_accumulate,0.000055481,0.000055241
9,92,receive_authenticate_accumulate,0.017265909,0.017240222
9,92,receive_authenticate_accumulate,0.000056981,0.000056852
9,92,receive_authenticate_accumulate,0.017221484,0.017221389
9,92,receive_authenticate_accumulate,0.000056685,0.000056445
9,92,receive_authenticate_accumulate,0.017231150,0.017231111
9,92,receive_authenticate_accumulate,0.000054851,0.000054666
9,92,receive_authenticate_accumulate,0.017229409,0.017229611
9,92,receive_authenticate_accumulate,0.000055388,0.000055333
9,92,reading_commitment_and_shares,0.026189009,0.026189111
9,92,receive_authenticate_accumulate,0.017223280,0.017223407
9,92,receive_authenticate_accumulate,0.000054018,0.000053945
9,92,receive_authenticate_accumulate,0.017226150,0.017226185
9,92,receive_authenticate_accumulate,0.000055667,0.000055592
9,92,receive_authenticate_accumulate,0.017227465,0.017227556
9,92,receive_authenticate_accumulate,0.000057518,0.000057296
9,92,receive_authenticate_accumulate,0.017228595,0.017228629
9,92,receive_authenticate_accumulate,0.000055277,0.000055019
9,92,receive_authenticate_accumulate,0.017222483,0.017222482
9,92,receive_authenticate_accumulate,0.000055203,0.000054926
9,92,receive_authenticate_accumulate,0.017227965,0.017227852
9,92,receive_authenticate_accumulate,0.000055611,0.000055334
9,92,receive_authenticate_accumulate,0.017232039,0.017232185
9,92,receive_authenticate_accumulate,0.000055870,0.000055723
9,92,receive_authenticate_accumulate,0.017228354,0.017228278
9,92,receive_authenticate_accumulate,0.000056333,0.000056075
9,92,receive_authenticate_accumulate,0.017217947,0.017218019
9,92,receive_authenticate_accumulate,0.000054722,0.000054611
9,92,receive_authenticate_accumulate,0.017282594,0.017245425
9,92,receive_authenticate_accumulate,0.000055740,0.000055555
9,92,round_coverage,0.000003741,0.000003259
9,92,spatial_report,0.000040111,0.000039796
9,93,round_reset,0.000009185,0.000007870
9,93,receive_authenticate_accumulate,0.017219577,0.017219666
9,93,receive_authenticate_accumulate,0.000054388,0.000054240
9,93,receive_authenticate_accumulate,0.017230651,0.017230556
9,93,receive_authenticate_accumulate,0.000053296,0.000053277
9,93,receive_authenticate_accumulate,0.017230984,0.017231019
9,93,receive_authenticate_accumulate,0.000054055,0.000053889
9,93,receive_authenticate_accumulate,0.017221799,0.017221889
9,93,receive_authenticate_accumulate,0.000054426,0.000053963
9,93,receive_authenticate_accumulate,0.017289577,0.017246388
9,93,receive_authenticate_accumulate,0.000055796,0.000055666
9,93,receive_authenticate_accumulate,0.017220910,0.017220797
9,93,receive_authenticate_accumulate,0.000056296,0.000056111
9,93,receive_authenticate_accumulate,0.017230152,0.017230240
9,93,receive_authenticate_accumulate,0.000055722,0.000055537
9,93,receive_authenticate_accumulate,0.017228614,0.017228722
9,93,receive_authenticate_accumulate,0.000056981,0.000056982
9,93,receive_authenticate_accumulate,0.017222355,0.017222352
9,93,receive_authenticate_accumulate,0.000056055,0.000055908
9,93,receive_authenticate_accumulate,0.017218947,0.017218981
9,93,receive_authenticate_accumulate,0.000055463,0.000055314
9,93,reading_commitment_and_shares,0.026200640,0.026200741
9,93,receive_authenticate_accumulate,0.017250725,0.017250981
9,93,receive_authenticate_accumulate,0.000054203,0.000054037
9,93,receive_authenticate_accumulate,0.017218725,0.017218648
9,93,receive_authenticate_accumulate,0.000053388,0.000053315
9,93,receive_authenticate_accumulate,0.017223337,0.017223389
9,93,receive_authenticate_accumulate,0.000054148,0.000054019
9,93,receive_authenticate_accumulate,0.017261558,0.017238668
9,93,receive_authenticate_accumulate,0.000053499,0.000053352
9,93,receive_authenticate_accumulate,0.017217021,0.017217092
9,93,receive_authenticate_accumulate,0.000054721,0.000054630
9,93,receive_authenticate_accumulate,0.017222188,0.017222408
9,93,receive_authenticate_accumulate,0.000051944,0.000051945
9,93,receive_authenticate_accumulate,0.017224059,0.017224186
9,93,receive_authenticate_accumulate,0.000053036,0.000053074
9,93,receive_authenticate_accumulate,0.017232188,0.017232166
9,93,receive_authenticate_accumulate,0.000053815,0.000053629
9,93,receive_authenticate_accumulate,0.017223799,0.017223685
9,93,receive_authenticate_accumulate,0.000054611,0.000054389
9,93,receive_authenticate_accumulate,0.017219392,0.017219277
9,93,receive_authenticate_accumulate,0.000052926,0.000052815
9,93,round_coverage,0.000004241,0.000003648
9,93,spatial_report,0.000040185,0.000039870
9,94,round_reset,0.000009408,0.000008111
9,94,receive_authenticate_accumulate,0.017230430,0.017230389
9,94,receive_authenticate_accumulate,0.000055314,0.000055111
9,94,receive_authenticate_accumulate,0.017218467,0.017218296
9,94,receive_authenticate_accumulate,0.000053333,0.000053277
9,94,receive_authenticate_accumulate,0.017224133,0.017223999
9,94,receive_authenticate_accumulate,0.000052370,0.000052056
9,94,receive_authenticate_accumulate,0.017225745,0.017225926
9,94,receive_authenticate_accumulate,0.000054647,0.000054352
9,94,receive_authenticate_accumulate,0.017253874,0.017234259
9,94,receive_authenticate_accumulate,0.000053333,0.000053185
9,94,receive_authenticate_accumulate,0.017222819,0.017222908
9,94,receive_authenticate_accumulate,0.000054055,0.000053889
9,94,receive_authenticate_accumulate,0.017221985,0.017222093
9,94,receive_authenticate_accumulate,0.000053481,0.000053500
9,94,receive_authenticate_accumulate,0.017219838,0.017219944
9,94,receive_authenticate_accumulate,0.000055925,0.000055685
9,94,receive_authenticate_accumulate,0.017258077,0.017239000
9,94,receive_authenticate_accumulate,0.000053796,0.000053648
9,94,receive_authenticate_accumulate,0.017225263,0.017225148
9,94,receive_authenticate_accumulate,0.000052944,0.000052722
9,94,reading_commitment_and_shares,0.026280603,0.026215611
9,94,receive_authenticate_accumulate,0.017229596,0.017229612
9,94,receive_authenticate_accumulate,0.000057611,0.000057407
9,94,receive_authenticate_accumulate,0.017297263,0.017274834
9,94,receive_authenticate_accumulate,0.000056407,0.000056278
9,94,receive_authenticate_accumulate,0.017216744,0.017216889
9,94,receive_authenticate_accumulate,0.000074814,0.000074667
9,94,receive_authenticate_accumulate,0.017228134,0.017228111
9,94,receive_authenticate_accumulate,0.000055481,0.000055260
9,94,receive_authenticate_accumulate,0.017257114,0.017230130
9,94,receive_authenticate_accumulate,0.000056611,0.000056371
9,94,receive_authenticate_accumulate,0.017229115,0.017229222
9,94,receive_authenticate_accumulate,0.000054758,0.000054648
9,94,receive_authenticate_accumulate,0.017230374,0.017230481
9,94,receive_authenticate_accumulate,0.000055166,0.000055130
9,94,receive_authenticate_accumulate,0.017217097,0.017217296
9,94,receive_authenticate_accumulate,0.000056000,0.000055741
9,94,receive_authenticate_accumulate,0.017225504,0.017225555
9,94,receive_authenticate_accumulate,0.000056185,0.000055908
9,94,receive_authenticate_accumulate,0.017232060,0.017231926
9,94,receive_authenticate_accumulate,0.000055166,0.000055130
9,94,round_coverage,0.000003333,0.000002833
9,94,spatial_report,0.000041703,0.000041482
9,95,round_reset,0.000009519,0.000008315
9,95,receive_authenticate_accumulate,0.017272856,0.017241315
9,95,receive_authenticate_accumulate,0.000055462,0.000055278
9,95,receive_authenticate_accumulate,0.017231171,0.017231185
9,95,receive_authenticate_accumulate,0.000054518,0.000054389
9,95,receive_authenticate_accumulate,0.017261375,0.017237019
9,95,receive_authenticate_accumulate,0.000055444,0.000054945
9,95,receive_authenticate_accumulate,0.017224930,0.017225019
9,95,receive_authenticate_accumulate,0.000054092,0.000054019
9,95,receive_authenticate_accumulate,0.017236783,0.017236815
9,95,receive_authenticate_accumulate,0.000054888,0.000054926
9,95,receive_authenticate_accumulate,0.017221079,0.017221148
9,95,receive_authenticate_accumulate,0.000055481,0.000055426
9,95,receive_authenticate_accumulate,0.017228950,0.017229167
9,95,receive_authenticate_accumulate,0.000054981,0.000054833
9,95,receive_authenticate_accumulate,0.017223949,0.017224037
9,95,receive_authenticate_accumulate,0.000054314,0.000054223
9,95,receive_authenticate_accumulate,0.017231394,0.017231518
9,95,receive_authenticate_accumulate,0.000053832,0.000053777
9,95,receive_authenticate_accumulate,0.017229819,0.017229963
9,95,receive_authenticate_accumulate,0.000055944,0.000055834
9,95,reading_commitment_and_shares,0.026189161,0.026189278
9,95,receive_authenticate_accumulate,0.017224560,0.017224648
9,95,receive_authenticate_accumulate,0.000054092,0.000053852
9,95,receive_authenticate_accumulate,0.017236708,0.017236685
9,95,receive_authenticate_accumulate,0.000055944,0.000055648
9,95,receive_authenticate_accumulate,0.017218208,0.017218186
9,95,receive_authenticate_accumulate,0.000057129,0.000061833
9,95,receive_authenticate_accumulate,0.017222783,0.017222722
9,95,receive_authenticate_accumulate,0.000055148,0.000055074
9,95,receive_authenticate_accumulate,0.017313967,0.017284149
9,95,receive_authenticate_accumulate,0.000056463,0.000056333
9,95,receive_authenticate_accumulate,0.017241949,0.017241926
9,95,receive_authenticate_accumulate,0.000055444,0.000055222
9,95,receive_authenticate_accumulate,0.017237190,0.017237389
9,95,receive_authenticate_accumulate,0.000056092,0.000055777
9,95,receive_authenticate_accumulate,0.017220783,0.017220870
9,95,receive_authenticate_accumulate,0.000055018,0.000054871
9,95,receive_authenticate_accumulate,0.017225208,0.017225315
9,95,receive_authenticate_accumulate,0.000055426,0.000055203
9,95,receive_authenticate_accumulate,0.017224394,0.017224241
9,95,receive_authenticate_accumulate,0.000055148,0.000054834
9,95,round_coverage,0.000003222,0.000002704
9,95,spatial_report,0.000040630,0.000040389
9,96,round_reset,0.000010111,0.000008741
9,96,receive_authenticate_accumulate,0.017231987,0.017232185
9,96,receive_authenticate_accumulate,0.000056129,0.000055648
9,96,receive_authenticate_accumulate,0.017230358,0.017230351
9,96,receive_authenticate_accumulate,0.000055296,0.000055092
9,96,receive_authenticate_accumulate,0.017229858,0.017229907
9,96,receive_authenticate_accumulate,0.000054777,0.000054612
9,96,receive_authenticate_accumulate,0.017230006,0.017229944
9,96,receive_authenticate_accumulate,0.000055888,0.000055667
9,96,receive_authenticate_accumulate,0.017241191,0.017241315
9,96,receive_authenticate_accumulate,0.000056240,0.000056204
9,96,receive_authenticate_accumulate,0.017219099,0.017219129
9,96,receive_authenticate_accumulate,0.000055907,0.000055704
9,96,receive_authenticate_accumulate,0.017226395,0.017226537
9,96,receive_authenticate_accumulate,0.000054666,0.000054389
9,96,receive_authenticate_accumulate,0.017220987,0.017221111
9,96,receive_authenticate_accumulate,0.000055388,0.000055260
9,96,receive_authenticate_accumulate,0.017288560,0.017249685
9,96,receive_authenticate_accumulate,0.000055000,0.000054666
9,96,receive_authenticate_accumulate,0.017224191,0.017224334
9,96,receive_authenticate_accumulate,0.000055500,0.000055333
9,96,reading_commitment_and_shares,0.026234774,0.026207148
9,96,receive_authenticate_accumulate,0.017218098,0.017218148
9,96,receive_authenticate_accumulate,0.000054500,0.000054278
9,96,receive_authenticate_accumulate,0.017269839,0.017242816
9,96,receive_authenticate_accumulate,0.000054962,0.000054741
9,96,receive_authenticate_accumulate,0.017293486,0.017260667
9,96,receive_authenticate_accumulate,0.000054148,0.000053926
9,96,receive_authenticate_accumulate,0.017228098,0.017227981
9,96,receive_authenticate_accumulate,0.000055240,0.000055037
9,96,receive_authenticate_accumulate,0.017238894,0.017238796
9,96,receive_authenticate_accumulate,0.000054203,0.000053926
9,96,receive_authenticate_accumulate,0.017226172,0.017226093
9,96,receive_authenticate_accumulate,0.000055833,0.000055555
9,96,receive_authenticate_accumulate,0.017223654,0.017223630
9,96,receive_authenticate_accumulate,0.000056036,0.000055926
9,96,receive_authenticate_accumulate,0.017232321,0.017232314
9,96,receive_authenticate_accumulate,0.000057518,0.000057278
9,96,receive_authenticate_accumulate,0.017238876,0.017238796
9,96,receive_authenticate_accumulate,0.000055055,0.000054777
9,96,receive_authenticate_accumulate,0.017256875,0.017256871
9,96,receive_authenticate_accumulate,0.000056685,0.000056426
9,96,round_coverage,0.000003741,0.000003259
9,96,spatial_report,0.000041055,0.000040666
9,97,round_reset,0.000009611,0.000008315
9,97,receive_authenticate_accumulate,0.017226303,0.017226482
9,97,receive_authenticate_accumulate,0.000055574,0.000055407
9,97,receive_authenticate_accumulate,0.017265265,0.017238352
9,97,receive_authenticate_accumulate,0.000054703,0.000054575
9,97,receive_authenticate_accumulate,0.017224877,0.017224926
9,97,receive_authenticate_accumulate,0.000055370,0.000055260
9,97,receive_authenticate_accumulate,0.017266080,0.017248500
9,97,receive_authenticate_accumulate,0.000056518,0.000056241
9,97,receive_authenticate_accumulate,0.017225118,0.017224907
9,97,receive_authenticate_accumulate,0.000055610,0.000055223
9,97,receive_authenticate_accumulate,0.017224858,0.017224778
9,97,receive_authenticate_accumulate,0.000054518,0.000054444
9,97,receive_authenticate_accumulate,0.017231285,0.017231408
9,97,receive_authenticate_accumulate,0.000056851,0.000056740
9,97,receive_authenticate_accumulate,0.017237950,0.017238037
9,97,receive_authenticate_accumulate,0.000054703,0.000054463
9,97,receive_authenticate_accumulate,0.017220210,0.017220148
9,97,receive_authenticate_accumulate,0.000055555,0.000055407
9,97,receive_authenticate_accumulate,0.017227562,0.017227259
9,97,receive_authenticate_accumulate,0.000055407,0.000055148
9,97,reading_commitment_and_shares,0.026194145,0.026194222
9,97,receive_authenticate_accumulate,0.017224655,0.017224685
9,97,receive_authenticate_accumulate,0.000055148,0.000055112
9,97,receive_authenticate_accumulate,0.017229192,0.017229018
9,97,receive_authenticate_accumulate,0.000057000,0.000056926
9,97,receive_authenticate_accumulate,0.017226155,0.017226277
9,97,receive_authenticate_accumulate,0.000058111,0.000057889
9,97,receive_authenticate_accumulate,0.017273320,0.017247815
9,97,receive_authenticate_accumulate,0.000056111,0.000055889
9,97,receive_authenticate_accumulate,0.017225321,0.017225333
9,97,receive_authenticate_accumulate,0.000059407,0.000059111
9,97,receive_authenticate_accumulate,0.017228247,0.017228241
9,97,receive_authenticate_accumulate,0.000057759,0.000057500
9,97,receive_authenticate_accumulate,0.017290691,0.017247758
9,97,receive_authenticate_accumulate,0.000054518,0.000054352
9,97,receive_authenticate_accumulate,0.017237895,0.017237926
9,97,receive_authenticate_accumulate,0.000056815,0.000056519
9,97,receive_authenticate_accumulate,0.017227395,0.017227370
9,97,receive_authenticate_accumulate,0.000055704,0.000055463
9,97,receive_authenticate_accumulate,0.017276895,0.017244443
9,97,receive_authenticate_accumulate,0.000055204,0.000054963
9,97,round_coverage,0.000003648,0.000003074
9,97,spatial_report,0.000040352,0.000040111
9,98,round_reset,0.000010148,0.000008926
9,98,receive_authenticate_accumulate,0.017230637,0.017230630
9,98,receive_authenticate_accumulate,0.000054481,0.000054315
9,98,receive_authenticate_accumulate,0.017223859,0.017223982
9,98,receive_authenticate_accumulate,0.000053907,0.000053815
9,98,receive_authenticate_accumulate,0.017256729,0.017232352
9,98,receive_authenticate_accumulate,0.000057185,0.000057075
9,98,receive_authenticate_accumulate,0.017225988,0.017226185
9,98,receive_authenticate_accumulate,0.000054000,0.000053962
9,98,receive_authenticate_accumulate,0.017262767,0.017245740
9,98,receive_authenticate_accumulate,0.000057240,0.000056870
9,98,receive_authenticate_accumulate,0.017226044,0.017226092
9,98,receive_authenticate_accumulate,0.000055537,0.000055426
9,98,receive_authenticate_accumulate,0.017234396,0.017234462
9,98,receive_authenticate_accumulate,0.000055166,0.000054981
9,98,receive_authenticate_accumulate,0.017285303,0.017240796
9,98,receive_authenticate_accumulate,0.000056037,0.000055870
9,98,receive_authenticate_accumulate,0.017221267,0.017221426
9,98,receive_authenticate_accumulate,0.000055629,0.000055407
9,98,receive_authenticate_accumulate,0.017226600,0.017226778
9,98,receive_authenticate_accumulate,0.000054573,0.000054241
9,98,reading_commitment_and_shares,0.026228276,0.026228407
9,98,receive_authenticate_accumulate,0.017228155,0.017228425
9,98,receive_authenticate_accumulate,0.000056647,0.000056222
9,98,receive_authenticate_accumulate,0.017217230,0.017217482
9,98,receive_authenticate_accumulate,0.000055259,0.000055092
9,98,receive_authenticate_accumulate,0.017235322,0.017235296
9,98,receive_authenticate_accumulate,0.000057018,0.000056778
9,98,receive_authenticate_accumulate,0.017244229,0.017244296
9,98,receive_authenticate_accumulate,0.000054629,0.000054389
9,98,receive_authenticate_accumulate,0.017268229,0.017241647
9,98,receive_authenticate_accumulate,0.000057648,0.000057518
9,98,receive_authenticate_accumulate,0.017224748,0.017224852
9,98,receive_authenticate_accumulate,0.000055407,0.000055371
9,98,receive_authenticate_accumulate,0.017224618,0.017224574
9,98,receive_authenticate_accumulate,0.000055832,0.000055593
9,98,receive_authenticate_accumulate,0.017235007,0.017235111
9,98,receive_authenticate_accumulate,0.000056611,0.000056333
9,98,receive_authenticate_accumulate,0.017216711,0.017216722
9,98,receive_authenticate_accumulate,0.000056500,0.000056407
9,98,receive_authenticate_accumulate,0.017227267,0.017227315
9,98,receive_authenticate_accumulate,0.000055629,0.000055500
9,98,round_coverage,0.000003648,0.000003222
9,98,spatial_report,0.000058111,0.000057815
9,99,round_reset,0.000009297,0.000007852
9,99,receive_authenticate_accumulate,0.017262045,0.017262186
9,99,receive_authenticate_accumulate,0.000053425,0.000053186
9,99,receive_authenticate_accumulate,0.017220267,0.017220296
9,99,receive_authenticate_accumulate,0.000055629,0.000055463
9,99,receive_authenticate_accumulate,0.017294100,0.017268388
9,99,receive_authenticate_accumulate,0.000054759,0.000054482
9,99,receive_authenticate_accumulate,0.017220822,0.017220778
9,99,receive_authenticate_accumulate,0.000055648,0.000055574
9,99,receive_authenticate_accumulate,0.017261044,0.017242334
9,99,receive_authenticate_accumulate,0.000057092,0.000056926
9,99,receive_authenticate_accumulate,0.017235563,0.017235777
9,99,receive_authenticate_accumulate,0.000054388,0.000054149
9,99,receive_authenticate_accumulate,0.017232619,0.017232666
9,99,receive_authenticate_accumulate,0.000055981,0.000055759
9,99,receive_authenticate_accumulate,0.017234675,0.017234611
9,99,receive_authenticate_accumulate,0.000056092,0.000055870
9,99,receive_authenticate_accumulate,0.017294341,0.017250536
9,99,receive_authenticate_accumulate,0.000055333,0.000055241
9,99,receive_authenticate_accumulate,0.017235712,0.017235760
9,99,receive_authenticate_accumulate,0.000055981,0.000055741
9,99,reading_commitment_and_shares,0.026188648,0.026188740
9,99,receive_authenticate_accumulate,0.017230138,0.017230111
9,99,receive_authenticate_accumulate,0.000055907,0.000055796
9,99,receive_authenticate_accumulate,0.017230527,0.017230500
9,99,receive_authenticate_accumulate,0.000056518,0.000056371
9,99,receive_authenticate_accumulate,0.017233694,0.017233704
9,99,receive_authenticate_accumulate,0.000056314,0.000056037
9,99,receive_authenticate_accumulate,0.017221138,0.017221241
9,99,receive_authenticate_accumulate,0.000057110,0.000056926
9,99,receive_authenticate_accumulate,0.017219860,0.017219833
9,99,receive_authenticate_accumulate,0.000056426,0.000056259
9,99,receive_authenticate_accumulate,0.017226748,0.017226740
9,99,receive_authenticate_accumulate,0.000056648,0.000056463
9,99,receive_authenticate_accumulate,0.017263304,0.017239667
9,99,receive_authenticate_accumulate,0.000055018,0.000054797
9,99,receive_authenticate_accumulate,0.017256526,0.017236482
9,99,receive_authenticate_accumulate,0.000055888,0.000055611
9,99,receive_authenticate_accumulate,0.017224045,0.017224167
9,99,receive_authenticate_accumulate,0.000053962,0.000053796
9,99,receive_authenticate_accumulate,0.017229156,0.017229074
9,99,receive_authenticate_accumulate,0.000055389,0.000055222
9,99,round_coverage,0.000003796,0.000003352
9,99,spatial_report,0.000040296,0.000039926
9,99,billing_report,0.000422626,0.000422166
10,100,period_reset,0.000025148,0.000023870
10,100,receive_authenticate_accumulate,0.000094444,0.000094074
10,100,receive_authenticate_accumulate,0.000091147,0.000090834
10,100,receive_authenticate_accumulate,0.000093851,0.000093629
10,100,receive_authenticate_accumulate,0.000092296,0.000092000
10,100,receive_authenticate_accumulate,0.000091980,0.000091518
10,100,receive_authenticate_accumulate,0.000090296,0.000090000
10,100,receive_authenticate_accumulate,0.000091018,0.000090667
10,100,receive_authenticate_accumulate,0.000094184,0.000093833
10,100,receive_authenticate_accumulate,0.000062943,0.000062648
10,100,receive_authenticate_accumulate,0.000062518,0.000062297
10,100,randomness_commit,0.000539902,0.000539482
10,100,receive_authenticate_accumulate,0.000060981,0.000060815
10,100,receive_authenticate_accumulate,0.000062758,0.000062333
10,100,receive_authenticate_accumulate,0.000062259,0.000062129
10,100,receive_authenticate_accumulate,0.000061333,0.000061315
10,100,receive_authenticate_accumulate,0.000062036,0.000061889
10,100,receive_authenticate_accumulate,0.000061759,0.000061537
10,100,receive_authenticate_accumulate,0.000062000,0.000061851
10,100,receive_authenticate_accumulate,0.000061777,0.000061111
10,100,receive_authenticate_accumulate,0.000061407,0.000061259
10,100,receive_authenticate_accumulate,0.000062351,0.000061814
10,100,receive_authenticate_accumulate,0.000076295,0.000075741
10,100,receive_authenticate_accumulate,0.000075666,0.000075518
10,100,receive_authenticate_accumulate,0.000075425,0.000075370
10,100,receive_authenticate_accumulate,0.000075888,0.000075815
10,100,receive_authenticate_accumulate,0.000075092,0.000074760
10,100,receive_authenticate_accumulate,0.000075091,0.000074704
10,100,receive_authenticate_accumulate,0.000073240,0.000073092
10,100,receive_authenticate_accumulate,0.000075610,0.000075407
10,100,receive_authenticate_accumulate,0.000075462,0.000075259
10,100,receive_authenticate_accumulate,0.000074666,0.000074537
10,100,randomness_reveal,0.000521884,0.000521186
10,100,receive_authenticate_accumulate,0.000072962,0.000072926
10,100,receive_authenticate_accumulate,0.000074351,0.000074092
10,100,receive_authenticate_accumulate,0.000047759,0.000047555
10,100,receive_authenticate_accumulate,0.000047111,0.000046833
10,100,receive_authenticate_accumulate,0.000045333,0.000045148
10,100,receive_authenticate_accumulate,0.000048222,0.000047926
10,100,receive_authenticate_accumulate,0.000048221,0.000047797
10,100,receive_authenticate_accumulate,0.000045370,0.000045185
10,100,receive_authenticate_accumulate,0.000047925,0.000047723
10,100,receive_authenticate_accumulate,0.000048925,0.000048815
10,100,committee_selection,0.000083203,0.000082981
10,100,round_reset,0.000003926,0.000003482
10,100,receive_authenticate_accumulate,0.017222767,0.017222703
10,100,receive_authenticate_accumulate,0.000053500,0.000053260
10,100,receive_authenticate_accumulate,0.017215490,0.017215445
10,100,receive_authenticate_accumulate,0.000055018,0.000054851
10,100,receive_authenticate_accumulate,0.017218028,0.017218241
10,100,receive_authenticate_accumulate,0.000055444,0.000055222
10,100,receive_authenticate_accumulate,0.017241342,0.017241482
10,100,receive_authenticate_accumulate,0.000054277,0.000054092
10,100,receive_authenticate_accumulate,0.017241231,0.017241203
10,100,receive_authenticate_accumulate,0.000056296,0.000056111
10,100,receive_authenticate_accumulate,0.017244434,0.017244370
10,100,receive_authenticate_accumulate,0.000055777,0.000055518
10,100,receive_authenticate_accumulate,0.017217249,0.017217314
10,100,receive_authenticate_accumulate,0.000054907,0.000054704
10,100,receive_authenticate_accumulate,0.017226786,0.017226797
10,100,receive_authenticate_accumulate,0.000055370,0.000055148
10,100,receive_authenticate_accumulate,0.017225194,0.017225259
10,100,receive_authenticate_accumulate,0.000054611,0.000054000
10,100,receive_authenticate_accumulate,0.017217990,0.017217889
10,100,receive_authenticate_accumulate,0.000055129,0.000054871
10,100,reading_commitment_and_shares,0.026228778,0.026200333
10,100,receive_authenticate_accumulate,0.017254397,0.017229593
10,100,receive_authenticate_accumulate,0.000056536,0.000056130
10,100,receive_authenticate_accumulate,0.017219027,0.017219056
10,100,receive_authenticate_accumulate,0.000055037,0.000054777
10,100,receive_authenticate_accumulate,0.017266323,0.017240297
10,100,receive_authenticate_accumulate,0.000057259,0.000056852
10,100,receive_authenticate_accumulate,0.017229861,0.017229815
10,100,receive_authenticate_accumulate,0.000054055,0.000053796
10,100,receive_authenticate_accumulate,0.017223786,0.017223777
10,100,receive_authenticate_accumulate,0.000056018,0.000055593
10,100,receive_authenticate_accumulate,0.017228435,0.017228555
10,100,receive_authenticate_accumulate,0.000053574,0.000053352
10,100,receive_authenticate_accumulate,0.017241194,0.017241296
10,100,receive_authenticate_accumulate,0.000055499,0.000055167
10,100,receive_authenticate_accumulate,0.017228990,0.017229167
10,100,receive_authenticate_accumulate,0.000055444,0.000055278
10,100,receive_authenticate_accumulate,0.017221546,0.017221518
10,100,receive_authenticate_accumulate,0.000057092,0.000056945
10,100,receive_authenticate_accumulate,0.017224601,0.017224833
10,100,receive_authenticate_accumulate,0.000055462,0.000055259
10,100,round_coverage,0.000003703,0.000003278
10,100,spatial_report,0.000040833,0.000040388
10,101,round_reset,0.000009556,0.000007593
10,101,receive_authenticate_accumulate,0.017229435,0.017229352
10,101,receive_authenticate_accumulate,0.000054611,0.000054408
10,101,receive_authenticate_accumulate,0.017230866,0.017230926
10,101,receive_authenticate_accumulate,0.000055518,0.000055222
10,101,receive_authenticate_accumulate,0.017226699,0.017226704
10,101,receive_authenticate_accumulate,0.000055129,0.000054963
10,101,receive_authenticate_accumulate,0.017231693,0.017232352
10,101,receive_authenticate_accumulate,0.000054369,0.000054130
10,101,receive_authenticate_accumulate,0.017225786,0.017225926
10,101,receive_authenticate_accumulate,0.000055980,0.000055759
10,101,receive_authenticate_accumulate,0.017224471,0.017225055
10,101,receive_authenticate_accumulate,0.000053424,0.000053222
10,101,receive_authenticate_accumulate,0.017220454,0.017220907
10,101,receive_authenticate_accumulate,0.000054535,0.000054278
10,101,receive_authenticate_accumulate,0.017221454,0.017222185
10,101,receive_authenticate_accumulate,0.000054424,0.000054315
10,101,receive_authenticate_accumulate,0.017244472,0.017244703
10,101,receive_authenticate_accumulate,0.000056831,0.000056574
10,101,receive_authenticate_accumulate,0.017250768,0.017251389
10,101,receive_authenticate_accumulate,0.000055868,0.000055722
10,101,reading_commitment_and_shares,0.026176263,0.026177296
10,101,receive_authenticate_accumulate,0.017259379,0.017232445
10,101,receive_authenticate_accumulate,0.000055035,0.000054815
10,101,receive_authenticate_accumulate,0.017210623,0.017211296
10,101,receive_authenticate_accumulate,0.000055146,0.000055056
10,101,receive_authenticate_accumulate,0.017313360,0.017289240
10,101,receive_authenticate_accumulate,0.000054869,0.000054666
10,101,receive_authenticate_accumulate,0.017216826,0.017217204
10,101,receive_authenticate_accumulate,0.000056257,0.000056037
10,101,receive_authenticate_accumulate,0.017226845,0.017227333
10,101,receive_authenticate_accumulate,0.000056128,0.000055889
10,101,receive_authenticate_accumulate,0.017225697,0.017226259
10,101,receive_authenticate_accumulate,0.000054850,0.000054352
10,101,receive_authenticate_accumulate,0.017223142,0.017223685
10,101,receive_authenticate_accumulate,0.000055461,0.000055278
10,101,receive_authenticate_accumulate,0.017228438,0.017228778
10,101,receive_authenticate_accumulate,0.000055554,0.000055297
10,101,receive_authenticate_accumulate,0.017217734,0.017218278
10,101,receive_authenticate_accumulate,0.000055554,0.000055426
10,101,receive_authenticate_accumulate,0.017217587,0.017218093
10,101,receive_authenticate_accumulate,0.000054591,0.000054333
10,101,round_coverage,0.000003185,0.000002741
10,101,spatial_report,0.000039480,0.000039093
10,102,round_reset,0.000009407,0.000007963
10,102,receive_authenticate_accumulate,0.017235583,0.017235925
10,102,receive_authenticate_accumulate,0.000053757,0.000053556
10,102,receive_authenticate_accumulate,0.017215863,0.017216222
10,102,receive_authenticate_accumulate,0.000054479,0.000054444
10,102,receive_authenticate_accumulate,0.017225363,0.017225814
10,102,receive_authenticate_accumulate,0.000055924,0.000055686
10,102,receive_authenticate_accumulate,0.017225308,0.017225741
10,102,receive_authenticate_accumulate,0.000057035,0.000056815
10,102,receive_authenticate_accumulate,0.017231141,0.017231426
10,102,receive_authenticate_accumulate,0.000056535,0.000056259
10,102,receive_authenticate_accumulate,0.017224549,0.017225019
10,102,receive_authenticate_accumulate,0.000055628,0.000055482
10,102,receive_authenticate_accumulate,0.017220086,0.017220574
10,102,receive_authenticate_accumulate,0.000054295,0.000054186
10,102,receive_authenticate_accumulate,0.017264177,0.017251074
10,102,receive_authenticate_accumulate,0.000054368,0.000054092
10,102,receive_authenticate_accumulate,0.017230752,0.017231241
10,102,receive_authenticate_accumulate,0.000053239,0.000053148
10,102,receive_authenticate_accumulate,0.017264104,0.017241390
10,102,receive_authenticate_accumulate,0.000054813,0.000054741
10,102,reading_commitment_and_shares,0.026179998,0.026180796
10,102,receive_authenticate_accumulate,0.017217605,0.017218130
10,102,receive_authenticate_accumulate,0.000054628,0.000054481
10,102,receive_authenticate_accumulate,0.017220421,0.017220963
10,102,receive_authenticate_accumulate,0.000054313,0.000054185
10,102,receive_authenticate_accumulate,0.017231680,0.017232056
10,102,receive_authenticate_accumulate,0.000057498,0.000057222
10,102,receive_authenticate_accumulate,0.017230940,0.017231389
10,102,receive_authenticate_accumulate,0.000056961,0.000056759
10,102,receive_authenticate_accumulate,0.017223033,0.017223574
10,102,receive_authenticate_accumulate,0.000053553,0.000053352
10,102,receive_authenticate_accumulate,0.017232143,0.017232371
10,102,receive_authenticate_accumulate,0.000056998,0.000057000
10,102,receive_authenticate_accumulate,0.017223922,0.017224315
10,102,receive_authenticate_accumulate,0.000056924,0.000056740
10,102,receive_authenticate_accumulate,0.017225199,0.017225629
10,102,receive_authenticate_accumulate,0.000055590,0.000055463
10,102,receive_authenticate_accumulate,0.017235015,0.017235241
10,102,receive_authenticate_accumulate,0.000055887,0.000055630
10,102,receive_authenticate_accumulate,0.017224293,0.017224778
10,102,receive_authenticate_accumulate,0.000056350,0.000056315
10,102,round_coverage,0.000003760,0.000003260
10,102,spatial_report,0.000041110,0.000040685
10,103,round_reset,0.000008648,0.000007370
10,103,receive_authenticate_accumulate,0.017228659,0.017229259
10,103,receive_authenticate_accumulate,0.000056276,0.000056111
10,103,receive_authenticate_accumulate,0.017260899,0.017261371
10,103,receive_authenticate_accumulate,0.000052850,0.000052649
10,103,receive_authenticate_accumulate,0.017227419,0.017227722
10,103,receive_authenticate_accumulate,0.000053609,0.000053389
10,103,receive_authenticate_accumulate,0.017228994,0.017229278
10,103,receive_authenticate_accumulate,0.000053740,0.000053444
10,103,receive_authenticate_accumulate,0.017213568,0.017214074
10,103,receive_authenticate_accumulate,0.000069535,0.000069426
10,103,receive_authenticate_accumulate,0.017227290,0.017227482
10,103,receive_authenticate_accumulate,0.000053683,0.000053407
10,103,receive_authenticate_accumulate,0.017220624,0.017221130
10,103,receive_authenticate_accumulate,0.000053628,0.000053408
10,103,receive_authenticate_accumulate,0.017231698,0.017232056
10,103,receive_authenticate_accumulate,0.000054906,0.000054741
10,103,receive_authenticate_accumulate,0.017224755,0.017225223
10,103,receive_authenticate_accumulate,0.000054239,0.000054000
10,103,receive_authenticate_accumulate,0.017235143,0.017235296
10,103,receive_authenticate_accumulate,0.000053257,0.000052982
10,103,reading_commitment_and_shares,0.026235712,0.026205204
10,103,receive_authenticate_accumulate,0.017224458,0.017224778
10,103,receive_authenticate_accumulate,0.000054961,0.000054852
10,103,receive_authenticate_accumulate,0.017256661,0.017230740
10,103,receive_authenticate_accumulate,0.000055110,0.000054851
10,103,receive_authenticate_accumulate,0.017225552,0.017225815
10,103,receive_authenticate_accumulate,0.000073331,0.000073167
10,103,receive_authenticate_accumulate,0.017221996,0.017222260
10,103,receive_authenticate_accumulate,0.000055146,0.000055055
10,103,receive_authenticate_accumulate,0.017283680,0.017254480
10,103,receive_authenticate_accumulate,0.000054961,0.000054666
10,103,receive_authenticate_accumulate,0.017237347,0.017237463
10,103,receive_authenticate_accumulate,0.000053850,0.000053648
10,103,receive_authenticate_accumulate,0.017257422,0.017257833
10,103,receive_authenticate_accumulate,0.000055554,0.000055408
10,103,receive_authenticate_accumulate,0.017223423,0.017223777
10,103,receive_authenticate_accumulate,0.000056757,0.000056537
10,103,receive_authenticate_accumulate,0.017221368,0.017221852
10,103,receive_authenticate_accumulate,0.000054998,0.000054703
10,103,receive_authenticate_accumulate,0.017254719,0.017238740
10,103,receive_authenticate_accumulate,0.000055220,0.000055019
10,103,round_coverage,0.000003482,0.000003000
10,103,spatial_report,0.000039665,0.000039518
10,104,round_reset,0.000008629,0.000007555
10,104,receive_authenticate_accumulate,0.017232752,0.017233148
10,104,receive_authenticate_accumulate,0.000055461,0.000055222
10,104,receive_authenticate_accumulate,0.017222253,0.017222834
10,104,receive_authenticate_accumulate,0.000055554,0.000055352
10,104,receive_authenticate_accumulate,0.017228660,0.017229204
10,104,receive_authenticate_accumulate,0.000055480,0.000055352
10,104,receive_authenticate_accumulate,0.017226753,0.017226981
10,104,receive_authenticate_accumulate,0.000056221,0.000056055
10,104,receive_authenticate_accumulate,0.017222754,0.017223166
10,104,receive_authenticate_accumulate,0.000056721,0.000056555
10,104,receive_authenticate_accumulate,0.017223754,0.017224204
10,104,receive_authenticate_accumulate,0.000055610,0.000055408
10,104,receive_authenticate_accumulate,0.017228661,0.017229111
10,104,receive_authenticate_accumulate,0.000055794,0.000055556
10,104,receive_authenticate_accumulate,0.017236179,0.017236260
10,104,receive_authenticate_accumulate,0.000054665,0.000054408
10,104,receive_authenticate_accumulate,0.017278012,0.017250279
10,104,receive_authenticate_accumulate,0.000055221,0.000055149
10,104,receive_authenticate_accumulate,0.017227513,0.017227981
10,104,receive_authenticate_accumulate,0.000054388,0.000054407
10,104,reading_commitment_and_shares,0.026192889,0.026193667
10,104,receive_authenticate_accumulate,0.017222829,0.017223444
10,104,receive_authenticate_accumulate,0.000054943,0.000054852
10,104,receive_authenticate_accumulate,0.017226200,0.017226537
10,104,receive_authenticate_accumulate,0.000054684,0.000054444
10,104,receive_authenticate_accumulate,0.017272420,0.017244501
10,104,receive_authenticate_accumulate,0.000057406,0.000057148
10,104,receive_authenticate_accumulate,0.017231144,0.017231426
10,104,receive_authenticate_accumulate,0.000056387,0.000056148
10,104,receive_authenticate_accumulate,0.017218552,0.017218759
10,104,receive_authenticate_accumulate,0.000055961,0.000055907
10,104,receive_authenticate_accumulate,0.017222478,0.017222796
10,104,receive_authenticate_accumulate,0.000055591,0.000055463
10,104,receive_authenticate_accumulate,0.017232534,0.017232889
10,104,receive_authenticate_accumulate,0.000053961,0.000053777
10,104,receive_authenticate_accumulate,0.017226405,0.017226667
10,104,receive_authenticate_accumulate,0.000057295,0.000057259
10,104,receive_authenticate_accumulate,0.017247478,0.017247926
10,104,receive_authenticate_accumulate,0.000056258,0.000056019
10,104,receive_authenticate_accumulate,0.017227442,0.017228019
10,104,receive_authenticate_accumulate,0.000055387,0.000055092
10,104,round_coverage,0.000003760,0.000003223
10,104,spatial_report,0.000042221,0.000041834
10,105,round_reset,0.000009093,0.000007852
10,105,receive_authenticate_accumulate,0.017236399,0.017236871
10,105,receive_authenticate_accumulate,0.000054240,0.000053963
10,105,receive_authenticate_accumulate,0.017228677,0.017228908
10,105,receive_authenticate_accumulate,0.000056795,0.000056352
10,105,receive_authenticate_accumulate,0.017227603,0.017228037
10,105,receive_authenticate_accumulate,0.000055906,0.000055667
10,105,receive_authenticate_accumulate,0.017217382,0.017217740
10,105,receive_authenticate_accumulate,0.000055350,0.000055204
10,105,receive_authenticate_accumulate,0.017268584,0.017242666
10,105,receive_authenticate_accumulate,0.000056794,0.000056426
10,105,receive_authenticate_accumulate,0.017225549,0.017225871
10,105,receive_authenticate_accumulate,0.000055906,0.000055741
10,105,receive_authenticate_accumulate,0.017226123,0.017226463
10,105,receive_authenticate_accumulate,0.000055665,0.000055408
10,105,receive_authenticate_accumulate,0.017219197,0.017219630
10,105,receive_authenticate_accumulate,0.000055110,0.000054907
10,105,receive_authenticate_accumulate,0.017225790,0.017226055
10,105,receive_authenticate_accumulate,0.000055369,0.000055166
10,105,receive_authenticate_accumulate,0.017223512,0.017224000
10,105,receive_authenticate_accumulate,0.000055276,0.000055167
10,105,reading_commitment_and_shares,0.026193749,0.026194444
10,105,receive_authenticate_accumulate,0.017220827,0.017221296
10,105,receive_authenticate_accumulate,0.000055073,0.000054981
10,105,receive_authenticate_accumulate,0.017228902,0.017229222
10,105,receive_authenticate_accumulate,0.000056480,0.000056241
10,105,receive_authenticate_accumulate,0.017229087,0.017229518
10,105,receive_authenticate_accumulate,0.000072461,0.000072463
10,105,receive_authenticate_accumulate,0.017218014,0.017218462
10,105,receive_authenticate_accumulate,0.000055184,0.000055092
10,105,receive_authenticate_accumulate,0.017232329,0.017232982
10,105,receive_authenticate_accumulate,0.000056406,0.000056111
10,105,receive_authenticate_accumulate,0.017227977,0.017228389
10,105,receive_authenticate_accumulate,0.000055313,0.000055093
10,105,receive_authenticate_accumulate,0.017229903,0.017230241
10,105,receive_authenticate_accumulate,0.000054221,0.000054018
10,105,receive_authenticate_accumulate,0.017275624,0.017249501
10,105,receive_authenticate_accumulate,0.000055276,0.000055092
10,105,receive_authenticate_accumulate,0.017221756,0.017222055
10,105,receive_authenticate_accumulate,0.000055313,0.000055185
10,105,receive_authenticate_accumulate,0.017233514,0.017233814
10,105,receive_authenticate_accumulate,0.000055943,0.000055667
10,105,round_coverage,0.000004167,0.000003629
10,105,spatial_report,0.000040036,0.000039703
10,106,round_reset,0.000009148,0.000007852
10,106,receive_authenticate_accumulate,0.017222583,0.017222963
10,106,receive_authenticate_accumulate,0.000055498,0.000055278
10,106,receive_authenticate_accumulate,0.017226620,0.017226981
10,106,receive_authenticate_accumulate,0.000054146,0.000053334
10,106,receive_authenticate_accumulate,0.017231046,0.017231519
10,106,receive_authenticate_accumulate,0.000056795,0.000056704
10,106,receive_authenticate_accumulate,0.017279360,0.017250907
10,106,receive_authenticate_accumulate,0.000054480,0.000054352
10,106,receive_authenticate_accumulate,0.017232509,0.017232871
10,106,receive_authenticate_accumulate,0.000056369,0.000056334
10,106,receive_authenticate_accumulate,0.017221010,0.017221371
10,106,receive_authenticate_accumulate,0.000054905,0.000054797
10,106,receive_authenticate_accumulate,0.017259787,0.017237370
10,106,receive_authenticate_accumulate,0.000056239,0.000056037
10,106,receive_authenticate_accumulate,0.017228529,0.017228796
10,106,receive_authenticate_accumulate,0.000056369,0.000055982
10,106,receive_authenticate_accumulate,0.017215825,0.017216037
10,106,receive_authenticate_accumulate,0.000054795,0.000054611
10,106,receive_authenticate_accumulate,0.017222677,0.017222889
10,106,receive_authenticate_accumulate,0.000056609,0.000056407
10,106,reading_commitment_and_shares,0.026263902,0.026221779
10,106,receive_authenticate_accumulate,0.017228677,0.017229185
10,106,receive_authenticate_accumulate,0.000055757,0.000055500
10,106,receive_authenticate_accumulate,0.017224974,0.017225259
10,106,receive_authenticate_accumulate,0.000057016,0.000056815
10,106,receive_authenticate_accumulate,0.017218474,0.017218648
10,106,receive_authenticate_accumulate,0.000056721,0.000056463
10,106,receive_authenticate_accumulate,0.017231697,0.017231963
10,106,receive_authenticate_accumulate,0.000056146,0.000056056
10,106,receive_authenticate_accumulate,0.017213438,0.017213926
10,106,receive_authenticate_accumulate,0.000055758,0.000055611
10,106,receive_authenticate_accumulate,0.017262418,0.017236500
10,106,receive_authenticate_accumulate,0.000054831,0.000054611
10,106,receive_authenticate_accumulate,0.017229271,0.017229593
10,106,receive_authenticate_accumulate,0.000055684,0.000055426
10,106,receive_authenticate_accumulate,0.017218939,0.017219000
10,106,receive_authenticate_accumulate,0.000055017,0.000054871
10,106,receive_authenticate_accumulate,0.017219346,0.017219537
10,106,receive_authenticate_accumulate,0.000054813,0.000054611
10,106,receive_authenticate_accumulate,0.017219884,0.017220222
10,106,receive_authenticate_accumulate,0.000055832,0.000055519
10,106,round_coverage,0.000003556,0.000003092
10,106,spatial_report,0.000040147,0.000039722
10,107,round_reset,0.000009333,0.000008074
10,107,receive_authenticate_accumulate,0.017217691,0.017217908
10,107,receive_authenticate_accumulate,0.000054350,0.000054037
10,107,receive_authenticate_accumulate,0.017258079,0.017258426
10,107,receive_authenticate_accumulate,0.000056331,0.000056148
10,107,receive_authenticate_accumulate,0.017241987,0.017242222
10,107,receive_authenticate_accumulate,0.000055943,0.000055704
10,107,receive_authenticate_accumulate,0.017213933,0.017214296
10,107,receive_authenticate_accumulate,0.000056276,0.000056111
10,107,receive_authenticate_accumulate,0.017223599,0.017223797
10,107,receive_authenticate_accumulate,0.000056869,0.000056611
10,107,receive_authenticate_accumulate,0.017221043,0.017221463
10,107,receive_authenticate_accumulate,0.000055776,0.000055574
10,107,receive_authenticate_accumulate,0.017312060,0.017260778
10,107,receive_authenticate_accumulate,0.000053924,0.000053704
10,107,receive_authenticate_accumulate,0.017260451,0.017236259
10,107,receive_authenticate_accumulate,0.000055461,0.000055056
10,107,receive_authenticate_accumulate,0.017229267,0.017229500
10,107,receive_authenticate_accumulate,0.000055313,0.000055130
10,107,receive_authenticate_accumulate,0.017231248,0.017231482
10,107,receive_authenticate_accumulate,0.000055091,0.000054963
10,107,reading_commitment_and_shares,0.026202205,0.026202851
10,107,receive_authenticate_accumulate,0.017221286,0.017221648
10,107,receive_authenticate_accumulate,0.000054351,0.000054148
10,107,receive_authenticate_accumulate,0.017233860,0.017234222
10,107,receive_authenticate_accumulate,0.000055498,0.000055222
10,107,receive_authenticate_accumulate,0.017268859,0.017268500
10,107,receive_authenticate_accumulate,0.000054684,0.000054592
10,107,receive_authenticate_accumulate,0.017226434,0.017226741
10,107,receive_authenticate_accumulate,0.000055572,0.000055463
10,107,receive_authenticate_accumulate,0.017221805,0.017221981
10,107,receive_authenticate_accumulate,0.000055684,0.000055611
10,107,receive_authenticate_accumulate,0.017234935,0.017235407
10,107,receive_authenticate_accumulate,0.000057720,0.000057426
10,107,receive_authenticate_accumulate,0.017230509,0.017230871
10,107,receive_authenticate_accumulate,0.000057072,0.000056852
10,107,receive_authenticate_accumulate,0.017228064,0.017228426
10,107,receive_authenticate_accumulate,0.000056776,0.000056574
10,107,receive_authenticate_accumulate,0.017234546,0.017234926
10,107,receive_authenticate_accumulate,0.000055962,0.000055778
10,107,receive_authenticate_accumulate,0.017278823,0.017240111
10,107,receive_authenticate_accumulate,0.000056461,0.000056111
10,107,round_coverage,0.000003500,0.000003130
10,107,spatial_report,0.000040999,0.000040685
10,108,round_reset,0.000008648,0.000007352
10,108,receive_authenticate_accumulate,0.017225742,0.017226018
10,108,receive_authenticate_accumulate,0.000074406,0.000074223
10,108,receive_authenticate_accumulate,0.017224984,0.017225222
10,108,receive_authenticate_accumulate,0.000052999,0.000052815
10,108,receive_authenticate_accumulate,0.017230095,0.017230444
10,108,receive_authenticate_accumulate,0.000053591,0.000053555
10,108,receive_authenticate_accumulate,0.017214984,0.017215425
10,108,receive_authenticate_accumulate,0.000054739,0.000054426
10,108,receive_authenticate_accumulate,0.017230077,0.017230278
10,108,receive_authenticate_accumulate,0.000054721,0.000054426
10,108,receive_authenticate_accumulate,0.017241947,0.017242167
10,108,receive_authenticate_accumulate,0.000056017,0.000055796
10,108,receive_authenticate_accumulate,0.017268910,0.017243093
10,108,receive_authenticate_accumulate,0.000055017,0.000054777
10,108,receive_authenticate_accumulate,0.017264132,0.017244778
10,108,receive_authenticate_accumulate,0.000055887,0.000055740
10,108,receive_authenticate_accumulate,0.017226022,0.017226315
10,108,receive_authenticate_accumulate,0.000055720,0.000055537
10,108,receive_authenticate_accumulate,0.017224337,0.017224611
10,108,receive_authenticate_accumulate,0.000056313,0.000056019
10,108,reading_commitment_and_shares,0.026198450,0.026199074
10,108,receive_authenticate_accumulate,0.017212189,0.017212723
10,108,receive_authenticate_accumulate,0.000053758,0.000053759
10,108,receive_authenticate_accumulate,0.017239004,0.017239389
10,108,receive_authenticate_accumulate,0.000055924,0.000055833
10,108,receive_authenticate_accumulate,0.017230874,0.017231241
10,108,receive_authenticate_accumulate,0.000057961,0.000057833
10,108,receive_authenticate_accumulate,0.017233375,0.017233760
10,108,receive_authenticate_accumulate,0.000057295,0.000057093
10,108,receive_authenticate_accumulate,0.017243597,0.017243926
10,108,receive_authenticate_accumulate,0.000055776,0.000055444
10,108,receive_authenticate_accumulate,0.017295892,0.017249721
10,108,receive_authenticate_accumulate,0.000056647,0.000056055
10,108,receive_authenticate_accumulate,0.017222895,0.017223222
10,108,receive_authenticate_accumulate,0.000055684,0.000055649
10,108,receive_authenticate_accumulate,0.017230265,0.017230667
10,108,receive_authenticate_accumulate,0.000055387,0.000055296
10,108,receive_authenticate_accumulate,0.017234487,0.017234463
10,108,receive_authenticate_accumulate,0.000056165,0.000056018
10,108,receive_authenticate_accumulate,0.017230153,0.017230389
10,108,receive_authenticate_accumulate,0.000055739,0.000055519
10,108,round_coverage,0.000003555,0.000003111
10,108,spatial_report,0.000040203,0.000039982
10,109,round_reset,0.000010426,0.000009111
10,109,receive_authenticate_accumulate,0.017233571,0.017233944
10,109,receive_authenticate_accumulate,0.000055332,0.000055130
10,109,receive_authenticate_accumulate,0.017242701,0.017243741
10,109,receive_authenticate_accumulate,0.000057220,0.000057074
10,109,receive_authenticate_accumulate,0.017234923,0.017235259
10,109,receive_authenticate_accumulate,0.000054814,0.000054611
10,109,receive_authenticate_accumulate,0.017235312,0.017235704
10,109,receive_authenticate_accumulate,0.000054518,0.000054352
10,109,receive_authenticate_accumulate,0.017252590,0.017241333
10,109,receive_authenticate_accumulate,0.000054758,0.000054537
10,109,receive_authenticate_accumulate,0.017227831,0.017228444
10,109,receive_authenticate_accumulate,0.000056258,0.000055797
10,109,receive_authenticate_accumulate,0.017254165,0.017243130
10,109,receive_authenticate_accumulate,0.000054776,0.000054611
10,109,receive_authenticate_accumulate,0.017231554,0.017231963
10,109,receive_authenticate_accumulate,0.000055924,0.000055796
10,109,receive_authenticate_accumulate,0.017232759,0.017232796
10,109,receive_authenticate_accumulate,0.000056813,0.000056611
10,109,receive_authenticate_accumulate,0.017242647,0.017242870
10,109,receive_authenticate_accumulate,0.000056869,0.000056704
10,109,reading_commitment_and_shares,0.026192489,0.026193537
10,109,receive_authenticate_accumulate,0.017227684,0.017227907
10,109,receive_authenticate_accumulate,0.000057832,0.000057778
10,109,receive_authenticate_accumulate,0.017227277,0.017227426
10,109,receive_authenticate_accumulate,0.000056091,0.000055982
10,109,receive_authenticate_accumulate,0.017233370,0.017233574
10,109,receive_authenticate_accumulate,0.000079387,0.000079334
10,109,receive_authenticate_accumulate,0.017225296,0.017225630
10,109,receive_authenticate_accumulate,0.000056036,0.000055815
10,109,receive_authenticate_accumulate,0.017222019,0.017222315
10,109,receive_authenticate_accumulate,0.000057184,0.000057093
10,109,receive_authenticate_accumulate,0.017237759,0.017237982
10,109,receive_authenticate_accumulate,0.000056221,0.000056037
10,109,receive_authenticate_accumulate,0.017229907,0.017230204
10,109,receive_authenticate_accumulate,0.000056572,0.000056407
10,109,receive_authenticate_accumulate,0.017252110,0.017241296
10,109,receive_authenticate_accumulate,0.000055646,0.000055574
10,109,receive_authenticate_accumulate,0.017222723,0.017223240
10,109,receive_authenticate_accumulate,0.000056757,0.000056760
10,109,receive_authenticate_accumulate,0.017233686,0.017234055
10,109,receive_authenticate_accumulate,0.000056554,0.000056445
10,109,round_coverage,0.000003648,0.000003241
10,109,spatial_report,0.000040332,0.000040093
10,109,billing_report,0.000419471,0.000419148
11,110,period_reset,0.000024129,0.000022889
11,110,receive_authenticate_accumulate,0.000094757,0.000094518
11,110,receive_authenticate_accumulate,0.000095238,0.000095000
11,110,receive_authenticate_accumulate,0.000089572,0.000088870
11,110,receive_authenticate_accumulate,0.000093220,0.000092926
11,110,receive_authenticate_accumulate,0.000093331,0.000093297
11,110,receive_authenticate_accumulate,0.000095127,0.000094759
11,110,receive_authenticate_accumulate,0.000091090,0.000090629
11,110,receive_authenticate_accumulate,0.000092442,0.000092315
11,110,receive_authenticate_accumulate,0.000070276,0.000069981
11,110,receive_authenticate_accumulate,0.000069350,0.000069222
11,110,randomness_commit,0.000635281,0.000634796
11,110,receive_authenticate_accumulate,0.000065572,0.000065555
11,110,receive_authenticate_accumulate,0.000070720,0.000070575
11,110,receive_authenticate_accumulate,0.000070238,0.000070111
11,110,receive_authenticate_accumulate,0.000094608,0.000094704
11,110,receive_authenticate_accumulate,0.000070610,0.000070333
11,110,receive_authenticate_accumulate,0.000069720,0.000069759
11,110,receive_authenticate_accumulate,0.000069424,0.000069129
11,110,receive_authenticate_accumulate,0.000070776,0.000070463
11,110,receive_authenticate_accumulate,0.000070831,0.000070167
11,110,receive_authenticate_accumulate,0.000069554,0.000069407
11,110,receive_authenticate_accumulate,0.000083109,0.000083037
11,110,receive_authenticate_accumulate,0.000084498,0.000084518
11,110,receive_authenticate_accumulate,0.000083405,0.000083352
11,110,receive_authenticate_accumulate,0.000082979,0.000082834
11,110,receive_authenticate_accumulate,0.000084795,0.000084797
11,110,receive_authenticate_accumulate,0.000084053,0.000083944
11,110,receive_authenticate_accumulate,0.000083849,0.000083592
11,110,receive_authenticate_accumulate,0.000083591,0.000083407
11,110,receive_authenticate_accumulate,0.000083146,0.000082982
11,110,receive_authenticate_accumulate,0.000084090,0.000084037
11,110,randomness_reveal,0.000394620,0.000394333
11,110,receive_authenticate_accumulate,0.000067091,0.000067204
11,110,receive_authenticate_accumulate,0.000067702,0.000067629
11,110,receive_authenticate_accumulate,0.000068998,0.000068814
11,110,receive_authenticate_accumulate,0.000066925,0.000067018
11,110,receive_authenticate_accumulate,0.000068165,0.000068037
11,110,receive_authenticate_accumulate,0.000070998,0.000070777
11,110,receive_authenticate_accumulate,0.000068294,0.000068167
11,110,receive_authenticate_accumulate,0.000067888,0.000067944
11,110,receive_authenticate_accumulate,0.000067813,0.000067611
11,110,receive_authenticate_accumulate,0.000066683,0.000065945
11,110,committee_selection,0.000123349,0.000123334
11,110,round_reset,0.000005278,0.000004667
11,110,receive_authenticate_accumulate,0.017236270,0.017236445
11,110,receive_authenticate_accumulate,0.017234381,0.017234666
11,110,receive_authenticate_accumulate,0.017236270,0.017236500
11,110,receive_authenticate_accumulate,0.017230066,0.017221776
11,110,receive_authenticate_accumulate,0.017233678,0.017233852
11,110,receive_authenticate_accumulate,0.017232438,0.017232778
11,110,receive_authenticate_accumulate,0.017223235,0.017223519
11,110,receive_authenticate_accumulate,0.017276418,0.017248816
11,110,receive_authenticate_accumulate,0.017250141,0.017242352
11,110,receive_authenticate_accumulate,0.017225271,0.017225667
11,110,reading_commitment_and_shares,0.026201046,0.026201574
11,110,receive_authenticate_accumulate,0.017229401,0.017229722
11,110,receive_authenticate_accumulate,0.017236734,0.017237000
11,110,receive_authenticate_accumulate,0.025866981,0.025868111
11,110,receive_authenticate_accumulate,0.017234531,0.017234796
11,110,receive_authenticate_accumulate,0.017229680,0.017229870
11,110,receive_authenticate_accumulate,0.017224476,0.017224778
11,110,receive_authenticate_accumulate,0.017230976,0.017231389
11,110,receive_authenticate_accumulate,0.017232273,0.017232426
11,110,receive_authenticate_accumulate,0.017279068,0.017245277
11,110,receive_authenticate_accumulate,0.017222143,0.017222537
11,110,round_coverage,0.000004185,0.000003500
11,111,round_reset,0.000010148,0.000008945
11,111,receive_authenticate_accumulate,0.017282207,0.017255148
11,111,receive_authenticate_accumulate,0.017233708,0.017233814
11,111,receive_authenticate_accumulate,0.017235505,0.017235703
11,111,receive_authenticate_accumulate,0.017243208,0.017243574
11,111,receive_authenticate_accumulate,0.017237672,0.017237926
11,111,receive_authenticate_accumulate,0.017236024,0.017236296
11,111,receive_authenticate_accumulate,0.017227450,0.017227667
11,111,receive_authenticate_accumulate,0.017267819,0.017247964
11,111,receive_authenticate_accumulate,0.017225098,0.017225371
11,111,receive_authenticate_accumulate,0.017231302,0.017231537
11,111,reading_commitment_and_shares,0.026202991,0.026203408
11,111,receive_authenticate_accumulate,0.017227950,0.017228352
11,111,receive_authenticate_accumulate,0.017231913,0.017232055
11,111,receive_authenticate_accumulate,0.017274654,0.017248000
11,111,receive_authenticate_accumulate,0.017234358,0.017234612
11,111,receive_authenticate_accumulate,0.017239247,0.017239481
11,111,receive_authenticate_accumulate,0.017313838,0.017252242
11,111,receive_authenticate_accumulate,0.017241784,0.017241889
11,111,receive_authenticate_accumulate,0.017226933,0.017227037
11,111,receive_authenticate_accumulate,0.017227322,0.017227574
11,111,receive_authenticate_accumulate,0.017233526,0.017233741
11,111,round_coverage,0.000004315,0.000003722
11,112,round_reset,0.000008926,0.000007778
11,112,receive_authenticate_accumulate,0.017232276,0.017232481
11,112,receive_authenticate_accumulate,0.017227683,0.017227963
11,112,receive_authenticate_accumulate,0.017231294,0.017231593
11,112,receive_authenticate_accumulate,0.017307552,0.017269222
11,112,receive_authenticate_accumulate,0.017226776,0.017227019
11,112,receive_authenticate_accumulate,0.017230239,0.017230593
11,112,receive_authenticate_accumulate,0.017234184,0.017234462
11,112,receive_authenticate_accumulate,0.017236999,0.017237185
11,112,receive_authenticate_accumulate,0.017236147,0.017236055
11,112,receive_authenticate_accumulate,0.017289849,0.017249740
11,112,reading_commitment_and_shares,0.026246841,0.026247444
11,112,receive_authenticate_accumulate,0.017211092,0.017211111
11,112,receive_authenticate_accumulate,0.017243147,0.017243352
11,112,receive_authenticate_accumulate,0.017231259,0.017231425
11,112,receive_authenticate_accumulate,0.017234074,0.017234278
11,112,receive_authenticate_accumulate,0.017226259,0.017226518
11,112,receive_authenticate_accumulate,0.017228130,0.017228314
11,112,receive_authenticate_accumulate,0.017233759,0.017233981
11,112,receive_authenticate_accumulate,0.017232648,0.017232870
11,112,receive_authenticate_accumulate,0.017279258,0.017256148
11,112,receive_authenticate_accumulate,0.017230001,0.017230351
11,112,round_coverage,0.000004055,0.000003407
11,113,round_reset,0.000009315,0.000008240
11,113,receive_authenticate_accumulate,0.017233231,0.017233407
11,113,receive_authenticate_accumulate,0.017237768,0.017238111
11,113,receive_authenticate_accumulate,0.017229342,0.017229426
11,113,receive_authenticate_accumulate,0.017232491,0.017232630
11,113,receive_authenticate_accumulate,0.017272082,0.017246222
11,113,receive_authenticate_accumulate,0.017300527,0.017256296
11,113,receive_authenticate_accumulate,0.017221510,0.017221778
11,113,receive_authenticate_accumulate,0.017234713,0.017234852
11,113,receive_authenticate_accumulate,0.017242620,0.017242852
11,113,receive_authenticate_accumulate,0.017233454,0.017233574
11,113,reading_commitment_and_shares,0.026197710,0.026198055
11,113,receive_authenticate_accumulate,0.017221492,0.017221723
11,113,receive_authenticate_accumulate,0.017239991,0.017239889
11,113,receive_authenticate_accumulate,0.017232566,0.017232704
11,113,receive_authenticate_accumulate,0.017235344,0.017235555
11,113,receive_authenticate_accumulate,0.017227603,0.017227222
11,113,receive_authenticate_accumulate,0.017233418,0.017233630
11,113,receive_authenticate_accumulate,0.017226493,0.017226815
11,113,receive_authenticate_accumulate,0.017234530,0.017234444
11,113,receive_authenticate_accumulate,0.017238548,0.017238741
11,113,receive_authenticate_accumulate,0.017268363,0.017268537
11,113,round_coverage,0.000004370,0.000003870
11,114,round_reset,0.000008741,0.000007408
11,114,receive_authenticate_accumulate,0.017229779,0.017229611
11,114,receive_authenticate_accumulate,0.017227983,0.017228130
11,114,receive_authenticate_accumulate,0.017225964,0.017226148
11,114,receive_authenticate_accumulate,0.017259408,0.017251741
11,114,receive_authenticate_accumulate,0.017224316,0.017224481
11,114,receive_authenticate_accumulate,0.017233020,0.017233222
11,114,receive_authenticate_accumulate,0.017257260,0.017257519
11,114,receive_authenticate_accumulate,0.017233946,0.017234111
11,114,receive_authenticate_accumulate,0.017234353,0.017234574
11,114,receive_authenticate_accumulate,0.017253298,0.017240500
11,114,reading_commitment_and_shares,0.026207930,0.026208518
11,114,receive_authenticate_accumulate,0.017224243,0.017224666
11,114,receive_authenticate_accumulate,0.017243021,0.017243148
11,114,receive_authenticate_accumulate,0.017232298,0.017232445
11,114,receive_authenticate_accumulate,0.017258613,0.017244352
11,114,receive_authenticate_accumulate,0.017225429,0.017225555
11,114,receive_authenticate_accumulate,0.017224928,0.017225185
11,114,receive_authenticate_accumulate,0.017231132,0.017231296
11,114,receive_authenticate_accumulate,0.017226725,0.017226926
11,114,receive_authenticate_accumulate,0.017229170,0.017229351
11,114,receive_authenticate_accumulate,0.017237874,0.017238222
11,114,round_coverage,0.000004166,0.000003519
11,115,round_reset,0.000009259,0.000007926
11,115,receive_authenticate_accumulate,0.017237585,0.017237722
11,115,receive_authenticate_accumulate,0.017238010,0.017238166
11,115,receive_authenticate_accumulate,0.017234769,0.017234945
11,115,receive_authenticate_accumulate,0.017247325,0.017237334
11,115,receive_authenticate_accumulate,0.017288010,0.017258148
11,115,receive_authenticate_accumulate,0.017237752,0.017237982
11,115,receive_authenticate_accumulate,0.017230734,0.017230834
11,115,receive_authenticate_accumulate,0.017234567,0.017234759
11,115,receive_authenticate_accumulate,0.017227419,0.017227519
11,115,receive_authenticate_accumulate,0.017224234,0.017224407
11,115,reading_commitment_and_shares,0.026200648,0.026200871
11,115,receive_authenticate_accumulate,0.017219364,0.017219555
11,115,receive_authenticate_accumulate,0.017228827,0.017228963
11,115,receive_authenticate_accumulate,0.017224382,0.017224481
11,115,receive_authenticate_accumulate,0.017224346,0.017224685
11,115,receive_authenticate_accumulate,0.017224901,0.017225148
11,115,receive_authenticate_accumulate,0.017223550,0.017223648
11,115,receive_authenticate_accumulate,0.017233772,0.017234000
11,115,receive_authenticate_accumulate,0.017222679,0.017222796
11,115,receive_authenticate_accumulate,0.017223457,0.017223759
11,115,receive_authenticate_accumulate,0.017227939,0.017228130
11,115,round_coverage,0.000004389,0.000003740
11,116,round_reset,0.000008944,0.000007611
11,116,receive_authenticate_accumulate,0.017232316,0.017232500
11,116,receive_authenticate_accumulate,0.017231279,0.017231518
11,116,receive_authenticate_accumulate,0.017228779,0.017229000
11,116,receive_authenticate_accumulate,0.017225409,0.017225500
11,116,receive_authenticate_accumulate,0.017223279,0.017223500
11,116,receive_authenticate_accumulate,0.017221168,0.017221352
11,116,receive_authenticate_accumulate,0.017223595,0.017223760
11,116,receive_authenticate_accumulate,0.017230687,0.017230926
11,116,receive_authenticate_accumulate,0.017242502,0.017229574
11,116,receive_authenticate_accumulate,0.017225150,0.017225055
11,116,reading_commitment_and_shares,0.026213365,0.026213759
11,116,receive_authenticate_accumulate,0.017223410,0.017223648
11,116,receive_authenticate_accumulate,0.017280112,0.017245483
11,116,receive_authenticate_accumulate,0.017234076,0.017234296
11,116,receive_authenticate_accumulate,0.017259299,0.017237185
11,116,receive_authenticate_accumulate,0.017232355,0.017232352
11,116,receive_authenticate_accumulate,0.017225540,0.017225852
11,116,receive_authenticate_accumulate,0.017234540,0.017234741
11,116,receive_authenticate_accumulate,0.017222096,0.017222129
11,116,receive_authenticate_accumulate,0.017234281,0.017234259
11,116,receive_authenticate_accumulate,0.017226170,0.017226389
11,116,round_coverage,0.000004056,0.000003407
11,117,round_reset,0.000008296,0.000006982
11,117,receive_authenticate_accumulate,0.017230584,0.017230685
11,117,receive_authenticate_accumulate,0.017225602,0.017225759
11,117,receive_authenticate_accumulate,0.017235009,0.017235167
11,117,receive_authenticate_accumulate,0.017237455,0.017237537
11,117,receive_authenticate_accumulate,0.017228436,0.017228574
11,117,receive_authenticate_accumulate,0.017272195,0.017240038
11,117,receive_authenticate_accumulate,0.017226566,0.017226611
11,117,receive_authenticate_accumulate,0.017274195,0.017274166
11,117,receive_authenticate_accumulate,0.017223085,0.017223185
11,117,receive_authenticate_accumulate,0.017225863,0.017225907
11,117,reading_commitment_and_shares,0.026189120,0.026189500
11,117,receive_authenticate_accumulate,0.017218585,0.017218870
11,117,receive_authenticate_accumulate,0.017233733,0.017233870
11,117,receive_authenticate_accumulate,0.017221937,0.017222148
11,117,receive_authenticate_accumulate,0.017262474,0.017239074
11,117,receive_authenticate_accumulate,0.017236122,0.017236185
11,117,receive_authenticate_accumulate,0.017233845,0.017233833
11,117,receive_authenticate_accumulate,0.017237974,0.017238129
11,117,receive_authenticate_accumulate,0.017227419,0.017227463
11,117,receive_authenticate_accumulate,0.017250530,0.017238297
11,117,receive_authenticate_accumulate,0.017232938,0.017233093
11,117,round_coverage,0.000003741,0.000003037
11,118,round_reset,0.000008907,0.000007648
11,118,receive_authenticate_accumulate,0.017239722,0.017239907
11,118,receive_authenticate_accumulate,0.017222223,0.017222370
11,118,receive_authenticate_accumulate,0.017219981,0.017219796
11,118,receive_authenticate_accumulate,0.017231667,0.017231944
11,118,receive_authenticate_accumulate,0.017238963,0.017239056
11,118,receive_authenticate_accumulate,0.017222093,0.017221981
11,118,receive_authenticate_accumulate,0.017222555,0.017222666
11,118,receive_authenticate_accumulate,0.017232241,0.017232111
11,118,receive_authenticate_accumulate,0.017237130,0.017237426
11,118,receive_authenticate_accumulate,0.017222982,0.017223055
11,118,reading_commitment_and_shares,0.026244261,0.026218740
11,118,receive_authenticate_accumulate,0.017256296,0.017232296
11,118,receive_authenticate_accumulate,0.017242926,0.017243629
11,118,receive_authenticate_accumulate,0.017262871,0.017247593
11,118,receive_authenticate_accumulate,0.017228778,0.017228870
11,118,receive_authenticate_accumulate,0.017233723,0.017233778
11,118,receive_authenticate_accumulate,0.017284649,0.017246148
11,118,receive_authenticate_accumulate,0.017248075,0.017248315
11,118,receive_authenticate_accumulate,0.017220964,0.017221111
11,118,receive_authenticate_accumulate,0.017229372,0.017229611
11,118,receive_authenticate_accumulate,0.017234631,0.017234778
11,118,round_coverage,0.000003981,0.000003333
11,119,round_reset,0.000009240,0.000007944
11,119,receive_authenticate_accumulate,0.017260081,0.017260389
11,119,receive_authenticate_accumulate,0.017250655,0.017250870
11,119,receive_authenticate_accumulate,0.017232266,0.017232222
11,119,receive_authenticate_accumulate,0.017261303,0.017238204
11,119,receive_authenticate_accumulate,0.017235860,0.017236074
11,119,receive_authenticate_accumulate,0.017219934,0.017220111
11,119,receive_authenticate_accumulate,0.017230860,0.017231111
11,119,receive_authenticate_accumulate,0.017220582,0.017221000
11,119,receive_authenticate_accumulate,0.017237008,0.017237185
11,119,receive_authenticate_accumulate,0.017229953,0.017230074
11,119,reading_commitment_and_shares,0.026197126,0.026197333
11,119,receive_authenticate_accumulate,0.017223860,0.017224204
11,119,receive_authenticate_accumulate,0.017226193,0.017226389
11,119,receive_authenticate_accumulate,0.017227360,0.017227500
11,119,receive_authenticate_accumulate,0.017246193,0.017246333
11,119,receive_authenticate_accumulate,0.017237583,0.017237500
11,119,receive_authenticate_accumulate,0.017226157,0.017226315
11,119,receive_authenticate_accumulate,0.017228990,0.017229260
11,119,receive_authenticate_accumulate,0.017219269,0.017219334
11,119,receive_authenticate_accumulate,0.017223935,0.017224019
11,119,receive_authenticate_accumulate,0.017263397,0.017237462
11,119,round_coverage,0.000004574,0.000003963
12,120,period_reset,0.000026944,0.000024796
12,120,receive_authenticate_accumulate,0.000092239,0.000091945
12,120,receive_authenticate_accumulate,0.000093424,0.000093315
12,120,receive_authenticate_accumulate,0.000092424,0.000092167
12,120,receive_authenticate_accumulate,0.000090443,0.000090093
12,120,receive_authenticate_accumulate,0.000092073,0.000091722
12,120,receive_authenticate_accumulate,0.000089832,0.000089481
12,120,receive_authenticate_accumulate,0.000090813,0.000090630
12,120,receive_authenticate_accumulate,0.000092516,0.000092370
12,120,receive_authenticate_accumulate,0.000089906,0.000089426
12,120,receive_authenticate_accumulate,0.000090998,0.000090574
12,120,randomness_commit,0.000786466,0.000785944
12,120,receive_authenticate_accumulate,0.000090795,0.000090630
12,120,receive_authenticate_accumulate,0.000090851,0.000090667
12,120,receive_authenticate_accumulate,0.000091109,0.000090796
12,120,receive_authenticate_accumulate,0.000091146,0.000090908
12,120,receive_authenticate_accumulate,0.000090980,0.000090760
12,120,receive_authenticate_accumulate,0.000091961,0.000091685
12,120,receive_authenticate_accumulate,0.000057591,0.000057259
12,120,receive_authenticate_accumulate,0.000058462,0.000058056
12,120,receive_authenticate_accumulate,0.000053258,0.000052963
12,120,receive_authenticate_accumulate,0.000057276,0.000057074
12,120,receive_authenticate_accumulate,0.000068925,0.000068815
12,120,receive_authenticate_accumulate,0.000068795,0.000068611
12,120,receive_authenticate_accumulate,0.000068666,0.000068389
12,120,receive_authenticate_accumulate,0.000068443,0.000068259
12,120,receive_authenticate_accumulate,0.000068887,0.000068704
12,120,receive_authenticate_accumulate,0.000069684,0.000069537
12,120,receive_authenticate_accumulate,0.000067851,0.000067667
12,120,receive_authenticate_accumulate,0.000070036,0.000069722
12,120,receive_authenticate_accumulate,0.000069517,0.000069352
12,120,receive_authenticate_accumulate,0.000069092,0.000068445
12,120,randomness_reveal,0.000437584,0.000437111
12,120,receive_authenticate_accumulate,0.000066684,0.000066667
12,120,receive_authenticate_accumulate,0.000069573,0.000069444
12,120,receive_authenticate_accumulate,0.000069703,0.000069223
12,120,receive_authenticate_accumulate,0.000068665,0.000068444
12,120,receive_authenticate_accumulate,0.000069184,0.000069185
12,120,receive_authenticate_accumulate,0.000070184,0.000069982
12,120,receive_authenticate_accumulate,0.000069962,0.000069778
12,120,receive_authenticate_accumulate,0.000065129,0.000064833
12,120,receive_authenticate_accumulate,0.000067554,0.000067241
12,120,receive_authenticate_accumulate,0.000066517,0.000066463
12,120,committee_selection,0.000125127,0.000124815
12,120,round_reset,0.000006018,0.000005185
12,120,receive_authenticate_accumulate,0.017220867,0.017221167
12,120,receive_authenticate_accumulate,0.000056647,0.000056426
12,120,receive_authenticate_accumulate,0.017233867,0.017234093
12,120,receive_authenticate_accumulate,0.000054444,0.000054186
12,120,receive_authenticate_accumulate,0.017226960,0.017226981
12,120,receive_authenticate_accumulate,0.000054443,0.000054167
12,120,receive_authenticate_accumulate,0.017289421,0.017251056
12,120,receive_authenticate_accumulate,0.000055110,0.000054871
12,120,receive_authenticate_accumulate,0.017231126,0.017231574
12,120,receive_authenticate_accumulate,0.000055962,0.000055982
12,120,receive_authenticate_accumulate,0.017224405,0.017224426
12,120,receive_authenticate_accumulate,0.000056647,0.000056408
12,120,receive_authenticate_accumulate,0.017222163,0.017222445
12,120,receive_authenticate_accumulate,0.000055869,0.000055648
12,120,receive_authenticate_accumulate,0.017216849,0.017217185
12,120,receive_authenticate_accumulate,0.000055129,0.000054926
12,120,receive_authenticate_accumulate,0.017216386,0.017216518
12,120,receive_authenticate_accumulate,0.000055018,0.000054703
12,120,receive_authenticate_accumulate,0.017225515,0.017225629
12,120,receive_authenticate_accumulate,0.000055555,0.000055315
12,120,reading_commitment_and_shares,0.026242877,0.026214018
12,120,receive_authenticate_accumulate,0.017261256,0.017241112
12,120,receive_authenticate_accumulate,0.000053869,0.000053796
12,120,receive_authenticate_accumulate,0.017258274,0.017233499
12,120,receive_authenticate_accumulate,0.000055536,0.000055388
12,120,receive_authenticate_accumulate,0.017218868,0.017219056
12,120,receive_authenticate_accumulate,0.000055406,0.000054981
12,120,receive_authenticate_accumulate,0.017229293,0.017229185
12,120,receive_authenticate_accumulate,0.000055517,0.000055352
12,120,receive_authenticate_accumulate,0.017221627,0.017221722
12,120,receive_authenticate_accumulate,0.000054999,0.000054907
12,120,receive_authenticate_accumulate,0.017217239,0.017217444
12,120,receive_authenticate_accumulate,0.000056332,0.000056260
12,120,receive_authenticate_accumulate,0.017229405,0.017229426
12,120,receive_authenticate_accumulate,0.000054907,0.000054500
12,120,receive_authenticate_accumulate,0.017229998,0.017230074
12,120,receive_authenticate_accumulate,0.000068702,0.000068518
12,120,receive_authenticate_accumulate,0.017224924,0.017225241
12,120,receive_authenticate_accumulate,0.000081387,0.000081186
12,120,receive_authenticate_accumulate,0.017224887,0.017225352
12,120,receive_authenticate_accumulate,0.000052296,0.000052111
12,120,round_coverage,0.000003851,0.000003240
12,120,spatial_report,0.000040110,0.000039778
12,121,round_reset,0.000009388,0.000007981
12,121,receive_authenticate_accumulate,0.017220874,0.017220925
12,121,receive_authenticate_accumulate,0.000052499,0.000052296
12,121,receive_authenticate_accumulate,0.017219689,0.017219723
12,121,receive_authenticate_accumulate,0.000053314,0.000053019
12,121,receive_authenticate_accumulate,0.017223615,0.017223981
12,121,receive_authenticate_accumulate,0.000053685,0.000053537
12,121,receive_authenticate_accumulate,0.017217522,0.017217759
12,121,receive_authenticate_accumulate,0.000053221,0.000053203
12,121,receive_authenticate_accumulate,0.017216115,0.017216129
12,121,receive_authenticate_accumulate,0.000052851,0.000052667
12,121,receive_authenticate_accumulate,0.017264837,0.017237056
12,121,receive_authenticate_accumulate,0.000052943,0.000052648
12,121,receive_authenticate_accumulate,0.017221281,0.017221574
12,121,receive_authenticate_accumulate,0.000051925,0.000051889
12,121,receive_authenticate_accumulate,0.017233244,0.017233537
12,121,receive_authenticate_accumulate,0.000052480,0.000052333
12,121,receive_authenticate_accumulate,0.017213226,0.017213574
12,121,receive_authenticate_accumulate,0.000052314,0.000052278
12,121,receive_authenticate_accumulate,0.017228967,0.017229019
12,121,receive_authenticate_accumulate,0.000054165,0.000054093
12,121,reading_commitment_and_shares,0.026205869,0.026206278
12,121,receive_authenticate_accumulate,0.017214449,0.017214722
12,121,receive_authenticate_accumulate,0.000067536,0.000067407
12,121,receive_authenticate_accumulate,0.017226652,0.017226797
12,121,receive_authenticate_accumulate,0.000053962,0.000053759
12,121,receive_authenticate_accumulate,0.017296836,0.017270685
12,121,receive_authenticate_accumulate,0.000052721,0.000052611
12,121,receive_authenticate_accumulate,0.017220264,0.017220518
12,121,receive_authenticate_accumulate,0.000051388,0.000051315
12,121,receive_authenticate_accumulate,0.017216356,0.017216574
12,121,receive_authenticate_accumulate,0.000053703,0.000053463
12,121,receive_authenticate_accumulate,0.017221764,0.017222037
12,121,receive_authenticate_accumulate,0.000052481,0.000052352
12,121,receive_authenticate_accumulate,0.017217523,0.017217851
12,121,receive_authenticate_accumulate,0.000052943,0.000052740
12,121,receive_authenticate_accumulate,0.017225190,0.017225315
12,121,receive_authenticate_accumulate,0.000052425,0.000052278
12,121,receive_authenticate_accumulate,0.017253411,0.017229741
12,121,receive_authenticate_accumulate,0.000052407,0.000052111
12,121,receive_authenticate_accumulate,0.017231227,0.017231481
12,121,receive_authenticate_accumulate,0.000054351,0.000054222
12,121,round_coverage,0.000003685,0.000003241
12,121,spatial_report,0.000041351,0.000041204
12,122,round_reset,0.000009945,0.000008741
12,122,receive_authenticate_accumulate,0.017234361,0.017234611
12,122,receive_authenticate_accumulate,0.000055184,0.000054944
12,122,receive_authenticate_accumulate,0.017230195,0.017230444
12,122,receive_authenticate_accumulate,0.000054610,0.000054407
12,122,receive_authenticate_accumulate,0.017219899,0.017220019
12,122,receive_authenticate_accumulate,0.000056110,0.000056000
12,122,receive_authenticate_accumulate,0.017229769,0.017229926
12,122,receive_authenticate_accumulate,0.000056018,0.000055759
12,122,receive_authenticate_accumulate,0.017229695,0.017229982
12,122,receive_authenticate_accumulate,0.000054499,0.000054278
12,122,receive_authenticate_accumulate,0.017225380,0.017225352
12,122,receive_authenticate_accumulate,0.000056055,0.000055834
12,122,receive_authenticate_accumulate,0.017250158,0.017226629
12,122,receive_authenticate_accumulate,0.000054665,0.000054500
12,122,receive_authenticate_accumulate,0.017225418,0.017225666
12,122,receive_authenticate_accumulate,0.000053795,0.000053574
12,122,receive_authenticate_accumulate,0.017229011,0.017229444
12,122,receive_authenticate_accumulate,0.000055351,0.000055204
12,122,receive_authenticate_accumulate,0.017229455,0.017229796
12,122,receive_authenticate_accumulate,0.000055406,0.000055259
12,122,reading_commitment_and_shares,0.026185584,0.026185926
12,122,receive_authenticate_accumulate,0.017240344,0.017240463
12,122,receive_authenticate_accumulate,0.000055258,0.000055037
12,122,receive_authenticate_accumulate,0.017223289,0.017223426
12,122,receive_authenticate_accumulate,0.000055851,0.000055648
12,122,receive_authenticate_accumulate,0.017223325,0.017223407
12,122,receive_authenticate_accumulate,0.000054721,0.000054519
12,122,receive_authenticate_accumulate,0.017230732,0.017230871
12,122,receive_authenticate_accumulate,0.000056369,0.000056241
12,122,receive_authenticate_accumulate,0.017222400,0.017222741
12,122,receive_authenticate_accumulate,0.000055036,0.000054760
12,122,receive_authenticate_accumulate,0.017228862,0.017229222
12,122,receive_authenticate_accumulate,0.000055925,0.000055741
12,122,receive_authenticate_accumulate,0.017224567,0.017224704
12,122,receive_authenticate_accumulate,0.000055314,0.000055185
12,122,receive_authenticate_accumulate,0.017230159,0.017230408
12,122,receive_authenticate_accumulate,0.000054999,0.000054852
12,122,receive_authenticate_accumulate,0.017225048,0.017225352
12,122,receive_authenticate_accumulate,0.000054684,0.000054500
12,122,receive_authenticate_accumulate,0.017311751,0.017259074
12,122,receive_authenticate_accumulate,0.000054425,0.000054167
12,122,round_coverage,0.000003741,0.000003055
12,122,spatial_report,0.000041203,0.000040963
12,123,round_reset,0.000009333,0.000007889
12,123,receive_authenticate_accumulate,0.017221646,0.017221907
12,123,receive_authenticate_accumulate,0.000056221,0.000056055
12,123,receive_authenticate_accumulate,0.017223164,0.017223334
12,123,receive_authenticate_accumulate,0.000055055,0.000054723
12,123,receive_authenticate_accumulate,0.017224719,0.017224815
12,123,receive_authenticate_accumulate,0.000054702,0.000054593
12,123,receive_authenticate_accumulate,0.017218997,0.017219223
12,123,receive_authenticate_accumulate,0.000054276,0.000054000
12,123,receive_authenticate_accumulate,0.017217479,0.017217685
12,123,receive_authenticate_accumulate,0.000055110,0.000054963
12,123,receive_authenticate_accumulate,0.017225146,0.017225352
12,123,receive_authenticate_accumulate,0.000054851,0.000054574
12,123,receive_authenticate_accumulate,0.017222498,0.017222649
12,123,receive_authenticate_accumulate,0.000053573,0.000053481
12,123,receive_authenticate_accumulate,0.017214017,0.017214111
12,123,receive_authenticate_accumulate,0.000054980,0.000054741
12,123,receive_authenticate_accumulate,0.017228350,0.017228574
12,123,receive_authenticate_accumulate,0.000054240,0.000054055
12,123,receive_authenticate_accumulate,0.017262960,0.017234963
12,123,receive_authenticate_accumulate,0.000053481,0.000053334
12,123,reading_commitment_and_shares,0.026282962,0.026240853
12,123,receive_authenticate_accumulate,0.017229776,0.017229815
12,123,receive_authenticate_accumulate,0.000056202,0.000055926
12,123,receive_authenticate_accumulate,0.017215776,0.017215944
12,123,receive_authenticate_accumulate,0.000055461,0.000055278
12,123,receive_authenticate_accumulate,0.017270812,0.017244759
12,123,receive_authenticate_accumulate,0.000055944,0.000055630
12,123,receive_authenticate_accumulate,0.017244795,0.017245055
12,123,receive_authenticate_accumulate,0.000057166,0.000057074
12,123,receive_authenticate_accumulate,0.017216962,0.017217074
12,123,receive_authenticate_accumulate,0.000056573,0.000056315
12,123,receive_authenticate_accumulate,0.017225091,0.017225130
12,123,receive_authenticate_accumulate,0.000055425,0.000055222
12,123,receive_authenticate_accumulate,0.017219295,0.017219222
12,123,receive_authenticate_accumulate,0.000055462,0.000055352
12,123,receive_authenticate_accumulate,0.017224832,0.017225000
12,123,receive_authenticate_accumulate,0.000055777,0.000055537
12,123,receive_authenticate_accumulate,0.017224962,0.017225166
12,123,receive_authenticate_accumulate,0.000056370,0.000056222
12,123,receive_authenticate_accumulate,0.017219461,0.017219778
12,123,receive_authenticate_accumulate,0.000054517,0.000054297
12,123,round_coverage,0.000004092,0.000003556
12,123,spatial_report,0.000040110,0.000039815
12,124,round_reset,0.000008852,0.000007407
12,124,receive_authenticate_accumulate,0.017219947,0.017219833
12,124,receive_authenticate_accumulate,0.000055296,0.000055148
12,124,receive_authenticate_accumulate,0.017224577,0.017224833
12,124,receive_authenticate_accumulate,0.000054221,0.000054055
12,124,receive_authenticate_accumulate,0.017225725,0.017225963
12,124,receive_authenticate_accumulate,0.000056369,0.000056148
12,124,receive_authenticate_accumulate,0.017276521,0.017276778
12,124,receive_authenticate_accumulate,0.000056481,0.000056259
12,124,receive_authenticate_accumulate,0.017226003,0.017226259
12,124,receive_authenticate_accumulate,0.000055647,0.000055574
12,124,receive_authenticate_accumulate,0.017228040,0.017228278
12,124,receive_authenticate_accumulate,0.000055054,0.000054852
12,124,receive_authenticate_accumulate,0.017219263,0.017219537
12,124,receive_authenticate_accumulate,0.000055314,0.000055148
12,124,receive_authenticate_accumulate,0.017216892,0.017217204
12,124,receive_authenticate_accumulate,0.000055480,0.000055351
12,124,receive_authenticate_accumulate,0.017217948,0.017218129
12,124,receive_authenticate_accumulate,0.000055907,0.000055981
12,124,receive_authenticate_accumulate,0.017231762,0.017231778
12,124,receive_authenticate_accumulate,0.000055018,0.000054944
12,124,reading_commitment_and_shares,0.026277989,0.026224483
12,124,receive_authenticate_accumulate,0.017254929,0.017231332
12,124,receive_authenticate_accumulate,0.000054443,0.000054352
12,124,receive_authenticate_accumulate,0.017225189,0.017225445
12,124,receive_authenticate_accumulate,0.000054832,0.000054666
12,124,receive_authenticate_accumulate,0.017301892,0.017252963
12,124,receive_authenticate_accumulate,0.000056684,0.000056482
12,124,receive_authenticate_accumulate,0.017230652,0.017230759
12,124,receive_authenticate_accumulate,0.000056777,0.000056760
12,124,receive_authenticate_accumulate,0.017222764,0.017222889
12,124,receive_authenticate_accumulate,0.000057073,0.000056889
12,124,receive_authenticate_accumulate,0.017224578,0.017224889
12,124,receive_authenticate_accumulate,0.000057314,0.000057167
12,124,receive_authenticate_accumulate,0.017238393,0.017238444
12,124,receive_authenticate_accumulate,0.000060425,0.000060185
12,124,receive_authenticate_accumulate,0.017276782,0.017250796
12,124,receive_authenticate_accumulate,0.000057610,0.000057481
12,124,receive_authenticate_accumulate,0.017226875,0.017227092
12,124,receive_authenticate_accumulate,0.000070499,0.000070426
12,124,receive_authenticate_accumulate,0.017228782,0.017229241
12,124,receive_authenticate_accumulate,0.000056314,0.000056111
12,124,round_coverage,0.000003500,0.000003056
12,124,spatial_report,0.000040666,0.000040555
12,125,round_reset,0.000009685,0.000008333
12,125,receive_authenticate_accumulate,0.017414450,0.017377573
12,125,receive_authenticate_accumulate,0.000057925,0.000057686
12,125,receive_authenticate_accumulate,0.017232805,0.017233018
12,125,receive_authenticate_accumulate,0.000055129,0.000055111
12,125,receive_authenticate_accumulate,0.017216620,0.017216926
12,125,receive_authenticate_accumulate,0.000058554,0.000058334
12,125,receive_authenticate_accumulate,0.017254971,0.017231926
12,125,receive_authenticate_accumulate,0.000057333,0.000057130
12,125,receive_authenticate_accumulate,0.017231675,0.017231833
12,125,receive_authenticate_accumulate,0.000057073,0.000056889
12,125,receive_authenticate_accumulate,0.017225935,0.017226093
12,125,receive_authenticate_accumulate,0.000057629,0.000057593
12,125,receive_authenticate_accumulate,0.017248527,0.017248593
12,125,receive_authenticate_accumulate,0.000060759,0.000060518
12,125,receive_authenticate_accumulate,0.017229102,0.017229167
12,125,receive_authenticate_accumulate,0.000058406,0.000058167
12,125,receive_authenticate_accumulate,0.017234546,0.017234611
12,125,receive_authenticate_accumulate,0.000056684,0.000056463
12,125,receive_authenticate_accumulate,0.017234064,0.017234186
12,125,receive_authenticate_accumulate,0.000056536,0.000056352
12,125,reading_commitment_and_shares,0.026190036,0.026190388
12,125,receive_authenticate_accumulate,0.017220287,0.017220444
12,125,receive_authenticate_accumulate,0.000058147,0.000057945
12,125,receive_authenticate_accumulate,0.017226768,0.017226889
12,125,receive_authenticate_accumulate,0.000059202,0.000059204
12,125,receive_authenticate_accumulate,0.017229324,0.017229370
12,125,receive_authenticate_accumulate,0.000056203,0.000055963
12,125,receive_authenticate_accumulate,0.025863578,0.025863796
12,125,receive_authenticate_accumulate,0.000056943,0.000056870
12,125,receive_authenticate_accumulate,0.017232731,0.017232685
12,125,receive_authenticate_accumulate,0.000058351,0.000058333
12,125,receive_authenticate_accumulate,0.017228195,0.017228241
12,125,receive_authenticate_accumulate,0.000070498,0.000070426
12,125,receive_authenticate_accumulate,0.017226620,0.017226649
12,125,receive_authenticate_accumulate,0.000056980,0.000056740
12,125,receive_authenticate_accumulate,0.017224214,0.017224370
12,125,receive_authenticate_accumulate,0.000057758,0.000057648
12,125,receive_authenticate_accumulate,0.017264639,0.017265092
12,125,receive_authenticate_accumulate,0.000055481,0.000055371
12,125,receive_authenticate_accumulate,0.017238491,0.017238537
12,125,receive_authenticate_accumulate,0.000064647,0.000064426
12,125,round_coverage,0.000003982,0.000003518
12,125,spatial_report,0.000039870,0.000039630
12,126,round_reset,0.000008796,0.000007537
12,126,receive_authenticate_accumulate,0.017234680,0.017234907
12,126,receive_authenticate_accumulate,0.000054610,0.000054408
12,126,receive_authenticate_accumulate,0.017219254,0.017219388
12,126,receive_authenticate_accumulate,0.000055517,0.000054907
12,126,receive_authenticate_accumulate,0.017291661,0.017250647
12,126,receive_authenticate_accumulate,0.000057166,0.000057000
12,126,receive_authenticate_accumulate,0.017222570,0.017222796
12,126,receive_authenticate_accumulate,0.000054795,0.000054667
12,126,receive_authenticate_accumulate,0.017235384,0.017235704
12,126,receive_authenticate_accumulate,0.000056017,0.000055833
12,126,receive_authenticate_accumulate,0.017214848,0.017214834
12,126,receive_authenticate_accumulate,0.000055036,0.000054815
12,126,receive_authenticate_accumulate,0.017221847,0.017222093
12,126,receive_authenticate_accumulate,0.000055184,0.000055112
12,126,receive_authenticate_accumulate,0.017222440,0.017222741
12,126,receive_authenticate_accumulate,0.000056259,0.000056055
12,126,receive_authenticate_accumulate,0.017283384,0.017254351
12,126,receive_authenticate_accumulate,0.000053888,0.000053685
12,126,receive_authenticate_accumulate,0.017224533,0.017224574
12,126,receive_authenticate_accumulate,0.000054555,0.000054426
12,126,reading_commitment_and_shares,0.026279930,0.026253130
12,126,receive_authenticate_accumulate,0.017317290,0.017293611
12,126,receive_authenticate_accumulate,0.000056277,0.000056167
12,126,receive_authenticate_accumulate,0.017215329,0.017215574
12,126,receive_authenticate_accumulate,0.000053721,0.000053481
12,126,receive_authenticate_accumulate,0.017222570,0.017222722
12,126,receive_authenticate_accumulate,0.000080091,0.000079889
12,126,receive_authenticate_accumulate,0.017226255,0.017226611
12,126,receive_authenticate_accumulate,0.000054110,0.000053908
12,126,receive_authenticate_accumulate,0.017216848,0.017216796
12,126,receive_authenticate_accumulate,0.000055128,0.000054963
12,126,receive_authenticate_accumulate,0.017224385,0.017224593
12,126,receive_authenticate_accumulate,0.000056499,0.000056240
12,126,receive_authenticate_accumulate,0.017218922,0.017218240
12,126,receive_authenticate_accumulate,0.000056240,0.000055870
12,126,receive_authenticate_accumulate,0.017269959,0.017243574
12,126,receive_authenticate_accumulate,0.000055055,0.000054741
12,126,receive_authenticate_accumulate,0.017216867,0.017216963
12,126,receive_authenticate_accumulate,0.000053981,0.000053814
12,126,receive_authenticate_accumulate,0.017227737,0.017227926
12,126,receive_authenticate_accumulate,0.000054351,0.000054167
12,126,round_coverage,0.000003574,0.000003074
12,126,spatial_report,0.000039111,0.000038592
12,127,round_reset,0.000009278,0.000007982
12,127,receive_authenticate_accumulate,0.017262888,0.017237112
12,127,receive_authenticate_accumulate,0.000054796,0.000054611
12,127,receive_authenticate_accumulate,0.017223648,0.017223759
12,127,receive_authenticate_accumulate,0.000054295,0.000054129
12,127,receive_authenticate_accumulate,0.017223630,0.017223796
12,127,receive_authenticate_accumulate,0.000054943,0.000054685
12,127,receive_authenticate_accumulate,0.017233111,0.017233259
12,127,receive_authenticate_accumulate,0.000054295,0.000054167
12,127,receive_authenticate_accumulate,0.017226111,0.017226426
12,127,receive_authenticate_accumulate,0.000054980,0.000054870
12,127,receive_authenticate_accumulate,0.017225130,0.017225296
12,127,receive_authenticate_accumulate,0.000054351,0.000054111
12,127,receive_authenticate_accumulate,0.017220056,0.017220241
12,127,receive_authenticate_accumulate,0.000053888,0.000053778
12,127,receive_authenticate_accumulate,0.017224704,0.017224981
12,127,receive_authenticate_accumulate,0.000055481,0.000055296
12,127,receive_authenticate_accumulate,0.017215667,0.017215834
12,127,receive_authenticate_accumulate,0.000055221,0.000055055
12,127,receive_authenticate_accumulate,0.017222111,0.017222388
12,127,receive_authenticate_accumulate,0.000055387,0.000055166
12,127,reading_commitment_and_shares,0.026192494,0.026193019
12,127,receive_authenticate_accumulate,0.017249222,0.017235500
12,127,receive_authenticate_accumulate,0.000055887,0.000055871
12,127,receive_authenticate_accumulate,0.017222445,0.017222481
12,127,receive_authenticate_accumulate,0.000055295,0.000054796
12,127,receive_authenticate_accumulate,0.017264907,0.017238296
12,127,receive_authenticate_accumulate,0.000077721,0.000077538
12,127,receive_authenticate_accumulate,0.017216797,0.017216889
12,127,receive_authenticate_accumulate,0.000055314,0.000055129
12,127,receive_authenticate_accumulate,0.017249093,0.017249241
12,127,receive_authenticate_accumulate,0.000054814,0.000054611
12,127,receive_authenticate_accumulate,0.017291667,0.017252186
12,127,receive_authenticate_accumulate,0.000056110,0.000055963
12,127,receive_authenticate_accumulate,0.017225779,0.017225722
12,127,receive_authenticate_accumulate,0.000053833,0.000053704
12,127,receive_authenticate_accumulate,0.017225242,0.017225555
12,127,receive_authenticate_accumulate,0.000054906,0.000054778
12,127,receive_authenticate_accumulate,0.017231908,0.017232148
12,127,receive_authenticate_accumulate,0.000055554,0.000055371
12,127,receive_authenticate_accumulate,0.017228853,0.017229018
12,127,receive_authenticate_accumulate,0.000054999,0.000054852
12,127,round_coverage,0.000004315,0.000003685
12,127,spatial_report,0.000039943,0.000039648
12,128,round_reset,0.000009667,0.000007834
12,128,receive_authenticate_accumulate,0.017221264,0.017221314
12,128,receive_authenticate_accumulate,0.000054999,0.000054759
12,128,receive_authenticate_accumulate,0.017234319,0.017234500
12,128,receive_authenticate_accumulate,0.000053277,0.000053092
12,128,receive_authenticate_accumulate,0.017224042,0.017224037
12,128,receive_authenticate_accumulate,0.000053721,0.000053593
12,128,receive_authenticate_accumulate,0.017315133,0.017289407
12,128,receive_authenticate_accumulate,0.000055592,0.000055351
12,128,receive_authenticate_accumulate,0.017232060,0.017232259
12,128,receive_authenticate_accumulate,0.000055425,0.000055352
12,128,receive_authenticate_accumulate,0.017224597,0.017224759
12,128,receive_authenticate_accumulate,0.000055147,0.000054945
12,128,receive_authenticate_accumulate,0.017222283,0.017222334
12,128,receive_authenticate_accumulate,0.000055832,0.000055833
12,128,receive_authenticate_accumulate,0.017221764,0.017221796
12,128,receive_authenticate_accumulate,0.000055962,0.000055889
12,128,receive_authenticate_accumulate,0.017222357,0.017222445
12,128,receive_authenticate_accumulate,0.000070980,0.000070778
12,128,receive_authenticate_accumulate,0.017231727,0.017231925
12,128,receive_authenticate_accumulate,0.000056240,0.000056093
12,128,reading_commitment_and_shares,0.026192187,0.026192815
12,128,receive_authenticate_accumulate,0.017216820,0.017216851
12,128,receive_authenticate_accumulate,0.000054499,0.000054481
12,128,receive_authenticate_accumulate,0.017222005,0.017222185
12,128,receive_authenticate_accumulate,0.000054722,0.000054481
12,128,receive_authenticate_accumulate,0.017300467,0.017275130
12,128,receive_authenticate_accumulate,0.000055073,0.000054852
12,128,receive_authenticate_accumulate,0.017219153,0.017219222
12,128,receive_authenticate_accumulate,0.000055184,0.000055074
12,128,receive_authenticate_accumulate,0.017223616,0.017223666
12,128,receive_authenticate_accumulate,0.000055110,0.000054797
12,128,receive_authenticate_accumulate,0.017233876,0.017234018
12,128,receive_authenticate_accumulate,0.000055999,0.000055723
12,128,receive_authenticate_accumulate,0.017225487,0.017225574
12,128,receive_authenticate_accumulate,0.000055165,0.000054833
12,128,receive_authenticate_accumulate,0.017253005,0.017253074
12,128,receive_authenticate_accumulate,0.000056591,0.000056518
12,128,receive_authenticate_accumulate,0.017261375,0.017237888
12,128,receive_authenticate_accumulate,0.000055740,0.000055259
12,128,receive_authenticate_accumulate,0.017215802,0.017215870
12,128,receive_authenticate_accumulate,0.000056351,0.000056148
12,128,round_coverage,0.000003648,0.000003148
12,128,spatial_report,0.000039463,0.000039112
12,129,round_reset,0.000009555,0.000008148
12,129,receive_authenticate_accumulate,0.017227454,0.017227611
12,129,receive_authenticate_accumulate,0.000057388,0.000057093
12,129,receive_authenticate_accumulate,0.017219602,0.017219833
12,129,receive_authenticate_accumulate,0.000056055,0.000055982
12,129,receive_authenticate_accumulate,0.017219713,0.017219703
12,129,receive_authenticate_accumulate,0.000055943,0.000055593
12,129,receive_authenticate_accumulate,0.017224694,0.017224944
12,129,receive_authenticate_accumulate,0.000056554,0.000056408
12,129,receive_authenticate_accumulate,0.017263712,0.017236778
12,129,receive_authenticate_accumulate,0.000054610,0.000054481
12,129,receive_authenticate_accumulate,0.017229417,0.017229778
12,129,receive_authenticate_accumulate,0.000056054,0.000055871
12,129,receive_authenticate_accumulate,0.017216139,0.017216352
12,129,receive_authenticate_accumulate,0.000055073,0.000054889
12,129,receive_authenticate_accumulate,0.017260323,0.017260444
12,129,receive_authenticate_accumulate,0.000056999,0.000056815
12,129,receive_authenticate_accumulate,0.017230749,0.017230852
12,129,receive_authenticate_accumulate,0.000056147,0.000055944
12,129,receive_authenticate_accumulate,0.017222046,0.017222093
12,129,receive_authenticate_accumulate,0.000055499,0.000055315
12,129,reading_commitment_and_shares,0.026197638,0.026197963
12,129,receive_authenticate_accumulate,0.017226306,0.017226351
12,129,receive_authenticate_accumulate,0.000055999,0.000056260
12,129,receive_authenticate_accumulate,0.017219510,0.017219796
12,129,receive_authenticate_accumulate,0.000054554,0.000054389
12,129,receive_authenticate_accumulate,0.017217287,0.017217519
12,129,receive_authenticate_accumulate,0.000056314,0.000055945
12,129,receive_authenticate_accumulate,0.017225010,0.017225185
12,129,receive_authenticate_accumulate,0.000056128,0.000055518
12,129,receive_authenticate_accumulate,0.017220806,0.017220945
12,129,receive_authenticate_accumulate,0.000055647,0.000055463
12,129,receive_authenticate_accumulate,0.017230362,0.017230519
12,129,receive_authenticate_accumulate,0.000055628,0.000055463
12,129,receive_authenticate_accumulate,0.017226213,0.017226333
12,129,receive_authenticate_accumulate,0.000055166,0.000054852
12,129,receive_authenticate_accumulate,0.017222102,0.017222389
12,129,receive_authenticate_accumulate,0.000054851,0.000054574
12,129,receive_authenticate_accumulate,0.017230380,0.017230407
12,129,receive_authenticate_accumulate,0.000055944,0.000055759
12,129,receive_authenticate_accumulate,0.017255861,0.017234630
12,129,receive_authenticate_accumulate,0.000055462,0.000055278
12,129,round_coverage,0.000003834,0.000003351
12,129,spatial_report,0.000039795,0.000039611
12,129,billing_report,0.000422270,0.000422018
13,130,period_reset,0.000025092,0.000023889
13,130,receive_authenticate_accumulate,0.000091739,0.000091426
13,130,receive_authenticate_accumulate,0.000092795,0.000092611
13,130,receive_authenticate_accumulate,0.000090999,0.000090833
13,130,receive_authenticate_accumulate,0.000089165,0.000088851
13,130,receive_authenticate_accumulate,0.000093017,0.000092926
13,130,receive_authenticate_accumulate,0.000090239,0.000090000
13,130,receive_authenticate_accumulate,0.000092906,0.000092500
13,130,receive_authenticate_accumulate,0.000090925,0.000090833
13,130,receive_authenticate_accumulate,0.000100091,0.000099352
13,130,receive_authenticate_accumulate,0.000068629,0.000068296
13,130,randomness_commit,0.000614860,0.000614500
13,130,receive_authenticate_accumulate,0.000065925,0.000065741
13,130,receive_authenticate_accumulate,0.000069129,0.000068796
13,130,receive_authenticate_accumulate,0.000069166,0.000069074
13,130,receive_authenticate_accumulate,0.000069536,0.000069556
13,130,receive_authenticate_accumulate,0.000068703,0.000068556
13,130,receive_authenticate_accumulate,0.000069795,0.000069777
13,130,receive_authenticate_accumulate,0.000071221,0.000071185
13,130,receive_authenticate_accumulate,0.000069314,0.000069093
13,130,receive_authenticate_accumulate,0.000069480,0.000069370
13,130,receive_authenticate_accumulate,0.000069573,0.000069203
13,130,receive_authenticate_accumulate,0.000083814,0.000083555
13,130,receive_authenticate_accumulate,0.000085795,0.000085482
13,130,receive_authenticate_accumulate,0.000084443,0.000084370
13,130,receive_authenticate_accumulate,0.000082629,0.000082426
13,130,receive_authenticate_accumulate,0.000084869,0.000084167
13,130,receive_authenticate_accumulate,0.000083888,0.000083611
13,130,receive_authenticate_accumulate,0.000082480,0.000081759
13,130,receive_authenticate_accumulate,0.000083832,0.000083481
13,130,receive_authenticate_accumulate,0.000084203,0.000083870
13,130,receive_authenticate_accumulate,0.000085573,0.000085463
13,130,randomness_reveal,0.000385845,0.000385537
13,130,receive_authenticate_accumulate,0.000062350,0.000062111
13,130,receive_authenticate_accumulate,0.000068573,0.000068500
13,130,receive_authenticate_accumulate,0.000067184,0.000066852
13,130,receive_authenticate_accumulate,0.000069203,0.000068926
13,130,receive_authenticate_accumulate,0.000067536,0.000067352
13,130,receive_authenticate_accumulate,0.000108313,0.000108111
13,130,receive_authenticate_accumulate,0.000065444,0.000065092
13,130,receive_authenticate_accumulate,0.000065518,0.000065278
13,130,receive_authenticate_accumulate,0.000064239,0.000063981
13,130,receive_authenticate_accumulate,0.000065573,0.000065611
13,130,committee_selection,0.000120720,0.000120482
13,130,round_reset,0.000005981,0.000005167
13,130,receive_authenticate_accumulate,0.017227606,0.017227814
13,130,receive_authenticate_accumulate,0.017230550,0.017230630
13,130,receive_authenticate_accumulate,0.017218272,0.017218370
13,130,receive_authenticate_accumulate,0.017224865,0.017224963
13,130,receive_authenticate_accumulate,0.017259791,0.017235408
13,130,receive_authenticate_accumulate,0.017221680,0.017221889
13,130,receive_authenticate_accumulate,0.017228958,0.017229149
13,130,receive_authenticate_accumulate,0.017222458,0.017222388
13,130,receive_authenticate_accumulate,0.017220532,0.017220759
13,130,receive_authenticate_accumulate,0.017225606,0.017225593
13,130,reading_commitment_and_shares,0.026202255,0.026202574
13,130,receive_authenticate_accumulate,0.017222551,0.017222574
13,130,receive_authenticate_accumulate,0.017224551,0.017224629
13,130,receive_authenticate_accumulate,0.017320679,0.017258740
13,130,receive_authenticate_accumulate,0.017226218,0.017226482
13,130,receive_authenticate_accumulate,0.017218569,0.017218629
13,130,receive_authenticate_accumulate,0.017228421,0.017228500
13,130,receive_authenticate_accumulate,0.017220125,0.017220370
13,130,receive_authenticate_accumulate,0.017259180,0.017237407
13,130,receive_authenticate_accumulate,0.017222681,0.017222389
13,130,receive_authenticate_accumulate,0.017222977,0.017223018
13,130,round_coverage,0.000004592,0.000003852
13,131,round_reset,0.000008425,0.000007334
13,131,receive_authenticate_accumulate,0.017258776,0.017258833
13,131,receive_authenticate_accumulate,0.017228683,0.017228908
13,131,receive_authenticate_accumulate,0.017231036,0.017231241
13,131,receive_authenticate_accumulate,0.017223221,0.017223334
13,131,receive_authenticate_accumulate,0.017228221,0.017228278
13,131,receive_authenticate_accumulate,0.017224221,0.017224352
13,131,receive_authenticate_accumulate,0.017228665,0.017228686
13,131,receive_authenticate_accumulate,0.017264646,0.017239036
13,131,receive_authenticate_accumulate,0.017223777,0.017223907
13,131,receive_authenticate_accumulate,0.017225888,0.017225981
13,131,reading_commitment_and_shares,0.026210149,0.026210333
13,131,receive_authenticate_accumulate,0.017246165,0.017246370
13,131,receive_authenticate_accumulate,0.017263294,0.017235648
13,131,receive_authenticate_accumulate,0.017343442,0.017300871
13,131,receive_authenticate_accumulate,0.017216721,0.017216796
13,131,receive_authenticate_accumulate,0.017239351,0.017239463
13,131,receive_authenticate_accumulate,0.017230258,0.017230222
13,131,receive_authenticate_accumulate,0.017216573,0.017216611
13,131,receive_authenticate_accumulate,0.017222703,0.017222778
13,131,receive_authenticate_accumulate,0.017221592,0.017221630
13,131,receive_authenticate_accumulate,0.017229906,0.017230111
13,131,round_coverage,0.000003999,0.000003352
13,132,round_reset,0.000010019,0.000008778
13,132,receive_authenticate_accumulate,0.017277519,0.017243797
13,132,receive_authenticate_accumulate,0.017220372,0.017220462
13,132,receive_authenticate_accumulate,0.017221632,0.017221777
13,132,receive_authenticate_accumulate,0.017223984,0.017224037
13,132,receive_authenticate_accumulate,0.017297927,0.017261870
13,132,receive_authenticate_accumulate,0.017221206,0.017221593
13,132,receive_authenticate_accumulate,0.017229780,0.017229908
13,132,receive_authenticate_accumulate,0.017223243,0.017223260
13,132,receive_authenticate_accumulate,0.017227317,0.017227537
13,132,receive_authenticate_accumulate,0.017218854,0.017219074
13,132,reading_commitment_and_shares,0.026209173,0.026209260
13,132,receive_authenticate_accumulate,0.017218299,0.017218574
13,132,receive_authenticate_accumulate,0.017265594,0.017240129
13,132,receive_authenticate_accumulate,0.017311149,0.017283611
13,132,receive_authenticate_accumulate,0.017227280,0.017227426
13,132,receive_authenticate_accumulate,0.017269428,0.017244630
13,132,receive_authenticate_accumulate,0.017241724,0.017242037
13,132,receive_authenticate_accumulate,0.017225243,0.017225519
13,132,receive_authenticate_accumulate,0.017224688,0.017224777
13,132,receive_authenticate_accumulate,0.017261465,0.017240129
13,132,receive_authenticate_accumulate,0.017236484,0.017236704
13,132,round_coverage,0.000003962,0.000003241
13,133,round_reset,0.000009425,0.000007463
13,133,receive_authenticate_accumulate,0.017227932,0.017228111
13,133,receive_authenticate_accumulate,0.017219338,0.017219370
13,133,receive_authenticate_accumulate,0.017226227,0.017226426
13,133,receive_authenticate_accumulate,0.017229172,0.017229167
13,133,receive_authenticate_accumulate,0.017223228,0.017223278
13,133,receive_authenticate_accumulate,0.017230117,0.017230185
13,133,receive_authenticate_accumulate,0.017228006,0.017228204
13,133,receive_authenticate_accumulate,0.017257190,0.017234648
13,133,receive_authenticate_accumulate,0.017223080,0.017223241
13,133,receive_authenticate_accumulate,0.017270024,0.017243685
13,133,reading_commitment_and_shares,0.026197660,0.026197796
13,133,receive_authenticate_accumulate,0.017225857,0.017226056
13,133,receive_authenticate_accumulate,0.017228432,0.017228593
13,133,receive_authenticate_accumulate,0.017233654,0.017233888
13,133,receive_authenticate_accumulate,0.017297208,0.017254037
13,133,receive_authenticate_accumulate,0.017225635,0.017225740
13,133,receive_authenticate_accumulate,0.017221672,0.017221667
13,133,receive_authenticate_accumulate,0.017217655,0.017217703
13,133,receive_authenticate_accumulate,0.017230562,0.017230667
13,133,receive_authenticate_accumulate,0.017219006,0.017219148
13,133,receive_authenticate_accumulate,0.017220488,0.017220852
13,133,round_coverage,0.000003444,0.000002926
13,134,round_reset,0.000009185,0.000008093
13,134,receive_authenticate_accumulate,0.017235657,0.017235852
13,134,receive_authenticate_accumulate,0.017228583,0.017228667
13,134,receive_authenticate_accumulate,0.017222249,0.017222277
13,134,receive_authenticate_accumulate,0.017227008,0.017227278
13,134,receive_authenticate_accumulate,0.017226879,0.017227111
13,134,receive_authenticate_accumulate,0.017216527,0.017216629
13,134,receive_authenticate_accumulate,0.017230083,0.017230296
13,134,receive_authenticate_accumulate,0.017277100,0.017249389
13,134,receive_authenticate_accumulate,0.017226638,0.017226907
13,134,receive_authenticate_accumulate,0.017220546,0.017220463
13,134,reading_commitment_and_shares,0.026206091,0.026206333
13,134,receive_authenticate_accumulate,0.017225306,0.017225611
13,134,receive_authenticate_accumulate,0.017233157,0.017233203
13,134,receive_authenticate_accumulate,0.017331952,0.017283648
13,134,receive_authenticate_accumulate,0.017223972,0.017224167
13,134,receive_authenticate_accumulate,0.017228287,0.017228352
13,134,receive_authenticate_accumulate,0.017221324,0.017221055
13,134,receive_authenticate_accumulate,0.017254694,0.017226277
13,134,receive_authenticate_accumulate,0.017262046,0.017240890
13,134,receive_authenticate_accumulate,0.017219027,0.017218963
13,134,receive_authenticate_accumulate,0.017235565,0.017235685
13,134,round_coverage,0.000004074,0.000003555
13,135,round_reset,0.000009352,0.000008166
13,135,receive_authenticate_accumulate,0.017226901,0.017226962
13,135,receive_authenticate_accumulate,0.017251159,0.017251389
13,135,receive_authenticate_accumulate,0.017227641,0.017227611
13,135,receive_authenticate_accumulate,0.017224382,0.017224556
13,135,receive_authenticate_accumulate,0.017229252,0.017229407
13,135,receive_authenticate_accumulate,0.017215234,0.017215259
13,135,receive_authenticate_accumulate,0.017231956,0.017232037
13,135,receive_authenticate_accumulate,0.017228215,0.017228130
13,135,receive_authenticate_accumulate,0.017217252,0.017217333
13,135,receive_authenticate_accumulate,0.017220549,0.017220519
13,135,reading_commitment_and_shares,0.026250799,0.026222778
13,135,receive_authenticate_accumulate,0.017264845,0.017239629
13,135,receive_authenticate_accumulate,0.017300474,0.017264722
13,135,receive_authenticate_accumulate,0.017226419,0.017226463
13,135,receive_authenticate_accumulate,0.017267437,0.017240686
13,135,receive_authenticate_accumulate,0.017231567,0.017231741
13,135,receive_authenticate_accumulate,0.017218309,0.017218426
13,135,receive_authenticate_accumulate,0.017215753,0.017215870
13,135,receive_authenticate_accumulate,0.017217031,0.017217019
13,135,receive_authenticate_accumulate,0.017223345,0.017223352
13,135,receive_authenticate_accumulate,0.017223346,0.017223463
13,135,round_coverage,0.000004370,0.000003741
13,136,round_reset,0.000009148,0.000007889
13,136,receive_authenticate_accumulate,0.017223607,0.017223740
13,136,receive_authenticate_accumulate,0.017262588,0.017236648
13,136,receive_authenticate_accumulate,0.017243811,0.017243833
13,136,receive_authenticate_accumulate,0.017232477,0.017232592
13,136,receive_authenticate_accumulate,0.017224478,0.017224593
13,136,receive_authenticate_accumulate,0.017231441,0.017231537
13,136,receive_authenticate_accumulate,0.017228774,0.017228889
13,136,receive_authenticate_accumulate,0.017226459,0.017226129
13,136,receive_authenticate_accumulate,0.017215700,0.017215759
13,136,receive_authenticate_accumulate,0.017223977,0.017224055
13,136,reading_commitment_and_shares,0.026207673,0.026207834
13,136,receive_authenticate_accumulate,0.017217311,0.017217315
13,136,receive_authenticate_accumulate,0.017224663,0.017224722
13,136,receive_authenticate_accumulate,0.017319402,0.017276444
13,136,receive_authenticate_accumulate,0.017219348,0.017219314
13,136,receive_authenticate_accumulate,0.017216849,0.017216944
13,136,receive_authenticate_accumulate,0.017216774,0.017216963
13,136,receive_authenticate_accumulate,0.017266625,0.017243871
13,136,receive_authenticate_accumulate,0.017260533,0.017236462
13,136,receive_authenticate_accumulate,0.017242459,0.017242518
13,136,receive_authenticate_accumulate,0.017225571,0.017225889
13,136,round_coverage,0.000004241,0.000003593
13,137,round_reset,0.000009889,0.000008556
13,137,receive_authenticate_accumulate,0.017231295,0.017231481
13,137,receive_authenticate_accumulate,0.017224073,0.017224296
13,137,receive_authenticate_accumulate,0.017219481,0.017219389
13,137,receive_authenticate_accumulate,0.017219221,0.017219352
13,137,receive_authenticate_accumulate,0.017226721,0.017226723
13,137,receive_authenticate_accumulate,0.017224721,0.017224741
13,137,receive_authenticate_accumulate,0.017217851,0.017217889
13,137,receive_authenticate_accumulate,0.017224332,0.017224407
13,137,receive_authenticate_accumulate,0.017263406,0.017263074
13,137,receive_authenticate_accumulate,0.017221647,0.017221797
13,137,reading_commitment_and_shares,0.026199067,0.026199241
13,137,receive_authenticate_accumulate,0.017223573,0.017223778
13,137,receive_authenticate_accumulate,0.017255962,0.017227315
13,137,receive_authenticate_accumulate,0.017229833,0.017229889
13,137,receive_authenticate_accumulate,0.017228295,0.017228129
13,137,receive_authenticate_accumulate,0.017261350,0.017236982
13,137,receive_authenticate_accumulate,0.017230240,0.017230370
13,137,receive_authenticate_accumulate,0.017231110,0.017231000
13,137,receive_authenticate_accumulate,0.017222092,0.017222000
13,137,receive_authenticate_accumulate,0.017225740,0.017225777
13,137,receive_authenticate_accumulate,0.017230536,0.017230629
13,137,round_coverage,0.000004463,0.000003833
13,138,round_reset,0.000008963,0.000007685
13,138,receive_authenticate_accumulate,0.017226131,0.017226315
13,138,receive_authenticate_accumulate,0.017233075,0.017233185
13,138,receive_authenticate_accumulate,0.017256260,0.017234722
13,138,receive_authenticate_accumulate,0.017248038,0.017248203
13,138,receive_authenticate_accumulate,0.017227631,0.017227685
13,138,receive_authenticate_accumulate,0.017219186,0.017219333
13,138,receive_authenticate_accumulate,0.017221464,0.017221556
13,138,receive_authenticate_accumulate,0.017227798,0.017227834
13,138,receive_authenticate_accumulate,0.017228779,0.017228851
13,138,receive_authenticate_accumulate,0.017223020,0.017222815
13,138,reading_commitment_and_shares,0.026240070,0.026211574
13,138,receive_authenticate_accumulate,0.017252667,0.017252611
13,138,receive_authenticate_accumulate,0.017232316,0.017232389
13,138,receive_authenticate_accumulate,0.017313944,0.017272111
13,138,receive_authenticate_accumulate,0.017231242,0.017231370
13,138,receive_authenticate_accumulate,0.017220742,0.017220593
13,138,receive_authenticate_accumulate,0.017226501,0.017226685
13,138,receive_authenticate_accumulate,0.017227186,0.017227259
13,138,receive_authenticate_accumulate,0.017261186,0.017239279
13,138,receive_authenticate_accumulate,0.017260631,0.017235370
13,138,receive_authenticate_accumulate,0.017225187,0.017225130
13,138,round_coverage,0.000004333,0.000003796
13,139,round_reset,0.000008944,0.000007407
13,139,receive_authenticate_accumulate,0.017262985,0.017263389
13,139,receive_authenticate_accumulate,0.017223374,0.017223611
13,139,receive_authenticate_accumulate,0.017222077,0.017222166
13,139,receive_authenticate_accumulate,0.017288188,0.017248092
13,139,receive_authenticate_accumulate,0.017230744,0.017230925
13,139,receive_authenticate_accumulate,0.017269855,0.017240443
13,139,receive_authenticate_accumulate,0.017255577,0.017229055
13,139,receive_authenticate_accumulate,0.017223300,0.017223426
13,139,receive_authenticate_accumulate,0.017224856,0.017224963
13,139,receive_authenticate_accumulate,0.017221096,0.017221074
13,139,reading_commitment_and_shares,0.026198501,0.026198426
13,139,receive_authenticate_accumulate,0.017218448,0.017218241
13,139,receive_authenticate_accumulate,0.017225911,0.017226037
13,139,receive_authenticate_accumulate,0.017302318,0.017275110
13,139,receive_authenticate_accumulate,0.017245133,0.017245352
13,139,receive_authenticate_accumulate,0.017257819,0.017258000
13,139,receive_authenticate_accumulate,0.017225393,0.017225574
13,139,receive_authenticate_accumulate,0.017221189,0.017221185
13,139,receive_authenticate_accumulate,0.017228838,0.017229056
13,139,receive_authenticate_accumulate,0.017223504,0.017223741
13,139,receive_authenticate_accumulate,0.017239819,0.017240093
13,139,round_coverage,0.000004111,0.000003482
14,140,period_reset,0.000024518,0.000023166
14,140,receive_authenticate_accumulate,0.000094035,0.000093944
14,140,receive_authenticate_accumulate,0.000089498,0.000089259
14,140,receive_authenticate_accumulate,0.000093054,0.000092704
14,140,receive_authenticate_accumulate,0.000090592,0.000090278
14,140,receive_authenticate_accumulate,0.000090443,0.000089518
14,140,receive_authenticate_accumulate,0.000090758,0.000090500
14,140,receive_authenticate_accumulate,0.000091740,0.000091111
14,140,receive_authenticate_accumulate,0.000090740,0.000090648
14,140,receive_authenticate_accumulate,0.000068425,0.000068093
14,140,receive_authenticate_accumulate,0.000069610,0.000069223
14,140,randomness_commit,0.000609362,0.000609000
14,140,receive_authenticate_accumulate,0.000066702,0.000066500
14,140,receive_authenticate_accumulate,0.000069425,0.000069111
14,140,receive_authenticate_accumulate,0.000068647,0.000068463
14,140,receive_authenticate_accumulate,0.000069350,0.000069278
14,140,receive_authenticate_accumulate,0.000068388,0.000067852
14,140,receive_authenticate_accumulate,0.000068203,0.000068204
14,140,receive_authenticate_accumulate,0.000069981,0.000069704
14,140,receive_authenticate_accumulate,0.000069018,0.000069000
14,140,receive_authenticate_accumulate,0.000069758,0.000069463
14,140,receive_authenticate_accumulate,0.000069202,0.000069148
14,140,receive_authenticate_accumulate,0.000084202,0.000084093
14,140,receive_authenticate_accumulate,0.000084480,0.000084241
14,140,receive_authenticate_accumulate,0.000083128,0.000083018
14,140,receive_authenticate_accumulate,0.000083147,0.000082870
14,140,receive_authenticate_accumulate,0.000083073,0.000082741
14,140,receive_authenticate_accumulate,0.000083944,0.000083667
14,140,receive_authenticate_accumulate,0.000083721,0.000083408
14,140,receive_authenticate_accumulate,0.000082276,0.000082037
14,140,receive_authenticate_accumulate,0.000085314,0.000085111
14,140,receive_authenticate_accumulate,0.000082721,0.000082482
14,140,randomness_reveal,0.000448845,0.000448259
14,140,receive_authenticate_accumulate,0.000065351,0.000065315
14,140,receive_authenticate_accumulate,0.000067332,0.000067278
14,140,receive_authenticate_accumulate,0.000068795,0.000068704
14,140,receive_authenticate_accumulate,0.000068647,0.000068519
14,140,receive_authenticate_accumulate,0.000067665,0.000067611
14,140,receive_authenticate_accumulate,0.000068166,0.000068019
14,140,receive_authenticate_accumulate,0.000067610,0.000067537
14,140,receive_authenticate_accumulate,0.000070665,0.000070426
14,140,receive_authenticate_accumulate,0.000068999,0.000068630
14,140,receive_authenticate_accumulate,0.000069406,0.000069111
14,140,committee_selection,0.000125924,0.000125852
14,140,round_reset,0.000005537,0.000004852
14,140,receive_authenticate_accumulate,0.017226783,0.017226852
14,140,receive_authenticate_accumulate,0.017222024,0.017222111
14,140,receive_authenticate_accumulate,0.017224710,0.017224759
14,140,receive_authenticate_accumulate,0.017299338,0.017272962
14,140,receive_authenticate_accumulate,0.017228599,0.017228704
14,140,receive_authenticate_accumulate,0.017230154,0.017230278
14,140,receive_authenticate_accumulate,0.017219265,0.017219352
14,140,receive_authenticate_accumulate,0.017218858,0.017218944
14,140,receive_authenticate_accumulate,0.017221321,0.017221389
14,140,receive_authenticate_accumulate,0.017262450,0.017247759
14,140,reading_commitment_and_shares,0.026308132,0.026264777
14,140,receive_authenticate_accumulate,0.017229488,0.017229518
14,140,receive_authenticate_accumulate,0.017222803,0.017222815
14,140,receive_authenticate_accumulate,0.017215284,0.017215241
14,140,receive_authenticate_accumulate,0.017219636,0.017219796
14,140,receive_authenticate_accumulate,0.017220543,0.017220722
14,140,receive_authenticate_accumulate,0.017224728,0.017224685
14,140,receive_authenticate_accumulate,0.017222840,0.017222981
14,140,receive_authenticate_accumulate,0.017223266,0.017223259
14,140,receive_authenticate_accumulate,0.017228044,0.017228000
14,140,receive_authenticate_accumulate,0.017228729,0.017228908
14,140,round_coverage,0.000004000,0.000003314
14,141,round_reset,0.000009500,0.000008092
14,141,receive_authenticate_accumulate,0.017227230,0.017227611
14,141,receive_authenticate_accumulate,0.017228989,0.017229018
14,141,receive_authenticate_accumulate,0.017221656,0.017221796
14,141,receive_authenticate_accumulate,0.017230470,0.017230482
14,141,receive_authenticate_accumulate,0.017215952,0.017216055
14,141,receive_authenticate_accumulate,0.017205619,0.017205815
14,141,receive_authenticate_accumulate,0.017223471,0.017223481
14,141,receive_authenticate_accumulate,0.017282803,0.017283074
14,141,receive_authenticate_accumulate,0.017232230,0.017232426
14,141,receive_authenticate_accumulate,0.017226971,0.017227074
14,141,reading_commitment_and_shares,0.026245784,0.026216629
14,141,receive_authenticate_accumulate,0.017223471,0.017223426
14,141,receive_authenticate_accumulate,0.017268749,0.017243759
14,141,receive_authenticate_accumulate,0.017310248,0.017284758
14,141,receive_authenticate_accumulate,0.017225398,0.017225445
14,141,receive_authenticate_accumulate,0.017260193,0.017233573
14,141,receive_authenticate_accumulate,0.017227249,0.017227518
14,141,receive_authenticate_accumulate,0.017221157,0.017221241
14,141,receive_authenticate_accumulate,0.017223694,0.017223740
14,141,receive_authenticate_accumulate,0.017222675,0.017222815
14,141,receive_authenticate_accumulate,0.017227619,0.017227796
14,141,round_coverage,0.000004130,0.000003444
14,142,round_reset,0.000009259,0.000007592
14,142,receive_authenticate_accumulate,0.017234028,0.017234167
14,142,receive_authenticate_accumulate,0.017228269,0.017228352
14,142,receive_authenticate_accumulate,0.017225713,0.017225648
14,142,receive_authenticate_accumulate,0.017227029,0.017226982
14,142,receive_authenticate_accumulate,0.017245861,0.017227888
14,142,receive_authenticate_accumulate,0.017228084,0.017228278
14,142,receive_authenticate_accumulate,0.017225584,0.017225592
14,142,receive_authenticate_accumulate,0.017227344,0.017227482
14,142,receive_authenticate_accumulate,0.017220825,0.017221000
14,142,receive_authenticate_accumulate,0.017213769,0.017213777
14,142,reading_commitment_and_shares,0.026200122,0.026200370
14,142,receive_authenticate_accumulate,0.017253066,0.017237741
14,142,receive_authenticate_accumulate,0.017232751,0.017232796
14,142,receive_authenticate_accumulate,0.017266713,0.017240018
14,142,receive_authenticate_accumulate,0.017221177,0.017221167
14,142,receive_authenticate_accumulate,0.017225899,0.017225889
14,142,receive_authenticate_accumulate,0.017270713,0.017245814
14,142,receive_authenticate_accumulate,0.017221048,0.017221222
14,142,receive_authenticate_accumulate,0.017227918,0.017227851
14,142,receive_authenticate_accumulate,0.017288028,0.017254389
14,142,receive_authenticate_accumulate,0.017217010,0.017217222
14,142,round_coverage,0.000004074,0.000003611
14,143,round_reset,0.000009296,0.000008092
14,143,receive_authenticate_accumulate,0.017242400,0.017242482
14,143,receive_authenticate_accumulate,0.017218104,0.017218148
14,143,receive_authenticate_accumulate,0.017223456,0.017223555
14,143,receive_authenticate_accumulate,0.017257456,0.017231094
14,143,receive_authenticate_accumulate,0.017234308,0.017234259
14,143,receive_authenticate_accumulate,0.017223975,0.017223981
14,143,receive_authenticate_accumulate,0.017223975,0.017224019
14,143,receive_authenticate_accumulate,0.017228531,0.017228500
14,143,receive_authenticate_accumulate,0.017234067,0.017234185
14,143,receive_authenticate_accumulate,0.017253475,0.017233148
14,143,reading_commitment_and_shares,0.026207346,0.026207685
14,143,receive_authenticate_accumulate,0.017218716,0.017218926
14,143,receive_authenticate_accumulate,0.017226475,0.017226666
14,143,receive_authenticate_accumulate,0.017304641,0.017278777
14,143,receive_authenticate_accumulate,0.017300251,0.017262927
14,143,receive_authenticate_accumulate,0.017293381,0.017271408
14,143,receive_authenticate_accumulate,0.017227178,0.017227259
14,143,receive_authenticate_accumulate,0.017224642,0.017224759
14,143,receive_authenticate_accumulate,0.017225420,0.017225482
14,143,receive_authenticate_accumulate,0.017262252,0.017236165
14,143,receive_authenticate_accumulate,0.017238049,0.017238241
14,143,round_coverage,0.000004056,0.000003463
14,144,round_reset,0.000009870,0.000008518
14,144,receive_authenticate_accumulate,0.017376178,0.017375834
14,144,receive_authenticate_accumulate,0.017223570,0.017223611
14,144,receive_authenticate_accumulate,0.017224162,0.017224297
14,144,receive_authenticate_accumulate,0.017222681,0.017222740
14,144,receive_authenticate_accumulate,0.017219403,0.017219463
14,144,receive_authenticate_accumulate,0.017276513,0.017250963
14,144,receive_authenticate_accumulate,0.017228310,0.017228389
14,144,receive_authenticate_accumulate,0.017219810,0.017219870
14,144,receive_authenticate_accumulate,0.017226698,0.017226814
14,144,receive_authenticate_accumulate,0.017227773,0.017227870
14,144,reading_commitment_and_shares,0.026197238,0.026197500
14,144,receive_authenticate_accumulate,0.017220237,0.017220240
14,144,receive_authenticate_accumulate,0.017228236,0.017228241
14,144,receive_authenticate_accumulate,0.017220588,0.017220629
14,144,receive_authenticate_accumulate,0.017220959,0.017221130
14,144,receive_authenticate_accumulate,0.017231254,0.017231111
14,144,receive_authenticate_accumulate,0.017219792,0.017219685
14,144,receive_authenticate_accumulate,0.017247421,0.017230888
14,144,receive_authenticate_accumulate,0.017279717,0.017279722
14,144,receive_authenticate_accumulate,0.017255198,0.017232555
14,144,receive_authenticate_accumulate,0.017228384,0.017228315
14,144,round_coverage,0.000004407,0.000003685
14,145,round_reset,0.000009610,0.000008277
14,145,receive_authenticate_accumulate,0.017224664,0.017224611
14,145,receive_authenticate_accumulate,0.017269237,0.017243870
14,145,receive_authenticate_accumulate,0.017225238,0.017225278
14,145,receive_authenticate_accumulate,0.017232367,0.017232333
14,145,receive_authenticate_accumulate,0.017271125,0.017245444
14,145,receive_authenticate_accumulate,0.017224867,0.017224500
14,145,receive_authenticate_accumulate,0.017233127,0.017233204
14,145,receive_authenticate_accumulate,0.017226682,0.017226741
14,145,receive_authenticate_accumulate,0.017249163,0.017249334
14,145,receive_authenticate_accumulate,0.017234108,0.017234222
14,145,reading_commitment_and_shares,0.026194333,0.026194630
14,145,receive_authenticate_accumulate,0.017229441,0.017229574
14,145,receive_authenticate_accumulate,0.017228886,0.017229000
14,145,receive_authenticate_accumulate,0.017226885,0.017226982
14,145,receive_authenticate_accumulate,0.017225423,0.017225444
14,145,receive_authenticate_accumulate,0.017231682,0.017231592
14,145,receive_authenticate_accumulate,0.017260904,0.017234907
14,145,receive_authenticate_accumulate,0.017225089,0.017225074
14,145,receive_authenticate_accumulate,0.017226608,0.017226666
14,145,receive_authenticate_accumulate,0.017255515,0.017234204
14,145,receive_authenticate_accumulate,0.017216515,0.017216722
14,145,round_coverage,0.000004333,0.000003667
14,146,round_reset,0.000009759,0.000008333
14,146,receive_authenticate_accumulate,0.017392607,0.017366536
14,146,receive_authenticate_accumulate,0.017229924,0.017229982
14,146,receive_authenticate_accumulate,0.017220462,0.017220574
14,146,receive_authenticate_accumulate,0.017220646,0.017220593
14,146,receive_authenticate_accumulate,0.017236683,0.017236518
14,146,receive_authenticate_accumulate,0.017223961,0.017224056
14,146,receive_authenticate_accumulate,0.017226424,0.017226482
14,146,receive_authenticate_accumulate,0.017222499,0.017222463
14,146,receive_authenticate_accumulate,0.017252849,0.017229686
14,146,receive_authenticate_accumulate,0.017224887,0.017224778
14,146,reading_commitment_and_shares,0.026196725,0.026196704
14,146,receive_authenticate_accumulate,0.017223998,0.017224056
14,146,receive_authenticate_accumulate,0.017239850,0.017239926
14,146,receive_authenticate_accumulate,0.017224943,0.017224889
14,146,receive_authenticate_accumulate,0.017230480,0.017230481
14,146,receive_authenticate_accumulate,0.017223869,0.017223907
14,146,receive_authenticate_accumulate,0.017227944,0.017227945
14,146,receive_authenticate_accumulate,0.017219554,0.017219463
14,146,receive_authenticate_accumulate,0.017226740,0.017226778
14,146,receive_authenticate_accumulate,0.017218499,0.017218612
14,146,receive_authenticate_accumulate,0.017303775,0.017239704
14,146,round_coverage,0.000004130,0.000003407
14,147,round_reset,0.000008814,0.000007463
14,147,receive_authenticate_accumulate,0.017221796,0.017221945
14,147,receive_authenticate_accumulate,0.017221630,0.017221611
14,147,receive_authenticate_accumulate,0.017222203,0.017222408
14,147,receive_authenticate_accumulate,0.017226185,0.017226203
14,147,receive_authenticate_accumulate,0.017257444,0.017233796
14,147,receive_authenticate_accumulate,0.017228703,0.017228703
14,147,receive_authenticate_accumulate,0.017218982,0.017219037
14,147,receive_authenticate_accumulate,0.017222815,0.017222944
14,147,receive_authenticate_accumulate,0.017298017,0.017256425
14,147,receive_authenticate_accumulate,0.017233351,0.017233445
14,147,reading_commitment_and_shares,0.026228578,0.026229093
14,147,receive_authenticate_accumulate,0.017217482,0.017217685
14,147,receive_authenticate_accumulate,0.017253407,0.017253463
14,147,receive_authenticate_accumulate,0.017222518,0.017222740
14,147,receive_authenticate_accumulate,0.017225444,0.017225611
14,147,receive_authenticate_accumulate,0.017217093,0.017217092
14,147,receive_authenticate_accumulate,0.017241259,0.017241426
14,147,receive_authenticate_accumulate,0.017225352,0.017225462
14,147,receive_authenticate_accumulate,0.017221556,0.017221685
14,147,receive_authenticate_accumulate,0.017262296,0.017235222
14,147,receive_authenticate_accumulate,0.017220038,0.017219944
14,147,round_coverage,0.000004407,0.000003778
14,148,round_reset,0.000008722,0.000007334
14,148,receive_authenticate_accumulate,0.017227613,0.017227574
14,148,receive_authenticate_accumulate,0.017222316,0.017222370
14,148,receive_authenticate_accumulate,0.017222945,0.017222963
14,148,receive_authenticate_accumulate,0.017228057,0.017228056
14,148,receive_authenticate_accumulate,0.017222687,0.017222778
14,148,receive_authenticate_accumulate,0.017236372,0.017236389
14,148,receive_authenticate_accumulate,0.017229076,0.017229130
14,148,receive_authenticate_accumulate,0.017225409,0.017225574
14,148,receive_authenticate_accumulate,0.017232945,0.017233185
14,148,receive_authenticate_accumulate,0.017242483,0.017232167
14,148,reading_commitment_and_shares,0.026191821,0.026192129
14,148,receive_authenticate_accumulate,0.017228168,0.017228111
14,148,receive_authenticate_accumulate,0.017222353,0.017222333
14,148,receive_authenticate_accumulate,0.017228316,0.017228166
14,148,receive_authenticate_accumulate,0.017225483,0.017225537
14,148,receive_authenticate_accumulate,0.017220501,0.017220574
14,148,receive_authenticate_accumulate,0.017220057,0.017220278
14,148,receive_authenticate_accumulate,0.017242020,0.017241963
14,148,receive_authenticate_accumulate,0.017224779,0.017224815
14,148,receive_authenticate_accumulate,0.017229909,0.017229926
14,148,receive_authenticate_accumulate,0.017237779,0.017237907
14,148,round_coverage,0.000003333,0.000002851
14,149,round_reset,0.000008648,0.000007334
14,149,receive_authenticate_accumulate,0.017367075,0.017366555
14,149,receive_authenticate_accumulate,0.017226021,0.017226259
14,149,receive_authenticate_accumulate,0.017230466,0.017230592
14,149,receive_authenticate_accumulate,0.017227372,0.017227463
14,149,receive_authenticate_accumulate,0.017230503,0.017230593
14,149,receive_authenticate_accumulate,0.017228207,0.017228259
14,149,receive_authenticate_accumulate,0.017228077,0.017228092
14,149,receive_authenticate_accumulate,0.017231447,0.017231481
14,149,receive_authenticate_accumulate,0.017230151,0.017230204
14,149,receive_authenticate_accumulate,0.017217317,0.017217389
14,149,reading_commitment_and_shares,0.026196860,0.026196907
14,149,receive_authenticate_accumulate,0.017214429,0.017214537
14,149,receive_authenticate_accumulate,0.017221466,0.017221574
14,149,receive_authenticate_accumulate,0.017225447,0.017225741
14,149,receive_authenticate_accumulate,0.017230595,0.017230686
14,149,receive_authenticate_accumulate,0.017217262,0.017217333
14,149,receive_authenticate_accumulate,0.017229669,0.017229759
14,149,receive_authenticate_accumulate,0.017258540,0.017230556
14,149,receive_authenticate_accumulate,0.017264835,0.017241834
14,149,receive_authenticate_accumulate,0.017229540,0.017229500
14,149,receive_authenticate_accumulate,0.017223725,0.017223741
14,149,round_coverage,0.000004093,0.000003686
14,149,shutdown,0.000007556,0.000006074
