period,round,phase,wall_seconds,cpu_seconds
0,0,period_reset,0.000024018,0.000023500
0,0,receive_authenticate_accumulate,0.000078629,0.000078389
0,0,receive_authenticate_accumulate,0.000031908,0.000031555
0,0,receive_authenticate_accumulate,0.000038129,0.000037852
0,0,receive_authenticate_accumulate,0.000036555,0.000036314
0,0,receive_authenticate_accumulate,0.000030129,0.000029871
0,0,receive_authenticate_accumulate,0.000036259,0.000036037
0,0,receive_authenticate_accumulate,0.000032407,0.000032092
0,0,receive_authenticate_accumulate,0.000036389,0.000036130
0,0,receive_authenticate_accumulate,0.000035722,0.000035389
0,0,receive_authenticate_accumulate,0.000031185,0.000030889
0,0,receive_authenticate_accumulate,0.000037870,0.000037667
0,0,receive_authenticate_accumulate,0.000036018,0.000035759
0,0,receive_authenticate_accumulate,0.000031500,0.000031296
0,0,receive_authenticate_accumulate,0.000035926,0.000035686
0,0,receive_authenticate_accumulate,0.000031185,0.000030963
0,0,receive_authenticate_accumulate,0.000036796,0.000036222
0,0,randomness_commit,0.000437257,0.000437185
0,0,receive_authenticate_accumulate,0.000036963,0.000036833
0,0,receive_authenticate_accumulate,0.000030333,0.000030203
0,0,receive_authenticate_accumulate,0.000035203,0.000034981
0,0,receive_authenticate_accumulate,0.000037962,0.000037796
0,0,receive_authenticate_accumulate,0.000041388,0.000041167
0,0,receive_authenticate_accumulate,0.000045722,0.000045481
0,0,receive_authenticate_accumulate,0.000038907,0.000038667
0,0,receive_authenticate_accumulate,0.000045778,0.000045611
0,0,receive_authenticate_accumulate,0.000044259,0.000044019
0,0,receive_authenticate_accumulate,0.000039222,0.000038797
0,0,receive_authenticate_accumulate,0.000045055,0.000044852
0,0,receive_authenticate_accumulate,0.000045241,0.000045092
0,0,receive_authenticate_accumulate,0.000038573,0.000038130
0,0,receive_authenticate_accumulate,0.000045722,0.000045463
0,0,receive_authenticate_accumulate,0.000038592,0.000038222
0,0,receive_authenticate_accumulate,0.000045074,0.000044833
0,0,receive_authenticate_accumulate,0.000044629,0.000044296
0,0,receive_authenticate_accumulate,0.000039704,0.000039296
0,0,receive_authenticate_accumulate,0.000044722,0.000044407
0,0,receive_authenticate_accumulate,0.000044592,0.000044277
0,0,randomness_reveal,0.000294720,0.000294722
0,0,receive_authenticate_accumulate,0.000038333,0.000038148
0,0,receive_authenticate_accumulate,0.000044037,0.000043963
0,0,receive_authenticate_accumulate,0.000038055,0.000037908
0,0,receive_authenticate_accumulate,0.000043444,0.000043130
0,0,committee_selection,0.000087110,0.000086944
0,0,round_reset,0.000005740,0.000005315
0,0,receive_authenticate_accumulate,0.017300978,0.017301000
0,0,receive_authenticate_accumulate,0.000069685,0.000069815
0,0,receive_authenticate_accumulate,0.017252386,0.017252352
0,0,receive_authenticate_accumulate,0.000049944,0.000049982
0,0,receive_authenticate_accumulate,0.017243997,0.017243907
0,0,receive_authenticate_accumulate,0.000047722,0.000047722
0,0,receive_authenticate_accumulate,0.017275904,0.017258055
0,0,receive_authenticate_accumulate,0.000049129,0.000049166
0,0,receive_authenticate_accumulate,0.017250461,0.017250352
0,0,receive_authenticate_accumulate,0.000066333,0.000066482
0,0,receive_authenticate_accumulate,0.017249072,0.017248999
0,0,receive_authenticate_accumulate,0.000047907,0.000048000
0,0,receive_authenticate_accumulate,0.017248146,0.017248148
0,0,receive_authenticate_accumulate,0.000048518,0.000048574
0,0,receive_authenticate_accumulate,0.017245960,0.017245889
0,0,receive_authenticate_accumulate,0.000048463,0.000048389
0,0,receive_authenticate_accumulate,0.017251923,0.017251796
0,0,receive_authenticate_accumulate,0.000046592,0.000046704
0,0,receive_authenticate_accumulate,0.017249257,0.017249148
0,0,receive_authenticate_accumulate,0.000048000,0.000048129
0,0,receive_authenticate_accumulate,0.017266460,0.017254704
0,0,receive_authenticate_accumulate,0.000049018,0.000049019
0,0,receive_authenticate_accumulate,0.017247683,0.017247592
0,0,receive_authenticate_accumulate,0.000051148,0.000051204
0,0,receive_authenticate_accumulate,0.017259423,0.017259333
0,0,receive_authenticate_accumulate,0.000047518,0.000047371
0,0,receive_authenticate_accumulate,0.017245201,0.017244981
0,0,receive_authenticate_accumulate,0.000046778,0.000046741
0,0,receive_authenticate_accumulate,0.017250813,0.017250314
0,0,receive_authenticate_accumulate,0.000047333,0.000047315
0,0,receive_authenticate_accumulate,0.017264442,0.017255426
0,0,receive_authenticate_accumulate,0.000046555,0.000046667
0,0,reading_commitment_and_shares,0.026208235,0.026208389
0,0,receive_authenticate_accumulate,0.017239886,0.017239870
0,0,receive_authenticate_accumulate,0.000069148,0.000069260
0,0,receive_authenticate_accumulate,0.017285145,0.017259574
0,0,receive_authenticate_accumulate,0.000047333,0.000047278
0,0,receive_authenticate_accumulate,0.017245868,0.017245741
0,0,receive_authenticate_accumulate,0.000047315,0.000047352
0,0,receive_authenticate_accumulate,0.017306960,0.017270501
0,0,receive_authenticate_accumulate,0.000048371,0.000048407
0,0,round_coverage,0.000003630,0.000002926
0,0,spatial_report,0.000064758,0.000064704
0,1,round_reset,0.000009462,0.000007741
0,1,receive_authenticate_accumulate,0.017245129,0.017244778
0,1,receive_authenticate_accumulate,0.000052685,0.000052741
0,1,receive_authenticate_accumulate,0.017251610,0.017251389
0,1,receive_authenticate_accumulate,0.000046741,0.000046833
0,1,receive_authenticate_accumulate,0.017249648,0.017249593
0,1,receive_authenticate_accumulate,0.000047370,0.000047278
0,1,receive_authenticate_accumulate,0.017258222,0.017257982
0,1,receive_authenticate_accumulate,0.000048463,0.000048537
0,1,receive_authenticate_accumulate,0.017243129,0.017242963
0,1,receive_authenticate_accumulate,0.000048444,0.000048426
0,1,receive_authenticate_accumulate,0.017272925,0.017257482
0,1,receive_authenticate_accumulate,0.000047648,0.000047704
0,1,receive_authenticate_accumulate,0.017247407,0.017247111
0,1,receive_authenticate_accumulate,0.000045167,0.000045241
0,1,receive_authenticate_accumulate,0.017257073,0.017256574
0,1,receive_authenticate_accumulate,0.000046296,0.000046148
0,1,receive_authenticate_accumulate,0.017254629,0.017254426
0,1,receive_authenticate_accumulate,0.000046870,0.000047000
0,1,receive_authenticate_accumulate,0.017252481,0.017252222
0,1,receive_authenticate_accumulate,0.000046352,0.000046389
0,1,receive_authenticate_accumulate,0.017283296,0.017261888
0,1,receive_authenticate_accumulate,0.000047574,0.000047575
0,1,receive_authenticate_accumulate,0.017248037,0.017247963
0,1,receive_authenticate_accumulate,0.000054536,0.000054630
0,1,receive_authenticate_accumulate,0.017252277,0.017252092
0,1,receive_authenticate_accumulate,0.000044814,0.000044926
0,1,receive_authenticate_accumulate,0.017247093,0.017247000
0,1,receive_authenticate_accumulate,0.000051629,0.000051630
0,1,receive_authenticate_accumulate,0.017252463,0.017252223
0,1,receive_authenticate_accumulate,0.000046056,0.000046111
0,1,receive_authenticate_accumulate,0.017285555,0.017264963
0,1,receive_authenticate_accumulate,0.000045426,0.000045426
0,1,reading_commitment_and_shares,0.026198831,0.026199130
0,1,receive_authenticate_accumulate,0.017247388,0.017247334
0,1,receive_authenticate_accumulate,0.000048518,0.000048518
0,1,receive_authenticate_accumulate,0.017248648,0.017248444
0,1,receive_authenticate_accumulate,0.000046130,0.000046056
0,1,receive_authenticate_accumulate,0.017261926,0.017261851
0,1,receive_authenticate_accumulate,0.000049778,0.000049870
0,1,receive_authenticate_accumulate,0.017253740,0.017253481
0,1,receive_authenticate_accumulate,0.000045203,0.000045148
0,1,round_coverage,0.000003592,0.000002926
0,1,spatial_report,0.000061185,0.000061129
0,2,round_reset,0.000008815,0.000007389
0,2,receive_authenticate_accumulate,0.017259038,0.017258574
0,2,receive_authenticate_accumulate,0.000046778,0.000046797
0,2,receive_authenticate_accumulate,0.017250168,0.017249852
0,2,receive_authenticate_accumulate,0.000047037,0.000047092
0,2,receive_authenticate_accumulate,0.017310520,0.017310814
0,2,receive_authenticate_accumulate,0.000052407,0.000052240
0,2,receive_authenticate_accumulate,0.017240612,0.017240315
0,2,receive_authenticate_accumulate,0.000045685,0.000045703
0,2,receive_authenticate_accumulate,0.017228168,0.017228055
0,2,receive_authenticate_accumulate,0.000049481,0.000049315
0,2,receive_authenticate_accumulate,0.017274372,0.017258148
0,2,receive_authenticate_accumulate,0.000047981,0.000047982
0,2,receive_authenticate_accumulate,0.017250261,0.017250129
0,2,receive_authenticate_accumulate,0.000046722,0.000046759
0,2,receive_authenticate_accumulate,0.017248465,0.017248296
0,2,receive_authenticate_accumulate,0.000046925,0.000047000
0,2,receive_authenticate_accumulate,0.017251669,0.017251555
0,2,receive_authenticate_accumulate,0.000048481,0.000048481
0,2,receive_authenticate_accumulate,0.017245946,0.017245760
0,2,receive_authenticate_accumulate,0.000048518,0.000048574
0,2,receive_authenticate_accumulate,0.017301020,0.017286427
0,2,receive_authenticate_accumulate,0.000045778,0.000045889
0,2,receive_authenticate_accumulate,0.017245076,0.017244926
0,2,receive_authenticate_accumulate,0.000047556,0.000047666
0,2,receive_authenticate_accumulate,0.017248446,0.017248315
0,2,receive_authenticate_accumulate,0.000047833,0.000047870
0,2,receive_authenticate_accumulate,0.017248224,0.017248149
0,2,receive_authenticate_accumulate,0.000046759,0.000046722
0,2,receive_authenticate_accumulate,0.017259595,0.017259241
0,2,receive_authenticate_accumulate,0.000045796,0.000045722
0,2,receive_authenticate_accumulate,0.017257539,0.017257463
0,2,receive_authenticate_accumulate,0.000045389,0.000045444
0,2,reading_commitment_and_shares,0.026245963,0.026214797
0,2,receive_authenticate_accumulate,0.017246150,0.017245833
0,2,receive_authenticate_accumulate,0.000045574,0.000045574
0,2,receive_authenticate_accumulate,0.017254076,0.017254037
0,2,receive_authenticate_accumulate,0.000045389,0.000045518
0,2,receive_authenticate_accumulate,0.017261798,0.017261611
0,2,receive_authenticate_accumulate,0.000047463,0.000047518
0,2,receive_authenticate_accumulate,0.017250872,0.017250851
0,2,receive_authenticate_accumulate,0.000045889,0.000045981
0,2,round_coverage,0.000003500,0.000002889
0,2,spatial_report,0.000060482,0.000060352
0,3,round_reset,0.000009945,0.000008555
0,3,receive_authenticate_accumulate,0.017255447,0.017255407
0,3,receive_authenticate_accumulate,0.000048000,0.000047963
0,3,receive_authenticate_accumulate,0.017255244,0.017254981
0,3,receive_authenticate_accumulate,0.000046426,0.000046333
0,3,receive_authenticate_accumulate,0.017246800,0.017246666
0,3,receive_authenticate_accumulate,0.000047685,0.000047759
0,3,receive_authenticate_accumulate,0.017241541,0.017241259
0,3,receive_authenticate_accumulate,0.000045871,0.000045963
0,3,receive_authenticate_accumulate,0.017291781,0.017264019
0,3,receive_authenticate_accumulate,0.000046870,0.000046833
0,3,receive_authenticate_accumulate,0.017254541,0.017254333
0,3,receive_authenticate_accumulate,0.000048685,0.000048796
0,3,receive_authenticate_accumulate,0.017255819,0.017255741
0,3,receive_authenticate_accumulate,0.000048352,0.000048389
0,3,receive_authenticate_accumulate,0.017249262,0.017249000
0,3,receive_authenticate_accumulate,0.000045555,0.000045686
0,3,receive_authenticate_accumulate,0.017246189,0.017245944
0,3,receive_authenticate_accumulate,0.000046889,0.000046852
0,3,receive_authenticate_accumulate,0.017247096,0.017246944
0,3,receive_authenticate_accumulate,0.000046351,0.000046371
0,3,receive_authenticate_accumulate,0.017283762,0.017270055
0,3,receive_authenticate_accumulate,0.000046944,0.000047037
0,3,receive_authenticate_accumulate,0.017243948,0.017243833
0,3,receive_authenticate_accumulate,0.000046519,0.000046556
0,3,receive_authenticate_accumulate,0.017269189,0.017254962
0,3,receive_authenticate_accumulate,0.000045870,0.000045908
0,3,receive_authenticate_accumulate,0.017243782,0.017243445
0,3,receive_authenticate_accumulate,0.000047092,0.000047074
0,3,receive_authenticate_accumulate,0.017242466,0.017242260
0,3,receive_authenticate_accumulate,0.000048018,0.000047945
0,3,receive_authenticate_accumulate,0.017290892,0.017269037
0,3,receive_authenticate_accumulate,0.000047499,0.000047389
0,3,reading_commitment_and_shares,0.026209263,0.026209463
0,3,receive_authenticate_accumulate,0.017240467,0.017240407
0,3,receive_authenticate_accumulate,0.000045629,0.000045648
0,3,receive_authenticate_accumulate,0.017249763,0.017249648
0,3,receive_authenticate_accumulate,0.000046407,0.000046389
0,3,receive_authenticate_accumulate,0.017242745,0.017242685
0,3,receive_authenticate_accumulate,0.000047426,0.000047389
0,3,receive_authenticate_accumulate,0.017283670,0.017261593
0,3,receive_authenticate_accumulate,0.000048018,0.000047981
0,3,round_coverage,0.000003500,0.000002833
0,3,spatial_report,0.000056240,0.000056148
0,4,round_reset,0.000010111,0.000008741
0,4,receive_authenticate_accumulate,0.017253153,0.017252889
0,4,receive_authenticate_accumulate,0.000055593,0.000055666
0,4,receive_authenticate_accumulate,0.017252764,0.017252426
0,4,receive_authenticate_accumulate,0.000052185,0.000052111
0,4,receive_authenticate_accumulate,0.017294153,0.017266259
0,4,receive_authenticate_accumulate,0.000053999,0.000053870
0,4,receive_authenticate_accumulate,0.017256543,0.017256241
0,4,receive_authenticate_accumulate,0.000052722,0.000052593
0,4,receive_authenticate_accumulate,0.017247450,0.017247185
0,4,receive_authenticate_accumulate,0.000051185,0.000051240
0,4,receive_authenticate_accumulate,0.017239857,0.017239518
0,4,receive_authenticate_accumulate,0.000051722,0.000051722
0,4,receive_authenticate_accumulate,0.017241543,0.017241315
0,4,receive_authenticate_accumulate,0.000053000,0.000053019
0,4,receive_authenticate_accumulate,0.017330135,0.017304112
0,4,receive_authenticate_accumulate,0.000057388,0.000057149
0,4,receive_authenticate_accumulate,0.017309709,0.017278555
0,4,receive_authenticate_accumulate,0.000052833,0.000052630
0,4,receive_authenticate_accumulate,0.017254468,0.017254167
0,4,receive_authenticate_accumulate,0.000055536,0.000055537
0,4,receive_authenticate_accumulate,0.017248672,0.017248445
0,4,receive_authenticate_accumulate,0.000057389,0.000057222
0,4,receive_authenticate_accumulate,0.017312227,0.017269667
0,4,receive_authenticate_accumulate,0.000050963,0.000050796
0,4,receive_authenticate_accumulate,0.017248080,0.017247500
0,4,receive_authenticate_accumulate,0.000052426,0.000052371
0,4,receive_authenticate_accumulate,0.017254876,0.017254574
0,4,receive_authenticate_accumulate,0.000053055,0.000052852
0,4,receive_authenticate_accumulate,0.017252227,0.017251926
0,4,receive_authenticate_accumulate,0.000053073,0.000053000
0,4,receive_authenticate_accumulate,0.017260969,0.017260592
0,4,receive_authenticate_accumulate,0.000049426,0.000049426
0,4,reading_commitment_and_shares,0.026191302,0.026191704
0,4,receive_authenticate_accumulate,0.017240136,0.017239889
0,4,receive_authenticate_accumulate,0.000049259,0.000049037
0,4,receive_authenticate_accumulate,0.017254932,0.017254741
0,4,receive_authenticate_accumulate,0.000050111,0.000050000
0,4,receive_authenticate_accumulate,0.017238487,0.017238315
0,4,receive_authenticate_accumulate,0.000052796,0.000052667
0,4,receive_authenticate_accumulate,0.017248080,0.017247852
0,4,receive_authenticate_accumulate,0.000048963,0.000048963
0,4,round_coverage,0.000004203,0.000003500
0,4,spatial_report,0.000064333,0.000064112
0,5,round_reset,0.000009666,0.000007852
0,5,receive_authenticate_accumulate,0.017251951,0.017251666
0,5,receive_authenticate_accumulate,0.000050148,0.000050019
0,5,receive_authenticate_accumulate,0.017246618,0.017246296
0,5,receive_authenticate_accumulate,0.000050000,0.000049945
0,5,receive_authenticate_accumulate,0.017275432,0.017259519
0,5,receive_authenticate_accumulate,0.000052556,0.000052500
0,5,receive_authenticate_accumulate,0.017243100,0.017242444
0,5,receive_authenticate_accumulate,0.000049999,0.000050056
0,5,receive_authenticate_accumulate,0.017243822,0.017243519
0,5,receive_authenticate_accumulate,0.000048611,0.000048481
0,5,receive_authenticate_accumulate,0.017243784,0.017243444
0,5,receive_authenticate_accumulate,0.000051259,0.000051000
0,5,receive_authenticate_accumulate,0.017290247,0.017262573
0,5,receive_authenticate_accumulate,0.000051815,0.000051759
0,5,receive_authenticate_accumulate,0.017263359,0.017263093
0,5,receive_authenticate_accumulate,0.000050592,0.000050611
0,5,receive_authenticate_accumulate,0.017244119,0.017243648
0,5,receive_authenticate_accumulate,0.000050833,0.000050759
0,5,receive_authenticate_accumulate,0.017241915,0.017241704
0,5,receive_authenticate_accumulate,0.000052092,0.000052019
0,5,receive_authenticate_accumulate,0.017243767,0.017243426
0,5,receive_authenticate_accumulate,0.000052259,0.000052241
0,5,receive_authenticate_accumulate,0.017247007,0.017246759
0,5,receive_authenticate_accumulate,0.000051333,0.000051351
0,5,receive_authenticate_accumulate,0.017271822,0.017257759
0,5,receive_authenticate_accumulate,0.000053111,0.000053055
0,5,receive_authenticate_accumulate,0.017249970,0.017249704
0,5,receive_authenticate_accumulate,0.000050574,0.000050574
0,5,receive_authenticate_accumulate,0.017251489,0.017251203
0,5,receive_authenticate_accumulate,0.000053500,0.000053241
0,5,receive_authenticate_accumulate,0.017244729,0.017244166
0,5,receive_authenticate_accumulate,0.000051259,0.000051074
0,5,reading_commitment_and_shares,0.026188731,0.026188852
0,5,receive_authenticate_accumulate,0.017245878,0.017245592
0,5,receive_authenticate_accumulate,0.000051482,0.000051315
0,5,receive_authenticate_accumulate,0.017259415,0.017259296
0,5,receive_authenticate_accumulate,0.000051000,0.000051037
0,5,receive_authenticate_accumulate,0.017254545,0.017254241
0,5,receive_authenticate_accumulate,0.000053222,0.000052982
0,5,receive_authenticate_accumulate,0.017245100,0.017244926
0,5,receive_authenticate_accumulate,0.000051314,0.000051149
0,5,round_coverage,0.000004352,0.000003630
0,5,spatial_report,0.000060185,0.000060055
0,6,round_reset,0.000009703,0.000008111
0,6,receive_authenticate_accumulate,0.017242527,0.017242185
0,6,receive_authenticate_accumulate,0.000052092,0.000052000
0,6,receive_authenticate_accumulate,0.017250842,0.017250518
0,6,receive_authenticate_accumulate,0.000051611,0.000051722
0,6,receive_authenticate_accumulate,0.017272861,0.017259260
0,6,receive_authenticate_accumulate,0.000053555,0.000053519
0,6,receive_authenticate_accumulate,0.017257341,0.017257185
0,6,receive_authenticate_accumulate,0.000048222,0.000048296
0,6,receive_authenticate_accumulate,0.017248064,0.017247519
0,6,receive_authenticate_accumulate,0.000045370,0.000045463
0,6,receive_authenticate_accumulate,0.017244601,0.017244444
0,6,receive_authenticate_accumulate,0.000045648,0.000045741
0,6,receive_authenticate_accumulate,0.017250157,0.017249944
0,6,receive_authenticate_accumulate,0.000046314,0.000046278
0,6,receive_authenticate_accumulate,0.017251342,0.017251167
0,6,receive_authenticate_accumulate,0.000045722,0.000045593
0,6,receive_authenticate_accumulate,0.017246027,0.017245760
0,6,receive_authenticate_accumulate,0.000045037,0.000045074
0,6,receive_authenticate_accumulate,0.017274287,0.017255907
0,6,receive_authenticate_accumulate,0.000047019,0.000047092
0,6,receive_authenticate_accumulate,0.017250083,0.017249926
0,6,receive_authenticate_accumulate,0.000047852,0.000047759
0,6,receive_authenticate_accumulate,0.017251083,0.017250963
0,6,receive_authenticate_accumulate,0.000046462,0.000046463
0,6,receive_authenticate_accumulate,0.017250657,0.017250388
0,6,receive_authenticate_accumulate,0.000046759,0.000046870
0,6,receive_authenticate_accumulate,0.017246731,0.017246408
0,6,receive_authenticate_accumulate,0.000046278,0.000046278
0,6,receive_authenticate_accumulate,0.017237657,0.017237389
0,6,receive_authenticate_accumulate,0.000045611,0.000045722
0,6,receive_authenticate_accumulate,0.017258213,0.017257704
0,6,receive_authenticate_accumulate,0.000046481,0.000046648
0,6,reading_commitment_and_shares,0.026199048,0.026199297
0,6,receive_authenticate_accumulate,0.017244101,0.017243945
0,6,receive_authenticate_accumulate,0.000044482,0.000044408
0,6,receive_authenticate_accumulate,0.017335564,0.017270926
0,6,receive_authenticate_accumulate,0.000046425,0.000046408
0,6,receive_authenticate_accumulate,0.017249360,0.017249204
0,6,receive_authenticate_accumulate,0.000046370,0.000046629
0,6,receive_authenticate_accumulate,0.017249657,0.017249482
0,6,receive_authenticate_accumulate,0.000046370,0.000046389
0,6,round_coverage,0.000004019,0.000003129
0,6,spatial_report,0.000061740,0.000061667
0,7,round_reset,0.000009167,0.000007834
0,7,receive_authenticate_accumulate,0.017255714,0.017255500
0,7,receive_authenticate_accumulate,0.000046296,0.000046278
0,7,receive_authenticate_accumulate,0.017247547,0.017247389
0,7,receive_authenticate_accumulate,0.000053796,0.000053814
0,7,receive_authenticate_accumulate,0.017300083,0.017273426
0,7,receive_authenticate_accumulate,0.000046037,0.000046129
0,7,receive_authenticate_accumulate,0.017247177,0.017246759
0,7,receive_authenticate_accumulate,0.000046981,0.000047130
0,7,receive_authenticate_accumulate,0.017250417,0.017250352
0,7,receive_authenticate_accumulate,0.000045648,0.000045759
0,7,receive_authenticate_accumulate,0.017256862,0.017256741
0,7,receive_authenticate_accumulate,0.000047389,0.000047426
0,7,receive_authenticate_accumulate,0.017253288,0.017252907
0,7,receive_authenticate_accumulate,0.000046204,0.000046111
0,7,receive_authenticate_accumulate,0.017275844,0.017266722
0,7,receive_authenticate_accumulate,0.000046259,0.000046278
0,7,receive_authenticate_accumulate,0.017295084,0.017256760
0,7,receive_authenticate_accumulate,0.000046167,0.000046241
0,7,receive_authenticate_accumulate,0.017252899,0.017252722
0,7,receive_authenticate_accumulate,0.000045889,0.000046000
0,7,receive_authenticate_accumulate,0.017251807,0.017251722
0,7,receive_authenticate_accumulate,0.000048018,0.000048000
0,7,receive_authenticate_accumulate,0.017248751,0.017248259
0,7,receive_authenticate_accumulate,0.000046351,0.000046371
0,7,receive_authenticate_accumulate,0.017269196,0.017253870
0,7,receive_authenticate_accumulate,0.000047167,0.000047130
0,7,receive_authenticate_accumulate,0.017251510,0.017251203
0,7,receive_authenticate_accumulate,0.000045833,0.000045870
0,7,receive_authenticate_accumulate,0.017257825,0.017257648
0,7,receive_authenticate_accumulate,0.000048203,0.000048314
0,7,receive_authenticate_accumulate,0.017247918,0.017247556
0,7,receive_authenticate_accumulate,0.000046815,0.000046833
0,7,reading_commitment_and_shares,0.026196217,0.026195833
0,7,receive_authenticate_accumulate,0.017287492,0.017259222
0,7,receive_authenticate_accumulate,0.000047296,0.000047351
0,7,receive_authenticate_accumulate,0.017278751,0.017269167
0,7,receive_authenticate_accumulate,0.000047222,0.000047241
0,7,receive_authenticate_accumulate,0.017257084,0.017256777
0,7,receive_authenticate_accumulate,0.000047425,0.000047388
0,7,receive_authenticate_accumulate,0.017249899,0.017249833
0,7,receive_authenticate_accumulate,0.000046222,0.000046352
0,7,round_coverage,0.000003481,0.000002778
0,7,spatial_report,0.000061759,0.000061667
0,8,round_reset,0.000009500,0.000007852
0,8,receive_authenticate_accumulate,0.017252660,0.017252333
0,8,receive_authenticate_accumulate,0.000047148,0.000047111
0,8,receive_authenticate_accumulate,0.017249049,0.017248907
0,8,receive_authenticate_accumulate,0.000050537,0.000050611
0,8,receive_authenticate_accumulate,0.017250937,0.017250815
0,8,receive_authenticate_accumulate,0.000055962,0.000056037
0,8,receive_authenticate_accumulate,0.017255030,0.017254740
0,8,receive_authenticate_accumulate,0.000046259,0.000046351
0,8,receive_authenticate_accumulate,0.017254234,0.017253704
0,8,receive_authenticate_accumulate,0.000045444,0.000045649
0,8,receive_authenticate_accumulate,0.017246752,0.017246611
0,8,receive_authenticate_accumulate,0.000047129,0.000047111
0,8,receive_authenticate_accumulate,0.017247549,0.017247370
0,8,receive_authenticate_accumulate,0.000046314,0.000046351
0,8,receive_authenticate_accumulate,0.017238123,0.017237796
0,8,receive_authenticate_accumulate,0.000046111,0.000046148
0,8,receive_authenticate_accumulate,0.017246105,0.017245833
0,8,receive_authenticate_accumulate,0.000045259,0.000045222
0,8,receive_authenticate_accumulate,0.017259660,0.017259407
0,8,receive_authenticate_accumulate,0.000044981,0.000044797
0,8,receive_authenticate_accumulate,0.017253012,0.017252741
0,8,receive_authenticate_accumulate,0.000047778,0.000047722
0,8,receive_authenticate_accumulate,0.017245252,0.017244982
0,8,receive_authenticate_accumulate,0.000046259,0.000046352
0,8,receive_authenticate_accumulate,0.017265752,0.017254777
0,8,receive_authenticate_accumulate,0.000048185,0.000048241
0,8,receive_authenticate_accumulate,0.017245049,0.017244722
0,8,receive_authenticate_accumulate,0.000045759,0.000045925
0,8,receive_authenticate_accumulate,0.017253604,0.017253259
0,8,receive_authenticate_accumulate,0.000045574,0.000045592
0,8,receive_authenticate_accumulate,0.017292030,0.017258353
0,8,receive_authenticate_accumulate,0.000045593,0.000045556
0,8,reading_commitment_and_shares,0.026196683,0.026197000
0,8,receive_authenticate_accumulate,0.017243697,0.017243500
0,8,receive_authenticate_accumulate,0.000045704,0.000045537
0,8,receive_authenticate_accumulate,0.017246882,0.017246722
0,8,receive_authenticate_accumulate,0.000046945,0.000046963
0,8,receive_authenticate_accumulate,0.017249975,0.017249704
0,8,receive_authenticate_accumulate,0.000045685,0.000045759
0,8,receive_authenticate_accumulate,0.017245920,0.017245574
0,8,receive_authenticate_accumulate,0.000045759,0.000045852
0,8,round_coverage,0.000004074,0.000003222
0,8,spatial_report,0.000058981,0.000058982
0,9,round_reset,0.000010000,0.000008334
0,9,receive_authenticate_accumulate,0.017249198,0.017248908
0,9,receive_authenticate_accumulate,0.000046611,0.000046648
0,9,receive_authenticate_accumulate,0.017247365,0.017247092
0,9,receive_authenticate_accumulate,0.000045259,0.000045278
0,9,receive_authenticate_accumulate,0.017256809,0.017256370
0,9,receive_authenticate_accumulate,0.000046185,0.000046130
0,9,receive_authenticate_accumulate,0.017254180,0.017253907
0,9,receive_authenticate_accumulate,0.000045333,0.000045481
0,9,receive_authenticate_accumulate,0.017252809,0.017252685
0,9,receive_authenticate_accumulate,0.000045759,0.000046000
0,9,receive_authenticate_accumulate,0.017289790,0.017261555
0,9,receive_authenticate_accumulate,0.000046537,0.000046537
0,9,receive_authenticate_accumulate,0.017251438,0.017251185
0,9,receive_authenticate_accumulate,0.000046797,0.000046777
0,9,receive_authenticate_accumulate,0.017252532,0.017252149
0,9,receive_authenticate_accumulate,0.000048592,0.000048667
0,9,receive_authenticate_accumulate,0.017245087,0.017244796
0,9,receive_authenticate_accumulate,0.000046888,0.000046982
0,9,receive_authenticate_accumulate,0.017248179,0.017247944
0,9,receive_authenticate_accumulate,0.000047370,0.000047463
0,9,receive_authenticate_accumulate,0.017247568,0.017247351
0,9,receive_authenticate_accumulate,0.000046555,0.000046518
0,9,receive_authenticate_accumulate,0.017251217,0.017251092
0,9,receive_authenticate_accumulate,0.000045037,0.000045129
0,9,receive_authenticate_accumulate,0.017266624,0.017256796
0,9,receive_authenticate_accumulate,0.000066610,0.000066555
0,9,receive_authenticate_accumulate,0.017243402,0.017242686
0,9,receive_authenticate_accumulate,0.000045296,0.000045445
0,9,receive_authenticate_accumulate,0.017254994,0.017254574
0,9,receive_authenticate_accumulate,0.000044259,0.000044278
0,9,receive_authenticate_accumulate,0.017254179,0.017254000
0,9,receive_authenticate_accumulate,0.000045314,0.000045370
0,9,reading_commitment_and_shares,0.026195296,0.026195463
0,9,receive_authenticate_accumulate,0.017245680,0.017245426
0,9,receive_authenticate_accumulate,0.000044740,0.000044833
0,9,receive_authenticate_accumulate,0.017252383,0.017252129
0,9,receive_authenticate_accumulate,0.000046093,0.000046111
0,9,receive_authenticate_accumulate,0.017255902,0.017255574
0,9,receive_authenticate_accumulate,0.000045741,0.000045759
0,9,receive_authenticate_accumulate,0.017264735,0.017264370
0,9,receive_authenticate_accumulate,0.000051166,0.000051148
0,9,round_coverage,0.000004333,0.000003685
0,9,spatial_report,0.000062667,0.000062593
0,9,billing_report,0.000426850,0.000426666
1,10,period_reset,0.000027166,0.000025648
1,10,receive_authenticate_accumulate,0.000093647,0.000093167
1,10,receive_authenticate_accumulate,0.000090963,0.000090648
1,10,receive_authenticate_accumulate,0.000091888,0.000091648
1,10,receive_authenticate_accumulate,0.000091351,0.000091037
1,10,receive_authenticate_accumulate,0.000089129,0.000088593
1,10,receive_authenticate_accumulate,0.000089648,0.000089277
1,10,receive_authenticate_accumulate,0.000088203,0.000088240
1,10,receive_authenticate_accumulate,0.000070778,0.000070112
1,10,receive_authenticate_accumulate,0.000066148,0.000065833
1,10,receive_authenticate_accumulate,0.000067796,0.000067278
1,10,receive_authenticate_accumulate,0.000067796,0.000067333
1,10,receive_authenticate_accumulate,0.000066185,0.000065833
1,10,receive_authenticate_accumulate,0.000096111,0.000095871
1,10,receive_authenticate_accumulate,0.000067555,0.000067222
1,10,receive_authenticate_accumulate,0.000066944,0.000066574
1,10,receive_authenticate_accumulate,0.000066556,0.000066555
1,10,randomness_commit,0.000596089,0.000596334
1,10,receive_authenticate_accumulate,0.000065741,0.000065500
1,10,receive_authenticate_accumulate,0.000064000,0.000063667
1,10,receive_authenticate_accumulate,0.000065778,0.000065333
1,10,receive_authenticate_accumulate,0.000066074,0.000065722
1,10,receive_authenticate_accumulate,0.000081630,0.000081370
1,10,receive_authenticate_accumulate,0.000101166,0.000100685
1,10,receive_authenticate_accumulate,0.000078759,0.000078333
1,10,receive_authenticate_accumulate,0.000078389,0.000078204
1,10,receive_authenticate_accumulate,0.000077592,0.000077371
1,10,receive_authenticate_accumulate,0.000078166,0.000077722
1,10,receive_authenticate_accumulate,0.000079241,0.000078962
1,10,receive_authenticate_accumulate,0.000079296,0.000078796
1,10,receive_authenticate_accumulate,0.000076999,0.000076796
1,10,receive_authenticate_accumulate,0.000065870,0.000065760
1,10,receive_authenticate_accumulate,0.000063018,0.000062703
1,10,receive_authenticate_accumulate,0.000064241,0.000063815
1,10,receive_authenticate_accumulate,0.000062759,0.000062518
1,10,receive_authenticate_accumulate,0.000063574,0.000063481
1,10,receive_authenticate_accumulate,0.000063185,0.000062833
1,10,receive_authenticate_accumulate,0.000064204,0.000063778
1,10,randomness_reveal,0.000439294,0.000439408
1,10,receive_authenticate_accumulate,0.000053166,0.000052741
1,10,receive_authenticate_accumulate,0.000062296,0.000062055
1,10,receive_authenticate_accumulate,0.000062722,0.000062371
1,10,receive_authenticate_accumulate,0.000063796,0.000063556
1,10,committee_selection,0.000121740,0.000121537
1,10,round_reset,0.000005093,0.000004186
1,10,receive_authenticate_accumulate,0.017251032,0.017250870
1,10,receive_authenticate_accumulate,0.000041351,0.000041500
1,10,receive_authenticate_accumulate,0.017248088,0.017247833
1,10,receive_authenticate_accumulate,0.000042778,0.000042760
1,10,receive_authenticate_accumulate,0.017281458,0.017265593
1,10,receive_authenticate_accumulate,0.000042333,0.000042167
1,10,receive_authenticate_accumulate,0.017298514,0.017269629
1,10,receive_authenticate_accumulate,0.000042926,0.000042871
1,10,receive_authenticate_accumulate,0.017249162,0.017248834
1,10,receive_authenticate_accumulate,0.000043759,0.000043741
1,10,receive_authenticate_accumulate,0.017252218,0.017252129
1,10,receive_authenticate_accumulate,0.000041259,0.000041315
1,10,receive_authenticate_accumulate,0.017247162,0.017246851
1,10,receive_authenticate_accumulate,0.000042814,0.000042889
1,10,receive_authenticate_accumulate,0.017243440,0.017243167
1,10,receive_authenticate_accumulate,0.000042722,0.000042834
1,10,receive_authenticate_accumulate,0.017246403,0.017246000
1,10,receive_authenticate_accumulate,0.000041481,0.000041519
1,10,receive_authenticate_accumulate,0.017278570,0.017266259
1,10,receive_authenticate_accumulate,0.000041388,0.000041445
1,10,receive_authenticate_accumulate,0.017248014,0.017247685
1,10,receive_authenticate_accumulate,0.000041814,0.000041908
1,10,receive_authenticate_accumulate,0.017252774,0.017252370
1,10,receive_authenticate_accumulate,0.000041407,0.000041500
1,10,receive_authenticate_accumulate,0.017247811,0.017247629
1,10,receive_authenticate_accumulate,0.000062092,0.000062259
1,10,receive_authenticate_accumulate,0.017261569,0.017261333
1,10,receive_authenticate_accumulate,0.000040759,0.000040889
1,10,receive_authenticate_accumulate,0.017253774,0.017253500
1,10,receive_authenticate_accumulate,0.000041204,0.000041333
1,10,receive_authenticate_accumulate,0.017244070,0.017243889
1,10,receive_authenticate_accumulate,0.000040926,0.000040963
1,10,reading_commitment_and_shares,0.026200353,0.026200463
1,10,receive_authenticate_accumulate,0.017257107,0.017257037
1,10,receive_authenticate_accumulate,0.000041148,0.000041111
1,10,receive_authenticate_accumulate,0.017286662,0.017257869
1,10,receive_authenticate_accumulate,0.000040944,0.000040871
1,10,receive_authenticate_accumulate,0.017241107,0.017241000
1,10,receive_authenticate_accumulate,0.000041148,0.000041130
1,10,receive_authenticate_accumulate,0.017249940,0.017249500
1,10,receive_authenticate_accumulate,0.000041518,0.000041537
1,10,round_coverage,0.000004129,0.000003463
1,10,spatial_report,0.000037259,0.000037130
1,11,round_reset,0.000009944,0.000008667
1,11,receive_authenticate_accumulate,0.017253978,0.017253871
1,11,receive_authenticate_accumulate,0.000042981,0.000042981
1,11,receive_authenticate_accumulate,0.017250478,0.017250259
1,11,receive_authenticate_accumulate,0.000045889,0.000045592
1,11,receive_authenticate_accumulate,0.017252608,0.017252537
1,11,receive_authenticate_accumulate,0.000043407,0.000043481
1,11,receive_authenticate_accumulate,0.017244423,0.017244352
1,11,receive_authenticate_accumulate,0.000042722,0.000042648
1,11,receive_authenticate_accumulate,0.017272219,0.017260518
1,11,receive_authenticate_accumulate,0.000044129,0.000044111
1,11,receive_authenticate_accumulate,0.017256775,0.017256667
1,11,receive_authenticate_accumulate,0.000045204,0.000045297
1,11,receive_authenticate_accumulate,0.017247311,0.017247222
1,11,receive_authenticate_accumulate,0.000043704,0.000043611
1,11,receive_authenticate_accumulate,0.017260663,0.017260852
1,11,receive_authenticate_accumulate,0.000043944,0.000043759
1,11,receive_authenticate_accumulate,0.017252997,0.017252963
1,11,receive_authenticate_accumulate,0.000042037,0.000042149
1,11,receive_authenticate_accumulate,0.017248923,0.017248777
1,11,receive_authenticate_accumulate,0.000043425,0.000043444
1,11,receive_authenticate_accumulate,0.017239460,0.017239351
1,11,receive_authenticate_accumulate,0.000043074,0.000043130
1,11,receive_authenticate_accumulate,0.017243275,0.017243000
1,11,receive_authenticate_accumulate,0.000044666,0.000044778
1,11,receive_authenticate_accumulate,0.017294812,0.017269537
1,11,receive_authenticate_accumulate,0.000043740,0.000043851
1,11,receive_authenticate_accumulate,0.017240459,0.017240333
1,11,receive_authenticate_accumulate,0.000043870,0.000043963
1,11,receive_authenticate_accumulate,0.017239960,0.017239833
1,11,receive_authenticate_accumulate,0.000044852,0.000044908
1,11,receive_authenticate_accumulate,0.017247830,0.017247722
1,11,receive_authenticate_accumulate,0.000043797,0.000043667
1,11,reading_commitment_and_shares,0.026198188,0.026198445
1,11,receive_authenticate_accumulate,0.017246071,0.017245815
1,11,receive_authenticate_accumulate,0.000044907,0.000045037
1,11,receive_authenticate_accumulate,0.017240201,0.017240037
1,11,receive_authenticate_accumulate,0.000044667,0.000044777
1,11,receive_authenticate_accumulate,0.017242571,0.017242296
1,11,receive_authenticate_accumulate,0.000045425,0.000045463
1,11,receive_authenticate_accumulate,0.017240997,0.017240907
1,11,receive_authenticate_accumulate,0.000044851,0.000044889
1,11,round_coverage,0.000004130,0.000003352
1,11,spatial_report,0.000038334,0.000038296
1,12,round_reset,0.000009389,0.000009111
1,12,receive_authenticate_accumulate,0.017292812,0.017292963
1,12,receive_authenticate_accumulate,0.000048740,0.000048574
1,12,receive_authenticate_accumulate,0.017246850,0.017246444
1,12,receive_authenticate_accumulate,0.000044907,0.000044778
1,12,receive_authenticate_accumulate,0.017256646,0.017256704
1,12,receive_authenticate_accumulate,0.000044851,0.000044833
1,12,receive_authenticate_accumulate,0.017240590,0.017240315
1,12,receive_authenticate_accumulate,0.000044611,0.000044667
1,12,receive_authenticate_accumulate,0.017258720,0.017258556
1,12,receive_authenticate_accumulate,0.000044518,0.000044481
1,12,receive_authenticate_accumulate,0.017241924,0.017241704
1,12,receive_authenticate_accumulate,0.000043703,0.000043760
1,12,receive_authenticate_accumulate,0.017243220,0.017243055
1,12,receive_authenticate_accumulate,0.000043111,0.000043185
1,12,receive_authenticate_accumulate,0.017312479,0.017274556
1,12,receive_authenticate_accumulate,0.000044777,0.000044815
1,12,receive_authenticate_accumulate,0.017251886,0.017251629
1,12,receive_authenticate_accumulate,0.000044111,0.000044185
1,12,receive_authenticate_accumulate,0.017285757,0.017262148
1,12,receive_authenticate_accumulate,0.000047629,0.000047500
1,12,receive_authenticate_accumulate,0.017246016,0.017245759
1,12,receive_authenticate_accumulate,0.000047351,0.000047222
1,12,receive_authenticate_accumulate,0.017243627,0.017243352
1,12,receive_authenticate_accumulate,0.000046185,0.000046055
1,12,receive_authenticate_accumulate,0.017273998,0.017259351
1,12,receive_authenticate_accumulate,0.000048204,0.000047907
1,12,receive_authenticate_accumulate,0.017241369,0.017241130
1,12,receive_authenticate_accumulate,0.000048203,0.000048334
1,12,receive_authenticate_accumulate,0.017244850,0.017244741
1,12,receive_authenticate_accumulate,0.000046778,0.000046797
1,12,receive_authenticate_accumulate,0.017251942,0.017251870
1,12,receive_authenticate_accumulate,0.000047036,0.000046945
1,12,reading_commitment_and_shares,0.026251041,0.026220630
1,12,receive_authenticate_accumulate,0.017241701,0.017241630
1,12,receive_authenticate_accumulate,0.000047741,0.000047704
1,12,receive_authenticate_accumulate,0.017257443,0.017257259
1,12,receive_authenticate_accumulate,0.000050407,0.000050389
1,12,receive_authenticate_accumulate,0.017248294,0.017247704
1,12,receive_authenticate_accumulate,0.000050704,0.000050555
1,12,receive_authenticate_accumulate,0.017253776,0.017253407
1,12,receive_authenticate_accumulate,0.000049148,0.000049074
1,12,round_coverage,0.000004575,0.000003259
1,12,spatial_report,0.000040204,0.000039926
1,13,round_reset,0.000010222,0.000008277
1,13,receive_authenticate_accumulate,0.017247850,0.017247592
1,13,receive_authenticate_accumulate,0.000049129,0.000049018
1,13,receive_authenticate_accumulate,0.017248907,0.017248611
1,13,receive_authenticate_accumulate,0.000048814,0.000048630
1,13,receive_authenticate_accumulate,0.017246628,0.017246370
1,13,receive_authenticate_accumulate,0.000049518,0.000049407
1,13,receive_authenticate_accumulate,0.017268703,0.017268315
1,13,receive_authenticate_accumulate,0.000050111,0.000049889
1,13,receive_authenticate_accumulate,0.017242370,0.017242055
1,13,receive_authenticate_accumulate,0.000049667,0.000049426
1,13,receive_authenticate_accumulate,0.017249165,0.017248889
1,13,receive_authenticate_accumulate,0.000049166,0.000048908
1,13,receive_authenticate_accumulate,0.017244536,0.017244333
1,13,receive_authenticate_accumulate,0.000047630,0.000047426
1,13,receive_authenticate_accumulate,0.017257573,0.017256944
1,13,receive_authenticate_accumulate,0.000053018,0.000052963
1,13,receive_authenticate_accumulate,0.017278350,0.017261500
1,13,receive_authenticate_accumulate,0.000061092,0.000060963
1,13,receive_authenticate_accumulate,0.017254277,0.017254074
1,13,receive_authenticate_accumulate,0.000050222,0.000050075
1,13,receive_authenticate_accumulate,0.017290462,0.017264907
1,13,receive_authenticate_accumulate,0.000050037,0.000050018
1,13,receive_authenticate_accumulate,0.017248425,0.017248129
1,13,receive_authenticate_accumulate,0.000048351,0.000048241
1,13,receive_authenticate_accumulate,0.017274869,0.017259629
1,13,receive_authenticate_accumulate,0.000049778,0.000049555
1,13,receive_authenticate_accumulate,0.017251647,0.017251482
1,13,receive_authenticate_accumulate,0.000050462,0.000050314
1,13,receive_authenticate_accumulate,0.017252184,0.017251963
1,13,receive_authenticate_accumulate,0.000049277,0.000049222
1,13,receive_authenticate_accumulate,0.017248777,0.017248519
1,13,receive_authenticate_accumulate,0.000047944,0.000047686
1,13,reading_commitment_and_shares,0.026249895,0.026219129
1,13,receive_authenticate_accumulate,0.017248110,0.017247833
1,13,receive_authenticate_accumulate,0.000048093,0.000047815
1,13,receive_authenticate_accumulate,0.017241703,0.017241370
1,13,receive_authenticate_accumulate,0.000047407,0.000047204
1,13,receive_authenticate_accumulate,0.017251314,0.017251055
1,13,receive_authenticate_accumulate,0.000049555,0.000049389
1,13,receive_authenticate_accumulate,0.017247443,0.017247222
1,13,receive_authenticate_accumulate,0.000050592,0.000050389
1,13,round_coverage,0.000004741,0.000003963
1,13,spatial_report,0.000039036,0.000038741
1,14,round_reset,0.000010018,0.000008426
1,14,receive_authenticate_accumulate,0.017287018,0.017260333
1,14,receive_authenticate_accumulate,0.000049889,0.000049741
1,14,receive_authenticate_accumulate,0.017242555,0.017242148
1,14,receive_authenticate_accumulate,0.000049444,0.000049278
1,14,receive_authenticate_accumulate,0.017251093,0.017250908
1,14,receive_authenticate_accumulate,0.000048037,0.000047926
1,14,receive_authenticate_accumulate,0.017249833,0.017249740
1,14,receive_authenticate_accumulate,0.000048296,0.000048148
1,14,receive_authenticate_accumulate,0.017279962,0.017257259
1,14,receive_authenticate_accumulate,0.000048333,0.000048259
1,14,receive_authenticate_accumulate,0.017242463,0.017242259
1,14,receive_authenticate_accumulate,0.000049092,0.000049037
1,14,receive_authenticate_accumulate,0.017250297,0.017249796
1,14,receive_authenticate_accumulate,0.000050444,0.000050222
1,14,receive_authenticate_accumulate,0.017299055,0.017258777
1,14,receive_authenticate_accumulate,0.000049018,0.000048944
1,14,receive_authenticate_accumulate,0.017312407,0.017271760
1,14,receive_authenticate_accumulate,0.000049259,0.000049056
1,14,receive_authenticate_accumulate,0.017242815,0.017242037
1,14,receive_authenticate_accumulate,0.000048907,0.000048815
1,14,receive_authenticate_accumulate,0.017241389,0.017241222
1,14,receive_authenticate_accumulate,0.000048704,0.000048630
1,14,receive_authenticate_accumulate,0.017247815,0.017247500
1,14,receive_authenticate_accumulate,0.000049444,0.000049296
1,14,receive_authenticate_accumulate,0.017265536,0.017254222
1,14,receive_authenticate_accumulate,0.000051259,0.000051018
1,14,receive_authenticate_accumulate,0.017288407,0.017260630
1,14,receive_authenticate_accumulate,0.000047444,0.000047259
1,14,receive_authenticate_accumulate,0.017251056,0.017250815
1,14,receive_authenticate_accumulate,0.000049944,0.000049815
1,14,receive_authenticate_accumulate,0.017285259,0.017264055
1,14,receive_authenticate_accumulate,0.000050056,0.000049871
1,14,reading_commitment_and_shares,0.026247229,0.026247334
1,14,receive_authenticate_accumulate,0.017243574,0.017243092
1,14,receive_authenticate_accumulate,0.000049037,0.000048926
1,14,receive_authenticate_accumulate,0.017243315,0.017243092
1,14,receive_authenticate_accumulate,0.000049037,0.000048741
1,14,receive_authenticate_accumulate,0.017239407,0.017239129
1,14,receive_authenticate_accumulate,0.000048944,0.000048963
1,14,receive_authenticate_accumulate,0.017256704,0.017256445
1,14,receive_authenticate_accumulate,0.000048481,0.000048278
1,14,round_coverage,0.000004018,0.000003241
1,14,spatial_report,0.000039833,0.000039555
1,15,round_reset,0.000009222,0.000007796
1,15,receive_authenticate_accumulate,0.017243889,0.017243685
1,15,receive_authenticate_accumulate,0.000059777,0.000059741
1,15,receive_authenticate_accumulate,0.017295186,0.017265018
1,15,receive_authenticate_accumulate,0.000048037,0.000047815
1,15,receive_authenticate_accumulate,0.017250741,0.017250463
1,15,receive_authenticate_accumulate,0.000045722,0.000045482
1,15,receive_authenticate_accumulate,0.017251112,0.017250834
1,15,receive_authenticate_accumulate,0.000047759,0.000047592
1,15,receive_authenticate_accumulate,0.017267852,0.017252463
1,15,receive_authenticate_accumulate,0.000047277,0.000047185
1,15,receive_authenticate_accumulate,0.017247760,0.017247426
1,15,receive_authenticate_accumulate,0.000045759,0.000045648
1,15,receive_authenticate_accumulate,0.017250853,0.017250574
1,15,receive_authenticate_accumulate,0.000048667,0.000048519
1,15,receive_authenticate_accumulate,0.017254667,0.017254389
1,15,receive_authenticate_accumulate,0.000046926,0.000047000
1,15,receive_authenticate_accumulate,0.017248723,0.017248074
1,15,receive_authenticate_accumulate,0.000045945,0.000045944
1,15,receive_authenticate_accumulate,0.017290538,0.017290315
1,15,receive_authenticate_accumulate,0.000051389,0.000051148
1,15,receive_authenticate_accumulate,0.017244279,0.017243611
1,15,receive_authenticate_accumulate,0.000048277,0.000048296
1,15,receive_authenticate_accumulate,0.017253501,0.017253167
1,15,receive_authenticate_accumulate,0.000048240,0.000048222
1,15,receive_authenticate_accumulate,0.017241816,0.017241537
1,15,receive_authenticate_accumulate,0.000047667,0.000047648
1,15,receive_authenticate_accumulate,0.017240649,0.017240407
1,15,receive_authenticate_accumulate,0.000049018,0.000048852
1,15,receive_authenticate_accumulate,0.017250149,0.017249760
1,15,receive_authenticate_accumulate,0.000050093,0.000050000
1,15,receive_authenticate_accumulate,0.017274223,0.017252407
1,15,receive_authenticate_accumulate,0.000048203,0.000048055
1,15,reading_commitment_and_shares,0.026204490,0.026204851
1,15,receive_authenticate_accumulate,0.017245353,0.017245092
1,15,receive_authenticate_accumulate,0.000049129,0.000048833
1,15,receive_authenticate_accumulate,0.017239019,0.017238648
1,15,receive_authenticate_accumulate,0.000051370,0.000051278
1,15,receive_authenticate_accumulate,0.017246871,0.017246648
1,15,receive_authenticate_accumulate,0.000050389,0.000050315
1,15,receive_authenticate_accumulate,0.017246168,0.017245667
1,15,receive_authenticate_accumulate,0.000048296,0.000048185
1,15,round_coverage,0.000004315,0.000003611
1,15,spatial_report,0.000039519,0.000039297
1,16,round_reset,0.000010592,0.000009055
1,16,receive_authenticate_accumulate,0.017247594,0.017247296
1,16,receive_authenticate_accumulate,0.000048370,0.000048315
1,16,receive_authenticate_accumulate,0.017255317,0.017255055
1,16,receive_authenticate_accumulate,0.000048629,0.000048426
1,16,receive_authenticate_accumulate,0.017257298,0.017256889
1,16,receive_authenticate_accumulate,0.000047851,0.000047741
1,16,receive_authenticate_accumulate,0.017247298,0.017246685
1,16,receive_authenticate_accumulate,0.000048111,0.000047981
1,16,receive_authenticate_accumulate,0.017245539,0.017245092
1,16,receive_authenticate_accumulate,0.000048592,0.000048445
1,16,receive_authenticate_accumulate,0.017279650,0.017252501
1,16,receive_authenticate_accumulate,0.000048611,0.000048407
1,16,receive_authenticate_accumulate,0.017245891,0.017245537
1,16,receive_authenticate_accumulate,0.000048555,0.000048481
1,16,receive_authenticate_accumulate,0.017237910,0.017237777
1,16,receive_authenticate_accumulate,0.000047259,0.000047241
1,16,receive_authenticate_accumulate,0.017244335,0.017244111
1,16,receive_authenticate_accumulate,0.000049333,0.000049333
1,16,receive_authenticate_accumulate,0.017246983,0.017246759
1,16,receive_authenticate_accumulate,0.000053981,0.000053740
1,16,receive_authenticate_accumulate,0.017254095,0.017253889
1,16,receive_authenticate_accumulate,0.000047981,0.000047778
1,16,receive_authenticate_accumulate,0.017371482,0.017344240
1,16,receive_authenticate_accumulate,0.000050907,0.000050611
1,16,receive_authenticate_accumulate,0.017257409,0.017257074
1,16,receive_authenticate_accumulate,0.000048981,0.000048629
1,16,receive_authenticate_accumulate,0.017247317,0.017247000
1,16,receive_authenticate_accumulate,0.000048518,0.000048333
1,16,receive_authenticate_accumulate,0.017280335,0.017264667
1,16,receive_authenticate_accumulate,0.000050500,0.000050260
1,16,receive_authenticate_accumulate,0.017245298,0.017244907
1,16,receive_authenticate_accumulate,0.000048852,0.000048796
1,16,reading_commitment_and_shares,0.026203289,0.026203388
1,16,receive_authenticate_accumulate,0.017258187,0.017257907
1,16,receive_authenticate_accumulate,0.000046573,0.000046407
1,16,receive_authenticate_accumulate,0.017286631,0.017260573
1,16,receive_authenticate_accumulate,0.000050833,0.000050815
1,16,receive_authenticate_accumulate,0.017246002,0.017245778
1,16,receive_authenticate_accumulate,0.000048982,0.000048741
1,16,receive_authenticate_accumulate,0.017243336,0.017243074
1,16,receive_authenticate_accumulate,0.000047185,0.000046963
1,16,round_coverage,0.000004722,0.000003611
1,16,spatial_report,0.000040055,0.000039815
1,17,round_reset,0.000010648,0.000009093
1,17,receive_authenticate_accumulate,0.017242447,0.017242296
1,17,receive_authenticate_accumulate,0.000049814,0.000049630
1,17,receive_authenticate_accumulate,0.017239762,0.017239389
1,17,receive_authenticate_accumulate,0.000048036,0.000047852
1,17,receive_authenticate_accumulate,0.017267058,0.017246889
1,17,receive_authenticate_accumulate,0.000047870,0.000047648
1,17,receive_authenticate_accumulate,0.017246762,0.017246519
1,17,receive_authenticate_accumulate,0.000048315,0.000048333
1,17,receive_authenticate_accumulate,0.017254002,0.017253797
1,17,receive_authenticate_accumulate,0.000048740,0.000048518
1,17,receive_authenticate_accumulate,0.017240799,0.017240593
1,17,receive_authenticate_accumulate,0.000049352,0.000049167
1,17,receive_authenticate_accumulate,0.017290465,0.017262593
1,17,receive_authenticate_accumulate,0.000047888,0.000047722
1,17,receive_authenticate_accumulate,0.017248392,0.017248203
1,17,receive_authenticate_accumulate,0.000049537,0.000049500
1,17,receive_authenticate_accumulate,0.017246521,0.017246352
1,17,receive_authenticate_accumulate,0.000049278,0.000049203
1,17,receive_authenticate_accumulate,0.017246317,0.017246111
1,17,receive_authenticate_accumulate,0.000050092,0.000049908
1,17,receive_authenticate_accumulate,0.017248559,0.017248092
1,17,receive_authenticate_accumulate,0.000048296,0.000048093
1,17,receive_authenticate_accumulate,0.017256910,0.017256741
1,17,receive_authenticate_accumulate,0.000048647,0.000048389
1,17,receive_authenticate_accumulate,0.017246206,0.017246037
1,17,receive_authenticate_accumulate,0.000050499,0.000050223
1,17,receive_authenticate_accumulate,0.017252521,0.017252259
1,17,receive_authenticate_accumulate,0.000048500,0.000048241
1,17,receive_authenticate_accumulate,0.017287281,0.017259223
1,17,receive_authenticate_accumulate,0.000050629,0.000050445
1,17,receive_authenticate_accumulate,0.017248503,0.017248222
1,17,receive_authenticate_accumulate,0.000049148,0.000048945
1,17,reading_commitment_and_shares,0.026201197,0.026201444
1,17,receive_authenticate_accumulate,0.017242095,0.017241555
1,17,receive_authenticate_accumulate,0.000048796,0.000048538
1,17,receive_authenticate_accumulate,0.017244262,0.017244241
1,17,receive_authenticate_accumulate,0.000048999,0.000048834
1,17,receive_authenticate_accumulate,0.017311484,0.017276000
1,17,receive_authenticate_accumulate,0.000048370,0.000048092
1,17,receive_authenticate_accumulate,0.017242244,0.017241982
1,17,receive_authenticate_accumulate,0.000048333,0.000048092
1,17,round_coverage,0.000004426,0.000003630
1,17,spatial_report,0.000039852,0.000039574
1,18,round_reset,0.000009185,0.000007722
1,18,receive_authenticate_accumulate,0.017242170,0.017242130
1,18,receive_authenticate_accumulate,0.000048388,0.000048407
1,18,receive_authenticate_accumulate,0.017237725,0.017237611
1,18,receive_authenticate_accumulate,0.000047852,0.000047797
1,18,receive_authenticate_accumulate,0.017305132,0.017265463
1,18,receive_authenticate_accumulate,0.000047815,0.000047667
1,18,receive_authenticate_accumulate,0.017248855,0.017248574
1,18,receive_authenticate_accumulate,0.000047814,0.000047852
1,18,receive_authenticate_accumulate,0.017243022,0.017242870
1,18,receive_authenticate_accumulate,0.000048722,0.000048537
1,18,receive_authenticate_accumulate,0.017242133,0.017241870
1,18,receive_authenticate_accumulate,0.000049518,0.000049426
1,18,receive_authenticate_accumulate,0.017249022,0.017248814
1,18,receive_authenticate_accumulate,0.000047334,0.000047352
1,18,receive_authenticate_accumulate,0.017296373,0.017270537
1,18,receive_authenticate_accumulate,0.000048333,0.000048222
1,18,receive_authenticate_accumulate,0.017241319,0.017241055
1,18,receive_authenticate_accumulate,0.000049296,0.000049167
1,18,receive_authenticate_accumulate,0.017241670,0.017241425
1,18,receive_authenticate_accumulate,0.000049629,0.000049277
1,18,receive_authenticate_accumulate,0.017244318,0.017244055
1,18,receive_authenticate_accumulate,0.000049796,0.000049722
1,18,receive_authenticate_accumulate,0.017249263,0.017248982
1,18,receive_authenticate_accumulate,0.000048019,0.000047870
1,18,receive_authenticate_accumulate,0.017263411,0.017252092
1,18,receive_authenticate_accumulate,0.000050481,0.000050334
1,18,receive_authenticate_accumulate,0.017263115,0.017262889
1,18,receive_authenticate_accumulate,0.000049037,0.000048704
1,18,receive_authenticate_accumulate,0.017245707,0.017245555
1,18,receive_authenticate_accumulate,0.000048814,0.000048574
1,18,receive_authenticate_accumulate,0.017247763,0.017247778
1,18,receive_authenticate_accumulate,0.000049463,0.000049334
1,18,reading_commitment_and_shares,0.026202901,0.026203093
1,18,receive_authenticate_accumulate,0.017251782,0.017251666
1,18,receive_authenticate_accumulate,0.000048963,0.000048852
1,18,receive_authenticate_accumulate,0.017322614,0.017292539
1,18,receive_authenticate_accumulate,0.000049481,0.000049296
1,18,receive_authenticate_accumulate,0.017253782,0.017253500
1,18,receive_authenticate_accumulate,0.000048296,0.000048111
1,18,receive_authenticate_accumulate,0.017248244,0.017248092
1,18,receive_authenticate_accumulate,0.000048945,0.000048796
1,18,round_coverage,0.000003981,0.000003463
1,18,spatial_report,0.000041370,0.000040945
1,19,round_reset,0.000009871,0.000008278
1,19,receive_authenticate_accumulate,0.017283171,0.017255778
1,19,receive_authenticate_accumulate,0.000049667,0.000049704
1,19,receive_authenticate_accumulate,0.017253893,0.017253592
1,19,receive_authenticate_accumulate,0.000049629,0.000049407
1,19,receive_authenticate_accumulate,0.017239837,0.017239444
1,19,receive_authenticate_accumulate,0.000049222,0.000049018
1,19,receive_authenticate_accumulate,0.017244060,0.017243759
1,19,receive_authenticate_accumulate,0.000047889,0.000047778
1,19,receive_authenticate_accumulate,0.017243764,0.017243481
1,19,receive_authenticate_accumulate,0.000051536,0.000051334
1,19,receive_authenticate_accumulate,0.017252318,0.017251963
1,19,receive_authenticate_accumulate,0.000048407,0.000048611
1,19,receive_authenticate_accumulate,0.017251356,0.017251111
1,19,receive_authenticate_accumulate,0.000068463,0.000068315
1,19,receive_authenticate_accumulate,0.017244412,0.017244223
1,19,receive_authenticate_accumulate,0.000049148,0.000048982
1,19,receive_authenticate_accumulate,0.017243708,0.017243167
1,19,receive_authenticate_accumulate,0.000049611,0.000049500
1,19,receive_authenticate_accumulate,0.017250004,0.017249778
1,19,receive_authenticate_accumulate,0.000047388,0.000047130
1,19,receive_authenticate_accumulate,0.017244337,0.017244074
1,19,receive_authenticate_accumulate,0.000048574,0.000048500
1,19,receive_authenticate_accumulate,0.017275708,0.017249444
1,19,receive_authenticate_accumulate,0.000046999,0.000046871
1,19,receive_authenticate_accumulate,0.017251782,0.017251388
1,19,receive_authenticate_accumulate,0.000048148,0.000048130
1,19,receive_authenticate_accumulate,0.017244504,0.017244278
1,19,receive_authenticate_accumulate,0.000048833,0.000048778
1,19,receive_authenticate_accumulate,0.017250745,0.017250537
1,19,receive_authenticate_accumulate,0.000050148,0.000050167
1,19,receive_authenticate_accumulate,0.017248152,0.017247981
1,19,receive_authenticate_accumulate,0.000048296,0.000048222
1,19,reading_commitment_and_shares,0.026245014,0.026218241
1,19,receive_authenticate_accumulate,0.017247782,0.017247722
1,19,receive_authenticate_accumulate,0.000049518,0.000049481
1,19,receive_authenticate_accumulate,0.017249301,0.017249111
1,19,receive_authenticate_accumulate,0.000047944,0.000047723
1,19,receive_authenticate_accumulate,0.017243338,0.017243055
1,19,receive_authenticate_accumulate,0.000048851,0.000048648
1,19,receive_authenticate_accumulate,0.017290930,0.017282647
1,19,receive_authenticate_accumulate,0.000051148,0.000050907
1,19,round_coverage,0.000004111,0.000003463
1,19,spatial_report,0.000041073,0.000040852
1,19,billing_report,0.000429553,0.000429241
2,20,period_reset,0.000025908,0.000024000
2,20,receive_authenticate_accumulate,0.000094981,0.000094630
2,20,receive_authenticate_accumulate,0.000091222,0.000090888
2,20,receive_authenticate_accumulate,0.000087888,0.000087648
2,20,receive_authenticate_accumulate,0.000091610,0.000091352
2,20,receive_authenticate_accumulate,0.000092666,0.000092389
2,20,receive_authenticate_accumulate,0.000088999,0.000088796
2,20,receive_authenticate_accumulate,0.000127370,0.000127130
2,20,receive_authenticate_accumulate,0.000090055,0.000089833
2,20,receive_authenticate_accumulate,0.000088425,0.000088166
2,20,receive_authenticate_accumulate,0.000090796,0.000090648
2,20,receive_authenticate_accumulate,0.000089369,0.000088815
2,20,receive_authenticate_accumulate,0.000088055,0.000087500
2,20,receive_authenticate_accumulate,0.000088944,0.000088389
2,20,receive_authenticate_accumulate,0.000088704,0.000088204
2,20,receive_authenticate_accumulate,0.000088963,0.000088704
2,20,receive_authenticate_accumulate,0.000089963,0.000089667
2,20,randomness_commit,0.000797644,0.000796796
2,20,receive_authenticate_accumulate,0.000039870,0.000039704
2,20,receive_authenticate_accumulate,0.000037685,0.000037592
2,20,receive_authenticate_accumulate,0.000040074,0.000039833
2,20,receive_authenticate_accumulate,0.000039815,0.000039611
2,20,receive_authenticate_accumulate,0.000046444,0.000046148
2,20,receive_authenticate_accumulate,0.000048297,0.000048037
2,20,receive_authenticate_accumulate,0.000063148,0.000062926
2,20,receive_authenticate_accumulate,0.000040463,0.000040222
2,20,receive_authenticate_accumulate,0.000046722,0.000046556
2,20,receive_authenticate_accumulate,0.000040500,0.000039741
2,20,receive_authenticate_accumulate,0.000047036,0.000046778
2,20,receive_authenticate_accumulate,0.000047148,0.000046778
2,20,receive_authenticate_accumulate,0.000040704,0.000040352
2,20,receive_authenticate_accumulate,0.000045870,0.000045611
2,20,receive_authenticate_accumulate,0.000046074,0.000045778
2,20,receive_authenticate_accumulate,0.000039481,0.000039204
2,20,receive_authenticate_accumulate,0.000046092,0.000045814
2,20,receive_authenticate_accumulate,0.000071130,0.000070760
2,20,receive_authenticate_accumulate,0.000041056,0.000040833
2,20,receive_authenticate_accumulate,0.000045499,0.000044945
2,20,randomness_reveal,0.000300628,0.000300444
2,20,receive_authenticate_accumulate,0.000040407,0.000040129
2,20,receive_authenticate_accumulate,0.000047278,0.000047019
2,20,receive_authenticate_accumulate,0.000044241,0.000043834
2,20,receive_authenticate_accumulate,0.000041647,0.000041426
2,20,committee_selection,0.000084092,0.000083611
2,20,round_reset,0.000004333,0.000003518
2,20,receive_authenticate_accumulate,0.017238690,0.017238445
2,20,receive_authenticate_accumulate,0.017257986,0.017257667
2,20,receive_authenticate_accumulate,0.017239727,0.017239481
2,20,receive_authenticate_accumulate,0.017266153,0.017265926
2,20,receive_authenticate_accumulate,0.017246005,0.017245796
2,20,receive_authenticate_accumulate,0.017284208,0.017261314
2,20,receive_authenticate_accumulate,0.017238134,0.017237814
2,20,receive_authenticate_accumulate,0.017243746,0.017243537
2,20,receive_authenticate_accumulate,0.017251542,0.017251296
2,20,receive_authenticate_accumulate,0.017239653,0.017239519
2,20,receive_authenticate_accumulate,0.017242560,0.017242315
2,20,receive_authenticate_accumulate,0.017283153,0.017258388
2,20,receive_authenticate_accumulate,0.017244783,0.017244334
2,20,receive_authenticate_accumulate,0.017256153,0.017255851
2,20,receive_authenticate_accumulate,0.017244931,0.017244685
2,20,receive_authenticate_accumulate,0.017256764,0.017256518
2,20,reading_commitment_and_shares,0.026267996,0.026226407
2,20,receive_authenticate_accumulate,0.017245320,0.017245148
2,20,receive_authenticate_accumulate,0.017284875,0.017256647
2,20,receive_authenticate_accumulate,0.017248265,0.017247962
2,20,receive_authenticate_accumulate,0.017240487,0.017240222
2,20,round_coverage,0.000004018,0.000003223
2,21,round_reset,0.000009241,0.000007667
2,21,receive_authenticate_accumulate,0.017288728,0.017260369
2,21,receive_authenticate_accumulate,0.017249913,0.017249815
2,21,receive_authenticate_accumulate,0.017248172,0.017247926
2,21,receive_authenticate_accumulate,0.017244839,0.017244463
2,21,receive_authenticate_accumulate,0.017257802,0.017257667
2,21,receive_authenticate_accumulate,0.017249580,0.017249111
2,21,receive_authenticate_accumulate,0.017239413,0.017239092
2,21,receive_authenticate_accumulate,0.017252024,0.017251833
2,21,receive_authenticate_accumulate,0.017249746,0.017249500
2,21,receive_authenticate_accumulate,0.017247024,0.017246741
2,21,receive_authenticate_accumulate,0.017248431,0.017248055
2,21,receive_authenticate_accumulate,0.017277320,0.017256630
2,21,receive_authenticate_accumulate,0.017246395,0.017246240
2,21,receive_authenticate_accumulate,0.017293357,0.017267389
2,21,receive_authenticate_accumulate,0.017246598,0.017246240
2,21,receive_authenticate_accumulate,0.017242321,0.017242074
2,21,reading_commitment_and_shares,0.026193553,0.026193777
2,21,receive_authenticate_accumulate,0.017243932,0.017243740
2,21,receive_authenticate_accumulate,0.017256506,0.017256333
2,21,receive_authenticate_accumulate,0.017254247,0.017254037
2,21,receive_authenticate_accumulate,0.017246469,0.017246259
2,21,round_coverage,0.000003945,0.000003333
2,22,round_reset,0.000010167,0.000008611
2,22,receive_authenticate_accumulate,0.017241376,0.017241297
2,22,receive_authenticate_accumulate,0.017250376,0.017250112
2,22,receive_authenticate_accumulate,0.017284321,0.017256499
2,22,receive_authenticate_accumulate,0.017252395,0.017252074
2,22,receive_authenticate_accumulate,0.017249136,0.017248889
2,22,receive_authenticate_accumulate,0.017249081,0.017248852
2,22,receive_authenticate_accumulate,0.017309025,0.017273426
2,22,receive_authenticate_accumulate,0.017248543,0.017248425
2,22,receive_authenticate_accumulate,0.017241858,0.017241648
2,22,receive_authenticate_accumulate,0.017240969,0.017240759
2,22,receive_authenticate_accumulate,0.017250932,0.017250500
2,22,receive_authenticate_accumulate,0.017242950,0.017242685
2,22,receive_authenticate_accumulate,0.017245376,0.017244944
2,22,receive_authenticate_accumulate,0.017257413,0.017257223
2,22,receive_authenticate_accumulate,0.017246266,0.017246093
2,22,receive_authenticate_accumulate,0.017245506,0.017245222
2,22,reading_commitment_and_shares,0.026199998,0.026200407
2,22,receive_authenticate_accumulate,0.017273358,0.017247186
2,22,receive_authenticate_accumulate,0.017232302,0.017232407
2,22,receive_authenticate_accumulate,0.017247044,0.017246963
2,22,receive_authenticate_accumulate,0.017243988,0.017243851
2,22,round_coverage,0.000004500,0.000003723
2,23,round_reset,0.000009296,0.000007944
2,23,receive_authenticate_accumulate,0.017252118,0.017251778
2,23,receive_authenticate_accumulate,0.017250081,0.017249481
2,23,receive_authenticate_accumulate,0.017250600,0.017250314
2,23,receive_authenticate_accumulate,0.017247007,0.017246797
2,23,receive_authenticate_accumulate,0.017242155,0.017242019
2,23,receive_authenticate_accumulate,0.017255784,0.017255574
2,23,receive_authenticate_accumulate,0.017245654,0.017245222
2,23,receive_authenticate_accumulate,0.017287339,0.017260908
2,23,receive_authenticate_accumulate,0.017246655,0.017246389
2,23,receive_authenticate_accumulate,0.017247155,0.017246963
2,23,receive_authenticate_accumulate,0.017245415,0.017245185
2,23,receive_authenticate_accumulate,0.017271766,0.017250425
2,23,receive_authenticate_accumulate,0.017243877,0.017243500
2,23,receive_authenticate_accumulate,0.017249637,0.017249463
2,23,receive_authenticate_accumulate,0.017242099,0.017241908
2,23,receive_authenticate_accumulate,0.017246099,0.017245907
2,23,reading_commitment_and_shares,0.026215740,0.026215518
2,23,receive_authenticate_accumulate,0.017279284,0.017256388
2,23,receive_authenticate_accumulate,0.017248914,0.017248685
2,23,receive_authenticate_accumulate,0.017247637,0.017247204
2,23,receive_authenticate_accumulate,0.017245247,0.017245018
2,23,round_coverage,0.000004519,0.000003777
2,24,round_reset,0.000009351,0.000007852
2,24,receive_authenticate_accumulate,0.017249656,0.017249519
2,24,receive_authenticate_accumulate,0.017247729,0.017247482
2,24,receive_authenticate_accumulate,0.017244599,0.017244315
2,24,receive_authenticate_accumulate,0.017311210,0.017269740
2,24,receive_authenticate_accumulate,0.017243266,0.017243148
2,24,receive_authenticate_accumulate,0.017244952,0.017244629
2,24,receive_authenticate_accumulate,0.017275081,0.017253166
2,24,receive_authenticate_accumulate,0.017261618,0.017261592
2,24,receive_authenticate_accumulate,0.017252285,0.017252092
2,24,receive_authenticate_accumulate,0.017240452,0.017240278
2,24,receive_authenticate_accumulate,0.017250137,0.017249982
2,24,receive_authenticate_accumulate,0.017268933,0.017247927
2,24,receive_authenticate_accumulate,0.017241489,0.017241240
2,24,receive_authenticate_accumulate,0.017245322,0.017245074
2,24,receive_authenticate_accumulate,0.017250063,0.017249871
2,24,receive_authenticate_accumulate,0.017241804,0.017241611
2,24,reading_commitment_and_shares,0.026201463,0.026201296
2,24,receive_authenticate_accumulate,0.017294822,0.017267352
2,24,receive_authenticate_accumulate,0.017277619,0.017258000
2,24,receive_authenticate_accumulate,0.017245396,0.017245296
2,24,receive_authenticate_accumulate,0.017248007,0.017247926
2,24,round_coverage,0.000004241,0.000003426
2,25,round_reset,0.000009630,0.000008259
2,25,receive_authenticate_accumulate,0.017285767,0.017259407
2,25,receive_authenticate_accumulate,0.017246563,0.017246222
2,25,receive_authenticate_accumulate,0.017240230,0.017239926
2,25,receive_authenticate_accumulate,0.017290341,0.017267203
2,25,receive_authenticate_accumulate,0.017245804,0.017245500
2,25,receive_authenticate_accumulate,0.017244860,0.017244611
2,25,receive_authenticate_accumulate,0.017242952,0.017242611
2,25,receive_authenticate_accumulate,0.017246452,0.017246333
2,25,receive_authenticate_accumulate,0.017244360,0.017244111
2,25,receive_authenticate_accumulate,0.017276563,0.017276630
2,25,receive_authenticate_accumulate,0.017255119,0.017254852
2,25,receive_authenticate_accumulate,0.017274545,0.017251407
2,25,receive_authenticate_accumulate,0.017244767,0.017244481
2,25,receive_authenticate_accumulate,0.017275193,0.017250888
2,25,receive_authenticate_accumulate,0.017250397,0.017250056
2,25,receive_authenticate_accumulate,0.017243286,0.017243129
2,25,reading_commitment_and_shares,0.026198649,0.026198574
2,25,receive_authenticate_accumulate,0.017282563,0.017263555
2,25,receive_authenticate_accumulate,0.017243526,0.017242889
2,25,receive_authenticate_accumulate,0.017305545,0.017265149
2,25,receive_authenticate_accumulate,0.017246064,0.017246056
2,25,round_coverage,0.000004093,0.000003408
2,26,round_reset,0.000009445,0.000007833
2,26,receive_authenticate_accumulate,0.017246305,0.017246111
2,26,receive_authenticate_accumulate,0.017251953,0.017251945
2,26,receive_authenticate_accumulate,0.017257119,0.017256926
2,26,receive_authenticate_accumulate,0.017252601,0.017252371
2,26,receive_authenticate_accumulate,0.017252971,0.017252778
2,26,receive_authenticate_accumulate,0.017256471,0.017256037
2,26,receive_authenticate_accumulate,0.017255730,0.017255574
2,26,receive_authenticate_accumulate,0.017245231,0.017245056
2,26,receive_authenticate_accumulate,0.017250360,0.017250222
2,26,receive_authenticate_accumulate,0.017249526,0.017249444
2,26,receive_authenticate_accumulate,0.017248989,0.017248981
2,26,receive_authenticate_accumulate,0.017253767,0.017253630
2,26,receive_authenticate_accumulate,0.017252768,0.017252778
2,26,receive_authenticate_accumulate,0.017246527,0.017246351
2,26,receive_authenticate_accumulate,0.017249731,0.017249555
2,26,receive_authenticate_accumulate,0.017246009,0.017245962
2,26,reading_commitment_and_shares,0.026196224,0.026196222
2,26,receive_authenticate_accumulate,0.017248952,0.017248870
2,26,receive_authenticate_accumulate,0.017285804,0.017258205
2,26,receive_authenticate_accumulate,0.017255175,0.017255148
2,26,receive_authenticate_accumulate,0.017245526,0.017245426
2,26,round_coverage,0.000003870,0.000003203
2,27,round_reset,0.000009315,0.000008019
2,27,receive_authenticate_accumulate,0.017255546,0.017255296
2,27,receive_authenticate_accumulate,0.017258787,0.017258722
2,27,receive_authenticate_accumulate,0.017253102,0.017253092
2,27,receive_authenticate_accumulate,0.017271805,0.017260388
2,27,receive_authenticate_accumulate,0.017253398,0.017253166
2,27,receive_authenticate_accumulate,0.017251750,0.017251592
2,27,receive_authenticate_accumulate,0.017247861,0.017247648
2,27,receive_authenticate_accumulate,0.017244194,0.017244074
2,27,receive_authenticate_accumulate,0.017246397,0.017246389
2,27,receive_authenticate_accumulate,0.017253749,0.017253667
2,27,receive_authenticate_accumulate,0.017253565,0.017253463
2,27,receive_authenticate_accumulate,0.017249287,0.017249259
2,27,receive_authenticate_accumulate,0.017259453,0.017259482
2,27,receive_authenticate_accumulate,0.017248157,0.017248000
2,27,receive_authenticate_accumulate,0.017251379,0.017251074
2,27,receive_authenticate_accumulate,0.017256119,0.017256055
2,27,reading_commitment_and_shares,0.026219317,0.026219445
2,27,receive_authenticate_accumulate,0.017248861,0.017248759
2,27,receive_authenticate_accumulate,0.017250935,0.017250851
2,27,receive_authenticate_accumulate,0.017243897,0.017243759
2,27,receive_authenticate_accumulate,0.017254305,0.017254259
2,27,round_coverage,0.000003944,0.000003352
2,28,round_reset,0.000009222,0.000008685
2,28,receive_authenticate_accumulate,0.017245936,0.017245926
2,28,receive_authenticate_accumulate,0.017253639,0.017253574
2,28,receive_authenticate_accumulate,0.017256138,0.017256037
2,28,receive_authenticate_accumulate,0.017248490,0.017248166
2,28,receive_authenticate_accumulate,0.017244713,0.017244481
2,28,receive_authenticate_accumulate,0.017251380,0.017251315
2,28,receive_authenticate_accumulate,0.017252083,0.017251815
2,28,receive_authenticate_accumulate,0.017253935,0.017253667
2,28,receive_authenticate_accumulate,0.017255990,0.017255889
2,28,receive_authenticate_accumulate,0.017246342,0.017246334
2,28,receive_authenticate_accumulate,0.017254528,0.017254370
2,28,receive_authenticate_accumulate,0.017263880,0.017263777
2,28,receive_authenticate_accumulate,0.017277806,0.017266815
2,28,receive_authenticate_accumulate,0.017244287,0.017244296
2,28,receive_authenticate_accumulate,0.017301046,0.017264982
2,28,receive_authenticate_accumulate,0.017243824,0.017243648
2,28,reading_commitment_and_shares,0.026240188,0.026239834
2,28,receive_authenticate_accumulate,0.017251620,0.017251500
2,28,receive_authenticate_accumulate,0.017249101,0.017248963
2,28,receive_authenticate_accumulate,0.017287954,0.017287981
2,28,receive_authenticate_accumulate,0.017261306,0.017261371
2,28,round_coverage,0.000004259,0.000003667
2,29,round_reset,0.000009074,0.000007685
2,29,receive_authenticate_accumulate,0.017252454,0.017252425
2,29,receive_authenticate_accumulate,0.017244806,0.017244722
2,29,receive_authenticate_accumulate,0.017251584,0.017251556
2,29,receive_authenticate_accumulate,0.017252862,0.017252814
2,29,receive_authenticate_accumulate,0.017241584,0.017241370
2,29,receive_authenticate_accumulate,0.017244121,0.017244037
2,29,receive_authenticate_accumulate,0.017251935,0.017251851
2,29,receive_authenticate_accumulate,0.017259028,0.017258685
2,29,receive_authenticate_accumulate,0.017256694,0.017256537
2,29,receive_authenticate_accumulate,0.017249250,0.017249166
2,29,receive_authenticate_accumulate,0.017250491,0.017250352
2,29,receive_authenticate_accumulate,0.017256380,0.017256333
2,29,receive_authenticate_accumulate,0.017244139,0.017243908
2,29,receive_authenticate_accumulate,0.017251454,0.017251241
2,29,receive_authenticate_accumulate,0.017245602,0.017245537
2,29,receive_authenticate_accumulate,0.017301325,0.017272167
2,29,reading_commitment_and_shares,0.026213374,0.026213444
2,29,receive_authenticate_accumulate,0.017250454,0.017250334
2,29,receive_authenticate_accumulate,0.017249806,0.017249741
2,29,receive_authenticate_accumulate,0.017246787,0.017246629
2,29,receive_authenticate_accumulate,0.017250825,0.017250704
2,29,round_coverage,0.000003833,0.000003259
3,30,period_reset,0.000025667,0.000024482
3,30,receive_authenticate_accumulate,0.000097889,0.000097482
3,30,receive_authenticate_accumulate,0.000116833,0.000116519
3,30,receive_authenticate_accumulate,0.000084444,0.000084389
3,30,receive_authenticate_accumulate,0.000088018,0.000087815
3,30,receive_authenticate_accumulate,0.000085296,0.000085129
3,30,receive_authenticate_accumulate,0.000088518,0.000088426
3,30,receive_authenticate_accumulate,0.000086500,0.000086241
3,30,receive_authenticate_accumulate,0.000068999,0.000068889
3,30,receive_authenticate_accumulate,0.000066407,0.000066333
3,30,receive_authenticate_accumulate,0.000066592,0.000066389
3,30,receive_authenticate_accumulate,0.000066944,0.000066629
3,30,receive_authenticate_accumulate,0.000063815,0.000063575
3,30,receive_authenticate_accumulate,0.000065815,0.000065574
3,30,receive_authenticate_accumulate,0.000066018,0.000065797
3,30,receive_authenticate_accumulate,0.000093555,0.000093593
3,30,receive_authenticate_accumulate,0.000065166,0.000065056
3,30,randomness_commit,0.000606960,0.000606814
3,30,receive_authenticate_accumulate,0.000062722,0.000062537
3,30,receive_authenticate_accumulate,0.000065907,0.000065611
3,30,receive_authenticate_accumulate,0.000064630,0.000064389
3,30,receive_authenticate_accumulate,0.000065722,0.000065407
3,30,receive_authenticate_accumulate,0.000079963,0.000079370
3,30,receive_authenticate_accumulate,0.000081055,0.000080963
3,30,receive_authenticate_accumulate,0.000080073,0.000079685
3,30,receive_authenticate_accumulate,0.000082277,0.000082204
3,30,receive_authenticate_accumulate,0.000080370,0.000080371
3,30,receive_authenticate_accumulate,0.000080130,0.000080055
3,30,receive_authenticate_accumulate,0.000080963,0.000080704
3,30,receive_authenticate_accumulate,0.000080444,0.000080167
3,30,receive_authenticate_accumulate,0.000080648,0.000079871
3,30,receive_authenticate_accumulate,0.000084629,0.000084407
3,30,receive_authenticate_accumulate,0.000042926,0.000042834
3,30,receive_authenticate_accumulate,0.000047814,0.000047500
3,30,receive_authenticate_accumulate,0.000041130,0.000041000
3,30,receive_authenticate_accumulate,0.000047352,0.000047092
3,30,receive_authenticate_accumulate,0.000047148,0.000046926
3,30,receive_authenticate_accumulate,0.000041574,0.000041426
3,30,randomness_reveal,0.000315092,0.000314982
3,30,receive_authenticate_accumulate,0.000046204,0.000045963
3,30,receive_authenticate_accumulate,0.000047092,0.000046778
3,30,receive_authenticate_accumulate,0.000041388,0.000041277
3,30,receive_authenticate_accumulate,0.000045889,0.000045741
3,30,committee_selection,0.000087518,0.000087352
3,30,round_reset,0.000003537,0.000003093
3,30,receive_authenticate_accumulate,0.017364250,0.017295334
3,30,receive_authenticate_accumulate,0.017254899,0.017254741
3,30,receive_authenticate_accumulate,0.017246640,0.017246611
3,30,receive_authenticate_accumulate,0.017246603,0.017246444
3,30,receive_authenticate_accumulate,0.017245417,0.017245278
3,30,receive_authenticate_accumulate,0.017252936,0.017252944
3,30,receive_authenticate_accumulate,0.017251510,0.017251389
3,30,receive_authenticate_accumulate,0.017254103,0.017253851
3,30,receive_authenticate_accumulate,0.017248659,0.017248777
3,30,receive_authenticate_accumulate,0.017252362,0.017252334
3,30,receive_authenticate_accumulate,0.017246880,0.017246759
3,30,receive_authenticate_accumulate,0.017264640,0.017264592
3,30,receive_authenticate_accumulate,0.017298491,0.017264092
3,30,receive_authenticate_accumulate,0.017234547,0.017234518
3,30,receive_authenticate_accumulate,0.017248658,0.017248574
3,30,receive_authenticate_accumulate,0.017245936,0.017245833
3,30,reading_commitment_and_shares,0.026203578,0.026203259
3,30,receive_authenticate_accumulate,0.017244399,0.017244296
3,30,receive_authenticate_accumulate,0.017253917,0.017253741
3,30,receive_authenticate_accumulate,0.017242103,0.017242018
3,30,receive_authenticate_accumulate,0.017244362,0.017244241
3,30,round_coverage,0.000004222,0.000003537
3,31,round_reset,0.000008944,0.000007593
3,31,receive_authenticate_accumulate,0.017250140,0.017250037
3,31,receive_authenticate_accumulate,0.017298529,0.017263389
3,31,receive_authenticate_accumulate,0.017258714,0.017258685
3,31,receive_authenticate_accumulate,0.017281806,0.017270481
3,31,receive_authenticate_accumulate,0.017250807,0.017250574
3,31,receive_authenticate_accumulate,0.017249973,0.017250074
3,31,receive_authenticate_accumulate,0.017317640,0.017280334
3,31,receive_authenticate_accumulate,0.017244659,0.017244556
3,31,receive_authenticate_accumulate,0.017251696,0.017251703
3,31,receive_authenticate_accumulate,0.017247548,0.017247426
3,31,receive_authenticate_accumulate,0.017245918,0.017245833
3,31,receive_authenticate_accumulate,0.017246770,0.017246667
3,31,receive_authenticate_accumulate,0.017258603,0.017258388
3,31,receive_authenticate_accumulate,0.017252325,0.017252204
3,31,receive_authenticate_accumulate,0.017251696,0.017251500
3,31,receive_authenticate_accumulate,0.017246251,0.017246204
3,31,reading_commitment_and_shares,0.026198208,0.026198167
3,31,receive_authenticate_accumulate,0.017240899,0.017240777
3,31,receive_authenticate_accumulate,0.017248159,0.017248093
3,31,receive_authenticate_accumulate,0.017250658,0.017250463
3,31,receive_authenticate_accumulate,0.017248344,0.017248296
3,31,round_coverage,0.000004444,0.000003777
3,32,round_reset,0.000009277,0.000007685
3,32,receive_authenticate_accumulate,0.017244178,0.017244055
3,32,receive_authenticate_accumulate,0.017292418,0.017264241
3,32,receive_authenticate_accumulate,0.017307825,0.017308907
3,32,receive_authenticate_accumulate,0.017241103,0.017240926
3,32,receive_authenticate_accumulate,0.017244455,0.017244389
3,32,receive_authenticate_accumulate,0.017245289,0.017245204
3,32,receive_authenticate_accumulate,0.017244104,0.017243870
3,32,receive_authenticate_accumulate,0.017241863,0.017241425
3,32,receive_authenticate_accumulate,0.017247918,0.017247555
3,32,receive_authenticate_accumulate,0.017246196,0.017245981
3,32,receive_authenticate_accumulate,0.017241603,0.017241537
3,32,receive_authenticate_accumulate,0.017240159,0.017239907
3,32,receive_authenticate_accumulate,0.017240788,0.017240630
3,32,receive_authenticate_accumulate,0.017249418,0.017249315
3,32,receive_authenticate_accumulate,0.017295826,0.017267463
3,32,receive_authenticate_accumulate,0.017249622,0.017249722
3,32,reading_commitment_and_shares,0.026196727,0.026196777
3,32,receive_authenticate_accumulate,0.017256418,0.017256296
3,32,receive_authenticate_accumulate,0.017244677,0.017244630
3,32,receive_authenticate_accumulate,0.017307363,0.017268851
3,32,receive_authenticate_accumulate,0.017250085,0.017249797
3,32,round_coverage,0.000004315,0.000003649
3,33,round_reset,0.000009629,0.000008185
3,33,receive_authenticate_accumulate,0.017252549,0.017253111
3,33,receive_authenticate_accumulate,0.017249604,0.017250167
3,33,receive_authenticate_accumulate,0.017272198,0.017249815
3,33,receive_authenticate_accumulate,0.017244865,0.017245297
3,33,receive_authenticate_accumulate,0.017252050,0.017252444
3,33,receive_authenticate_accumulate,0.017250866,0.017251352
3,33,receive_authenticate_accumulate,0.017261310,0.017261871
3,33,receive_authenticate_accumulate,0.017300661,0.017260406
3,33,receive_authenticate_accumulate,0.017243793,0.017244204
3,33,receive_authenticate_accumulate,0.017254978,0.017255426
3,33,receive_authenticate_accumulate,0.017237498,0.017238037
3,33,receive_authenticate_accumulate,0.017249720,0.017250259
3,33,receive_authenticate_accumulate,0.017245535,0.017246055
3,33,receive_authenticate_accumulate,0.017245332,0.017245778
3,33,receive_authenticate_accumulate,0.017240296,0.017240574
3,33,receive_authenticate_accumulate,0.017283258,0.017259907
3,33,reading_commitment_and_shares,0.026208616,0.026209518
3,33,receive_authenticate_accumulate,0.017237612,0.017238111
3,33,receive_authenticate_accumulate,0.017246426,0.017246851
3,33,receive_authenticate_accumulate,0.017240686,0.017241129
3,33,receive_authenticate_accumulate,0.017250353,0.017250963
3,33,round_coverage,0.000004222,0.000003612
3,34,round_reset,0.000009241,0.000007926
3,34,receive_authenticate_accumulate,0.017241988,0.017242482
3,34,receive_authenticate_accumulate,0.017287598,0.017262574
3,34,receive_authenticate_accumulate,0.017247434,0.017247963
3,34,receive_authenticate_accumulate,0.017251379,0.017251722
3,34,receive_authenticate_accumulate,0.017237416,0.017237870
3,34,receive_authenticate_accumulate,0.017243175,0.017243667
3,34,receive_authenticate_accumulate,0.017286341,0.017265797
3,34,receive_authenticate_accumulate,0.017249269,0.017249888
3,34,receive_authenticate_accumulate,0.017241844,0.017242352
3,34,receive_authenticate_accumulate,0.017265028,0.017265777
3,34,receive_authenticate_accumulate,0.017242418,0.017242889
3,34,receive_authenticate_accumulate,0.017247585,0.017248092
3,34,receive_authenticate_accumulate,0.017286694,0.017259981
3,34,receive_authenticate_accumulate,0.017252901,0.017253259
3,34,receive_authenticate_accumulate,0.017242531,0.017242945
3,34,receive_authenticate_accumulate,0.017239421,0.017239944
3,34,reading_commitment_and_shares,0.026210035,0.026210907
3,34,receive_authenticate_accumulate,0.017243977,0.017244370
3,34,receive_authenticate_accumulate,0.017252606,0.017253092
3,34,receive_authenticate_accumulate,0.017251699,0.017252056
3,34,receive_authenticate_accumulate,0.017244570,0.017244834
3,34,round_coverage,0.000003870,0.000003203
3,35,round_reset,0.000008759,0.000007463
3,35,receive_authenticate_accumulate,0.017248722,0.017249204
3,35,receive_authenticate_accumulate,0.017243390,0.017243908
3,35,receive_authenticate_accumulate,0.017244594,0.017245074
3,35,receive_authenticate_accumulate,0.017254149,0.017254593
3,35,receive_authenticate_accumulate,0.017243113,0.017243612
3,35,receive_authenticate_accumulate,0.017241058,0.017241555
3,35,receive_authenticate_accumulate,0.017280112,0.017254796
3,35,receive_authenticate_accumulate,0.017245577,0.017246000
3,35,receive_authenticate_accumulate,0.017303020,0.017269055
3,35,receive_authenticate_accumulate,0.017242577,0.017242981
3,35,receive_authenticate_accumulate,0.017245948,0.017246482
3,35,receive_authenticate_accumulate,0.017252448,0.017252963
3,35,receive_authenticate_accumulate,0.017306206,0.017306852
3,35,receive_authenticate_accumulate,0.017246246,0.017246703
3,35,receive_authenticate_accumulate,0.017286689,0.017260130
3,35,receive_authenticate_accumulate,0.017250932,0.017251351
3,35,reading_commitment_and_shares,0.026211931,0.026212648
3,35,receive_authenticate_accumulate,0.017253580,0.017254000
3,35,receive_authenticate_accumulate,0.017252470,0.017252908
3,35,receive_authenticate_accumulate,0.017309356,0.017270537
3,35,receive_authenticate_accumulate,0.017243581,0.017244018
3,35,round_coverage,0.000004333,0.000003704
3,36,round_reset,0.000009629,0.000008111
3,36,receive_authenticate_accumulate,0.017255491,0.017256148
3,36,receive_authenticate_accumulate,0.017246770,0.017247241
3,36,receive_authenticate_accumulate,0.017249881,0.017250352
3,36,receive_authenticate_accumulate,0.017250900,0.017251166
3,36,receive_authenticate_accumulate,0.017241103,0.017241556
3,36,receive_authenticate_accumulate,0.017230957,0.017231371
3,36,receive_authenticate_accumulate,0.017287937,0.017261851
3,36,receive_authenticate_accumulate,0.017249328,0.017249814
3,36,receive_authenticate_accumulate,0.017247310,0.017247722
3,36,receive_authenticate_accumulate,0.017243254,0.017243649
3,36,receive_authenticate_accumulate,0.017247125,0.017247445
3,36,receive_authenticate_accumulate,0.017249922,0.017250241
3,36,receive_authenticate_accumulate,0.017252423,0.017252815
3,36,receive_authenticate_accumulate,0.017249904,0.017250203
3,36,receive_authenticate_accumulate,0.017263884,0.017264500
3,36,receive_authenticate_accumulate,0.017275459,0.017275981
3,36,reading_commitment_and_shares,0.026284101,0.026253887
3,36,receive_authenticate_accumulate,0.017240367,0.017240834
3,36,receive_authenticate_accumulate,0.017251776,0.017252333
3,36,receive_authenticate_accumulate,0.017295441,0.017271981
3,36,receive_authenticate_accumulate,0.017250535,0.017250796
3,36,round_coverage,0.000004204,0.000003519
3,37,round_reset,0.000009667,0.000008148
3,37,receive_authenticate_accumulate,0.017243518,0.017244000
3,37,receive_authenticate_accumulate,0.017242278,0.017242722
3,37,receive_authenticate_accumulate,0.017247816,0.017248167
3,37,receive_authenticate_accumulate,0.017240094,0.017240500
3,37,receive_authenticate_accumulate,0.017246427,0.017246593
3,37,receive_authenticate_accumulate,0.017273204,0.017255685
3,37,receive_authenticate_accumulate,0.017256835,0.017257259
3,37,receive_authenticate_accumulate,0.017275317,0.017250797
3,37,receive_authenticate_accumulate,0.017246355,0.017246796
3,37,receive_authenticate_accumulate,0.017279187,0.017261890
3,37,receive_authenticate_accumulate,0.017254577,0.017254926
3,37,receive_authenticate_accumulate,0.017232022,0.017232370
3,37,receive_authenticate_accumulate,0.017254967,0.017255333
3,37,receive_authenticate_accumulate,0.017243282,0.017243593
3,37,receive_authenticate_accumulate,0.017250708,0.017251037
3,37,receive_authenticate_accumulate,0.017246116,0.017246555
3,37,reading_commitment_and_shares,0.026236792,0.026219462
3,37,receive_authenticate_accumulate,0.017240690,0.017241167
3,37,receive_authenticate_accumulate,0.017276190,0.017276740
3,37,receive_authenticate_accumulate,0.017240636,0.017240851
3,37,receive_authenticate_accumulate,0.017285264,0.017259148
3,37,round_coverage,0.000003814,0.000003129
3,38,round_reset,0.000009259,0.000007556
3,38,receive_authenticate_accumulate,0.017266377,0.017266797
3,38,receive_authenticate_accumulate,0.017248285,0.017248667
3,38,receive_authenticate_accumulate,0.017245063,0.017245333
3,38,receive_authenticate_accumulate,0.017247415,0.017247833
3,38,receive_authenticate_accumulate,0.017322487,0.017280427
3,38,receive_authenticate_accumulate,0.017240860,0.017241259
3,38,receive_authenticate_accumulate,0.017253564,0.017253962
3,38,receive_authenticate_accumulate,0.017245843,0.017246148
3,38,receive_authenticate_accumulate,0.017248713,0.017248982
3,38,receive_authenticate_accumulate,0.017248306,0.017248666
3,38,receive_authenticate_accumulate,0.017278027,0.017259742
3,38,receive_authenticate_accumulate,0.017291620,0.017265574
3,38,receive_authenticate_accumulate,0.017228771,0.017229314
3,38,receive_authenticate_accumulate,0.017286139,0.017258537
3,38,receive_authenticate_accumulate,0.017242640,0.017242926
3,38,receive_authenticate_accumulate,0.017247012,0.017247352
3,38,reading_commitment_and_shares,0.026203572,0.026204518
3,38,receive_authenticate_accumulate,0.017244938,0.017245426
3,38,receive_authenticate_accumulate,0.017239180,0.017239685
3,38,receive_authenticate_accumulate,0.017244309,0.017244759
3,38,receive_authenticate_accumulate,0.017235032,0.017235426
3,38,round_coverage,0.000004019,0.000003352
3,39,round_reset,0.000009222,0.000008741
3,39,receive_authenticate_accumulate,0.017264753,0.017265260
3,39,receive_authenticate_accumulate,0.017244957,0.017245463
3,39,receive_authenticate_accumulate,0.017238569,0.017238797
3,39,receive_authenticate_accumulate,0.017293826,0.017259648
3,39,receive_authenticate_accumulate,0.017238829,0.017239000
3,39,receive_authenticate_accumulate,0.017247810,0.017248148
3,39,receive_authenticate_accumulate,0.017240773,0.017241093
3,39,receive_authenticate_accumulate,0.017238385,0.017238797
3,39,receive_authenticate_accumulate,0.017249108,0.017249389
3,39,receive_authenticate_accumulate,0.017248145,0.017248556
3,39,receive_authenticate_accumulate,0.017245756,0.017245982
3,39,receive_authenticate_accumulate,0.017246219,0.017246648
3,39,receive_authenticate_accumulate,0.017252979,0.017253259
3,39,receive_authenticate_accumulate,0.017248442,0.017248537
3,39,receive_authenticate_accumulate,0.017237739,0.017238111
3,39,receive_authenticate_accumulate,0.017241257,0.017241648
3,39,reading_commitment_and_shares,0.026194644,0.026195278
3,39,receive_authenticate_accumulate,0.017239776,0.017240037
3,39,receive_authenticate_accumulate,0.017285813,0.017261407
3,39,receive_authenticate_accumulate,0.017239629,0.017239723
3,39,receive_authenticate_accumulate,0.017238444,0.017238889
3,39,round_coverage,0.000004222,0.000003574
4,40,period_reset,0.000025759,0.000024203
4,40,receive_authenticate_accumulate,0.000093331,0.000093407
4,40,receive_authenticate_accumulate,0.000088775,0.000088796
4,40,receive_authenticate_accumulate,0.000087127,0.000086907
4,40,receive_authenticate_accumulate,0.000086924,0.000086797
4,40,receive_authenticate_accumulate,0.000087553,0.000087204
4,40,receive_authenticate_accumulate,0.000087887,0.000087518
4,40,receive_authenticate_accumulate,0.000087608,0.000087148
4,40,receive_authenticate_accumulate,0.000084664,0.000084314
4,40,receive_authenticate_accumulate,0.000123200,0.000092908
4,40,receive_authenticate_accumulate,0.000085720,0.000085519
4,40,receive_authenticate_accumulate,0.000087127,0.000086852
4,40,receive_authenticate_accumulate,0.000085961,0.000085889
4,40,receive_authenticate_accumulate,0.000086682,0.000086389
4,40,receive_authenticate_accumulate,0.000086868,0.000086871
4,40,receive_authenticate_accumulate,0.000088183,0.000087908
4,40,receive_authenticate_accumulate,0.000086571,0.000086352
4,40,randomness_commit,0.000804809,0.000804333
4,40,receive_authenticate_accumulate,0.000052813,0.000052741
4,40,receive_authenticate_accumulate,0.000053480,0.000053241
4,40,receive_authenticate_accumulate,0.000053351,0.000053148
4,40,receive_authenticate_accumulate,0.000054239,0.000054092
4,40,receive_authenticate_accumulate,0.000066109,0.000065611
4,40,receive_authenticate_accumulate,0.000067369,0.000067185
4,40,receive_authenticate_accumulate,0.000067332,0.000067259
4,40,receive_authenticate_accumulate,0.000058887,0.000058834
4,40,receive_authenticate_accumulate,0.000065905,0.000065888
4,40,receive_authenticate_accumulate,0.000066202,0.000065889
4,40,receive_authenticate_accumulate,0.000064516,0.000064481
4,40,receive_authenticate_accumulate,0.000066091,0.000065889
4,40,receive_authenticate_accumulate,0.000065387,0.000065388
4,40,receive_authenticate_accumulate,0.000065517,0.000065407
4,40,receive_authenticate_accumulate,0.000066665,0.000066593
4,40,receive_authenticate_accumulate,0.000065331,0.000065222
4,40,receive_authenticate_accumulate,0.000065331,0.000065204
4,40,receive_authenticate_accumulate,0.000064906,0.000064871
4,40,receive_authenticate_accumulate,0.000066776,0.000066203
4,40,receive_authenticate_accumulate,0.000066239,0.000066537
4,40,randomness_reveal,0.000438727,0.000438444
4,40,receive_authenticate_accumulate,0.000064424,0.000064463
4,40,receive_authenticate_accumulate,0.000066294,0.000066370
4,40,receive_authenticate_accumulate,0.000058165,0.000057981
4,40,receive_authenticate_accumulate,0.000067332,0.000067203
4,40,committee_selection,0.000123218,0.000123093
4,40,round_reset,0.000005389,0.000004741
4,40,receive_authenticate_accumulate,0.017240146,0.017240315
4,40,receive_authenticate_accumulate,0.017244924,0.017245185
4,40,receive_authenticate_accumulate,0.017246684,0.017247055
4,40,receive_authenticate_accumulate,0.017254017,0.017254203
4,40,receive_authenticate_accumulate,0.017239593,0.017239907
4,40,receive_authenticate_accumulate,0.017247518,0.017247852
4,40,receive_authenticate_accumulate,0.017245332,0.017245741
4,40,receive_authenticate_accumulate,0.017251519,0.017251278
4,40,receive_authenticate_accumulate,0.017238315,0.017238723
4,40,receive_authenticate_accumulate,0.017275574,0.017250907
4,40,receive_authenticate_accumulate,0.017244186,0.017244426
4,40,receive_authenticate_accumulate,0.017244167,0.017244445
4,40,receive_authenticate_accumulate,0.017265983,0.017266352
4,40,receive_authenticate_accumulate,0.017243206,0.017243463
4,40,receive_authenticate_accumulate,0.017305574,0.017271444
4,40,receive_authenticate_accumulate,0.017260335,0.017260574
4,40,reading_commitment_and_shares,0.026199734,0.026200426
4,40,receive_authenticate_accumulate,0.017239077,0.017239389
4,40,receive_authenticate_accumulate,0.017242706,0.017243000
4,40,receive_authenticate_accumulate,0.017247688,0.017247815
4,40,receive_authenticate_accumulate,0.017253559,0.017253648
4,40,round_coverage,0.000004074,0.000003389
4,41,round_reset,0.000010462,0.000008963
4,41,receive_authenticate_accumulate,0.017244130,0.017244500
4,41,receive_authenticate_accumulate,0.017290018,0.017261241
4,41,receive_authenticate_accumulate,0.017250039,0.017250259
4,41,receive_authenticate_accumulate,0.017247520,0.017247666
4,41,receive_authenticate_accumulate,0.017247150,0.017247481
4,41,receive_authenticate_accumulate,0.017243928,0.017244055
4,41,receive_authenticate_accumulate,0.017252316,0.017252518
4,41,receive_authenticate_accumulate,0.017324537,0.017286167
4,41,receive_authenticate_accumulate,0.017242688,0.017243093
4,41,receive_authenticate_accumulate,0.017240540,0.017240630
4,41,receive_authenticate_accumulate,0.017276095,0.017258629
4,41,receive_authenticate_accumulate,0.017316187,0.017286277
4,41,receive_authenticate_accumulate,0.017249670,0.017249888
4,41,receive_authenticate_accumulate,0.017290725,0.017262351
4,41,receive_authenticate_accumulate,0.017242856,0.017243297
4,41,receive_authenticate_accumulate,0.017252449,0.017252852
4,41,reading_commitment_and_shares,0.026187174,0.026188037
4,41,receive_authenticate_accumulate,0.017257467,0.017257796
4,41,receive_authenticate_accumulate,0.017244931,0.017245315
4,41,receive_authenticate_accumulate,0.017252283,0.017252796
4,41,receive_authenticate_accumulate,0.017240080,0.017240648
4,41,round_coverage,0.000003648,0.000003204
4,42,round_reset,0.000008315,0.000007166
4,42,receive_authenticate_accumulate,0.017245391,0.017245833
4,42,receive_authenticate_accumulate,0.017251188,0.017251519
4,42,receive_authenticate_accumulate,0.017243336,0.017243741
4,42,receive_authenticate_accumulate,0.017240429,0.017240982
4,42,receive_authenticate_accumulate,0.017283835,0.017259982
4,42,receive_authenticate_accumulate,0.017242596,0.017242908
4,42,receive_authenticate_accumulate,0.017239930,0.017240370
4,42,receive_authenticate_accumulate,0.017238949,0.017239241
4,42,receive_authenticate_accumulate,0.017246819,0.017247074
4,42,receive_authenticate_accumulate,0.017242875,0.017243204
4,42,receive_authenticate_accumulate,0.017241727,0.017241815
4,42,receive_authenticate_accumulate,0.017239857,0.017239833
4,42,receive_authenticate_accumulate,0.017251876,0.017252129
4,42,receive_authenticate_accumulate,0.017244727,0.017245093
4,42,receive_authenticate_accumulate,0.017245691,0.017246093
4,42,receive_authenticate_accumulate,0.017240543,0.017240852
4,42,reading_commitment_and_shares,0.026294961,0.026257408
4,42,receive_authenticate_accumulate,0.017244321,0.017244778
4,42,receive_authenticate_accumulate,0.017244007,0.017244463
4,42,receive_authenticate_accumulate,0.017236100,0.017236462
4,42,receive_authenticate_accumulate,0.017280005,0.017256555
4,42,round_coverage,0.000004204,0.000003537
4,43,round_reset,0.000009685,0.000007981
4,43,receive_authenticate_accumulate,0.017244336,0.017244740
4,43,receive_authenticate_accumulate,0.017256502,0.017256833
4,43,receive_authenticate_accumulate,0.017239892,0.017240259
4,43,receive_authenticate_accumulate,0.017244689,0.017244907
4,43,receive_authenticate_accumulate,0.017249004,0.017248981
4,43,receive_authenticate_accumulate,0.017257892,0.017258203
4,43,receive_authenticate_accumulate,0.017241319,0.017241482
4,43,receive_authenticate_accumulate,0.017241764,0.017241889
4,43,receive_authenticate_accumulate,0.017243060,0.017243425
4,43,receive_authenticate_accumulate,0.017286782,0.017260536
4,43,receive_authenticate_accumulate,0.017245412,0.017245740
4,43,receive_authenticate_accumulate,0.017243709,0.017244111
4,43,receive_authenticate_accumulate,0.017244987,0.017245259
4,43,receive_authenticate_accumulate,0.017247802,0.017248241
4,43,receive_authenticate_accumulate,0.017241229,0.017241444
4,43,receive_authenticate_accumulate,0.017248135,0.017248519
4,43,reading_commitment_and_shares,0.026204454,0.026204944
4,43,receive_authenticate_accumulate,0.017241618,0.017241814
4,43,receive_authenticate_accumulate,0.017246618,0.017246926
4,43,receive_authenticate_accumulate,0.017251470,0.017251814
4,43,receive_authenticate_accumulate,0.017244878,0.017245111
4,43,round_coverage,0.000004222,0.000003704
4,44,round_reset,0.000009703,0.000008074
4,44,receive_authenticate_accumulate,0.017263834,0.017264148
4,44,receive_authenticate_accumulate,0.017247650,0.017248093
4,44,receive_authenticate_accumulate,0.017252243,0.017252611
4,44,receive_authenticate_accumulate,0.017248243,0.017248593
4,44,receive_authenticate_accumulate,0.017238559,0.017238982
4,44,receive_authenticate_accumulate,0.017249318,0.017249630
4,44,receive_authenticate_accumulate,0.017291502,0.017265925
4,44,receive_authenticate_accumulate,0.017255466,0.017255685
4,44,receive_authenticate_accumulate,0.017243189,0.017243536
4,44,receive_authenticate_accumulate,0.017249041,0.017249389
4,44,receive_authenticate_accumulate,0.017243393,0.017243759
4,44,receive_authenticate_accumulate,0.017259171,0.017259389
4,44,receive_authenticate_accumulate,0.028051637,0.027957426
4,44,receive_authenticate_accumulate,0.017273542,0.017256741
4,44,receive_authenticate_accumulate,0.017247524,0.017247963
4,44,receive_authenticate_accumulate,0.017293467,0.017267666
4,44,reading_commitment_and_shares,0.026202981,0.026203240
4,44,receive_authenticate_accumulate,0.017240913,0.017241167
4,44,receive_authenticate_accumulate,0.017257932,0.017258241
4,44,receive_authenticate_accumulate,0.017242617,0.017242962
4,44,receive_authenticate_accumulate,0.017253802,0.017253963
4,44,round_coverage,0.000004296,0.000003611
4,45,round_reset,0.000008592,0.000007241
4,45,receive_authenticate_accumulate,0.017283573,0.017256463
4,45,receive_authenticate_accumulate,0.017261037,0.017261314
4,45,receive_authenticate_accumulate,0.017259241,0.017259371
4,45,receive_authenticate_accumulate,0.017241112,0.017241445
4,45,receive_authenticate_accumulate,0.017237391,0.017237908
4,45,receive_authenticate_accumulate,0.017256001,0.017256204
4,45,receive_authenticate_accumulate,0.017246576,0.017246963
4,45,receive_authenticate_accumulate,0.017334463,0.017267315
4,45,receive_authenticate_accumulate,0.017243835,0.017244167
4,45,receive_authenticate_accumulate,0.017240095,0.017239908
4,45,receive_authenticate_accumulate,0.017236058,0.017236388
4,45,receive_authenticate_accumulate,0.017246984,0.017247278
4,45,receive_authenticate_accumulate,0.017290187,0.017274814
4,45,receive_authenticate_accumulate,0.017245984,0.017246334
4,45,receive_authenticate_accumulate,0.017243522,0.017243963
4,45,receive_authenticate_accumulate,0.017301317,0.017273944
4,45,reading_commitment_and_shares,0.026266041,0.026233482
4,45,receive_authenticate_accumulate,0.017248670,0.017248926
4,45,receive_authenticate_accumulate,0.017236041,0.017236370
4,45,receive_authenticate_accumulate,0.017237318,0.017237445
4,45,receive_authenticate_accumulate,0.017239486,0.017239963
4,45,round_coverage,0.000003092,0.000002648
4,46,round_reset,0.000009408,0.000008334
4,46,receive_authenticate_accumulate,0.017283626,0.017260649
4,46,receive_authenticate_accumulate,0.017247053,0.017247389
4,46,receive_authenticate_accumulate,0.017245831,0.017245649
4,46,receive_authenticate_accumulate,0.017242850,0.017243037
4,46,receive_authenticate_accumulate,0.017263350,0.017263685
4,46,receive_authenticate_accumulate,0.017242054,0.017241944
4,46,receive_authenticate_accumulate,0.017227351,0.017227666
4,46,receive_authenticate_accumulate,0.017265628,0.017247889
4,46,receive_authenticate_accumulate,0.017244221,0.017244463
4,46,receive_authenticate_accumulate,0.017241129,0.017241518
4,46,receive_authenticate_accumulate,0.017249037,0.017249204
4,46,receive_authenticate_accumulate,0.017239611,0.017239796
4,46,receive_authenticate_accumulate,0.017253760,0.017253944
4,46,receive_authenticate_accumulate,0.017242315,0.017242759
4,46,receive_authenticate_accumulate,0.017286037,0.017260797
4,46,receive_authenticate_accumulate,0.017240167,0.017240389
4,46,reading_commitment_and_shares,0.026197827,0.026198574
4,46,receive_authenticate_accumulate,0.017244149,0.017244445
4,46,receive_authenticate_accumulate,0.017236927,0.017237223
4,46,receive_authenticate_accumulate,0.017246372,0.017246703
4,46,receive_authenticate_accumulate,0.017243243,0.017243740
4,46,round_coverage,0.000003056,0.000002537
4,47,round_reset,0.000009222,0.000007981
4,47,receive_authenticate_accumulate,0.017287659,0.017260241
4,47,receive_authenticate_accumulate,0.017241050,0.017241278
4,47,receive_authenticate_accumulate,0.017251032,0.017251389
4,47,receive_authenticate_accumulate,0.017238810,0.017239241
4,47,receive_authenticate_accumulate,0.017302438,0.017258111
4,47,receive_authenticate_accumulate,0.017249755,0.017250166
4,47,receive_authenticate_accumulate,0.017252420,0.017252852
4,47,receive_authenticate_accumulate,0.017251144,0.017251778
4,47,receive_authenticate_accumulate,0.017246644,0.017246963
4,47,receive_authenticate_accumulate,0.017242274,0.017242630
4,47,receive_authenticate_accumulate,0.017243755,0.017244129
4,47,receive_authenticate_accumulate,0.017272921,0.017248001
4,47,receive_authenticate_accumulate,0.017256422,0.017256518
4,47,receive_authenticate_accumulate,0.017290440,0.017262610
4,47,receive_authenticate_accumulate,0.017237664,0.017238037
4,47,receive_authenticate_accumulate,0.017244016,0.017244148
4,47,reading_commitment_and_shares,0.026207201,0.026208074
4,47,receive_authenticate_accumulate,0.017239405,0.017239796
4,47,receive_authenticate_accumulate,0.017296941,0.017253259
4,47,receive_authenticate_accumulate,0.017255071,0.017255444
4,47,receive_authenticate_accumulate,0.017307126,0.017272537
4,47,round_coverage,0.000002704,0.000002259
4,48,round_reset,0.000008407,0.000007259
4,48,receive_authenticate_accumulate,0.017250712,0.017251074
4,48,receive_authenticate_accumulate,0.017248323,0.017248519
4,48,receive_authenticate_accumulate,0.017287212,0.017261019
4,48,receive_authenticate_accumulate,0.017237694,0.017237981
4,48,receive_authenticate_accumulate,0.017242324,0.017242648
4,48,receive_authenticate_accumulate,0.017239028,0.017239389
4,48,receive_authenticate_accumulate,0.017247953,0.017248222
4,48,receive_authenticate_accumulate,0.017244379,0.017244648
4,48,receive_authenticate_accumulate,0.017242102,0.017242444
4,48,receive_authenticate_accumulate,0.017237621,0.017238018
4,48,receive_authenticate_accumulate,0.017293805,0.017272797
4,48,receive_authenticate_accumulate,0.017277454,0.017265093
4,48,receive_authenticate_accumulate,0.017247621,0.017247833
4,48,receive_authenticate_accumulate,0.017238233,0.017238556
4,48,receive_authenticate_accumulate,0.017241381,0.017241704
4,48,receive_authenticate_accumulate,0.017278344,0.017256166
4,48,reading_commitment_and_shares,0.026202667,0.026203204
4,48,receive_authenticate_accumulate,0.017251640,0.017251815
4,48,receive_authenticate_accumulate,0.017248308,0.017248611
4,48,receive_authenticate_accumulate,0.017248992,0.017249370
4,48,receive_authenticate_accumulate,0.017243752,0.017244056
4,48,round_coverage,0.000002907,0.000002463
4,49,round_reset,0.000009555,0.000008222
4,49,receive_authenticate_accumulate,0.017241114,0.017241389
4,49,receive_authenticate_accumulate,0.017240522,0.017240908
4,49,receive_authenticate_accumulate,0.017246874,0.017247204
4,49,receive_authenticate_accumulate,0.017290447,0.017266185
4,49,receive_authenticate_accumulate,0.017241911,0.017242222
4,49,receive_authenticate_accumulate,0.017305817,0.017263943
4,49,receive_authenticate_accumulate,0.017241263,0.017241611
4,49,receive_authenticate_accumulate,0.017241208,0.017241426
4,49,receive_authenticate_accumulate,0.017236523,0.017236889
4,49,receive_authenticate_accumulate,0.017240208,0.017240574
4,49,receive_authenticate_accumulate,0.017242820,0.017243093
4,49,receive_authenticate_accumulate,0.017249523,0.017249870
4,49,receive_authenticate_accumulate,0.017252171,0.017252426
4,49,receive_authenticate_accumulate,0.017253357,0.017253425
4,49,receive_authenticate_accumulate,0.017246617,0.017246852
4,49,receive_authenticate_accumulate,0.017291542,0.017267741
4,49,reading_commitment_and_shares,0.026205353,0.026205963
4,49,receive_authenticate_accumulate,0.017244042,0.017244204
4,49,receive_authenticate_accumulate,0.017273153,0.017253315
4,49,receive_authenticate_accumulate,0.017243228,0.017243518
4,49,receive_authenticate_accumulate,0.017234673,0.017234963
4,49,round_coverage,0.000003537,0.000002723
5,50,period_reset,0.000025907,0.000024463
5,50,receive_authenticate_accumulate,0.000092072,0.000091852
5,50,receive_authenticate_accumulate,0.000091387,0.000090796
5,50,receive_authenticate_accumulate,0.000091017,0.000090833
5,50,receive_authenticate_accumulate,0.000092535,0.000092537
5,50,receive_authenticate_accumulate,0.000089110,0.000088648
5,50,receive_authenticate_accumulate,0.000091239,0.000091055
5,50,receive_authenticate_accumulate,0.000090776,0.000090500
5,50,receive_authenticate_accumulate,0.000091572,0.000091407
5,50,receive_authenticate_accumulate,0.000088424,0.000088241
5,50,receive_authenticate_accumulate,0.000089628,0.000089445
5,50,receive_authenticate_accumulate,0.000090313,0.000090111
5,50,receive_authenticate_accumulate,0.000126997,0.000126666
5,50,receive_authenticate_accumulate,0.000091665,0.000091240
5,50,receive_authenticate_accumulate,0.000088776,0.000088334
5,50,receive_authenticate_accumulate,0.000090776,0.000090648
5,50,receive_authenticate_accumulate,0.000092369,0.000092148
5,50,randomness_commit,0.000814317,0.000813889
5,50,receive_authenticate_accumulate,0.000055165,0.000054815
5,50,receive_authenticate_accumulate,0.000071554,0.000071444
5,50,receive_authenticate_accumulate,0.000056110,0.000055870
5,50,receive_authenticate_accumulate,0.000056980,0.000056796
5,50,receive_authenticate_accumulate,0.000068702,0.000068648
5,50,receive_authenticate_accumulate,0.000068165,0.000068093
5,50,receive_authenticate_accumulate,0.000068184,0.000068037
5,50,receive_authenticate_accumulate,0.000067832,0.000067685
5,50,receive_authenticate_accumulate,0.000067128,0.000067055
5,50,receive_authenticate_accumulate,0.000068740,0.000068297
5,50,receive_authenticate_accumulate,0.000067313,0.000067093
5,50,receive_authenticate_accumulate,0.000066684,0.000066556
5,50,receive_authenticate_accumulate,0.000068369,0.000068130
5,50,receive_authenticate_accumulate,0.000068720,0.000068445
5,50,receive_authenticate_accumulate,0.000068739,0.000068630
5,50,receive_authenticate_accumulate,0.000068147,0.000067888
5,50,receive_authenticate_accumulate,0.000068277,0.000068204
5,50,receive_authenticate_accumulate,0.000071239,0.000071148
5,50,receive_authenticate_accumulate,0.000065091,0.000064797
5,50,receive_authenticate_accumulate,0.000068406,0.000068278
5,50,randomness_reveal,0.000447046,0.000446926
5,50,receive_authenticate_accumulate,0.000066925,0.000066796
5,50,receive_authenticate_accumulate,0.000068535,0.000068556
5,50,receive_authenticate_accumulate,0.000067999,0.000068092
5,50,receive_authenticate_accumulate,0.000067906,0.000067760
5,50,committee_selection,0.000126535,0.000126167
5,50,round_reset,0.000005426,0.000004852
5,50,receive_authenticate_accumulate,0.017241367,0.017241500
5,50,receive_authenticate_accumulate,0.000052406,0.000052222
5,50,receive_authenticate_accumulate,0.017254053,0.017254167
5,50,receive_authenticate_accumulate,0.000050702,0.000050796
5,50,receive_authenticate_accumulate,0.017280478,0.017253907
5,50,receive_authenticate_accumulate,0.000050481,0.000050333
5,50,receive_authenticate_accumulate,0.017249701,0.017249833
5,50,receive_authenticate_accumulate,0.000051758,0.000051703
5,50,receive_authenticate_accumulate,0.017249386,0.017249333
5,50,receive_authenticate_accumulate,0.000052758,0.000052648
5,50,receive_authenticate_accumulate,0.017253423,0.017253445
5,50,receive_authenticate_accumulate,0.000050888,0.000050870
5,50,receive_authenticate_accumulate,0.017241479,0.017241425
5,50,receive_authenticate_accumulate,0.000052296,0.000052296
5,50,receive_authenticate_accumulate,0.017248165,0.017248186
5,50,receive_authenticate_accumulate,0.000051313,0.000051296
5,50,receive_authenticate_accumulate,0.017253109,0.017253352
5,50,receive_authenticate_accumulate,0.000052369,0.000052148
5,50,receive_authenticate_accumulate,0.017280683,0.017260703
5,50,receive_authenticate_accumulate,0.000051684,0.000051648
5,50,receive_authenticate_accumulate,0.017239943,0.017240129
5,50,receive_authenticate_accumulate,0.000051702,0.000051666
5,50,receive_authenticate_accumulate,0.017240573,0.017240556
5,50,receive_authenticate_accumulate,0.000051184,0.000051167
5,50,receive_authenticate_accumulate,0.017240555,0.017240703
5,50,receive_authenticate_accumulate,0.000050851,0.000050777
5,50,receive_authenticate_accumulate,0.017296720,0.017261037
5,50,receive_authenticate_accumulate,0.000051388,0.000051482
5,50,receive_authenticate_accumulate,0.017290665,0.017263518
5,50,receive_authenticate_accumulate,0.000052499,0.000052371
5,50,receive_authenticate_accumulate,0.017241944,0.017241963
5,50,receive_authenticate_accumulate,0.000050925,0.000050815
5,50,reading_commitment_and_shares,0.026189261,0.026190074
5,50,receive_authenticate_accumulate,0.017252722,0.017252852
5,50,receive_authenticate_accumulate,0.000054351,0.000054186
5,50,receive_authenticate_accumulate,0.017240240,0.017240519
5,50,receive_authenticate_accumulate,0.000051629,0.000051537
5,50,receive_authenticate_accumulate,0.017240333,0.017240296
5,50,receive_authenticate_accumulate,0.000051518,0.000051500
5,50,receive_authenticate_accumulate,0.017249741,0.017249926
5,50,receive_authenticate_accumulate,0.000051184,0.000051018
5,50,round_coverage,0.000004056,0.000003389
5,50,spatial_report,0.000039277,0.000038926
5,51,round_reset,0.000010722,0.000009204
5,51,receive_authenticate_accumulate,0.017249194,0.017249222
5,51,receive_authenticate_accumulate,0.000051147,0.000051037
5,51,receive_authenticate_accumulate,0.017243787,0.017244037
5,51,receive_authenticate_accumulate,0.000052925,0.000052851
5,51,receive_authenticate_accumulate,0.017252620,0.017252852
5,51,receive_authenticate_accumulate,0.000051573,0.000051463
5,51,receive_authenticate_accumulate,0.017241880,0.017242056
5,51,receive_authenticate_accumulate,0.000052388,0.000052481
5,51,receive_authenticate_accumulate,0.017243102,0.017243185
5,51,receive_authenticate_accumulate,0.000052443,0.000052408
5,51,receive_authenticate_accumulate,0.017247713,0.017247907
5,51,receive_authenticate_accumulate,0.000052925,0.000052796
5,51,receive_authenticate_accumulate,0.017244158,0.017244223
5,51,receive_authenticate_accumulate,0.000052129,0.000052000
5,51,receive_authenticate_accumulate,0.017256583,0.017256796
5,51,receive_authenticate_accumulate,0.000050666,0.000050611
5,51,receive_authenticate_accumulate,0.017241862,0.017241871
5,51,receive_authenticate_accumulate,0.000051332,0.000051278
5,51,receive_authenticate_accumulate,0.017280676,0.017252314
5,51,receive_authenticate_accumulate,0.000051444,0.000051277
5,51,receive_authenticate_accumulate,0.017276843,0.017254369
5,51,receive_authenticate_accumulate,0.000051813,0.000051574
5,51,receive_authenticate_accumulate,0.017314472,0.017274055
5,51,receive_authenticate_accumulate,0.000052499,0.000052352
5,51,receive_authenticate_accumulate,0.023975507,0.023976241
5,51,receive_authenticate_accumulate,0.000075684,0.000075704
5,51,receive_authenticate_accumulate,0.017248510,0.017248519
5,51,receive_authenticate_accumulate,0.000053054,0.000052963
5,51,receive_authenticate_accumulate,0.017256159,0.017256444
5,51,receive_authenticate_accumulate,0.000052777,0.000052704
5,51,receive_authenticate_accumulate,0.017258066,0.017258167
5,51,receive_authenticate_accumulate,0.000052610,0.000052352
5,51,reading_commitment_and_shares,0.026192204,0.026192740
5,51,receive_authenticate_accumulate,0.017240289,0.017240370
5,51,receive_authenticate_accumulate,0.000053110,0.000052740
5,51,receive_authenticate_accumulate,0.017240993,0.017241148
5,51,receive_authenticate_accumulate,0.000051258,0.000051185
5,51,receive_authenticate_accumulate,0.017249567,0.017249629
5,51,receive_authenticate_accumulate,0.000051480,0.000051500
5,51,receive_authenticate_accumulate,0.017270549,0.017270797
5,51,receive_authenticate_accumulate,0.000052333,0.000052204
5,51,round_coverage,0.000003981,0.000003167
5,51,spatial_report,0.000040499,0.000040278
5,52,round_reset,0.000009852,0.000008352
5,52,receive_authenticate_accumulate,0.017254668,0.017254833
5,52,receive_authenticate_accumulate,0.000051499,0.000051370
5,52,receive_authenticate_accumulate,0.017293668,0.017266833
5,52,receive_authenticate_accumulate,0.000051221,0.000051000
5,52,receive_authenticate_accumulate,0.017251687,0.017251833
5,52,receive_authenticate_accumulate,0.000051184,0.000051111
5,52,receive_authenticate_accumulate,0.017246391,0.017246537
5,52,receive_authenticate_accumulate,0.000051203,0.000051056
5,52,receive_authenticate_accumulate,0.017284057,0.017261352
5,52,receive_authenticate_accumulate,0.000052518,0.000052482
5,52,receive_authenticate_accumulate,0.017248447,0.017248648
5,52,receive_authenticate_accumulate,0.000051684,0.000051629
5,52,receive_authenticate_accumulate,0.017246077,0.017246056
5,52,receive_authenticate_accumulate,0.000051018,0.000050963
5,52,receive_authenticate_accumulate,0.017249799,0.017249963
5,52,receive_authenticate_accumulate,0.000053239,0.000053000
5,52,receive_authenticate_accumulate,0.017243595,0.017243537
5,52,receive_authenticate_accumulate,0.000054055,0.000053888
5,52,receive_authenticate_accumulate,0.017250947,0.017250685
5,52,receive_authenticate_accumulate,0.000051573,0.000051167
5,52,receive_authenticate_accumulate,0.017253114,0.017253204
5,52,receive_authenticate_accumulate,0.000051851,0.000051759
5,52,receive_authenticate_accumulate,0.017255207,0.017255370
5,52,receive_authenticate_accumulate,0.000050574,0.000050277
5,52,receive_authenticate_accumulate,0.017312094,0.017285055
5,52,receive_authenticate_accumulate,0.000050999,0.000050778
5,52,receive_authenticate_accumulate,0.017286836,0.017261778
5,52,receive_authenticate_accumulate,0.000050777,0.000050667
5,52,receive_authenticate_accumulate,0.017249781,0.017249889
5,52,receive_authenticate_accumulate,0.000052184,0.000052018
5,52,receive_authenticate_accumulate,0.017248744,0.017248907
5,52,receive_authenticate_accumulate,0.000051814,0.000051630
5,52,reading_commitment_and_shares,0.026204240,0.026204777
5,52,receive_authenticate_accumulate,0.017237985,0.017237963
5,52,receive_authenticate_accumulate,0.000050850,0.000050796
5,52,receive_authenticate_accumulate,0.017253133,0.017253370
5,52,receive_authenticate_accumulate,0.000052277,0.000052074
5,52,receive_authenticate_accumulate,0.017242559,0.017242760
5,52,receive_authenticate_accumulate,0.000051518,0.000051444
5,52,receive_authenticate_accumulate,0.017248560,0.017248741
5,52,receive_authenticate_accumulate,0.000051518,0.000051463
5,52,round_coverage,0.000004055,0.000003371
5,52,spatial_report,0.000040185,0.000039889
5,53,round_reset,0.000009371,0.000007593
5,53,receive_authenticate_accumulate,0.017263659,0.017263815
5,53,receive_authenticate_accumulate,0.000050999,0.000050926
5,53,receive_authenticate_accumulate,0.017249827,0.017249741
5,53,receive_authenticate_accumulate,0.000052518,0.000052482
5,53,receive_authenticate_accumulate,0.017247845,0.017247852
5,53,receive_authenticate_accumulate,0.000051036,0.000051092
5,53,receive_authenticate_accumulate,0.017235697,0.017235944
5,53,receive_authenticate_accumulate,0.000051184,0.000051185
5,53,receive_authenticate_accumulate,0.017256513,0.017256723
5,53,receive_authenticate_accumulate,0.000052722,0.000052537
5,53,receive_authenticate_accumulate,0.017240531,0.017240704
5,53,receive_authenticate_accumulate,0.000052055,0.000052056
5,53,receive_authenticate_accumulate,0.017247809,0.017247871
5,53,receive_authenticate_accumulate,0.000050833,0.000050518
5,53,receive_authenticate_accumulate,0.017237939,0.017237926
5,53,receive_authenticate_accumulate,0.000051165,0.000051111
5,53,receive_authenticate_accumulate,0.017260253,0.017260241
5,53,receive_authenticate_accumulate,0.000051462,0.000051334
5,53,receive_authenticate_accumulate,0.017248198,0.017248370
5,53,receive_authenticate_accumulate,0.000065980,0.000065667
5,53,receive_authenticate_accumulate,0.017248235,0.017248518
5,53,receive_authenticate_accumulate,0.000051128,0.000050907
5,53,receive_authenticate_accumulate,0.017301512,0.017257573
5,53,receive_authenticate_accumulate,0.000050407,0.000050370
5,53,receive_authenticate_accumulate,0.017279735,0.017258185
5,53,receive_authenticate_accumulate,0.000052277,0.000052129
5,53,receive_authenticate_accumulate,0.017249217,0.017249241
5,53,receive_authenticate_accumulate,0.000049851,0.000049852
5,53,receive_authenticate_accumulate,0.017239995,0.017240222
5,53,receive_authenticate_accumulate,0.000049999,0.000049741
5,53,receive_authenticate_accumulate,0.017247477,0.017247519
5,53,receive_authenticate_accumulate,0.000049148,0.000048907
5,53,reading_commitment_and_shares,0.026207051,0.026207500
5,53,receive_authenticate_accumulate,0.017239181,0.017239315
5,53,receive_authenticate_accumulate,0.000048722,0.000048519
5,53,receive_authenticate_accumulate,0.017243699,0.017243815
5,53,receive_authenticate_accumulate,0.000049406,0.000049389
5,53,receive_authenticate_accumulate,0.017240495,0.017240518
5,53,receive_authenticate_accumulate,0.000049388,0.000049389
5,53,receive_authenticate_accumulate,0.017246440,0.017246407
5,53,receive_authenticate_accumulate,0.000049888,0.000049704
5,53,round_coverage,0.000004130,0.000003463
5,53,spatial_report,0.000039054,0.000038797
5,54,round_reset,0.000010203,0.000008667
5,54,receive_authenticate_accumulate,0.017244170,0.017244297
5,54,receive_authenticate_accumulate,0.000054851,0.000054759
5,54,receive_authenticate_accumulate,0.017288484,0.017264000
5,54,receive_authenticate_accumulate,0.000051684,0.000051556
5,54,receive_authenticate_accumulate,0.017242800,0.017242981
5,54,receive_authenticate_accumulate,0.000053351,0.000053203
5,54,receive_authenticate_accumulate,0.017245337,0.017245463
5,54,receive_authenticate_accumulate,0.000051444,0.000051389
5,54,receive_authenticate_accumulate,0.017246911,0.017246982
5,54,receive_authenticate_accumulate,0.000051092,0.000050926
5,54,receive_authenticate_accumulate,0.017245948,0.017246111
5,54,receive_authenticate_accumulate,0.000051722,0.000051555
5,54,receive_authenticate_accumulate,0.017238486,0.017238666
5,54,receive_authenticate_accumulate,0.000050610,0.000050592
5,54,receive_authenticate_accumulate,0.017260207,0.017260074
5,54,receive_authenticate_accumulate,0.000051370,0.000051296
5,54,receive_authenticate_accumulate,0.017238560,0.017238741
5,54,receive_authenticate_accumulate,0.000049666,0.000049648
5,54,receive_authenticate_accumulate,0.017243467,0.017243555
5,54,receive_authenticate_accumulate,0.000052425,0.000052334
5,54,receive_authenticate_accumulate,0.017239116,0.017239241
5,54,receive_authenticate_accumulate,0.000050611,0.000050519
5,54,receive_authenticate_accumulate,0.017249505,0.017249574
5,54,receive_authenticate_accumulate,0.000050833,0.000050741
5,54,receive_authenticate_accumulate,0.017238135,0.017238444
5,54,receive_authenticate_accumulate,0.000050055,0.000049851
5,54,receive_authenticate_accumulate,0.017305522,0.017272370
5,54,receive_authenticate_accumulate,0.000050851,0.000050704
5,54,receive_authenticate_accumulate,0.017253134,0.017253203
5,54,receive_authenticate_accumulate,0.000052907,0.000052815
5,54,receive_authenticate_accumulate,0.017277616,0.017252204
5,54,receive_authenticate_accumulate,0.000050110,0.000050093
5,54,reading_commitment_and_shares,0.026185419,0.026185740
5,54,receive_authenticate_accumulate,0.017239635,0.017239759
5,54,receive_authenticate_accumulate,0.000051703,0.000051500
5,54,receive_authenticate_accumulate,0.017249542,0.017249703
5,54,receive_authenticate_accumulate,0.000052518,0.000052315
5,54,receive_authenticate_accumulate,0.017253247,0.017253425
5,54,receive_authenticate_accumulate,0.000050962,0.000050777
5,54,receive_authenticate_accumulate,0.017244653,0.017244722
5,54,receive_authenticate_accumulate,0.000056776,0.000056648
5,54,round_coverage,0.000003333,0.000002777
5,54,spatial_report,0.000039185,0.000039112
5,55,round_reset,0.000008593,0.000007555
5,55,receive_authenticate_accumulate,0.017244531,0.017244629
5,55,receive_authenticate_accumulate,0.000047573,0.000047555
5,55,receive_authenticate_accumulate,0.017241069,0.017241129
5,55,receive_authenticate_accumulate,0.000046369,0.000046296
5,55,receive_authenticate_accumulate,0.017250290,0.017250351
5,55,receive_authenticate_accumulate,0.000046499,0.000046555
5,55,receive_authenticate_accumulate,0.017291531,0.017291556
5,55,receive_authenticate_accumulate,0.000049907,0.000049870
5,55,receive_authenticate_accumulate,0.017256790,0.017256907
5,55,receive_authenticate_accumulate,0.000047165,0.000047222
5,55,receive_authenticate_accumulate,0.017244383,0.017244352
5,55,receive_authenticate_accumulate,0.000047407,0.000047371
5,55,receive_authenticate_accumulate,0.017239125,0.017238982
5,55,receive_authenticate_accumulate,0.000046833,0.000046592
5,55,receive_authenticate_accumulate,0.017248884,0.017249259
5,55,receive_authenticate_accumulate,0.000046629,0.000046649
5,55,receive_authenticate_accumulate,0.017238921,0.017239056
5,55,receive_authenticate_accumulate,0.000047054,0.000047093
5,55,receive_authenticate_accumulate,0.017246588,0.017246685
5,55,receive_authenticate_accumulate,0.000045814,0.000045852
5,55,receive_authenticate_accumulate,0.017244569,0.017244703
5,55,receive_authenticate_accumulate,0.000044851,0.000044908
5,55,receive_authenticate_accumulate,0.017256014,0.017255815
5,55,receive_authenticate_accumulate,0.000045943,0.000046000
5,55,receive_authenticate_accumulate,0.017241495,0.017241407
5,55,receive_authenticate_accumulate,0.000050166,0.000050129
5,55,receive_authenticate_accumulate,0.017245792,0.017245815
5,55,receive_authenticate_accumulate,0.000050351,0.000050296
5,55,receive_authenticate_accumulate,0.017253014,0.017253111
5,55,receive_authenticate_accumulate,0.000051388,0.000051408
5,55,receive_authenticate_accumulate,0.017242255,0.017242241
5,55,receive_authenticate_accumulate,0.000049221,0.000049223
5,55,reading_commitment_and_shares,0.026186914,0.026187592
5,55,receive_authenticate_accumulate,0.017250329,0.017250111
5,55,receive_authenticate_accumulate,0.000051592,0.000051500
5,55,receive_authenticate_accumulate,0.017256347,0.017256518
5,55,receive_authenticate_accumulate,0.000051665,0.000051722
5,55,receive_authenticate_accumulate,0.017255070,0.017255203
5,55,receive_authenticate_accumulate,0.000049684,0.000049555
5,55,receive_authenticate_accumulate,0.017297033,0.017254093
5,55,receive_authenticate_accumulate,0.000051203,0.000051148
5,55,round_coverage,0.000003740,0.000003204
5,55,spatial_report,0.000037555,0.000037352
5,56,round_reset,0.000010111,0.000008667
5,56,receive_authenticate_accumulate,0.017245799,0.017246019
5,56,receive_authenticate_accumulate,0.000064777,0.000064852
5,56,receive_authenticate_accumulate,0.017249726,0.017249444
5,56,receive_authenticate_accumulate,0.000050573,0.000050574
5,56,receive_authenticate_accumulate,0.017255280,0.017255463
5,56,receive_authenticate_accumulate,0.000051221,0.000051148
5,56,receive_authenticate_accumulate,0.017257447,0.017257630
5,56,receive_authenticate_accumulate,0.000050092,0.000050148
5,56,receive_authenticate_accumulate,0.017243671,0.017243722
5,56,receive_authenticate_accumulate,0.000050425,0.000050388
5,56,receive_authenticate_accumulate,0.017239225,0.017239037
5,56,receive_authenticate_accumulate,0.000050555,0.000050575
5,56,receive_authenticate_accumulate,0.017246855,0.017246907
5,56,receive_authenticate_accumulate,0.000054444,0.000054463
5,56,receive_authenticate_accumulate,0.017253041,0.017253093
5,56,receive_authenticate_accumulate,0.000050369,0.000050296
5,56,receive_authenticate_accumulate,0.017243430,0.017243703
5,56,receive_authenticate_accumulate,0.000051073,0.000051056
5,56,receive_authenticate_accumulate,0.017245245,0.017245240
5,56,receive_authenticate_accumulate,0.000049666,0.000049612
5,56,receive_authenticate_accumulate,0.017252838,0.017252870
5,56,receive_authenticate_accumulate,0.000050462,0.000050389
5,56,receive_authenticate_accumulate,0.017248745,0.017248704
5,56,receive_authenticate_accumulate,0.000052481,0.000052444
5,56,receive_authenticate_accumulate,0.023512731,0.023425759
5,56,receive_authenticate_accumulate,0.000052074,0.000051981
5,56,receive_authenticate_accumulate,0.017245227,0.017245277
5,56,receive_authenticate_accumulate,0.000050499,0.000050444
5,56,receive_authenticate_accumulate,0.017248449,0.017248518
5,56,receive_authenticate_accumulate,0.000052128,0.000052129
5,56,receive_authenticate_accumulate,0.017250153,0.017250018
5,56,receive_authenticate_accumulate,0.000051148,0.000051037
5,56,reading_commitment_and_shares,0.026236630,0.026237408
5,56,receive_authenticate_accumulate,0.017252023,0.017252167
5,56,receive_authenticate_accumulate,0.000052018,0.000052018
5,56,receive_authenticate_accumulate,0.017245208,0.017244889
5,56,receive_authenticate_accumulate,0.000053091,0.000053000
5,56,receive_authenticate_accumulate,0.017249413,0.017249408
5,56,receive_authenticate_accumulate,0.000051740,0.000051667
5,56,receive_authenticate_accumulate,0.017278394,0.017267630
5,56,receive_authenticate_accumulate,0.000052870,0.000052926
5,56,round_coverage,0.000003685,0.000003185
5,56,spatial_report,0.000039536,0.000039297
5,57,round_reset,0.000009426,0.000007777
5,57,receive_authenticate_accumulate,0.017257641,0.017257777
5,57,receive_authenticate_accumulate,0.000052240,0.000052148
5,57,receive_authenticate_accumulate,0.017242215,0.017242334
5,57,receive_authenticate_accumulate,0.000050648,0.000050500
5,57,receive_authenticate_accumulate,0.017258807,0.017258741
5,57,receive_authenticate_accumulate,0.000052111,0.000052148
5,57,receive_authenticate_accumulate,0.017251882,0.017252018
5,57,receive_authenticate_accumulate,0.000050944,0.000050945
5,57,receive_authenticate_accumulate,0.017248901,0.017249000
5,57,receive_authenticate_accumulate,0.000051166,0.000050982
5,57,receive_authenticate_accumulate,0.017281307,0.017263723
5,57,receive_authenticate_accumulate,0.000051814,0.000051796
5,57,receive_authenticate_accumulate,0.017259511,0.017259389
5,57,receive_authenticate_accumulate,0.000051332,0.000051203
5,57,receive_authenticate_accumulate,0.017243216,0.017243463
5,57,receive_authenticate_accumulate,0.000052517,0.000052518
5,57,receive_authenticate_accumulate,0.017255401,0.017255204
5,57,receive_authenticate_accumulate,0.000051295,0.000051204
5,57,receive_authenticate_accumulate,0.017261660,0.017261889
5,57,receive_authenticate_accumulate,0.000053277,0.000053407
5,57,receive_authenticate_accumulate,0.017306659,0.017260519
5,57,receive_authenticate_accumulate,0.000052462,0.000052500
5,57,receive_authenticate_accumulate,0.017248180,0.017248333
5,57,receive_authenticate_accumulate,0.000050777,0.000050759
5,57,receive_authenticate_accumulate,0.025878167,0.025878408
5,57,receive_authenticate_accumulate,0.000082146,0.000082037
5,57,receive_authenticate_accumulate,0.017244976,0.017244982
5,57,receive_authenticate_accumulate,0.000051333,0.000051259
5,57,receive_authenticate_accumulate,0.017247901,0.017248129
5,57,receive_authenticate_accumulate,0.000053185,0.000053130
5,57,receive_authenticate_accumulate,0.017243198,0.017243371
5,57,receive_authenticate_accumulate,0.000065665,0.000065722
5,57,reading_commitment_and_shares,0.026186847,0.026187389
5,57,receive_authenticate_accumulate,0.017247050,0.017246777
5,57,receive_authenticate_accumulate,0.000051610,0.000051555
5,57,receive_authenticate_accumulate,0.017244161,0.017244444
5,57,receive_authenticate_accumulate,0.000050536,0.000050555
5,57,receive_authenticate_accumulate,0.017247569,0.017247685
5,57,receive_authenticate_accumulate,0.000051869,0.000051871
5,57,receive_authenticate_accumulate,0.017241383,0.017241407
5,57,receive_authenticate_accumulate,0.000051980,0.000051834
5,57,round_coverage,0.000003463,0.000003019
5,57,spatial_report,0.000039296,0.000039056
5,58,round_reset,0.000010000,0.000008426
5,58,receive_authenticate_accumulate,0.017257315,0.017257149
5,58,receive_authenticate_accumulate,0.000051240,0.000051092
5,58,receive_authenticate_accumulate,0.017248945,0.017248704
5,58,receive_authenticate_accumulate,0.000051481,0.000051426
5,58,receive_authenticate_accumulate,0.017250612,0.017250222
5,58,receive_authenticate_accumulate,0.000052406,0.000052389
5,58,receive_authenticate_accumulate,0.017251019,0.017250833
5,58,receive_authenticate_accumulate,0.000052037,0.000051944
5,58,receive_authenticate_accumulate,0.017276519,0.017254852
5,58,receive_authenticate_accumulate,0.000051406,0.000051314
5,58,receive_authenticate_accumulate,0.017251297,0.017251259
5,58,receive_authenticate_accumulate,0.000051203,0.000051129
5,58,receive_authenticate_accumulate,0.017252483,0.017252371
5,58,receive_authenticate_accumulate,0.000052833,0.000052871
5,58,receive_authenticate_accumulate,0.017248205,0.017248296
5,58,receive_authenticate_accumulate,0.000051981,0.000051963
5,58,receive_authenticate_accumulate,0.017244816,0.017244814
5,58,receive_authenticate_accumulate,0.000052647,0.000052593
5,58,receive_authenticate_accumulate,0.017244927,0.017244945
5,58,receive_authenticate_accumulate,0.000051722,0.000051648
5,58,receive_authenticate_accumulate,0.017250539,0.017250759
5,58,receive_authenticate_accumulate,0.000050629,0.000050574
5,58,receive_authenticate_accumulate,0.017256817,0.017256982
5,58,receive_authenticate_accumulate,0.000051184,0.000051148
5,58,receive_authenticate_accumulate,0.017258038,0.017258167
5,58,receive_authenticate_accumulate,0.000065591,0.000065630
5,58,receive_authenticate_accumulate,0.017267927,0.017255907
5,58,receive_authenticate_accumulate,0.000051314,0.000051222
5,58,receive_authenticate_accumulate,0.017252465,0.017252481
5,58,receive_authenticate_accumulate,0.000051869,0.000051814
5,58,receive_authenticate_accumulate,0.017256910,0.017257000
5,58,receive_authenticate_accumulate,0.000051554,0.000051519
5,58,reading_commitment_and_shares,0.026190990,0.026191519
5,58,receive_authenticate_accumulate,0.017247502,0.017247667
5,58,receive_authenticate_accumulate,0.000053833,0.000053741
5,58,receive_authenticate_accumulate,0.017250206,0.017250148
5,58,receive_authenticate_accumulate,0.000052110,0.000052074
5,58,receive_authenticate_accumulate,0.017243002,0.017242963
5,58,receive_authenticate_accumulate,0.000051869,0.000051834
5,58,receive_authenticate_accumulate,0.017286484,0.017263908
5,58,receive_authenticate_accumulate,0.000051054,0.000050852
5,58,round_coverage,0.000003981,0.000003463
5,58,spatial_report,0.000038370,0.000038222
5,59,round_reset,0.000009037,0.000007815
5,59,receive_authenticate_accumulate,0.017276618,0.017276778
5,59,receive_authenticate_accumulate,0.000050592,0.000050426
5,59,receive_authenticate_accumulate,0.017242027,0.017242148
5,59,receive_authenticate_accumulate,0.000052425,0.000052426
5,59,receive_authenticate_accumulate,0.017258415,0.017258463
5,59,receive_authenticate_accumulate,0.000049073,0.000049111
5,59,receive_authenticate_accumulate,0.017241898,0.017241852
5,59,receive_authenticate_accumulate,0.000049648,0.000049611
5,59,receive_authenticate_accumulate,0.017244842,0.017244945
5,59,receive_authenticate_accumulate,0.000050388,0.000050352
5,59,receive_authenticate_accumulate,0.017243101,0.017243129
5,59,receive_authenticate_accumulate,0.000049833,0.000049852
5,59,receive_authenticate_accumulate,0.017256489,0.017256667
5,59,receive_authenticate_accumulate,0.000050851,0.000050778
5,59,receive_authenticate_accumulate,0.017243398,0.017243426
5,59,receive_authenticate_accumulate,0.000049943,0.000049833
5,59,receive_authenticate_accumulate,0.017243361,0.017243371
5,59,receive_authenticate_accumulate,0.000048314,0.000048241
5,59,receive_authenticate_accumulate,0.017233676,0.017233907
5,59,receive_authenticate_accumulate,0.000050406,0.000050389
5,59,receive_authenticate_accumulate,0.017251120,0.017251204
5,59,receive_authenticate_accumulate,0.000049166,0.000049130
5,59,receive_authenticate_accumulate,0.017242435,0.017242352
5,59,receive_authenticate_accumulate,0.000049573,0.000049500
5,59,receive_authenticate_accumulate,0.017252287,0.017252167
5,59,receive_authenticate_accumulate,0.000051518,0.000051463
5,59,receive_authenticate_accumulate,0.017257361,0.017257333
5,59,receive_authenticate_accumulate,0.000049870,0.000049852
5,59,receive_authenticate_accumulate,0.017242324,0.017242018
5,59,receive_authenticate_accumulate,0.000053592,0.000053389
5,59,receive_authenticate_accumulate,0.017254695,0.017254185
5,59,receive_authenticate_accumulate,0.000053389,0.000053370
5,59,reading_commitment_and_shares,0.026193462,0.026194073
5,59,receive_authenticate_accumulate,0.017242121,0.017242222
5,59,receive_authenticate_accumulate,0.000052759,0.000052760
5,59,receive_authenticate_accumulate,0.017248380,0.017248667
5,59,receive_authenticate_accumulate,0.000052185,0.000052130
5,59,receive_authenticate_accumulate,0.017247195,0.017247314
5,59,receive_authenticate_accumulate,0.000051554,0.000051482
5,59,receive_authenticate_accumulate,0.017248195,0.017248222
5,59,receive_authenticate_accumulate,0.000051833,0.000051723
5,59,round_coverage,0.000003611,0.000003056
5,59,spatial_report,0.000039388,0.000039166
5,59,billing_report,0.000424808,0.000424648
6,60,period_reset,0.000024241,0.000022888
6,60,receive_authenticate_accumulate,0.000092147,0.000091907
6,60,receive_authenticate_accumulate,0.000090110,0.000090019
6,60,receive_authenticate_accumulate,0.000125572,0.000125519
6,60,receive_authenticate_accumulate,0.000089702,0.000089019
6,60,receive_authenticate_accumulate,0.000088480,0.000088167
6,60,receive_authenticate_accumulate,0.000091036,0.000090741
6,60,receive_authenticate_accumulate,0.000090554,0.000090019
6,60,receive_authenticate_accumulate,0.000069703,0.000069408
6,60,receive_authenticate_accumulate,0.000071036,0.000070666
6,60,receive_authenticate_accumulate,0.000068369,0.000068204
6,60,receive_authenticate_accumulate,0.000068906,0.000068037
6,60,receive_authenticate_accumulate,0.000067073,0.000066852
6,60,receive_authenticate_accumulate,0.000070147,0.000070092
6,60,receive_authenticate_accumulate,0.000070776,0.000070833
6,60,receive_authenticate_accumulate,0.000067499,0.000067370
6,60,receive_authenticate_accumulate,0.000069018,0.000068871
6,60,randomness_commit,0.000594491,0.000594518
6,60,receive_authenticate_accumulate,0.000067962,0.000067778
6,60,receive_authenticate_accumulate,0.000068350,0.000068278
6,60,receive_authenticate_accumulate,0.000066869,0.000067074
6,60,receive_authenticate_accumulate,0.000069702,0.000069611
6,60,receive_authenticate_accumulate,0.000082777,0.000082797
6,60,receive_authenticate_accumulate,0.000084702,0.000084703
6,60,receive_authenticate_accumulate,0.000082498,0.000082130
6,60,receive_authenticate_accumulate,0.000084369,0.000084445
6,60,receive_authenticate_accumulate,0.000082240,0.000082277
6,60,receive_authenticate_accumulate,0.000082869,0.000082871
6,60,receive_authenticate_accumulate,0.000083387,0.000083371
6,60,receive_authenticate_accumulate,0.000085406,0.000085407
6,60,receive_authenticate_accumulate,0.000084314,0.000084148
6,60,receive_authenticate_accumulate,0.000070091,0.000069907
6,60,receive_authenticate_accumulate,0.000066702,0.000066407
6,60,receive_authenticate_accumulate,0.000066925,0.000066815
6,60,receive_authenticate_accumulate,0.000066517,0.000066222
6,60,receive_authenticate_accumulate,0.000067165,0.000067000
6,60,receive_authenticate_accumulate,0.000066628,0.000066426
6,60,receive_authenticate_accumulate,0.000068888,0.000068759
6,60,randomness_reveal,0.000437031,0.000436704
6,60,receive_authenticate_accumulate,0.000063129,0.000062926
6,60,receive_authenticate_accumulate,0.000067517,0.000067296
6,60,receive_authenticate_accumulate,0.000067777,0.000067519
6,60,receive_authenticate_accumulate,0.000066555,0.000066519
6,60,committee_selection,0.000125813,0.000125426
6,60,round_reset,0.000005815,0.000005111
6,60,receive_authenticate_accumulate,0.017289737,0.017261759
6,60,receive_authenticate_accumulate,0.017241441,0.017241555
6,60,receive_authenticate_accumulate,0.017245237,0.017245222
6,60,receive_authenticate_accumulate,0.017246367,0.017246500
6,60,receive_authenticate_accumulate,0.017253552,0.017253852
6,60,receive_authenticate_accumulate,0.017240553,0.017240592
6,60,receive_authenticate_accumulate,0.017302033,0.017259630
6,60,receive_authenticate_accumulate,0.017260571,0.017260703
6,60,receive_authenticate_accumulate,0.017256700,0.017256889
6,60,receive_authenticate_accumulate,0.017252609,0.017252685
6,60,receive_authenticate_accumulate,0.017252479,0.017252630
6,60,receive_authenticate_accumulate,0.017286367,0.017260705
6,60,receive_authenticate_accumulate,0.017250442,0.017250482
6,60,receive_authenticate_accumulate,0.017241738,0.017241555
6,60,receive_authenticate_accumulate,0.017246164,0.017246129
6,60,receive_authenticate_accumulate,0.017248535,0.017248759
6,60,reading_commitment_and_shares,0.026253917,0.026228723
6,60,receive_authenticate_accumulate,0.017245757,0.017245833
6,60,receive_authenticate_accumulate,0.017271127,0.017271444
6,60,receive_authenticate_accumulate,0.017295424,0.017262241
6,60,receive_authenticate_accumulate,0.017250980,0.017251148
6,60,round_coverage,0.000004444,0.000003685
6,61,round_reset,0.000009074,0.000007556
6,61,receive_authenticate_accumulate,0.017245244,0.017245352
6,61,receive_authenticate_accumulate,0.017242244,0.017242186
6,61,receive_authenticate_accumulate,0.017247095,0.017247259
6,61,receive_authenticate_accumulate,0.017246874,0.017246963
6,61,receive_authenticate_accumulate,0.017239652,0.017239666
6,61,receive_authenticate_accumulate,0.017282058,0.017255074
6,61,receive_authenticate_accumulate,0.017247337,0.017247278
6,61,receive_authenticate_accumulate,0.017244763,0.017244722
6,61,receive_authenticate_accumulate,0.017251318,0.017251463
6,61,receive_authenticate_accumulate,0.017241653,0.017241445
6,61,receive_authenticate_accumulate,0.017250356,0.017250426
6,61,receive_authenticate_accumulate,0.017247948,0.017247871
6,61,receive_authenticate_accumulate,0.017309892,0.017273870
6,61,receive_authenticate_accumulate,0.017249004,0.017249278
6,61,receive_authenticate_accumulate,0.017263893,0.017263981
6,61,receive_authenticate_accumulate,0.017253245,0.017253351
6,61,reading_commitment_and_shares,0.026200539,0.026200630
6,61,receive_authenticate_accumulate,0.017240542,0.017240685
6,61,receive_authenticate_accumulate,0.017243615,0.017243537
6,61,receive_authenticate_accumulate,0.017279078,0.017254279
6,61,receive_authenticate_accumulate,0.017252171,0.017252260
6,61,round_coverage,0.000003981,0.000003333
6,62,round_reset,0.000009555,0.000008000
6,62,receive_authenticate_accumulate,0.017254806,0.017254907
6,62,receive_authenticate_accumulate,0.017304694,0.017265888
6,62,receive_authenticate_accumulate,0.017242861,0.017242907
6,62,receive_authenticate_accumulate,0.017298509,0.017270832
6,62,receive_authenticate_accumulate,0.017249713,0.017249611
6,62,receive_authenticate_accumulate,0.017249676,0.017249852
6,62,receive_authenticate_accumulate,0.017298342,0.017257389
6,62,receive_authenticate_accumulate,0.017257325,0.017257222
6,62,receive_authenticate_accumulate,0.017239473,0.017239574
6,62,receive_authenticate_accumulate,0.017246677,0.017247000
6,62,receive_authenticate_accumulate,0.017250195,0.017250204
6,62,receive_authenticate_accumulate,0.017254455,0.017254259
6,62,receive_authenticate_accumulate,0.017245880,0.017245814
6,62,receive_authenticate_accumulate,0.017249603,0.017249481
6,62,receive_authenticate_accumulate,0.017256325,0.017256130
6,62,receive_authenticate_accumulate,0.017240381,0.017240426
6,62,reading_commitment_and_shares,0.026201399,0.026201592
6,62,receive_authenticate_accumulate,0.017277288,0.017251629
6,62,receive_authenticate_accumulate,0.017250010,0.017250129
6,62,receive_authenticate_accumulate,0.017254622,0.017254629
6,62,receive_authenticate_accumulate,0.017244140,0.017244055
6,62,round_coverage,0.000004148,0.000003352
6,63,round_reset,0.000010018,0.000008037
6,63,receive_authenticate_accumulate,0.017284792,0.017284796
6,63,receive_authenticate_accumulate,0.017250608,0.017250667
6,63,receive_authenticate_accumulate,0.017242515,0.017242407
6,63,receive_authenticate_accumulate,0.017250108,0.017250222
6,63,receive_authenticate_accumulate,0.017252349,0.017252407
6,63,receive_authenticate_accumulate,0.017244460,0.017244555
6,63,receive_authenticate_accumulate,0.017245867,0.017245778
6,63,receive_authenticate_accumulate,0.017275608,0.017248296
6,63,receive_authenticate_accumulate,0.017250386,0.017250333
6,63,receive_authenticate_accumulate,0.017243498,0.017243611
6,63,receive_authenticate_accumulate,0.017242868,0.017243074
6,63,receive_authenticate_accumulate,0.017281404,0.017258815
6,63,receive_authenticate_accumulate,0.017244461,0.017244445
6,63,receive_authenticate_accumulate,0.017240239,0.017240315
6,63,receive_authenticate_accumulate,0.017245775,0.017245611
6,63,receive_authenticate_accumulate,0.017253942,0.017254093
6,63,reading_commitment_and_shares,0.026202002,0.026202241
6,63,receive_authenticate_accumulate,0.017287256,0.017266444
6,63,receive_authenticate_accumulate,0.017242850,0.017242704
6,63,receive_authenticate_accumulate,0.017243090,0.017243092
6,63,receive_authenticate_accumulate,0.017254387,0.017254370
6,63,round_coverage,0.000004259,0.000003463
6,64,round_reset,0.000009370,0.000008259
6,64,receive_authenticate_accumulate,0.017248540,0.017248611
6,64,receive_authenticate_accumulate,0.017246132,0.017246056
6,64,receive_authenticate_accumulate,0.017240910,0.017241055
6,64,receive_authenticate_accumulate,0.017299928,0.017300130
6,64,receive_authenticate_accumulate,0.017248281,0.017248148
6,64,receive_authenticate_accumulate,0.017240614,0.017240722
6,64,receive_authenticate_accumulate,0.017277409,0.017253796
6,64,receive_authenticate_accumulate,0.017249743,0.017249556
6,64,receive_authenticate_accumulate,0.017249892,0.017249981
6,64,receive_authenticate_accumulate,0.017255743,0.017255796
6,64,receive_authenticate_accumulate,0.017247688,0.017247740
6,64,receive_authenticate_accumulate,0.017289169,0.017276759
6,64,receive_authenticate_accumulate,0.017248744,0.017248833
6,64,receive_authenticate_accumulate,0.017256651,0.017256611
6,64,receive_authenticate_accumulate,0.017253355,0.017253426
6,64,receive_authenticate_accumulate,0.017251781,0.017251778
6,64,reading_commitment_and_shares,0.026201862,0.026202204
6,64,receive_authenticate_accumulate,0.017280336,0.017267111
6,64,receive_authenticate_accumulate,0.017253929,0.017253944
6,64,receive_authenticate_accumulate,0.017260595,0.017260592
6,64,receive_authenticate_accumulate,0.017253262,0.017253352
6,64,round_coverage,0.000003833,0.000003185
6,65,round_reset,0.000010093,0.000008648
6,65,receive_authenticate_accumulate,0.017298673,0.017269797
6,65,receive_authenticate_accumulate,0.017254915,0.017254907
6,65,receive_authenticate_accumulate,0.017246489,0.017246611
6,65,receive_authenticate_accumulate,0.017252989,0.017252963
6,65,receive_authenticate_accumulate,0.017241489,0.017241148
6,65,receive_authenticate_accumulate,0.017264655,0.017264777
6,65,receive_authenticate_accumulate,0.017253175,0.017253130
6,65,receive_authenticate_accumulate,0.017302026,0.017274481
6,65,receive_authenticate_accumulate,0.017249230,0.017249259
6,65,receive_authenticate_accumulate,0.017252211,0.017252260
6,65,receive_authenticate_accumulate,0.017245064,0.017244704
6,65,receive_authenticate_accumulate,0.017249453,0.017249352
6,65,receive_authenticate_accumulate,0.028774852,0.028774908
6,65,receive_authenticate_accumulate,0.017249675,0.017249666
6,65,receive_authenticate_accumulate,0.017250119,0.017250203
6,65,receive_authenticate_accumulate,0.017248268,0.017248278
6,65,reading_commitment_and_shares,0.026204258,0.026204537
6,65,receive_authenticate_accumulate,0.017273879,0.017255500
6,65,receive_authenticate_accumulate,0.017243416,0.017243370
6,65,receive_authenticate_accumulate,0.017251379,0.017251352
6,65,receive_authenticate_accumulate,0.017244749,0.017244777
6,65,round_coverage,0.000004055,0.000003352
6,66,round_reset,0.000009000,0.000007556
6,66,receive_authenticate_accumulate,0.017250179,0.017250148
6,66,receive_authenticate_accumulate,0.017252067,0.017252092
6,66,receive_authenticate_accumulate,0.017249031,0.017248981
6,66,receive_authenticate_accumulate,0.017243531,0.017243333
6,66,receive_authenticate_accumulate,0.017242661,0.017242611
6,66,receive_authenticate_accumulate,0.017250901,0.017251055
6,66,receive_authenticate_accumulate,0.017304216,0.017268611
6,66,receive_authenticate_accumulate,0.017245717,0.017245425
6,66,receive_authenticate_accumulate,0.017251791,0.017251593
6,66,receive_authenticate_accumulate,0.017250384,0.017250278
6,66,receive_authenticate_accumulate,0.017254939,0.017255037
6,66,receive_authenticate_accumulate,0.017248735,0.017248740
6,66,receive_authenticate_accumulate,0.025666216,0.025635814
6,66,receive_authenticate_accumulate,0.017255199,0.017255241
6,66,receive_authenticate_accumulate,0.017297550,0.017270427
6,66,receive_authenticate_accumulate,0.017246865,0.017246870
6,66,reading_commitment_and_shares,0.026192043,0.026192092
6,66,receive_authenticate_accumulate,0.017252680,0.017252500
6,66,receive_authenticate_accumulate,0.017235143,0.017235092
6,66,receive_authenticate_accumulate,0.017253346,0.017253315
6,66,receive_authenticate_accumulate,0.017281699,0.017281834
6,66,round_coverage,0.000004167,0.000003555
6,67,round_reset,0.000010204,0.000008778
6,67,receive_authenticate_accumulate,0.017244424,0.017244685
6,67,receive_authenticate_accumulate,0.017253202,0.017252981
6,67,receive_authenticate_accumulate,0.017292553,0.017265889
6,67,receive_authenticate_accumulate,0.017277924,0.017265833
6,67,receive_authenticate_accumulate,0.017251480,0.017251445
6,67,receive_authenticate_accumulate,0.017244018,0.017244111
6,67,receive_authenticate_accumulate,0.017250425,0.017250462
6,67,receive_authenticate_accumulate,0.017243740,0.017243833
6,67,receive_authenticate_accumulate,0.017242461,0.017242445
6,67,receive_authenticate_accumulate,0.017244166,0.017244223
6,67,receive_authenticate_accumulate,0.017250202,0.017250185
6,67,receive_authenticate_accumulate,0.017252906,0.017252889
6,67,receive_authenticate_accumulate,0.026030552,0.025993777
6,67,receive_authenticate_accumulate,0.017251758,0.017251723
6,67,receive_authenticate_accumulate,0.017287961,0.017259408
6,67,receive_authenticate_accumulate,0.017303702,0.017263038
6,67,reading_commitment_and_shares,0.026203921,0.026203889
6,67,receive_authenticate_accumulate,0.017242851,0.017242740
6,67,receive_authenticate_accumulate,0.017249537,0.017249055
6,67,receive_authenticate_accumulate,0.017237852,0.017237667
6,67,receive_authenticate_accumulate,0.017238444,0.017238222
6,67,round_coverage,0.000004185,0.000003389
6,68,round_reset,0.000010129,0.000008888
6,68,receive_authenticate_accumulate,0.017257040,0.017257037
6,68,receive_authenticate_accumulate,0.017241170,0.017241056
6,68,receive_authenticate_accumulate,0.017255021,0.017254982
6,68,receive_authenticate_accumulate,0.017245651,0.017245722
6,68,receive_authenticate_accumulate,0.017258411,0.017258370
6,68,receive_authenticate_accumulate,0.017243651,0.017243722
6,68,receive_authenticate_accumulate,0.017258262,0.017258037
6,68,receive_authenticate_accumulate,0.017305410,0.017264222
6,68,receive_authenticate_accumulate,0.017242485,0.017242537
6,68,receive_authenticate_accumulate,0.017242948,0.017243093
6,68,receive_authenticate_accumulate,0.017256874,0.017256815
6,68,receive_authenticate_accumulate,0.017242207,0.017242278
6,68,receive_authenticate_accumulate,0.017243170,0.017243018
6,68,receive_authenticate_accumulate,0.017290318,0.017265315
6,68,receive_authenticate_accumulate,0.017248004,0.017248037
6,68,receive_authenticate_accumulate,0.017309521,0.017309704
6,68,reading_commitment_and_shares,0.026228298,0.026228630
6,68,receive_authenticate_accumulate,0.017248355,0.017248426
6,68,receive_authenticate_accumulate,0.017283799,0.017267482
6,68,receive_authenticate_accumulate,0.017252300,0.017252222
6,68,receive_authenticate_accumulate,0.017256300,0.017256333
6,68,round_coverage,0.000004130,0.000003278
6,69,round_reset,0.000009389,0.000007926
6,69,receive_authenticate_accumulate,0.017252025,0.017252129
6,69,receive_authenticate_accumulate,0.017251340,0.017251352
6,69,receive_authenticate_accumulate,0.017251747,0.017251703
6,69,receive_authenticate_accumulate,0.017241637,0.017241444
6,69,receive_authenticate_accumulate,0.017246156,0.017246185
6,69,receive_authenticate_accumulate,0.017287285,0.017261073
6,69,receive_authenticate_accumulate,0.017241729,0.017241555
6,69,receive_authenticate_accumulate,0.017241822,0.017241815
6,69,receive_authenticate_accumulate,0.017244489,0.017244482
6,69,receive_authenticate_accumulate,0.017249562,0.017249537
6,69,receive_authenticate_accumulate,0.017250563,0.017250704
6,69,receive_authenticate_accumulate,0.017243063,0.017243167
6,69,receive_authenticate_accumulate,0.017240914,0.017240963
6,69,receive_authenticate_accumulate,0.017250656,0.017250833
6,69,receive_authenticate_accumulate,0.017245452,0.017245260
6,69,receive_authenticate_accumulate,0.017241304,0.017241370
6,69,reading_commitment_and_shares,0.026189748,0.026189814
6,69,receive_authenticate_accumulate,0.017243193,0.017243037
6,69,receive_authenticate_accumulate,0.017288322,0.017260462
6,69,receive_authenticate_accumulate,0.017285897,0.017285815
6,69,receive_authenticate_accumulate,0.017246379,0.017246203
6,69,round_coverage,0.000004334,0.000003445
7,70,period_reset,0.000026462,0.000024000
7,70,receive_authenticate_accumulate,0.000094777,0.000094148
7,70,receive_authenticate_accumulate,0.000092054,0.000091815
7,70,receive_authenticate_accumulate,0.000091851,0.000091741
7,70,receive_authenticate_accumulate,0.000092314,0.000092000
7,70,receive_authenticate_accumulate,0.000091054,0.000090870
7,70,receive_authenticate_accumulate,0.000091443,0.000091685
7,70,receive_authenticate_accumulate,0.000089665,0.000088518
7,70,receive_authenticate_accumulate,0.000069536,0.000069370
7,70,receive_authenticate_accumulate,0.000062296,0.000062055
7,70,receive_authenticate_accumulate,0.000060999,0.000060759
7,70,receive_authenticate_accumulate,0.000062055,0.000061833
7,70,receive_authenticate_accumulate,0.000062055,0.000061778
7,70,receive_authenticate_accumulate,0.000062814,0.000062796
7,70,receive_authenticate_accumulate,0.000062629,0.000062463
7,70,receive_authenticate_accumulate,0.000063333,0.000063130
7,70,receive_authenticate_accumulate,0.000060555,0.000060370
7,70,randomness_commit,0.000541679,0.000541500
7,70,receive_authenticate_accumulate,0.000061018,0.000060759
7,70,receive_authenticate_accumulate,0.000060777,0.000060518
7,70,receive_authenticate_accumulate,0.000060759,0.000060481
7,70,receive_authenticate_accumulate,0.000063221,0.000063148
7,70,receive_authenticate_accumulate,0.000075591,0.000075482
7,70,receive_authenticate_accumulate,0.000073147,0.000073111
7,70,receive_authenticate_accumulate,0.000074665,0.000074611
7,70,receive_authenticate_accumulate,0.000081648,0.000081296
7,70,receive_authenticate_accumulate,0.000073314,0.000073129
7,70,receive_authenticate_accumulate,0.000074110,0.000073537
7,70,receive_authenticate_accumulate,0.000074110,0.000074019
7,70,receive_authenticate_accumulate,0.000074295,0.000073982
7,70,receive_authenticate_accumulate,0.000074407,0.000074111
7,70,receive_authenticate_accumulate,0.000074703,0.000074500
7,70,receive_authenticate_accumulate,0.000074462,0.000074352
7,70,receive_authenticate_accumulate,0.000073758,0.000073519
7,70,receive_authenticate_accumulate,0.000048555,0.000048278
7,70,receive_authenticate_accumulate,0.000046314,0.000046111
7,70,receive_authenticate_accumulate,0.000048943,0.000048278
7,70,receive_authenticate_accumulate,0.000048814,0.000048537
7,70,randomness_reveal,0.000287996,0.000288019
7,70,receive_authenticate_accumulate,0.000045795,0.000045592
7,70,receive_authenticate_accumulate,0.000048647,0.000048481
7,70,receive_authenticate_accumulate,0.000047370,0.000047130
7,70,receive_authenticate_accumulate,0.000045110,0.000044889
7,70,committee_selection,0.000085999,0.000085833
7,70,round_reset,0.000003870,0.000003445
7,70,receive_authenticate_accumulate,0.017298195,0.017271814
7,70,receive_authenticate_accumulate,0.017257695,0.017257667
7,70,receive_authenticate_accumulate,0.017252436,0.017252593
7,70,receive_authenticate_accumulate,0.017313714,0.017266890
7,70,receive_authenticate_accumulate,0.017255752,0.017255685
7,70,receive_authenticate_accumulate,0.017257900,0.017258019
7,70,receive_authenticate_accumulate,0.017240511,0.017240481
7,70,receive_authenticate_accumulate,0.017247048,0.017247037
7,70,receive_authenticate_accumulate,0.017249270,0.017249334
7,70,receive_authenticate_accumulate,0.017255029,0.017254963
7,70,receive_authenticate_accumulate,0.017251271,0.017251241
7,70,receive_authenticate_accumulate,0.017240493,0.017240537
7,70,receive_authenticate_accumulate,0.017244826,0.017244796
7,70,receive_authenticate_accumulate,0.017248234,0.017248241
7,70,receive_authenticate_accumulate,0.017249197,0.017249240
7,70,receive_authenticate_accumulate,0.017254382,0.017254389
7,70,reading_commitment_and_shares,0.026242624,0.026242500
7,70,receive_authenticate_accumulate,0.017242586,0.017242611
7,70,receive_authenticate_accumulate,0.017248845,0.017248944
7,70,receive_authenticate_accumulate,0.017241975,0.017241834
7,70,receive_authenticate_accumulate,0.017247919,0.017247963
7,70,round_coverage,0.000003574,0.000003093
7,71,round_reset,0.000009111,0.000007704
7,71,receive_authenticate_accumulate,0.017251589,0.017251649
7,71,receive_authenticate_accumulate,0.017249904,0.017249945
7,71,receive_authenticate_accumulate,0.017250292,0.017250315
7,71,receive_authenticate_accumulate,0.017242348,0.017242370
7,71,receive_authenticate_accumulate,0.017241681,0.017241723
7,71,receive_authenticate_accumulate,0.017245829,0.017245871
7,71,receive_authenticate_accumulate,0.017258366,0.017258296
7,71,receive_authenticate_accumulate,0.017240589,0.017240722
7,71,receive_authenticate_accumulate,0.017247552,0.017247629
7,71,receive_authenticate_accumulate,0.017242960,0.017243000
7,71,receive_authenticate_accumulate,0.017299273,0.017271982
7,71,receive_authenticate_accumulate,0.017237885,0.017237796
7,71,receive_authenticate_accumulate,0.017247589,0.017247519
7,71,receive_authenticate_accumulate,0.017244756,0.017244611
7,71,receive_authenticate_accumulate,0.017288940,0.017265519
7,71,receive_authenticate_accumulate,0.017238386,0.017238426
7,71,reading_commitment_and_shares,0.026239203,0.026210223
7,71,receive_authenticate_accumulate,0.017251811,0.017251834
7,71,receive_authenticate_accumulate,0.017245423,0.017245425
7,71,receive_authenticate_accumulate,0.017251497,0.017251445
7,71,receive_authenticate_accumulate,0.017240960,0.017241092
7,71,round_coverage,0.000004074,0.000003352
7,72,round_reset,0.000009222,0.000007796
7,72,receive_authenticate_accumulate,0.017281184,0.017255722
7,72,receive_authenticate_accumulate,0.017253500,0.017253630
7,72,receive_authenticate_accumulate,0.017231352,0.017231278
7,72,receive_authenticate_accumulate,0.017247685,0.017247759
7,72,receive_authenticate_accumulate,0.017241129,0.017241074
7,72,receive_authenticate_accumulate,0.017248573,0.017248278
7,72,receive_authenticate_accumulate,0.017248852,0.017248666
7,72,receive_authenticate_accumulate,0.017243259,0.017243204
7,72,receive_authenticate_accumulate,0.017275295,0.017258129
7,72,receive_authenticate_accumulate,0.017256351,0.017256371
7,72,receive_authenticate_accumulate,0.017243610,0.017243592
7,72,receive_authenticate_accumulate,0.017244759,0.017244445
7,72,receive_authenticate_accumulate,0.017242481,0.017242482
7,72,receive_authenticate_accumulate,0.017297074,0.017273278
7,72,receive_authenticate_accumulate,0.017248093,0.017248037
7,72,receive_authenticate_accumulate,0.017250667,0.017250704
7,72,reading_commitment_and_shares,0.026196580,0.026197037
7,72,receive_authenticate_accumulate,0.017239815,0.017239741
7,72,receive_authenticate_accumulate,0.017240871,0.017240852
7,72,receive_authenticate_accumulate,0.017274093,0.017253371
7,72,receive_authenticate_accumulate,0.017245556,0.017245611
7,72,round_coverage,0.000004352,0.000003611
7,73,round_reset,0.000009259,0.000007259
7,73,receive_authenticate_accumulate,0.017252410,0.017252389
7,73,receive_authenticate_accumulate,0.017280410,0.017256000
7,73,receive_authenticate_accumulate,0.017243225,0.017243315
7,73,receive_authenticate_accumulate,0.017249280,0.017249296
7,73,receive_authenticate_accumulate,0.017251225,0.017250981
7,73,receive_authenticate_accumulate,0.017248021,0.017247833
7,73,receive_authenticate_accumulate,0.017251410,0.017250981
7,73,receive_authenticate_accumulate,0.017246503,0.017246518
7,73,receive_authenticate_accumulate,0.017244632,0.017244741
7,73,receive_authenticate_accumulate,0.017252058,0.017252093
7,73,receive_authenticate_accumulate,0.017241744,0.017241833
7,73,receive_authenticate_accumulate,0.017252577,0.017252592
7,73,receive_authenticate_accumulate,0.017256892,0.017256834
7,73,receive_authenticate_accumulate,0.017238688,0.017238278
7,73,receive_authenticate_accumulate,0.017239966,0.017239926
7,73,receive_authenticate_accumulate,0.017273688,0.017251722
7,73,reading_commitment_and_shares,0.026201733,0.026201851
7,73,receive_authenticate_accumulate,0.017298428,0.017298370
7,73,receive_authenticate_accumulate,0.017250688,0.017250703
7,73,receive_authenticate_accumulate,0.017270651,0.017251259
7,73,receive_authenticate_accumulate,0.017251818,0.017251778
7,73,round_coverage,0.000004407,0.000003519
7,74,round_reset,0.000010148,0.000008148
7,74,receive_authenticate_accumulate,0.017301968,0.017276111
7,74,receive_authenticate_accumulate,0.017242506,0.017242389
7,74,receive_authenticate_accumulate,0.017250339,0.017250223
7,74,receive_authenticate_accumulate,0.017239395,0.017239240
7,74,receive_authenticate_accumulate,0.017242191,0.017241723
7,74,receive_authenticate_accumulate,0.017244080,0.017244056
7,74,receive_authenticate_accumulate,0.017273654,0.017273722
7,74,receive_authenticate_accumulate,0.017250024,0.017250037
7,74,receive_authenticate_accumulate,0.017310116,0.017271852
7,74,receive_authenticate_accumulate,0.017248191,0.017248204
7,74,receive_authenticate_accumulate,0.017248544,0.017248630
7,74,receive_authenticate_accumulate,0.017253358,0.017253259
7,74,receive_authenticate_accumulate,0.017245635,0.017245797
7,74,receive_authenticate_accumulate,0.017260599,0.017260667
7,74,receive_authenticate_accumulate,0.017280228,0.017251445
7,74,receive_authenticate_accumulate,0.017242691,0.017242704
7,74,reading_commitment_and_shares,0.026204163,0.026204111
7,74,receive_authenticate_accumulate,0.017245765,0.017245759
7,74,receive_authenticate_accumulate,0.017259581,0.017259630
7,74,receive_authenticate_accumulate,0.017291932,0.017262222
7,74,receive_authenticate_accumulate,0.017242525,0.017242611
7,74,round_coverage,0.000004074,0.000003278
7,75,round_reset,0.000010241,0.000007981
7,75,receive_authenticate_accumulate,0.017291712,0.017266889
7,75,receive_authenticate_accumulate,0.017256583,0.017256593
7,75,receive_authenticate_accumulate,0.017247213,0.017247259
7,75,receive_authenticate_accumulate,0.017256305,0.017256148
7,75,receive_authenticate_accumulate,0.017249842,0.017249722
7,75,receive_authenticate_accumulate,0.017288786,0.017261870
7,75,receive_authenticate_accumulate,0.017245008,0.017244944
7,75,receive_authenticate_accumulate,0.017240620,0.017240537
7,75,receive_authenticate_accumulate,0.017273156,0.017273129
7,75,receive_authenticate_accumulate,0.017251435,0.017251296
7,75,receive_authenticate_accumulate,0.017251379,0.017251370
7,75,receive_authenticate_accumulate,0.017239620,0.017239648
7,75,receive_authenticate_accumulate,0.017257527,0.017257389
7,75,receive_authenticate_accumulate,0.017243157,0.017243203
7,75,receive_authenticate_accumulate,0.017251453,0.017251278
7,75,receive_authenticate_accumulate,0.017246713,0.017246759
7,75,reading_commitment_and_shares,0.026243834,0.026221445
7,75,receive_authenticate_accumulate,0.017241676,0.017241611
7,75,receive_authenticate_accumulate,0.017244324,0.017244222
7,75,receive_authenticate_accumulate,0.017316249,0.017292612
7,75,receive_authenticate_accumulate,0.017245898,0.017245870
7,75,round_coverage,0.000003723,0.000003055
7,76,round_reset,0.000010278,0.000009018
7,76,receive_authenticate_accumulate,0.017281529,0.017252871
7,76,receive_authenticate_accumulate,0.017238400,0.017238093
7,76,receive_authenticate_accumulate,0.017243623,0.017243648
7,76,receive_authenticate_accumulate,0.017249808,0.017249963
7,76,receive_authenticate_accumulate,0.017283863,0.017258741
7,76,receive_authenticate_accumulate,0.017299010,0.017256740
7,76,receive_authenticate_accumulate,0.017240789,0.017240555
7,76,receive_authenticate_accumulate,0.017248715,0.017248723
7,76,receive_authenticate_accumulate,0.017241011,0.017240963
7,76,receive_authenticate_accumulate,0.017242623,0.017242518
7,76,receive_authenticate_accumulate,0.017271696,0.017252871
7,76,receive_authenticate_accumulate,0.017293011,0.017292833
7,76,receive_authenticate_accumulate,0.017247086,0.017247074
7,76,receive_authenticate_accumulate,0.017248938,0.017248833
7,76,receive_authenticate_accumulate,0.017241419,0.017241463
7,76,receive_authenticate_accumulate,0.017244882,0.017244889
7,76,reading_commitment_and_shares,0.026272522,0.026232629
7,76,receive_authenticate_accumulate,0.017239345,0.017239166
7,76,receive_authenticate_accumulate,0.017318271,0.017282444
7,76,receive_authenticate_accumulate,0.017248401,0.017248481
7,76,receive_authenticate_accumulate,0.017239327,0.017239334
7,76,round_coverage,0.000004111,0.000003426
7,77,round_reset,0.000010186,0.000008648
7,77,receive_authenticate_accumulate,0.017250569,0.017250704
7,77,receive_authenticate_accumulate,0.017265476,0.017265370
7,77,receive_authenticate_accumulate,0.017240459,0.017240278
7,77,receive_authenticate_accumulate,0.017260292,0.017260407
7,77,receive_authenticate_accumulate,0.017261273,0.017261297
7,77,receive_authenticate_accumulate,0.017268088,0.017251963
7,77,receive_authenticate_accumulate,0.017243496,0.017243388
7,77,receive_authenticate_accumulate,0.017279458,0.017253908
7,77,receive_authenticate_accumulate,0.017246125,0.017245852
7,77,receive_authenticate_accumulate,0.017241069,0.017241055
7,77,receive_authenticate_accumulate,0.017243884,0.017243760
7,77,receive_authenticate_accumulate,0.017257736,0.017257741
7,77,receive_authenticate_accumulate,0.017340199,0.017290205
7,77,receive_authenticate_accumulate,0.017246681,0.017246759
7,77,receive_authenticate_accumulate,0.017310995,0.017311333
7,77,receive_authenticate_accumulate,0.017247329,0.017247426
7,77,reading_commitment_and_shares,0.026254842,0.026231129
7,77,receive_authenticate_accumulate,0.017250589,0.017250611
7,77,receive_authenticate_accumulate,0.017247310,0.017247426
7,77,receive_authenticate_accumulate,0.017244273,0.017244278
7,77,receive_authenticate_accumulate,0.017311829,0.017272610
7,77,round_coverage,0.000003963,0.000003315
7,78,round_reset,0.000010223,0.000008926
7,78,receive_authenticate_accumulate,0.017253109,0.017253111
7,78,receive_authenticate_accumulate,0.017241924,0.017241962
7,78,receive_authenticate_accumulate,0.017246609,0.017246481
7,78,receive_authenticate_accumulate,0.017251424,0.017251241
7,78,receive_authenticate_accumulate,0.017239035,0.017239037
7,78,receive_authenticate_accumulate,0.017245405,0.017245296
7,78,receive_authenticate_accumulate,0.017248442,0.017248463
7,78,receive_authenticate_accumulate,0.017242664,0.017242666
7,78,receive_authenticate_accumulate,0.017243665,0.017243667
7,78,receive_authenticate_accumulate,0.017248295,0.017248296
7,78,receive_authenticate_accumulate,0.017253146,0.017253037
7,78,receive_authenticate_accumulate,0.017284868,0.017261611
7,78,receive_authenticate_accumulate,0.017251220,0.017251296
7,78,receive_authenticate_accumulate,0.017255831,0.017255871
7,78,receive_authenticate_accumulate,0.017245239,0.017245203
7,78,receive_authenticate_accumulate,0.017245683,0.017245704
7,78,reading_commitment_and_shares,0.026201975,0.026202000
7,78,receive_authenticate_accumulate,0.017280202,0.017258666
7,78,receive_authenticate_accumulate,0.017269368,0.017269352
7,78,receive_authenticate_accumulate,0.017253536,0.017253574
7,78,receive_authenticate_accumulate,0.017237350,0.017237185
7,78,round_coverage,0.000004037,0.000003408
7,79,round_reset,0.000009667,0.000008426
7,79,receive_authenticate_accumulate,0.017292185,0.017266167
7,79,receive_authenticate_accumulate,0.017247277,0.017247056
7,79,receive_authenticate_accumulate,0.017244019,0.017243963
7,79,receive_authenticate_accumulate,0.017248037,0.017248074
7,79,receive_authenticate_accumulate,0.017245685,0.017245519
7,79,receive_authenticate_accumulate,0.017239352,0.017239185
7,79,receive_authenticate_accumulate,0.017244630,0.017244666
7,79,receive_authenticate_accumulate,0.017258907,0.017258870
7,79,receive_authenticate_accumulate,0.017246778,0.017246814
7,79,receive_authenticate_accumulate,0.017250518,0.017250500
7,79,receive_authenticate_accumulate,0.017249537,0.017249537
7,79,receive_authenticate_accumulate,0.017300352,0.017270611
7,79,receive_authenticate_accumulate,0.017242964,0.017242889
7,79,receive_authenticate_accumulate,0.017287130,0.017260038
7,79,receive_authenticate_accumulate,0.017258704,0.017258629
7,79,receive_authenticate_accumulate,0.017283833,0.017267241
7,79,reading_commitment_and_shares,0.026193053,0.026193222
7,79,receive_authenticate_accumulate,0.017241259,0.017241204
7,79,receive_authenticate_accumulate,0.017253870,0.017253889
7,79,receive_authenticate_accumulate,0.017256963,0.017256778
7,79,receive_authenticate_accumulate,0.017260279,0.017259926
7,79,round_coverage,0.000004352,0.000003685
8,80,period_reset,0.000025814,0.000024240
8,80,receive_authenticate_accumulate,0.000093462,0.000092982
8,80,receive_authenticate_accumulate,0.000091554,0.000091334
8,80,receive_authenticate_accumulate,0.000091388,0.000090852
8,80,receive_authenticate_accumulate,0.000091721,0.000091741
8,80,receive_authenticate_accumulate,0.000090851,0.000090666
8,80,receive_authenticate_accumulate,0.000093832,0.000093630
8,80,receive_authenticate_accumulate,0.000090591,0.000089777
8,80,receive_authenticate_accumulate,0.000090795,0.000090463
8,80,receive_authenticate_accumulate,0.000087869,0.000087667
8,80,receive_authenticate_accumulate,0.000089795,0.000089537
8,80,receive_authenticate_accumulate,0.000091259,0.000091093
8,80,receive_authenticate_accumulate,0.000088611,0.000088333
8,80,receive_authenticate_accumulate,0.000088073,0.000087870
8,80,receive_authenticate_accumulate,0.000089554,0.000089167
8,80,receive_authenticate_accumulate,0.000089480,0.000089203
8,80,receive_authenticate_accumulate,0.000089277,0.000089130
8,80,randomness_commit,0.000852028,0.000851815
8,80,receive_authenticate_accumulate,0.000039315,0.000039167
8,80,receive_authenticate_accumulate,0.000040759,0.000040500
8,80,receive_authenticate_accumulate,0.000039721,0.000039574
8,80,receive_authenticate_accumulate,0.000038129,0.000037944
8,80,receive_authenticate_accumulate,0.000048944,0.000048871
8,80,receive_authenticate_accumulate,0.000062129,0.000061926
8,80,receive_authenticate_accumulate,0.000047944,0.000047703
8,80,receive_authenticate_accumulate,0.000048481,0.000048185
8,80,receive_authenticate_accumulate,0.000045944,0.000045741
8,80,receive_authenticate_accumulate,0.000048685,0.000048518
8,80,receive_authenticate_accumulate,0.000047759,0.000047574
8,80,receive_authenticate_accumulate,0.000044648,0.000044389
8,80,receive_authenticate_accumulate,0.000048092,0.000047778
8,80,receive_authenticate_accumulate,0.000048129,0.000047889
8,80,receive_authenticate_accumulate,0.000045129,0.000044926
8,80,receive_authenticate_accumulate,0.000047721,0.000047463
8,80,receive_authenticate_accumulate,0.000047926,0.000047722
8,80,receive_authenticate_accumulate,0.000045851,0.000045611
8,80,receive_authenticate_accumulate,0.000048370,0.000048093
8,80,receive_authenticate_accumulate,0.000047629,0.000047093
8,80,randomness_reveal,0.000298312,0.000298092
8,80,receive_authenticate_accumulate,0.000044536,0.000044389
8,80,receive_authenticate_accumulate,0.000047758,0.000047481
8,80,receive_authenticate_accumulate,0.000045277,0.000045074
8,80,receive_authenticate_accumulate,0.000047906,0.000047740
8,80,committee_selection,0.000086443,0.000086259
8,80,round_reset,0.000004148,0.000003740
8,80,receive_authenticate_accumulate,0.017250539,0.017250222
8,80,receive_authenticate_accumulate,0.000053222,0.000053000
8,80,receive_authenticate_accumulate,0.017246224,0.017246222
8,80,receive_authenticate_accumulate,0.000052666,0.000052518
8,80,receive_authenticate_accumulate,0.017243262,0.017243277
8,80,receive_authenticate_accumulate,0.000052574,0.000052463
8,80,receive_authenticate_accumulate,0.017239557,0.017239296
8,80,receive_authenticate_accumulate,0.000053777,0.000053500
8,80,receive_authenticate_accumulate,0.017312353,0.017280814
8,80,receive_authenticate_accumulate,0.000053814,0.000053759
8,80,receive_authenticate_accumulate,0.017248113,0.017248000
8,80,receive_authenticate_accumulate,0.000051944,0.000051796
8,80,receive_authenticate_accumulate,0.017277409,0.017253444
8,80,receive_authenticate_accumulate,0.000052370,0.000052130
8,80,receive_authenticate_accumulate,0.017240539,0.017240463
8,80,receive_authenticate_accumulate,0.000053500,0.000053296
8,80,receive_authenticate_accumulate,0.017253798,0.017253686
8,80,receive_authenticate_accumulate,0.000053481,0.000053111
8,80,receive_authenticate_accumulate,0.017261836,0.017261574
8,80,receive_authenticate_accumulate,0.000054926,0.000054555
8,80,receive_authenticate_accumulate,0.017239392,0.017239296
8,80,receive_authenticate_accumulate,0.000069296,0.000069111
8,80,receive_authenticate_accumulate,0.017237207,0.017237277
8,80,receive_authenticate_accumulate,0.000053555,0.000053223
8,80,receive_authenticate_accumulate,0.017241651,0.017241722
8,80,receive_authenticate_accumulate,0.000053092,0.000052537
8,80,receive_authenticate_accumulate,0.017241799,0.017241889
8,80,receive_authenticate_accumulate,0.000053037,0.000052759
8,80,receive_authenticate_accumulate,0.017255003,0.017255000
8,80,receive_authenticate_accumulate,0.000053851,0.000053667
8,80,receive_authenticate_accumulate,0.017241539,0.017241315
8,80,receive_authenticate_accumulate,0.000052963,0.000052889
8,80,reading_commitment_and_shares,0.026187575,0.026188056
8,80,receive_authenticate_accumulate,0.017246317,0.017246185
8,80,receive_authenticate_accumulate,0.000053147,0.000053000
8,80,receive_authenticate_accumulate,0.017246336,0.017246296
8,80,receive_authenticate_accumulate,0.000054166,0.000054000
8,80,receive_authenticate_accumulate,0.017247799,0.017247630
8,80,receive_authenticate_accumulate,0.000053518,0.000053371
8,80,receive_authenticate_accumulate,0.017284391,0.017260815
8,80,receive_authenticate_accumulate,0.000054295,0.000054240
8,80,round_coverage,0.000003574,0.000003148
8,80,spatial_report,0.000039407,0.000039166
8,81,round_reset,0.000010629,0.000008870
8,81,receive_authenticate_accumulate,0.017267226,0.017267185
8,81,receive_authenticate_accumulate,0.000055036,0.000054963
8,81,receive_authenticate_accumulate,0.017251338,0.017251352
8,81,receive_authenticate_accumulate,0.000055777,0.000055778
8,81,receive_authenticate_accumulate,0.017292578,0.017265092
8,81,receive_authenticate_accumulate,0.000053240,0.000053278
8,81,receive_authenticate_accumulate,0.017253726,0.017253611
8,81,receive_authenticate_accumulate,0.000055110,0.000055037
8,81,receive_authenticate_accumulate,0.017252523,0.017252462
8,81,receive_authenticate_accumulate,0.000053666,0.000053667
8,81,receive_authenticate_accumulate,0.017246597,0.017246518
8,81,receive_authenticate_accumulate,0.000054721,0.000054685
8,81,receive_authenticate_accumulate,0.017247060,0.017247204
8,81,receive_authenticate_accumulate,0.000054962,0.000054667
8,81,receive_authenticate_accumulate,0.017245967,0.017245833
8,81,receive_authenticate_accumulate,0.000053000,0.000052851
8,81,receive_authenticate_accumulate,0.017259412,0.017259259
8,81,receive_authenticate_accumulate,0.000052926,0.000052925
8,81,receive_authenticate_accumulate,0.017246226,0.017246148
8,81,receive_authenticate_accumulate,0.000053388,0.000053260
8,81,receive_authenticate_accumulate,0.017254763,0.017254500
8,81,receive_authenticate_accumulate,0.000051500,0.000051370
8,81,receive_authenticate_accumulate,0.017255893,0.017255907
8,81,receive_authenticate_accumulate,0.000053536,0.000053408
8,81,receive_authenticate_accumulate,0.017267726,0.017253611
8,81,receive_authenticate_accumulate,0.000054944,0.000054908
8,81,receive_authenticate_accumulate,0.017291300,0.017264389
8,81,receive_authenticate_accumulate,0.000054166,0.000053889
8,81,receive_authenticate_accumulate,0.017253042,0.017253093
8,81,receive_authenticate_accumulate,0.000052740,0.000052648
8,81,receive_authenticate_accumulate,0.017295504,0.017271630
8,81,receive_authenticate_accumulate,0.000054592,0.000054555
8,81,reading_commitment_and_shares,0.026196041,0.026196519
8,81,receive_authenticate_accumulate,0.017242598,0.017242611
8,81,receive_authenticate_accumulate,0.000054518,0.000054463
8,81,receive_authenticate_accumulate,0.017249597,0.017249425
8,81,receive_authenticate_accumulate,0.000053351,0.000053111
8,81,receive_authenticate_accumulate,0.017242672,0.017242555
8,81,receive_authenticate_accumulate,0.000053796,0.000053741
8,81,receive_authenticate_accumulate,0.017243968,0.017243926
8,81,receive_authenticate_accumulate,0.000052907,0.000052834
8,81,round_coverage,0.000003444,0.000002722
8,81,spatial_report,0.000039592,0.000039370
8,82,round_reset,0.000009185,0.000007814
8,82,receive_authenticate_accumulate,0.017277394,0.017276982
8,82,receive_authenticate_accumulate,0.000055647,0.000055463
8,82,receive_authenticate_accumulate,0.017259988,0.017259741
8,82,receive_authenticate_accumulate,0.000054092,0.000054000
8,82,receive_authenticate_accumulate,0.017247858,0.017247834
8,82,receive_authenticate_accumulate,0.000053259,0.000053148
8,82,receive_authenticate_accumulate,0.017251525,0.017251351
8,82,receive_authenticate_accumulate,0.000053648,0.000053537
8,82,receive_authenticate_accumulate,0.017290413,0.017260815
8,82,receive_authenticate_accumulate,0.000053925,0.000053834
8,82,receive_authenticate_accumulate,0.017257450,0.017257259
8,82,receive_authenticate_accumulate,0.000055536,0.000055556
8,82,receive_authenticate_accumulate,0.017251617,0.017251333
8,82,receive_authenticate_accumulate,0.000054480,0.000054278
8,82,receive_authenticate_accumulate,0.017307543,0.017265407
8,82,receive_authenticate_accumulate,0.000054073,0.000053815
8,82,receive_authenticate_accumulate,0.017265080,0.017264982
8,82,receive_authenticate_accumulate,0.000053074,0.000052907
8,82,receive_authenticate_accumulate,0.017280562,0.017280630
8,82,receive_authenticate_accumulate,0.000052259,0.000052093
8,82,receive_authenticate_accumulate,0.017250136,0.017250056
8,82,receive_authenticate_accumulate,0.000052666,0.000052630
8,82,receive_authenticate_accumulate,0.017255135,0.017255093
8,82,receive_authenticate_accumulate,0.000051888,0.000051703
8,82,receive_authenticate_accumulate,0.017247062,0.017246907
8,82,receive_authenticate_accumulate,0.000052684,0.000052407
8,82,receive_authenticate_accumulate,0.017258247,0.017258241
8,82,receive_authenticate_accumulate,0.000052499,0.000052426
8,82,receive_authenticate_accumulate,0.017259692,0.017259519
8,82,receive_authenticate_accumulate,0.000054222,0.000053889
8,82,receive_authenticate_accumulate,0.017302913,0.017274000
8,82,receive_authenticate_accumulate,0.000054055,0.000054018
8,82,reading_commitment_and_shares,0.026190044,0.026190445
8,82,receive_authenticate_accumulate,0.017253544,0.017253426
8,82,receive_authenticate_accumulate,0.000053777,0.000053741
8,82,receive_authenticate_accumulate,0.017245951,0.017245926
8,82,receive_authenticate_accumulate,0.000053333,0.000053093
8,82,receive_authenticate_accumulate,0.017291284,0.017265889
8,82,receive_authenticate_accumulate,0.000053759,0.000053463
8,82,receive_authenticate_accumulate,0.017252581,0.017252537
8,82,receive_authenticate_accumulate,0.000052796,0.000052851
8,82,round_coverage,0.000003537,0.000002963
8,82,spatial_report,0.000039629,0.000039297
8,83,round_reset,0.000009167,0.000007945
8,83,receive_authenticate_accumulate,0.017255897,0.017255796
8,83,receive_authenticate_accumulate,0.000054111,0.000054093
8,83,receive_authenticate_accumulate,0.017248063,0.017247926
8,83,receive_authenticate_accumulate,0.000053166,0.000053000
8,83,receive_authenticate_accumulate,0.017250989,0.017250963
8,83,receive_authenticate_accumulate,0.000055055,0.000055149
8,83,receive_authenticate_accumulate,0.017253934,0.017253870
8,83,receive_authenticate_accumulate,0.000056611,0.000056463
8,83,receive_authenticate_accumulate,0.017244527,0.017244223
8,83,receive_authenticate_accumulate,0.000054944,0.000054963
8,83,receive_authenticate_accumulate,0.017258582,0.017258537
8,83,receive_authenticate_accumulate,0.000054407,0.000054186
8,83,receive_authenticate_accumulate,0.017244489,0.017244426
8,83,receive_authenticate_accumulate,0.000054462,0.000054222
8,83,receive_authenticate_accumulate,0.017300155,0.017263648
8,83,receive_authenticate_accumulate,0.000054389,0.000054222
8,83,receive_authenticate_accumulate,0.017249953,0.017249815
8,83,receive_authenticate_accumulate,0.000054129,0.000053963
8,83,receive_authenticate_accumulate,0.017253546,0.017253482
8,83,receive_authenticate_accumulate,0.000055703,0.000055537
8,83,receive_authenticate_accumulate,0.017250804,0.017250556
8,83,receive_authenticate_accumulate,0.000053185,0.000053092
8,83,receive_authenticate_accumulate,0.017250434,0.017250314
8,83,receive_authenticate_accumulate,0.000053925,0.000053870
8,83,receive_authenticate_accumulate,0.017252230,0.017252148
8,83,receive_authenticate_accumulate,0.000054795,0.000054592
8,83,receive_authenticate_accumulate,0.017247712,0.017247796
8,83,receive_authenticate_accumulate,0.000054537,0.000054333
8,83,receive_authenticate_accumulate,0.017244527,0.017244519
8,83,receive_authenticate_accumulate,0.000054481,0.000054371
8,83,receive_authenticate_accumulate,0.017255397,0.017255259
8,83,receive_authenticate_accumulate,0.000054963,0.000054852
8,83,reading_commitment_and_shares,0.026198120,0.026198463
8,83,receive_authenticate_accumulate,0.017247341,0.017247055
8,83,receive_authenticate_accumulate,0.000054370,0.000054333
8,83,receive_authenticate_accumulate,0.017261137,0.017261093
8,83,receive_authenticate_accumulate,0.000055536,0.000055260
8,83,receive_authenticate_accumulate,0.017247342,0.017247333
8,83,receive_authenticate_accumulate,0.000053944,0.000053871
8,83,receive_authenticate_accumulate,0.017244953,0.017244982
8,83,receive_authenticate_accumulate,0.000053296,0.000052834
8,83,round_coverage,0.000003352,0.000002611
8,83,spatial_report,0.000039703,0.000039482
8,84,round_reset,0.000008407,0.000007000
8,84,receive_authenticate_accumulate,0.017256546,0.017256574
8,84,receive_authenticate_accumulate,0.000053018,0.000052907
8,84,receive_authenticate_accumulate,0.017241546,0.017241425
8,84,receive_authenticate_accumulate,0.000054574,0.000054426
8,84,receive_authenticate_accumulate,0.017251899,0.017251778
8,84,receive_authenticate_accumulate,0.000053703,0.000053685
8,84,receive_authenticate_accumulate,0.017251454,0.017251648
8,84,receive_authenticate_accumulate,0.000054240,0.000054130
8,84,receive_authenticate_accumulate,0.017243195,0.017243148
8,84,receive_authenticate_accumulate,0.000053611,0.000053592
8,84,receive_authenticate_accumulate,0.017246028,0.017246018
8,84,receive_authenticate_accumulate,0.000054555,0.000054500
8,84,receive_authenticate_accumulate,0.017261139,0.017261055
8,84,receive_authenticate_accumulate,0.000057055,0.000056871
8,84,receive_authenticate_accumulate,0.017292880,0.017263630
8,84,receive_authenticate_accumulate,0.000053518,0.000053518
8,84,receive_authenticate_accumulate,0.017253583,0.017253500
8,84,receive_authenticate_accumulate,0.000053648,0.000053574
8,84,receive_authenticate_accumulate,0.017244380,0.017244370
8,84,receive_authenticate_accumulate,0.000053481,0.000053445
8,84,receive_authenticate_accumulate,0.017245787,0.017245722
8,84,receive_authenticate_accumulate,0.000053277,0.000053333
8,84,receive_authenticate_accumulate,0.017258602,0.017258463
8,84,receive_authenticate_accumulate,0.000053370,0.000053018
8,84,receive_authenticate_accumulate,0.017256306,0.017256259
8,84,receive_authenticate_accumulate,0.000053703,0.000053630
8,84,receive_authenticate_accumulate,0.017246121,0.017245944
8,84,receive_authenticate_accumulate,0.000053796,0.000053555
8,84,receive_authenticate_accumulate,0.017253381,0.017253463
8,84,receive_authenticate_accumulate,0.000053721,0.000053537
8,84,receive_authenticate_accumulate,0.017279751,0.017263777
8,84,receive_authenticate_accumulate,0.000053148,0.000053037
8,84,reading_commitment_and_shares,0.026234326,0.026234741
8,84,receive_authenticate_accumulate,0.017250769,0.017250778
8,84,receive_authenticate_accumulate,0.000055277,0.000055166
8,84,receive_authenticate_accumulate,0.017241954,0.017241908
8,84,receive_authenticate_accumulate,0.000052796,0.000052778
8,84,receive_authenticate_accumulate,0.017242306,0.017242352
8,84,receive_authenticate_accumulate,0.000054703,0.000054648
8,84,receive_authenticate_accumulate,0.017246196,0.017246185
8,84,receive_authenticate_accumulate,0.000053981,0.000053908
8,84,round_coverage,0.000004425,0.000003852
8,84,spatial_report,0.000042574,0.000042370
8,85,round_reset,0.000009333,0.000007926
8,85,receive_authenticate_accumulate,0.017254104,0.017254093
8,85,receive_authenticate_accumulate,0.000054814,0.000054722
8,85,receive_authenticate_accumulate,0.017232049,0.017231981
8,85,receive_authenticate_accumulate,0.000054832,0.000054704
8,85,receive_authenticate_accumulate,0.017271863,0.017262555
8,85,receive_authenticate_accumulate,0.000054148,0.000054019
8,85,receive_authenticate_accumulate,0.017248215,0.017248166
8,85,receive_authenticate_accumulate,0.000054463,0.000054315
8,85,receive_authenticate_accumulate,0.017242234,0.017242222
8,85,receive_authenticate_accumulate,0.000054907,0.000054722
8,85,receive_authenticate_accumulate,0.017243511,0.017243481
8,85,receive_authenticate_accumulate,0.000053832,0.000053741
8,85,receive_authenticate_accumulate,0.017247066,0.017246944
8,85,receive_authenticate_accumulate,0.000054221,0.000053982
8,85,receive_authenticate_accumulate,0.017268011,0.017256186
8,85,receive_authenticate_accumulate,0.000054981,0.000054833
8,85,receive_authenticate_accumulate,0.017243901,0.017243778
8,85,receive_authenticate_accumulate,0.000054351,0.000054315
8,85,receive_authenticate_accumulate,0.017293400,0.017266148
8,85,receive_authenticate_accumulate,0.000055222,0.000055074
8,85,receive_authenticate_accumulate,0.017252344,0.017252223
8,85,receive_authenticate_accumulate,0.000054722,0.000054500
8,85,receive_authenticate_accumulate,0.017246789,0.017246815
8,85,receive_authenticate_accumulate,0.000055296,0.000055259
8,85,receive_authenticate_accumulate,0.017298455,0.017256814
8,85,receive_authenticate_accumulate,0.000054462,0.000054500
8,85,receive_authenticate_accumulate,0.017249807,0.017249704
8,85,receive_authenticate_accumulate,0.000055055,0.000055019
8,85,receive_authenticate_accumulate,0.017251697,0.017251778
8,85,receive_authenticate_accumulate,0.000053944,0.000053741
8,85,receive_authenticate_accumulate,0.017254289,0.017254185
8,85,receive_authenticate_accumulate,0.000054222,0.000053852
8,85,reading_commitment_and_shares,0.026225662,0.026198777
8,85,receive_authenticate_accumulate,0.017248715,0.017248685
8,85,receive_authenticate_accumulate,0.000053314,0.000053167
8,85,receive_authenticate_accumulate,0.017253104,0.017253093
8,85,receive_authenticate_accumulate,0.000053166,0.000052981
8,85,receive_authenticate_accumulate,0.017284808,0.017264723
8,85,receive_authenticate_accumulate,0.000053851,0.000053426
8,85,receive_authenticate_accumulate,0.017259863,0.017259834
8,85,receive_authenticate_accumulate,0.000054610,0.000054352
8,85,round_coverage,0.000003463,0.000002833
8,85,spatial_report,0.000041037,0.000040759
8,86,round_reset,0.000009222,0.000007592
8,86,receive_authenticate_accumulate,0.017252883,0.017252666
8,86,receive_authenticate_accumulate,0.000053999,0.000053926
8,86,receive_authenticate_accumulate,0.017251957,0.017251944
8,86,receive_authenticate_accumulate,0.000055222,0.000055241
8,86,receive_authenticate_accumulate,0.017251142,0.017250963
8,86,receive_authenticate_accumulate,0.000053333,0.000052982
8,86,receive_authenticate_accumulate,0.017245309,0.017245278
8,86,receive_authenticate_accumulate,0.000069296,0.000069056
8,86,receive_authenticate_accumulate,0.017249587,0.017249611
8,86,receive_authenticate_accumulate,0.000054332,0.000054130
8,86,receive_authenticate_accumulate,0.017248827,0.017248815
8,86,receive_authenticate_accumulate,0.000054166,0.000053907
8,86,receive_authenticate_accumulate,0.017252309,0.017252037
8,86,receive_authenticate_accumulate,0.000053685,0.000053481
8,86,receive_authenticate_accumulate,0.017263790,0.017248001
8,86,receive_authenticate_accumulate,0.000055629,0.000055426
8,86,receive_authenticate_accumulate,0.017241754,0.017241445
8,86,receive_authenticate_accumulate,0.000054907,0.000054629
8,86,receive_authenticate_accumulate,0.017247754,0.017247666
8,86,receive_authenticate_accumulate,0.000054166,0.000054019
8,86,receive_authenticate_accumulate,0.017253736,0.017253703
8,86,receive_authenticate_accumulate,0.000054462,0.000054241
8,86,receive_authenticate_accumulate,0.017284291,0.017256093
8,86,receive_authenticate_accumulate,0.000054425,0.000054259
8,86,receive_authenticate_accumulate,0.017257847,0.017258036
8,86,receive_authenticate_accumulate,0.000054369,0.000054240
8,86,receive_authenticate_accumulate,0.017261643,0.017261482
8,86,receive_authenticate_accumulate,0.000054185,0.000053926
8,86,receive_authenticate_accumulate,0.017292013,0.017257370
8,86,receive_authenticate_accumulate,0.000054092,0.000054037
8,86,receive_authenticate_accumulate,0.017303086,0.017258610
8,86,receive_authenticate_accumulate,0.000053795,0.000053666
8,86,reading_commitment_and_shares,0.026189609,0.026190055
8,86,receive_authenticate_accumulate,0.017243069,0.017243111
8,86,receive_authenticate_accumulate,0.000054055,0.000053833
8,86,receive_authenticate_accumulate,0.017276550,0.017276370
8,86,receive_authenticate_accumulate,0.000056296,0.000056037
8,86,receive_authenticate_accumulate,0.017263661,0.017263592
8,86,receive_authenticate_accumulate,0.000055833,0.000055926
8,86,receive_authenticate_accumulate,0.017246514,0.017246333
8,86,receive_authenticate_accumulate,0.000054462,0.000054259
8,86,round_coverage,0.000003408,0.000002759
8,86,spatial_report,0.000042018,0.000041630
8,87,round_reset,0.000010037,0.000008686
8,87,receive_authenticate_accumulate,0.017252292,0.017252222
8,87,receive_authenticate_accumulate,0.000053777,0.000053556
8,87,receive_authenticate_accumulate,0.017288921,0.017265167
8,87,receive_authenticate_accumulate,0.000055055,0.000054963
8,87,receive_authenticate_accumulate,0.017247941,0.017247889
8,87,receive_authenticate_accumulate,0.000054370,0.000054407
8,87,receive_authenticate_accumulate,0.017283939,0.017268703
8,87,receive_authenticate_accumulate,0.000053574,0.000053537
8,87,receive_authenticate_accumulate,0.017245385,0.017245260
8,87,receive_authenticate_accumulate,0.000055648,0.000055500
8,87,receive_authenticate_accumulate,0.017251163,0.017251111
8,87,receive_authenticate_accumulate,0.000054925,0.000054889
8,87,receive_authenticate_accumulate,0.017244570,0.017244519
8,87,receive_authenticate_accumulate,0.000054722,0.000054574
8,87,receive_authenticate_accumulate,0.017251366,0.017251352
8,87,receive_authenticate_accumulate,0.000053943,0.000053889
8,87,receive_authenticate_accumulate,0.017254033,0.017254000
8,87,receive_authenticate_accumulate,0.000054259,0.000054018
8,87,receive_authenticate_accumulate,0.017242958,0.017242926
8,87,receive_authenticate_accumulate,0.000053240,0.000053074
8,87,receive_authenticate_accumulate,0.017244830,0.017244777
8,87,receive_authenticate_accumulate,0.000053166,0.000053130
8,87,receive_authenticate_accumulate,0.017258977,0.017258889
8,87,receive_authenticate_accumulate,0.000053759,0.000053723
8,87,receive_authenticate_accumulate,0.017280255,0.017266575
8,87,receive_authenticate_accumulate,0.000054555,0.000054574
8,87,receive_authenticate_accumulate,0.017252885,0.017252815
8,87,receive_authenticate_accumulate,0.000053055,0.000052796
8,87,receive_authenticate_accumulate,0.017246959,0.017246685
8,87,receive_authenticate_accumulate,0.000058166,0.000057926
8,87,receive_authenticate_accumulate,0.017271385,0.017271555
8,87,receive_authenticate_accumulate,0.000055296,0.000054945
8,87,reading_commitment_and_shares,0.026219111,0.026219519
8,87,receive_authenticate_accumulate,0.017241552,0.017241592
8,87,receive_authenticate_accumulate,0.000054129,0.000053962
8,87,receive_authenticate_accumulate,0.017247867,0.017247963
8,87,receive_authenticate_accumulate,0.000051240,0.000051148
8,87,receive_authenticate_accumulate,0.017244145,0.017244111
8,87,receive_authenticate_accumulate,0.000053925,0.000053704
8,87,receive_authenticate_accumulate,0.017274551,0.017274500
8,87,receive_authenticate_accumulate,0.000053536,0.000053370
8,87,round_coverage,0.000003500,0.000002870
8,87,spatial_report,0.000040684,0.000040519
8,88,round_reset,0.000009667,0.000008222
8,88,receive_authenticate_accumulate,0.017241145,0.017241055
8,88,receive_authenticate_accumulate,0.000052685,0.000052482
8,88,receive_authenticate_accumulate,0.017244941,0.017244963
8,88,receive_authenticate_accumulate,0.000051277,0.000051278
8,88,receive_authenticate_accumulate,0.017283774,0.017260740
8,88,receive_authenticate_accumulate,0.000052111,0.000051815
8,88,receive_authenticate_accumulate,0.017243737,0.017243481
8,88,receive_authenticate_accumulate,0.000050073,0.000049982
8,88,receive_authenticate_accumulate,0.017238720,0.017238778
8,88,receive_authenticate_accumulate,0.000052740,0.000052574
8,88,receive_authenticate_accumulate,0.017241941,0.017241926
8,88,receive_authenticate_accumulate,0.000053777,0.000053389
8,88,receive_authenticate_accumulate,0.017244664,0.017244648
8,88,receive_authenticate_accumulate,0.000051462,0.000051259
8,88,receive_authenticate_accumulate,0.017241645,0.017241611
8,88,receive_authenticate_accumulate,0.000051906,0.000051648
8,88,receive_authenticate_accumulate,0.017236016,0.017236018
8,88,receive_authenticate_accumulate,0.000052666,0.000052519
8,88,receive_authenticate_accumulate,0.017238701,0.017238740
8,88,receive_authenticate_accumulate,0.000052277,0.000052111
8,88,receive_authenticate_accumulate,0.017236627,0.017236481
8,88,receive_authenticate_accumulate,0.000051259,0.000051056
8,88,receive_authenticate_accumulate,0.017248849,0.017248870
8,88,receive_authenticate_accumulate,0.000050407,0.000050352
8,88,receive_authenticate_accumulate,0.017265386,0.017250222
8,88,receive_authenticate_accumulate,0.000073980,0.000073796
8,88,receive_authenticate_accumulate,0.017251127,0.017251074
8,88,receive_authenticate_accumulate,0.000052000,0.000051852
8,88,receive_authenticate_accumulate,0.017244331,0.017244259
8,88,receive_authenticate_accumulate,0.000051148,0.000051000
8,88,receive_authenticate_accumulate,0.017245164,0.017245056
8,88,receive_authenticate_accumulate,0.000052833,0.000052611
8,88,reading_commitment_and_shares,0.026176854,0.026177222
8,88,receive_authenticate_accumulate,0.017278478,0.017252815
8,88,receive_authenticate_accumulate,0.000051999,0.000051833
8,88,receive_authenticate_accumulate,0.017269349,0.017253758
8,88,receive_authenticate_accumulate,0.000057296,0.000057093
8,88,receive_authenticate_accumulate,0.017292608,0.017292519
8,88,receive_authenticate_accumulate,0.000056648,0.000056037
8,88,receive_authenticate_accumulate,0.017257219,0.017257241
8,88,receive_authenticate_accumulate,0.000054777,0.000054833
8,88,round_coverage,0.000003870,0.000003278
8,88,spatial_report,0.000039630,0.000039333
8,89,round_reset,0.000009963,0.000008871
8,89,receive_authenticate_accumulate,0.017243388,0.017243240
8,89,receive_authenticate_accumulate,0.000072537,0.000072518
8,89,receive_authenticate_accumulate,0.017246110,0.017246111
8,89,receive_authenticate_accumulate,0.000053981,0.000053797
8,89,receive_authenticate_accumulate,0.017252091,0.017251889
8,89,receive_authenticate_accumulate,0.000055037,0.000054722
8,89,receive_authenticate_accumulate,0.017250499,0.017250482
8,89,receive_authenticate_accumulate,0.000053351,0.000053259
8,89,receive_authenticate_accumulate,0.017248387,0.017248352
8,89,receive_authenticate_accumulate,0.000068203,0.000068148
8,89,receive_authenticate_accumulate,0.017286609,0.017258685
8,89,receive_authenticate_accumulate,0.000053129,0.000053037
8,89,receive_authenticate_accumulate,0.017243591,0.017243408
8,89,receive_authenticate_accumulate,0.000053777,0.000053667
8,89,receive_authenticate_accumulate,0.017247424,0.017247426
8,89,receive_authenticate_accumulate,0.000054870,0.000054815
8,89,receive_authenticate_accumulate,0.017245091,0.017245056
8,89,receive_authenticate_accumulate,0.000055351,0.000055185
8,89,receive_authenticate_accumulate,0.017255924,0.017255907
8,89,receive_authenticate_accumulate,0.000053240,0.000053074
8,89,receive_authenticate_accumulate,0.017248110,0.017248111
8,89,receive_authenticate_accumulate,0.000052611,0.000052519
8,89,receive_authenticate_accumulate,0.017239332,0.017239407
8,89,receive_authenticate_accumulate,0.000053129,0.000053129
8,89,receive_authenticate_accumulate,0.022020803,0.021869574
8,89,receive_authenticate_accumulate,0.000078129,0.000077519
8,89,receive_authenticate_accumulate,0.017244999,0.017245093
8,89,receive_authenticate_accumulate,0.000054222,0.000053963
8,89,receive_authenticate_accumulate,0.017247869,0.017247666
8,89,receive_authenticate_accumulate,0.000053741,0.000053574
8,89,receive_authenticate_accumulate,0.017250072,0.017249908
8,89,receive_authenticate_accumulate,0.000053370,0.000053167
8,89,reading_commitment_and_shares,0.026180171,0.026180648
8,89,receive_authenticate_accumulate,0.017251184,0.017251185
8,89,receive_authenticate_accumulate,0.000054333,0.000054222
8,89,receive_authenticate_accumulate,0.017247906,0.017247926
8,89,receive_authenticate_accumulate,0.000054704,0.000054555
8,89,receive_authenticate_accumulate,0.017248684,0.017248574
8,89,receive_authenticate_accumulate,0.000053536,0.000053408
8,89,receive_authenticate_accumulate,0.017246776,0.017246703
8,89,receive_authenticate_accumulate,0.000054129,0.000054167
8,89,round_coverage,0.000003518,0.000003056
8,89,spatial_report,0.000040147,0.000039870
8,89,billing_report,0.000424755,0.000424334
9,90,period_reset,0.000025500,0.000024203
9,90,receive_authenticate_accumulate,0.000098740,0.000097444
9,90,receive_authenticate_accumulate,0.000093332,0.000093203
9,90,receive_authenticate_accumulate,0.000090962,0.000090407
9,90,receive_authenticate_accumulate,0.000091277,0.000091203
9,90,receive_authenticate_accumulate,0.000092980,0.000092704
9,90,receive_authenticate_accumulate,0.000091259,0.000091241
9,90,receive_authenticate_accumulate,0.000090980,0.000090463
9,90,receive_authenticate_accumulate,0.000063666,0.000063519
9,90,receive_authenticate_accumulate,0.000062833,0.000062704
9,90,receive_authenticate_accumulate,0.000062555,0.000062223
9,90,receive_authenticate_accumulate,0.000061666,0.000061185
9,90,receive_authenticate_accumulate,0.000063703,0.000063537
9,90,receive_authenticate_accumulate,0.000060574,0.000060352
9,90,receive_authenticate_accumulate,0.000061980,0.000062148
9,90,receive_authenticate_accumulate,0.000061870,0.000061556
9,90,receive_authenticate_accumulate,0.000063685,0.000063537
9,90,randomness_commit,0.000538680,0.000538482
9,90,receive_authenticate_accumulate,0.000061499,0.000061556
9,90,receive_authenticate_accumulate,0.000062462,0.000062296
9,90,receive_authenticate_accumulate,0.000061981,0.000061871
9,90,receive_authenticate_accumulate,0.000062055,0.000061907
9,90,receive_authenticate_accumulate,0.000075351,0.000075296
9,90,receive_authenticate_accumulate,0.000074925,0.000074759
9,90,receive_authenticate_accumulate,0.000076499,0.000076426
9,90,receive_authenticate_accumulate,0.000075555,0.000075426
9,90,receive_authenticate_accumulate,0.000073425,0.000073167
9,90,receive_authenticate_accumulate,0.000074889,0.000074574
9,90,receive_authenticate_accumulate,0.000075259,0.000075130
9,90,receive_authenticate_accumulate,0.000075481,0.000075371
9,90,receive_authenticate_accumulate,0.000075759,0.000075556
9,90,receive_authenticate_accumulate,0.000076740,0.000076592
9,90,receive_authenticate_accumulate,0.000074406,0.000073926
9,90,receive_authenticate_accumulate,0.000074221,0.000074130
9,90,receive_authenticate_accumulate,0.000049092,0.000048963
9,90,receive_authenticate_accumulate,0.000048351,0.000048112
9,90,receive_authenticate_accumulate,0.000046185,0.000045926
9,90,receive_authenticate_accumulate,0.000048259,0.000048056
9,90,randomness_reveal,0.000295552,0.000295260
9,90,receive_authenticate_accumulate,0.000048148,0.000048130
9,90,receive_authenticate_accumulate,0.000046685,0.000046630
9,90,receive_authenticate_accumulate,0.000049110,0.000049000
9,90,receive_authenticate_accumulate,0.000048407,0.000048167
9,90,committee_selection,0.000083370,0.000083093
9,90,round_reset,0.000004000,0.000003445
9,90,receive_authenticate_accumulate,0.017242222,0.017242111
9,90,receive_authenticate_accumulate,0.017248277,0.017248203
9,90,receive_authenticate_accumulate,0.017285796,0.017263944
9,90,receive_authenticate_accumulate,0.017254407,0.017254388
9,90,receive_authenticate_accumulate,0.017241055,0.017241111
9,90,receive_authenticate_accumulate,0.017240647,0.017240555
9,90,receive_authenticate_accumulate,0.017265184,0.017264963
9,90,receive_authenticate_accumulate,0.017246462,0.017246407
9,90,receive_authenticate_accumulate,0.017241648,0.017241611
9,90,receive_authenticate_accumulate,0.017246203,0.017246055
9,90,receive_authenticate_accumulate,0.017248055,0.017248092
9,90,receive_authenticate_accumulate,0.017244703,0.017244593
9,90,receive_authenticate_accumulate,0.017257240,0.017257240
9,90,receive_authenticate_accumulate,0.017248870,0.017248962
9,90,receive_authenticate_accumulate,0.017243555,0.017243537
9,90,receive_authenticate_accumulate,0.017285017,0.017258073
9,90,reading_commitment_and_shares,0.026204468,0.026204537
9,90,receive_authenticate_accumulate,0.017249111,0.017248759
9,90,receive_authenticate_accumulate,0.017248925,0.017248907
9,90,receive_authenticate_accumulate,0.017248648,0.017248500
9,90,receive_authenticate_accumulate,0.017239500,0.017239315
9,90,round_coverage,0.000004037,0.000003445
9,91,round_reset,0.000010092,0.000008482
9,91,receive_authenticate_accumulate,0.017255260,0.017255426
9,91,receive_authenticate_accumulate,0.017245797,0.017245629
9,91,receive_authenticate_accumulate,0.017251982,0.017251648
9,91,receive_authenticate_accumulate,0.017252223,0.017252222
9,91,receive_authenticate_accumulate,0.017256871,0.017256611
9,91,receive_authenticate_accumulate,0.017245853,0.017245667
9,91,receive_authenticate_accumulate,0.017254519,0.017254315
9,91,receive_authenticate_accumulate,0.017249297,0.017249333
9,91,receive_authenticate_accumulate,0.017245463,0.017245148
9,91,receive_authenticate_accumulate,0.017290852,0.017264278
9,91,receive_authenticate_accumulate,0.017245501,0.017245426
9,91,receive_authenticate_accumulate,0.017329074,0.017288704
9,91,receive_authenticate_accumulate,0.017248315,0.017248130
9,91,receive_authenticate_accumulate,0.017253426,0.017253408
9,91,receive_authenticate_accumulate,0.017260075,0.017259925
9,91,receive_authenticate_accumulate,0.017252445,0.017252222
9,91,reading_commitment_and_shares,0.026231544,0.026209241
9,91,receive_authenticate_accumulate,0.017251483,0.017251463
9,91,receive_authenticate_accumulate,0.017251001,0.017250852
9,91,receive_authenticate_accumulate,0.017255557,0.017255296
9,91,receive_authenticate_accumulate,0.017250723,0.017250648
9,91,round_coverage,0.000003982,0.000003185
9,92,round_reset,0.000010111,0.000008518
9,92,receive_authenticate_accumulate,0.017292908,0.017266464
9,92,receive_authenticate_accumulate,0.017247446,0.017247167
9,92,receive_authenticate_accumulate,0.017253632,0.017253371
9,92,receive_authenticate_accumulate,0.017260650,0.017260445
9,92,receive_authenticate_accumulate,0.017340038,0.017316611
9,92,receive_authenticate_accumulate,0.017254224,0.017253592
9,92,receive_authenticate_accumulate,0.017248279,0.017248129
9,92,receive_authenticate_accumulate,0.017265705,0.017265500
9,92,receive_authenticate_accumulate,0.017259057,0.017259019
9,92,receive_authenticate_accumulate,0.017249817,0.017249444
9,92,receive_authenticate_accumulate,0.017253446,0.017253351
9,92,receive_authenticate_accumulate,0.017245965,0.017245871
9,92,receive_authenticate_accumulate,0.017278316,0.017261593
9,92,receive_authenticate_accumulate,0.017255946,0.017255852
9,92,receive_authenticate_accumulate,0.017285223,0.017259018
9,92,receive_authenticate_accumulate,0.017260484,0.017260482
9,92,reading_commitment_and_shares,0.026200731,0.026200703
9,92,receive_authenticate_accumulate,0.017257928,0.017257926
9,92,receive_authenticate_accumulate,0.017251669,0.017251370
9,92,receive_authenticate_accumulate,0.017247724,0.017247518
9,92,receive_authenticate_accumulate,0.017250724,0.017250778
9,92,round_coverage,0.000003797,0.000003000
9,93,round_reset,0.000009667,0.000007945
9,93,receive_authenticate_accumulate,0.017243392,0.017243167
9,93,receive_authenticate_accumulate,0.017251114,0.017250926
9,93,receive_authenticate_accumulate,0.017257040,0.017257093
9,93,receive_authenticate_accumulate,0.017245947,0.017245963
9,93,receive_authenticate_accumulate,0.017256466,0.017256500
9,93,receive_authenticate_accumulate,0.017276354,0.017249000
9,93,receive_authenticate_accumulate,0.017256650,0.017256537
9,93,receive_authenticate_accumulate,0.017279983,0.017279778
9,93,receive_authenticate_accumulate,0.017254077,0.017254056
9,93,receive_authenticate_accumulate,0.017239318,0.017239037
9,93,receive_authenticate_accumulate,0.017249095,0.017249018
9,93,receive_authenticate_accumulate,0.017239891,0.017239723
9,93,receive_authenticate_accumulate,0.017257003,0.017256796
9,93,receive_authenticate_accumulate,0.017250763,0.017250519
9,93,receive_authenticate_accumulate,0.017254743,0.017254389
9,93,receive_authenticate_accumulate,0.017242151,0.017241907
9,93,reading_commitment_and_shares,0.026205640,0.026205741
9,93,receive_authenticate_accumulate,0.017252688,0.017252796
9,93,receive_authenticate_accumulate,0.017254799,0.017254593
9,93,receive_authenticate_accumulate,0.017250022,0.017250019
9,93,receive_authenticate_accumulate,0.017289632,0.017266241
9,93,round_coverage,0.000004019,0.000003185
9,94,round_reset,0.000010074,0.000008297
9,94,receive_authenticate_accumulate,0.017258282,0.017258259
9,94,receive_authenticate_accumulate,0.017246633,0.017246630
9,94,receive_authenticate_accumulate,0.017248541,0.017248574
9,94,receive_authenticate_accumulate,0.017256208,0.017255908
9,94,receive_authenticate_accumulate,0.017249596,0.017249407
9,94,receive_authenticate_accumulate,0.017259448,0.017259370
9,94,receive_authenticate_accumulate,0.017252781,0.017252537
9,94,receive_authenticate_accumulate,0.017251782,0.017251630
9,94,receive_authenticate_accumulate,0.017251485,0.017251241
9,94,receive_authenticate_accumulate,0.017245319,0.017245074
9,94,receive_authenticate_accumulate,0.017254671,0.017254629
9,94,receive_authenticate_accumulate,0.017298485,0.017298296
9,94,receive_authenticate_accumulate,0.017242281,0.017242296
9,94,receive_authenticate_accumulate,0.017239596,0.017239500
9,94,receive_authenticate_accumulate,0.017245745,0.017245592
9,94,receive_authenticate_accumulate,0.017254300,0.017254315
9,94,reading_commitment_and_shares,0.026197216,0.026197093
9,94,receive_authenticate_accumulate,0.017246393,0.017246315
9,94,receive_authenticate_accumulate,0.017246245,0.017246056
9,94,receive_authenticate_accumulate,0.017272837,0.017272685
9,94,receive_authenticate_accumulate,0.017314947,0.017273205
9,94,round_coverage,0.000003834,0.000003018
9,95,round_reset,0.000009537,0.000007982
9,95,receive_authenticate_accumulate,0.017253708,0.017253704
9,95,receive_authenticate_accumulate,0.017242764,0.017242667
9,95,receive_authenticate_accumulate,0.017242227,0.017242074
9,95,receive_authenticate_accumulate,0.017254245,0.017253963
9,95,receive_authenticate_accumulate,0.017247949,0.017247574
9,95,receive_authenticate_accumulate,0.017240504,0.017239982
9,95,receive_authenticate_accumulate,0.017240338,0.017240315
9,95,receive_authenticate_accumulate,0.017285059,0.017260056
9,95,receive_authenticate_accumulate,0.017241152,0.017241185
9,95,receive_authenticate_accumulate,0.017246616,0.017246129
9,95,receive_authenticate_accumulate,0.017240672,0.017240629
9,95,receive_authenticate_accumulate,0.017250468,0.017250389
9,95,receive_authenticate_accumulate,0.017244431,0.017244334
9,95,receive_authenticate_accumulate,0.017224968,0.017224926
9,95,receive_authenticate_accumulate,0.017266264,0.017266148
9,95,receive_authenticate_accumulate,0.017285116,0.017270056
9,95,reading_commitment_and_shares,0.026217939,0.026217888
9,95,receive_authenticate_accumulate,0.017249560,0.017249611
9,95,receive_authenticate_accumulate,0.017242745,0.017242648
9,95,receive_authenticate_accumulate,0.017240579,0.017240333
9,95,receive_authenticate_accumulate,0.017241782,0.017241574
9,95,round_coverage,0.000004296,0.000003555
9,96,round_reset,0.000010185,0.000008667
9,96,receive_authenticate_accumulate,0.017259339,0.017259352
9,96,receive_authenticate_accumulate,0.017252727,0.017252556
9,96,receive_authenticate_accumulate,0.017258894,0.017258741
9,96,receive_authenticate_accumulate,0.017254523,0.017254518
9,96,receive_authenticate_accumulate,0.017299949,0.017299389
9,96,receive_authenticate_accumulate,0.017282190,0.017255111
9,96,receive_authenticate_accumulate,0.017248375,0.017248259
9,96,receive_authenticate_accumulate,0.017253450,0.017253463
9,96,receive_authenticate_accumulate,0.017258820,0.017258592
9,96,receive_authenticate_accumulate,0.017252636,0.017252649
9,96,receive_authenticate_accumulate,0.017251709,0.017251240
9,96,receive_authenticate_accumulate,0.017253561,0.017253593
9,96,receive_authenticate_accumulate,0.017272098,0.017258611
9,96,receive_authenticate_accumulate,0.017243765,0.017243704
9,96,receive_authenticate_accumulate,0.017315486,0.017277427
9,96,receive_authenticate_accumulate,0.017242136,0.017241907
9,96,reading_commitment_and_shares,0.026196311,0.026196333
9,96,receive_authenticate_accumulate,0.017241302,0.017241297
9,96,receive_authenticate_accumulate,0.017255765,0.017255759
9,96,receive_authenticate_accumulate,0.017296505,0.017272629
9,96,receive_authenticate_accumulate,0.017253246,0.017253167
9,96,round_coverage,0.000004167,0.000003482
9,97,round_reset,0.000010019,0.000008278
9,97,receive_authenticate_accumulate,0.017244728,0.017244704
9,97,receive_authenticate_accumulate,0.017307005,0.017267314
9,97,receive_authenticate_accumulate,0.017249210,0.017249056
9,97,receive_authenticate_accumulate,0.017256617,0.017256519
9,97,receive_authenticate_accumulate,0.017243710,0.017243371
9,97,receive_authenticate_accumulate,0.017244025,0.017244037
9,97,receive_authenticate_accumulate,0.017249266,0.017249241
9,97,receive_authenticate_accumulate,0.017293673,0.017265353
9,97,receive_authenticate_accumulate,0.017251191,0.017251055
9,97,receive_authenticate_accumulate,0.017248747,0.017248722
9,97,receive_authenticate_accumulate,0.017248340,0.017248166
9,97,receive_authenticate_accumulate,0.017258006,0.017257778
9,97,receive_authenticate_accumulate,0.017240414,0.017239815
9,97,receive_authenticate_accumulate,0.017251487,0.017251463
9,97,receive_authenticate_accumulate,0.017250451,0.017250241
9,97,receive_authenticate_accumulate,0.017244895,0.017244759
9,97,reading_commitment_and_shares,0.026200886,0.026201056
9,97,receive_authenticate_accumulate,0.017246210,0.017246019
9,97,receive_authenticate_accumulate,0.017251858,0.017251574
9,97,receive_authenticate_accumulate,0.017250284,0.017250037
9,97,receive_authenticate_accumulate,0.017269784,0.017246129
9,97,round_coverage,0.000004333,0.000003685
9,98,round_reset,0.000010351,0.000008982
9,98,receive_authenticate_accumulate,0.017253785,0.017253611
9,98,receive_authenticate_accumulate,0.017240136,0.017239907
9,98,receive_authenticate_accumulate,0.017248914,0.017248629
9,98,receive_authenticate_accumulate,0.017244655,0.017244537
9,98,receive_authenticate_accumulate,0.017254488,0.017254204
9,98,receive_authenticate_accumulate,0.017250784,0.017250408
9,98,receive_authenticate_accumulate,0.017246525,0.017246389
9,98,receive_authenticate_accumulate,0.017286062,0.017261703
9,98,receive_authenticate_accumulate,0.017251618,0.017251649
9,98,receive_authenticate_accumulate,0.017242341,0.017242092
9,98,receive_authenticate_accumulate,0.017243063,0.017242981
9,98,receive_authenticate_accumulate,0.017245637,0.017245686
9,98,receive_authenticate_accumulate,0.017269988,0.017257241
9,98,receive_authenticate_accumulate,0.017240711,0.017240555
9,98,receive_authenticate_accumulate,0.017243766,0.017243833
9,98,receive_authenticate_accumulate,0.017269081,0.017250204
9,98,reading_commitment_and_shares,0.026241553,0.026241500
9,98,receive_authenticate_accumulate,0.017255970,0.017255889
9,98,receive_authenticate_accumulate,0.017241803,0.017241556
9,98,receive_authenticate_accumulate,0.017238952,0.017238778
9,98,receive_authenticate_accumulate,0.017329507,0.017259722
9,98,round_coverage,0.000004019,0.000003426
9,99,round_reset,0.000009370,0.000007963
9,99,receive_authenticate_accumulate,0.017249711,0.017249500
9,99,receive_authenticate_accumulate,0.017270359,0.017270278
9,99,receive_authenticate_accumulate,0.017266360,0.017266407
9,99,receive_authenticate_accumulate,0.017243674,0.017243704
9,99,receive_authenticate_accumulate,0.017251378,0.017251371
9,99,receive_authenticate_accumulate,0.017249508,0.017249351
9,99,receive_authenticate_accumulate,0.017254563,0.017254074
9,99,receive_authenticate_accumulate,0.017253878,0.017253629
9,99,receive_authenticate_accumulate,0.017285433,0.017261149
9,99,receive_authenticate_accumulate,0.017243507,0.017243333
9,99,receive_authenticate_accumulate,0.017250711,0.017250389
9,99,receive_authenticate_accumulate,0.017250860,0.017250815
9,99,receive_authenticate_accumulate,0.017261971,0.017261296
9,99,receive_authenticate_accumulate,0.017242137,0.017242185
9,99,receive_authenticate_accumulate,0.017242396,0.017242296
9,99,receive_authenticate_accumulate,0.017237008,0.017237241
9,99,reading_commitment_and_shares,0.026245851,0.026217519
9,99,receive_authenticate_accumulate,0.017245082,0.017245111
9,99,receive_authenticate_accumulate,0.017247119,0.017247148
9,99,receive_authenticate_accumulate,0.017249360,0.017249222
9,99,receive_authenticate_accumulate,0.017245953,0.017245537
9,99,round_coverage,0.000003815,0.000003149
10,100,period_reset,0.000025389,0.000024129
10,100,receive_authenticate_accumulate,0.000133943,0.000133852
10,100,receive_authenticate_accumulate,0.000090592,0.000090204
10,100,receive_authenticate_accumulate,0.000120036,0.000120111
10,100,receive_authenticate_accumulate,0.000090407,0.000090148
10,100,receive_authenticate_accumulate,0.000118906,0.000119056
10,100,receive_authenticate_accumulate,0.000091591,0.000091482
10,100,receive_authenticate_accumulate,0.000092184,0.000110352
10,100,receive_authenticate_accumulate,0.000065221,0.000064926
10,100,receive_authenticate_accumulate,0.000061925,0.000061796
10,100,receive_authenticate_accumulate,0.000062815,0.000062759
10,100,receive_authenticate_accumulate,0.000061092,0.000060907
10,100,receive_authenticate_accumulate,0.000061574,0.000060944
10,100,receive_authenticate_accumulate,0.000062111,0.000061907
10,100,receive_authenticate_accumulate,0.000061906,0.000061814
10,100,receive_authenticate_accumulate,0.000061240,0.000061093
10,100,receive_authenticate_accumulate,0.000062499,0.000062445
10,100,randomness_commit,0.000540625,0.000540426
10,100,receive_authenticate_accumulate,0.000060407,0.000059611
10,100,receive_authenticate_accumulate,0.000061259,0.000061092
10,100,receive_authenticate_accumulate,0.000062222,0.000062037
10,100,receive_authenticate_accumulate,0.000060962,0.000060870
10,100,receive_authenticate_accumulate,0.000075703,0.000075666
10,100,receive_authenticate_accumulate,0.000075351,0.000075148
10,100,receive_authenticate_accumulate,0.000075018,0.000074852
10,100,receive_authenticate_accumulate,0.000074036,0.000073777
10,100,receive_authenticate_accumulate,0.000074147,0.000074037
10,100,receive_authenticate_accumulate,0.000075407,0.000075259
10,100,receive_authenticate_accumulate,0.000076332,0.000076167
10,100,receive_authenticate_accumulate,0.000075851,0.000075537
10,100,receive_authenticate_accumulate,0.000075684,0.000075352
10,100,receive_authenticate_accumulate,0.000074240,0.000074000
10,100,receive_authenticate_accumulate,0.000074925,0.000074778
10,100,receive_authenticate_accumulate,0.000075759,0.000075611
10,100,receive_authenticate_accumulate,0.000049926,0.000049741
10,100,receive_authenticate_accumulate,0.000048759,0.000048648
10,100,receive_authenticate_accumulate,0.000051444,0.000051241
10,100,receive_authenticate_accumulate,0.000046851,0.000046648
10,100,randomness_reveal,0.000296664,0.000296407
10,100,receive_authenticate_accumulate,0.000047555,0.000047407
10,100,receive_authenticate_accumulate,0.000045518,0.000045370
10,100,receive_authenticate_accumulate,0.000048018,0.000047871
10,100,receive_authenticate_accumulate,0.000048314,0.000048167
10,100,committee_selection,0.000083777,0.000083500
10,100,round_reset,0.000004148,0.000003592
10,100,receive_authenticate_accumulate,0.017285471,0.017264982
10,100,receive_authenticate_accumulate,0.017238564,0.017238296
10,100,receive_authenticate_accumulate,0.017249045,0.017249093
10,100,receive_authenticate_accumulate,0.017262526,0.017262130
10,100,receive_authenticate_accumulate,0.017307989,0.017283556
10,100,receive_authenticate_accumulate,0.017250971,0.017250889
10,100,receive_authenticate_accumulate,0.017249212,0.017249204
10,100,receive_authenticate_accumulate,0.017255545,0.017255259
10,100,receive_authenticate_accumulate,0.017253453,0.017253129
10,100,receive_authenticate_accumulate,0.017248915,0.017248759
10,100,receive_authenticate_accumulate,0.017240861,0.017240871
10,100,receive_authenticate_accumulate,0.017248694,0.017248537
10,100,receive_authenticate_accumulate,0.017246990,0.017246759
10,100,receive_authenticate_accumulate,0.017242601,0.017242352
10,100,receive_authenticate_accumulate,0.017256490,0.017256296
10,100,receive_authenticate_accumulate,0.017248694,0.017248592
10,100,reading_commitment_and_shares,0.026210352,0.026210426
10,100,receive_authenticate_accumulate,0.017265082,0.017265130
10,100,receive_authenticate_accumulate,0.017247212,0.017247000
10,100,receive_authenticate_accumulate,0.017262527,0.017262926
10,100,receive_authenticate_accumulate,0.017242212,0.017242092
10,100,round_coverage,0.000004111,0.000003407
10,101,round_reset,0.000010574,0.000009278
10,101,receive_authenticate_accumulate,0.017250824,0.017250889
10,101,receive_authenticate_accumulate,0.017245903,0.017246037
10,101,receive_authenticate_accumulate,0.017256088,0.017255834
10,101,receive_authenticate_accumulate,0.017247489,0.017247574
10,101,receive_authenticate_accumulate,0.017281896,0.017256074
10,101,receive_authenticate_accumulate,0.017249693,0.017250000
10,101,receive_authenticate_accumulate,0.017273100,0.017258852
10,101,receive_authenticate_accumulate,0.017238268,0.017238370
10,101,receive_authenticate_accumulate,0.017259639,0.017260296
10,101,receive_authenticate_accumulate,0.017252158,0.017252426
10,101,receive_authenticate_accumulate,0.017243750,0.017244185
10,101,receive_authenticate_accumulate,0.017249769,0.017250185
10,101,receive_authenticate_accumulate,0.017306971,0.017272480
10,101,receive_authenticate_accumulate,0.017249307,0.017249685
10,101,receive_authenticate_accumulate,0.017243197,0.017243611
10,101,receive_authenticate_accumulate,0.017253474,0.017253796
10,101,reading_commitment_and_shares,0.026202802,0.026203388
10,101,receive_authenticate_accumulate,0.017253659,0.017253963
10,101,receive_authenticate_accumulate,0.017292658,0.017268778
10,101,receive_authenticate_accumulate,0.017242679,0.017242963
10,101,receive_authenticate_accumulate,0.017247105,0.017247537
10,101,round_coverage,0.000004889,0.000003851
10,102,round_reset,0.000009574,0.000008019
10,102,receive_authenticate_accumulate,0.017250194,0.017250648
10,102,receive_authenticate_accumulate,0.017249492,0.017249963
10,102,receive_authenticate_accumulate,0.017240917,0.017241241
10,102,receive_authenticate_accumulate,0.017291861,0.017263686
10,102,receive_authenticate_accumulate,0.017260547,0.017260481
10,102,receive_authenticate_accumulate,0.017243196,0.017243592
10,102,receive_authenticate_accumulate,0.017290232,0.017262833
10,102,receive_authenticate_accumulate,0.017251548,0.017251834
10,102,receive_authenticate_accumulate,0.017241364,0.017241704
10,102,receive_authenticate_accumulate,0.017242456,0.017242797
10,102,receive_authenticate_accumulate,0.017242715,0.017243056
10,102,receive_authenticate_accumulate,0.017247475,0.017247778
10,102,receive_authenticate_accumulate,0.017311677,0.017275834
10,102,receive_authenticate_accumulate,0.017250309,0.017250370
10,102,receive_authenticate_accumulate,0.017242143,0.017242444
10,102,receive_authenticate_accumulate,0.017244755,0.017245111
10,102,reading_commitment_and_shares,0.026204963,0.026205611
10,102,receive_authenticate_accumulate,0.017282050,0.017257611
10,102,receive_authenticate_accumulate,0.017257865,0.017258037
10,102,receive_authenticate_accumulate,0.017243959,0.017244185
10,102,receive_authenticate_accumulate,0.017247922,0.017248278
10,102,round_coverage,0.000004426,0.000003815
10,103,round_reset,0.000010500,0.000008944
10,103,receive_authenticate_accumulate,0.017242511,0.017242889
10,103,receive_authenticate_accumulate,0.017248511,0.017248445
10,103,receive_authenticate_accumulate,0.017250122,0.017250278
10,103,receive_authenticate_accumulate,0.017250734,0.017251185
10,103,receive_authenticate_accumulate,0.017290306,0.017264186
10,103,receive_authenticate_accumulate,0.017297640,0.017269704
10,103,receive_authenticate_accumulate,0.017280752,0.017264685
10,103,receive_authenticate_accumulate,0.017257771,0.017258148
10,103,receive_authenticate_accumulate,0.017239661,0.017239834
10,103,receive_authenticate_accumulate,0.017246143,0.017246463
10,103,receive_authenticate_accumulate,0.017247957,0.017248370
10,103,receive_authenticate_accumulate,0.017237051,0.017237444
10,103,receive_authenticate_accumulate,0.017238477,0.017238852
10,103,receive_authenticate_accumulate,0.017242459,0.017242889
10,103,receive_authenticate_accumulate,0.017249440,0.017249796
10,103,receive_authenticate_accumulate,0.017275736,0.017276093
10,103,reading_commitment_and_shares,0.026281657,0.026283278
10,103,receive_authenticate_accumulate,0.017266052,0.017266352
10,103,receive_authenticate_accumulate,0.017313661,0.017275278
10,103,receive_authenticate_accumulate,0.017249534,0.017249796
10,103,receive_authenticate_accumulate,0.017249812,0.017249833
10,103,round_coverage,0.000004130,0.000003518
10,104,round_reset,0.000010148,0.000008445
10,104,receive_authenticate_accumulate,0.017243381,0.017243740
10,104,receive_authenticate_accumulate,0.017242400,0.017242648
10,104,receive_authenticate_accumulate,0.017245307,0.017245407
10,104,receive_authenticate_accumulate,0.017256789,0.017256555
10,104,receive_authenticate_accumulate,0.017242531,0.017242926
10,104,receive_authenticate_accumulate,0.017298788,0.017266184
10,104,receive_authenticate_accumulate,0.017272419,0.017250870
10,104,receive_authenticate_accumulate,0.017249679,0.017249796
10,104,receive_authenticate_accumulate,0.017245698,0.017246074
10,104,receive_authenticate_accumulate,0.017245235,0.017245278
10,104,receive_authenticate_accumulate,0.017283827,0.017261741
10,104,receive_authenticate_accumulate,0.017249106,0.017249371
10,104,receive_authenticate_accumulate,0.017279068,0.017265462
10,104,receive_authenticate_accumulate,0.017251366,0.017251407
10,104,receive_authenticate_accumulate,0.017248495,0.017248852
10,104,receive_authenticate_accumulate,0.017251570,0.017251667
10,104,reading_commitment_and_shares,0.026268167,0.026213796
10,104,receive_authenticate_accumulate,0.017248367,0.017248722
10,104,receive_authenticate_accumulate,0.017237812,0.017237760
10,104,receive_authenticate_accumulate,0.017267293,0.017267722
10,104,receive_authenticate_accumulate,0.017281847,0.017253001
10,104,round_coverage,0.000004296,0.000003481
10,105,round_reset,0.000009593,0.000007945
10,105,receive_authenticate_accumulate,0.017260417,0.017260500
10,105,receive_authenticate_accumulate,0.017246270,0.017246555
10,105,receive_authenticate_accumulate,0.017241548,0.017241834
10,105,receive_authenticate_accumulate,0.017244030,0.017244537
10,105,receive_authenticate_accumulate,0.017252400,0.017252593
10,105,receive_authenticate_accumulate,0.017247271,0.017247648
10,105,receive_authenticate_accumulate,0.017251085,0.017251260
10,105,receive_authenticate_accumulate,0.017239585,0.017239833
10,105,receive_authenticate_accumulate,0.017255808,0.017256092
10,105,receive_authenticate_accumulate,0.017243901,0.017244277
10,105,receive_authenticate_accumulate,0.017280659,0.017258610
10,105,receive_authenticate_accumulate,0.017243624,0.017243685
10,105,receive_authenticate_accumulate,0.017254771,0.017254926
10,105,receive_authenticate_accumulate,0.017244958,0.017245278
10,105,receive_authenticate_accumulate,0.017249994,0.017250352
10,105,receive_authenticate_accumulate,0.017252291,0.017252536
10,105,reading_commitment_and_shares,0.026197344,0.026197982
10,105,receive_authenticate_accumulate,0.017245181,0.017245574
10,105,receive_authenticate_accumulate,0.017246421,0.017246555
10,105,receive_authenticate_accumulate,0.017248495,0.017248852
10,105,receive_authenticate_accumulate,0.017258495,0.017258629
10,105,round_coverage,0.000004241,0.000003445
10,106,round_reset,0.000009129,0.000007963
10,106,receive_authenticate_accumulate,0.017249342,0.017249704
10,106,receive_authenticate_accumulate,0.017239509,0.017239833
10,106,receive_authenticate_accumulate,0.017241972,0.017242241
10,106,receive_authenticate_accumulate,0.017252176,0.017252463
10,106,receive_authenticate_accumulate,0.017242139,0.017242149
10,106,receive_authenticate_accumulate,0.017239879,0.017240037
10,106,receive_authenticate_accumulate,0.017247065,0.017247093
10,106,receive_authenticate_accumulate,0.017249010,0.017249334
10,106,receive_authenticate_accumulate,0.017237881,0.017238185
10,106,receive_authenticate_accumulate,0.017277379,0.017252000
10,106,receive_authenticate_accumulate,0.017241954,0.017242019
10,106,receive_authenticate_accumulate,0.017301583,0.017269148
10,106,receive_authenticate_accumulate,0.017268825,0.017256167
10,106,receive_authenticate_accumulate,0.017241048,0.017241167
10,106,receive_authenticate_accumulate,0.017244419,0.017244592
10,106,receive_authenticate_accumulate,0.017246474,0.017246611
10,106,reading_commitment_and_shares,0.026210109,0.026210703
10,106,receive_authenticate_accumulate,0.017252511,0.017252944
10,106,receive_authenticate_accumulate,0.017239309,0.017239277
10,106,receive_authenticate_accumulate,0.017238883,0.017238852
10,106,receive_authenticate_accumulate,0.017245309,0.017245536
10,106,round_coverage,0.000004111,0.000003463
10,107,round_reset,0.000009074,0.000007963
10,107,receive_authenticate_accumulate,0.017251284,0.017251463
10,107,receive_authenticate_accumulate,0.017317523,0.017292203
10,107,receive_authenticate_accumulate,0.017253116,0.017253444
10,107,receive_authenticate_accumulate,0.017242932,0.017243092
10,107,receive_authenticate_accumulate,0.017243080,0.017243166
10,107,receive_authenticate_accumulate,0.017250988,0.017251166
10,107,receive_authenticate_accumulate,0.017252414,0.017252241
10,107,receive_authenticate_accumulate,0.017253321,0.017253537
10,107,receive_authenticate_accumulate,0.017244619,0.017244889
10,107,receive_authenticate_accumulate,0.017250766,0.017250981
10,107,receive_authenticate_accumulate,0.017247174,0.017247518
10,107,receive_authenticate_accumulate,0.017253211,0.017253389
10,107,receive_authenticate_accumulate,0.017252008,0.017252148
10,107,receive_authenticate_accumulate,0.017251175,0.017251444
10,107,receive_authenticate_accumulate,0.017253360,0.017253740
10,107,receive_authenticate_accumulate,0.017282248,0.017258518
10,107,reading_commitment_and_shares,0.026206393,0.026207074
10,107,receive_authenticate_accumulate,0.017241379,0.017241556
10,107,receive_authenticate_accumulate,0.017246490,0.017246889
10,107,receive_authenticate_accumulate,0.017246361,0.017246574
10,107,receive_authenticate_accumulate,0.017239657,0.017239945
10,107,round_coverage,0.000003685,0.000003037
10,108,round_reset,0.000009167,0.000007833
10,108,receive_authenticate_accumulate,0.017243780,0.017244111
10,108,receive_authenticate_accumulate,0.017244502,0.017244500
10,108,receive_authenticate_accumulate,0.017251205,0.017251537
10,108,receive_authenticate_accumulate,0.017247188,0.017247426
10,108,receive_authenticate_accumulate,0.017234002,0.017234278
10,108,receive_authenticate_accumulate,0.017256280,0.017256685
10,108,receive_authenticate_accumulate,0.017251540,0.017251833
10,108,receive_authenticate_accumulate,0.017251336,0.017251241
10,108,receive_authenticate_accumulate,0.017245374,0.017245611
10,108,receive_authenticate_accumulate,0.017248744,0.017249000
10,108,receive_authenticate_accumulate,0.017245948,0.017246129
10,108,receive_authenticate_accumulate,0.017242152,0.017242426
10,108,receive_authenticate_accumulate,0.025875145,0.025875611
10,108,receive_authenticate_accumulate,0.017243893,0.017244260
10,108,receive_authenticate_accumulate,0.017245263,0.017245537
10,108,receive_authenticate_accumulate,0.017242079,0.017242370
10,108,reading_commitment_and_shares,0.026195470,0.026195908
10,108,receive_authenticate_accumulate,0.017240801,0.017241074
10,108,receive_authenticate_accumulate,0.017243542,0.017243796
10,108,receive_authenticate_accumulate,0.017244913,0.017245185
10,108,receive_authenticate_accumulate,0.017246450,0.017246814
10,108,round_coverage,0.000004148,0.000003519
10,109,round_reset,0.000009167,0.000007222
10,109,receive_authenticate_accumulate,0.017243053,0.017243351
10,109,receive_authenticate_accumulate,0.017253052,0.017253240
10,109,receive_authenticate_accumulate,0.017286478,0.017259593
10,109,receive_authenticate_accumulate,0.017273571,0.017259000
10,109,receive_authenticate_accumulate,0.017239979,0.017240240
10,109,receive_authenticate_accumulate,0.017243109,0.017243370
10,109,receive_authenticate_accumulate,0.017252701,0.017252833
10,109,receive_authenticate_accumulate,0.017247238,0.017247500
10,109,receive_authenticate_accumulate,0.017259109,0.017259278
10,109,receive_authenticate_accumulate,0.017252869,0.017253204
10,109,receive_authenticate_accumulate,0.017243221,0.017243500
10,109,receive_authenticate_accumulate,0.017252295,0.017252555
10,109,receive_authenticate_accumulate,0.017251184,0.017251426
10,109,receive_authenticate_accumulate,0.017248629,0.017248926
10,109,receive_authenticate_accumulate,0.017243499,0.017243797
10,109,receive_authenticate_accumulate,0.017243907,0.017244185
10,109,reading_commitment_and_shares,0.026200158,0.026200778
10,109,receive_authenticate_accumulate,0.017246092,0.017246426
10,109,receive_authenticate_accumulate,0.017288295,0.017261573
10,109,receive_authenticate_accumulate,0.017240630,0.017240889
10,109,receive_authenticate_accumulate,0.017240852,0.017241185
10,109,round_coverage,0.000004037,0.000003426
11,110,period_reset,0.000025574,0.000024000
11,110,receive_authenticate_accumulate,0.000091220,0.000090908
11,110,receive_authenticate_accumulate,0.000090460,0.000090297
11,110,receive_authenticate_accumulate,0.000092979,0.000092889
11,110,receive_authenticate_accumulate,0.000092257,0.000092018
11,110,receive_authenticate_accumulate,0.000092702,0.000092537
11,110,receive_authenticate_accumulate,0.000091571,0.000091241
11,110,receive_authenticate_accumulate,0.000092553,0.000092371
11,110,receive_authenticate_accumulate,0.000089757,0.000089630
11,110,receive_authenticate_accumulate,0.000070813,0.000070593
11,110,receive_authenticate_accumulate,0.000068887,0.000068685
11,110,receive_authenticate_accumulate,0.000068461,0.000068408
11,110,receive_authenticate_accumulate,0.000068591,0.000068444
11,110,receive_authenticate_accumulate,0.000070387,0.000070204
11,110,receive_authenticate_accumulate,0.000069147,0.000068945
11,110,receive_authenticate_accumulate,0.000069813,0.000069649
11,110,receive_authenticate_accumulate,0.000069276,0.000069223
11,110,randomness_commit,0.000604578,0.000604740
11,110,receive_authenticate_accumulate,0.000067331,0.000066926
11,110,receive_authenticate_accumulate,0.000069739,0.000069556
11,110,receive_authenticate_accumulate,0.000067980,0.000067889
11,110,receive_authenticate_accumulate,0.000069202,0.000068963
11,110,receive_authenticate_accumulate,0.000084850,0.000084648
11,110,receive_authenticate_accumulate,0.000083609,0.000083537
11,110,receive_authenticate_accumulate,0.000080239,0.000080148
11,110,receive_authenticate_accumulate,0.000083924,0.000083944
11,110,receive_authenticate_accumulate,0.000081165,0.000080963
11,110,receive_authenticate_accumulate,0.000084776,0.000084704
11,110,receive_authenticate_accumulate,0.000083979,0.000083945
11,110,receive_authenticate_accumulate,0.000084665,0.000084649
11,110,receive_authenticate_accumulate,0.000083813,0.000083759
11,110,receive_authenticate_accumulate,0.000069313,0.000069019
11,110,receive_authenticate_accumulate,0.000067850,0.000067760
11,110,receive_authenticate_accumulate,0.000068850,0.000068407
11,110,receive_authenticate_accumulate,0.000067850,0.000067852
11,110,receive_authenticate_accumulate,0.000067054,0.000067204
11,110,receive_authenticate_accumulate,0.000068146,0.000068018
11,110,receive_authenticate_accumulate,0.000068609,0.000068445
11,110,randomness_reveal,0.000433304,0.000433223
11,110,receive_authenticate_accumulate,0.000067609,0.000067445
11,110,receive_authenticate_accumulate,0.000068813,0.000068833
11,110,receive_authenticate_accumulate,0.000067980,0.000068000
11,110,receive_authenticate_accumulate,0.000067887,0.000067981
11,110,committee_selection,0.000125052,0.000124945
11,110,round_reset,0.000005555,0.000004834
11,110,receive_authenticate_accumulate,0.017257066,0.017257334
11,110,receive_authenticate_accumulate,0.017242140,0.017242463
11,110,receive_authenticate_accumulate,0.017272473,0.017251778
11,110,receive_authenticate_accumulate,0.017247103,0.017247259
11,110,receive_authenticate_accumulate,0.017257714,0.017257889
11,110,receive_authenticate_accumulate,0.017241752,0.017242037
11,110,receive_authenticate_accumulate,0.017257493,0.017257926
11,110,receive_authenticate_accumulate,0.017247179,0.017247352
11,110,receive_authenticate_accumulate,0.017243623,0.017243833
11,110,receive_authenticate_accumulate,0.017242308,0.017242500
11,110,receive_authenticate_accumulate,0.017241938,0.017242223
11,110,receive_authenticate_accumulate,0.017258623,0.017258908
11,110,receive_authenticate_accumulate,0.017289160,0.017266981
11,110,receive_authenticate_accumulate,0.017241586,0.017241907
11,110,receive_authenticate_accumulate,0.017245790,0.017245945
11,110,receive_authenticate_accumulate,0.017243420,0.017243518
11,110,reading_commitment_and_shares,0.026193734,0.026194223
11,110,receive_authenticate_accumulate,0.017247087,0.017247426
11,110,receive_authenticate_accumulate,0.017243921,0.017244129
11,110,receive_authenticate_accumulate,0.017240958,0.017241222
11,110,receive_authenticate_accumulate,0.017242384,0.017242629
11,110,round_coverage,0.000004185,0.000003555
11,111,round_reset,0.000009759,0.000008407
11,111,receive_authenticate_accumulate,0.017239301,0.017239093
11,111,receive_authenticate_accumulate,0.017250430,0.017250630
11,111,receive_authenticate_accumulate,0.017243189,0.017243500
11,111,receive_authenticate_accumulate,0.017292263,0.017292555
11,111,receive_authenticate_accumulate,0.017249263,0.017249500
11,111,receive_authenticate_accumulate,0.017247227,0.017247500
11,111,receive_authenticate_accumulate,0.017279264,0.017254222
11,111,receive_authenticate_accumulate,0.017312541,0.017267833
11,111,receive_authenticate_accumulate,0.017272598,0.017260796
11,111,receive_authenticate_accumulate,0.017239820,0.017240167
11,111,receive_authenticate_accumulate,0.017239692,0.017239982
11,111,receive_authenticate_accumulate,0.017243655,0.017243870
11,111,receive_authenticate_accumulate,0.022051426,0.021969112
11,111,receive_authenticate_accumulate,0.017250118,0.017250315
11,111,receive_authenticate_accumulate,0.017249895,0.017250240
11,111,receive_authenticate_accumulate,0.017265766,0.017266074
11,111,reading_commitment_and_shares,0.026210215,0.026210852
11,111,receive_authenticate_accumulate,0.017254599,0.017254833
11,111,receive_authenticate_accumulate,0.017242618,0.017242889
11,111,receive_authenticate_accumulate,0.017249377,0.017249463
11,111,receive_authenticate_accumulate,0.017302006,0.017264890
11,111,round_coverage,0.000003851,0.000003444
11,112,round_reset,0.000009259,0.000007907
11,112,receive_authenticate_accumulate,0.017242646,0.017242556
11,112,receive_authenticate_accumulate,0.017239812,0.017239981
11,112,receive_authenticate_accumulate,0.017255053,0.017255352
11,112,receive_authenticate_accumulate,0.017248664,0.017248889
11,112,receive_authenticate_accumulate,0.017248813,0.017249000
11,112,receive_authenticate_accumulate,0.017241165,0.017241388
11,112,receive_authenticate_accumulate,0.017247073,0.017247259
11,112,receive_authenticate_accumulate,0.017248683,0.017248945
11,112,receive_authenticate_accumulate,0.017248610,0.017248852
11,112,receive_authenticate_accumulate,0.017277165,0.017254538
11,112,receive_authenticate_accumulate,0.017248147,0.017248259
11,112,receive_authenticate_accumulate,0.017247277,0.017247648
11,112,receive_authenticate_accumulate,0.023045713,0.022953927
11,112,receive_authenticate_accumulate,0.017280073,0.017257852
11,112,receive_authenticate_accumulate,0.017243740,0.017243907
11,112,receive_authenticate_accumulate,0.017242630,0.017242741
11,112,reading_commitment_and_shares,0.026242379,0.026242981
11,112,receive_authenticate_accumulate,0.017255740,0.017256037
11,112,receive_authenticate_accumulate,0.017248722,0.017248944
11,112,receive_authenticate_accumulate,0.017246038,0.017246315
11,112,receive_authenticate_accumulate,0.017250148,0.017250463
11,112,round_coverage,0.000003908,0.000003241
11,113,round_reset,0.000010500,0.000008982
11,113,receive_authenticate_accumulate,0.017249249,0.017249463
11,113,receive_authenticate_accumulate,0.017243453,0.017243630
11,113,receive_authenticate_accumulate,0.017250953,0.017251185
11,113,receive_authenticate_accumulate,0.017251675,0.017251574
11,113,receive_authenticate_accumulate,0.017245694,0.017245925
11,113,receive_authenticate_accumulate,0.017251750,0.017252000
11,113,receive_authenticate_accumulate,0.017238805,0.017238981
11,113,receive_authenticate_accumulate,0.017249491,0.017249407
11,113,receive_authenticate_accumulate,0.017304934,0.017271278
11,113,receive_authenticate_accumulate,0.017250343,0.017250722
11,113,receive_authenticate_accumulate,0.017276769,0.017254111
11,113,receive_authenticate_accumulate,0.017244325,0.017244629
11,113,receive_authenticate_accumulate,0.017250640,0.017250815
11,113,receive_authenticate_accumulate,0.017258973,0.017259203
11,113,receive_authenticate_accumulate,0.017291306,0.017266944
11,113,receive_authenticate_accumulate,0.017247196,0.017247389
11,113,reading_commitment_and_shares,0.026192823,0.026193426
11,113,receive_authenticate_accumulate,0.017239659,0.017239907
11,113,receive_authenticate_accumulate,0.017243196,0.017243482
11,113,receive_authenticate_accumulate,0.017253585,0.017253870
11,113,receive_authenticate_accumulate,0.017243567,0.017243759
11,113,round_coverage,0.000003907,0.000003297
11,114,round_reset,0.000009130,0.000007870
11,114,receive_authenticate_accumulate,0.017285777,0.017257556
11,114,receive_authenticate_accumulate,0.017243723,0.017243982
11,114,receive_authenticate_accumulate,0.017251501,0.017251777
11,114,receive_authenticate_accumulate,0.017258185,0.017258407
11,114,receive_authenticate_accumulate,0.017245649,0.017245889
11,114,receive_authenticate_accumulate,0.017250538,0.017250667
11,114,receive_authenticate_accumulate,0.017248371,0.017248629
11,114,receive_authenticate_accumulate,0.017249890,0.017249741
11,114,receive_authenticate_accumulate,0.017250538,0.017250759
11,114,receive_authenticate_accumulate,0.017242854,0.017243111
11,114,receive_authenticate_accumulate,0.017250001,0.017250389
11,114,receive_authenticate_accumulate,0.017250298,0.017250500
11,114,receive_authenticate_accumulate,0.024744297,0.024721871
11,114,receive_authenticate_accumulate,0.017242040,0.017242240
11,114,receive_authenticate_accumulate,0.017248668,0.017248908
11,114,receive_authenticate_accumulate,0.017251335,0.017251574
11,114,reading_commitment_and_shares,0.026200283,0.026200685
11,114,receive_authenticate_accumulate,0.017275483,0.017251445
11,114,receive_authenticate_accumulate,0.017242225,0.017242648
11,114,receive_authenticate_accumulate,0.017246262,0.017246500
11,114,receive_authenticate_accumulate,0.017251503,0.017251797
11,114,round_coverage,0.000004129,0.000003537
11,115,round_reset,0.000008870,0.000007537
11,115,receive_authenticate_accumulate,0.017249695,0.017249888
11,115,receive_authenticate_accumulate,0.017248603,0.017248815
11,115,receive_authenticate_accumulate,0.017284658,0.017258130
11,115,receive_authenticate_accumulate,0.017242288,0.017242111
11,115,receive_authenticate_accumulate,0.017246381,0.017246667
11,115,receive_authenticate_accumulate,0.017248826,0.017249112
11,115,receive_authenticate_accumulate,0.017279936,0.017260593
11,115,receive_authenticate_accumulate,0.017249660,0.017249685
11,115,receive_authenticate_accumulate,0.017247400,0.017247445
11,115,receive_authenticate_accumulate,0.017258104,0.017258370
11,115,receive_authenticate_accumulate,0.017258308,0.017258407
11,115,receive_authenticate_accumulate,0.017303602,0.017261000
11,115,receive_authenticate_accumulate,0.017247437,0.017247667
11,115,receive_authenticate_accumulate,0.017244586,0.017244926
11,115,receive_authenticate_accumulate,0.017247048,0.017247167
11,115,receive_authenticate_accumulate,0.017244382,0.017244611
11,115,reading_commitment_and_shares,0.026267815,0.026229890
11,115,receive_authenticate_accumulate,0.017297937,0.017261426
11,115,receive_authenticate_accumulate,0.017278363,0.017251815
11,115,receive_authenticate_accumulate,0.017240512,0.017240666
11,115,receive_authenticate_accumulate,0.017257049,0.017257352
11,115,round_coverage,0.000004389,0.000003704
11,116,round_reset,0.000009185,0.000007963
11,116,receive_authenticate_accumulate,0.017245575,0.017245778
11,116,receive_authenticate_accumulate,0.017251352,0.017251482
11,116,receive_authenticate_accumulate,0.017251909,0.017252204
11,116,receive_authenticate_accumulate,0.017286760,0.017262629
11,116,receive_authenticate_accumulate,0.017259056,0.017259129
11,116,receive_authenticate_accumulate,0.017248242,0.017248555
11,116,receive_authenticate_accumulate,0.017251206,0.017251333
11,116,receive_authenticate_accumulate,0.017246501,0.017246630
11,116,receive_authenticate_accumulate,0.017246742,0.017246981
11,116,receive_authenticate_accumulate,0.017243335,0.017243499
11,116,receive_authenticate_accumulate,0.017256243,0.017256481
11,116,receive_authenticate_accumulate,0.017242132,0.017242296
11,116,receive_authenticate_accumulate,0.017259169,0.017259223
11,116,receive_authenticate_accumulate,0.017249743,0.017249982
11,116,receive_authenticate_accumulate,0.017246076,0.017246296
11,116,receive_authenticate_accumulate,0.017248262,0.017248297
11,116,reading_commitment_and_shares,0.026200182,0.026200723
11,116,receive_authenticate_accumulate,0.017240688,0.017240778
11,116,receive_authenticate_accumulate,0.017248669,0.017248871
11,116,receive_authenticate_accumulate,0.017249558,0.017249722
11,116,receive_authenticate_accumulate,0.017253910,0.017254148
11,116,round_coverage,0.000004241,0.000003593
11,117,round_reset,0.000008870,0.000007630
11,117,receive_authenticate_accumulate,0.017249751,0.017249629
11,117,receive_authenticate_accumulate,0.017241325,0.017241555
11,117,receive_authenticate_accumulate,0.017251639,0.017251611
11,117,receive_authenticate_accumulate,0.017292249,0.017266166
11,117,receive_authenticate_accumulate,0.017247584,0.017247666
11,117,receive_authenticate_accumulate,0.017237343,0.017237463
11,117,receive_authenticate_accumulate,0.017240455,0.017240723
11,117,receive_authenticate_accumulate,0.017316379,0.017268316
11,117,receive_authenticate_accumulate,0.017243511,0.017243741
11,117,receive_authenticate_accumulate,0.017251270,0.017251407
11,117,receive_authenticate_accumulate,0.017248937,0.017249055
11,117,receive_authenticate_accumulate,0.017256158,0.017256500
11,117,receive_authenticate_accumulate,0.025889072,0.025889240
11,117,receive_authenticate_accumulate,0.017246474,0.017246352
11,117,receive_authenticate_accumulate,0.017244993,0.017245111
11,117,receive_authenticate_accumulate,0.017250511,0.017250722
11,117,reading_commitment_and_shares,0.026277434,0.026231315
11,117,receive_authenticate_accumulate,0.017250418,0.017250518
11,117,receive_authenticate_accumulate,0.017247901,0.017247870
11,117,receive_authenticate_accumulate,0.017243437,0.017243685
11,117,receive_authenticate_accumulate,0.017300344,0.017271351
11,117,round_coverage,0.000003851,0.000003259
11,118,round_reset,0.000009666,0.000008186
11,118,receive_authenticate_accumulate,0.017255573,0.017255592
11,118,receive_authenticate_accumulate,0.017245203,0.017245333
11,118,receive_authenticate_accumulate,0.017245555,0.017245741
11,118,receive_authenticate_accumulate,0.017254166,0.017254574
11,118,receive_authenticate_accumulate,0.017276795,0.017253593
11,118,receive_authenticate_accumulate,0.017252333,0.017252297
11,118,receive_authenticate_accumulate,0.017244185,0.017244370
11,118,receive_authenticate_accumulate,0.017249815,0.017249852
11,118,receive_authenticate_accumulate,0.017246685,0.017246723
11,118,receive_authenticate_accumulate,0.017247815,0.017247981
11,118,receive_authenticate_accumulate,0.017232001,0.017231889
11,118,receive_authenticate_accumulate,0.017282203,0.017282481
11,118,receive_authenticate_accumulate,0.017248149,0.017248148
11,118,receive_authenticate_accumulate,0.017243389,0.017243481
11,118,receive_authenticate_accumulate,0.017245519,0.017245500
11,118,receive_authenticate_accumulate,0.017245001,0.017245203
11,118,reading_commitment_and_shares,0.026207615,0.026208277
11,118,receive_authenticate_accumulate,0.017240335,0.017240592
11,118,receive_authenticate_accumulate,0.017246260,0.017246408
11,118,receive_authenticate_accumulate,0.017245742,0.017245648
11,118,receive_authenticate_accumulate,0.017242279,0.017242240
11,118,round_coverage,0.000004203,0.000003278
11,119,round_reset,0.000010611,0.000009093
11,119,receive_authenticate_accumulate,0.017255970,0.017255981
11,119,receive_authenticate_accumulate,0.017245711,0.017245889
11,119,receive_authenticate_accumulate,0.017245396,0.017245315
11,119,receive_authenticate_accumulate,0.017250303,0.017250203
11,119,receive_authenticate_accumulate,0.017259229,0.017259074
11,119,receive_authenticate_accumulate,0.017254081,0.017253741
11,119,receive_authenticate_accumulate,0.017252618,0.017252555
11,119,receive_authenticate_accumulate,0.017251674,0.017251815
11,119,receive_authenticate_accumulate,0.017324432,0.017283204
11,119,receive_authenticate_accumulate,0.017250582,0.017250760
11,119,receive_authenticate_accumulate,0.017242379,0.017242296
11,119,receive_authenticate_accumulate,0.017249508,0.017249592
11,119,receive_authenticate_accumulate,0.017245823,0.017245815
11,119,receive_authenticate_accumulate,0.017288286,0.017288277
11,119,receive_authenticate_accumulate,0.017280156,0.017257055
11,119,receive_authenticate_accumulate,0.017253527,0.017253723
11,119,reading_commitment_and_shares,0.026214108,0.026214463
11,119,receive_authenticate_accumulate,0.017238935,0.017239203
11,119,receive_authenticate_accumulate,0.017248638,0.017248722
11,119,receive_authenticate_accumulate,0.017244027,0.017244037
11,119,receive_authenticate_accumulate,0.017240620,0.017240592
11,119,round_coverage,0.000004426,0.000003648
12,120,period_reset,0.000025610,0.000023982
12,120,receive_authenticate_accumulate,0.000094276,0.000092889
12,120,receive_authenticate_accumulate,0.000093369,0.000093278
12,120,receive_authenticate_accumulate,0.000091887,0.000091593
12,120,receive_authenticate_accumulate,0.000092406,0.000091556
12,120,receive_authenticate_accumulate,0.000090535,0.000090463
12,120,receive_authenticate_accumulate,0.000090073,0.000089833
12,120,receive_authenticate_accumulate,0.000091535,0.000090907
12,120,receive_authenticate_accumulate,0.000092573,0.000092389
12,120,receive_authenticate_accumulate,0.000090442,0.000090222
12,120,receive_authenticate_accumulate,0.000089794,0.000089555
12,120,receive_authenticate_accumulate,0.000089461,0.000089204
12,120,receive_authenticate_accumulate,0.000089665,0.000088963
12,120,receive_authenticate_accumulate,0.000092794,0.000092592
12,120,receive_authenticate_accumulate,0.000091109,0.000090871
12,120,receive_authenticate_accumulate,0.000089461,0.000089259
12,120,receive_authenticate_accumulate,0.000091572,0.000091518
12,120,randomness_commit,0.000686690,0.000686222
12,120,receive_authenticate_accumulate,0.000054906,0.000054685
12,120,receive_authenticate_accumulate,0.000056351,0.000056148
12,120,receive_authenticate_accumulate,0.000057110,0.000056815
12,120,receive_authenticate_accumulate,0.000057129,0.000057075
12,120,receive_authenticate_accumulate,0.000071350,0.000071333
12,120,receive_authenticate_accumulate,0.000063776,0.000063686
12,120,receive_authenticate_accumulate,0.000068388,0.000068111
12,120,receive_authenticate_accumulate,0.000100664,0.000100500
12,120,receive_authenticate_accumulate,0.000067425,0.000067296
12,120,receive_authenticate_accumulate,0.000067388,0.000067167
12,120,receive_authenticate_accumulate,0.000065035,0.000064889
12,120,receive_authenticate_accumulate,0.000065203,0.000065111
12,120,receive_authenticate_accumulate,0.000066740,0.000066445
12,120,receive_authenticate_accumulate,0.000067461,0.000067149
12,120,receive_authenticate_accumulate,0.000066647,0.000066481
12,120,receive_authenticate_accumulate,0.000066462,0.000066167
12,120,receive_authenticate_accumulate,0.000066036,0.000065926
12,120,receive_authenticate_accumulate,0.000066017,0.000065833
12,120,receive_authenticate_accumulate,0.000066017,0.000065519
12,120,receive_authenticate_accumulate,0.000065258,0.000065055
12,120,randomness_reveal,0.000443935,0.000443796
12,120,receive_authenticate_accumulate,0.000065258,0.000065092
12,120,receive_authenticate_accumulate,0.000066814,0.000066685
12,120,receive_authenticate_accumulate,0.000067684,0.000067240
12,120,receive_authenticate_accumulate,0.000066350,0.000066019
12,120,committee_selection,0.000123683,0.000123314
12,120,round_reset,0.000005685,0.000005019
12,120,receive_authenticate_accumulate,0.017247404,0.017247629
12,120,receive_authenticate_accumulate,0.000050129,0.000049926
12,120,receive_authenticate_accumulate,0.017250366,0.017250148
12,120,receive_authenticate_accumulate,0.000050258,0.000050111
12,120,receive_authenticate_accumulate,0.017251348,0.017251260
12,120,receive_authenticate_accumulate,0.000050332,0.000050166
12,120,receive_authenticate_accumulate,0.017244181,0.017244185
12,120,receive_authenticate_accumulate,0.000052166,0.000051889
12,120,receive_authenticate_accumulate,0.017244830,0.017244981
12,120,receive_authenticate_accumulate,0.000051184,0.000051055
12,120,receive_authenticate_accumulate,0.017324254,0.017285888
12,120,receive_authenticate_accumulate,0.000050258,0.000050223
12,120,receive_authenticate_accumulate,0.017243274,0.017243519
12,120,receive_authenticate_accumulate,0.000049999,0.000049908
12,120,receive_authenticate_accumulate,0.017284904,0.017267907
12,120,receive_authenticate_accumulate,0.000050574,0.000050352
12,120,receive_authenticate_accumulate,0.017241904,0.017242148
12,120,receive_authenticate_accumulate,0.000048814,0.000048500
12,120,receive_authenticate_accumulate,0.017264904,0.017264833
12,120,receive_authenticate_accumulate,0.000050147,0.000050037
12,120,receive_authenticate_accumulate,0.017246312,0.017246297
12,120,receive_authenticate_accumulate,0.000048685,0.000048555
12,120,receive_authenticate_accumulate,0.017245904,0.017246130
12,120,receive_authenticate_accumulate,0.000050332,0.000050315
12,120,receive_authenticate_accumulate,0.017258997,0.017258963
12,120,receive_authenticate_accumulate,0.000050981,0.000050741
12,120,receive_authenticate_accumulate,0.017245294,0.017245463
12,120,receive_authenticate_accumulate,0.000051962,0.000051629
12,120,receive_authenticate_accumulate,0.017241868,0.017241982
12,120,receive_authenticate_accumulate,0.000050073,0.000049500
12,120,receive_authenticate_accumulate,0.017248387,0.017248499
12,120,receive_authenticate_accumulate,0.000049888,0.000049759
12,120,reading_commitment_and_shares,0.026196415,0.026196963
12,120,receive_authenticate_accumulate,0.017299311,0.017275926
12,120,receive_authenticate_accumulate,0.000055240,0.000054963
12,120,receive_authenticate_accumulate,0.017251812,0.017252129
12,120,receive_authenticate_accumulate,0.000053962,0.000053722
12,120,receive_authenticate_accumulate,0.017247849,0.017247611
12,120,receive_authenticate_accumulate,0.000053369,0.000052963
12,120,receive_authenticate_accumulate,0.017240980,0.017241055
12,120,receive_authenticate_accumulate,0.000052925,0.000052796
12,120,round_coverage,0.000003407,0.000002778
12,120,spatial_report,0.000039592,0.000039371
12,121,round_reset,0.000010277,0.000007722
12,121,receive_authenticate_accumulate,0.017247262,0.017246982
12,121,receive_authenticate_accumulate,0.000051536,0.000051277
12,121,receive_authenticate_accumulate,0.017255447,0.017255408
12,121,receive_authenticate_accumulate,0.000052425,0.000052352
12,121,receive_authenticate_accumulate,0.017243115,0.017243241
12,121,receive_authenticate_accumulate,0.000052536,0.000052315
12,121,receive_authenticate_accumulate,0.017320298,0.017280649
12,121,receive_authenticate_accumulate,0.000051851,0.000051704
12,121,receive_authenticate_accumulate,0.017246132,0.017246185
12,121,receive_authenticate_accumulate,0.000051499,0.000051352
12,121,receive_authenticate_accumulate,0.017248873,0.017249093
12,121,receive_authenticate_accumulate,0.000052240,0.000052111
12,121,receive_authenticate_accumulate,0.017246763,0.017247018
12,121,receive_authenticate_accumulate,0.000051980,0.000051834
12,121,receive_authenticate_accumulate,0.017243281,0.017243445
12,121,receive_authenticate_accumulate,0.000052184,0.000052055
12,121,receive_authenticate_accumulate,0.017242263,0.017242555
12,121,receive_authenticate_accumulate,0.000050740,0.000050685
12,121,receive_authenticate_accumulate,0.017252003,0.017252149
12,121,receive_authenticate_accumulate,0.000051092,0.000051130
12,121,receive_authenticate_accumulate,0.017242003,0.017242204
12,121,receive_authenticate_accumulate,0.000052758,0.000052555
12,121,receive_authenticate_accumulate,0.017282762,0.017256204
12,121,receive_authenticate_accumulate,0.000054629,0.000054223
12,121,receive_authenticate_accumulate,0.017288225,0.017261037
12,121,receive_authenticate_accumulate,0.000050740,0.000050722
12,121,receive_authenticate_accumulate,0.017248171,0.017248185
12,121,receive_authenticate_accumulate,0.000051406,0.000051389
12,121,receive_authenticate_accumulate,0.017241930,0.017242351
12,121,receive_authenticate_accumulate,0.000052888,0.000052741
12,121,receive_authenticate_accumulate,0.017247412,0.017247648
12,121,receive_authenticate_accumulate,0.000051684,0.000051445
12,121,reading_commitment_and_shares,0.026191407,0.026192019
12,121,receive_authenticate_accumulate,0.017247393,0.017247482
12,121,receive_authenticate_accumulate,0.000051388,0.000051223
12,121,receive_authenticate_accumulate,0.017248412,0.017248630
12,121,receive_authenticate_accumulate,0.000050721,0.000050722
12,121,receive_authenticate_accumulate,0.017258653,0.017258963
12,121,receive_authenticate_accumulate,0.000053073,0.000052889
12,121,receive_authenticate_accumulate,0.017254301,0.017254408
12,121,receive_authenticate_accumulate,0.000052054,0.000052056
12,121,round_coverage,0.000003426,0.000002963
12,121,spatial_report,0.000040147,0.000039833
12,122,round_reset,0.000010259,0.000009000
12,122,receive_authenticate_accumulate,0.017285767,0.017261685
12,122,receive_authenticate_accumulate,0.000051406,0.000051074
12,122,receive_authenticate_accumulate,0.017249861,0.017250037
12,122,receive_authenticate_accumulate,0.000052887,0.000052389
12,122,receive_authenticate_accumulate,0.017242454,0.017242574
12,122,receive_authenticate_accumulate,0.000052629,0.000052055
12,122,receive_authenticate_accumulate,0.017251880,0.017251703
12,122,receive_authenticate_accumulate,0.000052591,0.000052519
12,122,receive_authenticate_accumulate,0.017247639,0.017247556
12,122,receive_authenticate_accumulate,0.000051850,0.000051833
12,122,receive_authenticate_accumulate,0.017242102,0.017242222
12,122,receive_authenticate_accumulate,0.000051832,0.000051648
12,122,receive_authenticate_accumulate,0.017242769,0.017242611
12,122,receive_authenticate_accumulate,0.000050795,0.000050723
12,122,receive_authenticate_accumulate,0.017247029,0.017247203
12,122,receive_authenticate_accumulate,0.000051629,0.000051519
12,122,receive_authenticate_accumulate,0.017245047,0.017244889
12,122,receive_authenticate_accumulate,0.000052721,0.000052741
12,122,receive_authenticate_accumulate,0.017244121,0.017244315
12,122,receive_authenticate_accumulate,0.000052814,0.000052704
12,122,receive_authenticate_accumulate,0.017291602,0.017264721
12,122,receive_authenticate_accumulate,0.000052536,0.000052296
12,122,receive_authenticate_accumulate,0.017237844,0.017238000
12,122,receive_authenticate_accumulate,0.000051036,0.000051000
12,122,receive_authenticate_accumulate,0.017243695,0.017243852
12,122,receive_authenticate_accumulate,0.000052758,0.000052556
12,122,receive_authenticate_accumulate,0.017284824,0.017258445
12,122,receive_authenticate_accumulate,0.000052332,0.000052185
12,122,receive_authenticate_accumulate,0.017239566,0.017239666
12,122,receive_authenticate_accumulate,0.000052074,0.000051852
12,122,receive_authenticate_accumulate,0.017241733,0.017241870
12,122,receive_authenticate_accumulate,0.000051184,0.000051111
12,122,reading_commitment_and_shares,0.026258249,0.026218371
12,122,receive_authenticate_accumulate,0.017245677,0.017245760
12,122,receive_authenticate_accumulate,0.000053258,0.000053093
12,122,receive_authenticate_accumulate,0.017245048,0.017245185
12,122,receive_authenticate_accumulate,0.000053258,0.000052889
12,122,receive_authenticate_accumulate,0.017248122,0.017248204
12,122,receive_authenticate_accumulate,0.000053518,0.000052944
12,122,receive_authenticate_accumulate,0.017248677,0.017248778
12,122,receive_authenticate_accumulate,0.000052054,0.000051834
12,122,round_coverage,0.000004186,0.000003389
12,122,spatial_report,0.000040018,0.000039834
12,123,round_reset,0.000009722,0.000008574
12,123,receive_authenticate_accumulate,0.017250478,0.017250648
12,123,receive_authenticate_accumulate,0.000051722,0.000051481
12,123,receive_authenticate_accumulate,0.017252682,0.017247148
12,123,receive_authenticate_accumulate,0.000051592,0.000051426
12,123,receive_authenticate_accumulate,0.017248589,0.017248945
12,123,receive_authenticate_accumulate,0.000052351,0.000052149
12,123,receive_authenticate_accumulate,0.017281311,0.017256315
12,123,receive_authenticate_accumulate,0.000052407,0.000052148
12,123,receive_authenticate_accumulate,0.017242664,0.017242629
12,123,receive_authenticate_accumulate,0.000051443,0.000051388
12,123,receive_authenticate_accumulate,0.017302756,0.017260388
12,123,receive_authenticate_accumulate,0.000052684,0.000052315
12,123,receive_authenticate_accumulate,0.017248367,0.017248555
12,123,receive_authenticate_accumulate,0.000051370,0.000051371
12,123,receive_authenticate_accumulate,0.017238905,0.017238834
12,123,receive_authenticate_accumulate,0.000052073,0.000051870
12,123,receive_authenticate_accumulate,0.017243275,0.017243259
12,123,receive_authenticate_accumulate,0.000053036,0.000052908
12,123,receive_authenticate_accumulate,0.017231757,0.017231870
12,123,receive_authenticate_accumulate,0.000052444,0.000052463
12,123,receive_authenticate_accumulate,0.017281294,0.017264481
12,123,receive_authenticate_accumulate,0.000052221,0.000052148
12,123,receive_authenticate_accumulate,0.017245683,0.017245926
12,123,receive_authenticate_accumulate,0.000052536,0.000052296
12,123,receive_authenticate_accumulate,0.017245165,0.017245277
12,123,receive_authenticate_accumulate,0.000052814,0.000052667
12,123,receive_authenticate_accumulate,0.017267294,0.017267481
12,123,receive_authenticate_accumulate,0.000052907,0.000052740
12,123,receive_authenticate_accumulate,0.017243757,0.017243814
12,123,receive_authenticate_accumulate,0.000051906,0.000051667
12,123,receive_authenticate_accumulate,0.017241443,0.017241371
12,123,receive_authenticate_accumulate,0.000051517,0.000051166
12,123,reading_commitment_and_shares,0.026264869,0.026233334
12,123,receive_authenticate_accumulate,0.017243368,0.017243519
12,123,receive_authenticate_accumulate,0.000051758,0.000051648
12,123,receive_authenticate_accumulate,0.017346996,0.017285519
12,123,receive_authenticate_accumulate,0.000052592,0.000052389
12,123,receive_authenticate_accumulate,0.017245295,0.017245240
12,123,receive_authenticate_accumulate,0.000052536,0.000052518
12,123,receive_authenticate_accumulate,0.017240147,0.017240278
12,123,receive_authenticate_accumulate,0.000051537,0.000051574
12,123,round_coverage,0.000004000,0.000003278
12,123,spatial_report,0.000041425,0.000041241
12,124,round_reset,0.000009352,0.000008056
12,124,receive_authenticate_accumulate,0.017248576,0.017248667
12,124,receive_authenticate_accumulate,0.000054036,0.000053963
12,124,receive_authenticate_accumulate,0.017251725,0.017251981
12,124,receive_authenticate_accumulate,0.000051128,0.000050963
12,124,receive_authenticate_accumulate,0.017237910,0.017238074
12,124,receive_authenticate_accumulate,0.000051703,0.000051741
12,124,receive_authenticate_accumulate,0.017274798,0.017274982
12,124,receive_authenticate_accumulate,0.000053758,0.000053722
12,124,receive_authenticate_accumulate,0.017250522,0.017250537
12,124,receive_authenticate_accumulate,0.000050684,0.000050777
12,124,receive_authenticate_accumulate,0.017290891,0.017265110
12,124,receive_authenticate_accumulate,0.000051851,0.000051686
12,124,receive_authenticate_accumulate,0.017254206,0.017254389
12,124,receive_authenticate_accumulate,0.000050536,0.000050519
12,124,receive_authenticate_accumulate,0.017249929,0.017250000
12,124,receive_authenticate_accumulate,0.000049926,0.000049815
12,124,receive_authenticate_accumulate,0.017249670,0.017249889
12,124,receive_authenticate_accumulate,0.000049832,0.000049703
12,124,receive_authenticate_accumulate,0.017263244,0.017263426
12,124,receive_authenticate_accumulate,0.000050703,0.000050704
12,124,receive_authenticate_accumulate,0.017242485,0.017242481
12,124,receive_authenticate_accumulate,0.000067425,0.000067204
12,124,receive_authenticate_accumulate,0.017243392,0.017243555
12,124,receive_authenticate_accumulate,0.000048092,0.000047944
12,124,receive_authenticate_accumulate,0.017244911,0.017245092
12,124,receive_authenticate_accumulate,0.000048813,0.000048704
12,124,receive_authenticate_accumulate,0.017243781,0.017244148
12,124,receive_authenticate_accumulate,0.000049092,0.000049037
12,124,receive_authenticate_accumulate,0.017250911,0.017251055
12,124,receive_authenticate_accumulate,0.000050092,0.000050167
12,124,receive_authenticate_accumulate,0.017258151,0.017258203
12,124,receive_authenticate_accumulate,0.000049406,0.000049371
12,124,reading_commitment_and_shares,0.026250397,0.026221055
12,124,receive_authenticate_accumulate,0.017249430,0.017249518
12,124,receive_authenticate_accumulate,0.000055147,0.000054852
12,124,receive_authenticate_accumulate,0.017256282,0.017256388
12,124,receive_authenticate_accumulate,0.000053555,0.000053500
12,124,receive_authenticate_accumulate,0.017244226,0.017244444
12,124,receive_authenticate_accumulate,0.000051314,0.000051222
12,124,receive_authenticate_accumulate,0.017243485,0.017243352
12,124,receive_authenticate_accumulate,0.000049795,0.000049667
12,124,round_coverage,0.000003907,0.000003056
12,124,spatial_report,0.000039592,0.000039352
12,125,round_reset,0.000009222,0.000007963
12,125,receive_authenticate_accumulate,0.017251583,0.017251574
12,125,receive_authenticate_accumulate,0.000050092,0.000049945
12,125,receive_authenticate_accumulate,0.017246231,0.017246592
12,125,receive_authenticate_accumulate,0.000050758,0.000050648
12,125,receive_authenticate_accumulate,0.017246935,0.017246852
12,125,receive_authenticate_accumulate,0.000049000,0.000048981
12,125,receive_authenticate_accumulate,0.017244416,0.017244574
12,125,receive_authenticate_accumulate,0.000051240,0.000051092
12,125,receive_authenticate_accumulate,0.017250471,0.017250685
12,125,receive_authenticate_accumulate,0.000049739,0.000049704
12,125,receive_authenticate_accumulate,0.017253675,0.017253741
12,125,receive_authenticate_accumulate,0.000050925,0.000050796
12,125,receive_authenticate_accumulate,0.017246972,0.017247074
12,125,receive_authenticate_accumulate,0.000051684,0.000051611
12,125,receive_authenticate_accumulate,0.017247527,0.017247630
12,125,receive_authenticate_accumulate,0.000049684,0.000049574
12,125,receive_authenticate_accumulate,0.017295193,0.017272371
12,125,receive_authenticate_accumulate,0.000051240,0.000051296
12,125,receive_authenticate_accumulate,0.017251583,0.017251741
12,125,receive_authenticate_accumulate,0.000049851,0.000049870
12,125,receive_authenticate_accumulate,0.017243157,0.017243315
12,125,receive_authenticate_accumulate,0.000052925,0.000052907
12,125,receive_authenticate_accumulate,0.017248842,0.017249037
12,125,receive_authenticate_accumulate,0.000050943,0.000050889
12,125,receive_authenticate_accumulate,0.017250861,0.017250870
12,125,receive_authenticate_accumulate,0.000049888,0.000049741
12,125,receive_authenticate_accumulate,0.017261935,0.017261981
12,125,receive_authenticate_accumulate,0.000051369,0.000051241
12,125,receive_authenticate_accumulate,0.017258435,0.017258314
12,125,receive_authenticate_accumulate,0.000050906,0.000050852
12,125,receive_authenticate_accumulate,0.017284342,0.017257222
12,125,receive_authenticate_accumulate,0.000051203,0.000051204
12,125,reading_commitment_and_shares,0.026193425,0.026193852
12,125,receive_authenticate_accumulate,0.017247213,0.017247277
12,125,receive_authenticate_accumulate,0.000050332,0.000050241
12,125,receive_authenticate_accumulate,0.017254898,0.017254926
12,125,receive_authenticate_accumulate,0.000051202,0.000051148
12,125,receive_authenticate_accumulate,0.017250454,0.017250537
12,125,receive_authenticate_accumulate,0.000051647,0.000051555
12,125,receive_authenticate_accumulate,0.017250399,0.017250444
12,125,receive_authenticate_accumulate,0.000056129,0.000056000
12,125,round_coverage,0.000003815,0.000003074
12,125,spatial_report,0.000039425,0.000039296
12,126,round_reset,0.000009907,0.000008629
12,126,receive_authenticate_accumulate,0.017250976,0.017251092
12,126,receive_authenticate_accumulate,0.000050407,0.000050166
12,126,receive_authenticate_accumulate,0.017246958,0.017247074
12,126,receive_authenticate_accumulate,0.000050628,0.000050592
12,126,receive_authenticate_accumulate,0.017246402,0.017246500
12,126,receive_authenticate_accumulate,0.000048943,0.000048871
12,126,receive_authenticate_accumulate,0.017253995,0.017253982
12,126,receive_authenticate_accumulate,0.000048517,0.000048426
12,126,receive_authenticate_accumulate,0.017295124,0.017267963
12,126,receive_authenticate_accumulate,0.000051129,0.000051056
12,126,receive_authenticate_accumulate,0.017249606,0.017249759
12,126,receive_authenticate_accumulate,0.000052203,0.000052111
12,126,receive_authenticate_accumulate,0.017251717,0.017251833
12,126,receive_authenticate_accumulate,0.000050314,0.000050223
12,126,receive_authenticate_accumulate,0.017241699,0.017241759
12,126,receive_authenticate_accumulate,0.000050462,0.000050444
12,126,receive_authenticate_accumulate,0.017250087,0.017250148
12,126,receive_authenticate_accumulate,0.000049536,0.000049315
12,126,receive_authenticate_accumulate,0.017245107,0.017245223
12,126,receive_authenticate_accumulate,0.000048129,0.000048092
12,126,receive_authenticate_accumulate,0.017290069,0.017272241
12,126,receive_authenticate_accumulate,0.000052055,0.000051926
12,126,receive_authenticate_accumulate,0.017242365,0.017242463
12,126,receive_authenticate_accumulate,0.000049592,0.000049445
12,126,receive_authenticate_accumulate,0.025950899,0.025911945
12,126,receive_authenticate_accumulate,0.000074036,0.000074055
12,126,receive_authenticate_accumulate,0.017250847,0.017250926
12,126,receive_authenticate_accumulate,0.000052370,0.000052278
12,126,receive_authenticate_accumulate,0.017251791,0.017251870
12,126,receive_authenticate_accumulate,0.000051944,0.000051907
12,126,receive_authenticate_accumulate,0.017255663,0.017255851
12,126,receive_authenticate_accumulate,0.000053388,0.000053389
12,126,reading_commitment_and_shares,0.026263561,0.026264055
12,126,receive_authenticate_accumulate,0.017248329,0.017248426
12,126,receive_authenticate_accumulate,0.000051018,0.000050944
12,126,receive_authenticate_accumulate,0.017252773,0.017252833
12,126,receive_authenticate_accumulate,0.000050721,0.000050537
12,126,receive_authenticate_accumulate,0.017243773,0.017243833
12,126,receive_authenticate_accumulate,0.000051370,0.000051241
12,126,receive_authenticate_accumulate,0.017252811,0.017252889
12,126,receive_authenticate_accumulate,0.000050388,0.000050426
12,126,round_coverage,0.000003722,0.000003222
12,126,spatial_report,0.000039203,0.000038982
12,127,round_reset,0.000009889,0.000008500
12,127,receive_authenticate_accumulate,0.017257092,0.017257111
12,127,receive_authenticate_accumulate,0.000050944,0.000050908
12,127,receive_authenticate_accumulate,0.017250519,0.017250593
12,127,receive_authenticate_accumulate,0.000050147,0.000050093
12,127,receive_authenticate_accumulate,0.017279388,0.017267611
12,127,receive_authenticate_accumulate,0.000051962,0.000052000
12,127,receive_authenticate_accumulate,0.017250314,0.017250407
12,127,receive_authenticate_accumulate,0.000049906,0.000049926
12,127,receive_authenticate_accumulate,0.017258870,0.017259074
12,127,receive_authenticate_accumulate,0.000061239,0.000061129
12,127,receive_authenticate_accumulate,0.017260389,0.017260500
12,127,receive_authenticate_accumulate,0.000049944,0.000049907
12,127,receive_authenticate_accumulate,0.017257963,0.017253537
12,127,receive_authenticate_accumulate,0.000048740,0.000048741
12,127,receive_authenticate_accumulate,0.017252000,0.017252129
12,127,receive_authenticate_accumulate,0.000051925,0.000051834
12,127,receive_authenticate_accumulate,0.017253112,0.017253111
12,127,receive_authenticate_accumulate,0.000052369,0.000052223
12,127,receive_authenticate_accumulate,0.017250222,0.017250277
12,127,receive_authenticate_accumulate,0.000050406,0.000050241
12,127,receive_authenticate_accumulate,0.017250963,0.017251055
12,127,receive_authenticate_accumulate,0.000051425,0.000051351
12,127,receive_authenticate_accumulate,0.017252796,0.017252815
12,127,receive_authenticate_accumulate,0.000051332,0.000051241
12,127,receive_authenticate_accumulate,0.022795683,0.022704908
12,127,receive_authenticate_accumulate,0.000073166,0.000073278
12,127,receive_authenticate_accumulate,0.017244538,0.017244685
12,127,receive_authenticate_accumulate,0.000051591,0.000051352
12,127,receive_authenticate_accumulate,0.017244093,0.017244148
12,127,receive_authenticate_accumulate,0.000053221,0.000053241
12,127,receive_authenticate_accumulate,0.017251149,0.017251333
12,127,receive_authenticate_accumulate,0.000051796,0.000051704
12,127,reading_commitment_and_shares,0.026194570,0.026195166
12,127,receive_authenticate_accumulate,0.017257278,0.017257370
12,127,receive_authenticate_accumulate,0.000052147,0.000052093
12,127,receive_authenticate_accumulate,0.017233705,0.017233685
12,127,receive_authenticate_accumulate,0.000050758,0.000050685
12,127,receive_authenticate_accumulate,0.017244926,0.017245037
12,127,receive_authenticate_accumulate,0.000051740,0.000051666
12,127,receive_authenticate_accumulate,0.017255334,0.017255445
12,127,receive_authenticate_accumulate,0.000049777,0.000049778
12,127,round_coverage,0.000003297,0.000002797
12,127,spatial_report,0.000040222,0.000040037
12,128,round_reset,0.000008852,0.000007611
12,128,receive_authenticate_accumulate,0.017246671,0.017246759
12,128,receive_authenticate_accumulate,0.000052018,0.000051926
12,128,receive_authenticate_accumulate,0.017246486,0.017246722
12,128,receive_authenticate_accumulate,0.000049740,0.000049685
12,128,receive_authenticate_accumulate,0.017254486,0.017254741
12,128,receive_authenticate_accumulate,0.000049591,0.000049574
12,128,receive_authenticate_accumulate,0.017293726,0.017274537
12,128,receive_authenticate_accumulate,0.000051851,0.000051778
12,128,receive_authenticate_accumulate,0.017245504,0.017253056
12,128,receive_authenticate_accumulate,0.000050370,0.000050315
12,128,receive_authenticate_accumulate,0.017256023,0.017256111
12,128,receive_authenticate_accumulate,0.000049981,0.000049871
12,128,receive_authenticate_accumulate,0.017243023,0.017243185
12,128,receive_authenticate_accumulate,0.000050240,0.000050223
12,128,receive_authenticate_accumulate,0.017251949,0.017252111
12,128,receive_authenticate_accumulate,0.000050685,0.000050685
12,128,receive_authenticate_accumulate,0.017241097,0.017241222
12,128,receive_authenticate_accumulate,0.000051240,0.000051204
12,128,receive_authenticate_accumulate,0.017299096,0.017270482
12,128,receive_authenticate_accumulate,0.000050851,0.000050759
12,128,receive_authenticate_accumulate,0.017247856,0.017248019
12,128,receive_authenticate_accumulate,0.000050610,0.000050463
12,128,receive_authenticate_accumulate,0.017244671,0.017244722
12,128,receive_authenticate_accumulate,0.000051981,0.000051982
12,128,receive_authenticate_accumulate,0.017247802,0.017247926
12,128,receive_authenticate_accumulate,0.000051925,0.000051685
12,128,receive_authenticate_accumulate,0.017312800,0.017256056
12,128,receive_authenticate_accumulate,0.000051443,0.000051463
12,128,receive_authenticate_accumulate,0.017238727,0.017238926
12,128,receive_authenticate_accumulate,0.000051666,0.000051518
12,128,receive_authenticate_accumulate,0.017241783,0.017241907
12,128,receive_authenticate_accumulate,0.000052592,0.000052352
12,128,reading_commitment_and_shares,0.026196539,0.026197111
12,128,receive_authenticate_accumulate,0.017243394,0.017243574
12,128,receive_authenticate_accumulate,0.000050906,0.000050870
12,128,receive_authenticate_accumulate,0.017241987,0.017242111
12,128,receive_authenticate_accumulate,0.000051777,0.000051759
12,128,receive_authenticate_accumulate,0.017243264,0.017243407
12,128,receive_authenticate_accumulate,0.000050943,0.000050797
12,128,receive_authenticate_accumulate,0.017239469,0.017239704
12,128,receive_authenticate_accumulate,0.000051091,0.000050852
12,128,round_coverage,0.000004185,0.000003593
12,128,spatial_report,0.000040258,0.000040111
12,129,round_reset,0.000009407,0.000007926
12,129,receive_authenticate_accumulate,0.017246805,0.017246944
12,129,receive_authenticate_accumulate,0.000052703,0.000052500
12,129,receive_authenticate_accumulate,0.017248138,0.017248314
12,129,receive_authenticate_accumulate,0.000051574,0.000051612
12,129,receive_authenticate_accumulate,0.017245157,0.017245259
12,129,receive_authenticate_accumulate,0.000050721,0.000050666
12,129,receive_authenticate_accumulate,0.017244064,0.017243981
12,129,receive_authenticate_accumulate,0.000050536,0.000050518
12,129,receive_authenticate_accumulate,0.017240157,0.017240314
12,129,receive_authenticate_accumulate,0.000052758,0.000052630
12,129,receive_authenticate_accumulate,0.017249879,0.017250000
12,129,receive_authenticate_accumulate,0.000050814,0.000050741
12,129,receive_authenticate_accumulate,0.017245676,0.017245888
12,129,receive_authenticate_accumulate,0.000050296,0.000050278
12,129,receive_authenticate_accumulate,0.017277712,0.017263815
12,129,receive_authenticate_accumulate,0.000054240,0.000054037
12,129,receive_authenticate_accumulate,0.017241713,0.017241944
12,129,receive_authenticate_accumulate,0.000052036,0.000051889
12,129,receive_authenticate_accumulate,0.017240268,0.017240444
12,129,receive_authenticate_accumulate,0.000049536,0.000049537
12,129,receive_authenticate_accumulate,0.017300027,0.017276815
12,129,receive_authenticate_accumulate,0.000052000,0.000051778
12,129,receive_authenticate_accumulate,0.017241658,0.017241778
12,129,receive_authenticate_accumulate,0.000049758,0.000049556
12,129,receive_authenticate_accumulate,0.025923865,0.025893630
12,129,receive_authenticate_accumulate,0.000050999,0.000050852
12,129,receive_authenticate_accumulate,0.017271398,0.017249518
12,129,receive_authenticate_accumulate,0.000048481,0.000048445
12,129,receive_authenticate_accumulate,0.017238120,0.017238389
12,129,receive_authenticate_accumulate,0.000048165,0.000048018
12,129,receive_authenticate_accumulate,0.017252787,0.017252797
12,129,receive_authenticate_accumulate,0.000049944,0.000049888
12,129,reading_commitment_and_shares,0.026230841,0.026210981
12,129,receive_authenticate_accumulate,0.017240084,0.017240185
12,129,receive_authenticate_accumulate,0.000049462,0.000049444
12,129,receive_authenticate_accumulate,0.017242806,0.017242778
12,129,receive_authenticate_accumulate,0.000050111,0.000049796
12,129,receive_authenticate_accumulate,0.017247509,0.017247777
12,129,receive_authenticate_accumulate,0.000049555,0.000049296
12,129,receive_authenticate_accumulate,0.017249491,0.017249648
12,129,receive_authenticate_accumulate,0.000048943,0.000048889
12,129,round_coverage,0.000004389,0.000003741
12,129,spatial_report,0.000037963,0.000037555
12,129,billing_report,0.000425345,0.000424926
13,130,period_reset,0.000024611,0.000023092
13,130,receive_authenticate_accumulate,0.000090591,0.000090222
13,130,receive_authenticate_accumulate,0.000087443,0.000086889
13,130,receive_authenticate_accumulate,0.000087721,0.000087278
13,130,receive_authenticate_accumulate,0.000089314,0.000089092
13,130,receive_authenticate_accumulate,0.000087610,0.000087315
13,130,receive_authenticate_accumulate,0.000088702,0.000088370
13,130,receive_authenticate_accumulate,0.000087684,0.000087000
13,130,receive_authenticate_accumulate,0.000068425,0.000068056
13,130,receive_authenticate_accumulate,0.000067703,0.000067482
13,130,receive_authenticate_accumulate,0.000066980,0.000066574
13,130,receive_authenticate_accumulate,0.000066795,0.000066444
13,130,receive_authenticate_accumulate,0.000069554,0.000069000
13,130,receive_authenticate_accumulate,0.000067017,0.000066926
13,130,receive_authenticate_accumulate,0.000066203,0.000065852
13,130,receive_authenticate_accumulate,0.000098369,0.000098074
13,130,receive_authenticate_accumulate,0.000068925,0.000068352
13,130,randomness_commit,0.000609361,0.000609074
13,130,receive_authenticate_accumulate,0.000067573,0.000067259
13,130,receive_authenticate_accumulate,0.000067962,0.000067426
13,130,receive_authenticate_accumulate,0.000067314,0.000067037
13,130,receive_authenticate_accumulate,0.000066962,0.000066704
13,130,receive_authenticate_accumulate,0.000082795,0.000082685
13,130,receive_authenticate_accumulate,0.000080813,0.000080352
13,130,receive_authenticate_accumulate,0.000082091,0.000081777
13,130,receive_authenticate_accumulate,0.000080499,0.000080185
13,130,receive_authenticate_accumulate,0.000079610,0.000079333
13,130,receive_authenticate_accumulate,0.000079814,0.000079518
13,130,receive_authenticate_accumulate,0.000079628,0.000079556
13,130,receive_authenticate_accumulate,0.000080572,0.000080204
13,130,receive_authenticate_accumulate,0.000081277,0.000081038
13,130,receive_authenticate_accumulate,0.000066870,0.000066611
13,130,receive_authenticate_accumulate,0.000065555,0.000065445
13,130,receive_authenticate_accumulate,0.000065962,0.000065611
13,130,receive_authenticate_accumulate,0.000067055,0.000066722
13,130,receive_authenticate_accumulate,0.000065314,0.000064704
13,130,receive_authenticate_accumulate,0.000058276,0.000058130
13,130,receive_authenticate_accumulate,0.000065517,0.000065333
13,130,randomness_reveal,0.000445974,0.000445685
13,130,receive_authenticate_accumulate,0.000065777,0.000065426
13,130,receive_authenticate_accumulate,0.000065962,0.000065740
13,130,receive_authenticate_accumulate,0.000067110,0.000066833
13,130,receive_authenticate_accumulate,0.000065758,0.000065500
13,130,committee_selection,0.000124331,0.000123889
13,130,round_reset,0.000005444,0.000004445
13,130,receive_authenticate_accumulate,0.017246050,0.017246185
13,130,receive_authenticate_accumulate,0.000049166,0.000048944
13,130,receive_authenticate_accumulate,0.017254179,0.017254222
13,130,receive_authenticate_accumulate,0.000047888,0.000047704
13,130,receive_authenticate_accumulate,0.017241476,0.017241648
13,130,receive_authenticate_accumulate,0.000049499,0.000049481
13,130,receive_authenticate_accumulate,0.017243290,0.017243351
13,130,receive_authenticate_accumulate,0.000048592,0.000048445
13,130,receive_authenticate_accumulate,0.017276401,0.017259555
13,130,receive_authenticate_accumulate,0.000049073,0.000048778
13,130,receive_authenticate_accumulate,0.017250791,0.017250704
13,130,receive_authenticate_accumulate,0.000049629,0.000049444
13,130,receive_authenticate_accumulate,0.017250180,0.017250203
13,130,receive_authenticate_accumulate,0.000049721,0.000049537
13,130,receive_authenticate_accumulate,0.017246698,0.017246648
13,130,receive_authenticate_accumulate,0.000049000,0.000048740
13,130,receive_authenticate_accumulate,0.017239013,0.017238982
13,130,receive_authenticate_accumulate,0.000049425,0.000049222
13,130,receive_authenticate_accumulate,0.017242180,0.017242222
13,130,receive_authenticate_accumulate,0.000047814,0.000047630
13,130,receive_authenticate_accumulate,0.017266976,0.017267018
13,130,receive_authenticate_accumulate,0.000050463,0.000050334
13,130,receive_authenticate_accumulate,0.017251365,0.017251519
13,130,receive_authenticate_accumulate,0.000051536,0.000051389
13,130,receive_authenticate_accumulate,0.019194278,0.019109463
13,130,receive_authenticate_accumulate,0.000074999,0.000074815
13,130,receive_authenticate_accumulate,0.017254439,0.017254537
13,130,receive_authenticate_accumulate,0.000050426,0.000050167
13,130,receive_authenticate_accumulate,0.017250958,0.017251019
13,130,receive_authenticate_accumulate,0.000052444,0.000052148
13,130,receive_authenticate_accumulate,0.017244772,0.017244797
13,130,receive_authenticate_accumulate,0.000051222,0.000051111
13,130,reading_commitment_and_shares,0.026251514,0.026226962
13,130,receive_authenticate_accumulate,0.017251791,0.017251815
13,130,receive_authenticate_accumulate,0.000050370,0.000050352
13,130,receive_authenticate_accumulate,0.017248736,0.017248889
13,130,receive_authenticate_accumulate,0.000051017,0.000050870
13,130,receive_authenticate_accumulate,0.017255051,0.017254963
13,130,receive_authenticate_accumulate,0.000050277,0.000050111
13,130,receive_authenticate_accumulate,0.017238921,0.017239019
13,130,receive_authenticate_accumulate,0.000049981,0.000049759
13,130,round_coverage,0.000003759,0.000003204
13,130,spatial_report,0.000038980,0.000038833
13,131,round_reset,0.000009537,0.000007963
13,131,receive_authenticate_accumulate,0.017273941,0.017274314
13,131,receive_authenticate_accumulate,0.000052684,0.000052518
13,131,receive_authenticate_accumulate,0.017240220,0.017240204
13,131,receive_authenticate_accumulate,0.000051555,0.000051389
13,131,receive_authenticate_accumulate,0.017245664,0.017245870
13,131,receive_authenticate_accumulate,0.000050110,0.000049982
13,131,receive_authenticate_accumulate,0.017244442,0.017244537
13,131,receive_authenticate_accumulate,0.000052610,0.000052389
13,131,receive_authenticate_accumulate,0.017249628,0.017249778
13,131,receive_authenticate_accumulate,0.000051573,0.000051371
13,131,receive_authenticate_accumulate,0.017248257,0.017248370
13,131,receive_authenticate_accumulate,0.000049555,0.000049426
13,131,receive_authenticate_accumulate,0.017251739,0.017251815
13,131,receive_authenticate_accumulate,0.000051333,0.000051203
13,131,receive_authenticate_accumulate,0.017255868,0.017256018
13,131,receive_authenticate_accumulate,0.000052017,0.000051796
13,131,receive_authenticate_accumulate,0.017241665,0.017241482
13,131,receive_authenticate_accumulate,0.000052759,0.000052537
13,131,receive_authenticate_accumulate,0.017253072,0.017253204
13,131,receive_authenticate_accumulate,0.000050870,0.000050722
13,131,receive_authenticate_accumulate,0.017254091,0.017254111
13,131,receive_authenticate_accumulate,0.000051425,0.000051333
13,131,receive_authenticate_accumulate,0.017252962,0.017253037
13,131,receive_authenticate_accumulate,0.000050944,0.000050759
13,131,receive_authenticate_accumulate,0.017242628,0.017242648
13,131,receive_authenticate_accumulate,0.000051277,0.000051167
13,131,receive_authenticate_accumulate,0.017305461,0.017305778
13,131,receive_authenticate_accumulate,0.000051925,0.000051797
13,131,receive_authenticate_accumulate,0.017305257,0.017305500
13,131,receive_authenticate_accumulate,0.000052814,0.000052556
13,131,receive_authenticate_accumulate,0.017245554,0.017245426
13,131,receive_authenticate_accumulate,0.000050129,0.000050056
13,131,reading_commitment_and_shares,0.026192113,0.026192686
13,131,receive_authenticate_accumulate,0.017242573,0.017242593
13,131,receive_authenticate_accumulate,0.000049851,0.000049797
13,131,receive_authenticate_accumulate,0.017245406,0.017245185
13,131,receive_authenticate_accumulate,0.000051370,0.000051352
13,131,receive_authenticate_accumulate,0.017245480,0.017245463
13,131,receive_authenticate_accumulate,0.000050425,0.000050444
13,131,receive_authenticate_accumulate,0.017250202,0.017250185
13,131,receive_authenticate_accumulate,0.000051888,0.000051778
13,131,round_coverage,0.000003870,0.000003204
13,131,spatial_report,0.000039536,0.000039259
13,132,round_reset,0.000009408,0.000008018
13,132,receive_authenticate_accumulate,0.017251224,0.017251370
13,132,receive_authenticate_accumulate,0.000049592,0.000049593
13,132,receive_authenticate_accumulate,0.017243576,0.017243111
13,132,receive_authenticate_accumulate,0.000050795,0.000050667
13,132,receive_authenticate_accumulate,0.017251835,0.017251870
13,132,receive_authenticate_accumulate,0.000051333,0.000051315
13,132,receive_authenticate_accumulate,0.017252113,0.017252315
13,132,receive_authenticate_accumulate,0.000052499,0.000052278
13,132,receive_authenticate_accumulate,0.017245280,0.017245167
13,132,receive_authenticate_accumulate,0.000050351,0.000050204
13,132,receive_authenticate_accumulate,0.017244428,0.017244426
13,132,receive_authenticate_accumulate,0.000050870,0.000050871
13,132,receive_authenticate_accumulate,0.017250779,0.017250778
13,132,receive_authenticate_accumulate,0.000052017,0.000051704
13,132,receive_authenticate_accumulate,0.017252798,0.017252574
13,132,receive_authenticate_accumulate,0.000051573,0.000051481
13,132,receive_authenticate_accumulate,0.017249816,0.017249852
13,132,receive_authenticate_accumulate,0.000050703,0.000050667
13,132,receive_authenticate_accumulate,0.017246558,0.017246555
13,132,receive_authenticate_accumulate,0.000050370,0.000050185
13,132,receive_authenticate_accumulate,0.017244280,0.017244259
13,132,receive_authenticate_accumulate,0.000051796,0.000051648
13,132,receive_authenticate_accumulate,0.017259983,0.017260000
13,132,receive_authenticate_accumulate,0.000050296,0.000050111
13,132,receive_authenticate_accumulate,0.017255317,0.017255167
13,132,receive_authenticate_accumulate,0.000049592,0.000049481
13,132,receive_authenticate_accumulate,0.017252150,0.017252000
13,132,receive_authenticate_accumulate,0.000051184,0.000051148
13,132,receive_authenticate_accumulate,0.017251799,0.017251797
13,132,receive_authenticate_accumulate,0.000052296,0.000052241
13,132,receive_authenticate_accumulate,0.017251335,0.017251278
13,132,receive_authenticate_accumulate,0.000049832,0.000049778
13,132,reading_commitment_and_shares,0.026196915,0.026197462
13,132,receive_authenticate_accumulate,0.017247077,0.017247093
13,132,receive_authenticate_accumulate,0.000051203,0.000051000
13,132,receive_authenticate_accumulate,0.017307909,0.017308204
13,132,receive_authenticate_accumulate,0.000051055,0.000050870
13,132,receive_authenticate_accumulate,0.017253762,0.017253833
13,132,receive_authenticate_accumulate,0.000051555,0.000051556
13,132,receive_authenticate_accumulate,0.017255650,0.017255704
13,132,receive_authenticate_accumulate,0.000051277,0.000051111
13,132,round_coverage,0.000003796,0.000003093
13,132,spatial_report,0.000039258,0.000039093
13,133,round_reset,0.000009074,0.000007315
13,133,receive_authenticate_accumulate,0.017249042,0.017249185
13,133,receive_authenticate_accumulate,0.000049944,0.000049814
13,133,receive_authenticate_accumulate,0.017249598,0.017249685
13,133,receive_authenticate_accumulate,0.000051129,0.000050888
13,133,receive_authenticate_accumulate,0.017243097,0.017243204
13,133,receive_authenticate_accumulate,0.000051684,0.000051649
13,133,receive_authenticate_accumulate,0.017302059,0.017274388
13,133,receive_authenticate_accumulate,0.000050795,0.000050648
13,133,receive_authenticate_accumulate,0.017243338,0.017243371
13,133,receive_authenticate_accumulate,0.000051259,0.000051019
13,133,receive_authenticate_accumulate,0.017254579,0.017254574
13,133,receive_authenticate_accumulate,0.000051962,0.000051944
13,133,receive_authenticate_accumulate,0.017244524,0.017244630
13,133,receive_authenticate_accumulate,0.000051314,0.000051278
13,133,receive_authenticate_accumulate,0.017252338,0.017252333
13,133,receive_authenticate_accumulate,0.000054536,0.000054259
13,133,receive_authenticate_accumulate,0.017254635,0.017254685
13,133,receive_authenticate_accumulate,0.000051869,0.000051685
13,133,receive_authenticate_accumulate,0.017287393,0.017287407
13,133,receive_authenticate_accumulate,0.000048999,0.000048889
13,133,receive_authenticate_accumulate,0.017249801,0.017249796
13,133,receive_authenticate_accumulate,0.000049166,0.000049037
13,133,receive_authenticate_accumulate,0.017242358,0.017242352
13,133,receive_authenticate_accumulate,0.000049444,0.000049000
13,133,receive_authenticate_accumulate,0.025886295,0.025886574
13,133,receive_authenticate_accumulate,0.000049925,0.000049685
13,133,receive_authenticate_accumulate,0.017244079,0.017244185
13,133,receive_authenticate_accumulate,0.000049388,0.000049241
13,133,receive_authenticate_accumulate,0.017249302,0.017249352
13,133,receive_authenticate_accumulate,0.000049314,0.000048759
13,133,receive_authenticate_accumulate,0.017243469,0.017243130
13,133,receive_authenticate_accumulate,0.000048703,0.000048425
13,133,reading_commitment_and_shares,0.026205586,0.026206019
13,133,receive_authenticate_accumulate,0.017253024,0.017253037
13,133,receive_authenticate_accumulate,0.000050314,0.000050111
13,133,receive_authenticate_accumulate,0.017248524,0.017248500
13,133,receive_authenticate_accumulate,0.000050740,0.000050352
13,133,receive_authenticate_accumulate,0.017249895,0.017249778
13,133,receive_authenticate_accumulate,0.000050851,0.000050778
13,133,receive_authenticate_accumulate,0.017248080,0.017248111
13,133,receive_authenticate_accumulate,0.000051314,0.000051167
13,133,round_coverage,0.000003963,0.000003352
13,133,spatial_report,0.000039407,0.000039241
13,134,round_reset,0.000009667,0.000007871
13,134,receive_authenticate_accumulate,0.017248694,0.017248537
13,134,receive_authenticate_accumulate,0.000051203,0.000051055
13,134,receive_authenticate_accumulate,0.017251860,0.017251704
13,134,receive_authenticate_accumulate,0.000051203,0.000050945
13,134,receive_authenticate_accumulate,0.017253471,0.017253371
13,134,receive_authenticate_accumulate,0.000051722,0.000051648
13,134,receive_authenticate_accumulate,0.017239620,0.017239685
13,134,receive_authenticate_accumulate,0.000050425,0.000050296
13,134,receive_authenticate_accumulate,0.017249564,0.017249630
13,134,receive_authenticate_accumulate,0.000050351,0.000050056
13,134,receive_authenticate_accumulate,0.017243341,0.017243333
13,134,receive_authenticate_accumulate,0.000050129,0.000049944
13,134,receive_authenticate_accumulate,0.017292564,0.017269186
13,134,receive_authenticate_accumulate,0.000051647,0.000051593
13,134,receive_authenticate_accumulate,0.017246509,0.017246537
13,134,receive_authenticate_accumulate,0.000050647,0.000050444
13,134,receive_authenticate_accumulate,0.017251267,0.017251315
13,134,receive_authenticate_accumulate,0.000050481,0.000050500
13,134,receive_authenticate_accumulate,0.017247546,0.017247352
13,134,receive_authenticate_accumulate,0.000049703,0.000049685
13,134,receive_authenticate_accumulate,0.017249879,0.017249945
13,134,receive_authenticate_accumulate,0.000053740,0.000053592
13,134,receive_authenticate_accumulate,0.017252009,0.017252093
13,134,receive_authenticate_accumulate,0.000051054,0.000051000
13,134,receive_authenticate_accumulate,0.017245824,0.017245889
13,134,receive_authenticate_accumulate,0.000050536,0.000050519
13,134,receive_authenticate_accumulate,0.017247046,0.017247093
13,134,receive_authenticate_accumulate,0.000051073,0.000051056
13,134,receive_authenticate_accumulate,0.017253583,0.017253500
13,134,receive_authenticate_accumulate,0.000051536,0.000051334
13,134,receive_authenticate_accumulate,0.017244676,0.017244778
13,134,receive_authenticate_accumulate,0.000049758,0.000049574
13,134,reading_commitment_and_shares,0.026196424,0.026196926
13,134,receive_authenticate_accumulate,0.017248657,0.017248704
13,134,receive_authenticate_accumulate,0.000050796,0.000050704
13,134,receive_authenticate_accumulate,0.017243342,0.017243500
13,134,receive_authenticate_accumulate,0.000052296,0.000052018
13,134,receive_authenticate_accumulate,0.017247287,0.017247408
13,134,receive_authenticate_accumulate,0.000052370,0.000052167
13,134,receive_authenticate_accumulate,0.017250083,0.017249833
13,134,receive_authenticate_accumulate,0.000052148,0.000051925
13,134,round_coverage,0.000003592,0.000003074
13,134,spatial_report,0.000039277,0.000039112
13,135,round_reset,0.000010148,0.000008500
13,135,receive_authenticate_accumulate,0.017254252,0.017254333
13,135,receive_authenticate_accumulate,0.000049666,0.000049482
13,135,receive_authenticate_accumulate,0.017262456,0.017262556
13,135,receive_authenticate_accumulate,0.000050999,0.000050759
13,135,receive_authenticate_accumulate,0.017244919,0.017244722
13,135,receive_authenticate_accumulate,0.000051184,0.000050907
13,135,receive_authenticate_accumulate,0.017256122,0.017256111
13,135,receive_authenticate_accumulate,0.000050277,0.000050260
13,135,receive_authenticate_accumulate,0.017287196,0.017259241
13,135,receive_authenticate_accumulate,0.000050277,0.000050037
13,135,receive_authenticate_accumulate,0.017246030,0.017245944
13,135,receive_authenticate_accumulate,0.000049574,0.000049352
13,135,receive_authenticate_accumulate,0.017250400,0.017250481
13,135,receive_authenticate_accumulate,0.000050962,0.000051000
13,135,receive_authenticate_accumulate,0.017248308,0.017248259
13,135,receive_authenticate_accumulate,0.000050665,0.000050481
13,135,receive_authenticate_accumulate,0.017248808,0.017248852
13,135,receive_authenticate_accumulate,0.000050721,0.000050704
13,135,receive_authenticate_accumulate,0.017247345,0.017247370
13,135,receive_authenticate_accumulate,0.000050462,0.000050389
13,135,receive_authenticate_accumulate,0.017256696,0.017256519
13,135,receive_authenticate_accumulate,0.000051500,0.000051314
13,135,receive_authenticate_accumulate,0.017248141,0.017248186
13,135,receive_authenticate_accumulate,0.000052221,0.000052055
13,135,receive_authenticate_accumulate,0.023378083,0.023303646
13,135,receive_authenticate_accumulate,0.000074221,0.000074092
13,135,receive_authenticate_accumulate,0.017249363,0.017249537
13,135,receive_authenticate_accumulate,0.000050092,0.000049871
13,135,receive_authenticate_accumulate,0.017286049,0.017286185
13,135,receive_authenticate_accumulate,0.000053203,0.000053056
13,135,receive_authenticate_accumulate,0.017250197,0.017250407
13,135,receive_authenticate_accumulate,0.000065666,0.000065556
13,135,reading_commitment_and_shares,0.026190541,0.026190833
13,135,receive_authenticate_accumulate,0.017239253,0.017239407
13,135,receive_authenticate_accumulate,0.000050796,0.000050704
13,135,receive_authenticate_accumulate,0.017246493,0.017246407
13,135,receive_authenticate_accumulate,0.000052666,0.000052630
13,135,receive_authenticate_accumulate,0.017248012,0.017248241
13,135,receive_authenticate_accumulate,0.000051388,0.000051204
13,135,receive_authenticate_accumulate,0.017292493,0.017264796
13,135,receive_authenticate_accumulate,0.000051037,0.000051130
13,135,round_coverage,0.000004277,0.000003463
13,135,spatial_report,0.000039370,0.000038963
13,136,round_reset,0.000010185,0.000008759
13,136,receive_authenticate_accumulate,0.017319235,0.017277684
13,136,receive_authenticate_accumulate,0.000052277,0.000052056
13,136,receive_authenticate_accumulate,0.017241311,0.017241352
13,136,receive_authenticate_accumulate,0.000050888,0.000050500
13,136,receive_authenticate_accumulate,0.017263365,0.017263481
13,136,receive_authenticate_accumulate,0.000050221,0.000050038
13,136,receive_authenticate_accumulate,0.017253014,0.017253037
13,136,receive_authenticate_accumulate,0.000050943,0.000050667
13,136,receive_authenticate_accumulate,0.017301847,0.017302018
13,136,receive_authenticate_accumulate,0.000052481,0.000052204
13,136,receive_authenticate_accumulate,0.017256199,0.017256277
13,136,receive_authenticate_accumulate,0.000051814,0.000051778
13,136,receive_authenticate_accumulate,0.017255903,0.017255889
13,136,receive_authenticate_accumulate,0.000050536,0.000050389
13,136,receive_authenticate_accumulate,0.017253718,0.017253740
13,136,receive_authenticate_accumulate,0.000052073,0.000052056
13,136,receive_authenticate_accumulate,0.017248237,0.017248223
13,136,receive_authenticate_accumulate,0.000051258,0.000051185
13,136,receive_authenticate_accumulate,0.017241571,0.017241593
13,136,receive_authenticate_accumulate,0.000050000,0.000049963
13,136,receive_authenticate_accumulate,0.017246181,0.017246074
13,136,receive_authenticate_accumulate,0.000052018,0.000051796
13,136,receive_authenticate_accumulate,0.017243162,0.017243167
13,136,receive_authenticate_accumulate,0.000050388,0.000050203
13,136,receive_authenticate_accumulate,0.017245404,0.017245463
13,136,receive_authenticate_accumulate,0.000052351,0.000052167
13,136,receive_authenticate_accumulate,0.017244903,0.017244981
13,136,receive_authenticate_accumulate,0.000051184,0.000051037
13,136,receive_authenticate_accumulate,0.017244644,0.017244667
13,136,receive_authenticate_accumulate,0.000050592,0.000050334
13,136,receive_authenticate_accumulate,0.017243700,0.017243389
13,136,receive_authenticate_accumulate,0.000051277,0.000051129
13,136,reading_commitment_and_shares,0.026241359,0.026214722
13,136,receive_authenticate_accumulate,0.017248033,0.017248018
13,136,receive_authenticate_accumulate,0.000050147,0.000049963
13,136,receive_authenticate_accumulate,0.017242718,0.017242796
13,136,receive_authenticate_accumulate,0.000053129,0.000052982
13,136,receive_authenticate_accumulate,0.017259829,0.017259834
13,136,receive_authenticate_accumulate,0.000053166,0.000053148
13,136,receive_authenticate_accumulate,0.017241718,0.017241796
13,136,receive_authenticate_accumulate,0.000051240,0.000051037
13,136,round_coverage,0.000004259,0.000003426
13,136,spatial_report,0.000040444,0.000040259
13,137,round_reset,0.000009963,0.000008555
13,137,receive_authenticate_accumulate,0.017247535,0.017247426
13,137,receive_authenticate_accumulate,0.000052203,0.000052112
13,137,receive_authenticate_accumulate,0.017247331,0.017247277
13,137,receive_authenticate_accumulate,0.000051333,0.000051167
13,137,receive_authenticate_accumulate,0.017251776,0.017251814
13,137,receive_authenticate_accumulate,0.000051166,0.000051037
13,137,receive_authenticate_accumulate,0.017247331,0.017247370
13,137,receive_authenticate_accumulate,0.000051351,0.000051148
13,137,receive_authenticate_accumulate,0.017250887,0.017251074
13,137,receive_authenticate_accumulate,0.000052055,0.000051815
13,137,receive_authenticate_accumulate,0.017291313,0.017263907
13,137,receive_authenticate_accumulate,0.000051832,0.000051852
13,137,receive_authenticate_accumulate,0.017251740,0.017251741
13,137,receive_authenticate_accumulate,0.000052018,0.000051945
13,137,receive_authenticate_accumulate,0.017250017,0.017250056
13,137,receive_authenticate_accumulate,0.000051592,0.000051481
13,137,receive_authenticate_accumulate,0.017316627,0.017277000
13,137,receive_authenticate_accumulate,0.000051444,0.000051333
13,137,receive_authenticate_accumulate,0.017245406,0.017245537
13,137,receive_authenticate_accumulate,0.000051221,0.000050982
13,137,receive_authenticate_accumulate,0.017246665,0.017246685
13,137,receive_authenticate_accumulate,0.000052184,0.000052055
13,137,receive_authenticate_accumulate,0.017242517,0.017242556
13,137,receive_authenticate_accumulate,0.000051110,0.000051074
13,137,receive_authenticate_accumulate,0.025884979,0.025885037
13,137,receive_authenticate_accumulate,0.000050425,0.000050204
13,137,receive_authenticate_accumulate,0.017306887,0.017264464
13,137,receive_authenticate_accumulate,0.000050721,0.000050611
13,137,receive_authenticate_accumulate,0.017251758,0.017251611
13,137,receive_authenticate_accumulate,0.000051018,0.000051000
13,137,receive_authenticate_accumulate,0.017248017,0.017248130
13,137,receive_authenticate_accumulate,0.000050647,0.000050722
13,137,reading_commitment_and_shares,0.026200234,0.026200574
13,137,receive_authenticate_accumulate,0.017255739,0.017255870
13,137,receive_authenticate_accumulate,0.000050758,0.000050667
13,137,receive_authenticate_accumulate,0.017244517,0.017244296
13,137,receive_authenticate_accumulate,0.000051925,0.000051556
13,137,receive_authenticate_accumulate,0.017242036,0.017242037
13,137,receive_authenticate_accumulate,0.000050629,0.000050462
13,137,receive_authenticate_accumulate,0.017248147,0.017247852
13,137,receive_authenticate_accumulate,0.000051592,0.000051555
13,137,round_coverage,0.000003666,0.000003093
13,137,spatial_report,0.000040129,0.000039926
13,138,round_reset,0.000010426,0.000008815
13,138,receive_authenticate_accumulate,0.017249371,0.017249222
13,138,receive_authenticate_accumulate,0.000050999,0.000050833
13,138,receive_authenticate_accumulate,0.017254426,0.017254426
13,138,receive_authenticate_accumulate,0.000052073,0.000052037
13,138,receive_authenticate_accumulate,0.017256871,0.017256981
13,138,receive_authenticate_accumulate,0.000050740,0.000050593
13,138,receive_authenticate_accumulate,0.017321944,0.017290536
13,138,receive_authenticate_accumulate,0.000051351,0.000051130
13,138,receive_authenticate_accumulate,0.017245723,0.017245870
13,138,receive_authenticate_accumulate,0.000066091,0.000066222
13,138,receive_authenticate_accumulate,0.017243241,0.017243185
13,138,receive_authenticate_accumulate,0.000052333,0.000052074
13,138,receive_authenticate_accumulate,0.017243464,0.017243426
13,138,receive_authenticate_accumulate,0.000050870,0.000050741
13,138,receive_authenticate_accumulate,0.017256963,0.017256556
13,138,receive_authenticate_accumulate,0.000051666,0.000051241
13,138,receive_authenticate_accumulate,0.017255964,0.017256055
13,138,receive_authenticate_accumulate,0.000082795,0.000097260
13,138,receive_authenticate_accumulate,0.017245002,0.017245074
13,138,receive_authenticate_accumulate,0.000048333,0.000048278
13,138,receive_authenticate_accumulate,0.017268168,0.017268333
13,138,receive_authenticate_accumulate,0.000052666,0.000052482
13,138,receive_authenticate_accumulate,0.017249667,0.017249648
13,138,receive_authenticate_accumulate,0.000051629,0.000051556
13,138,receive_authenticate_accumulate,0.017250371,0.017250389
13,138,receive_authenticate_accumulate,0.000051592,0.000051408
13,138,receive_authenticate_accumulate,0.017295556,0.017271555
13,138,receive_authenticate_accumulate,0.000051666,0.000051388
13,138,receive_authenticate_accumulate,0.017257630,0.017257722
13,138,receive_authenticate_accumulate,0.000051259,0.000051130
13,138,receive_authenticate_accumulate,0.017250687,0.017250740
13,138,receive_authenticate_accumulate,0.000051240,0.000051111
13,138,reading_commitment_and_shares,0.026194831,0.026195241
13,138,receive_authenticate_accumulate,0.017246872,0.017246870
13,138,receive_authenticate_accumulate,0.000051148,0.000050963
13,138,receive_authenticate_accumulate,0.017261945,0.017261962
13,138,receive_authenticate_accumulate,0.000051073,0.000050926
13,138,receive_authenticate_accumulate,0.017254149,0.017254222
13,138,receive_authenticate_accumulate,0.000050721,0.000050574
13,138,receive_authenticate_accumulate,0.017241409,0.017241278
13,138,receive_authenticate_accumulate,0.000050222,0.000050093
13,138,round_coverage,0.000003574,0.000003055
13,138,spatial_report,0.000038166,0.000037926
13,139,round_reset,0.000010389,0.000008870
13,139,receive_authenticate_accumulate,0.017355539,0.017297035
13,139,receive_authenticate_accumulate,0.000050943,0.000050648
13,139,receive_authenticate_accumulate,0.017253651,0.017253686
13,139,receive_authenticate_accumulate,0.000049870,0.000049537
13,139,receive_authenticate_accumulate,0.017244503,0.017244463
13,139,receive_authenticate_accumulate,0.000051647,0.000051297
13,139,receive_authenticate_accumulate,0.017240485,0.017240463
13,139,receive_authenticate_accumulate,0.000050203,0.000050056
13,139,receive_authenticate_accumulate,0.017279725,0.017264740
13,139,receive_authenticate_accumulate,0.000052018,0.000051889
13,139,receive_authenticate_accumulate,0.017249614,0.017249611
13,139,receive_authenticate_accumulate,0.000051869,0.000051815
13,139,receive_authenticate_accumulate,0.017249782,0.017249852
13,139,receive_authenticate_accumulate,0.000050647,0.000050555
13,139,receive_authenticate_accumulate,0.017284651,0.017266667
13,139,receive_authenticate_accumulate,0.000050740,0.000050593
13,139,receive_authenticate_accumulate,0.017319983,0.017279593
13,139,receive_authenticate_accumulate,0.000050851,0.000050703
13,139,receive_authenticate_accumulate,0.017248670,0.017248945
13,139,receive_authenticate_accumulate,0.000051518,0.000051482
13,139,receive_authenticate_accumulate,0.017246299,0.017246277
13,139,receive_authenticate_accumulate,0.000050962,0.000051000
13,139,receive_authenticate_accumulate,0.017256541,0.017256556
13,139,receive_authenticate_accumulate,0.000050406,0.000050278
13,139,receive_authenticate_accumulate,0.017249393,0.017249407
13,139,receive_authenticate_accumulate,0.000050592,0.000050297
13,139,receive_authenticate_accumulate,0.017243337,0.017243315
13,139,receive_authenticate_accumulate,0.000055925,0.000055723
13,139,receive_authenticate_accumulate,0.017254096,0.017254204
13,139,receive_authenticate_accumulate,0.000050795,0.000050704
13,139,receive_authenticate_accumulate,0.017241503,0.017241463
13,139,receive_authenticate_accumulate,0.000053407,0.000053333
13,139,reading_commitment_and_shares,0.026193815,0.026194370
13,139,receive_authenticate_accumulate,0.017241874,0.017241685
13,139,receive_authenticate_accumulate,0.000051536,0.000051481
13,139,receive_authenticate_accumulate,0.017254744,0.017254814
13,139,receive_authenticate_accumulate,0.000052203,0.000051463
13,139,receive_authenticate_accumulate,0.017249800,0.017249926
13,139,receive_authenticate_accumulate,0.000050147,0.000049815
13,139,receive_authenticate_accumulate,0.017248467,0.017248519
13,139,receive_authenticate_accumulate,0.000050666,0.000050426
13,139,round_coverage,0.000004167,0.000003500
13,139,spatial_report,0.000039110,0.000038926
13,139,billing_report,0.000441086,0.000441000
14,140,period_reset,0.000025907,0.000024333
14,140,receive_authenticate_accumulate,0.000096480,0.000096185
14,140,receive_authenticate_accumulate,0.000092980,0.000092555
14,140,receive_authenticate_accumulate,0.000091462,0.000091167
14,140,receive_authenticate_accumulate,0.000090109,0.000089945
14,140,receive_authenticate_accumulate,0.000091147,0.000090963
14,140,receive_authenticate_accumulate,0.000091573,0.000091092
14,140,receive_authenticate_accumulate,0.000093276,0.000092629
14,140,receive_authenticate_accumulate,0.000076018,0.000070056
14,140,receive_authenticate_accumulate,0.000068795,0.000068481
14,140,receive_authenticate_accumulate,0.000069406,0.000069111
14,140,receive_authenticate_accumulate,0.000067962,0.000067833
14,140,receive_authenticate_accumulate,0.000067703,0.000067612
14,140,receive_authenticate_accumulate,0.000070221,0.000070149
14,140,receive_authenticate_accumulate,0.000069240,0.000068926
14,140,receive_authenticate_accumulate,0.000069647,0.000069463
14,140,receive_authenticate_accumulate,0.000069610,0.000069315
14,140,randomness_commit,0.000651064,0.000650814
14,140,receive_authenticate_accumulate,0.000068369,0.000068315
14,140,receive_authenticate_accumulate,0.000097350,0.000096926
14,140,receive_authenticate_accumulate,0.000069296,0.000069148
14,140,receive_authenticate_accumulate,0.000069128,0.000069019
14,140,receive_authenticate_accumulate,0.000083536,0.000083259
14,140,receive_authenticate_accumulate,0.000083017,0.000082722
14,140,receive_authenticate_accumulate,0.000081221,0.000080871
14,140,receive_authenticate_accumulate,0.000084313,0.000084018
14,140,receive_authenticate_accumulate,0.000083424,0.000083185
14,140,receive_authenticate_accumulate,0.000083165,0.000082889
14,140,receive_authenticate_accumulate,0.000084147,0.000083278
14,140,receive_authenticate_accumulate,0.000083999,0.000083537
14,140,receive_authenticate_accumulate,0.000083850,0.000083759
14,140,receive_authenticate_accumulate,0.000069240,0.000068981
14,140,receive_authenticate_accumulate,0.000068333,0.000068055
14,140,receive_authenticate_accumulate,0.000069851,0.000069815
14,140,receive_authenticate_accumulate,0.000068906,0.000068593
14,140,receive_authenticate_accumulate,0.000067962,0.000067723
14,140,receive_authenticate_accumulate,0.000067332,0.000067148
14,140,receive_authenticate_accumulate,0.000067758,0.000067556
14,140,randomness_reveal,0.000445420,0.000445111
14,140,receive_authenticate_accumulate,0.000068110,0.000067889
14,140,receive_authenticate_accumulate,0.000069443,0.000069222
14,140,receive_authenticate_accumulate,0.000066462,0.000066092
14,140,receive_authenticate_accumulate,0.000068777,0.000068611
14,140,committee_selection,0.000127462,0.000126704
14,140,round_reset,0.000005296,0.000004649
14,140,receive_authenticate_accumulate,0.017254338,0.017254370
14,140,receive_authenticate_accumulate,0.017249950,0.017249648
14,140,receive_authenticate_accumulate,0.017259635,0.017259667
14,140,receive_authenticate_accumulate,0.017245765,0.017245888
14,140,receive_authenticate_accumulate,0.017256468,0.017256630
14,140,receive_authenticate_accumulate,0.017248690,0.017248722
14,140,receive_authenticate_accumulate,0.017254265,0.017254315
14,140,receive_authenticate_accumulate,0.017250802,0.017250870
14,140,receive_authenticate_accumulate,0.017244117,0.017244130
14,140,receive_authenticate_accumulate,0.017287931,0.017264167
14,140,receive_authenticate_accumulate,0.017248839,0.017248870
14,140,receive_authenticate_accumulate,0.017241284,0.017241259
14,140,receive_authenticate_accumulate,0.020244962,0.020153816
14,140,receive_authenticate_accumulate,0.017245358,0.017245370
14,140,receive_authenticate_accumulate,0.017246931,0.017247056
14,140,receive_authenticate_accumulate,0.017259950,0.017259537
14,140,reading_commitment_and_shares,0.026261966,0.026262297
14,140,receive_authenticate_accumulate,0.017274265,0.017274482
14,140,receive_authenticate_accumulate,0.017253302,0.017252852
14,140,receive_authenticate_accumulate,0.017260543,0.017260648
14,140,receive_authenticate_accumulate,0.017251747,0.017251741
14,140,round_coverage,0.000004018,0.000003334
14,141,round_reset,0.000009777,0.000008185
14,141,receive_authenticate_accumulate,0.017241526,0.017241444
14,141,receive_authenticate_accumulate,0.017250489,0.017250926
14,141,receive_authenticate_accumulate,0.017251637,0.017251685
14,141,receive_authenticate_accumulate,0.017257415,0.017257593
14,141,receive_authenticate_accumulate,0.017241600,0.017241537
14,141,receive_authenticate_accumulate,0.017286118,0.017259833
14,141,receive_authenticate_accumulate,0.017244971,0.017244945
14,141,receive_authenticate_accumulate,0.017254063,0.017253777
14,141,receive_authenticate_accumulate,0.017255675,0.017255666
14,141,receive_authenticate_accumulate,0.017249304,0.017248963
14,141,receive_authenticate_accumulate,0.017245304,0.017245277
14,141,receive_authenticate_accumulate,0.017247211,0.017247055
14,141,receive_authenticate_accumulate,0.017251656,0.017251407
14,141,receive_authenticate_accumulate,0.017248934,0.017248944
14,141,receive_authenticate_accumulate,0.017252545,0.017252611
14,141,receive_authenticate_accumulate,0.017229471,0.017229537
14,141,reading_commitment_and_shares,0.026202803,0.026202870
14,141,receive_authenticate_accumulate,0.017247045,0.017247130
14,141,receive_authenticate_accumulate,0.017258415,0.017258481
14,141,receive_authenticate_accumulate,0.017253675,0.017253759
14,141,receive_authenticate_accumulate,0.017280100,0.017264964
14,141,round_coverage,0.000004000,0.000003500
14,142,round_reset,0.000009908,0.000008352
14,142,receive_authenticate_accumulate,0.017253972,0.017253945
14,142,receive_authenticate_accumulate,0.017237714,0.017237759
14,142,receive_authenticate_accumulate,0.017247861,0.017247944
14,142,receive_authenticate_accumulate,0.017248973,0.017248815
14,142,receive_authenticate_accumulate,0.017253121,0.017253203
14,142,receive_authenticate_accumulate,0.017244547,0.017244574
14,142,receive_authenticate_accumulate,0.017246528,0.017246592
14,142,receive_authenticate_accumulate,0.017253417,0.017253445
14,142,receive_authenticate_accumulate,0.017249917,0.017250055
14,142,receive_authenticate_accumulate,0.017241510,0.017241537
14,142,receive_authenticate_accumulate,0.017252806,0.017252907
14,142,receive_authenticate_accumulate,0.017258732,0.017258704
14,142,receive_authenticate_accumulate,0.025483613,0.025396111
14,142,receive_authenticate_accumulate,0.017251769,0.017251778
14,142,receive_authenticate_accumulate,0.017253195,0.017253204
14,142,receive_authenticate_accumulate,0.017250825,0.017250833
14,142,reading_commitment_and_shares,0.026196122,0.026196370
14,142,receive_authenticate_accumulate,0.017245418,0.017245463
14,142,receive_authenticate_accumulate,0.017248269,0.017248297
14,142,receive_authenticate_accumulate,0.017249843,0.017249815
14,142,receive_authenticate_accumulate,0.017282010,0.017256241
14,142,round_coverage,0.000003797,0.000003148
14,143,round_reset,0.000010278,0.000008074
14,143,receive_authenticate_accumulate,0.017260159,0.017260185
14,143,receive_authenticate_accumulate,0.017251715,0.017251778
14,143,receive_authenticate_accumulate,0.017247011,0.017246908
14,143,receive_authenticate_accumulate,0.017253123,0.017253166
14,143,receive_authenticate_accumulate,0.017251345,0.017251408
14,143,receive_authenticate_accumulate,0.017236993,0.017237111
14,143,receive_authenticate_accumulate,0.017252956,0.017253037
14,143,receive_authenticate_accumulate,0.017253011,0.017252686
14,143,receive_authenticate_accumulate,0.017260085,0.017260111
14,143,receive_authenticate_accumulate,0.017280104,0.017254870
14,143,receive_authenticate_accumulate,0.017245345,0.017245371
14,143,receive_authenticate_accumulate,0.017253715,0.017253704
14,143,receive_authenticate_accumulate,0.017267400,0.017267481
14,143,receive_authenticate_accumulate,0.017315252,0.017288741
14,143,receive_authenticate_accumulate,0.017275678,0.017275833
14,143,receive_authenticate_accumulate,0.017254400,0.017254685
14,143,reading_commitment_and_shares,0.026199439,0.026199685
14,143,receive_authenticate_accumulate,0.017244456,0.017244223
14,143,receive_authenticate_accumulate,0.017247142,0.017247111
14,143,receive_authenticate_accumulate,0.017313011,0.017275556
14,143,receive_authenticate_accumulate,0.017261364,0.017261334
14,143,round_coverage,0.000003852,0.000003112
14,144,round_reset,0.000009296,0.000007944
14,144,receive_authenticate_accumulate,0.017292198,0.017265925
14,144,receive_authenticate_accumulate,0.017247199,0.017247166
14,144,receive_authenticate_accumulate,0.017240662,0.017240741
14,144,receive_authenticate_accumulate,0.017343160,0.017311795
14,144,receive_authenticate_accumulate,0.017255180,0.017255518
14,144,receive_authenticate_accumulate,0.017264088,0.017263704
14,144,receive_authenticate_accumulate,0.017242550,0.017242555
14,144,receive_authenticate_accumulate,0.017247124,0.017247130
14,144,receive_authenticate_accumulate,0.017246328,0.017246352
14,144,receive_authenticate_accumulate,0.017251958,0.017251926
14,144,receive_authenticate_accumulate,0.017240643,0.017240537
14,144,receive_authenticate_accumulate,0.017282513,0.017260907
14,144,receive_authenticate_accumulate,0.017243810,0.017243777
14,144,receive_authenticate_accumulate,0.017291513,0.017261685
14,144,receive_authenticate_accumulate,0.017248643,0.017248519
14,144,receive_authenticate_accumulate,0.017267328,0.017267352
14,144,reading_commitment_and_shares,0.026201293,0.026201389
14,144,receive_authenticate_accumulate,0.017237643,0.017237723
14,144,receive_authenticate_accumulate,0.017252791,0.017252796
14,144,receive_authenticate_accumulate,0.017240921,0.017240889
14,144,receive_authenticate_accumulate,0.017247199,0.017247370
14,144,round_coverage,0.000004000,0.000003333
14,145,round_reset,0.000010426,0.000008926
14,145,receive_authenticate_accumulate,0.017252330,0.017252425
14,145,receive_authenticate_accumulate,0.017247052,0.017246963
14,145,receive_authenticate_accumulate,0.017249533,0.017249611
14,145,receive_authenticate_accumulate,0.017249867,0.017249907
14,145,receive_authenticate_accumulate,0.017243811,0.017243852
14,145,receive_authenticate_accumulate,0.017243460,0.017243388
14,145,receive_authenticate_accumulate,0.017258071,0.017258000
14,145,receive_authenticate_accumulate,0.017283088,0.017255722
14,145,receive_authenticate_accumulate,0.017240923,0.017240907
14,145,receive_authenticate_accumulate,0.017244607,0.017244463
14,145,receive_authenticate_accumulate,0.017251219,0.017251185
14,145,receive_authenticate_accumulate,0.017260700,0.017260777
14,145,receive_authenticate_accumulate,0.017255441,0.017255370
14,145,receive_authenticate_accumulate,0.017243201,0.017243056
14,145,receive_authenticate_accumulate,0.017242460,0.017242481
14,145,receive_authenticate_accumulate,0.017247090,0.017246908
14,145,reading_commitment_and_shares,0.026217722,0.026217888
14,145,receive_authenticate_accumulate,0.017246849,0.017247129
14,145,receive_authenticate_accumulate,0.017240868,0.017240870
14,145,receive_authenticate_accumulate,0.017243996,0.017244074
14,145,receive_authenticate_accumulate,0.017248163,0.017248129
14,145,round_coverage,0.000004351,0.000003500
14,146,round_reset,0.000009018,0.000007833
14,146,receive_authenticate_accumulate,0.017249313,0.017249278
14,146,receive_authenticate_accumulate,0.017249017,0.017248778
14,146,receive_authenticate_accumulate,0.017277497,0.017250259
14,146,receive_authenticate_accumulate,0.017316812,0.017272278
14,146,receive_authenticate_accumulate,0.017263758,0.017263685
14,146,receive_authenticate_accumulate,0.017251368,0.017251407
14,146,receive_authenticate_accumulate,0.017238813,0.017238722
14,146,receive_authenticate_accumulate,0.017249462,0.017249352
14,146,receive_authenticate_accumulate,0.017240461,0.017240241
14,146,receive_authenticate_accumulate,0.017254461,0.017254555
14,146,receive_authenticate_accumulate,0.017241554,0.017241444
14,146,receive_authenticate_accumulate,0.017247684,0.017247777
14,146,receive_authenticate_accumulate,0.017251906,0.017251444
14,146,receive_authenticate_accumulate,0.017248295,0.017248649
14,146,receive_authenticate_accumulate,0.017249332,0.017249259
14,146,receive_authenticate_accumulate,0.017251646,0.017251611
14,146,reading_commitment_and_shares,0.026200242,0.026200407
14,146,receive_authenticate_accumulate,0.017245572,0.017245556
14,146,receive_authenticate_accumulate,0.017299590,0.017265703
14,146,receive_authenticate_accumulate,0.017248517,0.017248555
14,146,receive_authenticate_accumulate,0.017250647,0.017250685
14,146,round_coverage,0.000004518,0.000003852
14,147,round_reset,0.000009870,0.000009037
14,147,receive_authenticate_accumulate,0.017252314,0.017252370
14,147,receive_authenticate_accumulate,0.017324591,0.017296167
14,147,receive_authenticate_accumulate,0.017253499,0.017253537
14,147,receive_authenticate_accumulate,0.017247110,0.017247148
14,147,receive_authenticate_accumulate,0.017246018,0.017246167
14,147,receive_authenticate_accumulate,0.017241759,0.017241797
14,147,receive_authenticate_accumulate,0.017308166,0.017274851
14,147,receive_authenticate_accumulate,0.017258241,0.017258204
14,147,receive_authenticate_accumulate,0.017245333,0.017245426
14,147,receive_authenticate_accumulate,0.017244870,0.017245019
14,147,receive_authenticate_accumulate,0.017282166,0.017256352
14,147,receive_authenticate_accumulate,0.017262518,0.017262592
14,147,receive_authenticate_accumulate,0.017285055,0.017262112
14,147,receive_authenticate_accumulate,0.017244000,0.017243981
14,147,receive_authenticate_accumulate,0.017240297,0.017240241
14,147,receive_authenticate_accumulate,0.017244778,0.017244723
14,147,reading_commitment_and_shares,0.026205060,0.026205278
14,147,receive_authenticate_accumulate,0.017243092,0.017243000
14,147,receive_authenticate_accumulate,0.017244037,0.017244111
14,147,receive_authenticate_accumulate,0.017247056,0.017247222
14,147,receive_authenticate_accumulate,0.017248315,0.017248444
14,147,round_coverage,0.000004259,0.000003648
14,148,round_reset,0.000009982,0.000008482
14,148,receive_authenticate_accumulate,0.017250686,0.017250722
14,148,receive_authenticate_accumulate,0.017270408,0.017248962
14,148,receive_authenticate_accumulate,0.017243779,0.017243871
14,148,receive_authenticate_accumulate,0.017252575,0.017252518
14,148,receive_authenticate_accumulate,0.017251131,0.017250963
14,148,receive_authenticate_accumulate,0.017253871,0.017253797
14,148,receive_authenticate_accumulate,0.017250149,0.017250166
14,148,receive_authenticate_accumulate,0.017246853,0.017246778
14,148,receive_authenticate_accumulate,0.017243761,0.017243907
14,148,receive_authenticate_accumulate,0.017239871,0.017239908
14,148,receive_authenticate_accumulate,0.017249853,0.017249944
14,148,receive_authenticate_accumulate,0.017248261,0.017248314
14,148,receive_authenticate_accumulate,0.017248001,0.017248111
14,148,receive_authenticate_accumulate,0.017250131,0.017250278
14,148,receive_authenticate_accumulate,0.017334611,0.017265017
14,148,receive_authenticate_accumulate,0.017243409,0.017243296
14,148,reading_commitment_and_shares,0.026236636,0.026215130
14,148,receive_authenticate_accumulate,0.017245501,0.017245537
14,148,receive_authenticate_accumulate,0.017238742,0.017238592
14,148,receive_authenticate_accumulate,0.017240779,0.017240870
14,148,receive_authenticate_accumulate,0.017246760,0.017246703
14,148,round_coverage,0.000004092,0.000003426
14,149,round_reset,0.000009907,0.000008518
14,149,receive_authenticate_accumulate,0.017239521,0.017239649
14,149,receive_authenticate_accumulate,0.017237614,0.017237518
14,149,receive_authenticate_accumulate,0.017249095,0.017249111
14,149,receive_authenticate_accumulate,0.017251168,0.017251204
14,149,receive_authenticate_accumulate,0.017244206,0.017244148
14,149,receive_authenticate_accumulate,0.017248835,0.017248870
14,149,receive_authenticate_accumulate,0.017240743,0.017240834
14,149,receive_authenticate_accumulate,0.017291872,0.017265389
14,149,receive_authenticate_accumulate,0.017282057,0.017282129
14,149,receive_authenticate_accumulate,0.017283057,0.017261481
14,149,receive_authenticate_accumulate,0.017242114,0.017242204
14,149,receive_authenticate_accumulate,0.017250706,0.017250685
14,149,receive_authenticate_accumulate,0.017244428,0.017244463
14,149,receive_authenticate_accumulate,0.017248318,0.017248315
14,149,receive_authenticate_accumulate,0.017247113,0.017247093
14,149,receive_authenticate_accumulate,0.017249724,0.017249833
14,149,reading_commitment_and_shares,0.026252582,0.026221889
14,149,receive_authenticate_accumulate,0.017239428,0.017239463
14,149,receive_authenticate_accumulate,0.017246077,0.017246148
14,149,receive_authenticate_accumulate,0.017242576,0.017242611
14,149,receive_authenticate_accumulate,0.017251558,0.017251667
14,149,round_coverage,0.000004000,0.000003278
14,149,shutdown,0.000008333,0.000006444
