period,round,phase,wall_seconds,cpu_seconds
0,0,period_reset,0.000022222,0.000021814
0,0,receive_authenticate_accumulate,0.000079352,0.000079314
0,0,receive_authenticate_accumulate,0.000032259,0.000032037
0,0,receive_authenticate_accumulate,0.000037685,0.000037759
0,0,receive_authenticate_accumulate,0.000038889,0.000038611
0,0,receive_authenticate_accumulate,0.000032277,0.000032037
0,0,receive_authenticate_accumulate,0.000037037,0.000036889
0,0,receive_authenticate_accumulate,0.000031611,0.000031333
0,0,receive_authenticate_accumulate,0.000037092,0.000036963
0,0,receive_authenticate_accumulate,0.000037222,0.000037093
0,0,receive_authenticate_accumulate,0.000030926,0.000030666
0,0,receive_authenticate_accumulate,0.000036092,0.000035908
0,0,receive_authenticate_accumulate,0.000039778,0.000039426
0,0,receive_authenticate_accumulate,0.000030741,0.000030500
0,0,receive_authenticate_accumulate,0.000037352,0.000037185
0,0,receive_authenticate_accumulate,0.000031185,0.000030796
0,0,randomness_commit,0.000460478,0.000460592
0,0,receive_authenticate_accumulate,0.000034945,0.000034870
0,0,receive_authenticate_accumulate,0.000037037,0.000036834
0,0,receive_authenticate_accumulate,0.000031037,0.000030982
0,0,receive_authenticate_accumulate,0.000036889,0.000036685
0,0,receive_authenticate_accumulate,0.000031148,0.000031056
0,0,receive_authenticate_accumulate,0.000047018,0.000046963
0,0,receive_authenticate_accumulate,0.000046907,0.000046797
0,0,receive_authenticate_accumulate,0.000038889,0.000038834
0,0,receive_authenticate_accumulate,0.000045555,0.000045444
0,0,receive_authenticate_accumulate,0.000045000,0.000044834
0,0,receive_authenticate_accumulate,0.000038796,0.000038685
0,0,receive_authenticate_accumulate,0.000044425,0.000044222
0,0,receive_authenticate_accumulate,0.000075073,0.000074981
0,0,receive_authenticate_accumulate,0.000039592,0.000039463
0,0,receive_authenticate_accumulate,0.000045611,0.000045537
0,0,receive_authenticate_accumulate,0.000039556,0.000039444
0,0,receive_authenticate_accumulate,0.000044870,0.000044833
0,0,receive_authenticate_accumulate,0.000045555,0.000045593
0,0,receive_authenticate_accumulate,0.000037445,0.000037314
0,0,receive_authenticate_accumulate,0.000044777,0.000044574
0,0,randomness_reveal,0.000298646,0.000298463
0,0,receive_authenticate_accumulate,0.000045277,0.000045241
0,0,receive_authenticate_accumulate,0.000038796,0.000038777
0,0,receive_authenticate_accumulate,0.000043796,0.000043814
0,0,receive_authenticate_accumulate,0.000038592,0.000038500
0,0,receive_authenticate_accumulate,0.000044407,0.000044389
0,0,committee_selection,0.000085036,0.000084963
0,0,round_reset,0.000006204,0.000005852
0,0,receive_authenticate_accumulate,0.017282034,0.017281889
0,0,receive_authenticate_accumulate,0.017222608,0.017222351
0,0,receive_authenticate_accumulate,0.017221794,0.017221593
0,0,receive_authenticate_accumulate,0.017272257,0.017242926
0,0,receive_authenticate_accumulate,0.017235460,0.017235518
0,0,receive_authenticate_accumulate,0.017246238,0.017232666
0,0,receive_authenticate_accumulate,0.017221553,0.017221797
0,0,receive_authenticate_accumulate,0.017226368,0.017226500
0,0,receive_authenticate_accumulate,0.017229849,0.017229944
0,0,receive_authenticate_accumulate,0.017218849,0.017218870
0,0,receive_authenticate_accumulate,0.017238646,0.017238741
0,0,receive_authenticate_accumulate,0.017237720,0.017237648
0,0,receive_authenticate_accumulate,0.017234034,0.017234166
0,0,receive_authenticate_accumulate,0.017226646,0.017226740
0,0,receive_authenticate_accumulate,0.017236794,0.017236851
0,0,reading_commitment_and_shares,0.026320105,0.026277352
0,0,receive_authenticate_accumulate,0.017230553,0.017230611
0,0,receive_authenticate_accumulate,0.017271590,0.017244629
0,0,receive_authenticate_accumulate,0.017234016,0.017233926
0,0,receive_authenticate_accumulate,0.017221406,0.017221259
0,0,receive_authenticate_accumulate,0.017227275,0.017227297
0,0,round_coverage,0.000003889,0.000003092
0,1,round_reset,0.000010352,0.000009111
0,1,receive_authenticate_accumulate,0.017234537,0.017234278
0,1,receive_authenticate_accumulate,0.017284962,0.017257703
0,1,receive_authenticate_accumulate,0.017231166,0.017231222
0,1,receive_authenticate_accumulate,0.017229481,0.017229518
0,1,receive_authenticate_accumulate,0.017231203,0.017231259
0,1,receive_authenticate_accumulate,0.017251722,0.017240000
0,1,receive_authenticate_accumulate,0.017224722,0.017224741
0,1,receive_authenticate_accumulate,0.017231851,0.017231815
0,1,receive_authenticate_accumulate,0.017231814,0.017231852
0,1,receive_authenticate_accumulate,0.017241463,0.017241482
0,1,receive_authenticate_accumulate,0.017226982,0.017227018
0,1,receive_authenticate_accumulate,0.017229370,0.017229426
0,1,receive_authenticate_accumulate,0.017222852,0.017222777
0,1,receive_authenticate_accumulate,0.017236074,0.017236111
0,1,receive_authenticate_accumulate,0.017228111,0.017228129
0,1,reading_commitment_and_shares,0.026258349,0.026258444
0,1,receive_authenticate_accumulate,0.017256370,0.017244093
0,1,receive_authenticate_accumulate,0.017222055,0.017222055
0,1,receive_authenticate_accumulate,0.017237259,0.017237278
0,1,receive_authenticate_accumulate,0.017228908,0.017228981
0,1,receive_authenticate_accumulate,0.017226019,0.017226148
0,1,round_coverage,0.000003777,0.000003352
0,2,round_reset,0.000008963,0.000007704
0,2,receive_authenticate_accumulate,0.017232687,0.017232796
0,2,receive_authenticate_accumulate,0.017228706,0.017228611
0,2,receive_authenticate_accumulate,0.017242946,0.017243315
0,2,receive_authenticate_accumulate,0.017230113,0.017230092
0,2,receive_authenticate_accumulate,0.017237724,0.017237685
0,2,receive_authenticate_accumulate,0.017294019,0.017259131
0,2,receive_authenticate_accumulate,0.017222928,0.017222889
0,2,receive_authenticate_accumulate,0.017273798,0.017238963
0,2,receive_authenticate_accumulate,0.017232650,0.017232685
0,2,receive_authenticate_accumulate,0.017233187,0.017233333
0,2,receive_authenticate_accumulate,0.017232298,0.017232278
0,2,receive_authenticate_accumulate,0.017230964,0.017231371
0,2,receive_authenticate_accumulate,0.017236484,0.017236648
0,2,receive_authenticate_accumulate,0.017231428,0.017231296
0,2,receive_authenticate_accumulate,0.017229835,0.017229648
0,2,reading_commitment_and_shares,0.026216315,0.026216500
0,2,receive_authenticate_accumulate,0.017247354,0.017235352
0,2,receive_authenticate_accumulate,0.017228983,0.017229111
0,2,receive_authenticate_accumulate,0.017274631,0.017248408
0,2,receive_authenticate_accumulate,0.017231835,0.017231870
0,2,receive_authenticate_accumulate,0.017233484,0.017233556
0,2,round_coverage,0.000003833,0.000003371
0,3,round_reset,0.000008611,0.000007407
0,3,receive_authenticate_accumulate,0.017235170,0.017235240
0,3,receive_authenticate_accumulate,0.017272059,0.017244833
0,3,receive_authenticate_accumulate,0.017231041,0.017231166
0,3,receive_authenticate_accumulate,0.017262188,0.017233926
0,3,receive_authenticate_accumulate,0.017227578,0.017227519
0,3,receive_authenticate_accumulate,0.017229374,0.017229314
0,3,receive_authenticate_accumulate,0.017267781,0.017247074
0,3,receive_authenticate_accumulate,0.017223652,0.017223574
0,3,receive_authenticate_accumulate,0.017227115,0.017227185
0,3,receive_authenticate_accumulate,0.017236318,0.017236388
0,3,receive_authenticate_accumulate,0.017228855,0.017228963
0,3,receive_authenticate_accumulate,0.017224411,0.017224463
0,3,receive_authenticate_accumulate,0.017233763,0.017233574
0,3,receive_authenticate_accumulate,0.017218633,0.017218815
0,3,receive_authenticate_accumulate,0.017229448,0.017229500
0,3,reading_commitment_and_shares,0.026210818,0.026210982
0,3,receive_authenticate_accumulate,0.017256114,0.017246556
0,3,receive_authenticate_accumulate,0.017227429,0.017227500
0,3,receive_authenticate_accumulate,0.017226930,0.017227000
0,3,receive_authenticate_accumulate,0.017240986,0.017240963
0,3,receive_authenticate_accumulate,0.017233040,0.017232982
0,3,round_coverage,0.000003537,0.000003093
0,4,round_reset,0.000008574,0.000007278
0,4,receive_authenticate_accumulate,0.017241172,0.017241278
0,4,receive_authenticate_accumulate,0.017226190,0.017226000
0,4,receive_authenticate_accumulate,0.017226265,0.017226315
0,4,receive_authenticate_accumulate,0.017232987,0.017232963
0,4,receive_authenticate_accumulate,0.017227468,0.017227481
0,4,receive_authenticate_accumulate,0.017232691,0.017232814
0,4,receive_authenticate_accumulate,0.017223635,0.017223703
0,4,receive_authenticate_accumulate,0.017248746,0.017249333
0,4,receive_authenticate_accumulate,0.017224524,0.017224352
0,4,receive_authenticate_accumulate,0.017236913,0.017236889
0,4,receive_authenticate_accumulate,0.017248968,0.017235037
0,4,receive_authenticate_accumulate,0.017223247,0.017223259
0,4,receive_authenticate_accumulate,0.017231394,0.017231296
0,4,receive_authenticate_accumulate,0.017233561,0.017233574
0,4,receive_authenticate_accumulate,0.017232136,0.017232093
0,4,reading_commitment_and_shares,0.026222784,0.026222999
0,4,receive_authenticate_accumulate,0.017246709,0.017235038
0,4,receive_authenticate_accumulate,0.017227080,0.017227092
0,4,receive_authenticate_accumulate,0.017240357,0.017240222
0,4,receive_authenticate_accumulate,0.017235913,0.017236000
0,4,receive_authenticate_accumulate,0.017224450,0.017224537
0,4,round_coverage,0.000004185,0.000003833
0,5,round_reset,0.000009111,0.000007833
0,5,receive_authenticate_accumulate,0.017232525,0.017232407
0,5,receive_authenticate_accumulate,0.017223822,0.017223704
0,5,receive_authenticate_accumulate,0.017234969,0.017235000
0,5,receive_authenticate_accumulate,0.017230489,0.017230500
0,5,receive_authenticate_accumulate,0.017234470,0.017234482
0,5,receive_authenticate_accumulate,0.017227155,0.017227185
0,5,receive_authenticate_accumulate,0.017222378,0.017222463
0,5,receive_authenticate_accumulate,0.017227025,0.017227074
0,5,receive_authenticate_accumulate,0.017225803,0.017225740
0,5,receive_authenticate_accumulate,0.017228896,0.017228982
0,5,receive_authenticate_accumulate,0.017231322,0.017231241
0,5,receive_authenticate_accumulate,0.017232748,0.017232741
0,5,receive_authenticate_accumulate,0.017234304,0.017234334
0,5,receive_authenticate_accumulate,0.017232378,0.017232277
0,5,receive_authenticate_accumulate,0.017229915,0.017230000
0,5,reading_commitment_and_shares,0.026203619,0.026203815
0,5,receive_authenticate_accumulate,0.017243897,0.017232852
0,5,receive_authenticate_accumulate,0.017234359,0.017234463
0,5,receive_authenticate_accumulate,0.017225896,0.017225870
0,5,receive_authenticate_accumulate,0.017231581,0.017231519
0,5,receive_authenticate_accumulate,0.017260933,0.017232888
0,5,round_coverage,0.000003815,0.000003314
0,6,round_reset,0.000010185,0.000008907
0,6,receive_authenticate_accumulate,0.017233453,0.017233352
0,6,receive_authenticate_accumulate,0.017233730,0.017233611
0,6,receive_authenticate_accumulate,0.017254841,0.017243093
0,6,receive_authenticate_accumulate,0.017240842,0.017240796
0,6,receive_authenticate_accumulate,0.017233175,0.017233129
0,6,receive_authenticate_accumulate,0.017232156,0.017231944
0,6,receive_authenticate_accumulate,0.017234619,0.017234499
0,6,receive_authenticate_accumulate,0.017224694,0.017224685
0,6,receive_authenticate_accumulate,0.017266045,0.017240853
0,6,receive_authenticate_accumulate,0.017236546,0.017236482
0,6,receive_authenticate_accumulate,0.017234509,0.017234555
0,6,receive_authenticate_accumulate,0.017226212,0.017226259
0,6,receive_authenticate_accumulate,0.017362267,0.017360926
0,6,receive_authenticate_accumulate,0.017230972,0.017230852
0,6,receive_authenticate_accumulate,0.017225639,0.017225537
0,6,reading_commitment_and_shares,0.026213233,0.026213259
0,6,receive_authenticate_accumulate,0.017232379,0.017232500
0,6,receive_authenticate_accumulate,0.017273916,0.017244759
0,6,receive_authenticate_accumulate,0.017235046,0.017234926
0,6,receive_authenticate_accumulate,0.017238434,0.017238407
0,6,receive_authenticate_accumulate,0.017232509,0.017232315
0,6,round_coverage,0.000003667,0.000003278
0,7,round_reset,0.000009167,0.000007777
0,7,receive_authenticate_accumulate,0.017227269,0.017227278
0,7,receive_authenticate_accumulate,0.017275733,0.017247704
0,7,receive_authenticate_accumulate,0.017229436,0.017229018
0,7,receive_authenticate_accumulate,0.017235159,0.017235186
0,7,receive_authenticate_accumulate,0.017227658,0.017227611
0,7,receive_authenticate_accumulate,0.017233121,0.017233185
0,7,receive_authenticate_accumulate,0.017230288,0.017230463
0,7,receive_authenticate_accumulate,0.017250158,0.017238277
0,7,receive_authenticate_accumulate,0.017230992,0.017230870
0,7,receive_authenticate_accumulate,0.017233825,0.017233982
0,7,receive_authenticate_accumulate,0.017223232,0.017223204
0,7,receive_authenticate_accumulate,0.017227473,0.017227333
0,7,receive_authenticate_accumulate,0.017224492,0.017224481
0,7,receive_authenticate_accumulate,0.017232548,0.017232685
0,7,receive_authenticate_accumulate,0.017244640,0.017244556
0,7,reading_commitment_and_shares,0.026238680,0.026239944
0,7,receive_authenticate_accumulate,0.017276659,0.017248592
0,7,receive_authenticate_accumulate,0.017235770,0.017235778
0,7,receive_authenticate_accumulate,0.017250696,0.017237945
0,7,receive_authenticate_accumulate,0.017226270,0.017226333
0,7,receive_authenticate_accumulate,0.017226937,0.017226981
0,7,round_coverage,0.000004408,0.000003982
0,8,round_reset,0.000009333,0.000007963
0,8,receive_authenticate_accumulate,0.017228993,0.017228833
0,8,receive_authenticate_accumulate,0.017237845,0.017237926
0,8,receive_authenticate_accumulate,0.017230030,0.017230074
0,8,receive_authenticate_accumulate,0.017268844,0.017241499
0,8,receive_authenticate_accumulate,0.017228104,0.017228204
0,8,receive_authenticate_accumulate,0.017242067,0.017242074
0,8,receive_authenticate_accumulate,0.017209142,0.017209074
0,8,receive_authenticate_accumulate,0.017222160,0.017222186
0,8,receive_authenticate_accumulate,0.017232030,0.017232037
0,8,receive_authenticate_accumulate,0.017234770,0.017234777
0,8,receive_authenticate_accumulate,0.017234382,0.017234260
0,8,receive_authenticate_accumulate,0.017228623,0.017228648
0,8,receive_authenticate_accumulate,0.017249752,0.017239667
0,8,receive_authenticate_accumulate,0.017228659,0.017228519
0,8,receive_authenticate_accumulate,0.017233549,0.017233482
0,8,reading_commitment_and_shares,0.026217497,0.026218055
0,8,receive_authenticate_accumulate,0.017233512,0.017233555
0,8,receive_authenticate_accumulate,0.017267178,0.017239352
0,8,receive_authenticate_accumulate,0.017265919,0.017248278
0,8,receive_authenticate_accumulate,0.017230882,0.017230833
0,8,receive_authenticate_accumulate,0.017230549,0.017230556
0,8,round_coverage,0.000004055,0.000003445
0,9,round_reset,0.000009259,0.000007574
0,9,receive_authenticate_accumulate,0.017225938,0.017225963
0,9,receive_authenticate_accumulate,0.017234827,0.017234704
0,9,receive_authenticate_accumulate,0.017226791,0.017226666
0,9,receive_authenticate_accumulate,0.017221790,0.017221852
0,9,receive_authenticate_accumulate,0.017268086,0.017241055
0,9,receive_authenticate_accumulate,0.017228458,0.017228592
0,9,receive_authenticate_accumulate,0.017223494,0.017223444
0,9,receive_authenticate_accumulate,0.017220939,0.017220963
0,9,receive_authenticate_accumulate,0.017222790,0.017222722
0,9,receive_authenticate_accumulate,0.017221550,0.017221592
0,9,receive_authenticate_accumulate,0.017236402,0.017236426
0,9,receive_authenticate_accumulate,0.017220754,0.017220666
0,9,receive_authenticate_accumulate,0.017223087,0.017223037
0,9,receive_authenticate_accumulate,0.017228161,0.017228093
0,9,receive_authenticate_accumulate,0.017231347,0.017231389
0,9,reading_commitment_and_shares,0.026211277,0.026211296
0,9,receive_authenticate_accumulate,0.017222254,0.017222296
0,9,receive_authenticate_accumulate,0.017228902,0.017228833
0,9,receive_authenticate_accumulate,0.017266236,0.017240666
0,9,receive_authenticate_accumulate,0.017223328,0.017223315
0,9,receive_authenticate_accumulate,0.017246143,0.017246000
0,9,round_coverage,0.000003999,0.000003463
1,10,period_reset,0.000026370,0.000025334
1,10,receive_authenticate_accumulate,0.000092629,0.000092648
1,10,receive_authenticate_accumulate,0.000091815,0.000091574
1,10,receive_authenticate_accumulate,0.000089093,0.000089259
1,10,receive_authenticate_accumulate,0.000090722,0.000090833
1,10,receive_authenticate_accumulate,0.000088315,0.000088315
1,10,receive_authenticate_accumulate,0.000091055,0.000091093
1,10,receive_authenticate_accumulate,0.000087944,0.000087723
1,10,receive_authenticate_accumulate,0.000068630,0.000068463
1,10,receive_authenticate_accumulate,0.000067463,0.000067371
1,10,receive_authenticate_accumulate,0.000069555,0.000069482
1,10,receive_authenticate_accumulate,0.000068315,0.000068185
1,10,receive_authenticate_accumulate,0.000067314,0.000066944
1,10,receive_authenticate_accumulate,0.000066167,0.000066167
1,10,receive_authenticate_accumulate,0.000070981,0.000070371
1,10,receive_authenticate_accumulate,0.000067759,0.000067833
1,10,randomness_commit,0.000594645,0.000594519
1,10,receive_authenticate_accumulate,0.000067425,0.000067389
1,10,receive_authenticate_accumulate,0.000068074,0.000068019
1,10,receive_authenticate_accumulate,0.000066352,0.000066277
1,10,receive_authenticate_accumulate,0.000068351,0.000068370
1,10,receive_authenticate_accumulate,0.000066425,0.000066297
1,10,receive_authenticate_accumulate,0.000082130,0.000082278
1,10,receive_authenticate_accumulate,0.000084666,0.000084648
1,10,receive_authenticate_accumulate,0.000084073,0.000084056
1,10,receive_authenticate_accumulate,0.000082722,0.000082666
1,10,receive_authenticate_accumulate,0.000083370,0.000083482
1,10,receive_authenticate_accumulate,0.000081074,0.000081019
1,10,receive_authenticate_accumulate,0.000083147,0.000083149
1,10,receive_authenticate_accumulate,0.000084259,0.000083852
1,10,receive_authenticate_accumulate,0.000081240,0.000081093
1,10,receive_authenticate_accumulate,0.000083110,0.000082870
1,10,receive_authenticate_accumulate,0.000066740,0.000066778
1,10,receive_authenticate_accumulate,0.000066778,0.000066759
1,10,receive_authenticate_accumulate,0.000064926,0.000064926
1,10,receive_authenticate_accumulate,0.000066444,0.000066425
1,10,receive_authenticate_accumulate,0.000067667,0.000067629
1,10,randomness_reveal,0.000447997,0.000447778
1,10,receive_authenticate_accumulate,0.000063315,0.000063166
1,10,receive_authenticate_accumulate,0.000066055,0.000066037
1,10,receive_authenticate_accumulate,0.000068000,0.000068074
1,10,receive_authenticate_accumulate,0.000067037,0.000066963
1,10,receive_authenticate_accumulate,0.000066962,0.000066981
1,10,committee_selection,0.000124295,0.000124185
1,10,round_reset,0.000005111,0.000004333
1,10,receive_authenticate_accumulate,0.017231977,0.017231833
1,10,receive_authenticate_accumulate,0.017227125,0.017227148
1,10,receive_authenticate_accumulate,0.017261458,0.017233111
1,10,receive_authenticate_accumulate,0.017233755,0.017233777
1,10,receive_authenticate_accumulate,0.017226422,0.017226296
1,10,receive_authenticate_accumulate,0.017234940,0.017234815
1,10,receive_authenticate_accumulate,0.017227106,0.017227037
1,10,receive_authenticate_accumulate,0.017228718,0.017228611
1,10,receive_authenticate_accumulate,0.017224532,0.017224574
1,10,receive_authenticate_accumulate,0.017228495,0.017228352
1,10,receive_authenticate_accumulate,0.017227699,0.017227630
1,10,receive_authenticate_accumulate,0.017237181,0.017237148
1,10,receive_authenticate_accumulate,0.017240847,0.017240777
1,10,receive_authenticate_accumulate,0.017224755,0.017224704
1,10,receive_authenticate_accumulate,0.017246996,0.017237517
1,10,reading_commitment_and_shares,0.026190742,0.026191019
1,10,receive_authenticate_accumulate,0.017227718,0.017227870
1,10,receive_authenticate_accumulate,0.017268310,0.017241981
1,10,receive_authenticate_accumulate,0.017227256,0.017227148
1,10,receive_authenticate_accumulate,0.017230551,0.017230388
1,10,receive_authenticate_accumulate,0.017234107,0.017234074
1,10,round_coverage,0.000003889,0.000003333
1,11,round_reset,0.000009389,0.000008111
1,11,receive_authenticate_accumulate,0.017230812,0.017230852
1,11,receive_authenticate_accumulate,0.017229089,0.017229148
1,11,receive_authenticate_accumulate,0.017241275,0.017241444
1,11,receive_authenticate_accumulate,0.017230367,0.017230148
1,11,receive_authenticate_accumulate,0.017232997,0.017232907
1,11,receive_authenticate_accumulate,0.017221608,0.017221722
1,11,receive_authenticate_accumulate,0.017218867,0.017218852
1,11,receive_authenticate_accumulate,0.017224571,0.017224593
1,11,receive_authenticate_accumulate,0.017228089,0.017228148
1,11,receive_authenticate_accumulate,0.017223312,0.017223408
1,11,receive_authenticate_accumulate,0.017225960,0.017225945
1,11,receive_authenticate_accumulate,0.017268534,0.017242056
1,11,receive_authenticate_accumulate,0.017221590,0.017221574
1,11,receive_authenticate_accumulate,0.017229552,0.017229315
1,11,receive_authenticate_accumulate,0.017230404,0.017230370
1,11,reading_commitment_and_shares,0.026238169,0.026218907
1,11,receive_authenticate_accumulate,0.017222738,0.017222482
1,11,receive_authenticate_accumulate,0.017231349,0.017231204
1,11,receive_authenticate_accumulate,0.017220757,0.017220722
1,11,receive_authenticate_accumulate,0.017230015,0.017230092
1,11,receive_authenticate_accumulate,0.017237904,0.017237834
1,11,round_coverage,0.000003408,0.000002889
1,12,round_reset,0.000009908,0.000008111
1,12,receive_authenticate_accumulate,0.017230497,0.017230389
1,12,receive_authenticate_accumulate,0.017266146,0.017243760
1,12,receive_authenticate_accumulate,0.017227442,0.017227500
1,12,receive_authenticate_accumulate,0.017220628,0.017220704
1,12,receive_authenticate_accumulate,0.017221072,0.017221074
1,12,receive_authenticate_accumulate,0.017231128,0.017231185
1,12,receive_authenticate_accumulate,0.017230480,0.017230574
1,12,receive_authenticate_accumulate,0.017221072,0.017221166
1,12,receive_authenticate_accumulate,0.017264332,0.017238814
1,12,receive_authenticate_accumulate,0.017232109,0.017232111
1,12,receive_authenticate_accumulate,0.017232961,0.017232963
1,12,receive_authenticate_accumulate,0.017224757,0.017224777
1,12,receive_authenticate_accumulate,0.017226905,0.017226796
1,12,receive_authenticate_accumulate,0.017230795,0.017230778
1,12,receive_authenticate_accumulate,0.017239368,0.017239129
1,12,reading_commitment_and_shares,0.026214671,0.026214982
1,12,receive_authenticate_accumulate,0.017229128,0.017229000
1,12,receive_authenticate_accumulate,0.017222776,0.017222778
1,12,receive_authenticate_accumulate,0.017266757,0.017248222
1,12,receive_authenticate_accumulate,0.017229480,0.017229370
1,12,receive_authenticate_accumulate,0.017229128,0.017229037
1,12,round_coverage,0.000004000,0.000003537
1,13,round_reset,0.000008999,0.000007778
1,13,receive_authenticate_accumulate,0.017226869,0.017226704
1,13,receive_authenticate_accumulate,0.017307443,0.017265851
1,13,receive_authenticate_accumulate,0.017218832,0.017218425
1,13,receive_authenticate_accumulate,0.017230517,0.017230426
1,13,receive_authenticate_accumulate,0.017216665,0.017216574
1,13,receive_authenticate_accumulate,0.017222907,0.017222851
1,13,receive_authenticate_accumulate,0.017229388,0.017229259
1,13,receive_authenticate_accumulate,0.017231591,0.017231574
1,13,receive_authenticate_accumulate,0.017226166,0.017226019
1,13,receive_authenticate_accumulate,0.017271814,0.017249407
1,13,receive_authenticate_accumulate,0.017234851,0.017234741
1,13,receive_authenticate_accumulate,0.017301554,0.017268592
1,13,receive_authenticate_accumulate,0.017215055,0.017214945
1,13,receive_authenticate_accumulate,0.017234148,0.017234037
1,13,receive_authenticate_accumulate,0.017224147,0.017224074
1,13,reading_commitment_and_shares,0.026217950,0.026218129
1,13,receive_authenticate_accumulate,0.017224592,0.017224444
1,13,receive_authenticate_accumulate,0.017228666,0.017228611
1,13,receive_authenticate_accumulate,0.017226795,0.017226704
1,13,receive_authenticate_accumulate,0.017229184,0.017229037
1,13,receive_authenticate_accumulate,0.017226777,0.017226648
1,13,round_coverage,0.000003741,0.000003259
1,14,round_reset,0.000010037,0.000008796
1,14,receive_authenticate_accumulate,0.017228630,0.017228574
1,14,receive_authenticate_accumulate,0.017234315,0.017234185
1,14,receive_authenticate_accumulate,0.017239759,0.017239685
1,14,receive_authenticate_accumulate,0.017227611,0.017227426
1,14,receive_authenticate_accumulate,0.017225241,0.017225166
1,14,receive_authenticate_accumulate,0.017225408,0.017225240
1,14,receive_authenticate_accumulate,0.017240685,0.017240500
1,14,receive_authenticate_accumulate,0.017226352,0.017226259
1,14,receive_authenticate_accumulate,0.017228074,0.017228018
1,14,receive_authenticate_accumulate,0.017220667,0.017220630
1,14,receive_authenticate_accumulate,0.017227759,0.017227630
1,14,receive_authenticate_accumulate,0.017267519,0.017239445
1,14,receive_authenticate_accumulate,0.017267407,0.017240575
1,14,receive_authenticate_accumulate,0.017220629,0.017220537
1,14,receive_authenticate_accumulate,0.017230648,0.017230444
1,14,reading_commitment_and_shares,0.026291304,0.026271389
1,14,receive_authenticate_accumulate,0.017219630,0.017219481
1,14,receive_authenticate_accumulate,0.017222537,0.017222556
1,14,receive_authenticate_accumulate,0.017221278,0.017221203
1,14,receive_authenticate_accumulate,0.017286907,0.017255131
1,14,receive_authenticate_accumulate,0.017218000,0.017217926
1,14,round_coverage,0.000004055,0.000003389
1,15,round_reset,0.000009204,0.000007981
1,15,receive_authenticate_accumulate,0.017230946,0.017230833
1,15,receive_authenticate_accumulate,0.017226094,0.017226148
1,15,receive_authenticate_accumulate,0.017246186,0.017246370
1,15,receive_authenticate_accumulate,0.017224353,0.017224278
1,15,receive_authenticate_accumulate,0.017229482,0.017229314
1,15,receive_authenticate_accumulate,0.017223575,0.017223630
1,15,receive_authenticate_accumulate,0.017227631,0.017227519
1,15,receive_authenticate_accumulate,0.017220483,0.017220370
1,15,receive_authenticate_accumulate,0.017224908,0.017224685
1,15,receive_authenticate_accumulate,0.017314222,0.017295370
1,15,receive_authenticate_accumulate,0.017219223,0.017219055
1,15,receive_authenticate_accumulate,0.017225761,0.017225611
1,15,receive_authenticate_accumulate,0.017221427,0.017221444
1,15,receive_authenticate_accumulate,0.017223723,0.017223537
1,15,receive_authenticate_accumulate,0.017265241,0.017238092
1,15,reading_commitment_and_shares,0.026244379,0.026224962
1,15,receive_authenticate_accumulate,0.017281797,0.017240573
1,15,receive_authenticate_accumulate,0.017216075,0.017215981
1,15,receive_authenticate_accumulate,0.017226409,0.017226277
1,15,receive_authenticate_accumulate,0.017221890,0.017221741
1,15,receive_authenticate_accumulate,0.017226205,0.017226148
1,15,round_coverage,0.000003759,0.000003148
1,16,round_reset,0.000008888,0.000007722
1,16,receive_authenticate_accumulate,0.017216687,0.017216556
1,16,receive_authenticate_accumulate,0.017226224,0.017226129
1,16,receive_authenticate_accumulate,0.017222021,0.017221908
1,16,receive_authenticate_accumulate,0.017230113,0.017229944
1,16,receive_authenticate_accumulate,0.017259149,0.017234240
1,16,receive_authenticate_accumulate,0.017229076,0.017228982
1,16,receive_authenticate_accumulate,0.017222724,0.017222592
1,16,receive_authenticate_accumulate,0.017227132,0.017227129
1,16,receive_authenticate_accumulate,0.017219243,0.017219259
1,16,receive_authenticate_accumulate,0.017252168,0.017241019
1,16,receive_authenticate_accumulate,0.017225650,0.017225296
1,16,receive_authenticate_accumulate,0.017219483,0.017219222
1,16,receive_authenticate_accumulate,0.017236372,0.017236204
1,16,receive_authenticate_accumulate,0.017219854,0.017219851
1,16,receive_authenticate_accumulate,0.017224446,0.017224556
1,16,reading_commitment_and_shares,0.026215973,0.026216055
1,16,receive_authenticate_accumulate,0.017232168,0.017232000
1,16,receive_authenticate_accumulate,0.017239262,0.017239260
1,16,receive_authenticate_accumulate,0.017216891,0.017216889
1,16,receive_authenticate_accumulate,0.017218428,0.017218463
1,16,receive_authenticate_accumulate,0.017226762,0.017226889
1,16,round_coverage,0.000003982,0.000003426
1,17,round_reset,0.000010074,0.000008760
1,17,receive_authenticate_accumulate,0.017225114,0.017225055
1,17,receive_authenticate_accumulate,0.017224059,0.017223926
1,17,receive_authenticate_accumulate,0.017217522,0.017217667
1,17,receive_authenticate_accumulate,0.017228818,0.017228815
1,17,receive_authenticate_accumulate,0.017227836,0.017227815
1,17,receive_authenticate_accumulate,0.017306817,0.017250630
1,17,receive_authenticate_accumulate,0.017228984,0.017228426
1,17,receive_authenticate_accumulate,0.017224725,0.017224518
1,17,receive_authenticate_accumulate,0.017224318,0.017224296
1,17,receive_authenticate_accumulate,0.017222837,0.017222648
1,17,receive_authenticate_accumulate,0.017227410,0.017227333
1,17,receive_authenticate_accumulate,0.017226818,0.017226722
1,17,receive_authenticate_accumulate,0.017232355,0.017232296
1,17,receive_authenticate_accumulate,0.017230595,0.017230296
1,17,receive_authenticate_accumulate,0.017229243,0.017229129
1,17,reading_commitment_and_shares,0.026213919,0.026214259
1,17,receive_authenticate_accumulate,0.017216799,0.017216722
1,17,receive_authenticate_accumulate,0.017218725,0.017218574
1,17,receive_authenticate_accumulate,0.017256392,0.017233944
1,17,receive_authenticate_accumulate,0.017223985,0.017223944
1,17,receive_authenticate_accumulate,0.017226206,0.017225982
1,17,round_coverage,0.000003963,0.000003111
1,18,round_reset,0.000009648,0.000008463
1,18,receive_authenticate_accumulate,0.017234615,0.017234555
1,18,receive_authenticate_accumulate,0.017227003,0.017227074
1,18,receive_authenticate_accumulate,0.017224652,0.017224500
1,18,receive_authenticate_accumulate,0.017217670,0.017217667
1,18,receive_authenticate_accumulate,0.017226929,0.017226834
1,18,receive_authenticate_accumulate,0.017227929,0.017227907
1,18,receive_authenticate_accumulate,0.017263041,0.017235352
1,18,receive_authenticate_accumulate,0.017219744,0.017219629
1,18,receive_authenticate_accumulate,0.017224096,0.017224167
1,18,receive_authenticate_accumulate,0.017235133,0.017235185
1,18,receive_authenticate_accumulate,0.017229910,0.017229666
1,18,receive_authenticate_accumulate,0.017223152,0.017223259
1,18,receive_authenticate_accumulate,0.017279874,0.017247648
1,18,receive_authenticate_accumulate,0.017217392,0.017217388
1,18,receive_authenticate_accumulate,0.017228930,0.017229074
1,18,reading_commitment_and_shares,0.026205383,0.026205500
1,18,receive_authenticate_accumulate,0.017220374,0.017220352
1,18,receive_authenticate_accumulate,0.017222967,0.017222833
1,18,receive_authenticate_accumulate,0.017277170,0.017277370
1,18,receive_authenticate_accumulate,0.017222856,0.017222759
1,18,receive_authenticate_accumulate,0.017270152,0.017241648
1,18,round_coverage,0.000003871,0.000003426
1,19,round_reset,0.000009277,0.000008019
1,19,receive_authenticate_accumulate,0.017228115,0.017227944
1,19,receive_authenticate_accumulate,0.017222468,0.017222463
1,19,receive_authenticate_accumulate,0.017225189,0.017225167
1,19,receive_authenticate_accumulate,0.017223189,0.017223241
1,19,receive_authenticate_accumulate,0.017230467,0.017230315
1,19,receive_authenticate_accumulate,0.017224060,0.017223852
1,19,receive_authenticate_accumulate,0.017219171,0.017218907
1,19,receive_authenticate_accumulate,0.017229319,0.017229018
1,19,receive_authenticate_accumulate,0.017228967,0.017229000
1,19,receive_authenticate_accumulate,0.017219894,0.017219870
1,19,receive_authenticate_accumulate,0.017253430,0.017228315
1,19,receive_authenticate_accumulate,0.017222578,0.017222574
1,19,receive_authenticate_accumulate,0.017223468,0.017223241
1,19,receive_authenticate_accumulate,0.017224560,0.017224537
1,19,receive_authenticate_accumulate,0.017218652,0.017218389
1,19,reading_commitment_and_shares,0.026214569,0.026214778
1,19,receive_authenticate_accumulate,0.017218375,0.017218278
1,19,receive_authenticate_accumulate,0.017254801,0.017236241
1,19,receive_authenticate_accumulate,0.017229301,0.017229130
1,19,receive_authenticate_accumulate,0.017226930,0.017226852
1,19,receive_authenticate_accumulate,0.017268097,0.017267926
1,19,round_coverage,0.000004240,0.000003611
2,20,period_reset,0.000024741,0.000023444
2,20,receive_authenticate_accumulate,0.000093870,0.000093593
2,20,receive_authenticate_accumulate,0.000090092,0.000089871
2,20,receive_authenticate_accumulate,0.000090740,0.000090574
2,20,receive_authenticate_accumulate,0.000089722,0.000089667
2,20,receive_authenticate_accumulate,0.000088741,0.000088648
2,20,receive_authenticate_accumulate,0.000088074,0.000088000
2,20,receive_authenticate_accumulate,0.000089351,0.000089296
2,20,receive_authenticate_accumulate,0.000091462,0.000091315
2,20,receive_authenticate_accumulate,0.000091147,0.000091333
2,20,receive_authenticate_accumulate,0.000089055,0.000089019
2,20,receive_authenticate_accumulate,0.000087629,0.000087500
2,20,receive_authenticate_accumulate,0.000086537,0.000086333
2,20,receive_authenticate_accumulate,0.000089074,0.000088963
2,20,receive_authenticate_accumulate,0.000089018,0.000088926
2,20,receive_authenticate_accumulate,0.000088055,0.000087870
2,20,randomness_commit,0.000836459,0.000836129
2,20,receive_authenticate_accumulate,0.000089055,0.000088888
2,20,receive_authenticate_accumulate,0.000039944,0.000039888
2,20,receive_authenticate_accumulate,0.000036222,0.000036129
2,20,receive_authenticate_accumulate,0.000038907,0.000038833
2,20,receive_authenticate_accumulate,0.000039018,0.000038963
2,20,receive_authenticate_accumulate,0.000044592,0.000044630
2,20,receive_authenticate_accumulate,0.000047296,0.000047278
2,20,receive_authenticate_accumulate,0.000044852,0.000044814
2,20,receive_authenticate_accumulate,0.000047907,0.000047760
2,20,receive_authenticate_accumulate,0.000046611,0.000046444
2,20,receive_authenticate_accumulate,0.000043704,0.000043667
2,20,receive_authenticate_accumulate,0.000047944,0.000047870
2,20,receive_authenticate_accumulate,0.000046685,0.000046611
2,20,receive_authenticate_accumulate,0.000043666,0.000043537
2,20,receive_authenticate_accumulate,0.000046536,0.000046352
2,20,receive_authenticate_accumulate,0.000047814,0.000047741
2,20,receive_authenticate_accumulate,0.000045037,0.000044981
2,20,receive_authenticate_accumulate,0.000047593,0.000047592
2,20,receive_authenticate_accumulate,0.000045704,0.000045667
2,20,receive_authenticate_accumulate,0.000047259,0.000047259
2,20,randomness_reveal,0.000299702,0.000299537
2,20,receive_authenticate_accumulate,0.000045722,0.000045629
2,20,receive_authenticate_accumulate,0.000044296,0.000044130
2,20,receive_authenticate_accumulate,0.000047352,0.000047352
2,20,receive_authenticate_accumulate,0.000045759,0.000045814
2,20,receive_authenticate_accumulate,0.000044444,0.000044315
2,20,committee_selection,0.000085148,0.000084982
2,20,round_reset,0.000004074,0.000003630
2,20,receive_authenticate_accumulate,0.017225153,0.017225203
2,20,receive_authenticate_accumulate,0.017224672,0.017224722
2,20,receive_authenticate_accumulate,0.017231060,0.017231018
2,20,receive_authenticate_accumulate,0.017225727,0.017225740
2,20,receive_authenticate_accumulate,0.017269561,0.017240926
2,20,receive_authenticate_accumulate,0.017222431,0.017222481
2,20,receive_authenticate_accumulate,0.017224857,0.017224797
2,20,receive_authenticate_accumulate,0.017229690,0.017229760
2,20,receive_authenticate_accumulate,0.017220431,0.017220482
2,20,receive_authenticate_accumulate,0.017224968,0.017224871
2,20,receive_authenticate_accumulate,0.017234042,0.017234148
2,20,receive_authenticate_accumulate,0.017228320,0.017228389
2,20,receive_authenticate_accumulate,0.017228728,0.017228611
2,20,receive_authenticate_accumulate,0.017221542,0.017221426
2,20,receive_authenticate_accumulate,0.017218005,0.017217871
2,20,reading_commitment_and_shares,0.026194811,0.026195148
2,20,receive_authenticate_accumulate,0.017231431,0.017231518
2,20,receive_authenticate_accumulate,0.017267357,0.017238296
2,20,receive_authenticate_accumulate,0.017228820,0.017228871
2,20,receive_authenticate_accumulate,0.017224172,0.017224185
2,20,receive_authenticate_accumulate,0.017240449,0.017240389
2,20,round_coverage,0.000003907,0.000003408
2,21,round_reset,0.000009241,0.000007889
2,21,receive_authenticate_accumulate,0.017231154,0.017231167
2,21,receive_authenticate_accumulate,0.017228265,0.017228278
2,21,receive_authenticate_accumulate,0.017225061,0.017225074
2,21,receive_authenticate_accumulate,0.017304135,0.017259351
2,21,receive_authenticate_accumulate,0.017226746,0.017226815
2,21,receive_authenticate_accumulate,0.017222284,0.017222259
2,21,receive_authenticate_accumulate,0.017219820,0.017219685
2,21,receive_authenticate_accumulate,0.017233580,0.017233555
2,21,receive_authenticate_accumulate,0.017230672,0.017230667
2,21,receive_authenticate_accumulate,0.017225839,0.017225870
2,21,receive_authenticate_accumulate,0.017271116,0.017245445
2,21,receive_authenticate_accumulate,0.017231542,0.017231518
2,21,receive_authenticate_accumulate,0.017263561,0.017238926
2,21,receive_authenticate_accumulate,0.017228117,0.017227777
2,21,receive_authenticate_accumulate,0.017228061,0.017228185
2,21,reading_commitment_and_shares,0.026208275,0.026208870
2,21,receive_authenticate_accumulate,0.017225839,0.017225814
2,21,receive_authenticate_accumulate,0.017334542,0.017244796
2,21,receive_authenticate_accumulate,0.017257839,0.017239259
2,21,receive_authenticate_accumulate,0.017225302,0.017225314
2,21,receive_authenticate_accumulate,0.017221358,0.017221241
2,21,round_coverage,0.000003963,0.000003426
2,22,round_reset,0.000008777,0.000007519
2,22,receive_authenticate_accumulate,0.017220506,0.017220352
2,22,receive_authenticate_accumulate,0.017259043,0.017236093
2,22,receive_authenticate_accumulate,0.017226802,0.017226685
2,22,receive_authenticate_accumulate,0.017229617,0.017229629
2,22,receive_authenticate_accumulate,0.017228747,0.017228685
2,22,receive_authenticate_accumulate,0.017228006,0.017227814
2,22,receive_authenticate_accumulate,0.017223228,0.017223074
2,22,receive_authenticate_accumulate,0.017224043,0.017224111
2,22,receive_authenticate_accumulate,0.017227432,0.017227482
2,22,receive_authenticate_accumulate,0.017217729,0.017217704
2,22,receive_authenticate_accumulate,0.017224969,0.017224963
2,22,receive_authenticate_accumulate,0.017236358,0.017236370
2,22,receive_authenticate_accumulate,0.017248210,0.017235185
2,22,receive_authenticate_accumulate,0.017230135,0.017229926
2,22,receive_authenticate_accumulate,0.017241988,0.017242018
2,22,reading_commitment_and_shares,0.026233924,0.026234481
2,22,receive_authenticate_accumulate,0.017258783,0.017231093
2,22,receive_authenticate_accumulate,0.017227191,0.017227130
2,22,receive_authenticate_accumulate,0.017218896,0.017218907
2,22,receive_authenticate_accumulate,0.017219784,0.017219759
2,22,receive_authenticate_accumulate,0.017222636,0.017222667
2,22,round_coverage,0.000003760,0.000003278
2,23,round_reset,0.000009685,0.000008482
2,23,receive_authenticate_accumulate,0.017230377,0.017230241
2,23,receive_authenticate_accumulate,0.017223488,0.017223444
2,23,receive_authenticate_accumulate,0.017220433,0.017220352
2,23,receive_authenticate_accumulate,0.017225433,0.017225315
2,23,receive_authenticate_accumulate,0.017224285,0.017224296
2,23,receive_authenticate_accumulate,0.017237766,0.017237815
2,23,receive_authenticate_accumulate,0.017265506,0.017242926
2,23,receive_authenticate_accumulate,0.017223767,0.017223722
2,23,receive_authenticate_accumulate,0.017229525,0.017229481
2,23,receive_authenticate_accumulate,0.017304265,0.017264037
2,23,receive_authenticate_accumulate,0.017257803,0.017236334
2,23,receive_authenticate_accumulate,0.017226211,0.017226186
2,23,receive_authenticate_accumulate,0.017226729,0.017226759
2,23,receive_authenticate_accumulate,0.017230118,0.017229944
2,23,receive_authenticate_accumulate,0.017235914,0.017235722
2,23,reading_commitment_and_shares,0.026247036,0.026223519
2,23,receive_authenticate_accumulate,0.017225896,0.017225888
2,23,receive_authenticate_accumulate,0.017225821,0.017225685
2,23,receive_authenticate_accumulate,0.017223989,0.017223574
2,23,receive_authenticate_accumulate,0.017216915,0.017216945
2,23,receive_authenticate_accumulate,0.017224192,0.017224000
2,23,round_coverage,0.000003666,0.000003426
2,24,round_reset,0.000009851,0.000008537
2,24,receive_authenticate_accumulate,0.017231322,0.017231166
2,24,receive_authenticate_accumulate,0.017229341,0.017229000
2,24,receive_authenticate_accumulate,0.017226878,0.017226685
2,24,receive_authenticate_accumulate,0.017227174,0.017227037
2,24,receive_authenticate_accumulate,0.017220359,0.017220426
2,24,receive_authenticate_accumulate,0.017273730,0.017247464
2,24,receive_authenticate_accumulate,0.017272322,0.017246223
2,24,receive_authenticate_accumulate,0.017268025,0.017267944
2,24,receive_authenticate_accumulate,0.017220322,0.017220186
2,24,receive_authenticate_accumulate,0.017232322,0.017232370
2,24,receive_authenticate_accumulate,0.017230767,0.017230555
2,24,receive_authenticate_accumulate,0.017231582,0.017231574
2,24,receive_authenticate_accumulate,0.017250729,0.017236463
2,24,receive_authenticate_accumulate,0.017220137,0.017220111
2,24,receive_authenticate_accumulate,0.017223822,0.017223445
2,24,reading_commitment_and_shares,0.026200834,0.026200888
2,24,receive_authenticate_accumulate,0.017212192,0.017212167
2,24,receive_authenticate_accumulate,0.017227026,0.017226981
2,24,receive_authenticate_accumulate,0.017226859,0.017226981
2,24,receive_authenticate_accumulate,0.017219841,0.017219870
2,24,receive_authenticate_accumulate,0.017264415,0.017236425
2,24,round_coverage,0.000004018,0.000003519
2,25,round_reset,0.000009815,0.000008593
2,25,receive_authenticate_accumulate,0.017225693,0.017225611
2,25,receive_authenticate_accumulate,0.017227045,0.017227000
2,25,receive_authenticate_accumulate,0.017225082,0.017224944
2,25,receive_authenticate_accumulate,0.017229878,0.017229611
2,25,receive_authenticate_accumulate,0.017232933,0.017232796
2,25,receive_authenticate_accumulate,0.017219804,0.017219685
2,25,receive_authenticate_accumulate,0.017236397,0.017236574
2,25,receive_authenticate_accumulate,0.017221008,0.017220797
2,25,receive_authenticate_accumulate,0.017231489,0.017231574
2,25,receive_authenticate_accumulate,0.017242990,0.017243148
2,25,receive_authenticate_accumulate,0.017257156,0.017233167
2,25,receive_authenticate_accumulate,0.017229933,0.017229815
2,25,receive_authenticate_accumulate,0.017261656,0.017231963
2,25,receive_authenticate_accumulate,0.017231063,0.017231000
2,25,receive_authenticate_accumulate,0.017232785,0.017232611
2,25,reading_commitment_and_shares,0.026213260,0.026207055
2,25,receive_authenticate_accumulate,0.017231842,0.017231667
2,25,receive_authenticate_accumulate,0.017222082,0.017221907
2,25,receive_authenticate_accumulate,0.017220804,0.017220703
2,25,receive_authenticate_accumulate,0.017220101,0.017219907
2,25,receive_authenticate_accumulate,0.017281304,0.017247887
2,25,round_coverage,0.000003500,0.000003074
2,26,round_reset,0.000009944,0.000008833
2,26,receive_authenticate_accumulate,0.017254157,0.017237500
2,26,receive_authenticate_accumulate,0.017225360,0.017225055
2,26,receive_authenticate_accumulate,0.017221546,0.017221537
2,26,receive_authenticate_accumulate,0.017219971,0.017219833
2,26,receive_authenticate_accumulate,0.017221731,0.017221574
2,26,receive_authenticate_accumulate,0.017242490,0.017242518
2,26,receive_authenticate_accumulate,0.017226804,0.017226852
2,26,receive_authenticate_accumulate,0.017222842,0.017222944
2,26,receive_authenticate_accumulate,0.017229193,0.017229148
2,26,receive_authenticate_accumulate,0.017267768,0.017242296
2,26,receive_authenticate_accumulate,0.017220935,0.017220889
2,26,receive_authenticate_accumulate,0.017224972,0.017224907
2,26,receive_authenticate_accumulate,0.017281305,0.017262573
2,26,receive_authenticate_accumulate,0.017235749,0.017235685
2,26,receive_authenticate_accumulate,0.017219916,0.017219666
2,26,reading_commitment_and_shares,0.026203094,0.026203352
2,26,receive_authenticate_accumulate,0.017229490,0.017229388
2,26,receive_authenticate_accumulate,0.017268101,0.017242537
2,26,receive_authenticate_accumulate,0.017229471,0.017229500
2,26,receive_authenticate_accumulate,0.017227045,0.017227111
2,26,receive_authenticate_accumulate,0.017228657,0.017228685
2,26,round_coverage,0.000003685,0.000003203
2,27,round_reset,0.000009796,0.000008056
2,27,receive_authenticate_accumulate,0.017228064,0.017227982
2,27,receive_authenticate_accumulate,0.017259564,0.017233297
2,27,receive_authenticate_accumulate,0.017224231,0.017224056
2,27,receive_authenticate_accumulate,0.017276805,0.017243037
2,27,receive_authenticate_accumulate,0.017266934,0.017246314
2,27,receive_authenticate_accumulate,0.017230083,0.017229888
2,27,receive_authenticate_accumulate,0.017228787,0.017228537
2,27,receive_authenticate_accumulate,0.017222676,0.017222537
2,27,receive_authenticate_accumulate,0.017239565,0.017239315
2,27,receive_authenticate_accumulate,0.017245138,0.017245204
2,27,receive_authenticate_accumulate,0.017224472,0.017224388
2,27,receive_authenticate_accumulate,0.017219639,0.017219722
2,27,receive_authenticate_accumulate,0.017226139,0.017225445
2,27,receive_authenticate_accumulate,0.017261897,0.017237777
2,27,receive_authenticate_accumulate,0.017224861,0.017224703
2,27,reading_commitment_and_shares,0.026245947,0.026247018
2,27,receive_authenticate_accumulate,0.017264786,0.017264629
2,27,receive_authenticate_accumulate,0.017219972,0.017219889
2,27,receive_authenticate_accumulate,0.017222527,0.017222352
2,27,receive_authenticate_accumulate,0.017218546,0.017218592
2,27,receive_authenticate_accumulate,0.017223194,0.017223185
2,27,round_coverage,0.000003519,0.000003000
2,28,round_reset,0.000009685,0.000008445
2,28,receive_authenticate_accumulate,0.017225657,0.017225722
2,28,receive_authenticate_accumulate,0.017233212,0.017233204
2,28,receive_authenticate_accumulate,0.017217065,0.017217111
2,28,receive_authenticate_accumulate,0.017240306,0.017240259
2,28,receive_authenticate_accumulate,0.017227621,0.017227648
2,28,receive_authenticate_accumulate,0.017231231,0.017231129
2,28,receive_authenticate_accumulate,0.017230269,0.017230315
2,28,receive_authenticate_accumulate,0.017225731,0.017225741
2,28,receive_authenticate_accumulate,0.017222139,0.017222204
2,28,receive_authenticate_accumulate,0.017224843,0.017224834
2,28,receive_authenticate_accumulate,0.017229102,0.017229185
2,28,receive_authenticate_accumulate,0.017265565,0.017241944
2,28,receive_authenticate_accumulate,0.017259528,0.017233574
2,28,receive_authenticate_accumulate,0.017225065,0.017224908
2,28,receive_authenticate_accumulate,0.017221454,0.017221426
2,28,reading_commitment_and_shares,0.026245781,0.026245981
2,28,receive_authenticate_accumulate,0.017218361,0.017218445
2,28,receive_authenticate_accumulate,0.017230731,0.017230815
2,28,receive_authenticate_accumulate,0.017231343,0.017231037
2,28,receive_authenticate_accumulate,0.017269935,0.017270944
2,28,receive_authenticate_accumulate,0.017249602,0.017249371
2,28,round_coverage,0.000004241,0.000003648
2,29,round_reset,0.000009037,0.000007815
2,29,receive_authenticate_accumulate,0.017267288,0.017242092
2,29,receive_authenticate_accumulate,0.017271306,0.017244370
2,29,receive_authenticate_accumulate,0.017219213,0.017219278
2,29,receive_authenticate_accumulate,0.017221139,0.017221018
2,29,receive_authenticate_accumulate,0.017219954,0.017219925
2,29,receive_authenticate_accumulate,0.017296694,0.017255240
2,29,receive_authenticate_accumulate,0.017229195,0.017229018
2,29,receive_authenticate_accumulate,0.017226603,0.017226519
2,29,receive_authenticate_accumulate,0.017225788,0.017225759
2,29,receive_authenticate_accumulate,0.017230177,0.017229963
2,29,receive_authenticate_accumulate,0.017216695,0.017216593
2,29,receive_authenticate_accumulate,0.017223788,0.017223703
2,29,receive_authenticate_accumulate,0.017224232,0.017224111
2,29,receive_authenticate_accumulate,0.017230676,0.017230537
2,29,receive_authenticate_accumulate,0.017276917,0.017248777
2,29,reading_commitment_and_shares,0.026207504,0.026207815
2,29,receive_authenticate_accumulate,0.017222306,0.017222389
2,29,receive_authenticate_accumulate,0.017229861,0.017229648
2,29,receive_authenticate_accumulate,0.017224861,0.017224815
2,29,receive_authenticate_accumulate,0.017214935,0.017214926
2,29,receive_authenticate_accumulate,0.017228566,0.017228388
2,29,round_coverage,0.000003982,0.000003445
3,30,period_reset,0.000025574,0.000024112
3,30,receive_authenticate_accumulate,0.000097369,0.000097056
3,30,receive_authenticate_accumulate,0.000089574,0.000089334
3,30,receive_authenticate_accumulate,0.000086759,0.000086814
3,30,receive_authenticate_accumulate,0.000089314,0.000088981
3,30,receive_authenticate_accumulate,0.000088556,0.000088407
3,30,receive_authenticate_accumulate,0.000091814,0.000091555
3,30,receive_authenticate_accumulate,0.000089740,0.000089649
3,30,receive_authenticate_accumulate,0.000066741,0.000066667
3,30,receive_authenticate_accumulate,0.000067999,0.000067686
3,30,receive_authenticate_accumulate,0.000068296,0.000068278
3,30,receive_authenticate_accumulate,0.000066278,0.000066259
3,30,receive_authenticate_accumulate,0.000066741,0.000066703
3,30,receive_authenticate_accumulate,0.000065888,0.000065945
3,30,receive_authenticate_accumulate,0.000066185,0.000065963
3,30,receive_authenticate_accumulate,0.000066703,0.000066648
3,30,randomness_commit,0.000605034,0.000604778
3,30,receive_authenticate_accumulate,0.000066074,0.000065981
3,30,receive_authenticate_accumulate,0.000067074,0.000066945
3,30,receive_authenticate_accumulate,0.000065870,0.000065907
3,30,receive_authenticate_accumulate,0.000066684,0.000066444
3,30,receive_authenticate_accumulate,0.000065907,0.000065574
3,30,receive_authenticate_accumulate,0.000081759,0.000081722
3,30,receive_authenticate_accumulate,0.000081370,0.000081204
3,30,receive_authenticate_accumulate,0.000081610,0.000081444
3,30,receive_authenticate_accumulate,0.000080852,0.000080630
3,30,receive_authenticate_accumulate,0.000081370,0.000081037
3,30,receive_authenticate_accumulate,0.000079462,0.000079592
3,30,receive_authenticate_accumulate,0.000079500,0.000079463
3,30,receive_authenticate_accumulate,0.000082018,0.000082019
3,30,receive_authenticate_accumulate,0.000080111,0.000080074
3,30,receive_authenticate_accumulate,0.000083074,0.000082982
3,30,receive_authenticate_accumulate,0.000043722,0.000043574
3,30,receive_authenticate_accumulate,0.000046351,0.000046278
3,30,receive_authenticate_accumulate,0.000043796,0.000043704
3,30,receive_authenticate_accumulate,0.000046834,0.000046630
3,30,receive_authenticate_accumulate,0.000046334,0.000046259
3,30,randomness_reveal,0.000297776,0.000297630
3,30,receive_authenticate_accumulate,0.000043907,0.000043741
3,30,receive_authenticate_accumulate,0.000047870,0.000047815
3,30,receive_authenticate_accumulate,0.000046981,0.000046815
3,30,receive_authenticate_accumulate,0.000043851,0.000043704
3,30,receive_authenticate_accumulate,0.000046741,0.000046685
3,30,committee_selection,0.000084389,0.000084278
3,30,round_reset,0.000004056,0.000003592
3,30,receive_authenticate_accumulate,0.017223603,0.017223629
3,30,receive_authenticate_accumulate,0.017227492,0.017227389
3,30,receive_authenticate_accumulate,0.017226362,0.017226407
3,30,receive_authenticate_accumulate,0.017228417,0.017228389
3,30,receive_authenticate_accumulate,0.017226807,0.017226777
3,30,receive_authenticate_accumulate,0.017225121,0.017225204
3,30,receive_authenticate_accumulate,0.017232288,0.017232260
3,30,receive_authenticate_accumulate,0.017228695,0.017228797
3,30,receive_authenticate_accumulate,0.017221658,0.017221686
3,30,receive_authenticate_accumulate,0.017233270,0.017233408
3,30,receive_authenticate_accumulate,0.017223584,0.017223463
3,30,receive_authenticate_accumulate,0.017272028,0.017243129
3,30,receive_authenticate_accumulate,0.017224602,0.017224482
3,30,receive_authenticate_accumulate,0.017216103,0.017216000
3,30,receive_authenticate_accumulate,0.017223047,0.017223055
3,30,reading_commitment_and_shares,0.026207078,0.026207222
3,30,receive_authenticate_accumulate,0.017223510,0.017223648
3,30,receive_authenticate_accumulate,0.017221270,0.017221407
3,30,receive_authenticate_accumulate,0.017218677,0.017218574
3,30,receive_authenticate_accumulate,0.017225010,0.017225000
3,30,receive_authenticate_accumulate,0.017224954,0.017224982
3,30,round_coverage,0.000003741,0.000003296
3,31,round_reset,0.000009963,0.000008741
3,31,receive_authenticate_accumulate,0.017273140,0.017273000
3,31,receive_authenticate_accumulate,0.017234917,0.017234851
3,31,receive_authenticate_accumulate,0.017224140,0.017224111
3,31,receive_authenticate_accumulate,0.017229621,0.017229703
3,31,receive_authenticate_accumulate,0.017233825,0.017233778
3,31,receive_authenticate_accumulate,0.017222862,0.017222945
3,31,receive_authenticate_accumulate,0.017265566,0.017241537
3,31,receive_authenticate_accumulate,0.017218584,0.017218408
3,31,receive_authenticate_accumulate,0.017274010,0.017243537
3,31,receive_authenticate_accumulate,0.017216066,0.017215982
3,31,receive_authenticate_accumulate,0.017232844,0.017232797
3,31,receive_authenticate_accumulate,0.017230529,0.017230425
3,31,receive_authenticate_accumulate,0.017252362,0.017238203
3,31,receive_authenticate_accumulate,0.017223789,0.017223666
3,31,receive_authenticate_accumulate,0.017224751,0.017224759
3,31,reading_commitment_and_shares,0.026237153,0.026210296
3,31,receive_authenticate_accumulate,0.017221640,0.017221667
3,31,receive_authenticate_accumulate,0.017222936,0.017222981
3,31,receive_authenticate_accumulate,0.017227307,0.017227425
3,31,receive_authenticate_accumulate,0.017228121,0.017228203
3,31,receive_authenticate_accumulate,0.017254066,0.017238111
3,31,round_coverage,0.000003907,0.000003389
3,32,round_reset,0.000009259,0.000008611
3,32,receive_authenticate_accumulate,0.017265066,0.017242816
3,32,receive_authenticate_accumulate,0.017220214,0.017220148
3,32,receive_authenticate_accumulate,0.017228919,0.017228963
3,32,receive_authenticate_accumulate,0.017304418,0.017249647
3,32,receive_authenticate_accumulate,0.017230974,0.017230833
3,32,receive_authenticate_accumulate,0.017252399,0.017232148
3,32,receive_authenticate_accumulate,0.017217659,0.017217555
3,32,receive_authenticate_accumulate,0.017218289,0.017218148
3,32,receive_authenticate_accumulate,0.017221307,0.017221333
3,32,receive_authenticate_accumulate,0.017238844,0.017238852
3,32,receive_authenticate_accumulate,0.017228140,0.017228000
3,32,receive_authenticate_accumulate,0.017259992,0.017234760
3,32,receive_authenticate_accumulate,0.017225178,0.017225000
3,32,receive_authenticate_accumulate,0.017262011,0.017238240
3,32,receive_authenticate_accumulate,0.017228159,0.017227981
3,32,reading_commitment_and_shares,0.026208783,0.026208778
3,32,receive_authenticate_accumulate,0.017226270,0.017226037
3,32,receive_authenticate_accumulate,0.017304399,0.017294500
3,32,receive_authenticate_accumulate,0.017218696,0.017218389
3,32,receive_authenticate_accumulate,0.017218493,0.017218463
3,32,receive_authenticate_accumulate,0.017217363,0.017217056
3,32,round_coverage,0.000003852,0.000003352
3,33,round_reset,0.000010000,0.000008796
3,33,receive_authenticate_accumulate,0.017241012,0.017241314
3,33,receive_authenticate_accumulate,0.017258290,0.017231537
3,33,receive_authenticate_accumulate,0.017219773,0.017220278
3,33,receive_authenticate_accumulate,0.017230736,0.017231260
3,33,receive_authenticate_accumulate,0.017222218,0.017222777
3,33,receive_authenticate_accumulate,0.017286586,0.017245833
3,33,receive_authenticate_accumulate,0.017261829,0.017262334
3,33,receive_authenticate_accumulate,0.017228812,0.017229259
3,33,receive_authenticate_accumulate,0.017232609,0.017233111
3,33,receive_authenticate_accumulate,0.017228905,0.017229407
3,33,receive_authenticate_accumulate,0.017215184,0.017215759
3,33,receive_authenticate_accumulate,0.017230832,0.017220388
3,33,receive_authenticate_accumulate,0.017223666,0.017224222
3,33,receive_authenticate_accumulate,0.017231351,0.017231797
3,33,receive_authenticate_accumulate,0.017267794,0.017241703
3,33,reading_commitment_and_shares,0.026206170,0.026207092
3,33,receive_authenticate_accumulate,0.017229501,0.017230185
3,33,receive_authenticate_accumulate,0.017219057,0.017219685
3,33,receive_authenticate_accumulate,0.017225426,0.017226092
3,33,receive_authenticate_accumulate,0.017288518,0.017250759
3,33,receive_authenticate_accumulate,0.017228021,0.017228574
3,33,round_coverage,0.000003426,0.000002889
3,34,round_reset,0.000009240,0.000007981
3,34,receive_authenticate_accumulate,0.017276413,0.017247980
3,34,receive_authenticate_accumulate,0.017232915,0.017233444
3,34,receive_authenticate_accumulate,0.017217824,0.017218278
3,34,receive_authenticate_accumulate,0.017231879,0.017232315
3,34,receive_authenticate_accumulate,0.017228120,0.017228685
3,34,receive_authenticate_accumulate,0.017240362,0.017240925
3,34,receive_authenticate_accumulate,0.017232565,0.017232926
3,34,receive_authenticate_accumulate,0.017229806,0.017230463
3,34,receive_authenticate_accumulate,0.017220048,0.017220574
3,34,receive_authenticate_accumulate,0.017304693,0.017274574
3,34,receive_authenticate_accumulate,0.017233234,0.017233666
3,34,receive_authenticate_accumulate,0.017232845,0.017233315
3,34,receive_authenticate_accumulate,0.017243252,0.017232203
3,34,receive_authenticate_accumulate,0.017225679,0.017226130
3,34,receive_authenticate_accumulate,0.017256160,0.017232778
3,34,reading_commitment_and_shares,0.026196589,0.026197426
3,34,receive_authenticate_accumulate,0.017221699,0.017222259
3,34,receive_authenticate_accumulate,0.017230458,0.017230981
3,34,receive_authenticate_accumulate,0.017230662,0.017231278
3,34,receive_authenticate_accumulate,0.017252940,0.017232684
3,34,receive_authenticate_accumulate,0.017230367,0.017231129
3,34,round_coverage,0.000003999,0.000003537
3,35,round_reset,0.000009444,0.000008204
3,35,receive_authenticate_accumulate,0.017259870,0.017239814
3,35,receive_authenticate_accumulate,0.017225038,0.017225352
3,35,receive_authenticate_accumulate,0.017225651,0.017226111
3,35,receive_authenticate_accumulate,0.017229872,0.017230444
3,35,receive_authenticate_accumulate,0.017216465,0.017216907
3,35,receive_authenticate_accumulate,0.017257410,0.017229908
3,35,receive_authenticate_accumulate,0.017235021,0.017235611
3,35,receive_authenticate_accumulate,0.017220356,0.017220815
3,35,receive_authenticate_accumulate,0.017220930,0.017221370
3,35,receive_authenticate_accumulate,0.017229041,0.017229426
3,35,receive_authenticate_accumulate,0.017226116,0.017226574
3,35,receive_authenticate_accumulate,0.017220579,0.017221203
3,35,receive_authenticate_accumulate,0.017254116,0.017254740
3,35,receive_authenticate_accumulate,0.017263153,0.017240073
3,35,receive_authenticate_accumulate,0.017224302,0.017224907
3,35,reading_commitment_and_shares,0.026209969,0.026210796
3,35,receive_authenticate_accumulate,0.017221322,0.017221666
3,35,receive_authenticate_accumulate,0.017291653,0.017251166
3,35,receive_authenticate_accumulate,0.017224915,0.017225388
3,35,receive_authenticate_accumulate,0.017224952,0.017225407
3,35,receive_authenticate_accumulate,0.017226285,0.017226759
3,35,round_coverage,0.000003852,0.000003277
3,36,round_reset,0.000009315,0.000008037
3,36,receive_authenticate_accumulate,0.017235196,0.017235797
3,36,receive_authenticate_accumulate,0.017231493,0.017231908
3,36,receive_authenticate_accumulate,0.017290380,0.017258314
3,36,receive_authenticate_accumulate,0.017231363,0.017231852
3,36,receive_authenticate_accumulate,0.017224530,0.017224870
3,36,receive_authenticate_accumulate,0.017250216,0.017226444
3,36,receive_authenticate_accumulate,0.017234549,0.017234981
3,36,receive_authenticate_accumulate,0.017232569,0.017233111
3,36,receive_authenticate_accumulate,0.017259753,0.017260463
3,36,receive_authenticate_accumulate,0.017227829,0.017228371
3,36,receive_authenticate_accumulate,0.017217719,0.017218278
3,36,receive_authenticate_accumulate,0.017231070,0.017231556
3,36,receive_authenticate_accumulate,0.017237626,0.017238167
3,36,receive_authenticate_accumulate,0.017226904,0.017227351
3,36,receive_authenticate_accumulate,0.017247293,0.017247814
3,36,reading_commitment_and_shares,0.026231602,0.026232926
3,36,receive_authenticate_accumulate,0.017236850,0.017237352
3,36,receive_authenticate_accumulate,0.017223868,0.017224407
3,36,receive_authenticate_accumulate,0.017282478,0.017256167
3,36,receive_authenticate_accumulate,0.017226147,0.017226722
3,36,receive_authenticate_accumulate,0.017279460,0.017249241
3,36,round_coverage,0.000003777,0.000003537
3,37,round_reset,0.000010147,0.000008037
3,37,receive_authenticate_accumulate,0.017268536,0.017248741
3,37,receive_authenticate_accumulate,0.017233723,0.017234241
3,37,receive_authenticate_accumulate,0.017228224,0.017228760
3,37,receive_authenticate_accumulate,0.017227038,0.017227611
3,37,receive_authenticate_accumulate,0.017227484,0.017227870
3,37,receive_authenticate_accumulate,0.017231391,0.017231963
3,37,receive_authenticate_accumulate,0.017266983,0.017238092
3,37,receive_authenticate_accumulate,0.017226189,0.017226519
3,37,receive_authenticate_accumulate,0.017224652,0.017225278
3,37,receive_authenticate_accumulate,0.017222300,0.017222833
3,37,receive_authenticate_accumulate,0.017218560,0.017219018
3,37,receive_authenticate_accumulate,0.017221449,0.017221703
3,37,receive_authenticate_accumulate,0.017228227,0.017228648
3,37,receive_authenticate_accumulate,0.017225598,0.017225963
3,37,receive_authenticate_accumulate,0.017237986,0.017238574
3,37,reading_commitment_and_shares,0.026204865,0.026205796
3,37,receive_authenticate_accumulate,0.017222561,0.017223037
3,37,receive_authenticate_accumulate,0.017230524,0.017230944
3,37,receive_authenticate_accumulate,0.017260264,0.017260760
3,37,receive_authenticate_accumulate,0.017258413,0.017233019
3,37,receive_authenticate_accumulate,0.017229303,0.017229759
3,37,round_coverage,0.000004389,0.000003519
3,38,round_reset,0.000009907,0.000007852
3,38,receive_authenticate_accumulate,0.017232489,0.017232926
3,38,receive_authenticate_accumulate,0.017225285,0.017225778
3,38,receive_authenticate_accumulate,0.017229342,0.017229796
3,38,receive_authenticate_accumulate,0.017232138,0.017232444
3,38,receive_authenticate_accumulate,0.017234119,0.017234500
3,38,receive_authenticate_accumulate,0.017225139,0.017225666
3,38,receive_authenticate_accumulate,0.017236268,0.017236630
3,38,receive_authenticate_accumulate,0.017216900,0.017217352
3,38,receive_authenticate_accumulate,0.017225417,0.017225870
3,38,receive_authenticate_accumulate,0.017222899,0.017223259
3,38,receive_authenticate_accumulate,0.017265102,0.017240722
3,38,receive_authenticate_accumulate,0.017229752,0.017230092
3,38,receive_authenticate_accumulate,0.017267251,0.017240222
3,38,receive_authenticate_accumulate,0.017225271,0.017225815
3,38,receive_authenticate_accumulate,0.017229067,0.017229426
3,38,reading_commitment_and_shares,0.026198497,0.026199148
3,38,receive_authenticate_accumulate,0.017228624,0.017229092
3,38,receive_authenticate_accumulate,0.017215995,0.017216482
3,38,receive_authenticate_accumulate,0.017230180,0.017230315
3,38,receive_authenticate_accumulate,0.017219866,0.017220297
3,38,receive_authenticate_accumulate,0.017222532,0.017222982
3,38,round_coverage,0.000004092,0.000003500
3,39,round_reset,0.000010278,0.000008907
3,39,receive_authenticate_accumulate,0.017234532,0.017234870
3,39,receive_authenticate_accumulate,0.017213346,0.017213833
3,39,receive_authenticate_accumulate,0.017253217,0.017231907
3,39,receive_authenticate_accumulate,0.017220532,0.017220778
3,39,receive_authenticate_accumulate,0.017226793,0.017227111
3,39,receive_authenticate_accumulate,0.017223885,0.017224185
3,39,receive_authenticate_accumulate,0.017219385,0.017219871
3,39,receive_authenticate_accumulate,0.017224256,0.017224667
3,39,receive_authenticate_accumulate,0.017234367,0.017234759
3,39,receive_authenticate_accumulate,0.017229070,0.017229482
3,39,receive_authenticate_accumulate,0.017219776,0.017220130
3,39,receive_authenticate_accumulate,0.017286866,0.017250242
3,39,receive_authenticate_accumulate,0.017220943,0.017221370
3,39,receive_authenticate_accumulate,0.017223035,0.017223518
3,39,receive_authenticate_accumulate,0.017227091,0.017227407
3,39,reading_commitment_and_shares,0.026198293,0.026199074
3,39,receive_authenticate_accumulate,0.017223018,0.017223389
3,39,receive_authenticate_accumulate,0.017235906,0.017236093
3,39,receive_authenticate_accumulate,0.017228537,0.017228740
3,39,receive_authenticate_accumulate,0.017217037,0.017217426
3,39,receive_authenticate_accumulate,0.017228481,0.017228852
3,39,round_coverage,0.000003722,0.000003222
4,40,period_reset,0.000025240,0.000022944
4,40,receive_authenticate_accumulate,0.000093960,0.000093907
4,40,receive_authenticate_accumulate,0.000090071,0.000089981
4,40,receive_authenticate_accumulate,0.000089182,0.000089130
4,40,receive_authenticate_accumulate,0.000087498,0.000087259
4,40,receive_authenticate_accumulate,0.000089590,0.000089500
4,40,receive_authenticate_accumulate,0.000089164,0.000089111
4,40,receive_authenticate_accumulate,0.000130292,0.000130055
4,40,receive_authenticate_accumulate,0.000087368,0.000087463
4,40,receive_authenticate_accumulate,0.000087553,0.000087426
4,40,receive_authenticate_accumulate,0.000086608,0.000086389
4,40,receive_authenticate_accumulate,0.000086757,0.000086759
4,40,receive_authenticate_accumulate,0.000088201,0.000088278
4,40,receive_authenticate_accumulate,0.000088924,0.000088704
4,40,receive_authenticate_accumulate,0.000087738,0.000087704
4,40,receive_authenticate_accumulate,0.000087312,0.000087037
4,40,randomness_commit,0.000822772,0.000823555
4,40,receive_authenticate_accumulate,0.000087053,0.000086574
4,40,receive_authenticate_accumulate,0.000054331,0.000054240
4,40,receive_authenticate_accumulate,0.000055165,0.000055092
4,40,receive_authenticate_accumulate,0.000053480,0.000053481
4,40,receive_authenticate_accumulate,0.000054702,0.000054629
4,40,receive_authenticate_accumulate,0.000066979,0.000066852
4,40,receive_authenticate_accumulate,0.000067627,0.000067500
4,40,receive_authenticate_accumulate,0.000063628,0.000063482
4,40,receive_authenticate_accumulate,0.000067535,0.000067426
4,40,receive_authenticate_accumulate,0.000067794,0.000067537
4,40,receive_authenticate_accumulate,0.000065757,0.000065630
4,40,receive_authenticate_accumulate,0.000068165,0.000067963
4,40,receive_authenticate_accumulate,0.000066350,0.000066148
4,40,receive_authenticate_accumulate,0.000066386,0.000066278
4,40,receive_authenticate_accumulate,0.000065350,0.000065222
4,40,receive_authenticate_accumulate,0.000066146,0.000066167
4,40,receive_authenticate_accumulate,0.000066721,0.000066667
4,40,receive_authenticate_accumulate,0.000067701,0.000067537
4,40,receive_authenticate_accumulate,0.000066646,0.000066630
4,40,receive_authenticate_accumulate,0.000066294,0.000066000
4,40,randomness_reveal,0.000445505,0.000445223
4,40,receive_authenticate_accumulate,0.000064720,0.000064592
4,40,receive_authenticate_accumulate,0.000065405,0.000065185
4,40,receive_authenticate_accumulate,0.000069238,0.000069204
4,40,receive_authenticate_accumulate,0.000062591,0.000062444
4,40,receive_authenticate_accumulate,0.000067924,0.000067963
4,40,committee_selection,0.000122867,0.000122630
4,40,round_reset,0.000005463,0.000004815
4,40,receive_authenticate_accumulate,0.017221499,0.017221925
4,40,receive_authenticate_accumulate,0.017222869,0.017223111
4,40,receive_authenticate_accumulate,0.017236702,0.017237185
4,40,receive_authenticate_accumulate,0.017222833,0.017223277
4,40,receive_authenticate_accumulate,0.017227815,0.017228203
4,40,receive_authenticate_accumulate,0.017230851,0.017231259
4,40,receive_authenticate_accumulate,0.017218296,0.017218649
4,40,receive_authenticate_accumulate,0.017237241,0.017237722
4,40,receive_authenticate_accumulate,0.017269925,0.017239962
4,40,receive_authenticate_accumulate,0.017229223,0.017229482
4,40,receive_authenticate_accumulate,0.017217613,0.017217870
4,40,receive_authenticate_accumulate,0.017229260,0.017229500
4,40,receive_authenticate_accumulate,0.017248206,0.017248611
4,40,receive_authenticate_accumulate,0.017227521,0.017227852
4,40,receive_authenticate_accumulate,0.017225632,0.017225796
4,40,reading_commitment_and_shares,0.026240807,0.026215407
4,40,receive_authenticate_accumulate,0.017228207,0.017228500
4,40,receive_authenticate_accumulate,0.017221744,0.017222204
4,40,receive_authenticate_accumulate,0.017226467,0.017226888
4,40,receive_authenticate_accumulate,0.017231041,0.017231481
4,40,receive_authenticate_accumulate,0.017220541,0.017220981
4,40,round_coverage,0.000003944,0.000003519
4,41,round_reset,0.000009241,0.000007500
4,41,receive_authenticate_accumulate,0.017258722,0.017233296
4,41,receive_authenticate_accumulate,0.017230687,0.017230982
4,41,receive_authenticate_accumulate,0.017227224,0.017227592
4,41,receive_authenticate_accumulate,0.017217465,0.017217814
4,41,receive_authenticate_accumulate,0.017229039,0.017229278
4,41,receive_authenticate_accumulate,0.017225892,0.017226296
4,41,receive_authenticate_accumulate,0.017234632,0.017234926
4,41,receive_authenticate_accumulate,0.017228855,0.017229185
4,41,receive_authenticate_accumulate,0.017217133,0.017217537
4,41,receive_authenticate_accumulate,0.017224800,0.017225130
4,41,receive_authenticate_accumulate,0.017234244,0.017234592
4,41,receive_authenticate_accumulate,0.017226152,0.017226333
4,41,receive_authenticate_accumulate,0.017229912,0.017230259
4,41,receive_authenticate_accumulate,0.017232078,0.017232370
4,41,receive_authenticate_accumulate,0.017227097,0.017227537
4,41,reading_commitment_and_shares,0.026210005,0.026210667
4,41,receive_authenticate_accumulate,0.017220505,0.017221111
4,41,receive_authenticate_accumulate,0.017233820,0.017234537
4,41,receive_authenticate_accumulate,0.017229858,0.017230166
4,41,receive_authenticate_accumulate,0.017227339,0.017227648
4,41,receive_authenticate_accumulate,0.017227358,0.017227704
4,41,round_coverage,0.000003463,0.000003037
4,42,round_reset,0.000009018,0.000007908
4,42,receive_authenticate_accumulate,0.017233003,0.017233333
4,42,receive_authenticate_accumulate,0.017225262,0.017225611
4,42,receive_authenticate_accumulate,0.017222541,0.017223167
4,42,receive_authenticate_accumulate,0.017229985,0.017230407
4,42,receive_authenticate_accumulate,0.017229356,0.017229722
4,42,receive_authenticate_accumulate,0.017221041,0.017221426
4,42,receive_authenticate_accumulate,0.017227134,0.017227426
4,42,receive_authenticate_accumulate,0.017229542,0.017230037
4,42,receive_authenticate_accumulate,0.017236838,0.017237407
4,42,receive_authenticate_accumulate,0.017226264,0.017226926
4,42,receive_authenticate_accumulate,0.017223710,0.017224055
4,42,receive_authenticate_accumulate,0.017225654,0.017226074
4,42,receive_authenticate_accumulate,0.017232488,0.017232926
4,42,receive_authenticate_accumulate,0.017220913,0.017221222
4,42,receive_authenticate_accumulate,0.017220913,0.017221334
4,42,reading_commitment_and_shares,0.026252091,0.026252593
4,42,receive_authenticate_accumulate,0.017246765,0.017238111
4,42,receive_authenticate_accumulate,0.017218303,0.017218722
4,42,receive_authenticate_accumulate,0.017227525,0.017227944
4,42,receive_authenticate_accumulate,0.017227174,0.017227630
4,42,receive_authenticate_accumulate,0.017228877,0.017229259
4,42,round_coverage,0.000004129,0.000003500
4,43,round_reset,0.000009778,0.000008593
4,43,receive_authenticate_accumulate,0.017225040,0.017225500
4,43,receive_authenticate_accumulate,0.017221115,0.017221425
4,43,receive_authenticate_accumulate,0.017245484,0.017227130
4,43,receive_authenticate_accumulate,0.017230114,0.017230574
4,43,receive_authenticate_accumulate,0.017229189,0.017229388
4,43,receive_authenticate_accumulate,0.017235115,0.017235925
4,43,receive_authenticate_accumulate,0.017216505,0.017216740
4,43,receive_authenticate_accumulate,0.017224653,0.017224852
4,43,receive_authenticate_accumulate,0.017267800,0.017241185
4,43,receive_authenticate_accumulate,0.017235358,0.017235574
4,43,receive_authenticate_accumulate,0.017224876,0.017225130
4,43,receive_authenticate_accumulate,0.017228653,0.017228888
4,43,receive_authenticate_accumulate,0.017227783,0.017228315
4,43,receive_authenticate_accumulate,0.017226395,0.017226629
4,43,receive_authenticate_accumulate,0.017231117,0.017231407
4,43,reading_commitment_and_shares,0.026266305,0.026230702
4,43,receive_authenticate_accumulate,0.017218248,0.017218555
4,43,receive_authenticate_accumulate,0.017231784,0.017232074
4,43,receive_authenticate_accumulate,0.017231063,0.017231481
4,43,receive_authenticate_accumulate,0.017219415,0.017219722
4,43,receive_authenticate_accumulate,0.017230359,0.017230685
4,43,round_coverage,0.000003648,0.000003407
4,44,round_reset,0.000010333,0.000008871
4,44,receive_authenticate_accumulate,0.017231113,0.017231482
4,44,receive_authenticate_accumulate,0.017225743,0.017226203
4,44,receive_authenticate_accumulate,0.017230540,0.017230981
4,44,receive_authenticate_accumulate,0.017239392,0.017239796
4,44,receive_authenticate_accumulate,0.017220800,0.017221259
4,44,receive_authenticate_accumulate,0.017268373,0.017243833
4,44,receive_authenticate_accumulate,0.017226226,0.017226518
4,44,receive_authenticate_accumulate,0.017234874,0.017235222
4,44,receive_authenticate_accumulate,0.017223949,0.017224333
4,44,receive_authenticate_accumulate,0.017236078,0.017236519
4,44,receive_authenticate_accumulate,0.017224782,0.017225223
4,44,receive_authenticate_accumulate,0.017228171,0.017228722
4,44,receive_authenticate_accumulate,0.028727749,0.028728426
4,44,receive_authenticate_accumulate,0.017236339,0.017236463
4,44,receive_authenticate_accumulate,0.017270264,0.017243815
4,44,reading_commitment_and_shares,0.026214684,0.026215185
4,44,receive_authenticate_accumulate,0.017220895,0.017221241
4,44,receive_authenticate_accumulate,0.017226414,0.017226778
4,44,receive_authenticate_accumulate,0.017227822,0.017228277
4,44,receive_authenticate_accumulate,0.017290764,0.017244203
4,44,receive_authenticate_accumulate,0.017231377,0.017231685
4,44,round_coverage,0.000003592,0.000003185
4,45,round_reset,0.000009537,0.000008223
4,45,receive_authenticate_accumulate,0.017232926,0.017233334
4,45,receive_authenticate_accumulate,0.017257834,0.017257963
4,45,receive_authenticate_accumulate,0.017267556,0.017242223
4,45,receive_authenticate_accumulate,0.017233982,0.017234259
4,45,receive_authenticate_accumulate,0.017235076,0.017235352
4,45,receive_authenticate_accumulate,0.017236316,0.017236630
4,45,receive_authenticate_accumulate,0.017232779,0.017233166
4,45,receive_authenticate_accumulate,0.017236780,0.017237055
4,45,receive_authenticate_accumulate,0.017224947,0.017225426
4,45,receive_authenticate_accumulate,0.017221632,0.017221944
4,45,receive_authenticate_accumulate,0.017217299,0.017217797
4,45,receive_authenticate_accumulate,0.017266187,0.017239185
4,45,receive_authenticate_accumulate,0.017230356,0.017230722
4,45,receive_authenticate_accumulate,0.017229263,0.017229482
4,45,receive_authenticate_accumulate,0.017264817,0.017241185
4,45,reading_commitment_and_shares,0.026210525,0.026210815
4,45,receive_authenticate_accumulate,0.017251115,0.017251426
4,45,receive_authenticate_accumulate,0.017226837,0.017227093
4,45,receive_authenticate_accumulate,0.017224283,0.017224500
4,45,receive_authenticate_accumulate,0.017226523,0.017226722
4,45,receive_authenticate_accumulate,0.017222708,0.017222797
4,45,round_coverage,0.000004481,0.000004000
4,46,round_reset,0.000013629,0.000012444
4,46,receive_authenticate_accumulate,0.017227758,0.017227926
4,46,receive_authenticate_accumulate,0.017230313,0.017230593
4,46,receive_authenticate_accumulate,0.017264980,0.017247666
4,46,receive_authenticate_accumulate,0.017226851,0.017227222
4,46,receive_authenticate_accumulate,0.017254684,0.017254871
4,46,receive_authenticate_accumulate,0.017229777,0.017230018
4,46,receive_authenticate_accumulate,0.017211758,0.017211907
4,46,receive_authenticate_accumulate,0.017242258,0.017242518
4,46,receive_authenticate_accumulate,0.017215889,0.017216148
4,46,receive_authenticate_accumulate,0.017221129,0.017221408
4,46,receive_authenticate_accumulate,0.017261907,0.017244703
4,46,receive_authenticate_accumulate,0.017229185,0.017229352
4,46,receive_authenticate_accumulate,0.017286777,0.017256055
4,46,receive_authenticate_accumulate,0.017267481,0.017242148
4,46,receive_authenticate_accumulate,0.017230316,0.017230574
4,46,reading_commitment_and_shares,0.026203048,0.026203296
4,46,receive_authenticate_accumulate,0.017220649,0.017220945
4,46,receive_authenticate_accumulate,0.017227464,0.017227889
4,46,receive_authenticate_accumulate,0.017227872,0.017228240
4,46,receive_authenticate_accumulate,0.017229483,0.017229722
4,46,receive_authenticate_accumulate,0.017230316,0.017230685
4,46,round_coverage,0.000005611,0.000005185
4,47,round_reset,0.000013259,0.000011833
4,47,receive_authenticate_accumulate,0.017227383,0.017227630
4,47,receive_authenticate_accumulate,0.017233679,0.017234093
4,47,receive_authenticate_accumulate,0.017221698,0.017222111
4,47,receive_authenticate_accumulate,0.017219588,0.017220037
4,47,receive_authenticate_accumulate,0.017227736,0.017228111
4,47,receive_authenticate_accumulate,0.017241458,0.017242019
4,47,receive_authenticate_accumulate,0.017274920,0.017241297
4,47,receive_authenticate_accumulate,0.017235237,0.017235463
4,47,receive_authenticate_accumulate,0.017220088,0.017220463
4,47,receive_authenticate_accumulate,0.017224219,0.017224389
4,47,receive_authenticate_accumulate,0.017275087,0.017242593
4,47,receive_authenticate_accumulate,0.017232255,0.017232630
4,47,receive_authenticate_accumulate,0.017254904,0.017236204
4,47,receive_authenticate_accumulate,0.017223811,0.017224000
4,47,receive_authenticate_accumulate,0.017226293,0.017226389
4,47,reading_commitment_and_shares,0.026205756,0.026206315
4,47,receive_authenticate_accumulate,0.017236886,0.017227518
4,47,receive_authenticate_accumulate,0.017230608,0.017230871
4,47,receive_authenticate_accumulate,0.017218405,0.017218630
4,47,receive_authenticate_accumulate,0.017238627,0.017238834
4,47,receive_authenticate_accumulate,0.017234127,0.017234426
4,47,round_coverage,0.000005037,0.000004426
4,48,round_reset,0.000011815,0.000009981
4,48,receive_authenticate_accumulate,0.017233471,0.017233833
4,48,receive_authenticate_accumulate,0.017274711,0.017246315
4,48,receive_authenticate_accumulate,0.017227935,0.017228222
4,48,receive_authenticate_accumulate,0.017222880,0.017223203
4,48,receive_authenticate_accumulate,0.017224842,0.017225148
4,48,receive_authenticate_accumulate,0.017251046,0.017240296
4,48,receive_authenticate_accumulate,0.017227250,0.017227722
4,48,receive_authenticate_accumulate,0.017221843,0.017222185
4,48,receive_authenticate_accumulate,0.017233010,0.017233314
4,48,receive_authenticate_accumulate,0.017227085,0.017227333
4,48,receive_authenticate_accumulate,0.017219214,0.017219408
4,48,receive_authenticate_accumulate,0.017240436,0.017240833
4,48,receive_authenticate_accumulate,0.017223474,0.017223648
4,48,receive_authenticate_accumulate,0.017230548,0.017230815
4,48,receive_authenticate_accumulate,0.017273028,0.017245149
4,48,reading_commitment_and_shares,0.026204166,0.026204574
4,48,receive_authenticate_accumulate,0.017234714,0.017224352
4,48,receive_authenticate_accumulate,0.017229030,0.017229241
4,48,receive_authenticate_accumulate,0.017226012,0.017226111
4,48,receive_authenticate_accumulate,0.017226901,0.017227019
4,48,receive_authenticate_accumulate,0.017233846,0.017233852
4,48,round_coverage,0.000004963,0.000004463
4,49,round_reset,0.000021221,0.000010611
4,49,receive_authenticate_accumulate,0.017227633,0.017228000
4,49,receive_authenticate_accumulate,0.017233114,0.017233389
4,49,receive_authenticate_accumulate,0.017232282,0.017232611
4,49,receive_authenticate_accumulate,0.017231392,0.017231611
4,49,receive_authenticate_accumulate,0.017224467,0.017224741
4,49,receive_authenticate_accumulate,0.017235912,0.017236297
4,49,receive_authenticate_accumulate,0.017234040,0.017234388
4,49,receive_authenticate_accumulate,0.017231486,0.017231815
4,49,receive_authenticate_accumulate,0.017221134,0.017221462
4,49,receive_authenticate_accumulate,0.017224227,0.017224630
4,49,receive_authenticate_accumulate,0.017227820,0.017228092
4,49,receive_authenticate_accumulate,0.017219635,0.017220000
4,49,receive_authenticate_accumulate,0.017235320,0.017235574
4,49,receive_authenticate_accumulate,0.017230579,0.017230907
4,49,receive_authenticate_accumulate,0.017244746,0.017244908
4,49,reading_commitment_and_shares,0.026217427,0.026218056
4,49,receive_authenticate_accumulate,0.017248005,0.017237500
4,49,receive_authenticate_accumulate,0.017220339,0.017220740
4,49,receive_authenticate_accumulate,0.017221024,0.017221296
4,49,receive_authenticate_accumulate,0.017218433,0.017218686
4,49,receive_authenticate_accumulate,0.017225636,0.017225981
4,49,round_coverage,0.000004999,0.000004592
5,50,period_reset,0.000024037,0.000022833
5,50,receive_authenticate_accumulate,0.000094591,0.000094296
5,50,receive_authenticate_accumulate,0.000092832,0.000092833
5,50,receive_authenticate_accumulate,0.000090961,0.000090759
5,50,receive_authenticate_accumulate,0.000089609,0.000089556
5,50,receive_authenticate_accumulate,0.000092887,0.000092741
5,50,receive_authenticate_accumulate,0.000091979,0.000092018
5,50,receive_authenticate_accumulate,0.000091054,0.000091000
5,50,receive_authenticate_accumulate,0.000094794,0.000094408
5,50,receive_authenticate_accumulate,0.000087998,0.000087945
5,50,receive_authenticate_accumulate,0.000092387,0.000092222
5,50,receive_authenticate_accumulate,0.000088905,0.000088889
5,50,receive_authenticate_accumulate,0.000090535,0.000090463
5,50,receive_authenticate_accumulate,0.000091202,0.000090870
5,50,receive_authenticate_accumulate,0.000088350,0.000088111
5,50,receive_authenticate_accumulate,0.000089368,0.000089222
5,50,randomness_commit,0.000787706,0.000787185
5,50,receive_authenticate_accumulate,0.000086998,0.000086778
5,50,receive_authenticate_accumulate,0.000056944,0.000056722
5,50,receive_authenticate_accumulate,0.000051295,0.000050796
5,50,receive_authenticate_accumulate,0.000056332,0.000056222
5,50,receive_authenticate_accumulate,0.000055610,0.000055556
5,50,receive_authenticate_accumulate,0.000067961,0.000068000
5,50,receive_authenticate_accumulate,0.000067072,0.000067111
5,50,receive_authenticate_accumulate,0.000067092,0.000067038
5,50,receive_authenticate_accumulate,0.000065999,0.000066018
5,50,receive_authenticate_accumulate,0.000067813,0.000067704
5,50,receive_authenticate_accumulate,0.000067221,0.000067241
5,50,receive_authenticate_accumulate,0.000066202,0.000066148
5,50,receive_authenticate_accumulate,0.000068480,0.000068352
5,50,receive_authenticate_accumulate,0.000067499,0.000067444
5,50,receive_authenticate_accumulate,0.000069850,0.000069741
5,50,receive_authenticate_accumulate,0.000068480,0.000068463
5,50,receive_authenticate_accumulate,0.000066406,0.000066352
5,50,receive_authenticate_accumulate,0.000066980,0.000066982
5,50,receive_authenticate_accumulate,0.000062869,0.000062777
5,50,receive_authenticate_accumulate,0.000066665,0.000066630
5,50,randomness_reveal,0.000438157,0.000437852
5,50,receive_authenticate_accumulate,0.000068165,0.000068019
5,50,receive_authenticate_accumulate,0.000066128,0.000065963
5,50,receive_authenticate_accumulate,0.000066684,0.000066611
5,50,receive_authenticate_accumulate,0.000066239,0.000066129
5,50,receive_authenticate_accumulate,0.000067220,0.000067185
5,50,committee_selection,0.000123682,0.000123555
5,50,round_reset,0.000005278,0.000004519
5,50,receive_authenticate_accumulate,0.017231831,0.017231852
5,50,receive_authenticate_accumulate,0.000065128,0.000065074
5,50,receive_authenticate_accumulate,0.017264737,0.017239315
5,50,receive_authenticate_accumulate,0.000056129,0.000056074
5,50,receive_authenticate_accumulate,0.017233257,0.017233463
5,50,receive_authenticate_accumulate,0.000055666,0.000055667
5,50,receive_authenticate_accumulate,0.017234887,0.017235111
5,50,receive_authenticate_accumulate,0.000056850,0.000056851
5,50,receive_authenticate_accumulate,0.017272219,0.017250463
5,50,receive_authenticate_accumulate,0.000056666,0.000056630
5,50,receive_authenticate_accumulate,0.017226442,0.017226759
5,50,receive_authenticate_accumulate,0.000057203,0.000057203
5,50,receive_authenticate_accumulate,0.017232739,0.017232907
5,50,receive_authenticate_accumulate,0.000075776,0.000075797
5,50,receive_authenticate_accumulate,0.017232424,0.017232630
5,50,receive_authenticate_accumulate,0.000056851,0.000056889
5,50,receive_authenticate_accumulate,0.017260553,0.017244927
5,50,receive_authenticate_accumulate,0.000056370,0.000056389
5,50,receive_authenticate_accumulate,0.017229240,0.017229556
5,50,receive_authenticate_accumulate,0.000057017,0.000057074
5,50,receive_authenticate_accumulate,0.017224481,0.017224722
5,50,receive_authenticate_accumulate,0.000056962,0.000056870
5,50,receive_authenticate_accumulate,0.017279850,0.017239779
5,50,receive_authenticate_accumulate,0.000056221,0.000056092
5,50,receive_authenticate_accumulate,0.017228684,0.017228759
5,50,receive_authenticate_accumulate,0.000057258,0.000057203
5,50,receive_authenticate_accumulate,0.017266702,0.017238277
5,50,receive_authenticate_accumulate,0.000057203,0.000057186
5,50,receive_authenticate_accumulate,0.017225370,0.017225500
5,50,receive_authenticate_accumulate,0.000056887,0.000056796
5,50,reading_commitment_and_shares,0.026246464,0.026220851
5,50,receive_authenticate_accumulate,0.017224778,0.017225018
5,50,receive_authenticate_accumulate,0.000058739,0.000058741
5,50,receive_authenticate_accumulate,0.017285277,0.017285593
5,50,receive_authenticate_accumulate,0.000059777,0.000059778
5,50,receive_authenticate_accumulate,0.017225575,0.017225722
5,50,receive_authenticate_accumulate,0.000057777,0.000057722
5,50,receive_authenticate_accumulate,0.017228648,0.017228834
5,50,receive_authenticate_accumulate,0.000055554,0.000055463
5,50,receive_authenticate_accumulate,0.017220242,0.017220444
5,50,receive_authenticate_accumulate,0.000057036,0.000057056
5,50,round_coverage,0.000003685,0.000003148
5,50,spatial_report,0.000044369,0.000044148
5,51,round_reset,0.000009000,0.000007685
5,51,receive_authenticate_accumulate,0.017219657,0.017219722
5,51,receive_authenticate_accumulate,0.000052499,0.000052574
5,51,receive_authenticate_accumulate,0.017227139,0.017227297
5,51,receive_authenticate_accumulate,0.000053258,0.000053314
5,51,receive_authenticate_accumulate,0.017225713,0.017225833
5,51,receive_authenticate_accumulate,0.000053777,0.000053685
5,51,receive_authenticate_accumulate,0.017226305,0.017226537
5,51,receive_authenticate_accumulate,0.000054240,0.000054166
5,51,receive_authenticate_accumulate,0.017224047,0.017224204
5,51,receive_authenticate_accumulate,0.000053091,0.000053074
5,51,receive_authenticate_accumulate,0.017229825,0.017229963
5,51,receive_authenticate_accumulate,0.000053369,0.000053500
5,51,receive_authenticate_accumulate,0.017222659,0.017222518
5,51,receive_authenticate_accumulate,0.000053999,0.000053908
5,51,receive_authenticate_accumulate,0.017220991,0.017220889
5,51,receive_authenticate_accumulate,0.000053332,0.000053315
5,51,receive_authenticate_accumulate,0.017266491,0.017239851
5,51,receive_authenticate_accumulate,0.000054703,0.000054723
5,51,receive_authenticate_accumulate,0.017222455,0.017222667
5,51,receive_authenticate_accumulate,0.000052555,0.000052537
5,51,receive_authenticate_accumulate,0.017218622,0.017222685
5,51,receive_authenticate_accumulate,0.000053462,0.000053519
5,51,receive_authenticate_accumulate,0.017229048,0.017229278
5,51,receive_authenticate_accumulate,0.000052906,0.000052833
5,51,receive_authenticate_accumulate,0.017225696,0.017225851
5,51,receive_authenticate_accumulate,0.000075832,0.000075537
5,51,receive_authenticate_accumulate,0.017226418,0.017226537
5,51,receive_authenticate_accumulate,0.000052758,0.000052666
5,51,receive_authenticate_accumulate,0.017221475,0.017221611
5,51,receive_authenticate_accumulate,0.000053906,0.000053685
5,51,reading_commitment_and_shares,0.026233111,0.026213166
5,51,receive_authenticate_accumulate,0.017226659,0.017226815
5,51,receive_authenticate_accumulate,0.000053962,0.000053777
5,51,receive_authenticate_accumulate,0.017228548,0.017228685
5,51,receive_authenticate_accumulate,0.000054258,0.000054111
5,51,receive_authenticate_accumulate,0.017232512,0.017232704
5,51,receive_authenticate_accumulate,0.000053202,0.000053129
5,51,receive_authenticate_accumulate,0.017223604,0.017223555
5,51,receive_authenticate_accumulate,0.000052518,0.000052407
5,51,receive_authenticate_accumulate,0.017239493,0.017239722
5,51,receive_authenticate_accumulate,0.000054499,0.000054445
5,51,round_coverage,0.000003593,0.000002833
5,51,spatial_report,0.000040795,0.000040667
5,52,round_reset,0.000008851,0.000007500
5,52,receive_authenticate_accumulate,0.017270797,0.017244629
5,52,receive_authenticate_accumulate,0.000054666,0.000054611
5,52,receive_authenticate_accumulate,0.017225965,0.017226148
5,52,receive_authenticate_accumulate,0.000054054,0.000054055
5,52,receive_authenticate_accumulate,0.017287075,0.017243721
5,52,receive_authenticate_accumulate,0.000053795,0.000053777
5,52,receive_authenticate_accumulate,0.017219150,0.017219296
5,52,receive_authenticate_accumulate,0.000081147,0.000081093
5,52,receive_authenticate_accumulate,0.017234576,0.017234759
5,52,receive_authenticate_accumulate,0.000051425,0.000051408
5,52,receive_authenticate_accumulate,0.017216929,0.017217296
5,52,receive_authenticate_accumulate,0.000052388,0.000052352
5,52,receive_authenticate_accumulate,0.017216540,0.017216815
5,52,receive_authenticate_accumulate,0.000050314,0.000050315
5,52,receive_authenticate_accumulate,0.017223058,0.017223426
5,52,receive_authenticate_accumulate,0.000050833,0.000050871
5,52,receive_authenticate_accumulate,0.017229762,0.017230055
5,52,receive_authenticate_accumulate,0.000053240,0.000053296
5,52,receive_authenticate_accumulate,0.017213466,0.017213685
5,52,receive_authenticate_accumulate,0.000052314,0.000052148
5,52,receive_authenticate_accumulate,0.017222300,0.017222629
5,52,receive_authenticate_accumulate,0.000051555,0.000051482
5,52,receive_authenticate_accumulate,0.017265558,0.017240889
5,52,receive_authenticate_accumulate,0.000051240,0.000050981
5,52,receive_authenticate_accumulate,0.017258707,0.017232426
5,52,receive_authenticate_accumulate,0.000051425,0.000051315
5,52,receive_authenticate_accumulate,0.017221411,0.017221574
5,52,receive_authenticate_accumulate,0.000051628,0.000051537
5,52,receive_authenticate_accumulate,0.017223893,0.017224074
5,52,receive_authenticate_accumulate,0.000051833,0.000051592
5,52,reading_commitment_and_shares,0.026231406,0.026212277
5,52,receive_authenticate_accumulate,0.017217764,0.017217981
5,52,receive_authenticate_accumulate,0.000050943,0.000050852
5,52,receive_authenticate_accumulate,0.017215542,0.017215611
5,52,receive_authenticate_accumulate,0.000051425,0.000051408
5,52,receive_authenticate_accumulate,0.017216374,0.017216555
5,52,receive_authenticate_accumulate,0.000051295,0.000051259
5,52,receive_authenticate_accumulate,0.017229986,0.017230129
5,52,receive_authenticate_accumulate,0.000052017,0.000051907
5,52,receive_authenticate_accumulate,0.017222393,0.017222500
5,52,receive_authenticate_accumulate,0.000049999,0.000049759
5,52,round_coverage,0.000003648,0.000003222
5,52,spatial_report,0.000038092,0.000037907
5,53,round_reset,0.000009722,0.000007889
5,53,receive_authenticate_accumulate,0.017230920,0.017231148
5,53,receive_authenticate_accumulate,0.000053832,0.000053778
5,53,receive_authenticate_accumulate,0.017223254,0.017223500
5,53,receive_authenticate_accumulate,0.000055814,0.000055722
5,53,receive_authenticate_accumulate,0.017234846,0.017235222
5,53,receive_authenticate_accumulate,0.000053611,0.000053463
5,53,receive_authenticate_accumulate,0.017217586,0.017217667
5,53,receive_authenticate_accumulate,0.000052591,0.000052555
5,53,receive_authenticate_accumulate,0.017220143,0.017220277
5,53,receive_authenticate_accumulate,0.000052276,0.000052111
5,53,receive_authenticate_accumulate,0.017225828,0.017225889
5,53,receive_authenticate_accumulate,0.000052610,0.000052537
5,53,receive_authenticate_accumulate,0.017222643,0.017222759
5,53,receive_authenticate_accumulate,0.000054314,0.000054259
5,53,receive_authenticate_accumulate,0.017223347,0.017223444
5,53,receive_authenticate_accumulate,0.000052981,0.000052981
5,53,receive_authenticate_accumulate,0.017221606,0.017221722
5,53,receive_authenticate_accumulate,0.000053221,0.000053185
5,53,receive_authenticate_accumulate,0.017221772,0.017221982
5,53,receive_authenticate_accumulate,0.000054407,0.000054426
5,53,receive_authenticate_accumulate,0.017268920,0.017242296
5,53,receive_authenticate_accumulate,0.000055351,0.000055389
5,53,receive_authenticate_accumulate,0.017224644,0.017224926
5,53,receive_authenticate_accumulate,0.000052795,0.000052685
5,53,receive_authenticate_accumulate,0.017263068,0.017236705
5,53,receive_authenticate_accumulate,0.000053221,0.000053259
5,53,receive_authenticate_accumulate,0.017226033,0.017226148
5,53,receive_authenticate_accumulate,0.000054036,0.000054019
5,53,receive_authenticate_accumulate,0.017229663,0.017229814
5,53,receive_authenticate_accumulate,0.000053851,0.000053834
5,53,reading_commitment_and_shares,0.026200885,0.026201259
5,53,receive_authenticate_accumulate,0.017231941,0.017232203
5,53,receive_authenticate_accumulate,0.000053370,0.000053352
5,53,receive_authenticate_accumulate,0.017224811,0.017224944
5,53,receive_authenticate_accumulate,0.000051925,0.000051907
5,53,receive_authenticate_accumulate,0.017226830,0.017227185
5,53,receive_authenticate_accumulate,0.000053555,0.000053537
5,53,receive_authenticate_accumulate,0.017219496,0.017219630
5,53,receive_authenticate_accumulate,0.000051740,0.000051704
5,53,receive_authenticate_accumulate,0.017224682,0.017224574
5,53,receive_authenticate_accumulate,0.000052110,0.000052092
5,53,round_coverage,0.000003518,0.000003055
5,53,spatial_report,0.000039277,0.000039148
5,54,round_reset,0.000009907,0.000007908
5,54,receive_authenticate_accumulate,0.017270947,0.017243352
5,54,receive_authenticate_accumulate,0.000057980,0.000057852
5,54,receive_authenticate_accumulate,0.017291855,0.017256297
5,54,receive_authenticate_accumulate,0.000068239,0.000068167
5,54,receive_authenticate_accumulate,0.017224560,0.017224518
5,54,receive_authenticate_accumulate,0.000053147,0.000053260
5,54,receive_authenticate_accumulate,0.017222670,0.017222796
5,54,receive_authenticate_accumulate,0.000053851,0.000053778
5,54,receive_authenticate_accumulate,0.017217264,0.017217333
5,54,receive_authenticate_accumulate,0.000053739,0.000053833
5,54,receive_authenticate_accumulate,0.017218282,0.017218240
5,54,receive_authenticate_accumulate,0.000052314,0.000052223
5,54,receive_authenticate_accumulate,0.017225578,0.017225778
5,54,receive_authenticate_accumulate,0.000052591,0.000052481
5,54,receive_authenticate_accumulate,0.017220116,0.017220426
5,54,receive_authenticate_accumulate,0.000052740,0.000052630
5,54,receive_authenticate_accumulate,0.017220264,0.017220444
5,54,receive_authenticate_accumulate,0.000053351,0.000053315
5,54,receive_authenticate_accumulate,0.017235356,0.017235574
5,54,receive_authenticate_accumulate,0.000052091,0.000052074
5,54,receive_authenticate_accumulate,0.017222542,0.017222778
5,54,receive_authenticate_accumulate,0.000052647,0.000052648
5,54,receive_authenticate_accumulate,0.017224709,0.017224944
5,54,receive_authenticate_accumulate,0.000052499,0.000052426
5,54,receive_authenticate_accumulate,0.017221135,0.017221240
5,54,receive_authenticate_accumulate,0.000053332,0.000053296
5,54,receive_authenticate_accumulate,0.017228283,0.017228519
5,54,receive_authenticate_accumulate,0.000053499,0.000053482
5,54,receive_authenticate_accumulate,0.017225487,0.017225537
5,54,receive_authenticate_accumulate,0.000053092,0.000053056
5,54,reading_commitment_and_shares,0.026250806,0.026228203
5,54,receive_authenticate_accumulate,0.017215839,0.017215926
5,54,receive_authenticate_accumulate,0.000052036,0.000052000
5,54,receive_authenticate_accumulate,0.017231210,0.017231352
5,54,receive_authenticate_accumulate,0.000053462,0.000053315
5,54,receive_authenticate_accumulate,0.017221432,0.017221407
5,54,receive_authenticate_accumulate,0.000053740,0.000053686
5,54,receive_authenticate_accumulate,0.017217284,0.017217148
5,54,receive_authenticate_accumulate,0.000052388,0.000052445
5,54,receive_authenticate_accumulate,0.017220080,0.017220203
5,54,receive_authenticate_accumulate,0.000052647,0.000052592
5,54,round_coverage,0.000003482,0.000003037
5,54,spatial_report,0.000038777,0.000038648
5,55,round_reset,0.000008574,0.000007537
5,55,receive_authenticate_accumulate,0.017227032,0.017227037
5,55,receive_authenticate_accumulate,0.000052851,0.000052722
5,55,receive_authenticate_accumulate,0.017224421,0.017224537
5,55,receive_authenticate_accumulate,0.000052480,0.000052519
5,55,receive_authenticate_accumulate,0.017226347,0.017226426
5,55,receive_authenticate_accumulate,0.000053962,0.000053926
5,55,receive_authenticate_accumulate,0.017256735,0.017257760
5,55,receive_authenticate_accumulate,0.000053851,0.000053741
5,55,receive_authenticate_accumulate,0.017223291,0.017223426
5,55,receive_authenticate_accumulate,0.000053332,0.000053315
5,55,receive_authenticate_accumulate,0.017264013,0.017235611
5,55,receive_authenticate_accumulate,0.000052370,0.000052463
5,55,receive_authenticate_accumulate,0.017227366,0.017227500
5,55,receive_authenticate_accumulate,0.000054851,0.000054741
5,55,receive_authenticate_accumulate,0.017226255,0.017226352
5,55,receive_authenticate_accumulate,0.000053814,0.000053833
5,55,receive_authenticate_accumulate,0.017226014,0.017226166
5,55,receive_authenticate_accumulate,0.000053296,0.000053333
5,55,receive_authenticate_accumulate,0.017228458,0.017228611
5,55,receive_authenticate_accumulate,0.000052314,0.000052333
5,55,receive_authenticate_accumulate,0.017227551,0.017227796
5,55,receive_authenticate_accumulate,0.000053999,0.000053945
5,55,receive_authenticate_accumulate,0.017226922,0.017227074
5,55,receive_authenticate_accumulate,0.000051277,0.000051111
5,55,receive_authenticate_accumulate,0.017225144,0.017225111
5,55,receive_authenticate_accumulate,0.000054017,0.000053963
5,55,receive_authenticate_accumulate,0.017227866,0.017227815
5,55,receive_authenticate_accumulate,0.000052981,0.000052963
5,55,receive_authenticate_accumulate,0.017220034,0.017219796
5,55,receive_authenticate_accumulate,0.000054685,0.000054500
5,55,reading_commitment_and_shares,0.026194988,0.026195630
5,55,receive_authenticate_accumulate,0.017217515,0.017217815
5,55,receive_authenticate_accumulate,0.000051666,0.000051629
5,55,receive_authenticate_accumulate,0.017229885,0.017229907
5,55,receive_authenticate_accumulate,0.000054480,0.000054463
5,55,receive_authenticate_accumulate,0.017328680,0.017278833
5,55,receive_authenticate_accumulate,0.000052851,0.000052797
5,55,receive_authenticate_accumulate,0.017224848,0.017225055
5,55,receive_authenticate_accumulate,0.000053333,0.000053223
5,55,receive_authenticate_accumulate,0.017216311,0.017216555
5,55,receive_authenticate_accumulate,0.000053555,0.000053612
5,55,round_coverage,0.000003778,0.000003222
5,55,spatial_report,0.000039740,0.000039426
5,56,round_reset,0.000009130,0.000007814
5,56,receive_authenticate_accumulate,0.017227614,0.017227778
5,56,receive_authenticate_accumulate,0.000053277,0.000053204
5,56,receive_authenticate_accumulate,0.017225059,0.017225166
5,56,receive_authenticate_accumulate,0.000053610,0.000053482
5,56,receive_authenticate_accumulate,0.017219541,0.017219537
5,56,receive_authenticate_accumulate,0.000053351,0.000053333
5,56,receive_authenticate_accumulate,0.017221855,0.017222000
5,56,receive_authenticate_accumulate,0.000052592,0.000052592
5,56,receive_authenticate_accumulate,0.017263577,0.017240851
5,56,receive_authenticate_accumulate,0.000054684,0.000054704
5,56,receive_authenticate_accumulate,0.017223170,0.017223334
5,56,receive_authenticate_accumulate,0.000052185,0.000052241
5,56,receive_authenticate_accumulate,0.017218060,0.017218333
5,56,receive_authenticate_accumulate,0.000056629,0.000056463
5,56,receive_authenticate_accumulate,0.017292281,0.017255723
5,56,receive_authenticate_accumulate,0.000053814,0.000053852
5,56,receive_authenticate_accumulate,0.017226745,0.017227019
5,56,receive_authenticate_accumulate,0.000053074,0.000053055
5,56,receive_authenticate_accumulate,0.017229485,0.017229611
5,56,receive_authenticate_accumulate,0.000051499,0.000051407
5,56,receive_authenticate_accumulate,0.017227208,0.017227407
5,56,receive_authenticate_accumulate,0.000053648,0.000053630
5,56,receive_authenticate_accumulate,0.017219504,0.017219611
5,56,receive_authenticate_accumulate,0.000055221,0.000055092
5,56,receive_authenticate_accumulate,0.017230190,0.017230278
5,56,receive_authenticate_accumulate,0.000054628,0.000054519
5,56,receive_authenticate_accumulate,0.017216375,0.017216593
5,56,receive_authenticate_accumulate,0.000052295,0.000052204
5,56,receive_authenticate_accumulate,0.017254412,0.017240204
5,56,receive_authenticate_accumulate,0.000052666,0.000052630
5,56,reading_commitment_and_shares,0.026232038,0.026232277
5,56,receive_authenticate_accumulate,0.017233356,0.017233537
5,56,receive_authenticate_accumulate,0.000052536,0.000052519
5,56,receive_authenticate_accumulate,0.017214413,0.017214482
5,56,receive_authenticate_accumulate,0.000052740,0.000052760
5,56,receive_authenticate_accumulate,0.017231042,0.017231129
5,56,receive_authenticate_accumulate,0.000053295,0.000053186
5,56,receive_authenticate_accumulate,0.017219191,0.017219296
5,56,receive_authenticate_accumulate,0.000052313,0.000052259
5,56,receive_authenticate_accumulate,0.017266227,0.017241703
5,56,receive_authenticate_accumulate,0.000052407,0.000052389
5,56,round_coverage,0.000003296,0.000002722
5,56,spatial_report,0.000038888,0.000038797
5,57,round_reset,0.000009370,0.000008000
5,57,receive_authenticate_accumulate,0.017222012,0.017222148
5,57,receive_authenticate_accumulate,0.000053906,0.000053889
5,57,receive_authenticate_accumulate,0.017224252,0.017224148
5,57,receive_authenticate_accumulate,0.000053258,0.000053074
5,57,receive_authenticate_accumulate,0.017225308,0.017225408
5,57,receive_authenticate_accumulate,0.000053147,0.000053148
5,57,receive_authenticate_accumulate,0.017217216,0.017217315
5,57,receive_authenticate_accumulate,0.000052684,0.000052593
5,57,receive_authenticate_accumulate,0.017227086,0.017227148
5,57,receive_authenticate_accumulate,0.000051111,0.000051112
5,57,receive_authenticate_accumulate,0.017264901,0.017239018
5,57,receive_authenticate_accumulate,0.000053092,0.000052945
5,57,receive_authenticate_accumulate,0.017223012,0.017223148
5,57,receive_authenticate_accumulate,0.000053684,0.000053722
5,57,receive_authenticate_accumulate,0.017217253,0.017217426
5,57,receive_authenticate_accumulate,0.000052036,0.000051463
5,57,receive_authenticate_accumulate,0.017301623,0.017267110
5,57,receive_authenticate_accumulate,0.000052240,0.000052204
5,57,receive_authenticate_accumulate,0.017281104,0.017262555
5,57,receive_authenticate_accumulate,0.000054111,0.000054111
5,57,receive_authenticate_accumulate,0.017222087,0.017222315
5,57,receive_authenticate_accumulate,0.000052203,0.000052223
5,57,receive_authenticate_accumulate,0.017222513,0.017222796
5,57,receive_authenticate_accumulate,0.000053462,0.000053408
5,57,receive_authenticate_accumulate,0.020225149,0.020102628
5,57,receive_authenticate_accumulate,0.000082813,0.000082907
5,57,receive_authenticate_accumulate,0.017269123,0.017242907
5,57,receive_authenticate_accumulate,0.000084721,0.000084945
5,57,receive_authenticate_accumulate,0.017224347,0.017224537
5,57,receive_authenticate_accumulate,0.000052573,0.000052463
5,57,reading_commitment_and_shares,0.026196292,0.026196611
5,57,receive_authenticate_accumulate,0.017226383,0.017226592
5,57,receive_authenticate_accumulate,0.000051906,0.000051833
5,57,receive_authenticate_accumulate,0.017225439,0.017225463
5,57,receive_authenticate_accumulate,0.000050980,0.000050944
5,57,receive_authenticate_accumulate,0.017287309,0.017247796
5,57,receive_authenticate_accumulate,0.000050277,0.000050278
5,57,receive_authenticate_accumulate,0.017216532,0.017216666
5,57,receive_authenticate_accumulate,0.000050295,0.000050167
5,57,receive_authenticate_accumulate,0.017228921,0.017229000
5,57,receive_authenticate_accumulate,0.000051055,0.000051000
5,57,round_coverage,0.000003148,0.000002741
5,57,spatial_report,0.000039610,0.000039389
5,58,round_reset,0.000009796,0.000008333
5,58,receive_authenticate_accumulate,0.017232519,0.017232648
5,58,receive_authenticate_accumulate,0.000051406,0.000051389
5,58,receive_authenticate_accumulate,0.017225816,0.017225944
5,58,receive_authenticate_accumulate,0.000052554,0.000052463
5,58,receive_authenticate_accumulate,0.017217890,0.017218056
5,58,receive_authenticate_accumulate,0.000050684,0.000050463
5,58,receive_authenticate_accumulate,0.017222909,0.017222963
5,58,receive_authenticate_accumulate,0.000050777,0.000050741
5,58,receive_authenticate_accumulate,0.017220557,0.017220796
5,58,receive_authenticate_accumulate,0.000051925,0.000052074
5,58,receive_authenticate_accumulate,0.017223742,0.017223593
5,58,receive_authenticate_accumulate,0.000051870,0.000051871
5,58,receive_authenticate_accumulate,0.017215946,0.017216204
5,58,receive_authenticate_accumulate,0.000053370,0.000053444
5,58,receive_authenticate_accumulate,0.017276204,0.017244925
5,58,receive_authenticate_accumulate,0.000051481,0.000051389
5,58,receive_authenticate_accumulate,0.017223632,0.017223648
5,58,receive_authenticate_accumulate,0.000050499,0.000050518
5,58,receive_authenticate_accumulate,0.017214132,0.017214352
5,58,receive_authenticate_accumulate,0.000052054,0.000052111
5,58,receive_authenticate_accumulate,0.017217891,0.017218037
5,58,receive_authenticate_accumulate,0.000051536,0.000051537
5,58,receive_authenticate_accumulate,0.017271816,0.017244203
5,58,receive_authenticate_accumulate,0.000051444,0.000051370
5,58,receive_authenticate_accumulate,0.017241761,0.017242000
5,58,receive_authenticate_accumulate,0.000054833,0.000054722
5,58,receive_authenticate_accumulate,0.017223798,0.017223926
5,58,receive_authenticate_accumulate,0.000053703,0.000053648
5,58,receive_authenticate_accumulate,0.017236725,0.017236815
5,58,receive_authenticate_accumulate,0.000052092,0.000052074
5,58,reading_commitment_and_shares,0.026205007,0.026205611
5,58,receive_authenticate_accumulate,0.017255891,0.017231908
5,58,receive_authenticate_accumulate,0.000051703,0.000051685
5,58,receive_authenticate_accumulate,0.017222928,0.017223148
5,58,receive_authenticate_accumulate,0.000054481,0.000054463
5,58,receive_authenticate_accumulate,0.017222706,0.017223019
5,58,receive_authenticate_accumulate,0.000053722,0.000053352
5,58,receive_authenticate_accumulate,0.017224966,0.017224703
5,58,receive_authenticate_accumulate,0.000052611,0.000052371
5,58,receive_authenticate_accumulate,0.017221725,0.017221907
5,58,receive_authenticate_accumulate,0.000053870,0.000053870
5,58,round_coverage,0.000003352,0.000002852
5,58,spatial_report,0.000040148,0.000039982
5,59,round_reset,0.000008981,0.000007741
5,59,receive_authenticate_accumulate,0.017226693,0.017226815
5,59,receive_authenticate_accumulate,0.000053073,0.000053000
5,59,receive_authenticate_accumulate,0.017285045,0.017244667
5,59,receive_authenticate_accumulate,0.000052425,0.000052333
5,59,receive_authenticate_accumulate,0.017227379,0.017227426
5,59,receive_authenticate_accumulate,0.000052222,0.000052222
5,59,receive_authenticate_accumulate,0.017216491,0.017216630
5,59,receive_authenticate_accumulate,0.000054037,0.000054000
5,59,receive_authenticate_accumulate,0.017241749,0.017242518
5,59,receive_authenticate_accumulate,0.000053221,0.000053278
5,59,receive_authenticate_accumulate,0.017223749,0.017223833
5,59,receive_authenticate_accumulate,0.000054203,0.000054278
5,59,receive_authenticate_accumulate,0.017232194,0.017232314
5,59,receive_authenticate_accumulate,0.000054721,0.000054685
5,59,receive_authenticate_accumulate,0.017219879,0.017220111
5,59,receive_authenticate_accumulate,0.000053148,0.000053074
5,59,receive_authenticate_accumulate,0.017228324,0.017228407
5,59,receive_authenticate_accumulate,0.000051814,0.000051685
5,59,receive_authenticate_accumulate,0.017221750,0.017221574
5,59,receive_authenticate_accumulate,0.000053962,0.000053963
5,59,receive_authenticate_accumulate,0.017218176,0.017218222
5,59,receive_authenticate_accumulate,0.000051537,0.000051482
5,59,receive_authenticate_accumulate,0.017282175,0.017241779
5,59,receive_authenticate_accumulate,0.000054184,0.000054296
5,59,receive_authenticate_accumulate,0.017223435,0.017223481
5,59,receive_authenticate_accumulate,0.000053852,0.000053685
5,59,receive_authenticate_accumulate,0.017229972,0.017230130
5,59,receive_authenticate_accumulate,0.000053092,0.000053129
5,59,receive_authenticate_accumulate,0.017252787,0.017252944
5,59,receive_authenticate_accumulate,0.000055314,0.000055277
5,59,reading_commitment_and_shares,0.026228036,0.026228518
5,59,receive_authenticate_accumulate,0.017314138,0.017286407
5,59,receive_authenticate_accumulate,0.000054074,0.000054037
5,59,receive_authenticate_accumulate,0.017230121,0.017230444
5,59,receive_authenticate_accumulate,0.000055147,0.000055111
5,59,receive_authenticate_accumulate,0.017227862,0.017227963
5,59,receive_authenticate_accumulate,0.000053148,0.000053130
5,59,receive_authenticate_accumulate,0.017218325,0.017218519
5,59,receive_authenticate_accumulate,0.000052499,0.000052574
5,59,receive_authenticate_accumulate,0.017217048,0.017217092
5,59,receive_authenticate_accumulate,0.000053425,0.000053408
5,59,round_coverage,0.000003463,0.000002963
5,59,spatial_report,0.000039629,0.000039315
5,59,billing_report,0.000421345,0.000421000
6,60,period_reset,0.000021981,0.000020741
6,60,receive_authenticate_accumulate,0.000091703,0.000091519
6,60,receive_authenticate_accumulate,0.000090184,0.000089926
6,60,receive_authenticate_accumulate,0.000087777,0.000087389
6,60,receive_authenticate_accumulate,0.000089813,0.000089648
6,60,receive_authenticate_accumulate,0.000087702,0.000087463
6,60,receive_authenticate_accumulate,0.000088276,0.000088056
6,60,receive_authenticate_accumulate,0.000088425,0.000088111
6,60,receive_authenticate_accumulate,0.000088962,0.000088741
6,60,receive_authenticate_accumulate,0.000067906,0.000067815
6,60,receive_authenticate_accumulate,0.000066647,0.000066630
6,60,receive_authenticate_accumulate,0.000065850,0.000065593
6,60,receive_authenticate_accumulate,0.000066092,0.000066129
6,60,receive_authenticate_accumulate,0.000066703,0.000066556
6,60,receive_authenticate_accumulate,0.000067925,0.000068037
6,60,receive_authenticate_accumulate,0.000065536,0.000065407
6,60,randomness_commit,0.000607954,0.000607815
6,60,receive_authenticate_accumulate,0.000064869,0.000064704
6,60,receive_authenticate_accumulate,0.000065740,0.000065778
6,60,receive_authenticate_accumulate,0.000065777,0.000065666
6,60,receive_authenticate_accumulate,0.000067184,0.000067092
6,60,receive_authenticate_accumulate,0.000065999,0.000065926
6,60,receive_authenticate_accumulate,0.000081906,0.000081796
6,60,receive_authenticate_accumulate,0.000080777,0.000080815
6,60,receive_authenticate_accumulate,0.000082777,0.000082741
6,60,receive_authenticate_accumulate,0.000081406,0.000081296
6,60,receive_authenticate_accumulate,0.000081721,0.000081592
6,60,receive_authenticate_accumulate,0.000081277,0.000081315
6,60,receive_authenticate_accumulate,0.000081425,0.000081352
6,60,receive_authenticate_accumulate,0.000114461,0.000114407
6,60,receive_authenticate_accumulate,0.000081461,0.000081426
6,60,receive_authenticate_accumulate,0.000066944,0.000066777
6,60,receive_authenticate_accumulate,0.000066999,0.000066685
6,60,receive_authenticate_accumulate,0.000067055,0.000066888
6,60,receive_authenticate_accumulate,0.000065777,0.000065944
6,60,receive_authenticate_accumulate,0.000066573,0.000066426
6,60,receive_authenticate_accumulate,0.000064629,0.000064444
6,60,randomness_reveal,0.000436957,0.000436611
6,60,receive_authenticate_accumulate,0.000091961,0.000091963
6,60,receive_authenticate_accumulate,0.000061128,0.000061129
6,60,receive_authenticate_accumulate,0.000065944,0.000065834
6,60,receive_authenticate_accumulate,0.000065147,0.000065204
6,60,receive_authenticate_accumulate,0.000064092,0.000063833
6,60,committee_selection,0.000123127,0.000122870
6,60,round_reset,0.000005907,0.000005166
6,60,receive_authenticate_accumulate,0.017223349,0.017223352
6,60,receive_authenticate_accumulate,0.017218460,0.017218444
6,60,receive_authenticate_accumulate,0.017263645,0.017240796
6,60,receive_authenticate_accumulate,0.017222830,0.017223055
6,60,receive_authenticate_accumulate,0.017225090,0.017225259
6,60,receive_authenticate_accumulate,0.017228886,0.017228962
6,60,receive_authenticate_accumulate,0.017226164,0.017226185
6,60,receive_authenticate_accumulate,0.017231682,0.017231463
6,60,receive_authenticate_accumulate,0.017221257,0.017221018
6,60,receive_authenticate_accumulate,0.017221016,0.017221148
6,60,receive_authenticate_accumulate,0.017273293,0.017248610
6,60,receive_authenticate_accumulate,0.017228572,0.017228704
6,60,receive_authenticate_accumulate,0.017293201,0.017252742
6,60,receive_authenticate_accumulate,0.017222128,0.017222055
6,60,receive_authenticate_accumulate,0.017225406,0.017225481
6,60,reading_commitment_and_shares,0.026204880,0.026205111
6,60,receive_authenticate_accumulate,0.017217258,0.017217481
6,60,receive_authenticate_accumulate,0.017228758,0.017228963
6,60,receive_authenticate_accumulate,0.017245090,0.017245463
6,60,receive_authenticate_accumulate,0.017221073,0.017221167
6,60,receive_authenticate_accumulate,0.017228054,0.017228093
6,60,round_coverage,0.000003889,0.000003241
6,61,round_reset,0.000009741,0.000008481
6,61,receive_authenticate_accumulate,0.017227096,0.017227333
6,61,receive_authenticate_accumulate,0.017227077,0.017227241
6,61,receive_authenticate_accumulate,0.017219244,0.017219056
6,61,receive_authenticate_accumulate,0.017219985,0.017219963
6,61,receive_authenticate_accumulate,0.017268281,0.017240870
6,61,receive_authenticate_accumulate,0.017224893,0.017225111
6,61,receive_authenticate_accumulate,0.017219189,0.017219333
6,61,receive_authenticate_accumulate,0.017297336,0.017259297
6,61,receive_authenticate_accumulate,0.017224041,0.017224186
6,61,receive_authenticate_accumulate,0.017232560,0.017232760
6,61,receive_authenticate_accumulate,0.017228041,0.017228185
6,61,receive_authenticate_accumulate,0.017236782,0.017236963
6,61,receive_authenticate_accumulate,0.017221042,0.017221130
6,61,receive_authenticate_accumulate,0.017229764,0.017229963
6,61,receive_authenticate_accumulate,0.017228671,0.017228833
6,61,reading_commitment_and_shares,0.026214908,0.026215167
6,61,receive_authenticate_accumulate,0.017227467,0.017227648
6,61,receive_authenticate_accumulate,0.017227097,0.017227185
6,61,receive_authenticate_accumulate,0.017265708,0.017238370
6,61,receive_authenticate_accumulate,0.017227227,0.017227296
6,61,receive_authenticate_accumulate,0.017224450,0.017224519
6,61,round_coverage,0.000003852,0.000003351
6,62,round_reset,0.000009796,0.000008445
6,62,receive_authenticate_accumulate,0.017228120,0.017228148
6,62,receive_authenticate_accumulate,0.017223306,0.017223370
6,62,receive_authenticate_accumulate,0.017266676,0.017237981
6,62,receive_authenticate_accumulate,0.017220658,0.017220629
6,62,receive_authenticate_accumulate,0.017227788,0.017227834
6,62,receive_authenticate_accumulate,0.017219899,0.017220055
6,62,receive_authenticate_accumulate,0.017224769,0.017224777
6,62,receive_authenticate_accumulate,0.017226733,0.017226703
6,62,receive_authenticate_accumulate,0.017225511,0.017225463
6,62,receive_authenticate_accumulate,0.017282584,0.017251944
6,62,receive_authenticate_accumulate,0.017227899,0.017228000
6,62,receive_authenticate_accumulate,0.017226973,0.017227148
6,62,receive_authenticate_accumulate,0.017233825,0.017234000
6,62,receive_authenticate_accumulate,0.017220677,0.017220704
6,62,receive_authenticate_accumulate,0.017224473,0.017224556
6,62,reading_commitment_and_shares,0.026269417,0.026236370
6,62,receive_authenticate_accumulate,0.017253270,0.017227889
6,62,receive_authenticate_accumulate,0.017228881,0.017228871
6,62,receive_authenticate_accumulate,0.017220308,0.017220314
6,62,receive_authenticate_accumulate,0.017227919,0.017227981
6,62,receive_authenticate_accumulate,0.017224603,0.017224648
6,62,round_coverage,0.000003944,0.000003426
6,63,round_reset,0.000009203,0.000007852
6,63,receive_authenticate_accumulate,0.017250311,0.017250351
6,63,receive_authenticate_accumulate,0.017223349,0.017223407
6,63,receive_authenticate_accumulate,0.017225812,0.017225722
6,63,receive_authenticate_accumulate,0.017227682,0.017227592
6,63,receive_authenticate_accumulate,0.017223146,0.017223074
6,63,receive_authenticate_accumulate,0.017222461,0.017222500
6,63,receive_authenticate_accumulate,0.017257256,0.017234407
6,63,receive_authenticate_accumulate,0.017216219,0.017216334
6,63,receive_authenticate_accumulate,0.017219091,0.017219203
6,63,receive_authenticate_accumulate,0.017218479,0.017218518
6,63,receive_authenticate_accumulate,0.017223090,0.017223241
6,63,receive_authenticate_accumulate,0.017216831,0.017216833
6,63,receive_authenticate_accumulate,0.017227591,0.017227593
6,63,receive_authenticate_accumulate,0.017226035,0.017225907
6,63,receive_authenticate_accumulate,0.017233035,0.017233093
6,63,reading_commitment_and_shares,0.026209686,0.026209963
6,63,receive_authenticate_accumulate,0.017215461,0.017215555
6,63,receive_authenticate_accumulate,0.017228035,0.017228037
6,63,receive_authenticate_accumulate,0.017225424,0.017225370
6,63,receive_authenticate_accumulate,0.017224461,0.017224074
6,63,receive_authenticate_accumulate,0.017231702,0.017231797
6,63,round_coverage,0.000003982,0.000003370
6,64,round_reset,0.000008981,0.000007704
6,64,receive_authenticate_accumulate,0.017220947,0.017220945
6,64,receive_authenticate_accumulate,0.017223317,0.017223352
6,64,receive_authenticate_accumulate,0.017222466,0.017222426
6,64,receive_authenticate_accumulate,0.017238280,0.017238297
6,64,receive_authenticate_accumulate,0.017218318,0.017218333
6,64,receive_authenticate_accumulate,0.017267873,0.017243388
6,64,receive_authenticate_accumulate,0.017229058,0.017229203
6,64,receive_authenticate_accumulate,0.017237559,0.017237981
6,64,receive_authenticate_accumulate,0.017217337,0.017217537
6,64,receive_authenticate_accumulate,0.017227855,0.017227963
6,64,receive_authenticate_accumulate,0.017231244,0.017231389
6,64,receive_authenticate_accumulate,0.017221263,0.017221334
6,64,receive_authenticate_accumulate,0.017263280,0.017248981
6,64,receive_authenticate_accumulate,0.017215892,0.017216000
6,64,receive_authenticate_accumulate,0.017225929,0.017226019
6,64,reading_commitment_and_shares,0.026201362,0.026201648
6,64,receive_authenticate_accumulate,0.017221688,0.017221907
6,64,receive_authenticate_accumulate,0.017235651,0.017235778
6,64,receive_authenticate_accumulate,0.017220966,0.017220963
6,64,receive_authenticate_accumulate,0.017227245,0.017227259
6,64,receive_authenticate_accumulate,0.017229948,0.017230018
6,64,round_coverage,0.000004111,0.000003500
6,65,round_reset,0.000010277,0.000009037
6,65,receive_authenticate_accumulate,0.017223378,0.017223370
6,65,receive_authenticate_accumulate,0.017217526,0.017217537
6,65,receive_authenticate_accumulate,0.017216860,0.017216852
6,65,receive_authenticate_accumulate,0.017224508,0.017224500
6,65,receive_authenticate_accumulate,0.017282711,0.017239334
6,65,receive_authenticate_accumulate,0.017223268,0.017223315
6,65,receive_authenticate_accumulate,0.017256433,0.017256944
6,65,receive_authenticate_accumulate,0.017218638,0.017218815
6,65,receive_authenticate_accumulate,0.017244175,0.017233555
6,65,receive_authenticate_accumulate,0.017214916,0.017215222
6,65,receive_authenticate_accumulate,0.017218601,0.017218852
6,65,receive_authenticate_accumulate,0.017237953,0.017238167
6,65,receive_authenticate_accumulate,0.018919874,0.018833202
6,65,receive_authenticate_accumulate,0.017256157,0.017234667
6,65,receive_authenticate_accumulate,0.017221657,0.017221926
6,65,reading_commitment_and_shares,0.026246517,0.026218963
6,65,receive_authenticate_accumulate,0.017180194,0.017180389
6,65,receive_authenticate_accumulate,0.017226546,0.017205629
6,65,receive_authenticate_accumulate,0.017208509,0.017208777
6,65,receive_authenticate_accumulate,0.017217194,0.017217444
6,65,receive_authenticate_accumulate,0.017322749,0.017252001
6,65,round_coverage,0.000003740,0.000003482
6,66,round_reset,0.000012166,0.000011019
6,66,receive_authenticate_accumulate,0.017232031,0.017232315
6,66,receive_authenticate_accumulate,0.017231994,0.017232055
6,66,receive_authenticate_accumulate,0.017232105,0.017232352
6,66,receive_authenticate_accumulate,0.017277715,0.017241758
6,66,receive_authenticate_accumulate,0.017229642,0.017229703
6,66,receive_authenticate_accumulate,0.017230124,0.017230278
6,66,receive_authenticate_accumulate,0.017247883,0.017233426
6,66,receive_authenticate_accumulate,0.017223846,0.017223926
6,66,receive_authenticate_accumulate,0.017279660,0.017279704
6,66,receive_authenticate_accumulate,0.017278568,0.017250464
6,66,receive_authenticate_accumulate,0.017241050,0.017241278
6,66,receive_authenticate_accumulate,0.017223365,0.017223462
6,66,receive_authenticate_accumulate,0.017226291,0.017226351
6,66,receive_authenticate_accumulate,0.017295957,0.017254259
6,66,receive_authenticate_accumulate,0.017228235,0.017228426
6,66,reading_commitment_and_shares,0.026201229,0.026201703
6,66,receive_authenticate_accumulate,0.017224291,0.017224518
6,66,receive_authenticate_accumulate,0.017226384,0.017226481
6,66,receive_authenticate_accumulate,0.017225403,0.017225519
6,66,receive_authenticate_accumulate,0.017228069,0.017228241
6,66,receive_authenticate_accumulate,0.017244569,0.017244908
6,66,round_coverage,0.000003574,0.000003093
6,67,round_reset,0.000009278,0.000008111
6,67,receive_authenticate_accumulate,0.017223981,0.017223963
6,67,receive_authenticate_accumulate,0.017240924,0.017241204
6,67,receive_authenticate_accumulate,0.017220350,0.017220482
6,67,receive_authenticate_accumulate,0.017216647,0.017216760
6,67,receive_authenticate_accumulate,0.017221091,0.017221111
6,67,receive_authenticate_accumulate,0.017233129,0.017233278
6,67,receive_authenticate_accumulate,0.017223999,0.017224111
6,67,receive_authenticate_accumulate,0.017261184,0.017240445
6,67,receive_authenticate_accumulate,0.017225314,0.017225296
6,67,receive_authenticate_accumulate,0.017234258,0.017234240
6,67,receive_authenticate_accumulate,0.017229444,0.017229426
6,67,receive_authenticate_accumulate,0.017238925,0.017239167
6,67,receive_authenticate_accumulate,0.025928108,0.025896167
6,67,receive_authenticate_accumulate,0.017265406,0.017241222
6,67,receive_authenticate_accumulate,0.017230055,0.017230222
6,67,reading_commitment_and_shares,0.026197680,0.026197870
6,67,receive_authenticate_accumulate,0.017224704,0.017224796
6,67,receive_authenticate_accumulate,0.017223074,0.017223148
6,67,receive_authenticate_accumulate,0.017222259,0.017222370
6,67,receive_authenticate_accumulate,0.017223129,0.017223278
6,67,receive_authenticate_accumulate,0.017226796,0.017226907
6,67,round_coverage,0.000003370,0.000002907
6,68,round_reset,0.000008796,0.000007574
6,68,receive_authenticate_accumulate,0.017227559,0.017227593
6,68,receive_authenticate_accumulate,0.017224170,0.017224222
6,68,receive_authenticate_accumulate,0.017225280,0.017225407
6,68,receive_authenticate_accumulate,0.017216188,0.017216333
6,68,receive_authenticate_accumulate,0.017220855,0.017221019
6,68,receive_authenticate_accumulate,0.017235318,0.017235463
6,68,receive_authenticate_accumulate,0.017226799,0.017226926
6,68,receive_authenticate_accumulate,0.017225503,0.017225593
6,68,receive_authenticate_accumulate,0.017227356,0.017227463
6,68,receive_authenticate_accumulate,0.017227762,0.017227908
6,68,receive_authenticate_accumulate,0.017220836,0.017220778
6,68,receive_authenticate_accumulate,0.017295447,0.017246000
6,68,receive_authenticate_accumulate,0.017255206,0.017231871
6,68,receive_authenticate_accumulate,0.017229911,0.017230074
6,68,receive_authenticate_accumulate,0.017219485,0.017219334
6,68,reading_commitment_and_shares,0.026203297,0.026203500
6,68,receive_authenticate_accumulate,0.017242299,0.017243074
6,68,receive_authenticate_accumulate,0.017235523,0.017235759
6,68,receive_authenticate_accumulate,0.017227485,0.017227741
6,68,receive_authenticate_accumulate,0.017226837,0.017227018
6,68,receive_authenticate_accumulate,0.017223059,0.017222722
6,68,round_coverage,0.000003778,0.000003315
6,69,round_reset,0.000009241,0.000007981
6,69,receive_authenticate_accumulate,0.017233063,0.017233148
6,69,receive_authenticate_accumulate,0.017227045,0.017227037
6,69,receive_authenticate_accumulate,0.017218767,0.017218982
6,69,receive_authenticate_accumulate,0.017247673,0.017235833
6,69,receive_authenticate_accumulate,0.017273266,0.017246017
6,69,receive_authenticate_accumulate,0.017227526,0.017227722
6,69,receive_authenticate_accumulate,0.017228637,0.017228759
6,69,receive_authenticate_accumulate,0.017220248,0.017220371
6,69,receive_authenticate_accumulate,0.017254007,0.017234907
6,69,receive_authenticate_accumulate,0.017221766,0.017221907
6,69,receive_authenticate_accumulate,0.017220508,0.017220740
6,69,receive_authenticate_accumulate,0.017223434,0.017223500
6,69,receive_authenticate_accumulate,0.017279119,0.017248556
6,69,receive_authenticate_accumulate,0.017218360,0.017218519
6,69,receive_authenticate_accumulate,0.017222915,0.017223111
6,69,reading_commitment_and_shares,0.026204155,0.026204296
6,69,receive_authenticate_accumulate,0.017218508,0.017218704
6,69,receive_authenticate_accumulate,0.017268952,0.017245889
6,69,receive_authenticate_accumulate,0.017216823,0.017216981
6,69,receive_authenticate_accumulate,0.017282451,0.017265667
6,69,receive_authenticate_accumulate,0.017228600,0.017228704
6,69,round_coverage,0.000003445,0.000002852
7,70,period_reset,0.000025056,0.000023889
7,70,receive_authenticate_accumulate,0.000091813,0.000091704
7,70,receive_authenticate_accumulate,0.000091702,0.000091260
7,70,receive_authenticate_accumulate,0.000088166,0.000087666
7,70,receive_authenticate_accumulate,0.000118203,0.000118389
7,70,receive_authenticate_accumulate,0.000088554,0.000088518
7,70,receive_authenticate_accumulate,0.000086870,0.000086611
7,70,receive_authenticate_accumulate,0.000088258,0.000088130
7,70,receive_authenticate_accumulate,0.000061499,0.000061445
7,70,receive_authenticate_accumulate,0.000060537,0.000060519
7,70,receive_authenticate_accumulate,0.000061092,0.000060926
7,70,receive_authenticate_accumulate,0.000060221,0.000060241
7,70,receive_authenticate_accumulate,0.000060074,0.000059926
7,70,receive_authenticate_accumulate,0.000059999,0.000060056
7,70,receive_authenticate_accumulate,0.000061684,0.000061611
7,70,receive_authenticate_accumulate,0.000060333,0.000060315
7,70,randomness_commit,0.000542123,0.000541833
7,70,receive_authenticate_accumulate,0.000058852,0.000058852
7,70,receive_authenticate_accumulate,0.000060926,0.000060796
7,70,receive_authenticate_accumulate,0.000060870,0.000060741
7,70,receive_authenticate_accumulate,0.000061351,0.000061241
7,70,receive_authenticate_accumulate,0.000060184,0.000060055
7,70,receive_authenticate_accumulate,0.000075629,0.000075445
7,70,receive_authenticate_accumulate,0.000071888,0.000071852
7,70,receive_authenticate_accumulate,0.000072536,0.000072444
7,70,receive_authenticate_accumulate,0.000073703,0.000073648
7,70,receive_authenticate_accumulate,0.000104869,0.000104852
7,70,receive_authenticate_accumulate,0.000073925,0.000073926
7,70,receive_authenticate_accumulate,0.000073259,0.000073149
7,70,receive_authenticate_accumulate,0.000073536,0.000073537
7,70,receive_authenticate_accumulate,0.000071610,0.000071500
7,70,receive_authenticate_accumulate,0.000072981,0.000072944
7,70,receive_authenticate_accumulate,0.000072147,0.000072000
7,70,receive_authenticate_accumulate,0.000073073,0.000073204
7,70,receive_authenticate_accumulate,0.000046851,0.000046834
7,70,receive_authenticate_accumulate,0.000045110,0.000044982
7,70,receive_authenticate_accumulate,0.000046240,0.000046166
7,70,randomness_reveal,0.000291329,0.000291186
7,70,receive_authenticate_accumulate,0.000046926,0.000046759
7,70,receive_authenticate_accumulate,0.000043629,0.000043611
7,70,receive_authenticate_accumulate,0.000046110,0.000046074
7,70,receive_authenticate_accumulate,0.000045555,0.000045500
7,70,receive_authenticate_accumulate,0.000043870,0.000043796
7,70,committee_selection,0.000083369,0.000083278
7,70,round_reset,0.000004037,0.000003592
7,70,receive_authenticate_accumulate,0.017228807,0.017228889
7,70,receive_authenticate_accumulate,0.000053369,0.000053444
7,70,receive_authenticate_accumulate,0.017221160,0.017221315
7,70,receive_authenticate_accumulate,0.000051796,0.000051722
7,70,receive_authenticate_accumulate,0.017249548,0.017249555
7,70,receive_authenticate_accumulate,0.000054425,0.000054296
7,70,receive_authenticate_accumulate,0.017222937,0.017223130
7,70,receive_authenticate_accumulate,0.000053814,0.000053852
7,70,receive_authenticate_accumulate,0.017216437,0.017216556
7,70,receive_authenticate_accumulate,0.000052721,0.000052519
7,70,receive_authenticate_accumulate,0.017219437,0.017219611
7,70,receive_authenticate_accumulate,0.000054259,0.000054167
7,70,receive_authenticate_accumulate,0.017220252,0.017220315
7,70,receive_authenticate_accumulate,0.000053962,0.000053963
7,70,receive_authenticate_accumulate,0.017236252,0.017236259
7,70,receive_authenticate_accumulate,0.000053036,0.000052926
7,70,receive_authenticate_accumulate,0.017218826,0.017219018
7,70,receive_authenticate_accumulate,0.000052758,0.000052760
7,70,receive_authenticate_accumulate,0.017224141,0.017224241
7,70,receive_authenticate_accumulate,0.000052055,0.000052000
7,70,receive_authenticate_accumulate,0.017222771,0.017222851
7,70,receive_authenticate_accumulate,0.000052740,0.000052666
7,70,receive_authenticate_accumulate,0.017261381,0.017238593
7,70,receive_authenticate_accumulate,0.000051981,0.000051962
7,70,receive_authenticate_accumulate,0.017259530,0.017233852
7,70,receive_authenticate_accumulate,0.000053648,0.000053556
7,70,receive_authenticate_accumulate,0.017224975,0.017225185
7,70,receive_authenticate_accumulate,0.000053852,0.000053852
7,70,receive_authenticate_accumulate,0.017227642,0.017227685
7,70,receive_authenticate_accumulate,0.000052314,0.000052259
7,70,reading_commitment_and_shares,0.026234198,0.026234925
7,70,receive_authenticate_accumulate,0.017224382,0.017224537
7,70,receive_authenticate_accumulate,0.000052573,0.000052556
7,70,receive_authenticate_accumulate,0.017227141,0.017227185
7,70,receive_authenticate_accumulate,0.000052481,0.000052500
7,70,receive_authenticate_accumulate,0.017224530,0.017224741
7,70,receive_authenticate_accumulate,0.000052685,0.000052629
7,70,receive_authenticate_accumulate,0.017257604,0.017232388
7,70,receive_authenticate_accumulate,0.000051721,0.000051630
7,70,receive_authenticate_accumulate,0.017218160,0.017218370
7,70,receive_authenticate_accumulate,0.000051314,0.000051370
7,70,round_coverage,0.000003277,0.000002797
7,70,spatial_report,0.000040648,0.000040444
7,71,round_reset,0.000009092,0.000007852
7,71,receive_authenticate_accumulate,0.017238311,0.017238314
7,71,receive_authenticate_accumulate,0.000052351,0.000052278
7,71,receive_authenticate_accumulate,0.017251144,0.017229444
7,71,receive_authenticate_accumulate,0.000054870,0.000054777
7,71,receive_authenticate_accumulate,0.017222718,0.017222704
7,71,receive_authenticate_accumulate,0.000053981,0.000053945
7,71,receive_authenticate_accumulate,0.017226330,0.017226370
7,71,receive_authenticate_accumulate,0.000053703,0.000053630
7,71,receive_authenticate_accumulate,0.017223144,0.017223167
7,71,receive_authenticate_accumulate,0.000052721,0.000052666
7,71,receive_authenticate_accumulate,0.017239626,0.017239611
7,71,receive_authenticate_accumulate,0.000053536,0.000053555
7,71,receive_authenticate_accumulate,0.017228904,0.017228907
7,71,receive_authenticate_accumulate,0.000053129,0.000053055
7,71,receive_authenticate_accumulate,0.017226052,0.017225981
7,71,receive_authenticate_accumulate,0.000052166,0.000052259
7,71,receive_authenticate_accumulate,0.017221312,0.017221445
7,71,receive_authenticate_accumulate,0.000052796,0.000052833
7,71,receive_authenticate_accumulate,0.017266977,0.017242889
7,71,receive_authenticate_accumulate,0.000052240,0.000052166
7,71,receive_authenticate_accumulate,0.017217941,0.017218093
7,71,receive_authenticate_accumulate,0.000051407,0.000051388
7,71,receive_authenticate_accumulate,0.017218978,0.017219111
7,71,receive_authenticate_accumulate,0.000068591,0.000068648
7,71,receive_authenticate_accumulate,0.017213552,0.017213500
7,71,receive_authenticate_accumulate,0.000052944,0.000052944
7,71,receive_authenticate_accumulate,0.017373883,0.017298684
7,71,receive_authenticate_accumulate,0.000052055,0.000051889
7,71,receive_authenticate_accumulate,0.017223756,0.017223778
7,71,receive_authenticate_accumulate,0.000052203,0.000052149
7,71,reading_commitment_and_shares,0.026199759,0.026200167
7,71,receive_authenticate_accumulate,0.017214349,0.017214352
7,71,receive_authenticate_accumulate,0.000051092,0.000051074
7,71,receive_authenticate_accumulate,0.017226997,0.017226981
7,71,receive_authenticate_accumulate,0.000050278,0.000050259
7,71,receive_authenticate_accumulate,0.017287737,0.017255685
7,71,receive_authenticate_accumulate,0.000050981,0.000050963
7,71,receive_authenticate_accumulate,0.017215331,0.017215371
7,71,receive_authenticate_accumulate,0.000051129,0.000051166
7,71,receive_authenticate_accumulate,0.017223441,0.017223500
7,71,receive_authenticate_accumulate,0.000050629,0.000050630
7,71,round_coverage,0.000003166,0.000002759
7,71,spatial_report,0.000039277,0.000039019
7,72,round_reset,0.000009259,0.000008111
7,72,receive_authenticate_accumulate,0.017230574,0.017230314
7,72,receive_authenticate_accumulate,0.000051203,0.000051148
7,72,receive_authenticate_accumulate,0.017219184,0.017219185
7,72,receive_authenticate_accumulate,0.000052036,0.000051963
7,72,receive_authenticate_accumulate,0.017203759,0.017203834
7,72,receive_authenticate_accumulate,0.000051018,0.000050926
7,72,receive_authenticate_accumulate,0.017222815,0.017222759
7,72,receive_authenticate_accumulate,0.000052814,0.000052722
7,72,receive_authenticate_accumulate,0.017221833,0.017221888
7,72,receive_authenticate_accumulate,0.000050240,0.000050222
7,72,receive_authenticate_accumulate,0.017214926,0.017215019
7,72,receive_authenticate_accumulate,0.000050814,0.000050833
7,72,receive_authenticate_accumulate,0.017216444,0.017216537
7,72,receive_authenticate_accumulate,0.000051518,0.000051481
7,72,receive_authenticate_accumulate,0.017287148,0.017247981
7,72,receive_authenticate_accumulate,0.000051518,0.000051500
7,72,receive_authenticate_accumulate,0.017220648,0.017220815
7,72,receive_authenticate_accumulate,0.000051703,0.000051574
7,72,receive_authenticate_accumulate,0.017216481,0.017216593
7,72,receive_authenticate_accumulate,0.000051777,0.000051315
7,72,receive_authenticate_accumulate,0.017225111,0.017225222
7,72,receive_authenticate_accumulate,0.000050963,0.000050963
7,72,receive_authenticate_accumulate,0.017307147,0.017255648
7,72,receive_authenticate_accumulate,0.000050518,0.000050482
7,72,receive_authenticate_accumulate,0.017246388,0.017213908
7,72,receive_authenticate_accumulate,0.000052167,0.000052130
7,72,receive_authenticate_accumulate,0.017303814,0.017277038
7,72,receive_authenticate_accumulate,0.000056073,0.000056112
7,72,receive_authenticate_accumulate,0.017229482,0.017229574
7,72,receive_authenticate_accumulate,0.000053778,0.000053796
7,72,reading_commitment_and_shares,0.026203912,0.026204297
7,72,receive_authenticate_accumulate,0.017221759,0.017221833
7,72,receive_authenticate_accumulate,0.000054277,0.000054296
7,72,receive_authenticate_accumulate,0.017219853,0.017219907
7,72,receive_authenticate_accumulate,0.000072314,0.000072352
7,72,receive_authenticate_accumulate,0.017226111,0.017226241
7,72,receive_authenticate_accumulate,0.000052185,0.000052222
7,72,receive_authenticate_accumulate,0.017226334,0.017226407
7,72,receive_authenticate_accumulate,0.000053870,0.000053778
7,72,receive_authenticate_accumulate,0.017216519,0.017216574
7,72,receive_authenticate_accumulate,0.000053647,0.000053556
7,72,round_coverage,0.000003389,0.000002963
7,72,spatial_report,0.000039555,0.000039333
7,73,round_reset,0.000010111,0.000008908
7,73,receive_authenticate_accumulate,0.017263539,0.017240777
7,73,receive_authenticate_accumulate,0.000054333,0.000054352
7,73,receive_authenticate_accumulate,0.017221392,0.017221555
7,73,receive_authenticate_accumulate,0.000053592,0.000053611
7,73,receive_authenticate_accumulate,0.017249651,0.017230019
7,73,receive_authenticate_accumulate,0.000054518,0.000054463
7,73,receive_authenticate_accumulate,0.017285151,0.017254704
7,73,receive_authenticate_accumulate,0.000054907,0.000054870
7,73,receive_authenticate_accumulate,0.017221965,0.017222074
7,73,receive_authenticate_accumulate,0.000054759,0.000054648
7,73,receive_authenticate_accumulate,0.017223540,0.017223555
7,73,receive_authenticate_accumulate,0.000053574,0.000053592
7,73,receive_authenticate_accumulate,0.017229337,0.017229130
7,73,receive_authenticate_accumulate,0.000052592,0.000052352
7,73,receive_authenticate_accumulate,0.017223966,0.017223999
7,73,receive_authenticate_accumulate,0.000054425,0.000054389
7,73,receive_authenticate_accumulate,0.017226059,0.017226204
7,73,receive_authenticate_accumulate,0.000054832,0.000054852
7,73,receive_authenticate_accumulate,0.017222948,0.017223037
7,73,receive_authenticate_accumulate,0.000052462,0.000052426
7,73,receive_authenticate_accumulate,0.017223151,0.017222963
7,73,receive_authenticate_accumulate,0.000053055,0.000053074
7,73,receive_authenticate_accumulate,0.017228336,0.017228463
7,73,receive_authenticate_accumulate,0.000054166,0.000054074
7,73,receive_authenticate_accumulate,0.017217411,0.017217463
7,73,receive_authenticate_accumulate,0.000054574,0.000054574
7,73,receive_authenticate_accumulate,0.017218059,0.017218018
7,73,receive_authenticate_accumulate,0.000053647,0.000053611
7,73,receive_authenticate_accumulate,0.017248929,0.017226889
7,73,receive_authenticate_accumulate,0.000054111,0.000053945
7,73,reading_commitment_and_shares,0.026196695,0.026197111
7,73,receive_authenticate_accumulate,0.017257726,0.017237333
7,73,receive_authenticate_accumulate,0.000052389,0.000052426
7,73,receive_authenticate_accumulate,0.017280874,0.017282426
7,73,receive_authenticate_accumulate,0.000053926,0.000053685
7,73,receive_authenticate_accumulate,0.017224003,0.017224056
7,73,receive_authenticate_accumulate,0.000052833,0.000052852
7,73,receive_authenticate_accumulate,0.017224263,0.017224407
7,73,receive_authenticate_accumulate,0.000054425,0.000054463
7,73,receive_authenticate_accumulate,0.017233855,0.017233760
7,73,receive_authenticate_accumulate,0.000053240,0.000053130
7,73,round_coverage,0.000003333,0.000002945
7,73,spatial_report,0.000039833,0.000039537
7,74,round_reset,0.000009685,0.000008389
7,74,receive_authenticate_accumulate,0.017229358,0.017229407
7,74,receive_authenticate_accumulate,0.000055221,0.000055037
7,74,receive_authenticate_accumulate,0.017231358,0.017231555
7,74,receive_authenticate_accumulate,0.000054500,0.000054352
7,74,receive_authenticate_accumulate,0.017220840,0.017220834
7,74,receive_authenticate_accumulate,0.000055222,0.000055037
7,74,receive_authenticate_accumulate,0.017220506,0.017220611
7,74,receive_authenticate_accumulate,0.000053369,0.000053315
7,74,receive_authenticate_accumulate,0.017230802,0.017230870
7,74,receive_authenticate_accumulate,0.000052777,0.000052723
7,74,receive_authenticate_accumulate,0.017230376,0.017230463
7,74,receive_authenticate_accumulate,0.000052611,0.000052611
7,74,receive_authenticate_accumulate,0.017259210,0.017259481
7,74,receive_authenticate_accumulate,0.000055258,0.000055204
7,74,receive_authenticate_accumulate,0.017226691,0.017226815
7,74,receive_authenticate_accumulate,0.000053443,0.000053426
7,74,receive_authenticate_accumulate,0.017227136,0.017226981
7,74,receive_authenticate_accumulate,0.000054833,0.000054685
7,74,receive_authenticate_accumulate,0.017221951,0.017222074
7,74,receive_authenticate_accumulate,0.000054999,0.000054963
7,74,receive_authenticate_accumulate,0.017227006,0.017226963
7,74,receive_authenticate_accumulate,0.000054518,0.000054481
7,74,receive_authenticate_accumulate,0.017260487,0.017234464
7,74,receive_authenticate_accumulate,0.000052314,0.000052241
7,74,receive_authenticate_accumulate,0.017304765,0.017267962
7,74,receive_authenticate_accumulate,0.000053629,0.000053630
7,74,receive_authenticate_accumulate,0.017253006,0.017230630
7,74,receive_authenticate_accumulate,0.000053332,0.000053315
7,74,receive_authenticate_accumulate,0.017225525,0.017225666
7,74,receive_authenticate_accumulate,0.000053037,0.000052944
7,74,reading_commitment_and_shares,0.026185089,0.026185518
7,74,receive_authenticate_accumulate,0.017226655,0.017226796
7,74,receive_authenticate_accumulate,0.000054037,0.000053963
7,74,receive_authenticate_accumulate,0.017217747,0.017217797
7,74,receive_authenticate_accumulate,0.000053055,0.000052908
7,74,receive_authenticate_accumulate,0.017222766,0.017222685
7,74,receive_authenticate_accumulate,0.000052889,0.000052833
7,74,receive_authenticate_accumulate,0.017229840,0.017229981
7,74,receive_authenticate_accumulate,0.000051833,0.000051778
7,74,receive_authenticate_accumulate,0.017230229,0.017229833
7,74,receive_authenticate_accumulate,0.000056314,0.000056129
7,74,round_coverage,0.000003814,0.000003037
7,74,spatial_report,0.000040185,0.000039889
7,75,round_reset,0.000009055,0.000007907
7,75,receive_authenticate_accumulate,0.017221749,0.017221908
7,75,receive_authenticate_accumulate,0.000054073,0.000053889
7,75,receive_authenticate_accumulate,0.017221620,0.017221574
7,75,receive_authenticate_accumulate,0.000053147,0.000053074
7,75,receive_authenticate_accumulate,0.017217917,0.017217833
7,75,receive_authenticate_accumulate,0.000054481,0.000054482
7,75,receive_authenticate_accumulate,0.017241139,0.017241777
7,75,receive_authenticate_accumulate,0.000054203,0.000054204
7,75,receive_authenticate_accumulate,0.017259805,0.017232203
7,75,receive_authenticate_accumulate,0.000055296,0.000055315
7,75,receive_authenticate_accumulate,0.017222157,0.017222222
7,75,receive_authenticate_accumulate,0.000053629,0.000053592
7,75,receive_authenticate_accumulate,0.017218491,0.017218574
7,75,receive_authenticate_accumulate,0.000054500,0.000054555
7,75,receive_authenticate_accumulate,0.017221991,0.017222148
7,75,receive_authenticate_accumulate,0.000052518,0.000052426
7,75,receive_authenticate_accumulate,0.017258583,0.017258519
7,75,receive_authenticate_accumulate,0.000055037,0.000055000
7,75,receive_authenticate_accumulate,0.017227843,0.017227574
7,75,receive_authenticate_accumulate,0.000053092,0.000053019
7,75,receive_authenticate_accumulate,0.017218843,0.017218741
7,75,receive_authenticate_accumulate,0.000053684,0.000053704
7,75,receive_authenticate_accumulate,0.017222694,0.017222611
7,75,receive_authenticate_accumulate,0.000053389,0.000053278
7,75,receive_authenticate_accumulate,0.017227639,0.017227593
7,75,receive_authenticate_accumulate,0.000053221,0.000053166
7,75,receive_authenticate_accumulate,0.017232602,0.017232537
7,75,receive_authenticate_accumulate,0.000069629,0.000069648
7,75,receive_authenticate_accumulate,0.017227028,0.017226944
7,75,receive_authenticate_accumulate,0.000052184,0.000052074
7,75,reading_commitment_and_shares,0.026197074,0.026197703
7,75,receive_authenticate_accumulate,0.017217990,0.017218056
7,75,receive_authenticate_accumulate,0.000051981,0.000051963
7,75,receive_authenticate_accumulate,0.017235250,0.017235463
7,75,receive_authenticate_accumulate,0.000053018,0.000052945
7,75,receive_authenticate_accumulate,0.017272120,0.017244223
7,75,receive_authenticate_accumulate,0.000052425,0.000052425
7,75,receive_authenticate_accumulate,0.017233546,0.017233612
7,75,receive_authenticate_accumulate,0.000053092,0.000053185
7,75,receive_authenticate_accumulate,0.017222213,0.017222389
7,75,receive_authenticate_accumulate,0.000052480,0.000052537
7,75,round_coverage,0.000003334,0.000002852
7,75,spatial_report,0.000039407,0.000039223
7,76,round_reset,0.000009074,0.000007852
7,76,receive_authenticate_accumulate,0.017220660,0.017220667
7,76,receive_authenticate_accumulate,0.000053573,0.000053555
7,76,receive_authenticate_accumulate,0.017218160,0.017218260
7,76,receive_authenticate_accumulate,0.000052851,0.000052834
7,76,receive_authenticate_accumulate,0.017233290,0.017233352
7,76,receive_authenticate_accumulate,0.000053203,0.000053259
7,76,receive_authenticate_accumulate,0.017265752,0.017236870
7,76,receive_authenticate_accumulate,0.000054129,0.000054093
7,76,receive_authenticate_accumulate,0.017226993,0.017226833
7,76,receive_authenticate_accumulate,0.000052685,0.000052649
7,76,receive_authenticate_accumulate,0.017223790,0.017223907
7,76,receive_authenticate_accumulate,0.000053203,0.000053130
7,76,receive_authenticate_accumulate,0.017232382,0.017232500
7,76,receive_authenticate_accumulate,0.000052777,0.000052685
7,76,receive_authenticate_accumulate,0.017221493,0.017221611
7,76,receive_authenticate_accumulate,0.000053296,0.000053222
7,76,receive_authenticate_accumulate,0.017219771,0.017219889
7,76,receive_authenticate_accumulate,0.000053888,0.000053797
7,76,receive_authenticate_accumulate,0.017222752,0.017222833
7,76,receive_authenticate_accumulate,0.000052647,0.000052574
7,76,receive_authenticate_accumulate,0.017226901,0.017227000
7,76,receive_authenticate_accumulate,0.000054351,0.000054334
7,76,receive_authenticate_accumulate,0.017255678,0.017256815
7,76,receive_authenticate_accumulate,0.000055963,0.000055778
7,76,receive_authenticate_accumulate,0.017232697,0.017232648
7,76,receive_authenticate_accumulate,0.000054648,0.000054556
7,76,receive_authenticate_accumulate,0.017219827,0.017219815
7,76,receive_authenticate_accumulate,0.000052333,0.000052093
7,76,receive_authenticate_accumulate,0.017219716,0.017219814
7,76,receive_authenticate_accumulate,0.000054147,0.000054130
7,76,reading_commitment_and_shares,0.026180931,0.026181296
7,76,receive_authenticate_accumulate,0.017222086,0.017222018
7,76,receive_authenticate_accumulate,0.000052814,0.000052667
7,76,receive_authenticate_accumulate,0.017222716,0.017222722
7,76,receive_authenticate_accumulate,0.000054388,0.000054352
7,76,receive_authenticate_accumulate,0.017217345,0.017217444
7,76,receive_authenticate_accumulate,0.000054517,0.000054444
7,76,receive_authenticate_accumulate,0.017250993,0.017227612
7,76,receive_authenticate_accumulate,0.000053832,0.000053796
7,76,receive_authenticate_accumulate,0.017221123,0.017221111
7,76,receive_authenticate_accumulate,0.000053037,0.000053019
7,76,round_coverage,0.000003315,0.000002888
7,76,spatial_report,0.000038536,0.000038407
7,77,round_reset,0.000009185,0.000008037
7,77,receive_authenticate_accumulate,0.017221996,0.017221981
7,77,receive_authenticate_accumulate,0.000055055,0.000054963
7,77,receive_authenticate_accumulate,0.017245106,0.017245241
7,77,receive_authenticate_accumulate,0.000055925,0.000055815
7,77,receive_authenticate_accumulate,0.017224885,0.017224759
7,77,receive_authenticate_accumulate,0.000053277,0.000053167
7,77,receive_authenticate_accumulate,0.017235514,0.017235648
7,77,receive_authenticate_accumulate,0.000082925,0.000082963
7,77,receive_authenticate_accumulate,0.017220903,0.017220908
7,77,receive_authenticate_accumulate,0.000050741,0.000050723
7,77,receive_authenticate_accumulate,0.017221273,0.017221277
7,77,receive_authenticate_accumulate,0.000052425,0.000052278
7,77,receive_authenticate_accumulate,0.017320383,0.017256610
7,77,receive_authenticate_accumulate,0.000053092,0.000053000
7,77,receive_authenticate_accumulate,0.017221329,0.017221426
7,77,receive_authenticate_accumulate,0.000052370,0.000052296
7,77,receive_authenticate_accumulate,0.017225089,0.017225204
7,77,receive_authenticate_accumulate,0.000052241,0.000052129
7,77,receive_authenticate_accumulate,0.017223218,0.017223185
7,77,receive_authenticate_accumulate,0.000050407,0.000050370
7,77,receive_authenticate_accumulate,0.017229662,0.017229778
7,77,receive_authenticate_accumulate,0.000051629,0.000051593
7,77,receive_authenticate_accumulate,0.017221163,0.017221148
7,77,receive_authenticate_accumulate,0.000052277,0.000052223
7,77,receive_authenticate_accumulate,0.017217089,0.017217111
7,77,receive_authenticate_accumulate,0.000052147,0.000052056
7,77,receive_authenticate_accumulate,0.017226310,0.017226260
7,77,receive_authenticate_accumulate,0.000054369,0.000054351
7,77,receive_authenticate_accumulate,0.017256107,0.017258111
7,77,receive_authenticate_accumulate,0.000055537,0.000055556
7,77,reading_commitment_and_shares,0.026232378,0.026232852
7,77,receive_authenticate_accumulate,0.017225089,0.017225148
7,77,receive_authenticate_accumulate,0.000051777,0.000051815
7,77,receive_authenticate_accumulate,0.017219014,0.017219111
7,77,receive_authenticate_accumulate,0.000051574,0.000051537
7,77,receive_authenticate_accumulate,0.017233941,0.017234167
7,77,receive_authenticate_accumulate,0.000051499,0.000051500
7,77,receive_authenticate_accumulate,0.017221441,0.017221444
7,77,receive_authenticate_accumulate,0.000052018,0.000051963
7,77,receive_authenticate_accumulate,0.017266218,0.017239019
7,77,receive_authenticate_accumulate,0.000052425,0.000052370
7,77,round_coverage,0.000003056,0.000002612
7,77,spatial_report,0.000041203,0.000041093
7,78,round_reset,0.000009796,0.000008519
7,78,receive_authenticate_accumulate,0.017228813,0.017228703
7,78,receive_authenticate_accumulate,0.000051444,0.000051388
7,78,receive_authenticate_accumulate,0.017229924,0.017229982
7,78,receive_authenticate_accumulate,0.000050592,0.000050555
7,78,receive_authenticate_accumulate,0.017223850,0.017223685
7,78,receive_authenticate_accumulate,0.000051703,0.000051666
7,78,receive_authenticate_accumulate,0.017213998,0.017213834
7,78,receive_authenticate_accumulate,0.000051944,0.000051870
7,78,receive_authenticate_accumulate,0.017228776,0.017228796
7,78,receive_authenticate_accumulate,0.000053648,0.000053685
7,78,receive_authenticate_accumulate,0.017237146,0.017237111
7,78,receive_authenticate_accumulate,0.000053555,0.000053333
7,78,receive_authenticate_accumulate,0.017273997,0.017234500
7,78,receive_authenticate_accumulate,0.000053536,0.000053444
7,78,receive_authenticate_accumulate,0.017219053,0.017219056
7,78,receive_authenticate_accumulate,0.000052555,0.000052537
7,78,receive_authenticate_accumulate,0.017230535,0.017230537
7,78,receive_authenticate_accumulate,0.000052795,0.000052777
7,78,receive_authenticate_accumulate,0.017234535,0.017234592
7,78,receive_authenticate_accumulate,0.000053092,0.000053092
7,78,receive_authenticate_accumulate,0.017266294,0.017241722
7,78,receive_authenticate_accumulate,0.000053740,0.000053760
7,78,receive_authenticate_accumulate,0.017221999,0.017222055
7,78,receive_authenticate_accumulate,0.000052962,0.000052926
7,78,receive_authenticate_accumulate,0.017234924,0.017234889
7,78,receive_authenticate_accumulate,0.000054018,0.000053963
7,78,receive_authenticate_accumulate,0.017219313,0.017219389
7,78,receive_authenticate_accumulate,0.000054018,0.000054000
7,78,receive_authenticate_accumulate,0.017224850,0.017224852
7,78,receive_authenticate_accumulate,0.000053962,0.000053852
7,78,reading_commitment_and_shares,0.026184067,0.026184444
7,78,receive_authenticate_accumulate,0.017220684,0.017220611
7,78,receive_authenticate_accumulate,0.000052795,0.000052741
7,78,receive_authenticate_accumulate,0.017217943,0.017218167
7,78,receive_authenticate_accumulate,0.000053241,0.000053315
7,78,receive_authenticate_accumulate,0.017249054,0.017249129
7,78,receive_authenticate_accumulate,0.000054740,0.000054741
7,78,receive_authenticate_accumulate,0.017219665,0.017219649
7,78,receive_authenticate_accumulate,0.000053925,0.000053796
7,78,receive_authenticate_accumulate,0.017223720,0.017223500
7,78,receive_authenticate_accumulate,0.000053684,0.000053741
7,78,round_coverage,0.000003315,0.000002871
7,78,spatial_report,0.000040389,0.000040204
7,79,round_reset,0.000008611,0.000007463
7,79,receive_authenticate_accumulate,0.017218815,0.017218907
7,79,receive_authenticate_accumulate,0.000053759,0.000053667
7,79,receive_authenticate_accumulate,0.017222427,0.017222630
7,79,receive_authenticate_accumulate,0.000070277,0.000070223
7,79,receive_authenticate_accumulate,0.017228259,0.017228259
7,79,receive_authenticate_accumulate,0.000053573,0.000053555
7,79,receive_authenticate_accumulate,0.017223797,0.017223630
7,79,receive_authenticate_accumulate,0.000053055,0.000053037
7,79,receive_authenticate_accumulate,0.017226186,0.017226148
7,79,receive_authenticate_accumulate,0.000054833,0.000054796
7,79,receive_authenticate_accumulate,0.017218574,0.017218482
7,79,receive_authenticate_accumulate,0.000069796,0.000070075
7,79,receive_authenticate_accumulate,0.017229964,0.017230000
7,79,receive_authenticate_accumulate,0.000054037,0.000053981
7,79,receive_authenticate_accumulate,0.017220501,0.017220537
7,79,receive_authenticate_accumulate,0.000054425,0.000054352
7,79,receive_authenticate_accumulate,0.017225871,0.017225962
7,79,receive_authenticate_accumulate,0.000052481,0.000052482
7,79,receive_authenticate_accumulate,0.017222575,0.017222630
7,79,receive_authenticate_accumulate,0.000053926,0.000053945
7,79,receive_authenticate_accumulate,0.017298185,0.017245556
7,79,receive_authenticate_accumulate,0.000054777,0.000054740
7,79,receive_authenticate_accumulate,0.017218630,0.017218630
7,79,receive_authenticate_accumulate,0.000053555,0.000053278
7,79,receive_authenticate_accumulate,0.017266778,0.017240351
7,79,receive_authenticate_accumulate,0.000055166,0.000055112
7,79,receive_authenticate_accumulate,0.017231112,0.017231037
7,79,receive_authenticate_accumulate,0.000052759,0.000052648
7,79,receive_authenticate_accumulate,0.017230574,0.017230741
7,79,receive_authenticate_accumulate,0.000054166,0.000054111
7,79,reading_commitment_and_shares,0.026187886,0.026188315
7,79,receive_authenticate_accumulate,0.017221649,0.017221797
7,79,receive_authenticate_accumulate,0.000052574,0.000052482
7,79,receive_authenticate_accumulate,0.017225483,0.017225555
7,79,receive_authenticate_accumulate,0.000052666,0.000052648
7,79,receive_authenticate_accumulate,0.017227926,0.017227982
7,79,receive_authenticate_accumulate,0.000052074,0.000051944
7,79,receive_authenticate_accumulate,0.017228297,0.017228352
7,79,receive_authenticate_accumulate,0.000053351,0.000053241
7,79,receive_authenticate_accumulate,0.017270389,0.017270444
7,79,receive_authenticate_accumulate,0.000055907,0.000055926
7,79,round_coverage,0.000003518,0.000003000
7,79,spatial_report,0.000041629,0.000041370
7,79,billing_report,0.000420736,0.000420556
8,80,period_reset,0.000026259,0.000024333
8,80,receive_authenticate_accumulate,0.000095147,0.000094982
8,80,receive_authenticate_accumulate,0.000089814,0.000089704
8,80,receive_authenticate_accumulate,0.000089370,0.000089296
8,80,receive_authenticate_accumulate,0.000088517,0.000088630
8,80,receive_authenticate_accumulate,0.000089573,0.000089408
8,80,receive_authenticate_accumulate,0.000088259,0.000088037
8,80,receive_authenticate_accumulate,0.000090962,0.000090722
8,80,receive_authenticate_accumulate,0.000088536,0.000088408
8,80,receive_authenticate_accumulate,0.000090295,0.000090130
8,80,receive_authenticate_accumulate,0.000088647,0.000088648
8,80,receive_authenticate_accumulate,0.000088110,0.000087981
8,80,receive_authenticate_accumulate,0.000088350,0.000088314
8,80,receive_authenticate_accumulate,0.000086499,0.000086278
8,80,receive_authenticate_accumulate,0.000088906,0.000088926
8,80,receive_authenticate_accumulate,0.000088629,0.000088389
8,80,randomness_commit,0.000801510,0.000801074
8,80,receive_authenticate_accumulate,0.000087832,0.000087593
8,80,receive_authenticate_accumulate,0.000039592,0.000039519
8,80,receive_authenticate_accumulate,0.000038518,0.000038463
8,80,receive_authenticate_accumulate,0.000038148,0.000038056
8,80,receive_authenticate_accumulate,0.000036778,0.000036704
8,80,receive_authenticate_accumulate,0.000047240,0.000047240
8,80,receive_authenticate_accumulate,0.000044703,0.000044648
8,80,receive_authenticate_accumulate,0.000045685,0.000045685
8,80,receive_authenticate_accumulate,0.000046740,0.000046704
8,80,receive_authenticate_accumulate,0.000044648,0.000044593
8,80,receive_authenticate_accumulate,0.000046629,0.000046593
8,80,receive_authenticate_accumulate,0.000046685,0.000046649
8,80,receive_authenticate_accumulate,0.000044574,0.000044166
8,80,receive_authenticate_accumulate,0.000046499,0.000046537
8,80,receive_authenticate_accumulate,0.000048111,0.000048018
8,80,receive_authenticate_accumulate,0.000044222,0.000044148
8,80,receive_authenticate_accumulate,0.000046462,0.000046463
8,80,receive_authenticate_accumulate,0.000046222,0.000046204
8,80,receive_authenticate_accumulate,0.000043869,0.000043815
8,80,receive_authenticate_accumulate,0.000046722,0.000046629
8,80,randomness_reveal,0.000298830,0.000298611
8,80,receive_authenticate_accumulate,0.000071444,0.000071426
8,80,receive_authenticate_accumulate,0.000043852,0.000043815
8,80,receive_authenticate_accumulate,0.000045184,0.000045278
8,80,receive_authenticate_accumulate,0.000044185,0.000044056
8,80,receive_authenticate_accumulate,0.000046352,0.000046333
8,80,committee_selection,0.000085444,0.000085296
8,80,round_reset,0.000004000,0.000003556
8,80,receive_authenticate_accumulate,0.017228298,0.017228352
8,80,receive_authenticate_accumulate,0.017223558,0.017223648
8,80,receive_authenticate_accumulate,0.017224447,0.017224574
8,80,receive_authenticate_accumulate,0.017229817,0.017229797
8,80,receive_authenticate_accumulate,0.017223503,0.017223592
8,80,receive_authenticate_accumulate,0.017263465,0.017236241
8,80,receive_authenticate_accumulate,0.017220707,0.017220723
8,80,receive_authenticate_accumulate,0.017235373,0.017235482
8,80,receive_authenticate_accumulate,0.017221003,0.017221037
8,80,receive_authenticate_accumulate,0.017227706,0.017227685
8,80,receive_authenticate_accumulate,0.017222595,0.017222629
8,80,receive_authenticate_accumulate,0.017231150,0.017231314
8,80,receive_authenticate_accumulate,0.017279576,0.017240038
8,80,receive_authenticate_accumulate,0.017235207,0.017235148
8,80,receive_authenticate_accumulate,0.017230744,0.017230870
8,80,reading_commitment_and_shares,0.026199167,0.026199370
8,80,receive_authenticate_accumulate,0.017227429,0.017227574
8,80,receive_authenticate_accumulate,0.017229188,0.017229167
8,80,receive_authenticate_accumulate,0.017217726,0.017217871
8,80,receive_authenticate_accumulate,0.017263132,0.017236778
8,80,receive_authenticate_accumulate,0.017226706,0.017226814
8,80,round_coverage,0.000003592,0.000003074
8,81,round_reset,0.000009277,0.000008056
8,81,receive_authenticate_accumulate,0.017261986,0.017234703
8,81,receive_authenticate_accumulate,0.017262727,0.017235148
8,81,receive_authenticate_accumulate,0.017219468,0.017219629
8,81,receive_authenticate_accumulate,0.017227060,0.017227092
8,81,receive_authenticate_accumulate,0.017220393,0.017220445
8,81,receive_authenticate_accumulate,0.017219431,0.017219649
8,81,receive_authenticate_accumulate,0.017224449,0.017224722
8,81,receive_authenticate_accumulate,0.017212153,0.017212333
8,81,receive_authenticate_accumulate,0.017224634,0.017224740
8,81,receive_authenticate_accumulate,0.017218171,0.017218167
8,81,receive_authenticate_accumulate,0.017226893,0.017226871
8,81,receive_authenticate_accumulate,0.017231449,0.017231444
8,81,receive_authenticate_accumulate,0.017223412,0.017223482
8,81,receive_authenticate_accumulate,0.017230819,0.017230870
8,81,receive_authenticate_accumulate,0.017270967,0.017245407
8,81,reading_commitment_and_shares,0.026198319,0.026198593
8,81,receive_authenticate_accumulate,0.017240912,0.017232944
8,81,receive_authenticate_accumulate,0.017225430,0.017225537
8,81,receive_authenticate_accumulate,0.017223209,0.017223222
8,81,receive_authenticate_accumulate,0.017227042,0.017227203
8,81,receive_authenticate_accumulate,0.017220875,0.017220944
8,81,round_coverage,0.000002556,0.000002129
8,82,round_reset,0.000009389,0.000008260
8,82,receive_authenticate_accumulate,0.017239784,0.017241148
8,82,receive_authenticate_accumulate,0.017225988,0.017226092
8,82,receive_authenticate_accumulate,0.017233265,0.017233296
8,82,receive_authenticate_accumulate,0.017259080,0.017233446
8,82,receive_authenticate_accumulate,0.017226154,0.017226185
8,82,receive_authenticate_accumulate,0.017228932,0.017228944
8,82,receive_authenticate_accumulate,0.017222507,0.017222481
8,82,receive_authenticate_accumulate,0.017213599,0.017213537
8,82,receive_authenticate_accumulate,0.017219858,0.017219703
8,82,receive_authenticate_accumulate,0.017223617,0.017223685
8,82,receive_authenticate_accumulate,0.017225025,0.017225074
8,82,receive_authenticate_accumulate,0.017224765,0.017224797
8,82,receive_authenticate_accumulate,0.017222544,0.017222445
8,82,receive_authenticate_accumulate,0.017272080,0.017236685
8,82,receive_authenticate_accumulate,0.017232414,0.017232444
8,82,reading_commitment_and_shares,0.026216191,0.026216611
8,82,receive_authenticate_accumulate,0.017227951,0.017228019
8,82,receive_authenticate_accumulate,0.017221303,0.017221296
8,82,receive_authenticate_accumulate,0.017268784,0.017240074
8,82,receive_authenticate_accumulate,0.017225488,0.017225500
8,82,receive_authenticate_accumulate,0.017224414,0.017224481
8,82,round_coverage,0.000002815,0.000002315
8,83,round_reset,0.000008537,0.000007277
8,83,receive_authenticate_accumulate,0.017225211,0.017225352
8,83,receive_authenticate_accumulate,0.017225823,0.017226000
8,83,receive_authenticate_accumulate,0.017217341,0.017217092
8,83,receive_authenticate_accumulate,0.017234693,0.017234722
8,83,receive_authenticate_accumulate,0.017339822,0.017276445
8,83,receive_authenticate_accumulate,0.017226305,0.017226389
8,83,receive_authenticate_accumulate,0.017250193,0.017250297
8,83,receive_authenticate_accumulate,0.017221564,0.017221519
8,83,receive_authenticate_accumulate,0.017222378,0.017222389
8,83,receive_authenticate_accumulate,0.017220953,0.017220944
8,83,receive_authenticate_accumulate,0.017217841,0.017217963
8,83,receive_authenticate_accumulate,0.017222212,0.017222185
8,83,receive_authenticate_accumulate,0.017220675,0.017220870
8,83,receive_authenticate_accumulate,0.017225082,0.017225037
8,83,receive_authenticate_accumulate,0.017229452,0.017229630
8,83,reading_commitment_and_shares,0.026198991,0.026199371
8,83,receive_authenticate_accumulate,0.017219156,0.017219055
8,83,receive_authenticate_accumulate,0.017224601,0.017224667
8,83,receive_authenticate_accumulate,0.017252212,0.017252333
8,83,receive_authenticate_accumulate,0.017225749,0.017225907
8,83,receive_authenticate_accumulate,0.017223564,0.017223500
8,83,round_coverage,0.000003222,0.000002722
8,84,round_reset,0.000008908,0.000007667
8,84,receive_authenticate_accumulate,0.017222621,0.017222518
8,84,receive_authenticate_accumulate,0.017225639,0.017225741
8,84,receive_authenticate_accumulate,0.017234713,0.017234907
8,84,receive_authenticate_accumulate,0.017230991,0.017231462
8,84,receive_authenticate_accumulate,0.017226028,0.017226222
8,84,receive_authenticate_accumulate,0.017227102,0.017227018
8,84,receive_authenticate_accumulate,0.017272973,0.017273055
8,84,receive_authenticate_accumulate,0.017221510,0.017221611
8,84,receive_authenticate_accumulate,0.017221714,0.017221666
8,84,receive_authenticate_accumulate,0.017226084,0.017226130
8,84,receive_authenticate_accumulate,0.017229548,0.017229574
8,84,receive_authenticate_accumulate,0.017222362,0.017222426
8,84,receive_authenticate_accumulate,0.017253862,0.017239981
8,84,receive_authenticate_accumulate,0.017221862,0.017222018
8,84,receive_authenticate_accumulate,0.017217603,0.017217685
8,84,reading_commitment_and_shares,0.026233086,0.026233315
8,84,receive_authenticate_accumulate,0.017228492,0.017228611
8,84,receive_authenticate_accumulate,0.017226195,0.017226240
8,84,receive_authenticate_accumulate,0.017223269,0.017223278
8,84,receive_authenticate_accumulate,0.017227603,0.017227574
8,84,receive_authenticate_accumulate,0.017260898,0.017238259
8,84,round_coverage,0.000003185,0.000002796
8,85,round_reset,0.000010111,0.000007852
8,85,receive_authenticate_accumulate,0.017238715,0.017238704
8,85,receive_authenticate_accumulate,0.017235308,0.017235297
8,85,receive_authenticate_accumulate,0.017252567,0.017236889
8,85,receive_authenticate_accumulate,0.017219586,0.017219704
8,85,receive_authenticate_accumulate,0.017227308,0.017227370
8,85,receive_authenticate_accumulate,0.017255400,0.017235889
8,85,receive_authenticate_accumulate,0.017227012,0.017227111
8,85,receive_authenticate_accumulate,0.017227067,0.017227111
8,85,receive_authenticate_accumulate,0.017256733,0.017234629
8,85,receive_authenticate_accumulate,0.017250530,0.017250722
8,85,receive_authenticate_accumulate,0.017234863,0.017234944
8,85,receive_authenticate_accumulate,0.017217679,0.017217889
8,85,receive_authenticate_accumulate,0.017223623,0.017223574
8,85,receive_authenticate_accumulate,0.017228845,0.017228760
8,85,receive_authenticate_accumulate,0.017224363,0.017224537
8,85,reading_commitment_and_shares,0.026209421,0.026209963
8,85,receive_authenticate_accumulate,0.017232475,0.017232407
8,85,receive_authenticate_accumulate,0.017222845,0.017222926
8,85,receive_authenticate_accumulate,0.017226215,0.017226259
8,85,receive_authenticate_accumulate,0.017223641,0.017223629
8,85,receive_authenticate_accumulate,0.017228438,0.017228648
8,85,round_coverage,0.000002704,0.000002278
8,86,round_reset,0.000009278,0.000008019
8,86,receive_authenticate_accumulate,0.017234476,0.017234740
8,86,receive_authenticate_accumulate,0.017217105,0.017217167
8,86,receive_authenticate_accumulate,0.017224902,0.017224778
8,86,receive_authenticate_accumulate,0.017217124,0.017217093
8,86,receive_authenticate_accumulate,0.017227773,0.017227778
8,86,receive_authenticate_accumulate,0.017217365,0.017217482
8,86,receive_authenticate_accumulate,0.017225846,0.017225778
8,86,receive_authenticate_accumulate,0.017219180,0.017219185
8,86,receive_authenticate_accumulate,0.017220828,0.017220907
8,86,receive_authenticate_accumulate,0.017225680,0.017225796
8,86,receive_authenticate_accumulate,0.017269161,0.017241389
8,86,receive_authenticate_accumulate,0.017223254,0.017223389
8,86,receive_authenticate_accumulate,0.017272402,0.017236593
8,86,receive_authenticate_accumulate,0.017228772,0.017228945
8,86,receive_authenticate_accumulate,0.017218477,0.017218667
8,86,reading_commitment_and_shares,0.026222683,0.026208240
8,86,receive_authenticate_accumulate,0.017221088,0.017221185
8,86,receive_authenticate_accumulate,0.017220106,0.017220333
8,86,receive_authenticate_accumulate,0.017227902,0.017228315
8,86,receive_authenticate_accumulate,0.017231532,0.017231611
8,86,receive_authenticate_accumulate,0.017228106,0.017228055
8,86,round_coverage,0.000004370,0.000004111
8,87,round_reset,0.000012407,0.000011889
8,87,receive_authenticate_accumulate,0.017281348,0.017253017
8,87,receive_authenticate_accumulate,0.017279069,0.017245149
8,87,receive_authenticate_accumulate,0.017228903,0.017228833
8,87,receive_authenticate_accumulate,0.017219422,0.017219407
8,87,receive_authenticate_accumulate,0.017216681,0.017216740
8,87,receive_authenticate_accumulate,0.017214515,0.017214500
8,87,receive_authenticate_accumulate,0.017217385,0.017217500
8,87,receive_authenticate_accumulate,0.017238866,0.017224444
8,87,receive_authenticate_accumulate,0.017215348,0.017215481
8,87,receive_authenticate_accumulate,0.017209996,0.017210166
8,87,receive_authenticate_accumulate,0.017219848,0.017219889
8,87,receive_authenticate_accumulate,0.017216329,0.017216537
8,87,receive_authenticate_accumulate,0.017215570,0.017215592
8,87,receive_authenticate_accumulate,0.017228422,0.017228555
8,87,receive_authenticate_accumulate,0.017217811,0.017217833
8,87,reading_commitment_and_shares,0.026277388,0.026277741
8,87,receive_authenticate_accumulate,0.017251441,0.017251518
8,87,receive_authenticate_accumulate,0.017228774,0.017228722
8,87,receive_authenticate_accumulate,0.017227570,0.017227593
8,87,receive_authenticate_accumulate,0.017228015,0.017228111
8,87,receive_authenticate_accumulate,0.017222497,0.017222407
8,87,round_coverage,0.000003797,0.000003333
8,88,round_reset,0.000010018,0.000008871
8,88,receive_authenticate_accumulate,0.017225720,0.017225686
8,88,receive_authenticate_accumulate,0.017237849,0.017237926
8,88,receive_authenticate_accumulate,0.017293404,0.017258186
8,88,receive_authenticate_accumulate,0.017224182,0.017224389
8,88,receive_authenticate_accumulate,0.017223942,0.017223926
8,88,receive_authenticate_accumulate,0.017229219,0.017229537
8,88,receive_authenticate_accumulate,0.017229886,0.017230074
8,88,receive_authenticate_accumulate,0.017270608,0.017247686
8,88,receive_authenticate_accumulate,0.017229331,0.017229240
8,88,receive_authenticate_accumulate,0.017231757,0.017231704
8,88,receive_authenticate_accumulate,0.017237886,0.017237815
8,88,receive_authenticate_accumulate,0.017226349,0.017226148
8,88,receive_authenticate_accumulate,0.017226182,0.017226148
8,88,receive_authenticate_accumulate,0.017225794,0.017225759
8,88,receive_authenticate_accumulate,0.017232664,0.017232592
8,88,reading_commitment_and_shares,0.026202410,0.026202815
8,88,receive_authenticate_accumulate,0.017268905,0.017239852
8,88,receive_authenticate_accumulate,0.017225998,0.017226111
8,88,receive_authenticate_accumulate,0.017229961,0.017229833
8,88,receive_authenticate_accumulate,0.017256386,0.017256407
8,88,receive_authenticate_accumulate,0.017232961,0.017233000
8,88,round_coverage,0.000003982,0.000003500
8,89,round_reset,0.000010055,0.000008907
8,89,receive_authenticate_accumulate,0.017227036,0.017226907
8,89,receive_authenticate_accumulate,0.017233757,0.017233963
8,89,receive_authenticate_accumulate,0.017235591,0.017235722
8,89,receive_authenticate_accumulate,0.017237424,0.017237648
8,89,receive_authenticate_accumulate,0.017275387,0.017246872
8,89,receive_authenticate_accumulate,0.017230813,0.017230962
8,89,receive_authenticate_accumulate,0.017229758,0.017229963
8,89,receive_authenticate_accumulate,0.017292516,0.017256833
8,89,receive_authenticate_accumulate,0.017231054,0.017231111
8,89,receive_authenticate_accumulate,0.017214962,0.017214926
8,89,receive_authenticate_accumulate,0.017234313,0.017234315
8,89,receive_authenticate_accumulate,0.017229961,0.017230111
8,89,receive_authenticate_accumulate,0.017256683,0.017243222
8,89,receive_authenticate_accumulate,0.017233295,0.017233185
8,89,receive_authenticate_accumulate,0.017233425,0.017233296
8,89,reading_commitment_and_shares,0.026214744,0.026215074
8,89,receive_authenticate_accumulate,0.017229239,0.017229111
8,89,receive_authenticate_accumulate,0.017229795,0.017229759
8,89,receive_authenticate_accumulate,0.017264943,0.017246833
8,89,receive_authenticate_accumulate,0.017227091,0.017226944
8,89,receive_authenticate_accumulate,0.017272035,0.017244537
8,89,round_coverage,0.000003759,0.000003241
9,90,period_reset,0.000025296,0.000024037
9,90,receive_authenticate_accumulate,0.000096962,0.000096704
9,90,receive_authenticate_accumulate,0.000089481,0.000089333
9,90,receive_authenticate_accumulate,0.000088185,0.000088204
9,90,receive_authenticate_accumulate,0.000088814,0.000088537
9,90,receive_authenticate_accumulate,0.000090740,0.000090296
9,90,receive_authenticate_accumulate,0.000088925,0.000088889
9,90,receive_authenticate_accumulate,0.000086925,0.000086537
9,90,receive_authenticate_accumulate,0.000062555,0.000062111
9,90,receive_authenticate_accumulate,0.000062721,0.000062555
9,90,receive_authenticate_accumulate,0.000061962,0.000061833
9,90,receive_authenticate_accumulate,0.000060129,0.000059963
9,90,receive_authenticate_accumulate,0.000061703,0.000061630
9,90,receive_authenticate_accumulate,0.000060537,0.000060277
9,90,receive_authenticate_accumulate,0.000061592,0.000061037
9,90,receive_authenticate_accumulate,0.000061648,0.000061555
9,90,randomness_commit,0.000540977,0.000540760
9,90,receive_authenticate_accumulate,0.000059647,0.000059611
9,90,receive_authenticate_accumulate,0.000059259,0.000059111
9,90,receive_authenticate_accumulate,0.000060777,0.000060759
9,90,receive_authenticate_accumulate,0.000061906,0.000061574
9,90,receive_authenticate_accumulate,0.000061203,0.000061093
9,90,receive_authenticate_accumulate,0.000073092,0.000072889
9,90,receive_authenticate_accumulate,0.000074203,0.000074111
9,90,receive_authenticate_accumulate,0.000073906,0.000073815
9,90,receive_authenticate_accumulate,0.000073518,0.000073259
9,90,receive_authenticate_accumulate,0.000073944,0.000073667
9,90,receive_authenticate_accumulate,0.000073666,0.000073519
9,90,receive_authenticate_accumulate,0.000072666,0.000072648
9,90,receive_authenticate_accumulate,0.000073054,0.000072981
9,90,receive_authenticate_accumulate,0.000074147,0.000074185
9,90,receive_authenticate_accumulate,0.000075759,0.000075666
9,90,receive_authenticate_accumulate,0.000072203,0.000072166
9,90,receive_authenticate_accumulate,0.000073814,0.000073685
9,90,receive_authenticate_accumulate,0.000047703,0.000047630
9,90,receive_authenticate_accumulate,0.000047499,0.000047277
9,90,receive_authenticate_accumulate,0.000045629,0.000045556
9,90,randomness_reveal,0.000299182,0.000298870
9,90,receive_authenticate_accumulate,0.000046537,0.000046407
9,90,receive_authenticate_accumulate,0.000048833,0.000048722
9,90,receive_authenticate_accumulate,0.000045815,0.000045685
9,90,receive_authenticate_accumulate,0.000047592,0.000047518
9,90,receive_authenticate_accumulate,0.000047610,0.000047537
9,90,committee_selection,0.000084184,0.000084037
9,90,round_reset,0.000003722,0.000003259
9,90,receive_authenticate_accumulate,0.017223685,0.017223797
9,90,receive_authenticate_accumulate,0.017266184,0.017239056
9,90,receive_authenticate_accumulate,0.017275999,0.017233741
9,90,receive_authenticate_accumulate,0.017219648,0.017219685
9,90,receive_authenticate_accumulate,0.017219074,0.017219111
9,90,receive_authenticate_accumulate,0.017229000,0.017229019
9,90,receive_authenticate_accumulate,0.017221000,0.017220963
9,90,receive_authenticate_accumulate,0.017227407,0.017227296
9,90,receive_authenticate_accumulate,0.017218092,0.017218092
9,90,receive_authenticate_accumulate,0.017232574,0.017232389
9,90,receive_authenticate_accumulate,0.017228759,0.017228796
9,90,receive_authenticate_accumulate,0.017235481,0.017235629
9,90,receive_authenticate_accumulate,0.017230482,0.017230648
9,90,receive_authenticate_accumulate,0.017227278,0.017227370
9,90,receive_authenticate_accumulate,0.017257630,0.017234001
9,90,reading_commitment_and_shares,0.026205006,0.026205111
9,90,receive_authenticate_accumulate,0.017235389,0.017235352
9,90,receive_authenticate_accumulate,0.017221963,0.017222074
9,90,receive_authenticate_accumulate,0.017224296,0.017224185
9,90,receive_authenticate_accumulate,0.017230314,0.017230204
9,90,receive_authenticate_accumulate,0.017222926,0.017223092
9,90,round_coverage,0.000003834,0.000003241
9,91,round_reset,0.000009703,0.000008333
9,91,receive_authenticate_accumulate,0.017232537,0.017232963
9,91,receive_authenticate_accumulate,0.017233630,0.017233593
9,91,receive_authenticate_accumulate,0.017245427,0.017245444
9,91,receive_authenticate_accumulate,0.017232223,0.017232296
9,91,receive_authenticate_accumulate,0.017231149,0.017231333
9,91,receive_authenticate_accumulate,0.017229834,0.017229963
9,91,receive_authenticate_accumulate,0.017235019,0.017235000
9,91,receive_authenticate_accumulate,0.017222482,0.017222574
9,91,receive_authenticate_accumulate,0.017229223,0.017229314
9,91,receive_authenticate_accumulate,0.017228538,0.017228760
9,91,receive_authenticate_accumulate,0.017228538,0.017228648
9,91,receive_authenticate_accumulate,0.017235501,0.017235685
9,91,receive_authenticate_accumulate,0.017258852,0.017245445
9,91,receive_authenticate_accumulate,0.017231149,0.017231259
9,91,receive_authenticate_accumulate,0.017226131,0.017226111
9,91,reading_commitment_and_shares,0.026203063,0.026203204
9,91,receive_authenticate_accumulate,0.017222686,0.017222814
9,91,receive_authenticate_accumulate,0.017231649,0.017231704
9,91,receive_authenticate_accumulate,0.017225927,0.017225963
9,91,receive_authenticate_accumulate,0.017230778,0.017230666
9,91,receive_authenticate_accumulate,0.017233186,0.017233333
9,91,round_coverage,0.000003888,0.000003333
9,92,round_reset,0.000008759,0.000007648
9,92,receive_authenticate_accumulate,0.017222798,0.017222796
9,92,receive_authenticate_accumulate,0.017222631,0.017222777
9,92,receive_authenticate_accumulate,0.017227687,0.017227592
9,92,receive_authenticate_accumulate,0.017230427,0.017230426
9,92,receive_authenticate_accumulate,0.017231613,0.017232037
9,92,receive_authenticate_accumulate,0.017256650,0.017256704
9,92,receive_authenticate_accumulate,0.017230020,0.017230018
9,92,receive_authenticate_accumulate,0.017240724,0.017240926
9,92,receive_authenticate_accumulate,0.017223576,0.017223703
9,92,receive_authenticate_accumulate,0.017222391,0.017222352
9,92,receive_authenticate_accumulate,0.017225336,0.017225389
9,92,receive_authenticate_accumulate,0.017268613,0.017243037
9,92,receive_authenticate_accumulate,0.017243724,0.017231353
9,92,receive_authenticate_accumulate,0.017274280,0.017248555
9,92,receive_authenticate_accumulate,0.017224373,0.017224389
9,92,reading_commitment_and_shares,0.026207898,0.026208333
9,92,receive_authenticate_accumulate,0.017229928,0.017230111
9,92,receive_authenticate_accumulate,0.017225965,0.017226129
9,92,receive_authenticate_accumulate,0.017223539,0.017223463
9,92,receive_authenticate_accumulate,0.017229521,0.017229500
9,92,receive_authenticate_accumulate,0.017233521,0.017233741
9,92,round_coverage,0.000003648,0.000003204
9,93,round_reset,0.000008778,0.000007444
9,93,receive_authenticate_accumulate,0.017230929,0.017231037
9,93,receive_authenticate_accumulate,0.017266039,0.017232186
9,93,receive_authenticate_accumulate,0.017221707,0.017221333
9,93,receive_authenticate_accumulate,0.017231484,0.017231408
9,93,receive_authenticate_accumulate,0.017264225,0.017239907
9,93,receive_authenticate_accumulate,0.017222911,0.017222852
9,93,receive_authenticate_accumulate,0.017220763,0.017220944
9,93,receive_authenticate_accumulate,0.017242391,0.017242815
9,93,receive_authenticate_accumulate,0.017232503,0.017232500
9,93,receive_authenticate_accumulate,0.017225818,0.017225722
9,93,receive_authenticate_accumulate,0.017227725,0.017228148
9,93,receive_authenticate_accumulate,0.017215762,0.017215907
9,93,receive_authenticate_accumulate,0.017225336,0.017225074
9,93,receive_authenticate_accumulate,0.017218540,0.017218481
9,93,receive_authenticate_accumulate,0.017320187,0.017247426
9,93,reading_commitment_and_shares,0.026200640,0.026200778
9,93,receive_authenticate_accumulate,0.017224651,0.017224648
9,93,receive_authenticate_accumulate,0.017224670,0.017224704
9,93,receive_authenticate_accumulate,0.017228151,0.017228389
9,93,receive_authenticate_accumulate,0.017256262,0.017230296
9,93,receive_authenticate_accumulate,0.017230429,0.017230537
9,93,round_coverage,0.000003592,0.000003093
9,94,round_reset,0.000009055,0.000007722
9,94,receive_authenticate_accumulate,0.017228300,0.017228259
9,94,receive_authenticate_accumulate,0.017222041,0.017221982
9,94,receive_authenticate_accumulate,0.017214356,0.017214371
9,94,receive_authenticate_accumulate,0.017221652,0.017221685
9,94,receive_authenticate_accumulate,0.017254522,0.017232426
9,94,receive_authenticate_accumulate,0.017224170,0.017224260
9,94,receive_authenticate_accumulate,0.017226819,0.017226852
9,94,receive_authenticate_accumulate,0.017227282,0.017227185
9,94,receive_authenticate_accumulate,0.017228189,0.017228056
9,94,receive_authenticate_accumulate,0.017236634,0.017236611
9,94,receive_authenticate_accumulate,0.017230319,0.017230370
9,94,receive_authenticate_accumulate,0.017235541,0.017235370
9,94,receive_authenticate_accumulate,0.017239726,0.017239667
9,94,receive_authenticate_accumulate,0.017234004,0.017233981
9,94,receive_authenticate_accumulate,0.017230355,0.017230333
9,94,reading_commitment_and_shares,0.026207012,0.026207296
9,94,receive_authenticate_accumulate,0.017222022,0.017221963
9,94,receive_authenticate_accumulate,0.017230800,0.017230852
9,94,receive_authenticate_accumulate,0.017232004,0.017232000
9,94,receive_authenticate_accumulate,0.017280392,0.017256555
9,94,receive_authenticate_accumulate,0.017217912,0.017217908
9,94,round_coverage,0.000003666,0.000003222
9,95,round_reset,0.000008537,0.000007407
9,95,receive_authenticate_accumulate,0.017219634,0.017219574
9,95,receive_authenticate_accumulate,0.017222616,0.017222741
9,95,receive_authenticate_accumulate,0.017240986,0.017241037
9,95,receive_authenticate_accumulate,0.017220023,0.017220093
9,95,receive_authenticate_accumulate,0.017228893,0.017229074
9,95,receive_authenticate_accumulate,0.017219931,0.017219944
9,95,receive_authenticate_accumulate,0.017255375,0.017232056
9,95,receive_authenticate_accumulate,0.017214098,0.017213796
9,95,receive_authenticate_accumulate,0.017225375,0.017225315
9,95,receive_authenticate_accumulate,0.017229171,0.017229130
9,95,receive_authenticate_accumulate,0.017230727,0.017230703
9,95,receive_authenticate_accumulate,0.017228431,0.017228407
9,95,receive_authenticate_accumulate,0.017218616,0.017218555
9,95,receive_authenticate_accumulate,0.017228542,0.017228611
9,95,receive_authenticate_accumulate,0.017255727,0.017255852
9,95,reading_commitment_and_shares,0.026255272,0.026255686
9,95,receive_authenticate_accumulate,0.017283504,0.017251370
9,95,receive_authenticate_accumulate,0.017220505,0.017220500
9,95,receive_authenticate_accumulate,0.017217524,0.017217148
9,95,receive_authenticate_accumulate,0.017227616,0.017227667
9,95,receive_authenticate_accumulate,0.017262227,0.017239444
9,95,round_coverage,0.000003648,0.000003148
9,96,round_reset,0.000009241,0.000007852
9,96,receive_authenticate_accumulate,0.017229283,0.017229315
9,96,receive_authenticate_accumulate,0.017230635,0.017230760
9,96,receive_authenticate_accumulate,0.017231932,0.017231833
9,96,receive_authenticate_accumulate,0.017231024,0.017230870
9,96,receive_authenticate_accumulate,0.017291654,0.017268258
9,96,receive_authenticate_accumulate,0.017223894,0.017223722
9,96,receive_authenticate_accumulate,0.017225561,0.017225629
9,96,receive_authenticate_accumulate,0.017227783,0.017227833
9,96,receive_authenticate_accumulate,0.017221228,0.017221185
9,96,receive_authenticate_accumulate,0.017222839,0.017222815
9,96,receive_authenticate_accumulate,0.017227098,0.017227055
9,96,receive_authenticate_accumulate,0.017238950,0.017238888
9,96,receive_authenticate_accumulate,0.017224061,0.017224019
9,96,receive_authenticate_accumulate,0.017241895,0.017241908
9,96,receive_authenticate_accumulate,0.017225821,0.017225907
9,96,reading_commitment_and_shares,0.026209441,0.026209777
9,96,receive_authenticate_accumulate,0.017217876,0.017217833
9,96,receive_authenticate_accumulate,0.017222136,0.017222370
9,96,receive_authenticate_accumulate,0.017308820,0.017252870
9,96,receive_authenticate_accumulate,0.017244006,0.017244018
9,96,receive_authenticate_accumulate,0.017241228,0.017241185
9,96,round_coverage,0.000004240,0.000003760
9,97,round_reset,0.000009389,0.000008352
9,97,receive_authenticate_accumulate,0.017230562,0.017230481
9,97,receive_authenticate_accumulate,0.017228396,0.017228556
9,97,receive_authenticate_accumulate,0.017227877,0.017227833
9,97,receive_authenticate_accumulate,0.017227266,0.017227223
9,97,receive_authenticate_accumulate,0.017228488,0.017228611
9,97,receive_authenticate_accumulate,0.017226210,0.017226315
9,97,receive_authenticate_accumulate,0.017261136,0.017236851
9,97,receive_authenticate_accumulate,0.017224673,0.017224703
9,97,receive_authenticate_accumulate,0.017252488,0.017234296
9,97,receive_authenticate_accumulate,0.017228006,0.017228037
9,97,receive_authenticate_accumulate,0.017225988,0.017225926
9,97,receive_authenticate_accumulate,0.017230210,0.017230111
9,97,receive_authenticate_accumulate,0.017237044,0.017236981
9,97,receive_authenticate_accumulate,0.017228766,0.017228814
9,97,receive_authenticate_accumulate,0.017224729,0.017224629
9,97,reading_commitment_and_shares,0.026197275,0.026197333
9,97,receive_authenticate_accumulate,0.017221488,0.017221741
9,97,receive_authenticate_accumulate,0.017227210,0.017227203
9,97,receive_authenticate_accumulate,0.017225951,0.017226018
9,97,receive_authenticate_accumulate,0.017221229,0.017221259
9,97,receive_authenticate_accumulate,0.017220155,0.017220148
9,97,round_coverage,0.000003740,0.000003130
9,98,round_reset,0.000009334,0.000008259
9,98,receive_authenticate_accumulate,0.017221007,0.017221000
9,98,receive_authenticate_accumulate,0.017222877,0.017222741
9,98,receive_authenticate_accumulate,0.017223489,0.017223537
9,98,receive_authenticate_accumulate,0.017224803,0.017224740
9,98,receive_authenticate_accumulate,0.017222062,0.017221982
9,98,receive_authenticate_accumulate,0.017232785,0.017232833
9,98,receive_authenticate_accumulate,0.017323525,0.017254462
9,98,receive_authenticate_accumulate,0.017226599,0.017226463
9,98,receive_authenticate_accumulate,0.017219174,0.017219148
9,98,receive_authenticate_accumulate,0.017219063,0.017218963
9,98,receive_authenticate_accumulate,0.017215897,0.017216018
9,98,receive_authenticate_accumulate,0.017230508,0.017230611
9,98,receive_authenticate_accumulate,0.017227599,0.017227389
9,98,receive_authenticate_accumulate,0.017223730,0.017223648
9,98,receive_authenticate_accumulate,0.017230322,0.017230408
9,98,reading_commitment_and_shares,0.026235443,0.026235500
9,98,receive_authenticate_accumulate,0.017228470,0.017228537
9,98,receive_authenticate_accumulate,0.017228618,0.017228722
9,98,receive_authenticate_accumulate,0.017230267,0.017230666
9,98,receive_authenticate_accumulate,0.017276155,0.017247574
9,98,receive_authenticate_accumulate,0.017266933,0.017239649
9,98,round_coverage,0.000003851,0.000003333
9,99,round_reset,0.000009352,0.000008055
9,99,receive_authenticate_accumulate,0.017228637,0.017228203
9,99,receive_authenticate_accumulate,0.017249637,0.017249760
9,99,receive_authenticate_accumulate,0.017257026,0.017257315
9,99,receive_authenticate_accumulate,0.017230174,0.017230241
9,99,receive_authenticate_accumulate,0.017230953,0.017230852
9,99,receive_authenticate_accumulate,0.017232082,0.017232166
9,99,receive_authenticate_accumulate,0.017232323,0.017232389
9,99,receive_authenticate_accumulate,0.017237748,0.017237556
9,99,receive_authenticate_accumulate,0.017222619,0.017222648
9,99,receive_authenticate_accumulate,0.017258174,0.017240241
9,99,receive_authenticate_accumulate,0.017231452,0.017231518
9,99,receive_authenticate_accumulate,0.017235582,0.017235593
9,99,receive_authenticate_accumulate,0.017264767,0.017252037
9,99,receive_authenticate_accumulate,0.017232711,0.017232630
9,99,receive_authenticate_accumulate,0.017236193,0.017236241
9,99,reading_commitment_and_shares,0.026259258,0.026235296
9,99,receive_authenticate_accumulate,0.017231063,0.017231129
9,99,receive_authenticate_accumulate,0.017224101,0.017224259
9,99,receive_authenticate_accumulate,0.017230267,0.017230296
9,99,receive_authenticate_accumulate,0.017231786,0.017231944
9,99,receive_authenticate_accumulate,0.017273304,0.017249944
9,99,round_coverage,0.000003926,0.000003463
10,100,period_reset,0.000025000,0.000023518
10,100,receive_authenticate_accumulate,0.000094092,0.000093871
10,100,receive_authenticate_accumulate,0.000092184,0.000091315
10,100,receive_authenticate_accumulate,0.000092129,0.000091981
10,100,receive_authenticate_accumulate,0.000090443,0.000090167
10,100,receive_authenticate_accumulate,0.000089999,0.000089870
10,100,receive_authenticate_accumulate,0.000090203,0.000089333
10,100,receive_authenticate_accumulate,0.000088647,0.000088481
10,100,receive_authenticate_accumulate,0.000062684,0.000062574
10,100,receive_authenticate_accumulate,0.000061703,0.000061611
10,100,receive_authenticate_accumulate,0.000061574,0.000061518
10,100,receive_authenticate_accumulate,0.000061926,0.000061778
10,100,receive_authenticate_accumulate,0.000061203,0.000061000
10,100,receive_authenticate_accumulate,0.000061536,0.000061389
10,100,receive_authenticate_accumulate,0.000061925,0.000061778
10,100,receive_authenticate_accumulate,0.000061573,0.000061722
10,100,randomness_commit,0.000540458,0.000540222
10,100,receive_authenticate_accumulate,0.000061573,0.000061611
10,100,receive_authenticate_accumulate,0.000061259,0.000061093
10,100,receive_authenticate_accumulate,0.000061870,0.000061722
10,100,receive_authenticate_accumulate,0.000060999,0.000060889
10,100,receive_authenticate_accumulate,0.000061888,0.000061944
10,100,receive_authenticate_accumulate,0.000074592,0.000074426
10,100,receive_authenticate_accumulate,0.000074203,0.000074204
10,100,receive_authenticate_accumulate,0.000073814,0.000073648
10,100,receive_authenticate_accumulate,0.000074240,0.000074130
10,100,receive_authenticate_accumulate,0.000073258,0.000073074
10,100,receive_authenticate_accumulate,0.000074314,0.000074334
10,100,receive_authenticate_accumulate,0.000074296,0.000074278
10,100,receive_authenticate_accumulate,0.000073666,0.000073556
10,100,receive_authenticate_accumulate,0.000074777,0.000074667
10,100,receive_authenticate_accumulate,0.000074166,0.000074148
10,100,receive_authenticate_accumulate,0.000074554,0.000074481
10,100,receive_authenticate_accumulate,0.000075092,0.000075037
10,100,receive_authenticate_accumulate,0.000047166,0.000047111
10,100,receive_authenticate_accumulate,0.000046536,0.000046556
10,100,receive_authenticate_accumulate,0.000044444,0.000044407
10,100,randomness_reveal,0.000293034,0.000292852
10,100,receive_authenticate_accumulate,0.000046666,0.000046667
10,100,receive_authenticate_accumulate,0.000046777,0.000046666
10,100,receive_authenticate_accumulate,0.000045148,0.000045130
10,100,receive_authenticate_accumulate,0.000047704,0.000047704
10,100,receive_authenticate_accumulate,0.000047889,0.000047759
10,100,committee_selection,0.000082740,0.000082537
10,100,round_reset,0.000003797,0.000003296
10,100,receive_authenticate_accumulate,0.017224935,0.017225111
10,100,receive_authenticate_accumulate,0.017275711,0.017249203
10,100,receive_authenticate_accumulate,0.017227934,0.017228055
10,100,receive_authenticate_accumulate,0.017235712,0.017235760
10,100,receive_authenticate_accumulate,0.017247416,0.017247334
10,100,receive_authenticate_accumulate,0.017227175,0.017227259
10,100,receive_authenticate_accumulate,0.017268916,0.017244111
10,100,receive_authenticate_accumulate,0.017223471,0.017223592
10,100,receive_authenticate_accumulate,0.017240601,0.017240593
10,100,receive_authenticate_accumulate,0.017225787,0.017225833
10,100,receive_authenticate_accumulate,0.017230952,0.017231000
10,100,receive_authenticate_accumulate,0.017232157,0.017232204
10,100,receive_authenticate_accumulate,0.017224657,0.017224667
10,100,receive_authenticate_accumulate,0.017233342,0.017233555
10,100,receive_authenticate_accumulate,0.017225008,0.017225000
10,100,reading_commitment_and_shares,0.026218037,0.026218240
10,100,receive_authenticate_accumulate,0.017235175,0.017235074
10,100,receive_authenticate_accumulate,0.017278063,0.017244833
10,100,receive_authenticate_accumulate,0.017233435,0.017233037
10,100,receive_authenticate_accumulate,0.017263989,0.017263685
10,100,receive_authenticate_accumulate,0.017232064,0.017232093
10,100,round_coverage,0.000003759,0.000003185
10,101,round_reset,0.000009556,0.000008129
10,101,receive_authenticate_accumulate,0.017231268,0.017231370
10,101,receive_authenticate_accumulate,0.017235884,0.017235944
10,101,receive_authenticate_accumulate,0.017217496,0.017217536
10,101,receive_authenticate_accumulate,0.017250638,0.017223444
10,101,receive_authenticate_accumulate,0.017218398,0.017218796
10,101,receive_authenticate_accumulate,0.017225787,0.017226185
10,101,receive_authenticate_accumulate,0.017218232,0.017218852
10,101,receive_authenticate_accumulate,0.017218509,0.017219037
10,101,receive_authenticate_accumulate,0.017236010,0.017236407
10,101,receive_authenticate_accumulate,0.017225936,0.017226259
10,101,receive_authenticate_accumulate,0.017228991,0.017229371
10,101,receive_authenticate_accumulate,0.017214419,0.017214908
10,101,receive_authenticate_accumulate,0.017218289,0.017218611
10,101,receive_authenticate_accumulate,0.017227512,0.017227852
10,101,receive_authenticate_accumulate,0.017228641,0.017228925
10,101,reading_commitment_and_shares,0.026208208,0.026209000
10,101,receive_authenticate_accumulate,0.017254362,0.017239981
10,101,receive_authenticate_accumulate,0.017265270,0.017240445
10,101,receive_authenticate_accumulate,0.017228660,0.017229203
10,101,receive_authenticate_accumulate,0.017225976,0.017226500
10,101,receive_authenticate_accumulate,0.017235734,0.017236203
10,101,round_coverage,0.000003796,0.000003315
10,102,round_reset,0.000009722,0.000008685
10,102,receive_authenticate_accumulate,0.017229195,0.017229499
10,102,receive_authenticate_accumulate,0.017272527,0.017255111
10,102,receive_authenticate_accumulate,0.017272972,0.017245777
10,102,receive_authenticate_accumulate,0.017222381,0.017222815
10,102,receive_authenticate_accumulate,0.017223733,0.017224018
10,102,receive_authenticate_accumulate,0.017215326,0.017215667
10,102,receive_authenticate_accumulate,0.017227678,0.017228036
10,102,receive_authenticate_accumulate,0.017229752,0.017230130
10,102,receive_authenticate_accumulate,0.017227291,0.017227537
10,102,receive_authenticate_accumulate,0.017279158,0.017240315
10,102,receive_authenticate_accumulate,0.017227457,0.017227796
10,102,receive_authenticate_accumulate,0.017226828,0.017227222
10,102,receive_authenticate_accumulate,0.017378138,0.017283852
10,102,receive_authenticate_accumulate,0.017220199,0.017220629
10,102,receive_authenticate_accumulate,0.017222643,0.017223037
10,102,reading_commitment_and_shares,0.026201610,0.026202574
10,102,receive_authenticate_accumulate,0.017270013,0.017244148
10,102,receive_authenticate_accumulate,0.017227052,0.017227481
10,102,receive_authenticate_accumulate,0.017226404,0.017226926
10,102,receive_authenticate_accumulate,0.017227571,0.017227945
10,102,receive_authenticate_accumulate,0.017230015,0.017230481
10,102,round_coverage,0.000003611,0.000003111
10,103,round_reset,0.000009778,0.000008445
10,103,receive_authenticate_accumulate,0.017226418,0.017226686
10,103,receive_authenticate_accumulate,0.017222419,0.017222796
10,103,receive_authenticate_accumulate,0.017222660,0.017223074
10,103,receive_authenticate_accumulate,0.017252827,0.017236537
10,103,receive_authenticate_accumulate,0.017258233,0.017231611
10,103,receive_authenticate_accumulate,0.017226475,0.017226926
10,103,receive_authenticate_accumulate,0.017224216,0.017224407
10,103,receive_authenticate_accumulate,0.017231901,0.017232333
10,103,receive_authenticate_accumulate,0.017219070,0.017219371
10,103,receive_authenticate_accumulate,0.017235940,0.017236389
10,103,receive_authenticate_accumulate,0.017221366,0.017221797
10,103,receive_authenticate_accumulate,0.017219681,0.017220000
10,103,receive_authenticate_accumulate,0.017217330,0.017217593
10,103,receive_authenticate_accumulate,0.017221478,0.017221611
10,103,receive_authenticate_accumulate,0.017228163,0.017228463
10,103,reading_commitment_and_shares,0.026211011,0.026211500
10,103,receive_authenticate_accumulate,0.017242552,0.017242926
10,103,receive_authenticate_accumulate,0.017282384,0.017257407
10,103,receive_authenticate_accumulate,0.017223423,0.017223611
10,103,receive_authenticate_accumulate,0.017225942,0.017226463
10,103,receive_authenticate_accumulate,0.017266459,0.017239758
10,103,round_coverage,0.000003778,0.000003203
10,104,round_reset,0.000009333,0.000008185
10,104,receive_authenticate_accumulate,0.017219419,0.017219722
10,104,receive_authenticate_accumulate,0.017226252,0.017226500
10,104,receive_authenticate_accumulate,0.017234511,0.017234889
10,104,receive_authenticate_accumulate,0.017221179,0.017221611
10,104,receive_authenticate_accumulate,0.017230586,0.017230908
10,104,receive_authenticate_accumulate,0.017309992,0.017251574
10,104,receive_authenticate_accumulate,0.017235550,0.017235833
10,104,receive_authenticate_accumulate,0.017227661,0.017228019
10,104,receive_authenticate_accumulate,0.017222329,0.017222629
10,104,receive_authenticate_accumulate,0.017224569,0.017225019
10,104,receive_authenticate_accumulate,0.017222569,0.017223074
10,104,receive_authenticate_accumulate,0.017222793,0.017223000
10,104,receive_authenticate_accumulate,0.017228403,0.017228722
10,104,receive_authenticate_accumulate,0.017233830,0.017234222
10,104,receive_authenticate_accumulate,0.017228626,0.017229037
10,104,reading_commitment_and_shares,0.026209039,0.026209703
10,104,receive_authenticate_accumulate,0.017223274,0.017223667
10,104,receive_authenticate_accumulate,0.017217812,0.017218166
10,104,receive_authenticate_accumulate,0.017218627,0.017218797
10,104,receive_authenticate_accumulate,0.017287347,0.017262926
10,104,receive_authenticate_accumulate,0.017216331,0.017216686
10,104,round_coverage,0.000003926,0.000003315
10,105,round_reset,0.000009277,0.000008148
10,105,receive_authenticate_accumulate,0.017223696,0.017224019
10,105,receive_authenticate_accumulate,0.017219123,0.017219574
10,105,receive_authenticate_accumulate,0.017225048,0.017225388
10,105,receive_authenticate_accumulate,0.017220807,0.017221166
10,105,receive_authenticate_accumulate,0.017220956,0.017221203
10,105,receive_authenticate_accumulate,0.017228475,0.017228944
10,105,receive_authenticate_accumulate,0.017226808,0.017227166
10,105,receive_authenticate_accumulate,0.017223605,0.017223889
10,105,receive_authenticate_accumulate,0.017225494,0.017225889
10,105,receive_authenticate_accumulate,0.017264586,0.017237111
10,105,receive_authenticate_accumulate,0.017225457,0.017225685
10,105,receive_authenticate_accumulate,0.017223198,0.017223463
10,105,receive_authenticate_accumulate,0.017262086,0.017245148
10,105,receive_authenticate_accumulate,0.017227977,0.017228444
10,105,receive_authenticate_accumulate,0.017231088,0.017231462
10,105,reading_commitment_and_shares,0.026208806,0.026209407
10,105,receive_authenticate_accumulate,0.017217125,0.017217482
10,105,receive_authenticate_accumulate,0.017225144,0.017225574
10,105,receive_authenticate_accumulate,0.017236496,0.017236908
10,105,receive_authenticate_accumulate,0.017231774,0.017232167
10,105,receive_authenticate_accumulate,0.017231551,0.017231852
10,105,round_coverage,0.000003537,0.000003056
10,106,round_reset,0.000008870,0.000007685
10,106,receive_authenticate_accumulate,0.017219305,0.017219592
10,106,receive_authenticate_accumulate,0.017214658,0.017215241
10,106,receive_authenticate_accumulate,0.017224712,0.017224981
10,106,receive_authenticate_accumulate,0.017228416,0.017228445
10,106,receive_authenticate_accumulate,0.017285452,0.017244777
10,106,receive_authenticate_accumulate,0.017217861,0.017218148
10,106,receive_authenticate_accumulate,0.017232084,0.017232352
10,106,receive_authenticate_accumulate,0.017223511,0.017223778
10,106,receive_authenticate_accumulate,0.017259362,0.017231111
10,106,receive_authenticate_accumulate,0.017220029,0.017220500
10,106,receive_authenticate_accumulate,0.017233381,0.017233704
10,106,receive_authenticate_accumulate,0.017226141,0.017226463
10,106,receive_authenticate_accumulate,0.017224049,0.017224315
10,106,receive_authenticate_accumulate,0.017229530,0.017230019
10,106,receive_authenticate_accumulate,0.017232937,0.017233370
10,106,reading_commitment_and_shares,0.026251756,0.026223185
10,106,receive_authenticate_accumulate,0.017235141,0.017235611
10,106,receive_authenticate_accumulate,0.017229345,0.017229852
10,106,receive_authenticate_accumulate,0.017216771,0.017217148
10,106,receive_authenticate_accumulate,0.017225494,0.017225759
10,106,receive_authenticate_accumulate,0.017224680,0.017224852
10,106,round_coverage,0.000003481,0.000002907
10,107,round_reset,0.000009296,0.000007944
10,107,receive_authenticate_accumulate,0.017259968,0.017236684
10,107,receive_authenticate_accumulate,0.017243987,0.017244518
10,107,receive_authenticate_accumulate,0.017232747,0.017233111
10,107,receive_authenticate_accumulate,0.017229155,0.017229388
10,107,receive_authenticate_accumulate,0.017233488,0.017233740
10,107,receive_authenticate_accumulate,0.017228951,0.017229278
10,107,receive_authenticate_accumulate,0.017232877,0.017233241
10,107,receive_authenticate_accumulate,0.017234322,0.017234611
10,107,receive_authenticate_accumulate,0.017237081,0.017237445
10,107,receive_authenticate_accumulate,0.017220582,0.017220851
10,107,receive_authenticate_accumulate,0.017220859,0.017221093
10,107,receive_authenticate_accumulate,0.017265396,0.017238203
10,107,receive_authenticate_accumulate,0.017238360,0.017238555
10,107,receive_authenticate_accumulate,0.017230101,0.017230445
10,107,receive_authenticate_accumulate,0.017272026,0.017244517
10,107,reading_commitment_and_shares,0.026201262,0.026201852
10,107,receive_authenticate_accumulate,0.017234416,0.017234797
10,107,receive_authenticate_accumulate,0.017226398,0.017226833
10,107,receive_authenticate_accumulate,0.017221343,0.017221703
10,107,receive_authenticate_accumulate,0.017224992,0.017225371
10,107,receive_authenticate_accumulate,0.017223010,0.017223407
10,107,round_coverage,0.000003908,0.000003333
10,108,round_reset,0.000044721,0.000030723
10,108,receive_authenticate_accumulate,0.017222317,0.017222611
10,108,receive_authenticate_accumulate,0.017238410,0.017238592
10,108,receive_authenticate_accumulate,0.017222169,0.017222666
10,108,receive_authenticate_accumulate,0.017230225,0.017230482
10,108,receive_authenticate_accumulate,0.017228614,0.017229056
10,108,receive_authenticate_accumulate,0.017236725,0.017237018
10,108,receive_authenticate_accumulate,0.017235114,0.017235389
10,108,receive_authenticate_accumulate,0.017234411,0.017234759
10,108,receive_authenticate_accumulate,0.017232578,0.017232945
10,108,receive_authenticate_accumulate,0.017226096,0.017226519
10,108,receive_authenticate_accumulate,0.017223930,0.017224426
10,108,receive_authenticate_accumulate,0.017256855,0.017234463
10,108,receive_authenticate_accumulate,0.019180119,0.019100018
10,108,receive_authenticate_accumulate,0.017230819,0.017230926
10,108,receive_authenticate_accumulate,0.017226301,0.017226630
10,108,reading_commitment_and_shares,0.026248376,0.026231574
10,108,receive_authenticate_accumulate,0.017266912,0.017240778
10,108,receive_authenticate_accumulate,0.017276393,0.017234816
10,108,receive_authenticate_accumulate,0.017230968,0.017231389
10,108,receive_authenticate_accumulate,0.017237320,0.017237852
10,108,receive_authenticate_accumulate,0.017227783,0.017228241
10,108,round_coverage,0.000004000,0.000003482
10,109,round_reset,0.000008963,0.000007796
10,109,receive_authenticate_accumulate,0.017223886,0.017224241
10,109,receive_authenticate_accumulate,0.017267071,0.017232630
10,109,receive_authenticate_accumulate,0.017230053,0.017230388
10,109,receive_authenticate_accumulate,0.017232146,0.017232334
10,109,receive_authenticate_accumulate,0.017223017,0.017223334
10,109,receive_authenticate_accumulate,0.017232184,0.017232481
10,109,receive_authenticate_accumulate,0.017243739,0.017243926
10,109,receive_authenticate_accumulate,0.017225129,0.017225444
10,109,receive_authenticate_accumulate,0.017244610,0.017244704
10,109,receive_authenticate_accumulate,0.017226277,0.017226686
10,109,receive_authenticate_accumulate,0.017231851,0.017232241
10,109,receive_authenticate_accumulate,0.017232092,0.017232241
10,109,receive_authenticate_accumulate,0.017227740,0.017228018
10,109,receive_authenticate_accumulate,0.017226185,0.017226574
10,109,receive_authenticate_accumulate,0.017232185,0.017232667
10,109,reading_commitment_and_shares,0.026197528,0.026198148
10,109,receive_authenticate_accumulate,0.017242797,0.017243203
10,109,receive_authenticate_accumulate,0.017268574,0.017244110
10,109,receive_authenticate_accumulate,0.017231112,0.017231370
10,109,receive_authenticate_accumulate,0.017230926,0.017231334
10,109,receive_authenticate_accumulate,0.017228889,0.017229260
10,109,round_coverage,0.000003574,0.000003074
11,110,period_reset,0.000025703,0.000024500
11,110,receive_authenticate_accumulate,0.000094368,0.000094148
11,110,receive_authenticate_accumulate,0.000092256,0.000092407
11,110,receive_authenticate_accumulate,0.000090627,0.000090481
11,110,receive_authenticate_accumulate,0.000090553,0.000090407
11,110,receive_authenticate_accumulate,0.000093368,0.000093111
11,110,receive_authenticate_accumulate,0.000090257,0.000090092
11,110,receive_authenticate_accumulate,0.000090776,0.000120407
11,110,receive_authenticate_accumulate,0.000093998,0.000093741
11,110,receive_authenticate_accumulate,0.000070683,0.000070667
11,110,receive_authenticate_accumulate,0.000067999,0.000067871
11,110,receive_authenticate_accumulate,0.000069721,0.000069463
11,110,receive_authenticate_accumulate,0.000090757,0.000090629
11,110,receive_authenticate_accumulate,0.000069646,0.000069500
11,110,receive_authenticate_accumulate,0.000069128,0.000069074
11,110,receive_authenticate_accumulate,0.000068128,0.000068167
11,110,randomness_commit,0.000610558,0.000610407
11,110,receive_authenticate_accumulate,0.000067702,0.000067722
11,110,receive_authenticate_accumulate,0.000067591,0.000067537
11,110,receive_authenticate_accumulate,0.000089868,0.000089907
11,110,receive_authenticate_accumulate,0.000066203,0.000066111
11,110,receive_authenticate_accumulate,0.000065406,0.000065204
11,110,receive_authenticate_accumulate,0.000080868,0.000080814
11,110,receive_authenticate_accumulate,0.000081017,0.000081092
11,110,receive_authenticate_accumulate,0.000077220,0.000077056
11,110,receive_authenticate_accumulate,0.000077147,0.000077074
11,110,receive_authenticate_accumulate,0.000077961,0.000077796
11,110,receive_authenticate_accumulate,0.000078683,0.000078685
11,110,receive_authenticate_accumulate,0.000078109,0.000078018
11,110,receive_authenticate_accumulate,0.000076886,0.000076944
11,110,receive_authenticate_accumulate,0.000076720,0.000076833
11,110,receive_authenticate_accumulate,0.000064906,0.000064834
11,110,receive_authenticate_accumulate,0.000065480,0.000065463
11,110,receive_authenticate_accumulate,0.000065925,0.000065889
11,110,receive_authenticate_accumulate,0.000063850,0.000063630
11,110,receive_authenticate_accumulate,0.000065239,0.000065167
11,110,receive_authenticate_accumulate,0.000064832,0.000064796
11,110,randomness_reveal,0.000444451,0.000444130
11,110,receive_authenticate_accumulate,0.000064202,0.000064222
11,110,receive_authenticate_accumulate,0.000063479,0.000063444
11,110,receive_authenticate_accumulate,0.000063314,0.000063351
11,110,receive_authenticate_accumulate,0.000064979,0.000065000
11,110,receive_authenticate_accumulate,0.000064962,0.000064944
11,110,committee_selection,0.000122275,0.000122018
11,110,round_reset,0.000006148,0.000005371
11,110,receive_authenticate_accumulate,0.017220845,0.017221241
11,110,receive_authenticate_accumulate,0.000051591,0.000051500
11,110,receive_authenticate_accumulate,0.017254880,0.017231427
11,110,receive_authenticate_accumulate,0.000050924,0.000050852
11,110,receive_authenticate_accumulate,0.017222585,0.017222925
11,110,receive_authenticate_accumulate,0.000052221,0.000052166
11,110,receive_authenticate_accumulate,0.017226419,0.017226722
11,110,receive_authenticate_accumulate,0.000051628,0.000051556
11,110,receive_authenticate_accumulate,0.017222901,0.017223223
11,110,receive_authenticate_accumulate,0.000050462,0.000050371
11,110,receive_authenticate_accumulate,0.017227808,0.017227852
11,110,receive_authenticate_accumulate,0.000051388,0.000051389
11,110,receive_authenticate_accumulate,0.017226197,0.017226593
11,110,receive_authenticate_accumulate,0.000049980,0.000050000
11,110,receive_authenticate_accumulate,0.017224235,0.017224537
11,110,receive_authenticate_accumulate,0.000050961,0.000050981
11,110,receive_authenticate_accumulate,0.017217364,0.017217666
11,110,receive_authenticate_accumulate,0.000050888,0.000050889
11,110,receive_authenticate_accumulate,0.017230438,0.017230907
11,110,receive_authenticate_accumulate,0.000050313,0.000050296
11,110,receive_authenticate_accumulate,0.017233031,0.017233333
11,110,receive_authenticate_accumulate,0.000052350,0.000052352
11,110,receive_authenticate_accumulate,0.017237679,0.017238130
11,110,receive_authenticate_accumulate,0.000051665,0.000051629
11,110,receive_authenticate_accumulate,0.017271679,0.017254001
11,110,receive_authenticate_accumulate,0.000054480,0.000054426
11,110,receive_authenticate_accumulate,0.017231143,0.017231407
11,110,receive_authenticate_accumulate,0.000053462,0.000053481
11,110,receive_authenticate_accumulate,0.017229994,0.017230259
11,110,receive_authenticate_accumulate,0.000053184,0.000053019
11,110,reading_commitment_and_shares,0.026193270,0.026193981
11,110,receive_authenticate_accumulate,0.017241105,0.017231167
11,110,receive_authenticate_accumulate,0.000053424,0.000053445
11,110,receive_authenticate_accumulate,0.017229495,0.017229740
11,110,receive_authenticate_accumulate,0.000051944,0.000051852
11,110,receive_authenticate_accumulate,0.017255883,0.017242851
11,110,receive_authenticate_accumulate,0.000053962,0.000053944
11,110,receive_authenticate_accumulate,0.017225625,0.017226000
11,110,receive_authenticate_accumulate,0.000052221,0.000052278
11,110,receive_authenticate_accumulate,0.017217866,0.017218222
11,110,receive_authenticate_accumulate,0.000051869,0.000051852
11,110,round_coverage,0.000003426,0.000002926
11,110,spatial_report,0.000039221,0.000039149
11,111,round_reset,0.000009166,0.000008074
11,111,receive_authenticate_accumulate,0.017233801,0.017234112
11,111,receive_authenticate_accumulate,0.000054146,0.000054167
11,111,receive_authenticate_accumulate,0.017234726,0.017234926
11,111,receive_authenticate_accumulate,0.000053777,0.000053815
11,111,receive_authenticate_accumulate,0.017235097,0.017235371
11,111,receive_authenticate_accumulate,0.000052388,0.000052351
11,111,receive_authenticate_accumulate,0.017233394,0.017233740
11,111,receive_authenticate_accumulate,0.000055481,0.000055518
11,111,receive_authenticate_accumulate,0.017224153,0.017224426
11,111,receive_authenticate_accumulate,0.000052351,0.000052333
11,111,receive_authenticate_accumulate,0.017229801,0.017230167
11,111,receive_authenticate_accumulate,0.000053721,0.000053741
11,111,receive_authenticate_accumulate,0.017227747,0.017228167
11,111,receive_authenticate_accumulate,0.000052665,0.000052778
11,111,receive_authenticate_accumulate,0.017220413,0.017220777
11,111,receive_authenticate_accumulate,0.000053518,0.000053408
11,111,receive_authenticate_accumulate,0.017228265,0.017228462
11,111,receive_authenticate_accumulate,0.000052776,0.000052704
11,111,receive_authenticate_accumulate,0.017228932,0.017229222
11,111,receive_authenticate_accumulate,0.000053591,0.000053574
11,111,receive_authenticate_accumulate,0.017235339,0.017235648
11,111,receive_authenticate_accumulate,0.000051666,0.000051667
11,111,receive_authenticate_accumulate,0.017224266,0.017224519
11,111,receive_authenticate_accumulate,0.000053739,0.000053556
11,111,receive_authenticate_accumulate,0.017269358,0.017247741
11,111,receive_authenticate_accumulate,0.000074924,0.000074741
11,111,receive_authenticate_accumulate,0.017262765,0.017248297
11,111,receive_authenticate_accumulate,0.000053147,0.000052944
11,111,receive_authenticate_accumulate,0.017234859,0.017235148
11,111,receive_authenticate_accumulate,0.000051295,0.000051185
11,111,reading_commitment_and_shares,0.026204770,0.026205648
11,111,receive_authenticate_accumulate,0.017241822,0.017242296
11,111,receive_authenticate_accumulate,0.000054165,0.000054092
11,111,receive_authenticate_accumulate,0.017230970,0.017231222
11,111,receive_authenticate_accumulate,0.000054461,0.000054370
11,111,receive_authenticate_accumulate,0.017223266,0.017223777
11,111,receive_authenticate_accumulate,0.000053461,0.000053389
11,111,receive_authenticate_accumulate,0.017231785,0.017232185
11,111,receive_authenticate_accumulate,0.000052665,0.000052648
11,111,receive_authenticate_accumulate,0.017234674,0.017235056
11,111,receive_authenticate_accumulate,0.000052407,0.000052352
11,111,round_coverage,0.000003481,0.000002944
11,111,spatial_report,0.000038128,0.000037945
11,112,round_reset,0.000009352,0.000008334
11,112,receive_authenticate_accumulate,0.017224072,0.017224463
11,112,receive_authenticate_accumulate,0.000054535,0.000054519
11,112,receive_authenticate_accumulate,0.017231405,0.017231537
11,112,receive_authenticate_accumulate,0.000054666,0.000054629
11,112,receive_authenticate_accumulate,0.017225258,0.017225537
11,112,receive_authenticate_accumulate,0.000052906,0.000052833
11,112,receive_authenticate_accumulate,0.017230758,0.017231019
11,112,receive_authenticate_accumulate,0.000054147,0.000054130
11,112,receive_authenticate_accumulate,0.017230647,0.017230963
11,112,receive_authenticate_accumulate,0.000053535,0.000053574
11,112,receive_authenticate_accumulate,0.017234461,0.017234630
11,112,receive_authenticate_accumulate,0.000054073,0.000053945
11,112,receive_authenticate_accumulate,0.017234183,0.017234537
11,112,receive_authenticate_accumulate,0.000053351,0.000053259
11,112,receive_authenticate_accumulate,0.017232591,0.017232926
11,112,receive_authenticate_accumulate,0.000053258,0.000053222
11,112,receive_authenticate_accumulate,0.017253332,0.017237500
11,112,receive_authenticate_accumulate,0.000054258,0.000054334
11,112,receive_authenticate_accumulate,0.017229370,0.017229796
11,112,receive_authenticate_accumulate,0.000052017,0.000051926
11,112,receive_authenticate_accumulate,0.017230963,0.017230537
11,112,receive_authenticate_accumulate,0.000052609,0.000052555
11,112,receive_authenticate_accumulate,0.017232907,0.017233259
11,112,receive_authenticate_accumulate,0.000052424,0.000052463
11,112,receive_authenticate_accumulate,0.017225407,0.017225778
11,112,receive_authenticate_accumulate,0.000076017,0.000075963
11,112,receive_authenticate_accumulate,0.017223963,0.017224296
11,112,receive_authenticate_accumulate,0.000052776,0.000052760
11,112,receive_authenticate_accumulate,0.017232444,0.017232778
11,112,receive_authenticate_accumulate,0.000053610,0.000053629
11,112,reading_commitment_and_shares,0.026230620,0.026231314
11,112,receive_authenticate_accumulate,0.017234352,0.017234760
11,112,receive_authenticate_accumulate,0.000051406,0.000051426
11,112,receive_authenticate_accumulate,0.017235092,0.017235463
11,112,receive_authenticate_accumulate,0.000053887,0.000053777
11,112,receive_authenticate_accumulate,0.017227889,0.017228278
11,112,receive_authenticate_accumulate,0.000051758,0.000051815
11,112,receive_authenticate_accumulate,0.017254296,0.017241444
11,112,receive_authenticate_accumulate,0.000052110,0.000052074
11,112,receive_authenticate_accumulate,0.017238278,0.017238871
11,112,receive_authenticate_accumulate,0.000054258,0.000054296
11,112,round_coverage,0.000003611,0.000003167
11,112,spatial_report,0.000038610,0.000038407
11,113,round_reset,0.000009944,0.000008723
11,113,receive_authenticate_accumulate,0.017234565,0.017234814
11,113,receive_authenticate_accumulate,0.000051888,0.000051685
11,113,receive_authenticate_accumulate,0.017233786,0.017233963
11,113,receive_authenticate_accumulate,0.000054128,0.000054092
11,113,receive_authenticate_accumulate,0.017231194,0.017231296
11,113,receive_authenticate_accumulate,0.000054850,0.000054722
11,113,receive_authenticate_accumulate,0.017227435,0.017227407
11,113,receive_authenticate_accumulate,0.000052036,0.000051908
11,113,receive_authenticate_accumulate,0.017225991,0.017226037
11,113,receive_authenticate_accumulate,0.000052869,0.000052796
11,113,receive_authenticate_accumulate,0.017232842,0.017233148
11,113,receive_authenticate_accumulate,0.000053684,0.000053629
11,113,receive_authenticate_accumulate,0.017225121,0.017225481
11,113,receive_authenticate_accumulate,0.000053924,0.000053945
11,113,receive_authenticate_accumulate,0.017224695,0.017224833
11,113,receive_authenticate_accumulate,0.000052221,0.000052167
11,113,receive_authenticate_accumulate,0.017262102,0.017252925
11,113,receive_authenticate_accumulate,0.000052999,0.000052760
11,113,receive_authenticate_accumulate,0.017260750,0.017233814
11,113,receive_authenticate_accumulate,0.000052110,0.000052111
11,113,receive_authenticate_accumulate,0.017230325,0.017230519
11,113,receive_authenticate_accumulate,0.000065980,0.000066037
11,113,receive_authenticate_accumulate,0.017242658,0.017242815
11,113,receive_authenticate_accumulate,0.000052258,0.000052370
11,113,receive_authenticate_accumulate,0.017226659,0.017227037
11,113,receive_authenticate_accumulate,0.000076646,0.000076500
11,113,receive_authenticate_accumulate,0.017223251,0.017223500
11,113,receive_authenticate_accumulate,0.000051739,0.000051723
11,113,receive_authenticate_accumulate,0.017224085,0.017224426
11,113,receive_authenticate_accumulate,0.000054350,0.000054444
11,113,reading_commitment_and_shares,0.026191601,0.026192352
11,113,receive_authenticate_accumulate,0.017232085,0.017232315
11,113,receive_authenticate_accumulate,0.000052813,0.000052833
11,113,receive_authenticate_accumulate,0.017223992,0.017224297
11,113,receive_authenticate_accumulate,0.000052554,0.000052556
11,113,receive_authenticate_accumulate,0.017229197,0.017229463
11,113,receive_authenticate_accumulate,0.000052443,0.000052389
11,113,receive_authenticate_accumulate,0.017233159,0.017233537
11,113,receive_authenticate_accumulate,0.000053073,0.000053000
11,113,receive_authenticate_accumulate,0.017226308,0.017226611
11,113,receive_authenticate_accumulate,0.000053740,0.000053722
11,113,round_coverage,0.000003407,0.000003000
11,113,spatial_report,0.000038795,0.000038500
11,114,round_reset,0.000009648,0.000008389
11,114,receive_authenticate_accumulate,0.017224372,0.017224704
11,114,receive_authenticate_accumulate,0.000054647,0.000054537
11,114,receive_authenticate_accumulate,0.017234520,0.017234796
11,114,receive_authenticate_accumulate,0.000053091,0.000053130
11,114,receive_authenticate_accumulate,0.017226723,0.017227037
11,114,receive_authenticate_accumulate,0.000052721,0.000052722
11,114,receive_authenticate_accumulate,0.017286704,0.017241055
11,114,receive_authenticate_accumulate,0.000054388,0.000054185
11,114,receive_authenticate_accumulate,0.017221057,0.017221407
11,114,receive_authenticate_accumulate,0.000052055,0.000052037
11,114,receive_authenticate_accumulate,0.017234854,0.017235241
11,114,receive_authenticate_accumulate,0.000052350,0.000052389
11,114,receive_authenticate_accumulate,0.017232946,0.017233074
11,114,receive_authenticate_accumulate,0.000052980,0.000053018
11,114,receive_authenticate_accumulate,0.017232205,0.017232611
11,114,receive_authenticate_accumulate,0.000052388,0.000052167
11,114,receive_authenticate_accumulate,0.017291112,0.017280445
11,114,receive_authenticate_accumulate,0.000051295,0.000051408
11,114,receive_authenticate_accumulate,0.017225687,0.017225945
11,114,receive_authenticate_accumulate,0.000051888,0.000051519
11,114,receive_authenticate_accumulate,0.017235428,0.017235593
11,114,receive_authenticate_accumulate,0.000052980,0.000052852
11,114,receive_authenticate_accumulate,0.017275946,0.017250296
11,114,receive_authenticate_accumulate,0.000052628,0.000052388
11,114,receive_authenticate_accumulate,0.017224335,0.017224537
11,114,receive_authenticate_accumulate,0.000054462,0.000054333
11,114,receive_authenticate_accumulate,0.017251150,0.017240741
11,114,receive_authenticate_accumulate,0.000054555,0.000054352
11,114,receive_authenticate_accumulate,0.017237484,0.017237666
11,114,receive_authenticate_accumulate,0.000052906,0.000052833
11,114,reading_commitment_and_shares,0.026199617,0.026200389
11,114,receive_authenticate_accumulate,0.017268965,0.017244685
11,114,receive_authenticate_accumulate,0.000053925,0.000054018
11,114,receive_authenticate_accumulate,0.017223077,0.017223352
11,114,receive_authenticate_accumulate,0.000053277,0.000053166
11,114,receive_authenticate_accumulate,0.017225170,0.017225240
11,114,receive_authenticate_accumulate,0.000054018,0.000053852
11,114,receive_authenticate_accumulate,0.017249317,0.017239277
11,114,receive_authenticate_accumulate,0.000051628,0.000051648
11,114,receive_authenticate_accumulate,0.017237374,0.017237574
11,114,receive_authenticate_accumulate,0.000052610,0.000052630
11,114,round_coverage,0.000003629,0.000003130
11,114,spatial_report,0.000039647,0.000039500
11,115,round_reset,0.000009222,0.000007908
11,115,receive_authenticate_accumulate,0.017228085,0.017228241
11,115,receive_authenticate_accumulate,0.000051832,0.000051777
11,115,receive_authenticate_accumulate,0.017270566,0.017244112
11,115,receive_authenticate_accumulate,0.000055462,0.000055463
11,115,receive_authenticate_accumulate,0.017228770,0.017229037
11,115,receive_authenticate_accumulate,0.000053721,0.000053648
11,115,receive_authenticate_accumulate,0.017229603,0.017229871
11,115,receive_authenticate_accumulate,0.000053592,0.000053500
11,115,receive_authenticate_accumulate,0.017222548,0.017222815
11,115,receive_authenticate_accumulate,0.000053258,0.000053259
11,115,receive_authenticate_accumulate,0.017227715,0.017227889
11,115,receive_authenticate_accumulate,0.000052573,0.000052481
11,115,receive_authenticate_accumulate,0.017230178,0.017230518
11,115,receive_authenticate_accumulate,0.000053370,0.000053315
11,115,receive_authenticate_accumulate,0.017234011,0.017234352
11,115,receive_authenticate_accumulate,0.000053128,0.000053093
11,115,receive_authenticate_accumulate,0.017219049,0.017219370
11,115,receive_authenticate_accumulate,0.000050388,0.000050463
11,115,receive_authenticate_accumulate,0.017276066,0.017242925
11,115,receive_authenticate_accumulate,0.000052184,0.000052130
11,115,receive_authenticate_accumulate,0.017228753,0.017229074
11,115,receive_authenticate_accumulate,0.000051943,0.000051963
11,115,receive_authenticate_accumulate,0.017230697,0.017231130
11,115,receive_authenticate_accumulate,0.000053351,0.000053334
11,115,receive_authenticate_accumulate,0.017221994,0.017221926
11,115,receive_authenticate_accumulate,0.000074665,0.000074296
11,115,receive_authenticate_accumulate,0.017230568,0.017230740
11,115,receive_authenticate_accumulate,0.000052832,0.000052796
11,115,receive_authenticate_accumulate,0.017228234,0.017228574
11,115,receive_authenticate_accumulate,0.000056647,0.000056630
11,115,reading_commitment_and_shares,0.026213982,0.026214777
11,115,receive_authenticate_accumulate,0.017226402,0.017226611
11,115,receive_authenticate_accumulate,0.000050962,0.000050945
11,115,receive_authenticate_accumulate,0.017261141,0.017235999
11,115,receive_authenticate_accumulate,0.000052666,0.000052611
11,115,receive_authenticate_accumulate,0.017221494,0.017221796
11,115,receive_authenticate_accumulate,0.000052258,0.000052222
11,115,receive_authenticate_accumulate,0.017239401,0.017229259
11,115,receive_authenticate_accumulate,0.000054092,0.000054018
11,115,receive_authenticate_accumulate,0.017263030,0.017244056
11,115,receive_authenticate_accumulate,0.000053740,0.000053555
11,115,round_coverage,0.000003537,0.000003111
11,115,spatial_report,0.000040499,0.000040259
11,116,round_reset,0.000009370,0.000008074
11,116,receive_authenticate_accumulate,0.017228113,0.017228481
11,116,receive_authenticate_accumulate,0.000051833,0.000051815
11,116,receive_authenticate_accumulate,0.017229965,0.017230241
11,116,receive_authenticate_accumulate,0.000052110,0.000052074
11,116,receive_authenticate_accumulate,0.017265612,0.017239741
11,116,receive_authenticate_accumulate,0.000052055,0.000052037
11,116,receive_authenticate_accumulate,0.017228058,0.017228445
11,116,receive_authenticate_accumulate,0.000054277,0.000054111
11,116,receive_authenticate_accumulate,0.017240575,0.017240648
11,116,receive_authenticate_accumulate,0.000054999,0.000054981
11,116,receive_authenticate_accumulate,0.017226039,0.017226223
11,116,receive_authenticate_accumulate,0.000054110,0.000053870
11,116,receive_authenticate_accumulate,0.017229724,0.017230055
11,116,receive_authenticate_accumulate,0.000052777,0.000052685
11,116,receive_authenticate_accumulate,0.017284464,0.017240667
11,116,receive_authenticate_accumulate,0.000051703,0.000051611
11,116,receive_authenticate_accumulate,0.017241021,0.017241407
11,116,receive_authenticate_accumulate,0.000053535,0.000053519
11,116,receive_authenticate_accumulate,0.017235631,0.017235889
11,116,receive_authenticate_accumulate,0.000052813,0.000052889
11,116,receive_authenticate_accumulate,0.017231299,0.017231519
11,116,receive_authenticate_accumulate,0.000053980,0.000053908
11,116,receive_authenticate_accumulate,0.017229132,0.017229352
11,116,receive_authenticate_accumulate,0.000054740,0.000054666
11,116,receive_authenticate_accumulate,0.017230095,0.017230278
11,116,receive_authenticate_accumulate,0.000073609,0.000073574
11,116,receive_authenticate_accumulate,0.017238614,0.017238982
11,116,receive_authenticate_accumulate,0.000052332,0.000052297
11,116,receive_authenticate_accumulate,0.017229910,0.017230186
11,116,receive_authenticate_accumulate,0.000052647,0.000052630
11,116,reading_commitment_and_shares,0.026204885,0.026205482
11,116,receive_authenticate_accumulate,0.017217744,0.017218093
11,116,receive_authenticate_accumulate,0.000052017,0.000052037
11,116,receive_authenticate_accumulate,0.017236095,0.017236388
11,116,receive_authenticate_accumulate,0.000051721,0.000051759
11,116,receive_authenticate_accumulate,0.017272113,0.017244853
11,116,receive_authenticate_accumulate,0.000058870,0.000058741
11,116,receive_authenticate_accumulate,0.017282669,0.017249703
11,116,receive_authenticate_accumulate,0.000053481,0.000053296
11,116,receive_authenticate_accumulate,0.017226041,0.017226371
11,116,receive_authenticate_accumulate,0.000052610,0.000052518
11,116,round_coverage,0.000003352,0.000002796
11,116,spatial_report,0.000038722,0.000038389
11,117,round_reset,0.000010204,0.000009000
11,117,receive_authenticate_accumulate,0.017227140,0.017227315
11,117,receive_authenticate_accumulate,0.000053814,0.000053796
11,117,receive_authenticate_accumulate,0.017231251,0.017231333
11,117,receive_authenticate_accumulate,0.000052518,0.000052463
11,117,receive_authenticate_accumulate,0.017268787,0.017246370
11,117,receive_authenticate_accumulate,0.000053092,0.000053167
11,117,receive_authenticate_accumulate,0.017223103,0.017223388
11,117,receive_authenticate_accumulate,0.000053165,0.000053129
11,117,receive_authenticate_accumulate,0.017228362,0.017228370
11,117,receive_authenticate_accumulate,0.000053777,0.000053760
11,117,receive_authenticate_accumulate,0.017224344,0.017224592
11,117,receive_authenticate_accumulate,0.000051369,0.000051259
11,117,receive_authenticate_accumulate,0.017220066,0.017220333
11,117,receive_authenticate_accumulate,0.000052851,0.000052759
11,117,receive_authenticate_accumulate,0.017235640,0.017235833
11,117,receive_authenticate_accumulate,0.000055017,0.000054908
11,117,receive_authenticate_accumulate,0.017224881,0.017225037
11,117,receive_authenticate_accumulate,0.000053092,0.000053148
11,117,receive_authenticate_accumulate,0.017230900,0.017231185
11,117,receive_authenticate_accumulate,0.000052610,0.000052611
11,117,receive_authenticate_accumulate,0.017278362,0.017243370
11,117,receive_authenticate_accumulate,0.000053240,0.000053185
11,117,receive_authenticate_accumulate,0.017235029,0.017235278
11,117,receive_authenticate_accumulate,0.000053073,0.000053222
11,117,receive_authenticate_accumulate,0.019849123,0.019764277
11,117,receive_authenticate_accumulate,0.000053647,0.000053611
11,117,receive_authenticate_accumulate,0.017263474,0.017240519
11,117,receive_authenticate_accumulate,0.000050407,0.000050167
11,117,receive_authenticate_accumulate,0.017229678,0.017229407
11,117,receive_authenticate_accumulate,0.000051573,0.000051481
11,117,reading_commitment_and_shares,0.026196251,0.026197185
11,117,receive_authenticate_accumulate,0.017237585,0.017237926
11,117,receive_authenticate_accumulate,0.000050924,0.000050908
11,117,receive_authenticate_accumulate,0.017234252,0.017234518
11,117,receive_authenticate_accumulate,0.000052332,0.000052314
11,117,receive_authenticate_accumulate,0.017226956,0.017227315
11,117,receive_authenticate_accumulate,0.000053573,0.000053556
11,117,receive_authenticate_accumulate,0.017286067,0.017250167
11,117,receive_authenticate_accumulate,0.000053036,0.000053037
11,117,receive_authenticate_accumulate,0.017235327,0.017235704
11,117,receive_authenticate_accumulate,0.000050036,0.000049908
11,117,round_coverage,0.000003741,0.000003296
11,117,spatial_report,0.000039092,0.000038907
11,118,round_reset,0.000009204,0.000007963
11,118,receive_authenticate_accumulate,0.017234833,0.017235148
11,118,receive_authenticate_accumulate,0.000051147,0.000051112
11,118,receive_authenticate_accumulate,0.017229241,0.017229426
11,118,receive_authenticate_accumulate,0.000054165,0.000054093
11,118,receive_authenticate_accumulate,0.017223537,0.017223740
11,118,receive_authenticate_accumulate,0.000052962,0.000052944
11,118,receive_authenticate_accumulate,0.017230407,0.017230630
11,118,receive_authenticate_accumulate,0.000054351,0.000054037
11,118,receive_authenticate_accumulate,0.017226815,0.017227019
11,118,receive_authenticate_accumulate,0.000051555,0.000051389
11,118,receive_authenticate_accumulate,0.017240278,0.017240463
11,118,receive_authenticate_accumulate,0.000051128,0.000051056
11,118,receive_authenticate_accumulate,0.017226019,0.017226203
11,118,receive_authenticate_accumulate,0.000052147,0.000052038
11,118,receive_authenticate_accumulate,0.017234056,0.017234333
11,118,receive_authenticate_accumulate,0.000053332,0.000053278
11,118,receive_authenticate_accumulate,0.017259685,0.017243852
11,118,receive_authenticate_accumulate,0.000052239,0.000051981
11,118,receive_authenticate_accumulate,0.017218167,0.017218426
11,118,receive_authenticate_accumulate,0.000050610,0.000050537
11,118,receive_authenticate_accumulate,0.017214668,0.017214518
11,118,receive_authenticate_accumulate,0.000051759,0.000051686
11,118,receive_authenticate_accumulate,0.017259834,0.017260445
11,118,receive_authenticate_accumulate,0.000054851,0.000054796
11,118,receive_authenticate_accumulate,0.017257963,0.017245203
11,118,receive_authenticate_accumulate,0.000053703,0.000053500
11,118,receive_authenticate_accumulate,0.017230094,0.017230259
11,118,receive_authenticate_accumulate,0.000051276,0.000051222
11,118,receive_authenticate_accumulate,0.017265315,0.017245463
11,118,receive_authenticate_accumulate,0.000051943,0.000051852
11,118,reading_commitment_and_shares,0.026196096,0.026196926
11,118,receive_authenticate_accumulate,0.017226613,0.017226685
11,118,receive_authenticate_accumulate,0.000053240,0.000053241
11,118,receive_authenticate_accumulate,0.017224057,0.017224204
11,118,receive_authenticate_accumulate,0.000052647,0.000052666
11,118,receive_authenticate_accumulate,0.017254482,0.017230666
11,118,receive_authenticate_accumulate,0.000051517,0.000051370
11,118,receive_authenticate_accumulate,0.017257352,0.017240703
11,118,receive_authenticate_accumulate,0.000052388,0.000052407
11,118,receive_authenticate_accumulate,0.017235112,0.017235259
11,118,receive_authenticate_accumulate,0.000051814,0.000051815
11,118,round_coverage,0.000003278,0.000002833
11,118,spatial_report,0.000038518,0.000038241
11,119,round_reset,0.000009148,0.000007889
11,119,receive_authenticate_accumulate,0.017226600,0.017226667
11,119,receive_authenticate_accumulate,0.000053850,0.000053852
11,119,receive_authenticate_accumulate,0.017232470,0.017232814
11,119,receive_authenticate_accumulate,0.000053091,0.000053056
11,119,receive_authenticate_accumulate,0.017237007,0.017237203
11,119,receive_authenticate_accumulate,0.000053795,0.000053797
11,119,receive_authenticate_accumulate,0.017235711,0.017236130
11,119,receive_authenticate_accumulate,0.000052184,0.000052223
11,119,receive_authenticate_accumulate,0.017230507,0.017230667
11,119,receive_authenticate_accumulate,0.000054073,0.000054056
11,119,receive_authenticate_accumulate,0.017269952,0.017240666
11,119,receive_authenticate_accumulate,0.000052555,0.000052666
11,119,receive_authenticate_accumulate,0.017251322,0.017251981
11,119,receive_authenticate_accumulate,0.000051758,0.000051630
11,119,receive_authenticate_accumulate,0.017235082,0.017235185
11,119,receive_authenticate_accumulate,0.000084387,0.000084444
11,119,receive_authenticate_accumulate,0.017232193,0.017232500
11,119,receive_authenticate_accumulate,0.000052758,0.000052722
11,119,receive_authenticate_accumulate,0.017225379,0.017225574
11,119,receive_authenticate_accumulate,0.000051091,0.000051000
11,119,receive_authenticate_accumulate,0.017230249,0.017230556
11,119,receive_authenticate_accumulate,0.000051147,0.000051056
11,119,receive_authenticate_accumulate,0.017207008,0.017207241
11,119,receive_authenticate_accumulate,0.000051888,0.000051741
11,119,receive_authenticate_accumulate,0.017223120,0.017223407
11,119,receive_authenticate_accumulate,0.000051055,0.000051111
11,119,receive_authenticate_accumulate,0.017306970,0.017281851
11,119,receive_authenticate_accumulate,0.000052795,0.000052815
11,119,receive_authenticate_accumulate,0.017359562,0.017309889
11,119,receive_authenticate_accumulate,0.000055332,0.000055297
11,119,reading_commitment_and_shares,0.026199979,0.026200592
11,119,receive_authenticate_accumulate,0.017251675,0.017227519
11,119,receive_authenticate_accumulate,0.000053740,0.000053741
11,119,receive_authenticate_accumulate,0.017221380,0.017221722
11,119,receive_authenticate_accumulate,0.000052739,0.000052630
11,119,receive_authenticate_accumulate,0.017227842,0.017228148
11,119,receive_authenticate_accumulate,0.000053536,0.000053574
11,119,receive_authenticate_accumulate,0.017235342,0.017235723
11,119,receive_authenticate_accumulate,0.000053944,0.000053778
11,119,receive_authenticate_accumulate,0.017220565,0.017221000
11,119,receive_authenticate_accumulate,0.000053832,0.000053722
11,119,round_coverage,0.000003111,0.000002666
11,119,spatial_report,0.000039314,0.000039130
11,119,billing_report,0.000419862,0.000419722
12,120,period_reset,0.000024740,0.000023389
12,120,receive_authenticate_accumulate,0.000093665,0.000093574
12,120,receive_authenticate_accumulate,0.000091073,0.000090907
12,120,receive_authenticate_accumulate,0.000088480,0.000088445
12,120,receive_authenticate_accumulate,0.000089387,0.000089315
12,120,receive_authenticate_accumulate,0.000089202,0.000089093
12,120,receive_authenticate_accumulate,0.000087683,0.000087722
12,120,receive_authenticate_accumulate,0.000090795,0.000090649
12,120,receive_authenticate_accumulate,0.000092295,0.000092259
12,120,receive_authenticate_accumulate,0.000090647,0.000090500
12,120,receive_authenticate_accumulate,0.000090258,0.000090185
12,120,receive_authenticate_accumulate,0.000088406,0.000088426
12,120,receive_authenticate_accumulate,0.000090165,0.000090074
12,120,receive_authenticate_accumulate,0.000091461,0.000091148
12,120,receive_authenticate_accumulate,0.000090461,0.000090425
12,120,receive_authenticate_accumulate,0.000088776,0.000088722
12,120,randomness_commit,0.000829095,0.000829074
12,120,receive_authenticate_accumulate,0.000087832,0.000087926
12,120,receive_authenticate_accumulate,0.000056536,0.000056481
12,120,receive_authenticate_accumulate,0.000055147,0.000054944
12,120,receive_authenticate_accumulate,0.000056869,0.000056796
12,120,receive_authenticate_accumulate,0.000056777,0.000056593
12,120,receive_authenticate_accumulate,0.000064332,0.000064074
12,120,receive_authenticate_accumulate,0.000066536,0.000066482
12,120,receive_authenticate_accumulate,0.000066018,0.000065778
12,120,receive_authenticate_accumulate,0.000066758,0.000066592
12,120,receive_authenticate_accumulate,0.000066981,0.000066852
12,120,receive_authenticate_accumulate,0.000067128,0.000067204
12,120,receive_authenticate_accumulate,0.000067962,0.000067740
12,120,receive_authenticate_accumulate,0.000066184,0.000066037
12,120,receive_authenticate_accumulate,0.000065814,0.000065723
12,120,receive_authenticate_accumulate,0.000067221,0.000066852
12,120,receive_authenticate_accumulate,0.000064851,0.000064685
12,120,receive_authenticate_accumulate,0.000067888,0.000067852
12,120,receive_authenticate_accumulate,0.000066943,0.000066870
12,120,receive_authenticate_accumulate,0.000065535,0.000065407
12,120,receive_authenticate_accumulate,0.000066739,0.000066537
12,120,randomness_reveal,0.000434436,0.000434167
12,120,receive_authenticate_accumulate,0.000065406,0.000065370
12,120,receive_authenticate_accumulate,0.000066925,0.000066814
12,120,receive_authenticate_accumulate,0.000066925,0.000066852
12,120,receive_authenticate_accumulate,0.000067555,0.000067389
12,120,receive_authenticate_accumulate,0.000067740,0.000067518
12,120,committee_selection,0.000124923,0.000124723
12,120,round_reset,0.000005278,0.000004593
12,120,receive_authenticate_accumulate,0.017236348,0.017236482
12,120,receive_authenticate_accumulate,0.000049073,0.000049111
12,120,receive_authenticate_accumulate,0.017235625,0.017235722
12,120,receive_authenticate_accumulate,0.000049647,0.000049612
12,120,receive_authenticate_accumulate,0.017224589,0.017224741
12,120,receive_authenticate_accumulate,0.000049388,0.000049371
12,120,receive_authenticate_accumulate,0.017232812,0.017232908
12,120,receive_authenticate_accumulate,0.000050666,0.000050648
12,120,receive_authenticate_accumulate,0.017275718,0.017248852
12,120,receive_authenticate_accumulate,0.000049703,0.000049704
12,120,receive_authenticate_accumulate,0.017225312,0.017225482
12,120,receive_authenticate_accumulate,0.000051851,0.000051759
12,120,receive_authenticate_accumulate,0.017225700,0.017225926
12,120,receive_authenticate_accumulate,0.000049443,0.000049407
12,120,receive_authenticate_accumulate,0.017233774,0.017234074
12,120,receive_authenticate_accumulate,0.000050629,0.000050704
12,120,receive_authenticate_accumulate,0.017224348,0.017224481
12,120,receive_authenticate_accumulate,0.000050869,0.000050833
12,120,receive_authenticate_accumulate,0.017233423,0.017233870
12,120,receive_authenticate_accumulate,0.000050629,0.000050666
12,120,receive_authenticate_accumulate,0.017232997,0.017233241
12,120,receive_authenticate_accumulate,0.000049851,0.000049870
12,120,receive_authenticate_accumulate,0.017228719,0.017228685
12,120,receive_authenticate_accumulate,0.000049277,0.000049296
12,120,receive_authenticate_accumulate,0.017222720,0.017222945
12,120,receive_authenticate_accumulate,0.000051110,0.000051056
12,120,receive_authenticate_accumulate,0.017219608,0.017219908
12,120,receive_authenticate_accumulate,0.000049240,0.000049352
12,120,receive_authenticate_accumulate,0.017227646,0.017227889
12,120,receive_authenticate_accumulate,0.000049444,0.000049500
12,120,reading_commitment_and_shares,0.026203434,0.026203982
12,120,receive_authenticate_accumulate,0.017231109,0.017231463
12,120,receive_authenticate_accumulate,0.000048943,0.000049000
12,120,receive_authenticate_accumulate,0.017273293,0.017274778
12,120,receive_authenticate_accumulate,0.000052406,0.000052426
12,120,receive_authenticate_accumulate,0.017232553,0.017232796
12,120,receive_authenticate_accumulate,0.000049165,0.000049222
12,120,receive_authenticate_accumulate,0.017224627,0.017224907
12,120,receive_authenticate_accumulate,0.000050128,0.000050056
12,120,receive_authenticate_accumulate,0.017227183,0.017227500
12,120,receive_authenticate_accumulate,0.000049851,0.000049815
12,120,round_coverage,0.000003389,0.000002907
12,120,spatial_report,0.000040017,0.000039815
12,121,round_reset,0.000008926,0.000007666
12,121,receive_authenticate_accumulate,0.017240411,0.017240556
12,121,receive_authenticate_accumulate,0.000048111,0.000048112
12,121,receive_authenticate_accumulate,0.017223133,0.017223000
12,121,receive_authenticate_accumulate,0.000050665,0.000050685
12,121,receive_authenticate_accumulate,0.017229336,0.017229667
12,121,receive_authenticate_accumulate,0.000063702,0.000063685
12,121,receive_authenticate_accumulate,0.017229485,0.017229185
12,121,receive_authenticate_accumulate,0.000050832,0.000050759
12,121,receive_authenticate_accumulate,0.017293021,0.017251945
12,121,receive_authenticate_accumulate,0.000051870,0.000051963
12,121,receive_authenticate_accumulate,0.017264299,0.017249426
12,121,receive_authenticate_accumulate,0.000049332,0.000049371
12,121,receive_authenticate_accumulate,0.017227448,0.017227666
12,121,receive_authenticate_accumulate,0.000050610,0.000050648
12,121,receive_authenticate_accumulate,0.017230744,0.017230852
12,121,receive_authenticate_accumulate,0.000051387,0.000051278
12,121,receive_authenticate_accumulate,0.017224689,0.017224871
12,121,receive_authenticate_accumulate,0.000049907,0.000049870
12,121,receive_authenticate_accumulate,0.017232818,0.017233037
12,121,receive_authenticate_accumulate,0.000049629,0.000049629
12,121,receive_authenticate_accumulate,0.017275911,0.017241629
12,121,receive_authenticate_accumulate,0.000049425,0.000049445
12,121,receive_authenticate_accumulate,0.017228615,0.017228871
12,121,receive_authenticate_accumulate,0.000051128,0.000051037
12,121,receive_authenticate_accumulate,0.017223764,0.017224019
12,121,receive_authenticate_accumulate,0.000051407,0.000051407
12,121,receive_authenticate_accumulate,0.017228319,0.017228574
12,121,receive_authenticate_accumulate,0.000050796,0.000050704
12,121,receive_authenticate_accumulate,0.017260504,0.017239667
12,121,receive_authenticate_accumulate,0.000050444,0.000050463
12,121,reading_commitment_and_shares,0.026246554,0.026217704
12,121,receive_authenticate_accumulate,0.017227078,0.017227352
12,121,receive_authenticate_accumulate,0.000050110,0.000050037
12,121,receive_authenticate_accumulate,0.017222209,0.017222481
12,121,receive_authenticate_accumulate,0.000050666,0.000050592
12,121,receive_authenticate_accumulate,0.017238189,0.017238574
12,121,receive_authenticate_accumulate,0.000048518,0.000048611
12,121,receive_authenticate_accumulate,0.017234356,0.017234759
12,121,receive_authenticate_accumulate,0.000050574,0.000050667
12,121,receive_authenticate_accumulate,0.017230282,0.017230686
12,121,receive_authenticate_accumulate,0.000049518,0.000049518
12,121,round_coverage,0.000004314,0.000003778
12,121,spatial_report,0.000039444,0.000039241
12,122,round_reset,0.000009907,0.000008833
12,122,receive_authenticate_accumulate,0.017230361,0.017230630
12,122,receive_authenticate_accumulate,0.000049573,0.000049630
12,122,receive_authenticate_accumulate,0.017225676,0.017225908
12,122,receive_authenticate_accumulate,0.000050813,0.000050649
12,122,receive_authenticate_accumulate,0.017229955,0.017230185
12,122,receive_authenticate_accumulate,0.000049518,0.000049519
12,122,receive_authenticate_accumulate,0.017230565,0.017230852
12,122,receive_authenticate_accumulate,0.000052592,0.000052574
12,122,receive_authenticate_accumulate,0.017224325,0.017224611
12,122,receive_authenticate_accumulate,0.000051925,0.000051981
12,122,receive_authenticate_accumulate,0.017224251,0.017224481
12,122,receive_authenticate_accumulate,0.000049610,0.000049666
12,122,receive_authenticate_accumulate,0.017226566,0.017226815
12,122,receive_authenticate_accumulate,0.000049610,0.000049611
12,122,receive_authenticate_accumulate,0.017231288,0.017231444
12,122,receive_authenticate_accumulate,0.000050518,0.000050408
12,122,receive_authenticate_accumulate,0.017253028,0.017233944
12,122,receive_authenticate_accumulate,0.000050962,0.000050871
12,122,receive_authenticate_accumulate,0.017227843,0.017227982
12,122,receive_authenticate_accumulate,0.000050333,0.000050352
12,122,receive_authenticate_accumulate,0.017262047,0.017246093
12,122,receive_authenticate_accumulate,0.000051591,0.000051555
12,122,receive_authenticate_accumulate,0.017263825,0.017241130
12,122,receive_authenticate_accumulate,0.000048702,0.000048648
12,122,receive_authenticate_accumulate,0.017268455,0.017245315
12,122,receive_authenticate_accumulate,0.000049406,0.000049334
12,122,receive_authenticate_accumulate,0.017224511,0.017224704
12,122,receive_authenticate_accumulate,0.000051184,0.000051241
12,122,receive_authenticate_accumulate,0.017220640,0.017220945
12,122,receive_authenticate_accumulate,0.000051703,0.000051575
12,122,reading_commitment_and_shares,0.026197232,0.026197777
12,122,receive_authenticate_accumulate,0.017254306,0.017238870
12,122,receive_authenticate_accumulate,0.000051314,0.000051296
12,122,receive_authenticate_accumulate,0.017221011,0.017221259
12,122,receive_authenticate_accumulate,0.000049888,0.000049852
12,122,receive_authenticate_accumulate,0.017223177,0.017223463
12,122,receive_authenticate_accumulate,0.000050721,0.000050759
12,122,receive_authenticate_accumulate,0.017230641,0.017230908
12,122,receive_authenticate_accumulate,0.000049702,0.000049722
12,122,receive_authenticate_accumulate,0.017230863,0.017231389
12,122,receive_authenticate_accumulate,0.000048813,0.000048871
12,122,round_coverage,0.000003648,0.000003167
12,122,spatial_report,0.000040092,0.000039870
12,123,round_reset,0.000008740,0.000007593
12,123,receive_authenticate_accumulate,0.017230442,0.017230537
12,123,receive_authenticate_accumulate,0.000051407,0.000051408
12,123,receive_authenticate_accumulate,0.017226164,0.017226445
12,123,receive_authenticate_accumulate,0.000050943,0.000050741
12,123,receive_authenticate_accumulate,0.017228128,0.017228389
12,123,receive_authenticate_accumulate,0.000050147,0.000050185
12,123,receive_authenticate_accumulate,0.017231720,0.017232074
12,123,receive_authenticate_accumulate,0.000050202,0.000050203
12,123,receive_authenticate_accumulate,0.017306625,0.017264888
12,123,receive_authenticate_accumulate,0.000050906,0.000050833
12,123,receive_authenticate_accumulate,0.017236905,0.017237056
12,123,receive_authenticate_accumulate,0.000049573,0.000049648
12,123,receive_authenticate_accumulate,0.017221886,0.017222093
12,123,receive_authenticate_accumulate,0.000082666,0.000082870
12,123,receive_authenticate_accumulate,0.017216591,0.017216667
12,123,receive_authenticate_accumulate,0.000049962,0.000049926
12,123,receive_authenticate_accumulate,0.017228794,0.017229018
12,123,receive_authenticate_accumulate,0.000048499,0.000048444
12,123,receive_authenticate_accumulate,0.017225572,0.017225926
12,123,receive_authenticate_accumulate,0.000047851,0.000047741
12,123,receive_authenticate_accumulate,0.017225794,0.017226037
12,123,receive_authenticate_accumulate,0.000049036,0.000048926
12,123,receive_authenticate_accumulate,0.017225906,0.017225981
12,123,receive_authenticate_accumulate,0.000047703,0.000047666
12,123,receive_authenticate_accumulate,0.017228647,0.017228686
12,123,receive_authenticate_accumulate,0.000047555,0.000047426
12,123,receive_authenticate_accumulate,0.017251368,0.017251463
12,123,receive_authenticate_accumulate,0.000052462,0.000052296
12,123,receive_authenticate_accumulate,0.017222739,0.017223019
12,123,receive_authenticate_accumulate,0.000050499,0.000050500
12,123,reading_commitment_and_shares,0.026203222,0.026203648
12,123,receive_authenticate_accumulate,0.017222276,0.017222352
12,123,receive_authenticate_accumulate,0.000051073,0.000050963
12,123,receive_authenticate_accumulate,0.017269590,0.017243648
12,123,receive_authenticate_accumulate,0.000050814,0.000050815
12,123,receive_authenticate_accumulate,0.017232387,0.017232463
12,123,receive_authenticate_accumulate,0.000051258,0.000051315
12,123,receive_authenticate_accumulate,0.017222647,0.017222815
12,123,receive_authenticate_accumulate,0.000050018,0.000050037
12,123,receive_authenticate_accumulate,0.017228887,0.017228981
12,123,receive_authenticate_accumulate,0.000050017,0.000050037
12,123,round_coverage,0.000003370,0.000002907
12,123,spatial_report,0.000039018,0.000038871
12,124,round_reset,0.000009944,0.000008741
12,124,receive_authenticate_accumulate,0.017236058,0.017236092
12,124,receive_authenticate_accumulate,0.000050721,0.000050649
12,124,receive_authenticate_accumulate,0.017224706,0.017224889
12,124,receive_authenticate_accumulate,0.000049944,0.000049870
12,124,receive_authenticate_accumulate,0.017229429,0.017229518
12,124,receive_authenticate_accumulate,0.000049647,0.000049685
12,124,receive_authenticate_accumulate,0.017248207,0.017248630
12,124,receive_authenticate_accumulate,0.000052259,0.000052204
12,124,receive_authenticate_accumulate,0.017293002,0.017256000
12,124,receive_authenticate_accumulate,0.000050055,0.000050037
12,124,receive_authenticate_accumulate,0.017229447,0.017229592
12,124,receive_authenticate_accumulate,0.000051628,0.000051260
12,124,receive_authenticate_accumulate,0.017231244,0.017231296
12,124,receive_authenticate_accumulate,0.000048555,0.000048518
12,124,receive_authenticate_accumulate,0.017230059,0.017230167
12,124,receive_authenticate_accumulate,0.000048573,0.000048555
12,124,receive_authenticate_accumulate,0.017229355,0.017229407
12,124,receive_authenticate_accumulate,0.000049500,0.000049537
12,124,receive_authenticate_accumulate,0.017236615,0.017236555
12,124,receive_authenticate_accumulate,0.000049870,0.000049852
12,124,receive_authenticate_accumulate,0.017222060,0.017222352
12,124,receive_authenticate_accumulate,0.000048536,0.000048574
12,124,receive_authenticate_accumulate,0.017227189,0.017227408
12,124,receive_authenticate_accumulate,0.000048925,0.000048852
12,124,receive_authenticate_accumulate,0.017223856,0.017224037
12,124,receive_authenticate_accumulate,0.000049018,0.000049018
12,124,receive_authenticate_accumulate,0.017229504,0.017229740
12,124,receive_authenticate_accumulate,0.000050240,0.000050241
12,124,receive_authenticate_accumulate,0.017214393,0.017214649
12,124,receive_authenticate_accumulate,0.000050462,0.000050500
12,124,reading_commitment_and_shares,0.026255768,0.026224648
12,124,receive_authenticate_accumulate,0.017229448,0.017229519
12,124,receive_authenticate_accumulate,0.000050129,0.000050111
12,124,receive_authenticate_accumulate,0.017224337,0.017224463
12,124,receive_authenticate_accumulate,0.000057887,0.000057611
12,124,receive_authenticate_accumulate,0.017223467,0.017223685
12,124,receive_authenticate_accumulate,0.000050240,0.000050223
12,124,receive_authenticate_accumulate,0.017224597,0.017224851
12,124,receive_authenticate_accumulate,0.000049814,0.000049870
12,124,receive_authenticate_accumulate,0.017227541,0.017227797
12,124,receive_authenticate_accumulate,0.000050240,0.000050278
12,124,round_coverage,0.000003389,0.000002944
12,124,spatial_report,0.000038536,0.000038371
12,125,round_reset,0.000010203,0.000009019
12,125,receive_authenticate_accumulate,0.017227768,0.017228037
12,125,receive_authenticate_accumulate,0.000050759,0.000050722
12,125,receive_authenticate_accumulate,0.017237490,0.017237907
12,125,receive_authenticate_accumulate,0.000049388,0.000049500
12,125,receive_authenticate_accumulate,0.017253508,0.017236945
12,125,receive_authenticate_accumulate,0.000049036,0.000049018
12,125,receive_authenticate_accumulate,0.017228435,0.017228444
12,125,receive_authenticate_accumulate,0.000050240,0.000050185
12,125,receive_authenticate_accumulate,0.017222898,0.017223111
12,125,receive_authenticate_accumulate,0.000049814,0.000049926
12,125,receive_authenticate_accumulate,0.017284267,0.017247834
12,125,receive_authenticate_accumulate,0.000048925,0.000048907
12,125,receive_authenticate_accumulate,0.017286990,0.017262999
12,125,receive_authenticate_accumulate,0.000052777,0.000052797
12,125,receive_authenticate_accumulate,0.017234953,0.017235037
12,125,receive_authenticate_accumulate,0.000051203,0.000051259
12,125,receive_authenticate_accumulate,0.017230508,0.017230704
12,125,receive_authenticate_accumulate,0.000051277,0.000051296
12,125,receive_authenticate_accumulate,0.017233991,0.017234445
12,125,receive_authenticate_accumulate,0.000048462,0.000048426
12,125,receive_authenticate_accumulate,0.017225416,0.017225685
12,125,receive_authenticate_accumulate,0.000050239,0.000050223
12,125,receive_authenticate_accumulate,0.017241824,0.017242111
12,125,receive_authenticate_accumulate,0.000049814,0.000049778
12,125,receive_authenticate_accumulate,0.017228602,0.017228740
12,125,receive_authenticate_accumulate,0.000049037,0.000049056
12,125,receive_authenticate_accumulate,0.020010405,0.019938592
12,125,receive_authenticate_accumulate,0.000049091,0.000049112
12,125,receive_authenticate_accumulate,0.017268954,0.017243407
12,125,receive_authenticate_accumulate,0.000048665,0.000048648
12,125,reading_commitment_and_shares,0.026203591,0.026204055
12,125,receive_authenticate_accumulate,0.017227658,0.017227926
12,125,receive_authenticate_accumulate,0.000050276,0.000050296
12,125,receive_authenticate_accumulate,0.017218029,0.017217945
12,125,receive_authenticate_accumulate,0.000048926,0.000048889
12,125,receive_authenticate_accumulate,0.017229139,0.017229333
12,125,receive_authenticate_accumulate,0.000049277,0.000049148
12,125,receive_authenticate_accumulate,0.017220769,0.017221130
12,125,receive_authenticate_accumulate,0.000050499,0.000050574
12,125,receive_authenticate_accumulate,0.017222177,0.017222241
12,125,receive_authenticate_accumulate,0.000064499,0.000064667
12,125,round_coverage,0.000003685,0.000003130
12,125,spatial_report,0.000039184,0.000038944
12,126,round_reset,0.000010092,0.000008815
12,126,receive_authenticate_accumulate,0.017232014,0.017232130
12,126,receive_authenticate_accumulate,0.000049147,0.000049148
12,126,receive_authenticate_accumulate,0.017231606,0.017231815
12,126,receive_authenticate_accumulate,0.000050018,0.000049981
12,126,receive_authenticate_accumulate,0.017230143,0.017230333
12,126,receive_authenticate_accumulate,0.000050221,0.000050259
12,126,receive_authenticate_accumulate,0.017270569,0.017241259
12,126,receive_authenticate_accumulate,0.000049184,0.000049240
12,126,receive_authenticate_accumulate,0.017223384,0.017223592
12,126,receive_authenticate_accumulate,0.000049277,0.000049259
12,126,receive_authenticate_accumulate,0.017223014,0.017223149
12,126,receive_authenticate_accumulate,0.000052443,0.000052556
12,126,receive_authenticate_accumulate,0.017224014,0.017224203
12,126,receive_authenticate_accumulate,0.000048906,0.000048871
12,126,receive_authenticate_accumulate,0.017228477,0.017228685
12,126,receive_authenticate_accumulate,0.000048018,0.000048019
12,126,receive_authenticate_accumulate,0.017232366,0.017232499
12,126,receive_authenticate_accumulate,0.000048555,0.000048574
12,126,receive_authenticate_accumulate,0.017222644,0.017222907
12,126,receive_authenticate_accumulate,0.000048721,0.000048759
12,126,receive_authenticate_accumulate,0.017254847,0.017254982
12,126,receive_authenticate_accumulate,0.000052628,0.000052537
12,126,receive_authenticate_accumulate,0.017225200,0.017225241
12,126,receive_authenticate_accumulate,0.000049629,0.000049611
12,126,receive_authenticate_accumulate,0.018312792,0.018224056
12,126,receive_authenticate_accumulate,0.000074240,0.000073870
12,126,receive_authenticate_accumulate,0.017231773,0.017231889
12,126,receive_authenticate_accumulate,0.000050203,0.000050204
12,126,receive_authenticate_accumulate,0.017236421,0.017236574
12,126,receive_authenticate_accumulate,0.000049721,0.000049760
12,126,reading_commitment_and_shares,0.026262561,0.026262926
12,126,receive_authenticate_accumulate,0.017228014,0.017228277
12,126,receive_authenticate_accumulate,0.000051295,0.000051278
12,126,receive_authenticate_accumulate,0.017218848,0.017219148
12,126,receive_authenticate_accumulate,0.000050333,0.000050408
12,126,receive_authenticate_accumulate,0.017221181,0.017221352
12,126,receive_authenticate_accumulate,0.000048906,0.000048889
12,126,receive_authenticate_accumulate,0.017231144,0.017231259
12,126,receive_authenticate_accumulate,0.000049555,0.000049611
12,126,receive_authenticate_accumulate,0.017237607,0.017237648
12,126,receive_authenticate_accumulate,0.000050407,0.000050445
12,126,round_coverage,0.000003407,0.000002870
12,126,spatial_report,0.000038925,0.000038797
12,127,round_reset,0.000009962,0.000008648
12,127,receive_authenticate_accumulate,0.017234703,0.017234981
12,127,receive_authenticate_accumulate,0.000050073,0.000050129
12,127,receive_authenticate_accumulate,0.017290110,0.017255778
12,127,receive_authenticate_accumulate,0.000051980,0.000051981
12,127,receive_authenticate_accumulate,0.017228241,0.017228111
12,127,receive_authenticate_accumulate,0.000049370,0.000049352
12,127,receive_authenticate_accumulate,0.017231611,0.017231722
12,127,receive_authenticate_accumulate,0.000049555,0.000049463
12,127,receive_authenticate_accumulate,0.017225741,0.017226056
12,127,receive_authenticate_accumulate,0.000050833,0.000050851
12,127,receive_authenticate_accumulate,0.017265740,0.017239871
12,127,receive_authenticate_accumulate,0.000049351,0.000049389
12,127,receive_authenticate_accumulate,0.017225556,0.017225537
12,127,receive_authenticate_accumulate,0.000050055,0.000050092
12,127,receive_authenticate_accumulate,0.017221852,0.017221926
12,127,receive_authenticate_accumulate,0.000050277,0.000050278
12,127,receive_authenticate_accumulate,0.017228778,0.017228833
12,127,receive_authenticate_accumulate,0.000049351,0.000049259
12,127,receive_authenticate_accumulate,0.017233426,0.017233722
12,127,receive_authenticate_accumulate,0.000048777,0.000048685
12,127,receive_authenticate_accumulate,0.017227797,0.017227833
12,127,receive_authenticate_accumulate,0.000048796,0.000048778
12,127,receive_authenticate_accumulate,0.017223057,0.017223148
12,127,receive_authenticate_accumulate,0.000048943,0.000048851
12,127,receive_authenticate_accumulate,0.017235649,0.017235704
12,127,receive_authenticate_accumulate,0.000072925,0.000072963
12,127,receive_authenticate_accumulate,0.017233093,0.017233259
12,127,receive_authenticate_accumulate,0.000050333,0.000050333
12,127,receive_authenticate_accumulate,0.017228631,0.017228759
12,127,receive_authenticate_accumulate,0.000049036,0.000048981
12,127,reading_commitment_and_shares,0.026245458,0.026216019
12,127,receive_authenticate_accumulate,0.017230075,0.017230203
12,127,receive_authenticate_accumulate,0.000049888,0.000050000
12,127,receive_authenticate_accumulate,0.017225315,0.017225351
12,127,receive_authenticate_accumulate,0.000049314,0.000049297
12,127,receive_authenticate_accumulate,0.017229982,0.017230296
12,127,receive_authenticate_accumulate,0.000051221,0.000051203
12,127,receive_authenticate_accumulate,0.017227131,0.017227315
12,127,receive_authenticate_accumulate,0.000048944,0.000048908
12,127,receive_authenticate_accumulate,0.017231834,0.017232019
12,127,receive_authenticate_accumulate,0.000050555,0.000050574
12,127,round_coverage,0.000003537,0.000003204
12,127,spatial_report,0.000038795,0.000038629
12,128,round_reset,0.000009185,0.000007945
12,128,receive_authenticate_accumulate,0.017226208,0.017226278
12,128,receive_authenticate_accumulate,0.000050129,0.000050111
12,128,receive_authenticate_accumulate,0.017225449,0.017225389
12,128,receive_authenticate_accumulate,0.000049499,0.000049519
12,128,receive_authenticate_accumulate,0.017265578,0.017238500
12,128,receive_authenticate_accumulate,0.000049813,0.000049833
12,128,receive_authenticate_accumulate,0.017253763,0.017253889
12,128,receive_authenticate_accumulate,0.000052147,0.000052167
12,128,receive_authenticate_accumulate,0.017219208,0.017219222
12,128,receive_authenticate_accumulate,0.000048666,0.000048629
12,128,receive_authenticate_accumulate,0.017227264,0.017227389
12,128,receive_authenticate_accumulate,0.000050592,0.000050445
12,128,receive_authenticate_accumulate,0.017302447,0.017273056
12,128,receive_authenticate_accumulate,0.000049889,0.000049926
12,128,receive_authenticate_accumulate,0.017220301,0.017220334
12,128,receive_authenticate_accumulate,0.000047351,0.000047426
12,128,receive_authenticate_accumulate,0.017254412,0.017242333
12,128,receive_authenticate_accumulate,0.000047703,0.000047740
12,128,receive_authenticate_accumulate,0.017221023,0.017221148
12,128,receive_authenticate_accumulate,0.000048295,0.000048352
12,128,receive_authenticate_accumulate,0.017234542,0.017234722
12,128,receive_authenticate_accumulate,0.000048907,0.000048926
12,128,receive_authenticate_accumulate,0.017229042,0.017229370
12,128,receive_authenticate_accumulate,0.000049351,0.000049297
12,128,receive_authenticate_accumulate,0.017225172,0.017225389
12,128,receive_authenticate_accumulate,0.000048925,0.000049000
12,128,receive_authenticate_accumulate,0.017218672,0.017218870
12,128,receive_authenticate_accumulate,0.000049777,0.000049741
12,128,receive_authenticate_accumulate,0.017224913,0.017225166
12,128,receive_authenticate_accumulate,0.000050351,0.000050315
12,128,reading_commitment_and_shares,0.026195076,0.026195574
12,128,receive_authenticate_accumulate,0.017220061,0.017220296
12,128,receive_authenticate_accumulate,0.000051499,0.000051315
12,128,receive_authenticate_accumulate,0.017261764,0.017240018
12,128,receive_authenticate_accumulate,0.000050055,0.000050037
12,128,receive_authenticate_accumulate,0.017221839,0.017221944
12,128,receive_authenticate_accumulate,0.000049629,0.000049667
12,128,receive_authenticate_accumulate,0.017226246,0.017226481
12,128,receive_authenticate_accumulate,0.000050073,0.000050074
12,128,receive_authenticate_accumulate,0.017225728,0.017226092
12,128,receive_authenticate_accumulate,0.000048388,0.000048426
12,128,round_coverage,0.000003778,0.000003278
12,128,spatial_report,0.000041166,0.000040963
12,129,round_reset,0.000009351,0.000008185
12,129,receive_authenticate_accumulate,0.017288230,0.017252536
12,129,receive_authenticate_accumulate,0.000061795,0.000061759
12,129,receive_authenticate_accumulate,0.017219342,0.017219703
12,129,receive_authenticate_accumulate,0.000051074,0.000050981
12,129,receive_authenticate_accumulate,0.017222083,0.017222296
12,129,receive_authenticate_accumulate,0.000050462,0.000050426
12,129,receive_authenticate_accumulate,0.017226824,0.017226963
12,129,receive_authenticate_accumulate,0.000048629,0.000048593
12,129,receive_authenticate_accumulate,0.017226528,0.017226667
12,129,receive_authenticate_accumulate,0.000049369,0.000049371
12,129,receive_authenticate_accumulate,0.017220361,0.017220333
12,129,receive_authenticate_accumulate,0.000049165,0.000049148
12,129,receive_authenticate_accumulate,0.017224879,0.017225055
12,129,receive_authenticate_accumulate,0.000049499,0.000049481
12,129,receive_authenticate_accumulate,0.017229731,0.017229814
12,129,receive_authenticate_accumulate,0.000055740,0.000055593
12,129,receive_authenticate_accumulate,0.017222953,0.017223130
12,129,receive_authenticate_accumulate,0.000061129,0.000061167
12,129,receive_authenticate_accumulate,0.017224602,0.017224722
12,129,receive_authenticate_accumulate,0.000051055,0.000051000
12,129,receive_authenticate_accumulate,0.017226417,0.017226648
12,129,receive_authenticate_accumulate,0.000053129,0.000053167
12,129,receive_authenticate_accumulate,0.017228769,0.017229000
12,129,receive_authenticate_accumulate,0.000050314,0.000050278
12,129,receive_authenticate_accumulate,0.017379340,0.017333740
12,129,receive_authenticate_accumulate,0.000046629,0.000046667
12,129,receive_authenticate_accumulate,0.017227991,0.017228186
12,129,receive_authenticate_accumulate,0.000046221,0.000046222
12,129,receive_authenticate_accumulate,0.017236787,0.017236851
12,129,receive_authenticate_accumulate,0.000044018,0.000044148
12,129,reading_commitment_and_shares,0.026204471,0.026204907
12,129,receive_authenticate_accumulate,0.017283009,0.017241555
12,129,receive_authenticate_accumulate,0.000044240,0.000044297
12,129,receive_authenticate_accumulate,0.017228232,0.017228537
12,129,receive_authenticate_accumulate,0.000044573,0.000044648
12,129,receive_authenticate_accumulate,0.017223695,0.017223981
12,129,receive_authenticate_accumulate,0.000044573,0.000044648
12,129,receive_authenticate_accumulate,0.017238565,0.017238685
12,129,receive_authenticate_accumulate,0.000045703,0.000045741
12,129,receive_authenticate_accumulate,0.017230491,0.017230518
12,129,receive_authenticate_accumulate,0.000044203,0.000044240
12,129,round_coverage,0.000003408,0.000002908
12,129,spatial_report,0.000039407,0.000039426
12,129,billing_report,0.000420623,0.000420445
13,130,period_reset,0.000024462,0.000023167
13,130,receive_authenticate_accumulate,0.000094999,0.000095037
13,130,receive_authenticate_accumulate,0.000089480,0.000089518
13,130,receive_authenticate_accumulate,0.000089591,0.000089593
13,130,receive_authenticate_accumulate,0.000089554,0.000089371
13,130,receive_authenticate_accumulate,0.000090405,0.000090333
13,130,receive_authenticate_accumulate,0.000087554,0.000087500
13,130,receive_authenticate_accumulate,0.000088887,0.000088778
13,130,receive_authenticate_accumulate,0.000070462,0.000070425
13,130,receive_authenticate_accumulate,0.000068702,0.000068593
13,130,receive_authenticate_accumulate,0.000068795,0.000068574
13,130,receive_authenticate_accumulate,0.000067980,0.000067870
13,130,receive_authenticate_accumulate,0.000068388,0.000068370
13,130,receive_authenticate_accumulate,0.000066518,0.000066630
13,130,receive_authenticate_accumulate,0.000067147,0.000067000
13,130,receive_authenticate_accumulate,0.000068184,0.000068092
13,130,randomness_commit,0.000587490,0.000587611
13,130,receive_authenticate_accumulate,0.000066296,0.000066204
13,130,receive_authenticate_accumulate,0.000067906,0.000067778
13,130,receive_authenticate_accumulate,0.000068129,0.000067963
13,130,receive_authenticate_accumulate,0.000067906,0.000067741
13,130,receive_authenticate_accumulate,0.000067629,0.000067481
13,130,receive_authenticate_accumulate,0.000083184,0.000083203
13,130,receive_authenticate_accumulate,0.000082480,0.000082463
13,130,receive_authenticate_accumulate,0.000084369,0.000084352
13,130,receive_authenticate_accumulate,0.000081554,0.000081425
13,130,receive_authenticate_accumulate,0.000080610,0.000080538
13,130,receive_authenticate_accumulate,0.000081703,0.000081518
13,130,receive_authenticate_accumulate,0.000081888,0.000081722
13,130,receive_authenticate_accumulate,0.000080776,0.000080574
13,130,receive_authenticate_accumulate,0.000081684,0.000081592
13,130,receive_authenticate_accumulate,0.000067776,0.000067833
13,130,receive_authenticate_accumulate,0.000067092,0.000066982
13,130,receive_authenticate_accumulate,0.000065388,0.000065314
13,130,receive_authenticate_accumulate,0.000066258,0.000066130
13,130,receive_authenticate_accumulate,0.000092295,0.000092370
13,130,receive_authenticate_accumulate,0.000062036,0.000062000
13,130,randomness_reveal,0.000438363,0.000438315
13,130,receive_authenticate_accumulate,0.000065647,0.000065537
13,130,receive_authenticate_accumulate,0.000065703,0.000065537
13,130,receive_authenticate_accumulate,0.000065462,0.000065444
13,130,receive_authenticate_accumulate,0.000064406,0.000064241
13,130,receive_authenticate_accumulate,0.000066332,0.000066203
13,130,committee_selection,0.000123147,0.000122982
13,130,round_reset,0.000005370,0.000004833
13,130,receive_authenticate_accumulate,0.017238938,0.017239130
13,130,receive_authenticate_accumulate,0.000047555,0.000047555
13,130,receive_authenticate_accumulate,0.017264013,0.017241149
13,130,receive_authenticate_accumulate,0.000047981,0.000048037
13,130,receive_authenticate_accumulate,0.017231420,0.017231741
13,130,receive_authenticate_accumulate,0.000050203,0.000050223
13,130,receive_authenticate_accumulate,0.017224235,0.017224482
13,130,receive_authenticate_accumulate,0.000047703,0.000047778
13,130,receive_authenticate_accumulate,0.017257828,0.017248851
13,130,receive_authenticate_accumulate,0.000048888,0.000048870
13,130,receive_authenticate_accumulate,0.017224865,0.017224982
13,130,receive_authenticate_accumulate,0.000050147,0.000050111
13,130,receive_authenticate_accumulate,0.017226347,0.017226537
13,130,receive_authenticate_accumulate,0.000047944,0.000047852
13,130,receive_authenticate_accumulate,0.017226310,0.017226408
13,130,receive_authenticate_accumulate,0.000046740,0.000046704
13,130,receive_authenticate_accumulate,0.017225032,0.017225222
13,130,receive_authenticate_accumulate,0.000047203,0.000047148
13,130,receive_authenticate_accumulate,0.017258642,0.017235259
13,130,receive_authenticate_accumulate,0.000050332,0.000050296
13,130,receive_authenticate_accumulate,0.017226162,0.017226370
13,130,receive_authenticate_accumulate,0.000051333,0.000051389
13,130,receive_authenticate_accumulate,0.017231125,0.017231297
13,130,receive_authenticate_accumulate,0.000049332,0.000049204
13,130,receive_authenticate_accumulate,0.017225402,0.017225481
13,130,receive_authenticate_accumulate,0.000071850,0.000071833
13,130,receive_authenticate_accumulate,0.017229273,0.017229482
13,130,receive_authenticate_accumulate,0.000049518,0.000049482
13,130,receive_authenticate_accumulate,0.017228310,0.017228445
13,130,receive_authenticate_accumulate,0.000048370,0.000048426
13,130,reading_commitment_and_shares,0.026196922,0.026197241
13,130,receive_authenticate_accumulate,0.017227402,0.017227685
13,130,receive_authenticate_accumulate,0.000048018,0.000048037
13,130,receive_authenticate_accumulate,0.017224514,0.017224499
13,130,receive_authenticate_accumulate,0.000047906,0.000047982
13,130,receive_authenticate_accumulate,0.017220718,0.017220926
13,130,receive_authenticate_accumulate,0.000047814,0.000047889
13,130,receive_authenticate_accumulate,0.017235939,0.017236000
13,130,receive_authenticate_accumulate,0.000048815,0.000048815
13,130,receive_authenticate_accumulate,0.017230940,0.017231056
13,130,receive_authenticate_accumulate,0.000047684,0.000047741
13,130,round_coverage,0.000003833,0.000003334
13,130,spatial_report,0.000039370,0.000039148
13,131,round_reset,0.000009352,0.000008093
13,131,receive_authenticate_accumulate,0.017230499,0.017230426
13,131,receive_authenticate_accumulate,0.000063147,0.000063240
13,131,receive_authenticate_accumulate,0.017230221,0.017230278
13,131,receive_authenticate_accumulate,0.000050222,0.000050204
13,131,receive_authenticate_accumulate,0.017237332,0.017237481
13,131,receive_authenticate_accumulate,0.000048703,0.000048759
13,131,receive_authenticate_accumulate,0.017229479,0.017229648
13,131,receive_authenticate_accumulate,0.000050184,0.000050185
13,131,receive_authenticate_accumulate,0.017270831,0.017244389
13,131,receive_authenticate_accumulate,0.000049685,0.000049685
13,131,receive_authenticate_accumulate,0.017232073,0.017232204
13,131,receive_authenticate_accumulate,0.000049222,0.000049185
13,131,receive_authenticate_accumulate,0.017235813,0.017235963
13,131,receive_authenticate_accumulate,0.000048795,0.000048796
13,131,receive_authenticate_accumulate,0.017223388,0.017223482
13,131,receive_authenticate_accumulate,0.000049259,0.000049241
13,131,receive_authenticate_accumulate,0.017229109,0.017229259
13,131,receive_authenticate_accumulate,0.000049259,0.000049278
13,131,receive_authenticate_accumulate,0.017230981,0.017231111
13,131,receive_authenticate_accumulate,0.000048869,0.000048851
13,131,receive_authenticate_accumulate,0.017228684,0.017228944
13,131,receive_authenticate_accumulate,0.000048480,0.000048463
13,131,receive_authenticate_accumulate,0.017227351,0.017227481
13,131,receive_authenticate_accumulate,0.000049351,0.000049407
13,131,receive_authenticate_accumulate,0.017222777,0.017222815
13,131,receive_authenticate_accumulate,0.000051314,0.000051130
13,131,receive_authenticate_accumulate,0.017287442,0.017262241
13,131,receive_authenticate_accumulate,0.000050906,0.000050870
13,131,receive_authenticate_accumulate,0.017232998,0.017233129
13,131,receive_authenticate_accumulate,0.000052091,0.000052093
13,131,reading_commitment_and_shares,0.026240483,0.026214705
13,131,receive_authenticate_accumulate,0.017226611,0.017226888
13,131,receive_authenticate_accumulate,0.000049629,0.000049666
13,131,receive_authenticate_accumulate,0.017228740,0.017228926
13,131,receive_authenticate_accumulate,0.000048110,0.000048093
13,131,receive_authenticate_accumulate,0.017230018,0.017230148
13,131,receive_authenticate_accumulate,0.000049036,0.000049018
13,131,receive_authenticate_accumulate,0.017230740,0.017230778
13,131,receive_authenticate_accumulate,0.000048147,0.000048222
13,131,receive_authenticate_accumulate,0.017259832,0.017237778
13,131,receive_authenticate_accumulate,0.000047592,0.000047593
13,131,round_coverage,0.000003815,0.000003426
13,131,spatial_report,0.000039110,0.000038926
13,132,round_reset,0.000010018,0.000008648
13,132,receive_authenticate_accumulate,0.017225021,0.017225185
13,132,receive_authenticate_accumulate,0.000050591,0.000050463
13,132,receive_authenticate_accumulate,0.017241927,0.017242148
13,132,receive_authenticate_accumulate,0.000050388,0.000050389
13,132,receive_authenticate_accumulate,0.017227836,0.017227926
13,132,receive_authenticate_accumulate,0.000049759,0.000049741
13,132,receive_authenticate_accumulate,0.017229799,0.017230018
13,132,receive_authenticate_accumulate,0.000050814,0.000050796
13,132,receive_authenticate_accumulate,0.017275001,0.017248407
13,132,receive_authenticate_accumulate,0.000050518,0.000050426
13,132,receive_authenticate_accumulate,0.017255946,0.017256223
13,132,receive_authenticate_accumulate,0.000048759,0.000048722
13,132,receive_authenticate_accumulate,0.017234057,0.017234314
13,132,receive_authenticate_accumulate,0.000048370,0.000048408
13,132,receive_authenticate_accumulate,0.017222669,0.017222815
13,132,receive_authenticate_accumulate,0.000046943,0.000046963
13,132,receive_authenticate_accumulate,0.017222021,0.017222185
13,132,receive_authenticate_accumulate,0.000048295,0.000048278
13,132,receive_authenticate_accumulate,0.017228799,0.017228963
13,132,receive_authenticate_accumulate,0.000047684,0.000047667
13,132,receive_authenticate_accumulate,0.017234984,0.017235166
13,132,receive_authenticate_accumulate,0.000047407,0.000047463
13,132,receive_authenticate_accumulate,0.017230280,0.017230426
13,132,receive_authenticate_accumulate,0.000047073,0.000047093
13,132,receive_authenticate_accumulate,0.017220151,0.017220315
13,132,receive_authenticate_accumulate,0.000047944,0.000047833
13,132,receive_authenticate_accumulate,0.017230743,0.017230815
13,132,receive_authenticate_accumulate,0.000048870,0.000048926
13,132,receive_authenticate_accumulate,0.017229354,0.017229444
13,132,receive_authenticate_accumulate,0.000049017,0.000049037
13,132,reading_commitment_and_shares,0.026201359,0.026201796
13,132,receive_authenticate_accumulate,0.017232058,0.017232148
13,132,receive_authenticate_accumulate,0.000047611,0.000047703
13,132,receive_authenticate_accumulate,0.017226725,0.017226963
13,132,receive_authenticate_accumulate,0.000048129,0.000048314
13,132,receive_authenticate_accumulate,0.017233076,0.017233204
13,132,receive_authenticate_accumulate,0.000049832,0.000049852
13,132,receive_authenticate_accumulate,0.017230040,0.017230296
13,132,receive_authenticate_accumulate,0.000050555,0.000050593
13,132,receive_authenticate_accumulate,0.017267373,0.017243185
13,132,receive_authenticate_accumulate,0.000048574,0.000048611
13,132,round_coverage,0.000003963,0.000003408
13,132,spatial_report,0.000040018,0.000039814
13,133,round_reset,0.000009296,0.000008056
13,133,receive_authenticate_accumulate,0.017222672,0.017222889
13,133,receive_authenticate_accumulate,0.000049573,0.000049593
13,133,receive_authenticate_accumulate,0.017222616,0.017222741
13,133,receive_authenticate_accumulate,0.000050221,0.000050203
13,133,receive_authenticate_accumulate,0.017226912,0.017226981
13,133,receive_authenticate_accumulate,0.000049517,0.000049296
13,133,receive_authenticate_accumulate,0.017233209,0.017233314
13,133,receive_authenticate_accumulate,0.000049499,0.000049463
13,133,receive_authenticate_accumulate,0.017225561,0.017225759
13,133,receive_authenticate_accumulate,0.000049758,0.000049666
13,133,receive_authenticate_accumulate,0.017222561,0.017222759
13,133,receive_authenticate_accumulate,0.000049184,0.000049185
13,133,receive_authenticate_accumulate,0.017235913,0.017236111
13,133,receive_authenticate_accumulate,0.000048592,0.000048574
13,133,receive_authenticate_accumulate,0.017222542,0.017222704
13,133,receive_authenticate_accumulate,0.000052314,0.000052223
13,133,receive_authenticate_accumulate,0.017229987,0.017230000
13,133,receive_authenticate_accumulate,0.000049555,0.000049482
13,133,receive_authenticate_accumulate,0.017230783,0.017230963
13,133,receive_authenticate_accumulate,0.000048814,0.000048741
13,133,receive_authenticate_accumulate,0.017225746,0.017226018
13,133,receive_authenticate_accumulate,0.000048018,0.000048056
13,133,receive_authenticate_accumulate,0.017235950,0.017236148
13,133,receive_authenticate_accumulate,0.000048129,0.000048129
13,133,receive_authenticate_accumulate,0.017844403,0.017759741
13,133,receive_authenticate_accumulate,0.000051666,0.000051741
13,133,receive_authenticate_accumulate,0.017235746,0.017235926
13,133,receive_authenticate_accumulate,0.000047777,0.000047723
13,133,receive_authenticate_accumulate,0.017226691,0.017227037
13,133,receive_authenticate_accumulate,0.000048481,0.000048482
13,133,reading_commitment_and_shares,0.026201753,0.026202019
13,133,receive_authenticate_accumulate,0.017226173,0.017226463
13,133,receive_authenticate_accumulate,0.000049388,0.000049278
13,133,receive_authenticate_accumulate,0.017230024,0.017230407
13,133,receive_authenticate_accumulate,0.000048629,0.000048556
13,133,receive_authenticate_accumulate,0.017258320,0.017236927
13,133,receive_authenticate_accumulate,0.000048851,0.000048814
13,133,receive_authenticate_accumulate,0.017278024,0.017247463
13,133,receive_authenticate_accumulate,0.000049611,0.000049518
13,133,receive_authenticate_accumulate,0.017228802,0.017229037
13,133,receive_authenticate_accumulate,0.000049073,0.000049037
13,133,round_coverage,0.000004037,0.000003611
13,133,spatial_report,0.000040537,0.000040315
13,134,round_reset,0.000009185,0.000007944
13,134,receive_authenticate_accumulate,0.017230694,0.017230760
13,134,receive_authenticate_accumulate,0.000050517,0.000050445
13,134,receive_authenticate_accumulate,0.017231490,0.017231778
13,134,receive_authenticate_accumulate,0.000048833,0.000048760
13,134,receive_authenticate_accumulate,0.017230398,0.017230593
13,134,receive_authenticate_accumulate,0.000050462,0.000050426
13,134,receive_authenticate_accumulate,0.017229101,0.017229278
13,134,receive_authenticate_accumulate,0.000049851,0.000049815
13,134,receive_authenticate_accumulate,0.017222046,0.017222278
13,134,receive_authenticate_accumulate,0.000050481,0.000050352
13,134,receive_authenticate_accumulate,0.017234324,0.017234518
13,134,receive_authenticate_accumulate,0.000049277,0.000049370
13,134,receive_authenticate_accumulate,0.017230028,0.017230296
13,134,receive_authenticate_accumulate,0.000049740,0.000049777
13,134,receive_authenticate_accumulate,0.017220916,0.017221203
13,134,receive_authenticate_accumulate,0.000050314,0.000050444
13,134,receive_authenticate_accumulate,0.017223120,0.017223352
13,134,receive_authenticate_accumulate,0.000049407,0.000049389
13,134,receive_authenticate_accumulate,0.017227046,0.017227259
13,134,receive_authenticate_accumulate,0.000049351,0.000049352
13,134,receive_authenticate_accumulate,0.017223453,0.017223704
13,134,receive_authenticate_accumulate,0.000053351,0.000053518
13,134,receive_authenticate_accumulate,0.017225638,0.017225833
13,134,receive_authenticate_accumulate,0.000050000,0.000049834
13,134,receive_authenticate_accumulate,0.017228138,0.017228241
13,134,receive_authenticate_accumulate,0.000048888,0.000048889
13,134,receive_authenticate_accumulate,0.017225972,0.017226259
13,134,receive_authenticate_accumulate,0.000050517,0.000050611
13,134,receive_authenticate_accumulate,0.017225306,0.017225481
13,134,receive_authenticate_accumulate,0.000048832,0.000048852
13,134,reading_commitment_and_shares,0.026251294,0.026224018
13,134,receive_authenticate_accumulate,0.017221694,0.017221963
13,134,receive_authenticate_accumulate,0.000049499,0.000049500
13,134,receive_authenticate_accumulate,0.017215769,0.017216074
13,134,receive_authenticate_accumulate,0.000047277,0.000047314
13,134,receive_authenticate_accumulate,0.017233231,0.017233444
13,134,receive_authenticate_accumulate,0.000048574,0.000048537
13,134,receive_authenticate_accumulate,0.017221491,0.017221482
13,134,receive_authenticate_accumulate,0.000047592,0.000047666
13,134,receive_authenticate_accumulate,0.017226343,0.017226407
13,134,receive_authenticate_accumulate,0.000048777,0.000048685
13,134,round_coverage,0.000003593,0.000003149
13,134,spatial_report,0.000039795,0.000039685
13,135,round_reset,0.000009278,0.000007870
13,135,receive_authenticate_accumulate,0.017233975,0.017234074
13,135,receive_authenticate_accumulate,0.000048647,0.000048704
13,135,receive_authenticate_accumulate,0.017236345,0.017236481
13,135,receive_authenticate_accumulate,0.000049425,0.000049463
13,135,receive_authenticate_accumulate,0.017227289,0.017227482
13,135,receive_authenticate_accumulate,0.000050091,0.000050074
13,135,receive_authenticate_accumulate,0.017229493,0.017229519
13,135,receive_authenticate_accumulate,0.000049055,0.000049093
13,135,receive_authenticate_accumulate,0.017227234,0.017227444
13,135,receive_authenticate_accumulate,0.000049092,0.000049074
13,135,receive_authenticate_accumulate,0.017230307,0.017230611
13,135,receive_authenticate_accumulate,0.000049480,0.000049518
13,135,receive_authenticate_accumulate,0.017230678,0.017231000
13,135,receive_authenticate_accumulate,0.000049462,0.000049426
13,135,receive_authenticate_accumulate,0.017226937,0.017227093
13,135,receive_authenticate_accumulate,0.000050147,0.000050074
13,135,receive_authenticate_accumulate,0.017220457,0.017220740
13,135,receive_authenticate_accumulate,0.000048092,0.000048074
13,135,receive_authenticate_accumulate,0.017223456,0.017223556
13,135,receive_authenticate_accumulate,0.000048018,0.000048000
13,135,receive_authenticate_accumulate,0.017228938,0.017229240
13,135,receive_authenticate_accumulate,0.000051222,0.000051185
13,135,receive_authenticate_accumulate,0.017229123,0.017229463
13,135,receive_authenticate_accumulate,0.000048610,0.000048685
13,135,receive_authenticate_accumulate,0.017231494,0.017231667
13,135,receive_authenticate_accumulate,0.000070944,0.000070889
13,135,receive_authenticate_accumulate,0.017236771,0.017237019
13,135,receive_authenticate_accumulate,0.000047869,0.000047834
13,135,receive_authenticate_accumulate,0.017213734,0.017213797
13,135,receive_authenticate_accumulate,0.000051555,0.000051666
13,135,reading_commitment_and_shares,0.026232114,0.026215019
13,135,receive_authenticate_accumulate,0.017237642,0.017237685
13,135,receive_authenticate_accumulate,0.000049888,0.000049907
13,135,receive_authenticate_accumulate,0.017224382,0.017224500
13,135,receive_authenticate_accumulate,0.000050888,0.000050871
13,135,receive_authenticate_accumulate,0.017268770,0.017242371
13,135,receive_authenticate_accumulate,0.000050258,0.000050333
13,135,receive_authenticate_accumulate,0.017228178,0.017228149
13,135,receive_authenticate_accumulate,0.000049796,0.000049796
13,135,receive_authenticate_accumulate,0.017221957,0.017222092
13,135,receive_authenticate_accumulate,0.000051091,0.000051111
13,135,round_coverage,0.000003926,0.000003407
13,135,spatial_report,0.000039629,0.000039444
13,136,round_reset,0.000009203,0.000008167
13,136,receive_authenticate_accumulate,0.017227496,0.017227593
13,136,receive_authenticate_accumulate,0.000050332,0.000050296
13,136,receive_authenticate_accumulate,0.017224755,0.017224815
13,136,receive_authenticate_accumulate,0.000048499,0.000048481
13,136,receive_authenticate_accumulate,0.017250477,0.017234074
13,136,receive_authenticate_accumulate,0.000051517,0.000051574
13,136,receive_authenticate_accumulate,0.017224607,0.017224685
13,136,receive_authenticate_accumulate,0.000049832,0.000049797
13,136,receive_authenticate_accumulate,0.017244922,0.017246055
13,136,receive_authenticate_accumulate,0.000052425,0.000052296
13,136,receive_authenticate_accumulate,0.017248107,0.017248055
13,136,receive_authenticate_accumulate,0.000050110,0.000050074
13,136,receive_authenticate_accumulate,0.017266459,0.017241148
13,136,receive_authenticate_accumulate,0.000049481,0.000049537
13,136,receive_authenticate_accumulate,0.017235459,0.017235574
13,136,receive_authenticate_accumulate,0.000050648,0.000050648
13,136,receive_authenticate_accumulate,0.017229256,0.017229389
13,136,receive_authenticate_accumulate,0.000047740,0.000047777
13,136,receive_authenticate_accumulate,0.017230644,0.017230741
13,136,receive_authenticate_accumulate,0.000048259,0.000048222
13,136,receive_authenticate_accumulate,0.017220996,0.017221167
13,136,receive_authenticate_accumulate,0.000049351,0.000049352
13,136,receive_authenticate_accumulate,0.017222718,0.017222759
13,136,receive_authenticate_accumulate,0.000048258,0.000048297
13,136,receive_authenticate_accumulate,0.017227237,0.017227333
13,136,receive_authenticate_accumulate,0.000051221,0.000051204
13,136,receive_authenticate_accumulate,0.017281181,0.017240296
13,136,receive_authenticate_accumulate,0.000049592,0.000049537
13,136,receive_authenticate_accumulate,0.017229497,0.017229519
13,136,receive_authenticate_accumulate,0.000049462,0.000049463
13,136,reading_commitment_and_shares,0.026200489,0.026200852
13,136,receive_authenticate_accumulate,0.017233422,0.017233500
13,136,receive_authenticate_accumulate,0.000047962,0.000048074
13,136,receive_authenticate_accumulate,0.017231181,0.017231296
13,136,receive_authenticate_accumulate,0.000050277,0.000050371
13,136,receive_authenticate_accumulate,0.017222534,0.017222500
13,136,receive_authenticate_accumulate,0.000049388,0.000049519
13,136,receive_authenticate_accumulate,0.017232996,0.017233130
13,136,receive_authenticate_accumulate,0.000052277,0.000052278
13,136,receive_authenticate_accumulate,0.017229311,0.017229315
13,136,receive_authenticate_accumulate,0.000049536,0.000049537
13,136,round_coverage,0.000003908,0.000003426
13,136,spatial_report,0.000040907,0.000040648
13,137,round_reset,0.000009852,0.000007815
13,137,receive_authenticate_accumulate,0.017233628,0.017233889
13,137,receive_authenticate_accumulate,0.000049314,0.000049334
13,137,receive_authenticate_accumulate,0.017260776,0.017241741
13,137,receive_authenticate_accumulate,0.000048259,0.000048259
13,137,receive_authenticate_accumulate,0.017233351,0.017233333
13,137,receive_authenticate_accumulate,0.000048962,0.000048963
13,137,receive_authenticate_accumulate,0.017229313,0.017229037
13,137,receive_authenticate_accumulate,0.000049926,0.000049926
13,137,receive_authenticate_accumulate,0.017234572,0.017234630
13,137,receive_authenticate_accumulate,0.000071592,0.000071629
13,137,receive_authenticate_accumulate,0.017238498,0.017238666
13,137,receive_authenticate_accumulate,0.000049314,0.000049371
13,137,receive_authenticate_accumulate,0.017232147,0.017232241
13,137,receive_authenticate_accumulate,0.000046425,0.000046482
13,137,receive_authenticate_accumulate,0.017222444,0.017222426
13,137,receive_authenticate_accumulate,0.000047444,0.000047389
13,137,receive_authenticate_accumulate,0.017227092,0.017227203
13,137,receive_authenticate_accumulate,0.000051425,0.000051408
13,137,receive_authenticate_accumulate,0.017231314,0.017231407
13,137,receive_authenticate_accumulate,0.000050407,0.000050426
13,137,receive_authenticate_accumulate,0.017224203,0.017224186
13,137,receive_authenticate_accumulate,0.000049814,0.000049815
13,137,receive_authenticate_accumulate,0.017226314,0.017226537
13,137,receive_authenticate_accumulate,0.000048592,0.000048611
13,137,receive_authenticate_accumulate,0.017889748,0.017846777
13,137,receive_authenticate_accumulate,0.000052907,0.000052870
13,137,receive_authenticate_accumulate,0.017230369,0.017230425
13,137,receive_authenticate_accumulate,0.000049111,0.000048944
13,137,receive_authenticate_accumulate,0.017225666,0.017225611
13,137,receive_authenticate_accumulate,0.000048888,0.000048889
13,137,reading_commitment_and_shares,0.026200937,0.026201241
13,137,receive_authenticate_accumulate,0.017235814,0.017235926
13,137,receive_authenticate_accumulate,0.000049407,0.000049370
13,137,receive_authenticate_accumulate,0.017228036,0.017228222
13,137,receive_authenticate_accumulate,0.000048240,0.000048241
13,137,receive_authenticate_accumulate,0.017225518,0.017225722
13,137,receive_authenticate_accumulate,0.000050129,0.000050074
13,137,receive_authenticate_accumulate,0.017222758,0.017222723
13,137,receive_authenticate_accumulate,0.000048851,0.000048852
13,137,receive_authenticate_accumulate,0.017273869,0.017251371
13,137,receive_authenticate_accumulate,0.000049629,0.000049593
13,137,round_coverage,0.000004278,0.000003944
13,137,spatial_report,0.000040296,0.000040148
13,138,round_reset,0.000010259,0.000009203
13,138,receive_authenticate_accumulate,0.017231224,0.017231482
13,138,receive_authenticate_accumulate,0.000050555,0.000050611
13,138,receive_authenticate_accumulate,0.017230519,0.017230723
13,138,receive_authenticate_accumulate,0.000050036,0.000050037
13,138,receive_authenticate_accumulate,0.017232427,0.017232778
13,138,receive_authenticate_accumulate,0.000050165,0.000050222
13,138,receive_authenticate_accumulate,0.017226853,0.017227056
13,138,receive_authenticate_accumulate,0.000049555,0.000049574
13,138,receive_authenticate_accumulate,0.017222835,0.017222797
13,138,receive_authenticate_accumulate,0.000050407,0.000050426
13,138,receive_authenticate_accumulate,0.017228149,0.017228241
13,138,receive_authenticate_accumulate,0.000049926,0.000049926
13,138,receive_authenticate_accumulate,0.017235038,0.017235111
13,138,receive_authenticate_accumulate,0.000048685,0.000048685
13,138,receive_authenticate_accumulate,0.017264186,0.017239464
13,138,receive_authenticate_accumulate,0.000048332,0.000048426
13,138,receive_authenticate_accumulate,0.017228464,0.017228852
13,138,receive_authenticate_accumulate,0.000049240,0.000049222
13,138,receive_authenticate_accumulate,0.017231983,0.017232222
13,138,receive_authenticate_accumulate,0.000048574,0.000048519
13,138,receive_authenticate_accumulate,0.017238501,0.017238482
13,138,receive_authenticate_accumulate,0.000051518,0.000051519
13,138,receive_authenticate_accumulate,0.017218131,0.017218222
13,138,receive_authenticate_accumulate,0.000049906,0.000049870
13,138,receive_authenticate_accumulate,0.017255371,0.017239333
13,138,receive_authenticate_accumulate,0.000050925,0.000050963
13,138,receive_authenticate_accumulate,0.017224223,0.017224259
13,138,receive_authenticate_accumulate,0.000049962,0.000049982
13,138,receive_authenticate_accumulate,0.017230780,0.017230777
13,138,receive_authenticate_accumulate,0.000051111,0.000051018
13,138,reading_commitment_and_shares,0.026198441,0.026198667
13,138,receive_authenticate_accumulate,0.017225112,0.017225389
13,138,receive_authenticate_accumulate,0.000051036,0.000051111
13,138,receive_authenticate_accumulate,0.017229316,0.017229852
13,138,receive_authenticate_accumulate,0.000049147,0.000049093
13,138,receive_authenticate_accumulate,0.017229983,0.017230167
13,138,receive_authenticate_accumulate,0.000049092,0.000049093
13,138,receive_authenticate_accumulate,0.017223465,0.017223648
13,138,receive_authenticate_accumulate,0.000048851,0.000048778
13,138,receive_authenticate_accumulate,0.017219613,0.017219741
13,138,receive_authenticate_accumulate,0.000049555,0.000049537
13,138,round_coverage,0.000003907,0.000003370
13,138,spatial_report,0.000039777,0.000039574
13,139,round_reset,0.000009166,0.000008000
13,139,receive_authenticate_accumulate,0.017238152,0.017238537
13,139,receive_authenticate_accumulate,0.000051777,0.000051741
13,139,receive_authenticate_accumulate,0.017235670,0.017235740
13,139,receive_authenticate_accumulate,0.000048851,0.000048889
13,139,receive_authenticate_accumulate,0.017232170,0.017232241
13,139,receive_authenticate_accumulate,0.000049980,0.000049907
13,139,receive_authenticate_accumulate,0.017231725,0.017231741
13,139,receive_authenticate_accumulate,0.000050444,0.000050519
13,139,receive_authenticate_accumulate,0.017224597,0.017224704
13,139,receive_authenticate_accumulate,0.000049426,0.000049426
13,139,receive_authenticate_accumulate,0.017230023,0.017230296
13,139,receive_authenticate_accumulate,0.000049444,0.000049463
13,139,receive_authenticate_accumulate,0.017226800,0.017226944
13,139,receive_authenticate_accumulate,0.000050426,0.000050315
13,139,receive_authenticate_accumulate,0.017243170,0.017243130
13,139,receive_authenticate_accumulate,0.000050462,0.000050370
13,139,receive_authenticate_accumulate,0.017229819,0.017229740
13,139,receive_authenticate_accumulate,0.000049351,0.000049389
13,139,receive_authenticate_accumulate,0.017266818,0.017237925
13,139,receive_authenticate_accumulate,0.000049536,0.000049574
13,139,receive_authenticate_accumulate,0.017225467,0.017225574
13,139,receive_authenticate_accumulate,0.000049240,0.000049222
13,139,receive_authenticate_accumulate,0.017274781,0.017248425
13,139,receive_authenticate_accumulate,0.000049925,0.000049833
13,139,receive_authenticate_accumulate,0.017258392,0.017233351
13,139,receive_authenticate_accumulate,0.000048721,0.000048722
13,139,receive_authenticate_accumulate,0.017235726,0.017235760
13,139,receive_authenticate_accumulate,0.000051981,0.000051851
13,139,receive_authenticate_accumulate,0.017308447,0.017250629
13,139,receive_authenticate_accumulate,0.000051203,0.000051130
13,139,reading_commitment_and_shares,0.026214667,0.026215055
13,139,receive_authenticate_accumulate,0.017221412,0.017221555
13,139,receive_authenticate_accumulate,0.000051092,0.000050981
13,139,receive_authenticate_accumulate,0.017220838,0.017221056
13,139,receive_authenticate_accumulate,0.000049074,0.000049167
13,139,receive_authenticate_accumulate,0.017237615,0.017237889
13,139,receive_authenticate_accumulate,0.000048796,0.000048852
13,139,receive_authenticate_accumulate,0.017236560,0.017236889
13,139,receive_authenticate_accumulate,0.000049463,0.000049444
13,139,receive_authenticate_accumulate,0.017234801,0.017235018
13,139,receive_authenticate_accumulate,0.000050777,0.000050778
13,139,round_coverage,0.000003907,0.000003296
13,139,spatial_report,0.000040407,0.000040315
13,139,billing_report,0.000420031,0.000419870
14,140,period_reset,0.000023703,0.000022574
14,140,receive_authenticate_accumulate,0.000093777,0.000093574
14,140,receive_authenticate_accumulate,0.000089943,0.000089760
14,140,receive_authenticate_accumulate,0.000089943,0.000089667
14,140,receive_authenticate_accumulate,0.000090018,0.000090093
14,140,receive_authenticate_accumulate,0.000090203,0.000090037
14,140,receive_authenticate_accumulate,0.000090924,0.000090778
14,140,receive_authenticate_accumulate,0.000089332,0.000089148
14,140,receive_authenticate_accumulate,0.000071481,0.000071000
14,140,receive_authenticate_accumulate,0.000067832,0.000067482
14,140,receive_authenticate_accumulate,0.000070758,0.000070519
14,140,receive_authenticate_accumulate,0.000066184,0.000065963
14,140,receive_authenticate_accumulate,0.000065684,0.000065482
14,140,receive_authenticate_accumulate,0.000066573,0.000066352
14,140,receive_authenticate_accumulate,0.000065813,0.000065704
14,140,receive_authenticate_accumulate,0.000068610,0.000068519
14,140,randomness_commit,0.000597954,0.000598018
14,140,receive_authenticate_accumulate,0.000066981,0.000066871
14,140,receive_authenticate_accumulate,0.000066721,0.000066629
14,140,receive_authenticate_accumulate,0.000069573,0.000069407
14,140,receive_authenticate_accumulate,0.000068888,0.000068944
14,140,receive_authenticate_accumulate,0.000067258,0.000067185
14,140,receive_authenticate_accumulate,0.000083906,0.000083907
14,140,receive_authenticate_accumulate,0.000081740,0.000081741
14,140,receive_authenticate_accumulate,0.000080591,0.000080371
14,140,receive_authenticate_accumulate,0.000081591,0.000081519
14,140,receive_authenticate_accumulate,0.000082425,0.000082240
14,140,receive_authenticate_accumulate,0.000081962,0.000081926
14,140,receive_authenticate_accumulate,0.000080795,0.000080759
14,140,receive_authenticate_accumulate,0.000081666,0.000081740
14,140,receive_authenticate_accumulate,0.000081740,0.000081703
14,140,receive_authenticate_accumulate,0.000067518,0.000067518
14,140,receive_authenticate_accumulate,0.000066480,0.000066426
14,140,receive_authenticate_accumulate,0.000067906,0.000067796
14,140,receive_authenticate_accumulate,0.000067907,0.000067851
14,140,receive_authenticate_accumulate,0.000067129,0.000066889
14,140,receive_authenticate_accumulate,0.000067518,0.000067314
14,140,randomness_reveal,0.000435845,0.000435778
14,140,receive_authenticate_accumulate,0.000066202,0.000065630
14,140,receive_authenticate_accumulate,0.000066444,0.000066166
14,140,receive_authenticate_accumulate,0.000066555,0.000066593
14,140,receive_authenticate_accumulate,0.000065370,0.000065241
14,140,receive_authenticate_accumulate,0.000065813,0.000065740
14,140,committee_selection,0.000122813,0.000122833
14,140,round_reset,0.000005389,0.000004722
14,140,receive_authenticate_accumulate,0.017225506,0.017225704
14,140,receive_authenticate_accumulate,0.000046258,0.000046333
14,140,receive_authenticate_accumulate,0.017233209,0.017233518
14,140,receive_authenticate_accumulate,0.000046555,0.000046611
14,140,receive_authenticate_accumulate,0.017221617,0.017221870
14,140,receive_authenticate_accumulate,0.000046259,0.000046407
14,140,receive_authenticate_accumulate,0.017259802,0.017242055
14,140,receive_authenticate_accumulate,0.000046166,0.000046167
14,140,receive_authenticate_accumulate,0.017240265,0.017240351
14,140,receive_authenticate_accumulate,0.000046481,0.000046593
14,140,receive_authenticate_accumulate,0.017232006,0.017232018
14,140,receive_authenticate_accumulate,0.000045610,0.000045648
14,140,receive_authenticate_accumulate,0.017230636,0.017230834
14,140,receive_authenticate_accumulate,0.000046684,0.000046778
14,140,receive_authenticate_accumulate,0.017228228,0.017228389
14,140,receive_authenticate_accumulate,0.000045111,0.000044926
14,140,receive_authenticate_accumulate,0.017233284,0.017233278
14,140,receive_authenticate_accumulate,0.000045444,0.000045500
14,140,receive_authenticate_accumulate,0.017224136,0.017224370
14,140,receive_authenticate_accumulate,0.000046370,0.000046518
14,140,receive_authenticate_accumulate,0.017219950,0.017220148
14,140,receive_authenticate_accumulate,0.000045759,0.000045815
14,140,receive_authenticate_accumulate,0.017223710,0.017223685
14,140,receive_authenticate_accumulate,0.000045666,0.000045741
14,140,receive_authenticate_accumulate,0.017223413,0.017223518
14,140,receive_authenticate_accumulate,0.000065925,0.000066000
14,140,receive_authenticate_accumulate,0.017227784,0.017228019
14,140,receive_authenticate_accumulate,0.000046054,0.000046111
14,140,receive_authenticate_accumulate,0.017236413,0.017236629
14,140,receive_authenticate_accumulate,0.000046648,0.000046648
14,140,reading_commitment_and_shares,0.026246670,0.026247334
14,140,receive_authenticate_accumulate,0.017232154,0.017232093
14,140,receive_authenticate_accumulate,0.000045370,0.000045463
14,140,receive_authenticate_accumulate,0.017251821,0.017251926
14,140,receive_authenticate_accumulate,0.000047407,0.000047426
14,140,receive_authenticate_accumulate,0.017228525,0.017228592
14,140,receive_authenticate_accumulate,0.000046333,0.000046407
14,140,receive_authenticate_accumulate,0.017274839,0.017254815
14,140,receive_authenticate_accumulate,0.000046555,0.000046630
14,140,receive_authenticate_accumulate,0.017229062,0.017229130
14,140,receive_authenticate_accumulate,0.000045907,0.000045944
14,140,round_coverage,0.000003407,0.000002926
14,140,spatial_report,0.000039593,0.000039482
14,141,round_reset,0.000009185,0.000007926
14,141,receive_authenticate_accumulate,0.017227304,0.017227500
14,141,receive_authenticate_accumulate,0.000043833,0.000043815
14,141,receive_authenticate_accumulate,0.017236859,0.017237092
14,141,receive_authenticate_accumulate,0.000046888,0.000046889
14,141,receive_authenticate_accumulate,0.017231601,0.017231722
14,141,receive_authenticate_accumulate,0.000044926,0.000044982
14,141,receive_authenticate_accumulate,0.017224378,0.017224574
14,141,receive_authenticate_accumulate,0.000059832,0.000060037
14,141,receive_authenticate_accumulate,0.017227230,0.017227518
14,141,receive_authenticate_accumulate,0.000043889,0.000043982
14,141,receive_authenticate_accumulate,0.017222822,0.017222740
14,141,receive_authenticate_accumulate,0.000044073,0.000044037
14,141,receive_authenticate_accumulate,0.017227027,0.017227333
14,141,receive_authenticate_accumulate,0.000043536,0.000043518
14,141,receive_authenticate_accumulate,0.017229156,0.017229166
14,141,receive_authenticate_accumulate,0.000044092,0.000044111
14,141,receive_authenticate_accumulate,0.017222731,0.017222815
14,141,receive_authenticate_accumulate,0.000042907,0.000043000
14,141,receive_authenticate_accumulate,0.017227508,0.017227704
14,141,receive_authenticate_accumulate,0.000043852,0.000043926
14,141,receive_authenticate_accumulate,0.017228490,0.017228593
14,141,receive_authenticate_accumulate,0.000044054,0.000044111
14,141,receive_authenticate_accumulate,0.017223008,0.017223186
14,141,receive_authenticate_accumulate,0.000042703,0.000042741
14,141,receive_authenticate_accumulate,0.017221341,0.017221018
14,141,receive_authenticate_accumulate,0.000044352,0.000044388
14,141,receive_authenticate_accumulate,0.017222083,0.017222223
14,141,receive_authenticate_accumulate,0.000045555,0.000045574
14,141,receive_authenticate_accumulate,0.017221341,0.017221333
14,141,receive_authenticate_accumulate,0.000044222,0.000044333
14,141,reading_commitment_and_shares,0.026199285,0.026199574
14,141,receive_authenticate_accumulate,0.017227082,0.017227130
14,141,receive_authenticate_accumulate,0.000043963,0.000044056
14,141,receive_authenticate_accumulate,0.017271545,0.017241426
14,141,receive_authenticate_accumulate,0.000044499,0.000044611
14,141,receive_authenticate_accumulate,0.017224693,0.017224759
14,141,receive_authenticate_accumulate,0.000045277,0.000045352
14,141,receive_authenticate_accumulate,0.017229508,0.017229722
14,141,receive_authenticate_accumulate,0.000042759,0.000042704
14,141,receive_authenticate_accumulate,0.017258360,0.017234444
14,141,receive_authenticate_accumulate,0.000043777,0.000043796
14,141,round_coverage,0.000003611,0.000003093
14,141,spatial_report,0.000038333,0.000038314
14,142,round_reset,0.000044221,0.000043407
14,142,receive_authenticate_accumulate,0.017228770,0.017228926
14,142,receive_authenticate_accumulate,0.000044648,0.000044666
14,142,receive_authenticate_accumulate,0.017231713,0.017231888
14,142,receive_authenticate_accumulate,0.000045314,0.000045407
14,142,receive_authenticate_accumulate,0.017223584,0.017223555
14,142,receive_authenticate_accumulate,0.000046018,0.000046092
14,142,receive_authenticate_accumulate,0.017232991,0.017233037
14,142,receive_authenticate_accumulate,0.000045518,0.000045759
14,142,receive_authenticate_accumulate,0.017221658,0.017221740
14,142,receive_authenticate_accumulate,0.000045555,0.000045518
14,142,receive_authenticate_accumulate,0.017260046,0.017236223
14,142,receive_authenticate_accumulate,0.000046222,0.000046296
14,142,receive_authenticate_accumulate,0.017235103,0.017235222
14,142,receive_authenticate_accumulate,0.000045258,0.000045389
14,142,receive_authenticate_accumulate,0.017225233,0.017225278
14,142,receive_authenticate_accumulate,0.000046295,0.000046241
14,142,receive_authenticate_accumulate,0.017227565,0.017227574
14,142,receive_authenticate_accumulate,0.000043351,0.000043408
14,142,receive_authenticate_accumulate,0.017227880,0.017228074
14,142,receive_authenticate_accumulate,0.000046740,0.000046778
14,142,receive_authenticate_accumulate,0.017231380,0.017231537
14,142,receive_authenticate_accumulate,0.000047148,0.000047000
14,142,receive_authenticate_accumulate,0.017222769,0.017222778
14,142,receive_authenticate_accumulate,0.000047407,0.000047519
14,142,receive_authenticate_accumulate,0.017223325,0.017223481
14,142,receive_authenticate_accumulate,0.000045851,0.000045889
14,142,receive_authenticate_accumulate,0.017232529,0.017232314
14,142,receive_authenticate_accumulate,0.000047351,0.000047463
14,142,receive_authenticate_accumulate,0.017229010,0.017229037
14,142,receive_authenticate_accumulate,0.000045722,0.000045740
14,142,reading_commitment_and_shares,0.026244102,0.026215555
14,142,receive_authenticate_accumulate,0.017229937,0.017230019
14,142,receive_authenticate_accumulate,0.000045925,0.000045982
14,142,receive_authenticate_accumulate,0.017233510,0.017233667
14,142,receive_authenticate_accumulate,0.000044962,0.000045074
14,142,receive_authenticate_accumulate,0.017221677,0.017221852
14,142,receive_authenticate_accumulate,0.000044647,0.000044629
14,142,receive_authenticate_accumulate,0.017231751,0.017232037
14,142,receive_authenticate_accumulate,0.000044610,0.000044611
14,142,receive_authenticate_accumulate,0.017221325,0.017221481
14,142,receive_authenticate_accumulate,0.000046074,0.000046166
14,142,round_coverage,0.000003759,0.000003370
14,142,spatial_report,0.000039926,0.000039815
14,143,round_reset,0.000008963,0.000007981
14,143,receive_authenticate_accumulate,0.017234512,0.017234463
14,143,receive_authenticate_accumulate,0.000045203,0.000045259
14,143,receive_authenticate_accumulate,0.017223975,0.017224111
14,143,receive_authenticate_accumulate,0.000044332,0.000044463
14,143,receive_authenticate_accumulate,0.017228790,0.017228778
14,143,receive_authenticate_accumulate,0.000044925,0.000044907
14,143,receive_authenticate_accumulate,0.017240215,0.017240296
14,143,receive_authenticate_accumulate,0.000045259,0.000045315
14,143,receive_authenticate_accumulate,0.017233512,0.017233278
14,143,receive_authenticate_accumulate,0.000045129,0.000045259
14,143,receive_authenticate_accumulate,0.017224826,0.017225000
14,143,receive_authenticate_accumulate,0.000046166,0.000046185
14,143,receive_authenticate_accumulate,0.017225845,0.017225981
14,143,receive_authenticate_accumulate,0.000044906,0.000044982
14,143,receive_authenticate_accumulate,0.017238623,0.017238648
14,143,receive_authenticate_accumulate,0.000046166,0.000046185
14,143,receive_authenticate_accumulate,0.017237919,0.017237907
14,143,receive_authenticate_accumulate,0.000045796,0.000045833
14,143,receive_authenticate_accumulate,0.017226808,0.017227019
14,143,receive_authenticate_accumulate,0.000045129,0.000045167
14,143,receive_authenticate_accumulate,0.017237956,0.017238148
14,143,receive_authenticate_accumulate,0.000046425,0.000046481
14,143,receive_authenticate_accumulate,0.017225290,0.017225482
14,143,receive_authenticate_accumulate,0.000045796,0.000045796
14,143,receive_authenticate_accumulate,0.017224327,0.017224352
14,143,receive_authenticate_accumulate,0.000045981,0.000046000
14,143,receive_authenticate_accumulate,0.017269289,0.017269481
14,143,receive_authenticate_accumulate,0.000046740,0.000046685
14,143,receive_authenticate_accumulate,0.017232698,0.017232611
14,143,receive_authenticate_accumulate,0.000048610,0.000048704
14,143,reading_commitment_and_shares,0.026232605,0.026214518
14,143,receive_authenticate_accumulate,0.017230068,0.017230148
14,143,receive_authenticate_accumulate,0.000046832,0.000047000
14,143,receive_authenticate_accumulate,0.017237661,0.017237741
14,143,receive_authenticate_accumulate,0.000045777,0.000045889
14,143,receive_authenticate_accumulate,0.017229401,0.017229463
14,143,receive_authenticate_accumulate,0.000046277,0.000046352
14,143,receive_authenticate_accumulate,0.017238827,0.017238908
14,143,receive_authenticate_accumulate,0.000046648,0.000046759
14,143,receive_authenticate_accumulate,0.017225068,0.017225148
14,143,receive_authenticate_accumulate,0.000046407,0.000046463
14,143,round_coverage,0.000004148,0.000003574
14,143,spatial_report,0.000038574,0.000038444
14,144,round_reset,0.000009556,0.000008223
14,144,receive_authenticate_accumulate,0.017226347,0.017226352
14,144,receive_authenticate_accumulate,0.000051536,0.000051519
14,144,receive_authenticate_accumulate,0.017252680,0.017229037
14,144,receive_authenticate_accumulate,0.000062517,0.000062444
14,144,receive_authenticate_accumulate,0.017217995,0.017217981
14,144,receive_authenticate_accumulate,0.000051444,0.000051425
14,144,receive_authenticate_accumulate,0.017225421,0.017225370
14,144,receive_authenticate_accumulate,0.000054999,0.000054963
14,144,receive_authenticate_accumulate,0.017226884,0.017227018
14,144,receive_authenticate_accumulate,0.000052111,0.000052111
14,144,receive_authenticate_accumulate,0.017235921,0.017236111
14,144,receive_authenticate_accumulate,0.000051407,0.000051500
14,144,receive_authenticate_accumulate,0.017220477,0.017220370
14,144,receive_authenticate_accumulate,0.000051110,0.000051185
14,144,receive_authenticate_accumulate,0.017221384,0.017221388
14,144,receive_authenticate_accumulate,0.000051592,0.000051592
14,144,receive_authenticate_accumulate,0.017234032,0.017234037
14,144,receive_authenticate_accumulate,0.000050777,0.000050778
14,144,receive_authenticate_accumulate,0.017226884,0.017226926
14,144,receive_authenticate_accumulate,0.000051110,0.000051111
14,144,receive_authenticate_accumulate,0.017263921,0.017239536
14,144,receive_authenticate_accumulate,0.000050666,0.000050574
14,144,receive_authenticate_accumulate,0.017231699,0.017231592
14,144,receive_authenticate_accumulate,0.000051351,0.000051278
14,144,receive_authenticate_accumulate,0.017319235,0.017260056
14,144,receive_authenticate_accumulate,0.000051870,0.000051870
14,144,receive_authenticate_accumulate,0.017234347,0.017234352
14,144,receive_authenticate_accumulate,0.000051999,0.000051944
14,144,receive_authenticate_accumulate,0.017219106,0.017219278
14,144,receive_authenticate_accumulate,0.000055370,0.000055129
14,144,reading_commitment_and_shares,0.026211812,0.026212148
14,144,receive_authenticate_accumulate,0.017215477,0.017215685
14,144,receive_authenticate_accumulate,0.000051648,0.000051592
14,144,receive_authenticate_accumulate,0.017229514,0.017229648
14,144,receive_authenticate_accumulate,0.000051777,0.000051815
14,144,receive_authenticate_accumulate,0.017228384,0.017228426
14,144,receive_authenticate_accumulate,0.000052555,0.000052574
14,144,receive_authenticate_accumulate,0.017220940,0.017221148
14,144,receive_authenticate_accumulate,0.000052092,0.000052018
14,144,receive_authenticate_accumulate,0.017228366,0.017228463
14,144,receive_authenticate_accumulate,0.000051703,0.000051870
14,144,round_coverage,0.000003518,0.000003074
14,144,spatial_report,0.000040722,0.000040556
14,145,round_reset,0.000010518,0.000009297
14,145,receive_authenticate_accumulate,0.017220478,0.017220518
14,145,receive_authenticate_accumulate,0.000050277,0.000050389
14,145,receive_authenticate_accumulate,0.017221552,0.017221444
14,145,receive_authenticate_accumulate,0.000049815,0.000049778
14,145,receive_authenticate_accumulate,0.017215016,0.017215185
14,145,receive_authenticate_accumulate,0.000052610,0.000052722
14,145,receive_authenticate_accumulate,0.017228515,0.017228741
14,145,receive_authenticate_accumulate,0.000053777,0.000053796
14,145,receive_authenticate_accumulate,0.017220404,0.017220593
14,145,receive_authenticate_accumulate,0.000050851,0.000050834
14,145,receive_authenticate_accumulate,0.017234663,0.017234740
14,145,receive_authenticate_accumulate,0.000051703,0.000051778
14,145,receive_authenticate_accumulate,0.017270218,0.017244223
14,145,receive_authenticate_accumulate,0.000053203,0.000053037
14,145,receive_authenticate_accumulate,0.017220719,0.017220944
14,145,receive_authenticate_accumulate,0.000051536,0.000051518
14,145,receive_authenticate_accumulate,0.017221497,0.017221537
14,145,receive_authenticate_accumulate,0.000053055,0.000053148
14,145,receive_authenticate_accumulate,0.017232089,0.017232278
14,145,receive_authenticate_accumulate,0.000049759,0.000049852
14,145,receive_authenticate_accumulate,0.017222348,0.017222463
14,145,receive_authenticate_accumulate,0.000051629,0.000051667
14,145,receive_authenticate_accumulate,0.017231552,0.017231667
14,145,receive_authenticate_accumulate,0.000051499,0.000051463
14,145,receive_authenticate_accumulate,0.017222608,0.017222592
14,145,receive_authenticate_accumulate,0.000051574,0.000051537
14,145,receive_authenticate_accumulate,0.017232090,0.017232148
14,145,receive_authenticate_accumulate,0.000050648,0.000050611
14,145,receive_authenticate_accumulate,0.017231164,0.017231240
14,145,receive_authenticate_accumulate,0.000048462,0.000048463
14,145,reading_commitment_and_shares,0.026204370,0.026204722
14,145,receive_authenticate_accumulate,0.017218831,0.017218926
14,145,receive_authenticate_accumulate,0.000051536,0.000051537
14,145,receive_authenticate_accumulate,0.017219423,0.017219093
14,145,receive_authenticate_accumulate,0.000051629,0.000051555
14,145,receive_authenticate_accumulate,0.017219923,0.017220018
14,145,receive_authenticate_accumulate,0.000050407,0.000050315
14,145,receive_authenticate_accumulate,0.017230015,0.017230240
14,145,receive_authenticate_accumulate,0.000050018,0.000050000
14,145,receive_authenticate_accumulate,0.017296199,0.017249259
14,145,receive_authenticate_accumulate,0.000049906,0.000049908
14,145,round_coverage,0.000003352,0.000002871
14,145,spatial_report,0.000040222,0.000040074
14,146,round_reset,0.000009166,0.000007871
14,146,receive_authenticate_accumulate,0.017236887,0.017236981
14,146,receive_authenticate_accumulate,0.000050314,0.000050259
14,146,receive_authenticate_accumulate,0.017252035,0.017230519
14,146,receive_authenticate_accumulate,0.000051943,0.000051852
14,146,receive_authenticate_accumulate,0.017225239,0.017225240
14,146,receive_authenticate_accumulate,0.000050944,0.000050870
14,146,receive_authenticate_accumulate,0.017252369,0.017252518
14,146,receive_authenticate_accumulate,0.000049333,0.000049278
14,146,receive_authenticate_accumulate,0.017231832,0.017231796
14,146,receive_authenticate_accumulate,0.000048574,0.000048537
14,146,receive_authenticate_accumulate,0.017222794,0.017222852
14,146,receive_authenticate_accumulate,0.000050055,0.000049944
14,146,receive_authenticate_accumulate,0.017246350,0.017226055
14,146,receive_authenticate_accumulate,0.000050481,0.000050500
14,146,receive_authenticate_accumulate,0.017222294,0.017222296
14,146,receive_authenticate_accumulate,0.000049074,0.000048944
14,146,receive_authenticate_accumulate,0.017224257,0.017224296
14,146,receive_authenticate_accumulate,0.000048444,0.000048389
14,146,receive_authenticate_accumulate,0.017218610,0.017218815
14,146,receive_authenticate_accumulate,0.000048944,0.000048908
14,146,receive_authenticate_accumulate,0.017217499,0.017217648
14,146,receive_authenticate_accumulate,0.000049407,0.000049445
14,146,receive_authenticate_accumulate,0.017235850,0.017235944
14,146,receive_authenticate_accumulate,0.000049814,0.000049796
14,146,receive_authenticate_accumulate,0.017218999,0.017219018
14,146,receive_authenticate_accumulate,0.000050703,0.000050703
14,146,receive_authenticate_accumulate,0.017226239,0.017226333
14,146,receive_authenticate_accumulate,0.000050017,0.000050092
14,146,receive_authenticate_accumulate,0.017254998,0.017230908
14,146,receive_authenticate_accumulate,0.000051980,0.000051926
14,146,reading_commitment_and_shares,0.026213132,0.026213463
14,146,receive_authenticate_accumulate,0.017225351,0.017225426
14,146,receive_authenticate_accumulate,0.000050092,0.000050166
14,146,receive_authenticate_accumulate,0.017221980,0.017221999
14,146,receive_authenticate_accumulate,0.000049740,0.000049686
14,146,receive_authenticate_accumulate,0.017225258,0.017225482
14,146,receive_authenticate_accumulate,0.000049055,0.000049167
14,146,receive_authenticate_accumulate,0.017229609,0.017229834
14,146,receive_authenticate_accumulate,0.000048944,0.000048907
14,146,receive_authenticate_accumulate,0.017214332,0.017214425
14,146,receive_authenticate_accumulate,0.000049074,0.000049074
14,146,round_coverage,0.000003667,0.000003185
14,146,spatial_report,0.000039444,0.000039222
14,147,round_reset,0.000008982,0.000007759
14,147,receive_authenticate_accumulate,0.017228852,0.017228907
14,147,receive_authenticate_accumulate,0.000048980,0.000048926
14,147,receive_authenticate_accumulate,0.017258500,0.017258593
14,147,receive_authenticate_accumulate,0.000055017,0.000054926
14,147,receive_authenticate_accumulate,0.017221666,0.017221852
14,147,receive_authenticate_accumulate,0.000050426,0.000050334
14,147,receive_authenticate_accumulate,0.017220740,0.017220852
14,147,receive_authenticate_accumulate,0.000050407,0.000050445
14,147,receive_authenticate_accumulate,0.017217463,0.017217740
14,147,receive_authenticate_accumulate,0.000049889,0.000049852
14,147,receive_authenticate_accumulate,0.017221129,0.017221259
14,147,receive_authenticate_accumulate,0.000052628,0.000052834
14,147,receive_authenticate_accumulate,0.017225574,0.017225648
14,147,receive_authenticate_accumulate,0.000051332,0.000051426
14,147,receive_authenticate_accumulate,0.017222555,0.017222500
14,147,receive_authenticate_accumulate,0.000050963,0.000050907
14,147,receive_authenticate_accumulate,0.017230723,0.017230926
14,147,receive_authenticate_accumulate,0.000051444,0.000051426
14,147,receive_authenticate_accumulate,0.017272129,0.017245833
14,147,receive_authenticate_accumulate,0.000050240,0.000050241
14,147,receive_authenticate_accumulate,0.017224370,0.017224481
14,147,receive_authenticate_accumulate,0.000051943,0.000051963
14,147,receive_authenticate_accumulate,0.017225629,0.017225685
14,147,receive_authenticate_accumulate,0.000051407,0.000051278
14,147,receive_authenticate_accumulate,0.017242148,0.017229982
14,147,receive_authenticate_accumulate,0.000054073,0.000054055
14,147,receive_authenticate_accumulate,0.017227815,0.017227963
14,147,receive_authenticate_accumulate,0.000051277,0.000051297
14,147,receive_authenticate_accumulate,0.017221389,0.017221555
14,147,receive_authenticate_accumulate,0.000051351,0.000051278
14,147,reading_commitment_and_shares,0.026204560,0.026204778
14,147,receive_authenticate_accumulate,0.017233556,0.017233648
14,147,receive_authenticate_accumulate,0.000050018,0.000050074
14,147,receive_authenticate_accumulate,0.017217297,0.017217297
14,147,receive_authenticate_accumulate,0.000051333,0.000051278
14,147,receive_authenticate_accumulate,0.017222760,0.017222814
14,147,receive_authenticate_accumulate,0.000051499,0.000051537
14,147,receive_authenticate_accumulate,0.017227111,0.017227204
14,147,receive_authenticate_accumulate,0.000050980,0.000051000
14,147,receive_authenticate_accumulate,0.017227037,0.017227092
14,147,receive_authenticate_accumulate,0.000050296,0.000050315
14,147,round_coverage,0.000003407,0.000002704
14,147,spatial_report,0.000038592,0.000038352
14,148,round_reset,0.000009518,0.000007722
14,148,receive_authenticate_accumulate,0.017256094,0.017234332
14,148,receive_authenticate_accumulate,0.000049870,0.000049908
14,148,receive_authenticate_accumulate,0.017268464,0.017236222
14,148,receive_authenticate_accumulate,0.000051907,0.000051870
14,148,receive_authenticate_accumulate,0.017227039,0.017227037
14,148,receive_authenticate_accumulate,0.000050555,0.000050630
14,148,receive_authenticate_accumulate,0.017229112,0.017229129
14,148,receive_authenticate_accumulate,0.000051777,0.000051908
14,148,receive_authenticate_accumulate,0.017230539,0.017230741
14,148,receive_authenticate_accumulate,0.000050796,0.000050704
14,148,receive_authenticate_accumulate,0.017245908,0.017245963
14,148,receive_authenticate_accumulate,0.000056110,0.000056111
14,148,receive_authenticate_accumulate,0.017225613,0.017225685
14,148,receive_authenticate_accumulate,0.000050110,0.000050130
14,148,receive_authenticate_accumulate,0.017287815,0.017248649
14,148,receive_authenticate_accumulate,0.000051685,0.000051686
14,148,receive_authenticate_accumulate,0.017219650,0.017219704
14,148,receive_authenticate_accumulate,0.000050091,0.000049963
14,148,receive_authenticate_accumulate,0.017228502,0.017228666
14,148,receive_authenticate_accumulate,0.000048426,0.000048314
14,148,receive_authenticate_accumulate,0.017227002,0.017227074
14,148,receive_authenticate_accumulate,0.000051092,0.000051037
14,148,receive_authenticate_accumulate,0.017263779,0.017238148
14,148,receive_authenticate_accumulate,0.000049703,0.000049500
14,148,receive_authenticate_accumulate,0.017248409,0.017237611
14,148,receive_authenticate_accumulate,0.000052018,0.000051982
14,148,receive_authenticate_accumulate,0.017253649,0.017231778
14,148,receive_authenticate_accumulate,0.000049833,0.000049815
14,148,receive_authenticate_accumulate,0.017219946,0.017220000
14,148,receive_authenticate_accumulate,0.000053295,0.000053130
14,148,reading_commitment_and_shares,0.026210432,0.026210741
14,148,receive_authenticate_accumulate,0.017222168,0.017222352
14,148,receive_authenticate_accumulate,0.000051166,0.000051167
14,148,receive_authenticate_accumulate,0.017226538,0.017226500
14,148,receive_authenticate_accumulate,0.000052370,0.000052315
14,148,receive_authenticate_accumulate,0.017224057,0.017224259
14,148,receive_authenticate_accumulate,0.000049481,0.000049481
14,148,receive_authenticate_accumulate,0.017230594,0.017230852
14,148,receive_authenticate_accumulate,0.000049796,0.000049741
14,148,receive_authenticate_accumulate,0.017223761,0.017224037
14,148,receive_authenticate_accumulate,0.000050629,0.000050704
14,148,round_coverage,0.000003796,0.000003222
14,148,spatial_report,0.000040926,0.000040685
14,149,round_reset,0.000009333,0.000008111
14,149,receive_authenticate_accumulate,0.017227003,0.017226944
14,149,receive_authenticate_accumulate,0.000050796,0.000050741
14,149,receive_authenticate_accumulate,0.017216188,0.017216185
14,149,receive_authenticate_accumulate,0.000050758,0.000050740
14,149,receive_authenticate_accumulate,0.017223410,0.017223444
14,149,receive_authenticate_accumulate,0.000052406,0.000052241
14,149,receive_authenticate_accumulate,0.017217484,0.017217370
14,149,receive_authenticate_accumulate,0.000049055,0.000049055
14,149,receive_authenticate_accumulate,0.017221761,0.017221963
14,149,receive_authenticate_accumulate,0.000050629,0.000050592
14,149,receive_authenticate_accumulate,0.017226632,0.017226426
14,149,receive_authenticate_accumulate,0.000049073,0.000049093
14,149,receive_authenticate_accumulate,0.017256095,0.017232092
14,149,receive_authenticate_accumulate,0.000050055,0.000049945
14,149,receive_authenticate_accumulate,0.017222280,0.017222315
14,149,receive_authenticate_accumulate,0.000050962,0.000050981
14,149,receive_authenticate_accumulate,0.017263928,0.017264092
14,149,receive_authenticate_accumulate,0.000055333,0.000055241
14,149,receive_authenticate_accumulate,0.017228040,0.017228241
14,149,receive_authenticate_accumulate,0.000051703,0.000051722
14,149,receive_authenticate_accumulate,0.017222077,0.017222297
14,149,receive_authenticate_accumulate,0.000051647,0.000051741
14,149,receive_authenticate_accumulate,0.017225799,0.017225814
14,149,receive_authenticate_accumulate,0.000051963,0.000052148
14,149,receive_authenticate_accumulate,0.017217077,0.017217185
14,149,receive_authenticate_accumulate,0.000052796,0.000052685
14,149,receive_authenticate_accumulate,0.017222096,0.017222222
14,149,receive_authenticate_accumulate,0.000052740,0.000052630
14,149,receive_authenticate_accumulate,0.017225503,0.017225778
14,149,receive_authenticate_accumulate,0.000050315,0.000050334
14,149,reading_commitment_and_shares,0.026255508,0.026228741
14,149,receive_authenticate_accumulate,0.017219466,0.017219444
14,149,receive_authenticate_accumulate,0.000051406,0.000051407
14,149,receive_authenticate_accumulate,0.017229133,0.017229167
14,149,receive_authenticate_accumulate,0.000050092,0.000050111
14,149,receive_authenticate_accumulate,0.017231762,0.017231796
14,149,receive_authenticate_accumulate,0.000051333,0.000051445
14,149,receive_authenticate_accumulate,0.017229170,0.017229315
14,149,receive_authenticate_accumulate,0.000050722,0.000050759
14,149,receive_authenticate_accumulate,0.017228540,0.017228555
14,149,receive_authenticate_accumulate,0.000051129,0.000051148
14,149,round_coverage,0.000003740,0.000003278
14,149,spatial_report,0.000040444,0.000040203
14,149,billing_report,0.000420513,0.000420296
14,149,shutdown,0.000007611,0.000006185
