period,round,phase,wall_seconds,cpu_seconds
0,0,period_reset,0.000023666,0.000021314
0,0,receive_authenticate_accumulate,0.000076814,0.000076648
0,0,receive_authenticate_accumulate,0.000031371,0.000031333
0,0,receive_authenticate_accumulate,0.000029370,0.000029314
0,0,receive_authenticate_accumulate,0.000023314,0.000023315
0,0,receive_authenticate_accumulate,0.000028537,0.000028481
0,0,receive_authenticate_accumulate,0.000022537,0.000022519
0,0,receive_authenticate_accumulate,0.000028500,0.000028389
0,0,receive_authenticate_accumulate,0.000027278,0.000027222
0,0,receive_authenticate_accumulate,0.000021666,0.000021704
0,0,receive_authenticate_accumulate,0.000027315,0.000027314
0,0,receive_authenticate_accumulate,0.000028000,0.000027945
0,0,receive_authenticate_accumulate,0.000021722,0.000021760
0,0,receive_authenticate_accumulate,0.000026851,0.000026796
0,0,receive_authenticate_accumulate,0.000021815,0.000021759
0,0,receive_authenticate_accumulate,0.000028093,0.000028000
0,0,receive_authenticate_accumulate,0.000026537,0.000026500
0,0,receive_authenticate_accumulate,0.000021907,0.000021908
0,0,receive_authenticate_accumulate,0.000027796,0.000027760
0,0,receive_authenticate_accumulate,0.000021648,0.000021704
0,0,receive_authenticate_accumulate,0.000028204,0.000028129
0,0,receive_authenticate_accumulate,0.000047777,0.000047648
0,0,receive_authenticate_accumulate,0.000029093,0.000029037
0,0,receive_authenticate_accumulate,0.000033722,0.000033592
0,0,receive_authenticate_accumulate,0.000034482,0.000034426
0,0,receive_authenticate_accumulate,0.000028111,0.000028055
0,0,receive_authenticate_accumulate,0.000034147,0.000034055
0,0,receive_authenticate_accumulate,0.000027185,0.000027037
0,0,receive_authenticate_accumulate,0.000034185,0.000034130
0,0,receive_authenticate_accumulate,0.000033092,0.000032834
0,0,receive_authenticate_accumulate,0.000027944,0.000027852
0,0,receive_authenticate_accumulate,0.000035037,0.000035093
0,0,receive_authenticate_accumulate,0.000034055,0.000034037
0,0,receive_authenticate_accumulate,0.000027277,0.000027241
0,0,receive_authenticate_accumulate,0.000034463,0.000034351
0,0,receive_authenticate_accumulate,0.000027629,0.000027500
0,0,receive_authenticate_accumulate,0.000033352,0.000033278
0,0,receive_authenticate_accumulate,0.000033500,0.000033463
0,0,receive_authenticate_accumulate,0.000027741,0.000027685
0,0,receive_authenticate_accumulate,0.000033407,0.000033371
0,0,receive_authenticate_accumulate,0.000032425,0.000032333
0,0,committee_selection,0.000079815,0.000079685
0,0,round_reset,0.000008518,0.000008092
0,0,receive_authenticate_accumulate,0.017256405,0.017256408
0,0,receive_authenticate_accumulate,0.017228182,0.017228056
0,0,receive_authenticate_accumulate,0.017220182,0.017220092
0,0,receive_authenticate_accumulate,0.017224238,0.017224111
0,0,receive_authenticate_accumulate,0.017228998,0.017229352
0,0,receive_authenticate_accumulate,0.017231609,0.017231518
0,0,receive_authenticate_accumulate,0.017207886,0.017207926
0,0,receive_authenticate_accumulate,0.017211183,0.017211037
0,0,receive_authenticate_accumulate,0.017252313,0.017225019
0,0,receive_authenticate_accumulate,0.017205312,0.017205204
0,0,receive_authenticate_accumulate,0.017221109,0.017221055
0,0,receive_authenticate_accumulate,0.017273257,0.017241315
0,0,receive_authenticate_accumulate,0.017227683,0.017227667
0,0,receive_authenticate_accumulate,0.017210183,0.017210129
0,0,receive_authenticate_accumulate,0.017219628,0.017219556
0,0,receive_authenticate_accumulate,0.017213091,0.017213074
0,0,receive_authenticate_accumulate,0.017227628,0.017227592
0,0,receive_authenticate_accumulate,0.017220091,0.017220185
0,0,receive_authenticate_accumulate,0.017214812,0.017214777
0,0,receive_authenticate_accumulate,0.017217220,0.017217167
0,0,round_coverage,0.001605971,0.001605944
0,0,receive_authenticate_accumulate,0.000040907,0.000040778
0,0,receive_authenticate_accumulate,0.000028462,0.000028482
0,0,receive_authenticate_accumulate,0.000026889,0.000026796
0,0,receive_authenticate_accumulate,0.000027037,0.000027056
0,0,receive_authenticate_accumulate,0.000026444,0.000026425
0,0,receive_authenticate_accumulate,0.000027259,0.000027278
0,0,receive_authenticate_accumulate,0.000026592,0.000026555
0,0,receive_authenticate_accumulate,0.000026426,0.000026500
0,0,receive_authenticate_accumulate,0.000026518,0.000026537
0,0,receive_authenticate_accumulate,0.000026500,0.000026444
0,0,spatial_reconstruction_verify,0.026018440,0.026018666
0,1,round_reset,0.000014352,0.000010833
0,1,receive_authenticate_accumulate,0.037425665,0.037308573
0,1,receive_authenticate_accumulate,0.017236314,0.017236277
0,1,receive_authenticate_accumulate,0.017222815,0.017222871
0,1,receive_authenticate_accumulate,0.017220666,0.017220630
0,1,receive_authenticate_accumulate,0.017208314,0.017208241
0,1,receive_authenticate_accumulate,0.017221703,0.017221760
0,1,receive_authenticate_accumulate,0.017225185,0.017225426
0,1,receive_authenticate_accumulate,0.017213610,0.017213556
0,1,receive_authenticate_accumulate,0.017223833,0.017223907
0,1,receive_authenticate_accumulate,0.017274703,0.017245241
0,1,receive_authenticate_accumulate,0.017218037,0.017218037
0,1,receive_authenticate_accumulate,0.017223555,0.017223630
0,1,receive_authenticate_accumulate,0.017214166,0.017214223
0,1,receive_authenticate_accumulate,0.017217037,0.017217074
0,1,receive_authenticate_accumulate,0.017211815,0.017211944
0,1,receive_authenticate_accumulate,0.017220445,0.017220556
0,1,receive_authenticate_accumulate,0.017226796,0.017226741
0,1,receive_authenticate_accumulate,0.017218556,0.017218611
0,1,receive_authenticate_accumulate,0.017210519,0.017210537
0,1,receive_authenticate_accumulate,0.017214685,0.017214629
0,1,round_coverage,0.002244504,0.002244371
0,1,receive_authenticate_accumulate,0.000043148,0.000043093
0,1,receive_authenticate_accumulate,0.000030685,0.000030704
0,1,receive_authenticate_accumulate,0.000030759,0.000030741
0,1,receive_authenticate_accumulate,0.000030000,0.000029944
0,1,receive_authenticate_accumulate,0.000029592,0.000029685
0,1,receive_authenticate_accumulate,0.000029741,0.000029685
0,1,receive_authenticate_accumulate,0.000029852,0.000029833
0,1,receive_authenticate_accumulate,0.000029852,0.000029815
0,1,receive_authenticate_accumulate,0.000029814,0.000029666
0,1,receive_authenticate_accumulate,0.000029907,0.000029852
0,1,spatial_reconstruction_verify,0.026017276,0.025987630
0,2,round_reset,0.000015407,0.000011963
0,2,receive_authenticate_accumulate,0.026015982,0.026015870
0,2,receive_authenticate_accumulate,0.017266390,0.017234704
0,2,receive_authenticate_accumulate,0.017230409,0.017230389
0,2,receive_authenticate_accumulate,0.017219020,0.017218963
0,2,receive_authenticate_accumulate,0.017233798,0.017233796
0,2,receive_authenticate_accumulate,0.017227891,0.017228018
0,2,receive_authenticate_accumulate,0.017214928,0.017214981
0,2,receive_authenticate_accumulate,0.017216817,0.017216926
0,2,receive_authenticate_accumulate,0.017214336,0.017214444
0,2,receive_authenticate_accumulate,0.017216965,0.017217129
0,2,receive_authenticate_accumulate,0.017242687,0.017221019
0,2,receive_authenticate_accumulate,0.017221724,0.017221611
0,2,receive_authenticate_accumulate,0.017212669,0.017212833
0,2,receive_authenticate_accumulate,0.017219780,0.017219796
0,2,receive_authenticate_accumulate,0.017236854,0.017236537
0,2,receive_authenticate_accumulate,0.017242909,0.017242889
0,2,receive_authenticate_accumulate,0.017215372,0.017215352
0,2,receive_authenticate_accumulate,0.017221335,0.017221351
0,2,receive_authenticate_accumulate,0.017217947,0.017217982
0,2,receive_authenticate_accumulate,0.017210113,0.017210148
0,2,round_coverage,0.001925729,0.001925370
0,2,receive_authenticate_accumulate,0.000043907,0.000043871
0,2,receive_authenticate_accumulate,0.000033278,0.000033277
0,2,receive_authenticate_accumulate,0.000030592,0.000030648
0,2,receive_authenticate_accumulate,0.000030499,0.000030444
0,2,receive_authenticate_accumulate,0.000029667,0.000029630
0,2,receive_authenticate_accumulate,0.000029981,0.000030074
0,2,receive_authenticate_accumulate,0.000029777,0.000029778
0,2,receive_authenticate_accumulate,0.000029814,0.000029926
0,2,receive_authenticate_accumulate,0.000029796,0.000029815
0,2,receive_authenticate_accumulate,0.000030945,0.000030926
0,2,spatial_reconstruction_verify,0.025971299,0.025971574
0,3,round_reset,0.000013425,0.000010315
0,3,receive_authenticate_accumulate,0.037588987,0.037469427
0,3,receive_authenticate_accumulate,0.017224355,0.017224425
0,3,receive_authenticate_accumulate,0.017218059,0.017218000
0,3,receive_authenticate_accumulate,0.017213634,0.017213592
0,3,receive_authenticate_accumulate,0.017236856,0.017236945
0,3,receive_authenticate_accumulate,0.017215096,0.017215092
0,3,receive_authenticate_accumulate,0.017220856,0.017220796
0,3,receive_authenticate_accumulate,0.017210911,0.017210945
0,3,receive_authenticate_accumulate,0.017215115,0.017215129
0,3,receive_authenticate_accumulate,0.017222485,0.017222426
0,3,receive_authenticate_accumulate,0.017258911,0.017230149
0,3,receive_authenticate_accumulate,0.017219281,0.017219167
0,3,receive_authenticate_accumulate,0.017219467,0.017219537
0,3,receive_authenticate_accumulate,0.017222726,0.017222759
0,3,receive_authenticate_accumulate,0.017220652,0.017220722
0,3,receive_authenticate_accumulate,0.017224819,0.017224852
0,3,receive_authenticate_accumulate,0.017225374,0.017225278
0,3,receive_authenticate_accumulate,0.017220189,0.017220167
0,3,receive_authenticate_accumulate,0.017215782,0.017215537
0,3,receive_authenticate_accumulate,0.017227856,0.017227889
0,3,round_coverage,0.001757822,0.001757185
0,3,receive_authenticate_accumulate,0.000041444,0.000041407
0,3,receive_authenticate_accumulate,0.000031593,0.000031667
0,3,receive_authenticate_accumulate,0.000030815,0.000030741
0,3,receive_authenticate_accumulate,0.000030129,0.000030130
0,3,receive_authenticate_accumulate,0.000029851,0.000029871
0,3,receive_authenticate_accumulate,0.000029815,0.000029833
0,3,receive_authenticate_accumulate,0.000030815,0.000030741
0,3,receive_authenticate_accumulate,0.000029889,0.000029833
0,3,receive_authenticate_accumulate,0.000029796,0.000029815
0,3,receive_authenticate_accumulate,0.000030259,0.000030260
0,3,spatial_reconstruction_verify,0.025972802,0.025973018
0,4,round_reset,0.000015518,0.000010574
0,4,receive_authenticate_accumulate,0.025853341,0.025853167
0,4,receive_authenticate_accumulate,0.017213746,0.017213796
0,4,receive_authenticate_accumulate,0.017271597,0.017245296
0,4,receive_authenticate_accumulate,0.017224080,0.017224241
0,4,receive_authenticate_accumulate,0.017228023,0.017228056
0,4,receive_authenticate_accumulate,0.017217191,0.017217277
0,4,receive_authenticate_accumulate,0.017220987,0.017220944
0,4,receive_authenticate_accumulate,0.017216153,0.017216074
0,4,receive_authenticate_accumulate,0.017232190,0.017232018
0,4,receive_authenticate_accumulate,0.017223043,0.017222963
0,4,receive_authenticate_accumulate,0.017226894,0.017226852
0,4,receive_authenticate_accumulate,0.017224098,0.017224148
0,4,receive_authenticate_accumulate,0.017219302,0.017219333
0,4,receive_authenticate_accumulate,0.017253190,0.017239833
0,4,receive_authenticate_accumulate,0.017228209,0.017228185
0,4,receive_authenticate_accumulate,0.017218247,0.017218222
0,4,receive_authenticate_accumulate,0.017263968,0.017234407
0,4,receive_authenticate_accumulate,0.017231375,0.017231371
0,4,receive_authenticate_accumulate,0.017249265,0.017233963
0,4,receive_authenticate_accumulate,0.017222006,0.017222055
0,4,round_coverage,0.002252356,0.002252463
0,4,receive_authenticate_accumulate,0.000043315,0.000043166
0,4,receive_authenticate_accumulate,0.000031019,0.000031000
0,4,receive_authenticate_accumulate,0.000030185,0.000030166
0,4,receive_authenticate_accumulate,0.000030703,0.000030704
0,4,receive_authenticate_accumulate,0.000029982,0.000029945
0,4,receive_authenticate_accumulate,0.000029796,0.000029704
0,4,receive_authenticate_accumulate,0.000030129,0.000030148
0,4,receive_authenticate_accumulate,0.000030129,0.000030055
0,4,receive_authenticate_accumulate,0.000029666,0.000029648
0,4,receive_authenticate_accumulate,0.000029870,0.000029797
0,4,spatial_reconstruction_verify,0.025980397,0.025980648
0,5,round_reset,0.000012000,0.000008370
0,5,receive_authenticate_accumulate,0.036629112,0.036481429
0,5,receive_authenticate_accumulate,0.017266618,0.017237667
0,5,receive_authenticate_accumulate,0.017227248,0.017227278
0,5,receive_authenticate_accumulate,0.017216062,0.017216148
0,5,receive_authenticate_accumulate,0.017227248,0.017227278
0,5,receive_authenticate_accumulate,0.017218840,0.017218852
0,5,receive_authenticate_accumulate,0.017212229,0.017212185
0,5,receive_authenticate_accumulate,0.017220859,0.017220852
0,5,receive_authenticate_accumulate,0.017318191,0.017249352
0,5,receive_authenticate_accumulate,0.017222433,0.017222333
0,5,receive_authenticate_accumulate,0.017236082,0.017236296
0,5,receive_authenticate_accumulate,0.017226322,0.017226500
0,5,receive_authenticate_accumulate,0.017219304,0.017219352
0,5,receive_authenticate_accumulate,0.017221174,0.017221111
0,5,receive_authenticate_accumulate,0.017209915,0.017209833
0,5,receive_authenticate_accumulate,0.017222859,0.017222778
0,5,receive_authenticate_accumulate,0.017224545,0.017224611
0,5,receive_authenticate_accumulate,0.017220008,0.017220093
0,5,receive_authenticate_accumulate,0.017216359,0.017216333
0,5,receive_authenticate_accumulate,0.017229192,0.017229130
0,5,round_coverage,0.001927674,0.001927815
0,5,receive_authenticate_accumulate,0.000059481,0.000059444
0,5,receive_authenticate_accumulate,0.000031056,0.000031000
0,5,receive_authenticate_accumulate,0.000031036,0.000030981
0,5,receive_authenticate_accumulate,0.000030481,0.000030500
0,5,receive_authenticate_accumulate,0.000029777,0.000029852
0,5,receive_authenticate_accumulate,0.000029907,0.000029944
0,5,receive_authenticate_accumulate,0.000029851,0.000029852
0,5,receive_authenticate_accumulate,0.000029814,0.000029796
0,5,receive_authenticate_accumulate,0.000029685,0.000029722
0,5,receive_authenticate_accumulate,0.000030000,0.000029982
0,5,spatial_reconstruction_verify,0.025969362,0.025969592
0,6,round_reset,0.000012574,0.000008870
0,6,receive_authenticate_accumulate,0.025443015,0.025326796
0,6,receive_authenticate_accumulate,0.017219397,0.017219370
0,6,receive_authenticate_accumulate,0.017222120,0.017222334
0,6,receive_authenticate_accumulate,0.017266156,0.017240703
0,6,receive_authenticate_accumulate,0.017233046,0.017233148
0,6,receive_authenticate_accumulate,0.017219583,0.017219740
0,6,receive_authenticate_accumulate,0.017218694,0.017218648
0,6,receive_authenticate_accumulate,0.017211082,0.017211037
0,6,receive_authenticate_accumulate,0.017224212,0.017224149
0,6,receive_authenticate_accumulate,0.017215602,0.017215649
0,6,receive_authenticate_accumulate,0.017254379,0.017254648
0,6,receive_authenticate_accumulate,0.017212342,0.017212259
0,6,receive_authenticate_accumulate,0.017224620,0.017224629
0,6,receive_authenticate_accumulate,0.017227027,0.017226889
0,6,receive_authenticate_accumulate,0.017226176,0.017226019
0,6,receive_authenticate_accumulate,0.017226231,0.017226185
0,6,receive_authenticate_accumulate,0.017221268,0.017221204
0,6,receive_authenticate_accumulate,0.017224064,0.017224056
0,6,receive_authenticate_accumulate,0.017226323,0.017226000
0,6,receive_authenticate_accumulate,0.017223360,0.017223314
0,6,round_coverage,0.001759786,0.001759685
0,6,receive_authenticate_accumulate,0.000041834,0.000041704
0,6,receive_authenticate_accumulate,0.000031630,0.000031593
0,6,receive_authenticate_accumulate,0.000030185,0.000030259
0,6,receive_authenticate_accumulate,0.000030444,0.000030407
0,6,receive_authenticate_accumulate,0.000030111,0.000030204
0,6,receive_authenticate_accumulate,0.000030204,0.000030148
0,6,receive_authenticate_accumulate,0.000030000,0.000030111
0,6,receive_authenticate_accumulate,0.000030055,0.000029944
0,6,receive_authenticate_accumulate,0.000029925,0.000029870
0,6,receive_authenticate_accumulate,0.000029926,0.000029888
0,6,spatial_reconstruction_verify,0.025974494,0.025974778
0,7,round_reset,0.000015093,0.000011870
0,7,receive_authenticate_accumulate,0.025853923,0.025853981
0,7,receive_authenticate_accumulate,0.017226436,0.017226315
0,7,receive_authenticate_accumulate,0.017223121,0.017223167
0,7,receive_authenticate_accumulate,0.017223492,0.017223445
0,7,receive_authenticate_accumulate,0.017280250,0.017251760
0,7,receive_authenticate_accumulate,0.017224733,0.017224686
0,7,receive_authenticate_accumulate,0.017222621,0.017222556
0,7,receive_authenticate_accumulate,0.017218195,0.017218092
0,7,receive_authenticate_accumulate,0.017226140,0.017226203
0,7,receive_authenticate_accumulate,0.017230751,0.017230481
0,7,receive_authenticate_accumulate,0.017211269,0.017211278
0,7,receive_authenticate_accumulate,0.017220066,0.017220019
0,7,receive_authenticate_accumulate,0.017215066,0.017214945
0,7,receive_authenticate_accumulate,0.017250362,0.017235073
0,7,receive_authenticate_accumulate,0.017274899,0.017237852
0,7,receive_authenticate_accumulate,0.017257603,0.017257556
0,7,receive_authenticate_accumulate,0.017229103,0.017228834
0,7,receive_authenticate_accumulate,0.017218732,0.017218667
0,7,receive_authenticate_accumulate,0.017218325,0.017218259
0,7,receive_authenticate_accumulate,0.017230715,0.017230629
0,7,round_coverage,0.002237283,0.002237093
0,7,receive_authenticate_accumulate,0.000043055,0.000043074
0,7,receive_authenticate_accumulate,0.000031296,0.000031277
0,7,receive_authenticate_accumulate,0.000030315,0.000030278
0,7,receive_authenticate_accumulate,0.000030425,0.000030408
0,7,receive_authenticate_accumulate,0.000029463,0.000029500
0,7,receive_authenticate_accumulate,0.000030000,0.000030037
0,7,receive_authenticate_accumulate,0.000029741,0.000029741
0,7,receive_authenticate_accumulate,0.000029963,0.000029982
0,7,receive_authenticate_accumulate,0.000030555,0.000030537
0,7,receive_authenticate_accumulate,0.000030333,0.000030259
0,7,spatial_reconstruction_verify,0.025967903,0.025968130
0,8,round_reset,0.000014574,0.000010740
0,8,receive_authenticate_accumulate,0.025851721,0.025851815
0,8,receive_authenticate_accumulate,0.017221197,0.017221018
0,8,receive_authenticate_accumulate,0.017217419,0.017217185
0,8,receive_authenticate_accumulate,0.017207586,0.017207463
0,8,receive_authenticate_accumulate,0.017240326,0.017240315
0,8,receive_authenticate_accumulate,0.017226364,0.017226351
0,8,receive_authenticate_accumulate,0.017219734,0.017219556
0,8,receive_authenticate_accumulate,0.017218252,0.017218241
0,8,receive_authenticate_accumulate,0.017216400,0.017216407
0,8,receive_authenticate_accumulate,0.017217993,0.017217982
0,8,receive_authenticate_accumulate,0.017211252,0.017211167
0,8,receive_authenticate_accumulate,0.017228863,0.017228814
0,8,receive_authenticate_accumulate,0.017221457,0.017221592
0,8,receive_authenticate_accumulate,0.017215938,0.017215889
0,8,receive_authenticate_accumulate,0.017226420,0.017226408
0,8,receive_authenticate_accumulate,0.017223530,0.017223555
0,8,receive_authenticate_accumulate,0.017221494,0.017221370
0,8,receive_authenticate_accumulate,0.017216938,0.017216888
0,8,receive_authenticate_accumulate,0.017230623,0.017230667
0,8,receive_authenticate_accumulate,0.017231882,0.017232000
0,8,round_coverage,0.001942767,0.001942852
0,8,receive_authenticate_accumulate,0.000042871,0.000042704
0,8,receive_authenticate_accumulate,0.000030296,0.000030277
0,8,receive_authenticate_accumulate,0.000030037,0.000029944
0,8,receive_authenticate_accumulate,0.000030889,0.000030945
0,8,receive_authenticate_accumulate,0.000030019,0.000029963
0,8,receive_authenticate_accumulate,0.000029963,0.000029833
0,8,receive_authenticate_accumulate,0.000029463,0.000029519
0,8,receive_authenticate_accumulate,0.000055499,0.000055518
0,8,receive_authenticate_accumulate,0.000030055,0.000029963
0,8,receive_authenticate_accumulate,0.000029778,0.000029796
0,8,spatial_reconstruction_verify,0.025964073,0.025964463
0,9,round_reset,0.000015500,0.000011833
0,9,receive_authenticate_accumulate,0.038311114,0.038189926
0,9,receive_authenticate_accumulate,0.017221680,0.017221648
0,9,receive_authenticate_accumulate,0.017225328,0.017225296
0,9,receive_authenticate_accumulate,0.017223754,0.017223833
0,9,receive_authenticate_accumulate,0.017228364,0.017228462
0,9,receive_authenticate_accumulate,0.017218606,0.017218685
0,9,receive_authenticate_accumulate,0.017220994,0.017220963
0,9,receive_authenticate_accumulate,0.017217735,0.017217759
0,9,receive_authenticate_accumulate,0.017226327,0.017226371
0,9,receive_authenticate_accumulate,0.017219791,0.017219870
0,9,receive_authenticate_accumulate,0.017215939,0.017215833
0,9,receive_authenticate_accumulate,0.017275198,0.017246444
0,9,receive_authenticate_accumulate,0.017215328,0.017215314
0,9,receive_authenticate_accumulate,0.017262828,0.017237888
0,9,receive_authenticate_accumulate,0.017215383,0.017215296
0,9,receive_authenticate_accumulate,0.017224624,0.017224556
0,9,receive_authenticate_accumulate,0.017214939,0.017214888
0,9,receive_authenticate_accumulate,0.017216624,0.017216574
0,9,receive_authenticate_accumulate,0.017217958,0.017217944
0,9,receive_authenticate_accumulate,0.017217995,0.017217945
0,9,round_coverage,0.001761064,0.001760797
0,9,receive_authenticate_accumulate,0.000049314,0.000049167
0,9,receive_authenticate_accumulate,0.000031407,0.000031426
0,9,receive_authenticate_accumulate,0.000030481,0.000030426
0,9,receive_authenticate_accumulate,0.000029963,0.000029889
0,9,receive_authenticate_accumulate,0.000029407,0.000029315
0,9,receive_authenticate_accumulate,0.000029814,0.000029778
0,9,receive_authenticate_accumulate,0.000029870,0.000029796
0,9,receive_authenticate_accumulate,0.000029908,0.000029796
0,9,receive_authenticate_accumulate,0.000029648,0.000029667
0,9,receive_authenticate_accumulate,0.000029444,0.000029407
0,9,spatial_reconstruction_verify,0.025975000,0.025975185
0,9,receive_authenticate_accumulate,0.000035222,0.000035204
0,9,receive_authenticate_accumulate,0.000027852,0.000027944
0,9,receive_authenticate_accumulate,0.000027611,0.000027704
0,9,receive_authenticate_accumulate,0.000027370,0.000027482
0,9,receive_authenticate_accumulate,0.000027370,0.000027463
0,9,receive_authenticate_accumulate,0.000027426,0.000027500
0,9,receive_authenticate_accumulate,0.000027648,0.000027704
0,9,receive_authenticate_accumulate,0.000027722,0.000027852
0,9,receive_authenticate_accumulate,0.000027389,0.000027462
0,9,receive_authenticate_accumulate,0.000027444,0.000027481
0,9,receive_authenticate_accumulate,0.000027241,0.000027389
0,9,receive_authenticate_accumulate,0.000027278,0.000027315
0,9,receive_authenticate_accumulate,0.000028166,0.000028260
0,9,receive_authenticate_accumulate,0.000027871,0.000027945
0,9,receive_authenticate_accumulate,0.000028129,0.000028222
0,9,receive_authenticate_accumulate,0.000028074,0.000028166
0,9,receive_authenticate_accumulate,0.000027852,0.000027926
0,9,receive_authenticate_accumulate,0.000027888,0.000027963
0,9,receive_authenticate_accumulate,0.000028111,0.000028185
0,9,receive_authenticate_accumulate,0.000027740,0.000027797
0,9,receive_authenticate_accumulate,0.000031833,0.000031778
0,9,receive_authenticate_accumulate,0.000027796,0.000027815
0,9,receive_authenticate_accumulate,0.000027796,0.000027889
0,9,receive_authenticate_accumulate,0.000027741,0.000027815
0,9,receive_authenticate_accumulate,0.000027611,0.000027722
0,9,receive_authenticate_accumulate,0.000027666,0.000027741
0,9,receive_authenticate_accumulate,0.000027611,0.000027685
0,9,receive_authenticate_accumulate,0.000027778,0.000027889
0,9,receive_authenticate_accumulate,0.000027889,0.000027981
0,9,receive_authenticate_accumulate,0.000027573,0.000027648
0,9,receive_authenticate_accumulate,0.000027499,0.000027574
0,9,receive_authenticate_accumulate,0.000027592,0.000027685
0,9,receive_authenticate_accumulate,0.000027611,0.000027704
0,9,receive_authenticate_accumulate,0.000027574,0.000027685
0,9,receive_authenticate_accumulate,0.000027740,0.000027851
0,9,receive_authenticate_accumulate,0.000027722,0.000027834
0,9,receive_authenticate_accumulate,0.000027685,0.000027815
0,9,receive_authenticate_accumulate,0.000027630,0.000027704
0,9,receive_authenticate_accumulate,0.000027704,0.000027778
0,9,receive_authenticate_accumulate,0.000028296,0.000028389
0,9,receive_authenticate_accumulate,0.000030796,0.000030778
0,9,receive_authenticate_accumulate,0.000028111,0.000028167
0,9,receive_authenticate_accumulate,0.000027815,0.000027851
0,9,receive_authenticate_accumulate,0.000027777,0.000027852
0,9,receive_authenticate_accumulate,0.000028852,0.000028833
0,9,receive_authenticate_accumulate,0.000027944,0.000028037
0,9,receive_authenticate_accumulate,0.000027741,0.000027815
0,9,receive_authenticate_accumulate,0.000027648,0.000027722
0,9,receive_authenticate_accumulate,0.000027778,0.000027814
0,9,receive_authenticate_accumulate,0.000045333,0.000045500
0,9,receive_authenticate_accumulate,0.000028759,0.000028815
0,9,receive_authenticate_accumulate,0.000027926,0.000028037
0,9,receive_authenticate_accumulate,0.000027889,0.000027944
0,9,receive_authenticate_accumulate,0.000027814,0.000027908
0,9,receive_authenticate_accumulate,0.000027518,0.000027630
0,9,receive_authenticate_accumulate,0.000027944,0.000028019
0,9,receive_authenticate_accumulate,0.000027796,0.000027889
0,9,receive_authenticate_accumulate,0.000027592,0.000027703
0,9,receive_authenticate_accumulate,0.000027815,0.000027926
0,9,receive_authenticate_accumulate,0.000027611,0.000027667
0,9,receive_authenticate_accumulate,0.000030610,0.000030592
0,9,receive_authenticate_accumulate,0.000027945,0.000028037
0,9,receive_authenticate_accumulate,0.000027870,0.000027944
0,9,receive_authenticate_accumulate,0.000027982,0.000028074
0,9,receive_authenticate_accumulate,0.000027833,0.000027907
0,9,receive_authenticate_accumulate,0.000027796,0.000027871
0,9,receive_authenticate_accumulate,0.000027814,0.000027815
0,9,receive_authenticate_accumulate,0.000027703,0.000027797
0,9,receive_authenticate_accumulate,0.000027648,0.000027723
0,9,receive_authenticate_accumulate,0.000027852,0.000027926
0,9,receive_authenticate_accumulate,0.000027778,0.000027871
0,9,receive_authenticate_accumulate,0.000027741,0.000027815
0,9,receive_authenticate_accumulate,0.000027778,0.000027815
0,9,receive_authenticate_accumulate,0.000027889,0.000027926
0,9,receive_authenticate_accumulate,0.000027796,0.000027871
0,9,receive_authenticate_accumulate,0.000027759,0.000027833
0,9,receive_authenticate_accumulate,0.000027647,0.000027778
0,9,receive_authenticate_accumulate,0.000027852,0.000027926
0,9,receive_authenticate_accumulate,0.000027611,0.000027611
0,9,receive_authenticate_accumulate,0.000027685,0.000027759
0,9,receive_authenticate_accumulate,0.000030407,0.000030370
0,9,receive_authenticate_accumulate,0.000028186,0.000028278
0,9,receive_authenticate_accumulate,0.000027870,0.000027982
0,9,receive_authenticate_accumulate,0.000027778,0.000027852
0,9,receive_authenticate_accumulate,0.000027778,0.000027852
0,9,receive_authenticate_accumulate,0.000027685,0.000027740
0,9,receive_authenticate_accumulate,0.000027685,0.000027777
0,9,receive_authenticate_accumulate,0.000027648,0.000027703
0,9,receive_authenticate_accumulate,0.000027759,0.000027833
0,9,receive_authenticate_accumulate,0.000027593,0.000027648
0,9,receive_authenticate_accumulate,0.000027630,0.000027704
0,9,receive_authenticate_accumulate,0.000027685,0.000027778
0,9,receive_authenticate_accumulate,0.000027703,0.000027760
0,9,receive_authenticate_accumulate,0.000027666,0.000027741
0,9,receive_authenticate_accumulate,0.000032092,0.000032037
0,9,receive_authenticate_accumulate,0.000027797,0.000027871
0,9,receive_authenticate_accumulate,0.000027703,0.000027797
0,9,receive_authenticate_accumulate,0.000027685,0.000027759
0,9,receive_authenticate_accumulate,0.000027556,0.000027648
0,9,receive_authenticate_accumulate,0.000027407,0.000027463
0,9,receive_authenticate_accumulate,0.000030815,0.000030685
0,9,receive_authenticate_accumulate,0.000027926,0.000028000
0,9,receive_authenticate_accumulate,0.000027537,0.000027649
0,9,receive_authenticate_accumulate,0.000027648,0.000027778
0,9,receive_authenticate_accumulate,0.000027556,0.000027648
0,9,receive_authenticate_accumulate,0.000027611,0.000027704
0,9,receive_authenticate_accumulate,0.000027666,0.000027778
0,9,receive_authenticate_accumulate,0.000027704,0.000027741
0,9,receive_authenticate_accumulate,0.000027629,0.000027685
0,9,receive_authenticate_accumulate,0.000027629,0.000027686
0,9,receive_authenticate_accumulate,0.000043741,0.000043926
0,9,receive_authenticate_accumulate,0.000028037,0.000028074
0,9,receive_authenticate_accumulate,0.000027630,0.000027685
0,9,receive_authenticate_accumulate,0.000028963,0.000029074
0,9,receive_authenticate_accumulate,0.000027759,0.000027834
0,9,receive_authenticate_accumulate,0.000027666,0.000027759
0,9,receive_authenticate_accumulate,0.000027555,0.000027648
0,9,receive_authenticate_accumulate,0.000027536,0.000027611
0,9,receive_authenticate_accumulate,0.000027574,0.000027667
0,9,receive_authenticate_accumulate,0.000027740,0.000027833
0,9,receive_authenticate_accumulate,0.000030315,0.000030333
0,9,receive_authenticate_accumulate,0.000027777,0.000027889
0,9,receive_authenticate_accumulate,0.000027518,0.000027611
0,9,receive_authenticate_accumulate,0.000027556,0.000027666
0,9,receive_authenticate_accumulate,0.000027555,0.000027611
0,9,receive_authenticate_accumulate,0.000038259,0.000038444
0,9,receive_authenticate_accumulate,0.000025426,0.000025481
0,9,receive_authenticate_accumulate,0.000023796,0.000023852
0,9,receive_authenticate_accumulate,0.000023740,0.000023815
0,9,receive_authenticate_accumulate,0.000023778,0.000023926
0,9,receive_authenticate_accumulate,0.000023537,0.000023630
0,9,receive_authenticate_accumulate,0.000023629,0.000023833
0,9,receive_authenticate_accumulate,0.000023723,0.000023778
0,9,receive_authenticate_accumulate,0.000023518,0.000023686
0,9,receive_authenticate_accumulate,0.000023759,0.000023834
0,9,receive_authenticate_accumulate,0.000023667,0.000023796
0,9,receive_authenticate_accumulate,0.000023629,0.000023722
0,9,receive_authenticate_accumulate,0.000023740,0.000023814
0,9,receive_authenticate_accumulate,0.000023593,0.000023685
0,9,receive_authenticate_accumulate,0.000023574,0.000023649
0,9,receive_authenticate_accumulate,0.000026814,0.000026870
0,9,receive_authenticate_accumulate,0.000023777,0.000023796
0,9,receive_authenticate_accumulate,0.000023630,0.000023704
0,9,receive_authenticate_accumulate,0.000023648,0.000023667
0,9,receive_authenticate_accumulate,0.000023518,0.000023556
0,9,receive_authenticate_accumulate,0.000023556,0.000023666
0,9,receive_authenticate_accumulate,0.000023630,0.000023685
0,9,receive_authenticate_accumulate,0.000023519,0.000023649
0,9,receive_authenticate_accumulate,0.000023685,0.000023778
0,9,receive_authenticate_accumulate,0.000023592,0.000023722
0,9,receive_authenticate_accumulate,0.000023722,0.000023797
0,9,receive_authenticate_accumulate,0.000023500,0.000023685
0,9,receive_authenticate_accumulate,0.000023630,0.000023722
0,9,receive_authenticate_accumulate,0.000023537,0.000023629
0,9,receive_authenticate_accumulate,0.000023592,0.000023759
0,9,receive_authenticate_accumulate,0.000023481,0.000023611
0,9,receive_authenticate_accumulate,0.000023648,0.000023760
0,9,receive_authenticate_accumulate,0.000023537,0.000023648
0,9,receive_authenticate_accumulate,0.000023426,0.000023518
0,9,receive_authenticate_accumulate,0.000023611,0.000023760
0,9,receive_authenticate_accumulate,0.000026314,0.000026315
0,9,receive_authenticate_accumulate,0.000023870,0.000023981
0,9,receive_authenticate_accumulate,0.000023629,0.000023685
0,9,receive_authenticate_accumulate,0.000023685,0.000023704
0,9,receive_authenticate_accumulate,0.000023611,0.000023760
0,9,receive_authenticate_accumulate,0.000023741,0.000023796
0,9,receive_authenticate_accumulate,0.000023666,0.000023778
0,9,receive_authenticate_accumulate,0.000023537,0.000023667
0,9,receive_authenticate_accumulate,0.000023518,0.000023630
0,9,receive_authenticate_accumulate,0.000023500,0.000023629
0,9,receive_authenticate_accumulate,0.000023630,0.000023704
0,9,receive_authenticate_accumulate,0.000023759,0.000023889
0,9,receive_authenticate_accumulate,0.000023537,0.000023648
0,9,receive_authenticate_accumulate,0.000023574,0.000023667
0,9,receive_authenticate_accumulate,0.000023685,0.000023777
0,9,receive_authenticate_accumulate,0.000040370,0.000040537
0,9,receive_authenticate_accumulate,0.000024222,0.000024241
0,9,receive_authenticate_accumulate,0.000023537,0.000023667
0,9,receive_authenticate_accumulate,0.000023518,0.000023593
0,9,receive_authenticate_accumulate,0.000023426,0.000023537
0,9,receive_authenticate_accumulate,0.000032055,0.000032055
0,9,receive_authenticate_accumulate,0.000025259,0.000025389
0,9,receive_authenticate_accumulate,0.000023796,0.000023926
0,9,receive_authenticate_accumulate,0.000023630,0.000023704
0,9,receive_authenticate_accumulate,0.000023648,0.000023778
0,9,receive_authenticate_accumulate,0.000023518,0.000023592
0,9,receive_authenticate_accumulate,0.000023519,0.000023648
0,9,receive_authenticate_accumulate,0.000023555,0.000023649
0,9,receive_authenticate_accumulate,0.000023518,0.000023629
0,9,receive_authenticate_accumulate,0.000023630,0.000023667
0,9,receive_authenticate_accumulate,0.000031500,0.000031703
0,9,receive_authenticate_accumulate,0.000024185,0.000024278
0,9,receive_authenticate_accumulate,0.000023666,0.000023741
0,9,receive_authenticate_accumulate,0.000023573,0.000023685
0,9,receive_authenticate_accumulate,0.000023685,0.000023740
0,9,receive_authenticate_accumulate,0.000023629,0.000023685
0,9,receive_authenticate_accumulate,0.000023629,0.000023741
0,9,receive_authenticate_accumulate,0.000023556,0.000023648
0,9,receive_authenticate_accumulate,0.000023703,0.000023815
0,9,receive_authenticate_accumulate,0.000023481,0.000023611
0,9,billing_reconstruction_verify,0.025971834,0.025972407
0,9,billing_reconstruction_verify,0.025967612,0.025950925
0,9,billing_reconstruction_verify,0.025959056,0.025942166
0,9,billing_reconstruction_verify,0.025969241,0.025940185
0,9,billing_reconstruction_verify,0.026008316,0.025949518
0,9,billing_reconstruction_verify,0.025927686,0.025927907
0,9,billing_reconstruction_verify,0.025923835,0.025924093
0,9,billing_reconstruction_verify,0.025925278,0.025925500
0,9,billing_reconstruction_verify,0.025919204,0.025919444
0,9,billing_reconstruction_verify,0.025980611,0.025949464
0,9,billing_reconstruction_verify,0.025923260,0.025923444
0,9,billing_reconstruction_verify,0.025924205,0.025924407
0,9,billing_reconstruction_verify,0.025937797,0.025926500
0,9,billing_reconstruction_verify,0.025926038,0.025926315
0,9,billing_reconstruction_verify,0.025922408,0.025922667
0,9,billing_reconstruction_verify,0.025922278,0.025922500
0,9,billing_reconstruction_verify,0.025918482,0.025918723
0,9,billing_reconstruction_verify,0.025928630,0.025928907
0,9,billing_reconstruction_verify,0.025919519,0.025919815
0,9,billing_reconstruction_verify,0.025942556,0.025931778
1,10,period_reset,0.000031555,0.000027834
1,10,receive_authenticate_accumulate,0.000085870,0.000085315
1,10,receive_authenticate_accumulate,0.000069629,0.000069389
1,10,receive_authenticate_accumulate,0.000067444,0.000067519
1,10,receive_authenticate_accumulate,0.000066499,0.000066537
1,10,receive_authenticate_accumulate,0.000063759,0.000063629
1,10,receive_authenticate_accumulate,0.000065333,0.000065240
1,10,receive_authenticate_accumulate,0.000064259,0.000064093
1,10,receive_authenticate_accumulate,0.000065351,0.000065204
1,10,receive_authenticate_accumulate,0.000049574,0.000049500
1,10,receive_authenticate_accumulate,0.000049611,0.000049593
1,10,receive_authenticate_accumulate,0.000048499,0.000048333
1,10,receive_authenticate_accumulate,0.000049500,0.000049352
1,10,receive_authenticate_accumulate,0.000049056,0.000049056
1,10,receive_authenticate_accumulate,0.000048407,0.000048407
1,10,receive_authenticate_accumulate,0.000049130,0.000048889
1,10,receive_authenticate_accumulate,0.000048185,0.000048019
1,10,receive_authenticate_accumulate,0.000050036,0.000049519
1,10,receive_authenticate_accumulate,0.000049315,0.000048389
1,10,receive_authenticate_accumulate,0.000048000,0.000047982
1,10,receive_authenticate_accumulate,0.000049074,0.000049056
1,10,receive_authenticate_accumulate,0.000073703,0.000073296
1,10,receive_authenticate_accumulate,0.000062388,0.000062296
1,10,receive_authenticate_accumulate,0.000061351,0.000061333
1,10,receive_authenticate_accumulate,0.000059814,0.000059648
1,10,receive_authenticate_accumulate,0.000060889,0.000060834
1,10,receive_authenticate_accumulate,0.000060667,0.000060408
1,10,receive_authenticate_accumulate,0.000059833,0.000059537
1,10,receive_authenticate_accumulate,0.000060055,0.000059815
1,10,receive_authenticate_accumulate,0.000059389,0.000059334
1,10,receive_authenticate_accumulate,0.000059778,0.000059889
1,10,receive_authenticate_accumulate,0.000050296,0.000049889
1,10,receive_authenticate_accumulate,0.000049333,0.000049352
1,10,receive_authenticate_accumulate,0.000048018,0.000047981
1,10,receive_authenticate_accumulate,0.000048000,0.000047907
1,10,receive_authenticate_accumulate,0.000049630,0.000049611
1,10,receive_authenticate_accumulate,0.000048462,0.000048463
1,10,receive_authenticate_accumulate,0.000047556,0.000047518
1,10,receive_authenticate_accumulate,0.000047648,0.000047500
1,10,receive_authenticate_accumulate,0.000047278,0.000047019
1,10,receive_authenticate_accumulate,0.000047278,0.000047129
1,10,committee_selection,0.000099573,0.000099556
1,10,round_reset,0.000004852,0.000004186
1,10,receive_authenticate_accumulate,0.023755292,0.023678537
1,10,receive_authenticate_accumulate,0.017218126,0.017222389
1,10,receive_authenticate_accumulate,0.017264533,0.017245018
1,10,receive_authenticate_accumulate,0.017223329,0.017223296
1,10,receive_authenticate_accumulate,0.017222200,0.017222074
1,10,receive_authenticate_accumulate,0.017220662,0.017220630
1,10,receive_authenticate_accumulate,0.017218996,0.017218963
1,10,receive_authenticate_accumulate,0.017218922,0.017218963
1,10,receive_authenticate_accumulate,0.017216626,0.017216481
1,10,receive_authenticate_accumulate,0.017213996,0.017213852
1,10,receive_authenticate_accumulate,0.017261551,0.017231667
1,10,receive_authenticate_accumulate,0.017230459,0.017230556
1,10,receive_authenticate_accumulate,0.017216922,0.017216778
1,10,receive_authenticate_accumulate,0.017220052,0.017219815
1,10,receive_authenticate_accumulate,0.017220385,0.017220352
1,10,receive_authenticate_accumulate,0.017225588,0.017225555
1,10,receive_authenticate_accumulate,0.017220570,0.017220593
1,10,receive_authenticate_accumulate,0.017219478,0.017219445
1,10,receive_authenticate_accumulate,0.017220330,0.017220370
1,10,receive_authenticate_accumulate,0.017221921,0.017221926
1,10,round_coverage,0.002078674,0.002078185
1,10,receive_authenticate_accumulate,0.000042389,0.000042278
1,10,receive_authenticate_accumulate,0.000026629,0.000026722
1,10,receive_authenticate_accumulate,0.000026241,0.000026204
1,10,receive_authenticate_accumulate,0.000026259,0.000026240
1,10,receive_authenticate_accumulate,0.000026648,0.000026629
1,10,receive_authenticate_accumulate,0.000025629,0.000025648
1,10,receive_authenticate_accumulate,0.000025611,0.000025630
1,10,receive_authenticate_accumulate,0.000026129,0.000026186
1,10,receive_authenticate_accumulate,0.000025352,0.000025408
1,10,receive_authenticate_accumulate,0.000025481,0.000025481
1,10,spatial_reconstruction_verify,0.025952466,0.025952741
1,11,round_reset,0.000012129,0.000007777
1,11,receive_authenticate_accumulate,0.025867689,0.025868000
1,11,receive_authenticate_accumulate,0.017223052,0.017223018
1,11,receive_authenticate_accumulate,0.017226293,0.017226240
1,11,receive_authenticate_accumulate,0.017218257,0.017218203
1,11,receive_authenticate_accumulate,0.017217756,0.017217759
1,11,receive_authenticate_accumulate,0.017259978,0.017240778
1,11,receive_authenticate_accumulate,0.017216515,0.017216612
1,11,receive_authenticate_accumulate,0.017221608,0.017221630
1,11,receive_authenticate_accumulate,0.017227071,0.017227019
1,11,receive_authenticate_accumulate,0.017229664,0.017229722
1,11,receive_authenticate_accumulate,0.017208052,0.017208074
1,11,receive_authenticate_accumulate,0.017216071,0.017216055
1,11,receive_authenticate_accumulate,0.017208664,0.017208648
1,11,receive_authenticate_accumulate,0.017230627,0.017230555
1,11,receive_authenticate_accumulate,0.017217460,0.017217519
1,11,receive_authenticate_accumulate,0.017220183,0.017220148
1,11,receive_authenticate_accumulate,0.017216664,0.017216593
1,11,receive_authenticate_accumulate,0.017220608,0.017220685
1,11,receive_authenticate_accumulate,0.017229571,0.017229722
1,11,receive_authenticate_accumulate,0.017223923,0.017223777
1,11,round_coverage,0.001941119,0.001941185
1,11,receive_authenticate_accumulate,0.000043056,0.000042851
1,11,receive_authenticate_accumulate,0.000030777,0.000030722
1,11,receive_authenticate_accumulate,0.000029648,0.000029592
1,11,receive_authenticate_accumulate,0.000029815,0.000029815
1,11,receive_authenticate_accumulate,0.000030314,0.000030240
1,11,receive_authenticate_accumulate,0.000029796,0.000029852
1,11,receive_authenticate_accumulate,0.000029648,0.000029611
1,11,receive_authenticate_accumulate,0.000029611,0.000029611
1,11,receive_authenticate_accumulate,0.000029629,0.000029703
1,11,receive_authenticate_accumulate,0.000029667,0.000029630
1,11,spatial_reconstruction_verify,0.026020615,0.025999462
1,12,round_reset,0.000012111,0.000008481
1,12,receive_authenticate_accumulate,0.036080024,0.035973352
1,12,receive_authenticate_accumulate,0.017230609,0.017231018
1,12,receive_authenticate_accumulate,0.017223017,0.017222945
1,12,receive_authenticate_accumulate,0.017212239,0.017212314
1,12,receive_authenticate_accumulate,0.017215498,0.017215148
1,12,receive_authenticate_accumulate,0.017224294,0.017224352
1,12,receive_authenticate_accumulate,0.017218776,0.017218778
1,12,receive_authenticate_accumulate,0.017223424,0.017223500
1,12,receive_authenticate_accumulate,0.017221831,0.017221926
1,12,receive_authenticate_accumulate,0.017217850,0.017217796
1,12,receive_authenticate_accumulate,0.017215239,0.017215334
1,12,receive_authenticate_accumulate,0.017222813,0.017222851
1,12,receive_authenticate_accumulate,0.017213924,0.017213963
1,12,receive_authenticate_accumulate,0.017228887,0.017228834
1,12,receive_authenticate_accumulate,0.017223794,0.017223759
1,12,receive_authenticate_accumulate,0.017240665,0.017228092
1,12,receive_authenticate_accumulate,0.017212553,0.017212519
1,12,receive_authenticate_accumulate,0.017264350,0.017236147
1,12,receive_authenticate_accumulate,0.017218146,0.017218055
1,12,receive_authenticate_accumulate,0.017214590,0.017214278
1,12,round_coverage,0.001772953,0.001772907
1,12,receive_authenticate_accumulate,0.000043092,0.000042907
1,12,receive_authenticate_accumulate,0.000030703,0.000030667
1,12,receive_authenticate_accumulate,0.000030296,0.000030259
1,12,receive_authenticate_accumulate,0.000029907,0.000029778
1,12,receive_authenticate_accumulate,0.000030371,0.000030371
1,12,receive_authenticate_accumulate,0.000029926,0.000029870
1,12,receive_authenticate_accumulate,0.000030092,0.000030074
1,12,receive_authenticate_accumulate,0.000030555,0.000030482
1,12,receive_authenticate_accumulate,0.000029852,0.000029722
1,12,receive_authenticate_accumulate,0.000029611,0.000029555
1,12,spatial_reconstruction_verify,0.025975321,0.025975462
1,13,round_reset,0.000014092,0.000010278
1,13,receive_authenticate_accumulate,0.037578833,0.037465499
1,13,receive_authenticate_accumulate,0.017227981,0.017227945
1,13,receive_authenticate_accumulate,0.017226943,0.017226851
1,13,receive_authenticate_accumulate,0.017214592,0.017214518
1,13,receive_authenticate_accumulate,0.017229573,0.017229500
1,13,receive_authenticate_accumulate,0.017270109,0.017240944
1,13,receive_authenticate_accumulate,0.017215240,0.017215296
1,13,receive_authenticate_accumulate,0.017219721,0.017219778
1,13,receive_authenticate_accumulate,0.017217314,0.017217370
1,13,receive_authenticate_accumulate,0.017234017,0.017234037
1,13,receive_authenticate_accumulate,0.017223592,0.017223555
1,13,receive_authenticate_accumulate,0.017214351,0.017214185
1,13,receive_authenticate_accumulate,0.017210796,0.017210741
1,13,receive_authenticate_accumulate,0.017215389,0.017215389
1,13,receive_authenticate_accumulate,0.017217722,0.017217740
1,13,receive_authenticate_accumulate,0.017229462,0.017229204
1,13,receive_authenticate_accumulate,0.017226795,0.017226778
1,13,receive_authenticate_accumulate,0.017231518,0.017231519
1,13,receive_authenticate_accumulate,0.017269018,0.017231629
1,13,receive_authenticate_accumulate,0.017259425,0.017259481
1,13,round_coverage,0.002253692,0.002253796
1,13,receive_authenticate_accumulate,0.000042704,0.000042574
1,13,receive_authenticate_accumulate,0.000027019,0.000027037
1,13,receive_authenticate_accumulate,0.000026370,0.000026334
1,13,receive_authenticate_accumulate,0.000026722,0.000026593
1,13,receive_authenticate_accumulate,0.000026889,0.000026889
1,13,receive_authenticate_accumulate,0.000025444,0.000025481
1,13,receive_authenticate_accumulate,0.000026000,0.000025871
1,13,receive_authenticate_accumulate,0.000026037,0.000026093
1,13,receive_authenticate_accumulate,0.000025426,0.000025445
1,13,receive_authenticate_accumulate,0.000026129,0.000026056
1,13,spatial_reconstruction_verify,0.025971600,0.025971815
1,14,round_reset,0.000015389,0.000010833
1,14,receive_authenticate_accumulate,0.037528502,0.037404369
1,14,receive_authenticate_accumulate,0.017227093,0.017227037
1,14,receive_authenticate_accumulate,0.017217667,0.017217611
1,14,receive_authenticate_accumulate,0.017225129,0.017225037
1,14,receive_authenticate_accumulate,0.017222056,0.017222018
1,14,receive_authenticate_accumulate,0.017251740,0.017233147
1,14,receive_authenticate_accumulate,0.017222667,0.017222574
1,14,receive_authenticate_accumulate,0.017264463,0.017234278
1,14,receive_authenticate_accumulate,0.017225037,0.017224981
1,14,receive_authenticate_accumulate,0.017221333,0.017221296
1,14,receive_authenticate_accumulate,0.017212852,0.017212833
1,14,receive_authenticate_accumulate,0.017214315,0.017214389
1,14,receive_authenticate_accumulate,0.017220427,0.017220371
1,14,receive_authenticate_accumulate,0.017225185,0.017225130
1,14,receive_authenticate_accumulate,0.017219074,0.017219111
1,14,receive_authenticate_accumulate,0.017223333,0.017223259
1,14,receive_authenticate_accumulate,0.017222463,0.017222407
1,14,receive_authenticate_accumulate,0.017225259,0.017225296
1,14,receive_authenticate_accumulate,0.017223556,0.017223556
1,14,receive_authenticate_accumulate,0.017223741,0.017223759
1,14,round_coverage,0.001941786,0.001941777
1,14,receive_authenticate_accumulate,0.000041389,0.000041315
1,14,receive_authenticate_accumulate,0.000030370,0.000030407
1,14,receive_authenticate_accumulate,0.000030685,0.000030666
1,14,receive_authenticate_accumulate,0.000030111,0.000030055
1,14,receive_authenticate_accumulate,0.000029704,0.000029741
1,14,receive_authenticate_accumulate,0.000029593,0.000029612
1,14,receive_authenticate_accumulate,0.000029962,0.000029982
1,14,receive_authenticate_accumulate,0.000029704,0.000029648
1,14,receive_authenticate_accumulate,0.000029648,0.000029611
1,14,receive_authenticate_accumulate,0.000029833,0.000029760
1,14,spatial_reconstruction_verify,0.025976231,0.025976426
1,15,round_reset,0.000014797,0.000011092
1,15,receive_authenticate_accumulate,0.037693985,0.037580000
1,15,receive_authenticate_accumulate,0.017230315,0.017230278
1,15,receive_authenticate_accumulate,0.017217390,0.017217370
1,15,receive_authenticate_accumulate,0.017215778,0.017215797
1,15,receive_authenticate_accumulate,0.017222261,0.017222296
1,15,receive_authenticate_accumulate,0.017219112,0.017219074
1,15,receive_authenticate_accumulate,0.017216001,0.017216092
1,15,receive_authenticate_accumulate,0.017218686,0.017218611
1,15,receive_authenticate_accumulate,0.017266482,0.017240574
1,15,receive_authenticate_accumulate,0.017222001,0.017222129
1,15,receive_authenticate_accumulate,0.017224408,0.017224500
1,15,receive_authenticate_accumulate,0.017218242,0.017218241
1,15,receive_authenticate_accumulate,0.017223501,0.017223481
1,15,receive_authenticate_accumulate,0.017222427,0.017222352
1,15,receive_authenticate_accumulate,0.017218131,0.017218185
1,15,receive_authenticate_accumulate,0.017222427,0.017222352
1,15,receive_authenticate_accumulate,0.017211205,0.017211166
1,15,receive_authenticate_accumulate,0.017229112,0.017228981
1,15,receive_authenticate_accumulate,0.017228705,0.017228648
1,15,receive_authenticate_accumulate,0.017214668,0.017214740
1,15,round_coverage,0.001758435,0.001758297
1,15,receive_authenticate_accumulate,0.000042870,0.000042815
1,15,receive_authenticate_accumulate,0.000031074,0.000031019
1,15,receive_authenticate_accumulate,0.000031055,0.000031056
1,15,receive_authenticate_accumulate,0.000030148,0.000030167
1,15,receive_authenticate_accumulate,0.000029908,0.000029926
1,15,receive_authenticate_accumulate,0.000029926,0.000029888
1,15,receive_authenticate_accumulate,0.000031407,0.000031463
1,15,receive_authenticate_accumulate,0.000030685,0.000030630
1,15,receive_authenticate_accumulate,0.000030222,0.000030185
1,15,receive_authenticate_accumulate,0.000030629,0.000030630
1,15,spatial_reconstruction_verify,0.025985955,0.025986204
1,16,round_reset,0.000014222,0.000010500
1,16,receive_authenticate_accumulate,0.025868346,0.025868167
1,16,receive_authenticate_accumulate,0.017234928,0.017234666
1,16,receive_authenticate_accumulate,0.017254390,0.017238555
1,16,receive_authenticate_accumulate,0.017215316,0.017215315
1,16,receive_authenticate_accumulate,0.017222243,0.017222166
1,16,receive_authenticate_accumulate,0.017224594,0.017224592
1,16,receive_authenticate_accumulate,0.017216669,0.017216686
1,16,receive_authenticate_accumulate,0.017216242,0.017216204
1,16,receive_authenticate_accumulate,0.017219113,0.017219037
1,16,receive_authenticate_accumulate,0.017216558,0.017216500
1,16,receive_authenticate_accumulate,0.017231076,0.017231019
1,16,receive_authenticate_accumulate,0.017224650,0.017224667
1,16,receive_authenticate_accumulate,0.017269039,0.017242444
1,16,receive_authenticate_accumulate,0.017217594,0.017217630
1,16,receive_authenticate_accumulate,0.017231094,0.017231148
1,16,receive_authenticate_accumulate,0.017211946,0.017211907
1,16,receive_authenticate_accumulate,0.017214891,0.017214926
1,16,receive_authenticate_accumulate,0.017211373,0.017211315
1,16,receive_authenticate_accumulate,0.017223039,0.017223055
1,16,receive_authenticate_accumulate,0.017210984,0.017210963
1,16,round_coverage,0.002255322,0.002255463
1,16,receive_authenticate_accumulate,0.000042685,0.000042629
1,16,receive_authenticate_accumulate,0.000030555,0.000030630
1,16,receive_authenticate_accumulate,0.000030111,0.000030167
1,16,receive_authenticate_accumulate,0.000029796,0.000029722
1,16,receive_authenticate_accumulate,0.000030056,0.000030074
1,16,receive_authenticate_accumulate,0.000029611,0.000029593
1,16,receive_authenticate_accumulate,0.000051537,0.000051537
1,16,receive_authenticate_accumulate,0.000030148,0.000030019
1,16,receive_authenticate_accumulate,0.000029722,0.000029703
1,16,receive_authenticate_accumulate,0.000029981,0.000030000
1,16,spatial_reconstruction_verify,0.025964845,0.025964963
1,17,round_reset,0.000011870,0.000007685
1,17,receive_authenticate_accumulate,0.036797975,0.036651055
1,17,receive_authenticate_accumulate,0.017262280,0.017239168
1,17,receive_authenticate_accumulate,0.017222651,0.017222648
1,17,receive_authenticate_accumulate,0.017216614,0.017216648
1,17,receive_authenticate_accumulate,0.017236280,0.017236203
1,17,receive_authenticate_accumulate,0.017227151,0.017227204
1,17,receive_authenticate_accumulate,0.017222447,0.017222519
1,17,receive_authenticate_accumulate,0.017221484,0.017221407
1,17,receive_authenticate_accumulate,0.017224003,0.017223963
1,17,receive_authenticate_accumulate,0.017221762,0.017221704
1,17,receive_authenticate_accumulate,0.017220965,0.017220833
1,17,receive_authenticate_accumulate,0.017220058,0.017219797
1,17,receive_authenticate_accumulate,0.017225965,0.017225889
1,17,receive_authenticate_accumulate,0.017208855,0.017208982
1,17,receive_authenticate_accumulate,0.017213447,0.017213740
1,17,receive_authenticate_accumulate,0.017221077,0.017220833
1,17,receive_authenticate_accumulate,0.017225762,0.017225722
1,17,receive_authenticate_accumulate,0.017227151,0.017227092
1,17,receive_authenticate_accumulate,0.017228300,0.017228297
1,17,receive_authenticate_accumulate,0.017223484,0.017223389
1,17,round_coverage,0.001941341,0.001941334
1,17,receive_authenticate_accumulate,0.000042888,0.000042760
1,17,receive_authenticate_accumulate,0.000030370,0.000030370
1,17,receive_authenticate_accumulate,0.000030574,0.000030555
1,17,receive_authenticate_accumulate,0.000030296,0.000030296
1,17,receive_authenticate_accumulate,0.000030222,0.000030259
1,17,receive_authenticate_accumulate,0.000030147,0.000030129
1,17,receive_authenticate_accumulate,0.000029741,0.000029648
1,17,receive_authenticate_accumulate,0.000029981,0.000030037
1,17,receive_authenticate_accumulate,0.000029778,0.000029759
1,17,receive_authenticate_accumulate,0.000030185,0.000030074
1,17,spatial_reconstruction_verify,0.025985347,0.025985611
1,18,round_reset,0.000014482,0.000010814
1,18,receive_authenticate_accumulate,0.037418399,0.037268204
1,18,receive_authenticate_accumulate,0.017222670,0.017222723
1,18,receive_authenticate_accumulate,0.017251707,0.017227536
1,18,receive_authenticate_accumulate,0.017228763,0.017228667
1,18,receive_authenticate_accumulate,0.017223689,0.017223667
1,18,receive_authenticate_accumulate,0.017222374,0.017222408
1,18,receive_authenticate_accumulate,0.017213170,0.017213203
1,18,receive_authenticate_accumulate,0.017224485,0.017224482
1,18,receive_authenticate_accumulate,0.017225615,0.017225611
1,18,receive_authenticate_accumulate,0.017218059,0.017218185
1,18,receive_authenticate_accumulate,0.017221540,0.017221500
1,18,receive_authenticate_accumulate,0.017216300,0.017216407
1,18,receive_authenticate_accumulate,0.017222115,0.017221704
1,18,receive_authenticate_accumulate,0.017227022,0.017227129
1,18,receive_authenticate_accumulate,0.017218837,0.017218908
1,18,receive_authenticate_accumulate,0.017219356,0.017219425
1,18,receive_authenticate_accumulate,0.017220652,0.017220574
1,18,receive_authenticate_accumulate,0.017219522,0.017219482
1,18,receive_authenticate_accumulate,0.017234485,0.017234371
1,18,receive_authenticate_accumulate,0.017233485,0.017233408
1,18,round_coverage,0.001759324,0.001759315
1,18,receive_authenticate_accumulate,0.000044204,0.000044130
1,18,receive_authenticate_accumulate,0.000031241,0.000031204
1,18,receive_authenticate_accumulate,0.000029962,0.000029944
1,18,receive_authenticate_accumulate,0.000030203,0.000030148
1,18,receive_authenticate_accumulate,0.000029685,0.000029667
1,18,receive_authenticate_accumulate,0.000029852,0.000029815
1,18,receive_authenticate_accumulate,0.000029870,0.000029686
1,18,receive_authenticate_accumulate,0.000029926,0.000029833
1,18,receive_authenticate_accumulate,0.000029629,0.000029500
1,18,receive_authenticate_accumulate,0.000029463,0.000029370
1,18,spatial_reconstruction_verify,0.025969051,0.025969426
1,19,round_reset,0.000014129,0.000010167
1,19,receive_authenticate_accumulate,0.025870793,0.025870888
1,19,receive_authenticate_accumulate,0.017268319,0.017246518
1,19,receive_authenticate_accumulate,0.017215227,0.017215111
1,19,receive_authenticate_accumulate,0.017229541,0.017229592
1,19,receive_authenticate_accumulate,0.017222930,0.017222796
1,19,receive_authenticate_accumulate,0.017224745,0.017224852
1,19,receive_authenticate_accumulate,0.017214597,0.017214463
1,19,receive_authenticate_accumulate,0.017217801,0.017217796
1,19,receive_authenticate_accumulate,0.017218949,0.017218907
1,19,receive_authenticate_accumulate,0.017215727,0.017215760
1,19,receive_authenticate_accumulate,0.017214708,0.017214741
1,19,receive_authenticate_accumulate,0.017219097,0.017219222
1,19,receive_authenticate_accumulate,0.017213745,0.017213704
1,19,receive_authenticate_accumulate,0.017222097,0.017222000
1,19,receive_authenticate_accumulate,0.017220523,0.017220612
1,19,receive_authenticate_accumulate,0.017225875,0.017225852
1,19,receive_authenticate_accumulate,0.017226430,0.017226426
1,19,receive_authenticate_accumulate,0.017210671,0.017210667
1,19,receive_authenticate_accumulate,0.017277967,0.017246999
1,19,receive_authenticate_accumulate,0.017226930,0.017226871
1,19,round_coverage,0.002242766,0.002242777
1,19,receive_authenticate_accumulate,0.000051667,0.000051723
1,19,receive_authenticate_accumulate,0.000031241,0.000031203
1,19,receive_authenticate_accumulate,0.000030574,0.000030500
1,19,receive_authenticate_accumulate,0.000030037,0.000030074
1,19,receive_authenticate_accumulate,0.000030000,0.000029945
1,19,receive_authenticate_accumulate,0.000030055,0.000029944
1,19,receive_authenticate_accumulate,0.000029611,0.000029500
1,19,receive_authenticate_accumulate,0.000029814,0.000029759
1,19,receive_authenticate_accumulate,0.000029426,0.000029445
1,19,receive_authenticate_accumulate,0.000029499,0.000029500
1,19,spatial_reconstruction_verify,0.025982701,0.025983407
1,19,receive_authenticate_accumulate,0.000037889,0.000037833
1,19,receive_authenticate_accumulate,0.000027945,0.000028037
1,19,receive_authenticate_accumulate,0.000027667,0.000027778
1,19,receive_authenticate_accumulate,0.000027352,0.000027482
1,19,receive_authenticate_accumulate,0.000027314,0.000027407
1,19,receive_authenticate_accumulate,0.000027130,0.000027241
1,19,receive_authenticate_accumulate,0.000027204,0.000027296
1,19,receive_authenticate_accumulate,0.000027148,0.000027297
1,19,receive_authenticate_accumulate,0.000027296,0.000027389
1,19,receive_authenticate_accumulate,0.000027000,0.000027037
1,19,receive_authenticate_accumulate,0.000027148,0.000027240
1,19,receive_authenticate_accumulate,0.000027111,0.000027166
1,19,receive_authenticate_accumulate,0.000027055,0.000027148
1,19,receive_authenticate_accumulate,0.000027352,0.000027445
1,19,receive_authenticate_accumulate,0.000027185,0.000027278
1,19,receive_authenticate_accumulate,0.000027222,0.000027334
1,19,receive_authenticate_accumulate,0.000027148,0.000027222
1,19,receive_authenticate_accumulate,0.000027185,0.000027278
1,19,receive_authenticate_accumulate,0.000027240,0.000027389
1,19,receive_authenticate_accumulate,0.000027056,0.000027167
1,19,receive_authenticate_accumulate,0.000030611,0.000030481
1,19,receive_authenticate_accumulate,0.000027445,0.000027574
1,19,receive_authenticate_accumulate,0.000027148,0.000027185
1,19,receive_authenticate_accumulate,0.000027222,0.000027370
1,19,receive_authenticate_accumulate,0.000027111,0.000027241
1,19,receive_authenticate_accumulate,0.000027148,0.000027241
1,19,receive_authenticate_accumulate,0.000027111,0.000027222
1,19,receive_authenticate_accumulate,0.000027463,0.000027611
1,19,receive_authenticate_accumulate,0.000027093,0.000027148
1,19,receive_authenticate_accumulate,0.000027074,0.000027222
1,19,receive_authenticate_accumulate,0.000040074,0.000040204
1,19,receive_authenticate_accumulate,0.000025500,0.000025629
1,19,receive_authenticate_accumulate,0.000025148,0.000025204
1,19,receive_authenticate_accumulate,0.000023000,0.000023074
1,19,receive_authenticate_accumulate,0.000023000,0.000023129
1,19,receive_authenticate_accumulate,0.000023389,0.000023519
1,19,receive_authenticate_accumulate,0.000022963,0.000023074
1,19,receive_authenticate_accumulate,0.000022982,0.000023074
1,19,receive_authenticate_accumulate,0.000022963,0.000023074
1,19,receive_authenticate_accumulate,0.000022926,0.000023000
1,19,receive_authenticate_accumulate,0.000026167,0.000026186
1,19,receive_authenticate_accumulate,0.000023296,0.000023315
1,19,receive_authenticate_accumulate,0.000023093,0.000023167
1,19,receive_authenticate_accumulate,0.000023037,0.000023093
1,19,receive_authenticate_accumulate,0.000023000,0.000023074
1,19,receive_authenticate_accumulate,0.000023055,0.000023111
1,19,receive_authenticate_accumulate,0.000022963,0.000023019
1,19,receive_authenticate_accumulate,0.000023019,0.000023074
1,19,receive_authenticate_accumulate,0.000023019,0.000023111
1,19,receive_authenticate_accumulate,0.000022889,0.000023019
1,19,receive_authenticate_accumulate,0.000043240,0.000043426
1,19,receive_authenticate_accumulate,0.000024241,0.000024315
1,19,receive_authenticate_accumulate,0.000023037,0.000023111
1,19,receive_authenticate_accumulate,0.000023055,0.000023166
1,19,receive_authenticate_accumulate,0.000023037,0.000023130
1,19,receive_authenticate_accumulate,0.000023074,0.000023167
1,19,receive_authenticate_accumulate,0.000023111,0.000023204
1,19,receive_authenticate_accumulate,0.000022982,0.000023055
1,19,receive_authenticate_accumulate,0.000023000,0.000023111
1,19,receive_authenticate_accumulate,0.000022963,0.000023018
1,19,receive_authenticate_accumulate,0.000026222,0.000026166
1,19,receive_authenticate_accumulate,0.000023240,0.000023315
1,19,receive_authenticate_accumulate,0.000023352,0.000023407
1,19,receive_authenticate_accumulate,0.000022999,0.000023130
1,19,receive_authenticate_accumulate,0.000023111,0.000023204
1,19,receive_authenticate_accumulate,0.000022962,0.000023092
1,19,receive_authenticate_accumulate,0.000023019,0.000023056
1,19,receive_authenticate_accumulate,0.000024222,0.000024296
1,19,receive_authenticate_accumulate,0.000023000,0.000023130
1,19,receive_authenticate_accumulate,0.000023019,0.000023074
1,19,receive_authenticate_accumulate,0.000023074,0.000023204
1,19,receive_authenticate_accumulate,0.000023000,0.000023130
1,19,receive_authenticate_accumulate,0.000023000,0.000023092
1,19,receive_authenticate_accumulate,0.000022981,0.000023074
1,19,receive_authenticate_accumulate,0.000023019,0.000023130
1,19,receive_authenticate_accumulate,0.000022926,0.000023037
1,19,receive_authenticate_accumulate,0.000023074,0.000023148
1,19,receive_authenticate_accumulate,0.000022889,0.000022944
1,19,receive_authenticate_accumulate,0.000023056,0.000023167
1,19,receive_authenticate_accumulate,0.000022963,0.000023037
1,19,receive_authenticate_accumulate,0.000028074,0.000028148
1,19,receive_authenticate_accumulate,0.000023500,0.000023611
1,19,receive_authenticate_accumulate,0.000023296,0.000023389
1,19,receive_authenticate_accumulate,0.000023334,0.000023389
1,19,receive_authenticate_accumulate,0.000023166,0.000023259
1,19,receive_authenticate_accumulate,0.000023222,0.000023296
1,19,receive_authenticate_accumulate,0.000023203,0.000023315
1,19,receive_authenticate_accumulate,0.000024167,0.000024222
1,19,receive_authenticate_accumulate,0.000024759,0.000024889
1,19,receive_authenticate_accumulate,0.000023686,0.000023778
1,19,receive_authenticate_accumulate,0.000023945,0.000024018
1,19,receive_authenticate_accumulate,0.000024130,0.000024222
1,19,receive_authenticate_accumulate,0.000023703,0.000023777
1,19,receive_authenticate_accumulate,0.000023648,0.000023741
1,19,receive_authenticate_accumulate,0.000023555,0.000023667
1,19,receive_authenticate_accumulate,0.000023611,0.000023722
1,19,receive_authenticate_accumulate,0.000023537,0.000023611
1,19,receive_authenticate_accumulate,0.000023833,0.000023926
1,19,receive_authenticate_accumulate,0.000023870,0.000023908
1,19,receive_authenticate_accumulate,0.000023611,0.000023666
1,19,receive_authenticate_accumulate,0.000027629,0.000027704
1,19,receive_authenticate_accumulate,0.000023926,0.000024000
1,19,receive_authenticate_accumulate,0.000023537,0.000023648
1,19,receive_authenticate_accumulate,0.000023500,0.000023592
1,19,receive_authenticate_accumulate,0.000023408,0.000023518
1,19,receive_authenticate_accumulate,0.000023518,0.000023556
1,19,receive_authenticate_accumulate,0.000023777,0.000023870
1,19,receive_authenticate_accumulate,0.000023370,0.000023463
1,19,receive_authenticate_accumulate,0.000023482,0.000023575
1,19,receive_authenticate_accumulate,0.000023537,0.000023611
1,19,receive_authenticate_accumulate,0.000023426,0.000023537
1,19,receive_authenticate_accumulate,0.000023333,0.000023444
1,19,receive_authenticate_accumulate,0.000023389,0.000023482
1,19,receive_authenticate_accumulate,0.000023519,0.000023574
1,19,receive_authenticate_accumulate,0.000023444,0.000023518
1,19,receive_authenticate_accumulate,0.000023388,0.000023463
1,19,receive_authenticate_accumulate,0.000023555,0.000023611
1,19,receive_authenticate_accumulate,0.000023445,0.000023574
1,19,receive_authenticate_accumulate,0.000023519,0.000023629
1,19,receive_authenticate_accumulate,0.000023574,0.000023648
1,19,receive_authenticate_accumulate,0.000031833,0.000031852
1,19,receive_authenticate_accumulate,0.000024241,0.000024333
1,19,receive_authenticate_accumulate,0.000023277,0.000023371
1,19,receive_authenticate_accumulate,0.000023056,0.000023129
1,19,receive_authenticate_accumulate,0.000022981,0.000023056
1,19,receive_authenticate_accumulate,0.000023037,0.000023167
1,19,receive_authenticate_accumulate,0.000022907,0.000023000
1,19,receive_authenticate_accumulate,0.000022870,0.000022926
1,19,receive_authenticate_accumulate,0.000022962,0.000023056
1,19,receive_authenticate_accumulate,0.000022944,0.000023018
1,19,receive_authenticate_accumulate,0.000022871,0.000022945
1,19,receive_authenticate_accumulate,0.000022907,0.000022944
1,19,receive_authenticate_accumulate,0.000022962,0.000023092
1,19,receive_authenticate_accumulate,0.000022926,0.000022981
1,19,receive_authenticate_accumulate,0.000024130,0.000024148
1,19,receive_authenticate_accumulate,0.000023222,0.000023333
1,19,receive_authenticate_accumulate,0.000022962,0.000023018
1,19,receive_authenticate_accumulate,0.000022907,0.000023019
1,19,receive_authenticate_accumulate,0.000022926,0.000023019
1,19,receive_authenticate_accumulate,0.000022981,0.000023074
1,19,receive_authenticate_accumulate,0.000027055,0.000027129
1,19,receive_authenticate_accumulate,0.000023777,0.000023870
1,19,receive_authenticate_accumulate,0.000023667,0.000023741
1,19,receive_authenticate_accumulate,0.000023573,0.000023666
1,19,receive_authenticate_accumulate,0.000023426,0.000023519
1,19,receive_authenticate_accumulate,0.000023537,0.000023612
1,19,receive_authenticate_accumulate,0.000023426,0.000023518
1,19,receive_authenticate_accumulate,0.000023518,0.000023630
1,19,receive_authenticate_accumulate,0.000023482,0.000023555
1,19,receive_authenticate_accumulate,0.000023482,0.000023556
1,19,receive_authenticate_accumulate,0.000023481,0.000023592
1,19,receive_authenticate_accumulate,0.000023611,0.000023685
1,19,receive_authenticate_accumulate,0.000023408,0.000023556
1,19,receive_authenticate_accumulate,0.000023482,0.000023555
1,19,receive_authenticate_accumulate,0.000023593,0.000023667
1,19,receive_authenticate_accumulate,0.000023611,0.000023722
1,19,receive_authenticate_accumulate,0.000023407,0.000023500
1,19,receive_authenticate_accumulate,0.000023463,0.000023556
1,19,receive_authenticate_accumulate,0.000023499,0.000023574
1,19,receive_authenticate_accumulate,0.000023592,0.000023722
1,19,receive_authenticate_accumulate,0.000026444,0.000026426
1,19,receive_authenticate_accumulate,0.000023278,0.000023296
1,19,receive_authenticate_accumulate,0.000023111,0.000023222
1,19,receive_authenticate_accumulate,0.000022981,0.000023055
1,19,receive_authenticate_accumulate,0.000023056,0.000023129
1,19,receive_authenticate_accumulate,0.000022945,0.000023019
1,19,receive_authenticate_accumulate,0.000022963,0.000023037
1,19,receive_authenticate_accumulate,0.000023037,0.000023148
1,19,receive_authenticate_accumulate,0.000023037,0.000023148
1,19,receive_authenticate_accumulate,0.000023019,0.000023074
1,19,receive_authenticate_accumulate,0.000022981,0.000023055
1,19,receive_authenticate_accumulate,0.000023055,0.000023111
1,19,receive_authenticate_accumulate,0.000023092,0.000023167
1,19,receive_authenticate_accumulate,0.000022945,0.000023000
1,19,receive_authenticate_accumulate,0.000022981,0.000023074
1,19,receive_authenticate_accumulate,0.000022944,0.000023037
1,19,receive_authenticate_accumulate,0.000022944,0.000023037
1,19,receive_authenticate_accumulate,0.000022981,0.000023037
1,19,receive_authenticate_accumulate,0.000022944,0.000023019
1,19,receive_authenticate_accumulate,0.000023019,0.000023111
1,19,receive_authenticate_accumulate,0.000046222,0.000046241
1,19,receive_authenticate_accumulate,0.000024389,0.000024482
1,19,receive_authenticate_accumulate,0.000023037,0.000023148
1,19,receive_authenticate_accumulate,0.000023092,0.000023204
1,19,receive_authenticate_accumulate,0.000023074,0.000023186
1,19,receive_authenticate_accumulate,0.000023092,0.000023185
1,19,receive_authenticate_accumulate,0.000023111,0.000023203
1,19,receive_authenticate_accumulate,0.000023092,0.000023203
1,19,receive_authenticate_accumulate,0.000023000,0.000023055
1,19,receive_authenticate_accumulate,0.000023130,0.000023241
1,19,receive_authenticate_accumulate,0.000023074,0.000023204
1,19,receive_authenticate_accumulate,0.000023056,0.000023112
1,19,receive_authenticate_accumulate,0.000023463,0.000023537
1,19,receive_authenticate_accumulate,0.000024685,0.000024722
1,19,receive_authenticate_accumulate,0.000023203,0.000023277
1,19,receive_authenticate_accumulate,0.000022981,0.000023074
1,19,receive_authenticate_accumulate,0.000023018,0.000023148
1,19,receive_authenticate_accumulate,0.000023018,0.000023111
1,19,receive_authenticate_accumulate,0.000023000,0.000023111
1,19,receive_authenticate_accumulate,0.000022962,0.000023037
1,19,billing_reconstruction_verify,0.025962978,0.025963222
1,19,billing_reconstruction_verify,0.025944516,0.025944667
1,19,billing_reconstruction_verify,0.025927145,0.025927334
1,19,billing_reconstruction_verify,0.025968126,0.025943259
1,19,billing_reconstruction_verify,0.025975626,0.025936315
1,19,billing_reconstruction_verify,0.025926775,0.025926982
1,19,billing_reconstruction_verify,0.025921405,0.025921630
1,19,billing_reconstruction_verify,0.025929867,0.025930074
1,19,billing_reconstruction_verify,0.025920441,0.025920685
1,19,billing_reconstruction_verify,0.025924127,0.025924333
1,19,billing_reconstruction_verify,0.025940756,0.025928816
1,19,billing_reconstruction_verify,0.025924608,0.025924815
1,19,billing_reconstruction_verify,0.025925960,0.025926111
1,19,billing_reconstruction_verify,0.025924849,0.025925037
1,19,billing_reconstruction_verify,0.025919886,0.025920056
1,19,billing_reconstruction_verify,0.025923626,0.025923870
1,19,billing_reconstruction_verify,0.025919052,0.025919259
1,19,billing_reconstruction_verify,0.025928108,0.025928259
1,19,billing_reconstruction_verify,0.025938015,0.025927518
1,19,billing_reconstruction_verify,0.025923016,0.025923167
2,20,period_reset,0.000027704,0.000023352
2,20,receive_authenticate_accumulate,0.000081833,0.000081593
2,20,receive_authenticate_accumulate,0.000065111,0.000064648
2,20,receive_authenticate_accumulate,0.000066111,0.000065852
2,20,receive_authenticate_accumulate,0.000064185,0.000064203
2,20,receive_authenticate_accumulate,0.000063611,0.000063314
2,20,receive_authenticate_accumulate,0.000063019,0.000062963
2,20,receive_authenticate_accumulate,0.000062240,0.000062186
2,20,receive_authenticate_accumulate,0.000061907,0.000061852
2,20,receive_authenticate_accumulate,0.000065796,0.000065741
2,20,receive_authenticate_accumulate,0.000063814,0.000063778
2,20,receive_authenticate_accumulate,0.000062592,0.000062555
2,20,receive_authenticate_accumulate,0.000061184,0.000061018
2,20,receive_authenticate_accumulate,0.000064092,0.000064055
2,20,receive_authenticate_accumulate,0.000060352,0.000060093
2,20,receive_authenticate_accumulate,0.000065018,0.000064796
2,20,receive_authenticate_accumulate,0.000061259,0.000060889
2,20,receive_authenticate_accumulate,0.000062166,0.000061870
2,20,receive_authenticate_accumulate,0.000029648,0.000029555
2,20,receive_authenticate_accumulate,0.000028055,0.000027686
2,20,receive_authenticate_accumulate,0.000022074,0.000022037
2,20,receive_authenticate_accumulate,0.000043537,0.000043463
2,20,receive_authenticate_accumulate,0.000029444,0.000029463
2,20,receive_authenticate_accumulate,0.000034815,0.000034815
2,20,receive_authenticate_accumulate,0.000036463,0.000036408
2,20,receive_authenticate_accumulate,0.000029685,0.000029685
2,20,receive_authenticate_accumulate,0.000035167,0.000035223
2,20,receive_authenticate_accumulate,0.000033259,0.000033186
2,20,receive_authenticate_accumulate,0.000029278,0.000029278
2,20,receive_authenticate_accumulate,0.000034389,0.000034463
2,20,receive_authenticate_accumulate,0.000034333,0.000034297
2,20,receive_authenticate_accumulate,0.000028777,0.000028741
2,20,receive_authenticate_accumulate,0.000034240,0.000034204
2,20,receive_authenticate_accumulate,0.000028537,0.000028444
2,20,receive_authenticate_accumulate,0.000035185,0.000035203
2,20,receive_authenticate_accumulate,0.000034925,0.000034963
2,20,receive_authenticate_accumulate,0.000028555,0.000028629
2,20,receive_authenticate_accumulate,0.000034908,0.000034963
2,20,receive_authenticate_accumulate,0.000034240,0.000034204
2,20,receive_authenticate_accumulate,0.000028388,0.000028408
2,20,receive_authenticate_accumulate,0.000033314,0.000033296
2,20,committee_selection,0.000070629,0.000070500
2,20,round_reset,0.000003518,0.000003148
2,20,receive_authenticate_accumulate,0.017263968,0.017236815
2,20,receive_authenticate_accumulate,0.017208709,0.017208703
2,20,receive_authenticate_accumulate,0.017223986,0.017224074
2,20,receive_authenticate_accumulate,0.017225690,0.017225704
2,20,receive_authenticate_accumulate,0.017221912,0.017221981
2,20,receive_authenticate_accumulate,0.017220764,0.017220741
2,20,receive_authenticate_accumulate,0.017215968,0.017215963
2,20,receive_authenticate_accumulate,0.017215931,0.017215889
2,20,receive_authenticate_accumulate,0.017215505,0.017215592
2,20,receive_authenticate_accumulate,0.017218987,0.017219055
2,20,receive_authenticate_accumulate,0.017230246,0.017230222
2,20,receive_authenticate_accumulate,0.017241245,0.017241278
2,20,receive_authenticate_accumulate,0.017263227,0.017232519
2,20,receive_authenticate_accumulate,0.017214875,0.017214870
2,20,receive_authenticate_accumulate,0.017217264,0.017217166
2,20,receive_authenticate_accumulate,0.017224098,0.017224074
2,20,receive_authenticate_accumulate,0.017216431,0.017216445
2,20,receive_authenticate_accumulate,0.017216839,0.017216833
2,20,receive_authenticate_accumulate,0.017214931,0.017214908
2,20,receive_authenticate_accumulate,0.017222172,0.017222167
2,20,round_coverage,0.001771251,0.001771334
2,20,receive_authenticate_accumulate,0.000046593,0.000046500
2,20,receive_authenticate_accumulate,0.000026888,0.000026963
2,20,receive_authenticate_accumulate,0.000025963,0.000026018
2,20,receive_authenticate_accumulate,0.000026315,0.000026315
2,20,receive_authenticate_accumulate,0.000026314,0.000026370
2,20,receive_authenticate_accumulate,0.000025778,0.000025741
2,20,receive_authenticate_accumulate,0.000026778,0.000026760
2,20,receive_authenticate_accumulate,0.000025537,0.000025537
2,20,receive_authenticate_accumulate,0.000030852,0.000030833
2,20,receive_authenticate_accumulate,0.000027056,0.000027092
2,20,spatial_reconstruction_verify,0.025956145,0.025956204
2,21,round_reset,0.000015425,0.000010741
2,21,receive_authenticate_accumulate,0.029669387,0.029555869
2,21,receive_authenticate_accumulate,0.017223672,0.017223833
2,21,receive_authenticate_accumulate,0.017227746,0.017227685
2,21,receive_authenticate_accumulate,0.017212450,0.017212407
2,21,receive_authenticate_accumulate,0.017218580,0.017218500
2,21,receive_authenticate_accumulate,0.017276135,0.017241741
2,21,receive_authenticate_accumulate,0.017227616,0.017227704
2,21,receive_authenticate_accumulate,0.017224099,0.017224000
2,21,receive_authenticate_accumulate,0.017214190,0.017214204
2,21,receive_authenticate_accumulate,0.017214487,0.017214500
2,21,receive_authenticate_accumulate,0.017230950,0.017230981
2,21,receive_authenticate_accumulate,0.017210376,0.017210315
2,21,receive_authenticate_accumulate,0.017211210,0.017211204
2,21,receive_authenticate_accumulate,0.017214932,0.017215148
2,21,receive_authenticate_accumulate,0.017216247,0.017216333
2,21,receive_authenticate_accumulate,0.017228043,0.017227907
2,21,receive_authenticate_accumulate,0.017215135,0.017215111
2,21,receive_authenticate_accumulate,0.017217525,0.017217630
2,21,receive_authenticate_accumulate,0.017259338,0.017225482
2,21,receive_authenticate_accumulate,0.017214469,0.017214408
2,21,round_coverage,0.001756157,0.001756000
2,21,receive_authenticate_accumulate,0.000043259,0.000043185
2,21,receive_authenticate_accumulate,0.000030741,0.000030593
2,21,receive_authenticate_accumulate,0.000030370,0.000030408
2,21,receive_authenticate_accumulate,0.000029723,0.000029852
2,21,receive_authenticate_accumulate,0.000030055,0.000030111
2,21,receive_authenticate_accumulate,0.000030093,0.000030055
2,21,receive_authenticate_accumulate,0.000030277,0.000030222
2,21,receive_authenticate_accumulate,0.000029778,0.000029760
2,21,receive_authenticate_accumulate,0.000029740,0.000029611
2,21,receive_authenticate_accumulate,0.000029777,0.000029722
2,21,spatial_reconstruction_verify,0.025969240,0.025969389
2,22,round_reset,0.000011186,0.000007648
2,22,receive_authenticate_accumulate,0.036207244,0.036090389
2,22,receive_authenticate_accumulate,0.017231339,0.017231186
2,22,receive_authenticate_accumulate,0.017218691,0.017218741
2,22,receive_authenticate_accumulate,0.017224710,0.017224722
2,22,receive_authenticate_accumulate,0.017224896,0.017224741
2,22,receive_authenticate_accumulate,0.017212006,0.017212000
2,22,receive_authenticate_accumulate,0.017218099,0.017218111
2,22,receive_authenticate_accumulate,0.017227210,0.017227204
2,22,receive_authenticate_accumulate,0.017208673,0.017208814
2,22,receive_authenticate_accumulate,0.017217210,0.017217241
2,22,receive_authenticate_accumulate,0.017227191,0.017227222
2,22,receive_authenticate_accumulate,0.017220562,0.017220556
2,22,receive_authenticate_accumulate,0.017221099,0.017221018
2,22,receive_authenticate_accumulate,0.017235432,0.017235500
2,22,receive_authenticate_accumulate,0.017221024,0.017221222
2,22,receive_authenticate_accumulate,0.017223358,0.017223241
2,22,receive_authenticate_accumulate,0.017225839,0.017225944
2,22,receive_authenticate_accumulate,0.017215081,0.017215222
2,22,receive_authenticate_accumulate,0.017225155,0.017225259
2,22,receive_authenticate_accumulate,0.017221118,0.017221000
2,22,round_coverage,0.002239267,0.002239018
2,22,receive_authenticate_accumulate,0.000044740,0.000044778
2,22,receive_authenticate_accumulate,0.000030944,0.000030963
2,22,receive_authenticate_accumulate,0.000030166,0.000030130
2,22,receive_authenticate_accumulate,0.000029648,0.000029703
2,22,receive_authenticate_accumulate,0.000029778,0.000029759
2,22,receive_authenticate_accumulate,0.000029722,0.000029704
2,22,receive_authenticate_accumulate,0.000030871,0.000030852
2,22,receive_authenticate_accumulate,0.000030000,0.000029944
2,22,receive_authenticate_accumulate,0.000029852,0.000029815
2,22,receive_authenticate_accumulate,0.000030000,0.000030037
2,22,spatial_reconstruction_verify,0.025973370,0.025973556
2,23,round_reset,0.000014982,0.000011500
2,23,receive_authenticate_accumulate,0.025868371,0.025868260
2,23,receive_authenticate_accumulate,0.017228785,0.017228833
2,23,receive_authenticate_accumulate,0.017266673,0.017236517
2,23,receive_authenticate_accumulate,0.017220174,0.017220185
2,23,receive_authenticate_accumulate,0.017238155,0.017238259
2,23,receive_authenticate_accumulate,0.017239118,0.017238944
2,23,receive_authenticate_accumulate,0.017220784,0.017220926
2,23,receive_authenticate_accumulate,0.017213748,0.017213722
2,23,receive_authenticate_accumulate,0.017232747,0.017232685
2,23,receive_authenticate_accumulate,0.017223174,0.017223185
2,23,receive_authenticate_accumulate,0.017218322,0.017218222
2,23,receive_authenticate_accumulate,0.017214155,0.017214167
2,23,receive_authenticate_accumulate,0.017228599,0.017228500
2,23,receive_authenticate_accumulate,0.017237340,0.017221203
2,23,receive_authenticate_accumulate,0.017199877,0.017200111
2,23,receive_authenticate_accumulate,0.017232396,0.017232334
2,23,receive_authenticate_accumulate,0.017252173,0.017224981
2,23,receive_authenticate_accumulate,0.017219674,0.017219741
2,23,receive_authenticate_accumulate,0.017227562,0.017227500
2,23,receive_authenticate_accumulate,0.017228303,0.017228241
2,23,round_coverage,0.001945305,0.001945259
2,23,receive_authenticate_accumulate,0.000043945,0.000043815
2,23,receive_authenticate_accumulate,0.000030667,0.000030722
2,23,receive_authenticate_accumulate,0.000029870,0.000029926
2,23,receive_authenticate_accumulate,0.000029741,0.000029741
2,23,receive_authenticate_accumulate,0.000029945,0.000030018
2,23,receive_authenticate_accumulate,0.000030407,0.000030463
2,23,receive_authenticate_accumulate,0.000030333,0.000030296
2,23,receive_authenticate_accumulate,0.000029574,0.000029556
2,23,receive_authenticate_accumulate,0.000029722,0.000029740
2,23,receive_authenticate_accumulate,0.000029759,0.000029870
2,23,spatial_reconstruction_verify,0.025976278,0.025976426
2,24,round_reset,0.000011667,0.000008389
2,24,receive_authenticate_accumulate,0.036189506,0.036045408
2,24,receive_authenticate_accumulate,0.017226989,0.017226908
2,24,receive_authenticate_accumulate,0.017209082,0.017209185
2,24,receive_authenticate_accumulate,0.017231452,0.017231389
2,24,receive_authenticate_accumulate,0.017211155,0.017211166
2,24,receive_authenticate_accumulate,0.017229859,0.017229796
2,24,receive_authenticate_accumulate,0.017222970,0.017222888
2,24,receive_authenticate_accumulate,0.017218840,0.017218796
2,24,receive_authenticate_accumulate,0.017223563,0.017223389
2,24,receive_authenticate_accumulate,0.017217100,0.017217222
2,24,receive_authenticate_accumulate,0.017232674,0.017232741
2,24,receive_authenticate_accumulate,0.017223063,0.017223018
2,24,receive_authenticate_accumulate,0.017220674,0.017220592
2,24,receive_authenticate_accumulate,0.017226415,0.017226370
2,24,receive_authenticate_accumulate,0.017211489,0.017211425
2,24,receive_authenticate_accumulate,0.017273488,0.017241962
2,24,receive_authenticate_accumulate,0.017224526,0.017224648
2,24,receive_authenticate_accumulate,0.017219748,0.017219759
2,24,receive_authenticate_accumulate,0.017214434,0.017214352
2,24,receive_authenticate_accumulate,0.017220581,0.017220444
2,24,round_coverage,0.001758417,0.001758204
2,24,receive_authenticate_accumulate,0.000044759,0.000044777
2,24,receive_authenticate_accumulate,0.000031092,0.000031074
2,24,receive_authenticate_accumulate,0.000030259,0.000030278
2,24,receive_authenticate_accumulate,0.000029963,0.000029907
2,24,receive_authenticate_accumulate,0.000032796,0.000032686
2,24,receive_authenticate_accumulate,0.000029777,0.000029703
2,24,receive_authenticate_accumulate,0.000029999,0.000029963
2,24,receive_authenticate_accumulate,0.000030334,0.000030315
2,24,receive_authenticate_accumulate,0.000029741,0.000029574
2,24,receive_authenticate_accumulate,0.000029796,0.000029815
2,24,spatial_reconstruction_verify,0.025961446,0.025961648
2,25,round_reset,0.000014982,0.000010963
2,25,receive_authenticate_accumulate,0.025870613,0.025870278
2,25,receive_authenticate_accumulate,0.017225952,0.017225945
2,25,receive_authenticate_accumulate,0.017227156,0.017227240
2,25,receive_authenticate_accumulate,0.017224101,0.017224092
2,25,receive_authenticate_accumulate,0.017216768,0.017216723
2,25,receive_authenticate_accumulate,0.017223730,0.017223667
2,25,receive_authenticate_accumulate,0.017263841,0.017235167
2,25,receive_authenticate_accumulate,0.017228156,0.017228204
2,25,receive_authenticate_accumulate,0.017278564,0.017236537
2,25,receive_authenticate_accumulate,0.017238693,0.017227518
2,25,receive_authenticate_accumulate,0.017224174,0.017224389
2,25,receive_authenticate_accumulate,0.017222823,0.017222778
2,25,receive_authenticate_accumulate,0.017212915,0.017213000
2,25,receive_authenticate_accumulate,0.017242545,0.017226574
2,25,receive_authenticate_accumulate,0.017265434,0.017246499
2,25,receive_authenticate_accumulate,0.017222082,0.017221833
2,25,receive_authenticate_accumulate,0.017218471,0.017218574
2,25,receive_authenticate_accumulate,0.017211915,0.017211852
2,25,receive_authenticate_accumulate,0.017222082,0.017221981
2,25,receive_authenticate_accumulate,0.017220471,0.017220333
2,25,round_coverage,0.002253785,0.002253815
2,25,receive_authenticate_accumulate,0.000044481,0.000044314
2,25,receive_authenticate_accumulate,0.000030907,0.000030852
2,25,receive_authenticate_accumulate,0.000030463,0.000030500
2,25,receive_authenticate_accumulate,0.000030185,0.000030222
2,25,receive_authenticate_accumulate,0.000030167,0.000030074
2,25,receive_authenticate_accumulate,0.000032648,0.000032537
2,25,receive_authenticate_accumulate,0.000030222,0.000030166
2,25,receive_authenticate_accumulate,0.000029982,0.000030037
2,25,receive_authenticate_accumulate,0.000029556,0.000029666
2,25,receive_authenticate_accumulate,0.000029814,0.000029815
2,25,spatial_reconstruction_verify,0.025965095,0.025965315
2,26,round_reset,0.000011129,0.000007629
2,26,receive_authenticate_accumulate,0.038016388,0.037905962
2,26,receive_authenticate_accumulate,0.017220120,0.017220204
2,26,receive_authenticate_accumulate,0.017224305,0.017224315
2,26,receive_authenticate_accumulate,0.017248490,0.017226186
2,26,receive_authenticate_accumulate,0.017271694,0.017234186
2,26,receive_authenticate_accumulate,0.017224767,0.017224777
2,26,receive_authenticate_accumulate,0.017220176,0.017220129
2,26,receive_authenticate_accumulate,0.017221379,0.017221203
2,26,receive_authenticate_accumulate,0.017252397,0.017239018
2,26,receive_authenticate_accumulate,0.017255304,0.017240037
2,26,receive_authenticate_accumulate,0.017229527,0.017229518
2,26,receive_authenticate_accumulate,0.017225841,0.017225685
2,26,receive_authenticate_accumulate,0.017226767,0.017226685
2,26,receive_authenticate_accumulate,0.017224083,0.017224074
2,26,receive_authenticate_accumulate,0.017221916,0.017221889
2,26,receive_authenticate_accumulate,0.017222213,0.017222092
2,26,receive_authenticate_accumulate,0.017230379,0.017230426
2,26,receive_authenticate_accumulate,0.017220823,0.017220870
2,26,receive_authenticate_accumulate,0.017226897,0.017226870
2,26,receive_authenticate_accumulate,0.017225472,0.017225296
2,26,round_coverage,0.001926546,0.001926389
2,26,receive_authenticate_accumulate,0.000044277,0.000044167
2,26,receive_authenticate_accumulate,0.000030648,0.000030612
2,26,receive_authenticate_accumulate,0.000029611,0.000029611
2,26,receive_authenticate_accumulate,0.000029685,0.000029648
2,26,receive_authenticate_accumulate,0.000029685,0.000029685
2,26,receive_authenticate_accumulate,0.000029500,0.000029463
2,26,receive_authenticate_accumulate,0.000030167,0.000030130
2,26,receive_authenticate_accumulate,0.000029666,0.000029630
2,26,receive_authenticate_accumulate,0.000030000,0.000030018
2,26,receive_authenticate_accumulate,0.000029962,0.000029945
2,26,spatial_reconstruction_verify,0.025971836,0.025971944
2,27,round_reset,0.000013889,0.000010167
2,27,receive_authenticate_accumulate,0.025882225,0.025882037
2,27,receive_authenticate_accumulate,0.017228268,0.017228297
2,27,receive_authenticate_accumulate,0.017218694,0.017218574
2,27,receive_authenticate_accumulate,0.017229194,0.017229185
2,27,receive_authenticate_accumulate,0.017218879,0.017218797
2,27,receive_authenticate_accumulate,0.017224416,0.017224203
2,27,receive_authenticate_accumulate,0.017219398,0.017219389
2,27,receive_authenticate_accumulate,0.017218472,0.017218389
2,27,receive_authenticate_accumulate,0.017224805,0.017224722
2,27,receive_authenticate_accumulate,0.017258601,0.017234797
2,27,receive_authenticate_accumulate,0.017218657,0.017218667
2,27,receive_authenticate_accumulate,0.017230028,0.017229982
2,27,receive_authenticate_accumulate,0.017218583,0.017218630
2,27,receive_authenticate_accumulate,0.017222101,0.017222111
2,27,receive_authenticate_accumulate,0.017234527,0.017234611
2,27,receive_authenticate_accumulate,0.017225528,0.017225500
2,27,receive_authenticate_accumulate,0.017222083,0.017222240
2,27,receive_authenticate_accumulate,0.017222101,0.017222129
2,27,receive_authenticate_accumulate,0.017217138,0.017217185
2,27,receive_authenticate_accumulate,0.017233453,0.017233296
2,27,round_coverage,0.001757677,0.001757445
2,27,receive_authenticate_accumulate,0.000044445,0.000044371
2,27,receive_authenticate_accumulate,0.000031593,0.000031537
2,27,receive_authenticate_accumulate,0.000030407,0.000030277
2,27,receive_authenticate_accumulate,0.000056407,0.000056593
2,27,receive_authenticate_accumulate,0.000027130,0.000027037
2,27,receive_authenticate_accumulate,0.000030889,0.000030852
2,27,receive_authenticate_accumulate,0.000026278,0.000026296
2,27,receive_authenticate_accumulate,0.000025796,0.000025796
2,27,receive_authenticate_accumulate,0.000026111,0.000026166
2,27,receive_authenticate_accumulate,0.000025852,0.000025797
2,27,spatial_reconstruction_verify,0.025971281,0.025971519
2,28,round_reset,0.000015389,0.000011611
2,28,receive_authenticate_accumulate,0.037966075,0.037829889
2,28,receive_authenticate_accumulate,0.017232343,0.017232444
2,28,receive_authenticate_accumulate,0.017218732,0.017218611
2,28,receive_authenticate_accumulate,0.017227620,0.017227685
2,28,receive_authenticate_accumulate,0.017223139,0.017223037
2,28,receive_authenticate_accumulate,0.017222787,0.017222907
2,28,receive_authenticate_accumulate,0.017216528,0.017216481
2,28,receive_authenticate_accumulate,0.017261102,0.017238481
2,28,receive_authenticate_accumulate,0.017226676,0.017226537
2,28,receive_authenticate_accumulate,0.017216121,0.017216222
2,28,receive_authenticate_accumulate,0.017223528,0.017223481
2,28,receive_authenticate_accumulate,0.017224139,0.017224185
2,28,receive_authenticate_accumulate,0.017221139,0.017221166
2,28,receive_authenticate_accumulate,0.017218899,0.017218889
2,28,receive_authenticate_accumulate,0.017215880,0.017215852
2,28,receive_authenticate_accumulate,0.017215861,0.017215851
2,28,receive_authenticate_accumulate,0.017231935,0.017231888
2,28,receive_authenticate_accumulate,0.017208805,0.017208796
2,28,receive_authenticate_accumulate,0.017219305,0.017219111
2,28,receive_authenticate_accumulate,0.017226991,0.017226926
2,28,round_coverage,0.002260933,0.002260907
2,28,receive_authenticate_accumulate,0.000050722,0.000050612
2,28,receive_authenticate_accumulate,0.000031592,0.000031629
2,28,receive_authenticate_accumulate,0.000030500,0.000030445
2,28,receive_authenticate_accumulate,0.000029778,0.000029722
2,28,receive_authenticate_accumulate,0.000029963,0.000029926
2,28,receive_authenticate_accumulate,0.000029629,0.000029685
2,28,receive_authenticate_accumulate,0.000029982,0.000029926
2,28,receive_authenticate_accumulate,0.000029555,0.000029518
2,28,receive_authenticate_accumulate,0.000029703,0.000029740
2,28,receive_authenticate_accumulate,0.000030204,0.000030149
2,28,spatial_reconstruction_verify,0.025979263,0.025979481
2,29,round_reset,0.000015797,0.000011907
2,29,receive_authenticate_accumulate,0.037571893,0.037452888
2,29,receive_authenticate_accumulate,0.017235973,0.017236037
2,29,receive_authenticate_accumulate,0.017221028,0.017221000
2,29,receive_authenticate_accumulate,0.017225417,0.017225537
2,29,receive_authenticate_accumulate,0.017229380,0.017229334
2,29,receive_authenticate_accumulate,0.017220343,0.017220333
2,29,receive_authenticate_accumulate,0.017222731,0.017222889
2,29,receive_authenticate_accumulate,0.017225972,0.017225889
2,29,receive_authenticate_accumulate,0.017232269,0.017232500
2,29,receive_authenticate_accumulate,0.017228695,0.017228815
2,29,receive_authenticate_accumulate,0.017216713,0.017216685
2,29,receive_authenticate_accumulate,0.017216102,0.017216093
2,29,receive_authenticate_accumulate,0.017231528,0.017231556
2,29,receive_authenticate_accumulate,0.017218714,0.017218778
2,29,receive_authenticate_accumulate,0.017255158,0.017243741
2,29,receive_authenticate_accumulate,0.017217713,0.017217666
2,29,receive_authenticate_accumulate,0.017230917,0.017230833
2,29,receive_authenticate_accumulate,0.017225788,0.017225629
2,29,receive_authenticate_accumulate,0.017227306,0.017227278
2,29,receive_authenticate_accumulate,0.017223880,0.017223796
2,29,round_coverage,0.001943713,0.001943685
2,29,receive_authenticate_accumulate,0.000045851,0.000045722
2,29,receive_authenticate_accumulate,0.000030870,0.000031000
2,29,receive_authenticate_accumulate,0.000030537,0.000030556
2,29,receive_authenticate_accumulate,0.000029759,0.000029741
2,29,receive_authenticate_accumulate,0.000029963,0.000029889
2,29,receive_authenticate_accumulate,0.000030093,0.000030056
2,29,receive_authenticate_accumulate,0.000030500,0.000030555
2,29,receive_authenticate_accumulate,0.000030018,0.000029889
2,29,receive_authenticate_accumulate,0.000029814,0.000029815
2,29,receive_authenticate_accumulate,0.000029889,0.000029833
2,29,spatial_reconstruction_verify,0.025979301,0.025979629
2,29,receive_authenticate_accumulate,0.000037647,0.000037629
2,29,receive_authenticate_accumulate,0.000027648,0.000027741
2,29,receive_authenticate_accumulate,0.000027297,0.000027314
2,29,receive_authenticate_accumulate,0.000027148,0.000027240
2,29,receive_authenticate_accumulate,0.000027203,0.000027314
2,29,receive_authenticate_accumulate,0.000027166,0.000027333
2,29,receive_authenticate_accumulate,0.000027000,0.000027037
2,29,receive_authenticate_accumulate,0.000027981,0.000028092
2,29,receive_authenticate_accumulate,0.000027574,0.000027686
2,29,receive_authenticate_accumulate,0.000027722,0.000027796
2,29,receive_authenticate_accumulate,0.000028018,0.000028111
2,29,receive_authenticate_accumulate,0.000027518,0.000027648
2,29,receive_authenticate_accumulate,0.000027685,0.000027778
2,29,receive_authenticate_accumulate,0.000027426,0.000027481
2,29,receive_authenticate_accumulate,0.000027425,0.000027500
2,29,receive_authenticate_accumulate,0.000027463,0.000027555
2,29,receive_authenticate_accumulate,0.000027500,0.000027593
2,29,receive_authenticate_accumulate,0.000027593,0.000027685
2,29,receive_authenticate_accumulate,0.000027759,0.000027852
2,29,receive_authenticate_accumulate,0.000027518,0.000027648
2,29,receive_authenticate_accumulate,0.000031055,0.000030963
2,29,receive_authenticate_accumulate,0.000027389,0.000027482
2,29,receive_authenticate_accumulate,0.000027130,0.000027203
2,29,receive_authenticate_accumulate,0.000027018,0.000027093
2,29,receive_authenticate_accumulate,0.000027167,0.000027259
2,29,receive_authenticate_accumulate,0.000027074,0.000027093
2,29,receive_authenticate_accumulate,0.000026759,0.000026907
2,29,receive_authenticate_accumulate,0.000026815,0.000026926
2,29,receive_authenticate_accumulate,0.000026982,0.000027111
2,29,receive_authenticate_accumulate,0.000026962,0.000026982
2,29,receive_authenticate_accumulate,0.000026925,0.000027055
2,29,receive_authenticate_accumulate,0.000026908,0.000027018
2,29,receive_authenticate_accumulate,0.000030741,0.000030704
2,29,receive_authenticate_accumulate,0.000027277,0.000027407
2,29,receive_authenticate_accumulate,0.000026944,0.000027037
2,29,receive_authenticate_accumulate,0.000027074,0.000027149
2,29,receive_authenticate_accumulate,0.000027055,0.000027148
2,29,receive_authenticate_accumulate,0.000026963,0.000027018
2,29,receive_authenticate_accumulate,0.000026908,0.000026963
2,29,receive_authenticate_accumulate,0.000026963,0.000027056
2,29,receive_authenticate_accumulate,0.000031019,0.000031093
2,29,receive_authenticate_accumulate,0.000027204,0.000027240
2,29,receive_authenticate_accumulate,0.000027111,0.000027204
2,29,receive_authenticate_accumulate,0.000026981,0.000027055
2,29,receive_authenticate_accumulate,0.000026982,0.000027111
2,29,receive_authenticate_accumulate,0.000026834,0.000026907
2,29,receive_authenticate_accumulate,0.000027055,0.000027148
2,29,receive_authenticate_accumulate,0.000026962,0.000027074
2,29,receive_authenticate_accumulate,0.000026963,0.000027055
2,29,receive_authenticate_accumulate,0.000026852,0.000026963
2,29,receive_authenticate_accumulate,0.000026797,0.000026889
2,29,receive_authenticate_accumulate,0.000026926,0.000027000
2,29,receive_authenticate_accumulate,0.000026814,0.000026926
2,29,receive_authenticate_accumulate,0.000026778,0.000026870
2,29,receive_authenticate_accumulate,0.000026907,0.000026981
2,29,receive_authenticate_accumulate,0.000026870,0.000026963
2,29,receive_authenticate_accumulate,0.000026907,0.000027019
2,29,receive_authenticate_accumulate,0.000026870,0.000026963
2,29,receive_authenticate_accumulate,0.000026963,0.000027055
2,29,receive_authenticate_accumulate,0.000026870,0.000026944
2,29,receive_authenticate_accumulate,0.000030130,0.000030111
2,29,receive_authenticate_accumulate,0.000027055,0.000027074
2,29,receive_authenticate_accumulate,0.000026962,0.000027055
2,29,receive_authenticate_accumulate,0.000026907,0.000027000
2,29,receive_authenticate_accumulate,0.000026760,0.000026907
2,29,receive_authenticate_accumulate,0.000026870,0.000026926
2,29,receive_authenticate_accumulate,0.000026667,0.000026778
2,29,receive_authenticate_accumulate,0.000027370,0.000027463
2,29,receive_authenticate_accumulate,0.000026777,0.000026833
2,29,receive_authenticate_accumulate,0.000026685,0.000026685
2,29,receive_authenticate_accumulate,0.000026907,0.000026982
2,29,receive_authenticate_accumulate,0.000027000,0.000027056
2,29,receive_authenticate_accumulate,0.000026759,0.000026833
2,29,receive_authenticate_accumulate,0.000026833,0.000026944
2,29,receive_authenticate_accumulate,0.000026740,0.000026889
2,29,receive_authenticate_accumulate,0.000026944,0.000027019
2,29,receive_authenticate_accumulate,0.000026944,0.000027037
2,29,receive_authenticate_accumulate,0.000026925,0.000027019
2,29,receive_authenticate_accumulate,0.000026870,0.000026926
2,29,receive_authenticate_accumulate,0.000026852,0.000026945
2,29,receive_authenticate_accumulate,0.000031815,0.000031741
2,29,receive_authenticate_accumulate,0.000027871,0.000027925
2,29,receive_authenticate_accumulate,0.000027408,0.000027463
2,29,receive_authenticate_accumulate,0.000027629,0.000027685
2,29,receive_authenticate_accumulate,0.000027351,0.000027426
2,29,receive_authenticate_accumulate,0.000027463,0.000027500
2,29,receive_authenticate_accumulate,0.000027370,0.000027463
2,29,receive_authenticate_accumulate,0.000028518,0.000028574
2,29,receive_authenticate_accumulate,0.000027537,0.000027611
2,29,receive_authenticate_accumulate,0.000027296,0.000027426
2,29,receive_authenticate_accumulate,0.000027388,0.000027482
2,29,receive_authenticate_accumulate,0.000027389,0.000027463
2,29,receive_authenticate_accumulate,0.000027537,0.000027611
2,29,receive_authenticate_accumulate,0.000027352,0.000027426
2,29,receive_authenticate_accumulate,0.000027277,0.000027352
2,29,receive_authenticate_accumulate,0.000027481,0.000027593
2,29,receive_authenticate_accumulate,0.000027481,0.000027611
2,29,receive_authenticate_accumulate,0.000049408,0.000049537
2,29,receive_authenticate_accumulate,0.000028703,0.000028778
2,29,receive_authenticate_accumulate,0.000027444,0.000027537
2,29,receive_authenticate_accumulate,0.000030130,0.000030074
2,29,receive_authenticate_accumulate,0.000027278,0.000027296
2,29,receive_authenticate_accumulate,0.000027019,0.000027148
2,29,receive_authenticate_accumulate,0.000026907,0.000026982
2,29,receive_authenticate_accumulate,0.000026870,0.000027000
2,29,receive_authenticate_accumulate,0.000026963,0.000027019
2,29,receive_authenticate_accumulate,0.000026963,0.000027074
2,29,receive_authenticate_accumulate,0.000027019,0.000027055
2,29,receive_authenticate_accumulate,0.000026815,0.000026888
2,29,receive_authenticate_accumulate,0.000027000,0.000027055
2,29,receive_authenticate_accumulate,0.000026815,0.000026963
2,29,receive_authenticate_accumulate,0.000026833,0.000026908
2,29,receive_authenticate_accumulate,0.000026889,0.000026981
2,29,receive_authenticate_accumulate,0.000026834,0.000026871
2,29,receive_authenticate_accumulate,0.000026945,0.000027000
2,29,receive_authenticate_accumulate,0.000026833,0.000026926
2,29,receive_authenticate_accumulate,0.000026833,0.000026926
2,29,receive_authenticate_accumulate,0.000026889,0.000026981
2,29,receive_authenticate_accumulate,0.000026834,0.000026870
2,29,receive_authenticate_accumulate,0.000026741,0.000026834
2,29,receive_authenticate_accumulate,0.000031500,0.000031574
2,29,receive_authenticate_accumulate,0.000027685,0.000027796
2,29,receive_authenticate_accumulate,0.000027574,0.000027685
2,29,receive_authenticate_accumulate,0.000027462,0.000027518
2,29,receive_authenticate_accumulate,0.000027500,0.000027555
2,29,receive_authenticate_accumulate,0.000027741,0.000027833
2,29,receive_authenticate_accumulate,0.000027333,0.000027426
2,29,receive_authenticate_accumulate,0.000027296,0.000027426
2,29,receive_authenticate_accumulate,0.000028833,0.000028796
2,29,receive_authenticate_accumulate,0.000027537,0.000027648
2,29,receive_authenticate_accumulate,0.000027259,0.000027389
2,29,receive_authenticate_accumulate,0.000027463,0.000027537
2,29,receive_authenticate_accumulate,0.000027444,0.000027519
2,29,receive_authenticate_accumulate,0.000027573,0.000027630
2,29,receive_authenticate_accumulate,0.000027389,0.000027500
2,29,receive_authenticate_accumulate,0.000027259,0.000027334
2,29,receive_authenticate_accumulate,0.000027462,0.000027519
2,29,receive_authenticate_accumulate,0.000027500,0.000027574
2,29,receive_authenticate_accumulate,0.000027537,0.000027611
2,29,receive_authenticate_accumulate,0.000027889,0.000027981
2,29,receive_authenticate_accumulate,0.000031018,0.000030963
2,29,receive_authenticate_accumulate,0.000027315,0.000027333
2,29,receive_authenticate_accumulate,0.000026833,0.000026926
2,29,receive_authenticate_accumulate,0.000026889,0.000027000
2,29,receive_authenticate_accumulate,0.000026926,0.000027018
2,29,receive_authenticate_accumulate,0.000026908,0.000026945
2,29,receive_authenticate_accumulate,0.000026797,0.000026870
2,29,receive_authenticate_accumulate,0.000026908,0.000026981
2,29,receive_authenticate_accumulate,0.000026852,0.000026963
2,29,receive_authenticate_accumulate,0.000026815,0.000026852
2,29,receive_authenticate_accumulate,0.000026889,0.000026963
2,29,receive_authenticate_accumulate,0.000026723,0.000026852
2,29,receive_authenticate_accumulate,0.000026834,0.000026944
2,29,receive_authenticate_accumulate,0.000026777,0.000026833
2,29,receive_authenticate_accumulate,0.000028037,0.000028111
2,29,receive_authenticate_accumulate,0.000026944,0.000027018
2,29,receive_authenticate_accumulate,0.000036296,0.000036463
2,29,receive_authenticate_accumulate,0.000024407,0.000024537
2,29,receive_authenticate_accumulate,0.000022963,0.000023037
2,29,receive_authenticate_accumulate,0.000022889,0.000023037
2,29,receive_authenticate_accumulate,0.000031833,0.000031814
2,29,receive_authenticate_accumulate,0.000023944,0.000024019
2,29,receive_authenticate_accumulate,0.000022944,0.000023056
2,29,receive_authenticate_accumulate,0.000022852,0.000022981
2,29,receive_authenticate_accumulate,0.000022889,0.000023037
2,29,receive_authenticate_accumulate,0.000022815,0.000022963
2,29,receive_authenticate_accumulate,0.000022926,0.000023055
2,29,receive_authenticate_accumulate,0.000022778,0.000022908
2,29,receive_authenticate_accumulate,0.000022871,0.000022963
2,29,receive_authenticate_accumulate,0.000022722,0.000022834
2,29,receive_authenticate_accumulate,0.000022796,0.000022926
2,29,receive_authenticate_accumulate,0.000022833,0.000022926
2,29,receive_authenticate_accumulate,0.000022759,0.000022815
2,29,receive_authenticate_accumulate,0.000022944,0.000023000
2,29,receive_authenticate_accumulate,0.000022796,0.000022871
2,29,receive_authenticate_accumulate,0.000022908,0.000023000
2,29,receive_authenticate_accumulate,0.000022741,0.000022834
2,29,receive_authenticate_accumulate,0.000022945,0.000023055
2,29,receive_authenticate_accumulate,0.000022852,0.000022926
2,29,receive_authenticate_accumulate,0.000022852,0.000023000
2,29,receive_authenticate_accumulate,0.000027130,0.000027092
2,29,receive_authenticate_accumulate,0.000023907,0.000024000
2,29,receive_authenticate_accumulate,0.000023722,0.000023797
2,29,receive_authenticate_accumulate,0.000023592,0.000023778
2,29,receive_authenticate_accumulate,0.000023500,0.000023685
2,29,receive_authenticate_accumulate,0.000023796,0.000023888
2,29,receive_authenticate_accumulate,0.000023686,0.000023796
2,29,receive_authenticate_accumulate,0.000023574,0.000023703
2,29,receive_authenticate_accumulate,0.000023593,0.000023666
2,29,receive_authenticate_accumulate,0.000023592,0.000023703
2,29,receive_authenticate_accumulate,0.000023666,0.000023741
2,29,receive_authenticate_accumulate,0.000023629,0.000023722
2,29,receive_authenticate_accumulate,0.000023667,0.000023777
2,29,receive_authenticate_accumulate,0.000023648,0.000023759
2,29,receive_authenticate_accumulate,0.000023611,0.000023685
2,29,receive_authenticate_accumulate,0.000023593,0.000023723
2,29,receive_authenticate_accumulate,0.000023445,0.000023500
2,29,receive_authenticate_accumulate,0.000023537,0.000023648
2,29,receive_authenticate_accumulate,0.000023592,0.000023685
2,29,receive_authenticate_accumulate,0.000023500,0.000023611
2,29,billing_reconstruction_verify,0.025962079,0.025962333
2,29,billing_reconstruction_verify,0.025922486,0.025922630
2,29,billing_reconstruction_verify,0.025928375,0.025928593
2,29,billing_reconstruction_verify,0.025928394,0.025928648
2,29,billing_reconstruction_verify,0.025927561,0.025927777
2,29,billing_reconstruction_verify,0.025917338,0.025917519
2,29,billing_reconstruction_verify,0.025967172,0.025942388
2,29,billing_reconstruction_verify,0.025919672,0.025919907
2,29,billing_reconstruction_verify,0.025918375,0.025918593
2,29,billing_reconstruction_verify,0.025929376,0.025929685
2,29,billing_reconstruction_verify,0.025916375,0.025916593
2,29,billing_reconstruction_verify,0.025926357,0.025926574
2,29,billing_reconstruction_verify,0.025915246,0.025915463
2,29,billing_reconstruction_verify,0.025921875,0.025922111
2,29,billing_reconstruction_verify,0.025940801,0.025931594
2,29,billing_reconstruction_verify,0.025922968,0.025923129
2,29,billing_reconstruction_verify,0.025915135,0.025915314
2,29,billing_reconstruction_verify,0.025974986,0.025936834
2,29,billing_reconstruction_verify,0.025915801,0.025916037
2,29,billing_reconstruction_verify,0.025927116,0.025927389
3,30,period_reset,0.000031055,0.000027518
3,30,receive_authenticate_accumulate,0.000086018,0.000085889
3,30,receive_authenticate_accumulate,0.000072666,0.000072296
3,30,receive_authenticate_accumulate,0.000069277,0.000069129
3,30,receive_authenticate_accumulate,0.000067944,0.000067685
3,30,receive_authenticate_accumulate,0.000067944,0.000067704
3,30,receive_authenticate_accumulate,0.000069630,0.000069463
3,30,receive_authenticate_accumulate,0.000068166,0.000067759
3,30,receive_authenticate_accumulate,0.000067648,0.000067074
3,30,receive_authenticate_accumulate,0.000050445,0.000050352
3,30,receive_authenticate_accumulate,0.000051259,0.000051241
3,30,receive_authenticate_accumulate,0.000053351,0.000053278
3,30,receive_authenticate_accumulate,0.000051592,0.000051296
3,30,receive_authenticate_accumulate,0.000051092,0.000050815
3,30,receive_authenticate_accumulate,0.000051481,0.000051130
3,30,receive_authenticate_accumulate,0.000050167,0.000050019
3,30,receive_authenticate_accumulate,0.000049926,0.000049722
3,30,receive_authenticate_accumulate,0.000052185,0.000052018
3,30,receive_authenticate_accumulate,0.000051870,0.000051611
3,30,receive_authenticate_accumulate,0.000052296,0.000052129
3,30,receive_authenticate_accumulate,0.000051481,0.000050852
3,30,receive_authenticate_accumulate,0.000077000,0.000076852
3,30,receive_authenticate_accumulate,0.000065573,0.000065574
3,30,receive_authenticate_accumulate,0.000066018,0.000065759
3,30,receive_authenticate_accumulate,0.000063185,0.000063111
3,30,receive_authenticate_accumulate,0.000062426,0.000062204
3,30,receive_authenticate_accumulate,0.000065092,0.000064871
3,30,receive_authenticate_accumulate,0.000062796,0.000062852
3,30,receive_authenticate_accumulate,0.000064036,0.000063889
3,30,receive_authenticate_accumulate,0.000063259,0.000062963
3,30,receive_authenticate_accumulate,0.000062222,0.000062018
3,30,receive_authenticate_accumulate,0.000038851,0.000038722
3,30,receive_authenticate_accumulate,0.000034444,0.000034371
3,30,receive_authenticate_accumulate,0.000037407,0.000037260
3,30,receive_authenticate_accumulate,0.000034963,0.000034833
3,30,receive_authenticate_accumulate,0.000033722,0.000033741
3,30,receive_authenticate_accumulate,0.000036167,0.000036130
3,30,receive_authenticate_accumulate,0.000036760,0.000036648
3,30,receive_authenticate_accumulate,0.000032277,0.000032167
3,30,receive_authenticate_accumulate,0.000034852,0.000034741
3,30,receive_authenticate_accumulate,0.000031518,0.000031371
3,30,committee_selection,0.000076333,0.000076074
3,30,round_reset,0.000003556,0.000003056
3,30,receive_authenticate_accumulate,0.017241510,0.017241519
3,30,receive_authenticate_accumulate,0.017230973,0.017230926
3,30,receive_authenticate_accumulate,0.017249047,0.017226723
3,30,receive_authenticate_accumulate,0.017226455,0.017226222
3,30,receive_authenticate_accumulate,0.017210565,0.017210518
3,30,receive_authenticate_accumulate,0.017232696,0.017232630
3,30,receive_authenticate_accumulate,0.017223399,0.017223537
3,30,receive_authenticate_accumulate,0.017261899,0.017234204
3,30,receive_authenticate_accumulate,0.017236659,0.017236630
3,30,receive_authenticate_accumulate,0.017246399,0.017246444
3,30,receive_authenticate_accumulate,0.017289954,0.017245834
3,30,receive_authenticate_accumulate,0.017229140,0.017229297
3,30,receive_authenticate_accumulate,0.017235158,0.017235148
3,30,receive_authenticate_accumulate,0.017215028,0.017215000
3,30,receive_authenticate_accumulate,0.017224565,0.017224556
3,30,receive_authenticate_accumulate,0.017219917,0.017219889
3,30,receive_authenticate_accumulate,0.017215621,0.017215574
3,30,receive_authenticate_accumulate,0.017223991,0.017223908
3,30,receive_authenticate_accumulate,0.017271695,0.017233092
3,30,receive_authenticate_accumulate,0.017222010,0.017222000
3,30,round_coverage,0.001577677,0.001577389
3,30,receive_authenticate_accumulate,0.000045833,0.000045723
3,30,receive_authenticate_accumulate,0.000031685,0.000031722
3,30,receive_authenticate_accumulate,0.000030518,0.000030556
3,30,receive_authenticate_accumulate,0.000030351,0.000030352
3,30,receive_authenticate_accumulate,0.000029611,0.000029537
3,30,receive_authenticate_accumulate,0.000029981,0.000029963
3,30,receive_authenticate_accumulate,0.000031092,0.000031056
3,30,receive_authenticate_accumulate,0.000030759,0.000030703
3,30,receive_authenticate_accumulate,0.000029685,0.000029667
3,30,receive_authenticate_accumulate,0.000029907,0.000029945
3,30,spatial_reconstruction_verify,0.025971043,0.025971203
3,31,round_reset,0.000012796,0.000008000
3,31,receive_authenticate_accumulate,0.036794195,0.036792426
3,31,receive_authenticate_accumulate,0.017233158,0.017233055
3,31,receive_authenticate_accumulate,0.017272992,0.017242574
3,31,receive_authenticate_accumulate,0.017233140,0.017232944
3,31,receive_authenticate_accumulate,0.017218973,0.017218963
3,31,receive_authenticate_accumulate,0.017222955,0.017222963
3,31,receive_authenticate_accumulate,0.017220140,0.017220129
3,31,receive_authenticate_accumulate,0.017272603,0.017236057
3,31,receive_authenticate_accumulate,0.017226048,0.017226074
3,31,receive_authenticate_accumulate,0.017217511,0.017217685
3,31,receive_authenticate_accumulate,0.017219788,0.017219833
3,31,receive_authenticate_accumulate,0.017223233,0.017223315
3,31,receive_authenticate_accumulate,0.017224158,0.017224204
3,31,receive_authenticate_accumulate,0.017216252,0.017216222
3,31,receive_authenticate_accumulate,0.017225085,0.017225074
3,31,receive_authenticate_accumulate,0.017218177,0.017218204
3,31,receive_authenticate_accumulate,0.017261677,0.017233036
3,31,receive_authenticate_accumulate,0.017223084,0.017223185
3,31,receive_authenticate_accumulate,0.017221492,0.017221482
3,31,receive_authenticate_accumulate,0.017218510,0.017218370
3,31,round_coverage,0.002235341,0.002235037
3,31,receive_authenticate_accumulate,0.000044667,0.000044537
3,31,receive_authenticate_accumulate,0.000030463,0.000030500
3,31,receive_authenticate_accumulate,0.000030111,0.000030074
3,31,receive_authenticate_accumulate,0.000030148,0.000030037
3,31,receive_authenticate_accumulate,0.000029908,0.000029944
3,31,receive_authenticate_accumulate,0.000030129,0.000030037
3,31,receive_authenticate_accumulate,0.000029907,0.000029926
3,31,receive_authenticate_accumulate,0.000029593,0.000029574
3,31,receive_authenticate_accumulate,0.000029963,0.000029852
3,31,receive_authenticate_accumulate,0.000029611,0.000029667
3,31,spatial_reconstruction_verify,0.025972728,0.025972926
3,32,round_reset,0.000014871,0.000010741
3,32,receive_authenticate_accumulate,0.025861044,0.025860944
3,32,receive_authenticate_accumulate,0.017223863,0.017223889
3,32,receive_authenticate_accumulate,0.017261918,0.017232186
3,32,receive_authenticate_accumulate,0.017234437,0.017234334
3,32,receive_authenticate_accumulate,0.017231659,0.017231574
3,32,receive_authenticate_accumulate,0.017212974,0.017213000
3,32,receive_authenticate_accumulate,0.017244899,0.017233314
3,32,receive_authenticate_accumulate,0.017225548,0.017225593
3,32,receive_authenticate_accumulate,0.017224622,0.017224592
3,32,receive_authenticate_accumulate,0.017226307,0.017226314
3,32,receive_authenticate_accumulate,0.017212048,0.017212185
3,32,receive_authenticate_accumulate,0.017243473,0.017229629
3,32,receive_authenticate_accumulate,0.017217696,0.017217371
3,32,receive_authenticate_accumulate,0.017243288,0.017228204
3,32,receive_authenticate_accumulate,0.017223900,0.017224093
3,32,receive_authenticate_accumulate,0.017220696,0.017220870
3,32,receive_authenticate_accumulate,0.017219733,0.017219759
3,32,receive_authenticate_accumulate,0.017226659,0.017226760
3,32,receive_authenticate_accumulate,0.017221956,0.017222019
3,32,receive_authenticate_accumulate,0.017217067,0.017217055
3,32,round_coverage,0.001924917,0.001924740
3,32,receive_authenticate_accumulate,0.000043537,0.000043426
3,32,receive_authenticate_accumulate,0.000031629,0.000031685
3,32,receive_authenticate_accumulate,0.000030814,0.000030796
3,32,receive_authenticate_accumulate,0.000030259,0.000030315
3,32,receive_authenticate_accumulate,0.000029889,0.000029852
3,32,receive_authenticate_accumulate,0.000030110,0.000030074
3,32,receive_authenticate_accumulate,0.000029944,0.000029833
3,32,receive_authenticate_accumulate,0.000029388,0.000029315
3,32,receive_authenticate_accumulate,0.000029908,0.000029944
3,32,receive_authenticate_accumulate,0.000030723,0.000030723
3,32,spatial_reconstruction_verify,0.025972617,0.025972760
3,33,round_reset,0.000015388,0.000011481
3,33,receive_authenticate_accumulate,0.025852675,0.025853482
3,33,receive_authenticate_accumulate,0.017222569,0.017223277
3,33,receive_authenticate_accumulate,0.017222532,0.017223167
3,33,receive_authenticate_accumulate,0.017217293,0.017217963
3,33,receive_authenticate_accumulate,0.017221515,0.017222111
3,33,receive_authenticate_accumulate,0.017214533,0.017215056
3,33,receive_authenticate_accumulate,0.017229237,0.017229871
3,33,receive_authenticate_accumulate,0.017238459,0.017239167
3,33,receive_authenticate_accumulate,0.017226312,0.017226926
3,33,receive_authenticate_accumulate,0.017219812,0.017220426
3,33,receive_authenticate_accumulate,0.017213757,0.017214389
3,33,receive_authenticate_accumulate,0.017226239,0.017226778
3,33,receive_authenticate_accumulate,0.017220610,0.017221204
3,33,receive_authenticate_accumulate,0.017246462,0.017233556
3,33,receive_authenticate_accumulate,0.017226352,0.017227000
3,33,receive_authenticate_accumulate,0.017221593,0.017222148
3,33,receive_authenticate_accumulate,0.017248241,0.017232945
3,33,receive_authenticate_accumulate,0.017229260,0.017229296
3,33,receive_authenticate_accumulate,0.017221484,0.017222111
3,33,receive_authenticate_accumulate,0.017220669,0.017221333
3,33,round_coverage,0.001756966,0.001756852
3,33,receive_authenticate_accumulate,0.000042887,0.000042797
3,33,receive_authenticate_accumulate,0.000031055,0.000031056
3,33,receive_authenticate_accumulate,0.000030462,0.000030537
3,33,receive_authenticate_accumulate,0.000030591,0.000030630
3,33,receive_authenticate_accumulate,0.000030035,0.000030093
3,33,receive_authenticate_accumulate,0.000030536,0.000030444
3,33,receive_authenticate_accumulate,0.000029906,0.000029963
3,33,receive_authenticate_accumulate,0.000030203,0.000030203
3,33,receive_authenticate_accumulate,0.000029999,0.000029963
3,33,receive_authenticate_accumulate,0.000029813,0.000029870
3,33,spatial_reconstruction_verify,0.025976146,0.025977315
3,34,round_reset,0.000015130,0.000011129
3,34,receive_authenticate_accumulate,0.037160499,0.037042073
3,34,receive_authenticate_accumulate,0.017222952,0.017223537
3,34,receive_authenticate_accumulate,0.017225526,0.017226037
3,34,receive_authenticate_accumulate,0.017220120,0.017220759
3,34,receive_authenticate_accumulate,0.017219120,0.017219611
3,34,receive_authenticate_accumulate,0.017221731,0.017222351
3,34,receive_authenticate_accumulate,0.017241361,0.017231463
3,34,receive_authenticate_accumulate,0.017212103,0.017212759
3,34,receive_authenticate_accumulate,0.017261158,0.017231852
3,34,receive_authenticate_accumulate,0.017223641,0.017224389
3,34,receive_authenticate_accumulate,0.017235603,0.017236297
3,34,receive_authenticate_accumulate,0.017223105,0.017223704
3,34,receive_authenticate_accumulate,0.017262436,0.017239184
3,34,receive_authenticate_accumulate,0.017223550,0.017224092
3,34,receive_authenticate_accumulate,0.017221050,0.017221500
3,34,receive_authenticate_accumulate,0.017248031,0.017248500
3,34,receive_authenticate_accumulate,0.017218496,0.017219092
3,34,receive_authenticate_accumulate,0.017207496,0.017208129
3,34,receive_authenticate_accumulate,0.017221460,0.017222093
3,34,receive_authenticate_accumulate,0.017223034,0.017223574
3,34,round_coverage,0.002250930,0.002250925
3,34,receive_authenticate_accumulate,0.000040851,0.000040611
3,34,receive_authenticate_accumulate,0.000027110,0.000027074
3,34,receive_authenticate_accumulate,0.000026407,0.000026297
3,34,receive_authenticate_accumulate,0.000027018,0.000027019
3,34,receive_authenticate_accumulate,0.000026148,0.000026167
3,34,receive_authenticate_accumulate,0.000031073,0.000031000
3,34,receive_authenticate_accumulate,0.000026777,0.000026852
3,34,receive_authenticate_accumulate,0.000025907,0.000025982
3,34,receive_authenticate_accumulate,0.000025944,0.000026018
3,34,receive_authenticate_accumulate,0.000026647,0.000026611
3,34,spatial_reconstruction_verify,0.026015969,0.025985667
3,35,round_reset,0.000015278,0.000011426
3,35,receive_authenticate_accumulate,0.025864879,0.025865703
3,35,receive_authenticate_accumulate,0.017219168,0.017219703
3,35,receive_authenticate_accumulate,0.017211761,0.017212204
3,35,receive_authenticate_accumulate,0.017212429,0.017213000
3,35,receive_authenticate_accumulate,0.017269352,0.017227630
3,35,receive_authenticate_accumulate,0.017222891,0.017223333
3,35,receive_authenticate_accumulate,0.017217929,0.017218500
3,35,receive_authenticate_accumulate,0.017219781,0.017220222
3,35,receive_authenticate_accumulate,0.017223781,0.017224333
3,35,receive_authenticate_accumulate,0.017220171,0.017220778
3,35,receive_authenticate_accumulate,0.017223097,0.017223629
3,35,receive_authenticate_accumulate,0.017217802,0.017218333
3,35,receive_authenticate_accumulate,0.017241671,0.017243611
3,35,receive_authenticate_accumulate,0.017384185,0.017268834
3,35,receive_authenticate_accumulate,0.017231913,0.017232593
3,35,receive_authenticate_accumulate,0.017225544,0.017226148
3,35,receive_authenticate_accumulate,0.017213822,0.017214389
3,35,receive_authenticate_accumulate,0.017237877,0.017238593
3,35,receive_authenticate_accumulate,0.017217526,0.017217982
3,35,receive_authenticate_accumulate,0.017210805,0.017211408
3,35,round_coverage,0.001943057,0.001943074
3,35,receive_authenticate_accumulate,0.000044628,0.000044574
3,35,receive_authenticate_accumulate,0.000031091,0.000031056
3,35,receive_authenticate_accumulate,0.000030110,0.000030093
3,35,receive_authenticate_accumulate,0.000030480,0.000030593
3,35,receive_authenticate_accumulate,0.000030202,0.000030241
3,35,receive_authenticate_accumulate,0.000030091,0.000030185
3,35,receive_authenticate_accumulate,0.000030277,0.000030315
3,35,receive_authenticate_accumulate,0.000029795,0.000029686
3,35,receive_authenticate_accumulate,0.000029573,0.000029537
3,35,receive_authenticate_accumulate,0.000029832,0.000029889
3,35,spatial_reconstruction_verify,0.026023552,0.025994148
3,36,round_reset,0.000011463,0.000007741
3,36,receive_authenticate_accumulate,0.036620982,0.036472556
3,36,receive_authenticate_accumulate,0.017270065,0.017240759
3,36,receive_authenticate_accumulate,0.017220604,0.017221130
3,36,receive_authenticate_accumulate,0.017222086,0.017222611
3,36,receive_authenticate_accumulate,0.017223715,0.017224166
3,36,receive_authenticate_accumulate,0.017264660,0.017243667
3,36,receive_authenticate_accumulate,0.017214365,0.017214889
3,36,receive_authenticate_accumulate,0.017217179,0.017217685
3,36,receive_authenticate_accumulate,0.017229106,0.017219611
3,36,receive_authenticate_accumulate,0.017228292,0.017228759
3,36,receive_authenticate_accumulate,0.017210644,0.017211092
3,36,receive_authenticate_accumulate,0.017213608,0.017213797
3,36,receive_authenticate_accumulate,0.017221645,0.017222129
3,36,receive_authenticate_accumulate,0.017227201,0.017227759
3,36,receive_authenticate_accumulate,0.017214034,0.017214593
3,36,receive_authenticate_accumulate,0.017249181,0.017249667
3,36,receive_authenticate_accumulate,0.017262571,0.017254352
3,36,receive_authenticate_accumulate,0.017219276,0.017219630
3,36,receive_authenticate_accumulate,0.017222499,0.017222740
3,36,receive_authenticate_accumulate,0.017224185,0.017224926
3,36,round_coverage,0.001755956,0.001755963
3,36,receive_authenticate_accumulate,0.000044146,0.000044018
3,36,receive_authenticate_accumulate,0.000031128,0.000031018
3,36,receive_authenticate_accumulate,0.000029906,0.000029926
3,36,receive_authenticate_accumulate,0.000030628,0.000030722
3,36,receive_authenticate_accumulate,0.000030148,0.000030149
3,36,receive_authenticate_accumulate,0.000030647,0.000030667
3,36,receive_authenticate_accumulate,0.000030129,0.000030111
3,36,receive_authenticate_accumulate,0.000029850,0.000029944
3,36,receive_authenticate_accumulate,0.000029869,0.000029870
3,36,receive_authenticate_accumulate,0.000030110,0.000030056
3,36,spatial_reconstruction_verify,0.025972577,0.025973630
3,37,round_reset,0.000015314,0.000010944
3,37,receive_authenticate_accumulate,0.038290426,0.038144630
3,37,receive_authenticate_accumulate,0.017224520,0.017225000
3,37,receive_authenticate_accumulate,0.017255611,0.017232000
3,37,receive_authenticate_accumulate,0.017222872,0.017223370
3,37,receive_authenticate_accumulate,0.017222984,0.017223389
3,37,receive_authenticate_accumulate,0.017220910,0.017221463
3,37,receive_authenticate_accumulate,0.017215947,0.017216519
3,37,receive_authenticate_accumulate,0.017214966,0.017215351
3,37,receive_authenticate_accumulate,0.017213689,0.017214185
3,37,receive_authenticate_accumulate,0.017223263,0.017223834
3,37,receive_authenticate_accumulate,0.017261095,0.017230851
3,37,receive_authenticate_accumulate,0.017221986,0.017222703
3,37,receive_authenticate_accumulate,0.017219152,0.017219519
3,37,receive_authenticate_accumulate,0.017220043,0.017220537
3,37,receive_authenticate_accumulate,0.017225857,0.017226611
3,37,receive_authenticate_accumulate,0.017207951,0.017208519
3,37,receive_authenticate_accumulate,0.017219284,0.017219833
3,37,receive_authenticate_accumulate,0.017228691,0.017228981
3,37,receive_authenticate_accumulate,0.017234544,0.017235074
3,37,receive_authenticate_accumulate,0.017228766,0.017229167
3,37,round_coverage,0.002252590,0.002252704
3,37,receive_authenticate_accumulate,0.000044369,0.000044241
3,37,receive_authenticate_accumulate,0.000030888,0.000030833
3,37,receive_authenticate_accumulate,0.000030184,0.000030185
3,37,receive_authenticate_accumulate,0.000030166,0.000030092
3,37,receive_authenticate_accumulate,0.000029758,0.000029666
3,37,receive_authenticate_accumulate,0.000029906,0.000029833
3,37,receive_authenticate_accumulate,0.000032813,0.000032759
3,37,receive_authenticate_accumulate,0.000029462,0.000029426
3,37,receive_authenticate_accumulate,0.000029684,0.000029648
3,37,receive_authenticate_accumulate,0.000030239,0.000030148
3,37,spatial_reconstruction_verify,0.025971636,0.025972611
3,38,round_reset,0.000014944,0.000011278
3,38,receive_authenticate_accumulate,0.025867464,0.025867982
3,38,receive_authenticate_accumulate,0.017293894,0.017259685
3,38,receive_authenticate_accumulate,0.017229582,0.017230056
3,38,receive_authenticate_accumulate,0.017225786,0.017226204
3,38,receive_authenticate_accumulate,0.017216731,0.017216778
3,38,receive_authenticate_accumulate,0.017224084,0.017224814
3,38,receive_authenticate_accumulate,0.017228010,0.017228537
3,38,receive_authenticate_accumulate,0.017219305,0.017219703
3,38,receive_authenticate_accumulate,0.017212011,0.017212500
3,38,receive_authenticate_accumulate,0.017218622,0.017219018
3,38,receive_authenticate_accumulate,0.017215363,0.017215815
3,38,receive_authenticate_accumulate,0.017223363,0.017223871
3,38,receive_authenticate_accumulate,0.017222714,0.017223185
3,38,receive_authenticate_accumulate,0.017263659,0.017249333
3,38,receive_authenticate_accumulate,0.017285936,0.017241723
3,38,receive_authenticate_accumulate,0.017228883,0.017229074
3,38,receive_authenticate_accumulate,0.017214791,0.017215334
3,38,receive_authenticate_accumulate,0.017214476,0.017214815
3,38,receive_authenticate_accumulate,0.017220773,0.017221334
3,38,receive_authenticate_accumulate,0.017220366,0.017220944
3,38,round_coverage,0.001941437,0.001941555
3,38,receive_authenticate_accumulate,0.000043906,0.000043778
3,38,receive_authenticate_accumulate,0.000031332,0.000031315
3,38,receive_authenticate_accumulate,0.000030240,0.000030166
3,38,receive_authenticate_accumulate,0.000030073,0.000029963
3,38,receive_authenticate_accumulate,0.000030110,0.000030056
3,38,receive_authenticate_accumulate,0.000029665,0.000029648
3,38,receive_authenticate_accumulate,0.000029536,0.000029463
3,38,receive_authenticate_accumulate,0.000029665,0.000029722
3,38,receive_authenticate_accumulate,0.000030129,0.000030166
3,38,receive_authenticate_accumulate,0.000030481,0.000030500
3,38,spatial_reconstruction_verify,0.025956451,0.025957352
3,39,round_reset,0.000011370,0.000007593
3,39,receive_authenticate_accumulate,0.025909424,0.025889926
3,39,receive_authenticate_accumulate,0.017226716,0.017227130
3,39,receive_authenticate_accumulate,0.017214847,0.017215204
3,39,receive_authenticate_accumulate,0.017228217,0.017228648
3,39,receive_authenticate_accumulate,0.017220737,0.017221074
3,39,receive_authenticate_accumulate,0.017217237,0.017217908
3,39,receive_authenticate_accumulate,0.017218107,0.017218556
3,39,receive_authenticate_accumulate,0.017222644,0.017222982
3,39,receive_authenticate_accumulate,0.017226923,0.017227278
3,39,receive_authenticate_accumulate,0.017221737,0.017222223
3,39,receive_authenticate_accumulate,0.017264181,0.017236907
3,39,receive_authenticate_accumulate,0.017227831,0.017228259
3,39,receive_authenticate_accumulate,0.017220980,0.017221389
3,39,receive_authenticate_accumulate,0.017222776,0.017223112
3,39,receive_authenticate_accumulate,0.017217054,0.017217444
3,39,receive_authenticate_accumulate,0.017224796,0.017225259
3,39,receive_authenticate_accumulate,0.017218925,0.017219389
3,39,receive_authenticate_accumulate,0.017223185,0.017223630
3,39,receive_authenticate_accumulate,0.017217167,0.017217649
3,39,receive_authenticate_accumulate,0.017228667,0.017229222
3,39,round_coverage,0.001770834,0.001771075
3,39,receive_authenticate_accumulate,0.000043888,0.000043741
3,39,receive_authenticate_accumulate,0.000031055,0.000031018
3,39,receive_authenticate_accumulate,0.000030276,0.000030240
3,39,receive_authenticate_accumulate,0.000030499,0.000030426
3,39,receive_authenticate_accumulate,0.000030110,0.000030111
3,39,receive_authenticate_accumulate,0.000030054,0.000030037
3,39,receive_authenticate_accumulate,0.000032666,0.000032537
3,39,receive_authenticate_accumulate,0.000030166,0.000030149
3,39,receive_authenticate_accumulate,0.000029907,0.000030018
3,39,receive_authenticate_accumulate,0.000029499,0.000029463
3,39,spatial_reconstruction_verify,0.025962766,0.025963648
3,39,receive_authenticate_accumulate,0.000034833,0.000034796
3,39,receive_authenticate_accumulate,0.000028203,0.000028333
3,39,receive_authenticate_accumulate,0.000027221,0.000027277
3,39,receive_authenticate_accumulate,0.000027147,0.000027240
3,39,receive_authenticate_accumulate,0.000027018,0.000027148
3,39,receive_authenticate_accumulate,0.000027092,0.000027186
3,39,receive_authenticate_accumulate,0.000027054,0.000027129
3,39,receive_authenticate_accumulate,0.000028184,0.000028259
3,39,receive_authenticate_accumulate,0.000027870,0.000028000
3,39,receive_authenticate_accumulate,0.000027369,0.000027481
3,39,receive_authenticate_accumulate,0.000027851,0.000027926
3,39,receive_authenticate_accumulate,0.000027370,0.000027463
3,39,receive_authenticate_accumulate,0.000027722,0.000027833
3,39,receive_authenticate_accumulate,0.000027481,0.000027518
3,39,receive_authenticate_accumulate,0.000027518,0.000027648
3,39,receive_authenticate_accumulate,0.000027629,0.000027723
3,39,receive_authenticate_accumulate,0.000027463,0.000027574
3,39,receive_authenticate_accumulate,0.000027240,0.000027315
3,39,receive_authenticate_accumulate,0.000041720,0.000041889
3,39,receive_authenticate_accumulate,0.000028999,0.000029092
3,39,receive_authenticate_accumulate,0.000030628,0.000030686
3,39,receive_authenticate_accumulate,0.000027222,0.000027315
3,39,receive_authenticate_accumulate,0.000026999,0.000027130
3,39,receive_authenticate_accumulate,0.000026833,0.000026907
3,39,receive_authenticate_accumulate,0.000026907,0.000027000
3,39,receive_authenticate_accumulate,0.000026888,0.000027000
3,39,receive_authenticate_accumulate,0.000026795,0.000026907
3,39,receive_authenticate_accumulate,0.000026925,0.000026963
3,39,receive_authenticate_accumulate,0.000026907,0.000027018
3,39,receive_authenticate_accumulate,0.000026980,0.000027092
3,39,receive_authenticate_accumulate,0.000026740,0.000026759
3,39,receive_authenticate_accumulate,0.000026888,0.000026908
3,39,receive_authenticate_accumulate,0.000026759,0.000026852
3,39,receive_authenticate_accumulate,0.000026943,0.000027056
3,39,receive_authenticate_accumulate,0.000026925,0.000027055
3,39,receive_authenticate_accumulate,0.000026944,0.000027037
3,39,receive_authenticate_accumulate,0.000027036,0.000027111
3,39,receive_authenticate_accumulate,0.000027036,0.000027111
3,39,receive_authenticate_accumulate,0.000026963,0.000027093
3,39,receive_authenticate_accumulate,0.000027036,0.000027130
3,39,receive_authenticate_accumulate,0.000030351,0.000030315
3,39,receive_authenticate_accumulate,0.000027222,0.000027352
3,39,receive_authenticate_accumulate,0.000027110,0.000027204
3,39,receive_authenticate_accumulate,0.000026888,0.000027000
3,39,receive_authenticate_accumulate,0.000026906,0.000026963
3,39,receive_authenticate_accumulate,0.000026907,0.000027000
3,39,receive_authenticate_accumulate,0.000026980,0.000027111
3,39,receive_authenticate_accumulate,0.000026962,0.000027037
3,39,receive_authenticate_accumulate,0.000026888,0.000026926
3,39,receive_authenticate_accumulate,0.000026851,0.000026889
3,39,receive_authenticate_accumulate,0.000026795,0.000026852
3,39,receive_authenticate_accumulate,0.000026851,0.000026963
3,39,receive_authenticate_accumulate,0.000028018,0.000028037
3,39,receive_authenticate_accumulate,0.000027129,0.000027240
3,39,receive_authenticate_accumulate,0.000027036,0.000027130
3,39,receive_authenticate_accumulate,0.000035721,0.000035852
3,39,receive_authenticate_accumulate,0.000024592,0.000024666
3,39,receive_authenticate_accumulate,0.000023148,0.000023167
3,39,receive_authenticate_accumulate,0.000023092,0.000023185
3,39,receive_authenticate_accumulate,0.000023166,0.000023259
3,39,receive_authenticate_accumulate,0.000026203,0.000026296
3,39,receive_authenticate_accumulate,0.000023314,0.000023371
3,39,receive_authenticate_accumulate,0.000023018,0.000023130
3,39,receive_authenticate_accumulate,0.000023037,0.000023129
3,39,receive_authenticate_accumulate,0.000022999,0.000023111
3,39,receive_authenticate_accumulate,0.000022943,0.000023037
3,39,receive_authenticate_accumulate,0.000022999,0.000023149
3,39,receive_authenticate_accumulate,0.000023000,0.000023055
3,39,receive_authenticate_accumulate,0.000023018,0.000023093
3,39,receive_authenticate_accumulate,0.000022980,0.000023093
3,39,receive_authenticate_accumulate,0.000022962,0.000023056
3,39,receive_authenticate_accumulate,0.000022943,0.000023019
3,39,receive_authenticate_accumulate,0.000023018,0.000023148
3,39,receive_authenticate_accumulate,0.000023037,0.000023092
3,39,receive_authenticate_accumulate,0.000022926,0.000023056
3,39,receive_authenticate_accumulate,0.000022999,0.000023129
3,39,receive_authenticate_accumulate,0.000022963,0.000023111
3,39,receive_authenticate_accumulate,0.000022925,0.000022963
3,39,receive_authenticate_accumulate,0.000022944,0.000023056
3,39,receive_authenticate_accumulate,0.000022981,0.000023112
3,39,receive_authenticate_accumulate,0.000031333,0.000031277
3,39,receive_authenticate_accumulate,0.000024074,0.000024241
3,39,receive_authenticate_accumulate,0.000023055,0.000023166
3,39,receive_authenticate_accumulate,0.000023074,0.000023203
3,39,receive_authenticate_accumulate,0.000023092,0.000023148
3,39,receive_authenticate_accumulate,0.000022981,0.000023055
3,39,receive_authenticate_accumulate,0.000022981,0.000023055
3,39,receive_authenticate_accumulate,0.000022907,0.000023018
3,39,receive_authenticate_accumulate,0.000022962,0.000023056
3,39,receive_authenticate_accumulate,0.000022962,0.000023074
3,39,receive_authenticate_accumulate,0.000022980,0.000023111
3,39,receive_authenticate_accumulate,0.000023018,0.000023148
3,39,receive_authenticate_accumulate,0.000023036,0.000023112
3,39,receive_authenticate_accumulate,0.000023036,0.000023148
3,39,receive_authenticate_accumulate,0.000023036,0.000023092
3,39,receive_authenticate_accumulate,0.000023184,0.000023315
3,39,receive_authenticate_accumulate,0.000023036,0.000023130
3,39,receive_authenticate_accumulate,0.000022999,0.000023074
3,39,receive_authenticate_accumulate,0.000022925,0.000023037
3,39,receive_authenticate_accumulate,0.000022962,0.000023018
3,39,receive_authenticate_accumulate,0.000026444,0.000026482
3,39,receive_authenticate_accumulate,0.000023259,0.000023389
3,39,receive_authenticate_accumulate,0.000023092,0.000023185
3,39,receive_authenticate_accumulate,0.000022944,0.000023018
3,39,receive_authenticate_accumulate,0.000022981,0.000023056
3,39,receive_authenticate_accumulate,0.000022999,0.000023130
3,39,receive_authenticate_accumulate,0.000022981,0.000023056
3,39,receive_authenticate_accumulate,0.000024480,0.000024574
3,39,receive_authenticate_accumulate,0.000022906,0.000023018
3,39,receive_authenticate_accumulate,0.000022888,0.000022944
3,39,receive_authenticate_accumulate,0.000022888,0.000022963
3,39,receive_authenticate_accumulate,0.000022907,0.000023056
3,39,receive_authenticate_accumulate,0.000022795,0.000022945
3,39,receive_authenticate_accumulate,0.000022833,0.000022871
3,39,receive_authenticate_accumulate,0.000022943,0.000023018
3,39,receive_authenticate_accumulate,0.000022888,0.000022981
3,39,receive_authenticate_accumulate,0.000022851,0.000022981
3,39,receive_authenticate_accumulate,0.000022907,0.000023019
3,39,receive_authenticate_accumulate,0.000022777,0.000022926
3,39,receive_authenticate_accumulate,0.000022962,0.000023055
3,39,receive_authenticate_accumulate,0.000028555,0.000028537
3,39,receive_authenticate_accumulate,0.000024332,0.000024389
3,39,receive_authenticate_accumulate,0.000023573,0.000023611
3,39,receive_authenticate_accumulate,0.000023647,0.000023685
3,39,receive_authenticate_accumulate,0.000023426,0.000023500
3,39,receive_authenticate_accumulate,0.000023555,0.000023611
3,39,receive_authenticate_accumulate,0.000023685,0.000023778
3,39,receive_authenticate_accumulate,0.000023444,0.000023574
3,39,receive_authenticate_accumulate,0.000023462,0.000023555
3,39,receive_authenticate_accumulate,0.000023351,0.000023426
3,39,receive_authenticate_accumulate,0.000023425,0.000023518
3,39,receive_authenticate_accumulate,0.000023518,0.000023611
3,39,receive_authenticate_accumulate,0.000023388,0.000023482
3,39,receive_authenticate_accumulate,0.000023369,0.000023426
3,39,receive_authenticate_accumulate,0.000023573,0.000023629
3,39,receive_authenticate_accumulate,0.000023962,0.000024055
3,39,receive_authenticate_accumulate,0.000023407,0.000023500
3,39,receive_authenticate_accumulate,0.000023370,0.000023537
3,39,receive_authenticate_accumulate,0.000023351,0.000023444
3,39,receive_authenticate_accumulate,0.000023481,0.000023574
3,39,receive_authenticate_accumulate,0.000026388,0.000026370
3,39,receive_authenticate_accumulate,0.000023129,0.000023204
3,39,receive_authenticate_accumulate,0.000022907,0.000023000
3,39,receive_authenticate_accumulate,0.000023017,0.000023056
3,39,receive_authenticate_accumulate,0.000023111,0.000023167
3,39,receive_authenticate_accumulate,0.000037388,0.000037593
3,39,receive_authenticate_accumulate,0.000028962,0.000028981
3,39,receive_authenticate_accumulate,0.000023666,0.000023740
3,39,receive_authenticate_accumulate,0.000022926,0.000022982
3,39,receive_authenticate_accumulate,0.000022869,0.000022982
3,39,receive_authenticate_accumulate,0.000022888,0.000022963
3,39,receive_authenticate_accumulate,0.000022962,0.000023037
3,39,receive_authenticate_accumulate,0.000022906,0.000022982
3,39,receive_authenticate_accumulate,0.000022851,0.000022870
3,39,receive_authenticate_accumulate,0.000022925,0.000023018
3,39,receive_authenticate_accumulate,0.000022981,0.000023148
3,39,receive_authenticate_accumulate,0.000022925,0.000023037
3,39,receive_authenticate_accumulate,0.000022851,0.000022925
3,39,receive_authenticate_accumulate,0.000023000,0.000023148
3,39,receive_authenticate_accumulate,0.000022943,0.000023037
3,39,receive_authenticate_accumulate,0.000026129,0.000026130
3,39,receive_authenticate_accumulate,0.000023185,0.000023260
3,39,receive_authenticate_accumulate,0.000023073,0.000023111
3,39,receive_authenticate_accumulate,0.000023018,0.000023093
3,39,receive_authenticate_accumulate,0.000023018,0.000023111
3,39,receive_authenticate_accumulate,0.000022814,0.000022889
3,39,receive_authenticate_accumulate,0.000022851,0.000022981
3,39,receive_authenticate_accumulate,0.000022907,0.000022981
3,39,receive_authenticate_accumulate,0.000022944,0.000023037
3,39,receive_authenticate_accumulate,0.000022888,0.000022963
3,39,receive_authenticate_accumulate,0.000022851,0.000022981
3,39,receive_authenticate_accumulate,0.000022907,0.000022963
3,39,receive_authenticate_accumulate,0.000022944,0.000023037
3,39,receive_authenticate_accumulate,0.000023037,0.000023148
3,39,receive_authenticate_accumulate,0.000024055,0.000024167
3,39,receive_authenticate_accumulate,0.000022851,0.000022963
3,39,receive_authenticate_accumulate,0.000022869,0.000023000
3,39,receive_authenticate_accumulate,0.000022962,0.000023037
3,39,receive_authenticate_accumulate,0.000022943,0.000023019
3,39,receive_authenticate_accumulate,0.000022851,0.000022945
3,39,receive_authenticate_accumulate,0.000025962,0.000026000
3,39,receive_authenticate_accumulate,0.000023203,0.000023260
3,39,receive_authenticate_accumulate,0.000022925,0.000023037
3,39,receive_authenticate_accumulate,0.000022944,0.000023037
3,39,receive_authenticate_accumulate,0.000022962,0.000023092
3,39,receive_authenticate_accumulate,0.000022833,0.000022907
3,39,receive_authenticate_accumulate,0.000022962,0.000023092
3,39,receive_authenticate_accumulate,0.000023036,0.000023111
3,39,receive_authenticate_accumulate,0.000022907,0.000023000
3,39,receive_authenticate_accumulate,0.000022999,0.000023056
3,39,receive_authenticate_accumulate,0.000022907,0.000023037
3,39,receive_authenticate_accumulate,0.000022925,0.000023000
3,39,receive_authenticate_accumulate,0.000022999,0.000023093
3,39,receive_authenticate_accumulate,0.000022944,0.000023000
3,39,receive_authenticate_accumulate,0.000022925,0.000023000
3,39,receive_authenticate_accumulate,0.000022981,0.000023074
3,39,receive_authenticate_accumulate,0.000022943,0.000023018
3,39,receive_authenticate_accumulate,0.000022962,0.000023093
3,39,receive_authenticate_accumulate,0.000023055,0.000023185
3,39,receive_authenticate_accumulate,0.000022906,0.000022963
3,39,billing_reconstruction_verify,0.025965007,0.025965982
3,39,billing_reconstruction_verify,0.025930100,0.025930963
3,39,billing_reconstruction_verify,0.025930119,0.025930981
3,39,billing_reconstruction_verify,0.025930785,0.025931686
3,39,billing_reconstruction_verify,0.025971395,0.025942555
3,39,billing_reconstruction_verify,0.025923878,0.025924648
3,39,billing_reconstruction_verify,0.025927804,0.025928759
3,39,billing_reconstruction_verify,0.025926322,0.025927314
3,39,billing_reconstruction_verify,0.025961136,0.025945610
3,39,billing_reconstruction_verify,0.025948970,0.025933296
3,39,billing_reconstruction_verify,0.025925082,0.025925982
3,39,billing_reconstruction_verify,0.025922360,0.025923241
3,39,billing_reconstruction_verify,0.025947359,0.025939333
3,39,billing_reconstruction_verify,0.025959080,0.025932185
3,39,billing_reconstruction_verify,0.025924378,0.025925315
3,39,billing_reconstruction_verify,0.025921063,0.025921981
3,39,billing_reconstruction_verify,0.025968246,0.025932000
3,39,billing_reconstruction_verify,0.025925193,0.025926148
3,39,billing_reconstruction_verify,0.025924637,0.025925555
3,39,billing_reconstruction_verify,0.025920526,0.025921500
4,40,period_reset,0.000027981,0.000024389
4,40,receive_authenticate_accumulate,0.000085831,0.000085537
4,40,receive_authenticate_accumulate,0.000067443,0.000067334
4,40,receive_authenticate_accumulate,0.000065665,0.000065334
4,40,receive_authenticate_accumulate,0.000065498,0.000065296
4,40,receive_authenticate_accumulate,0.000063443,0.000063111
4,40,receive_authenticate_accumulate,0.000064387,0.000064111
4,40,receive_authenticate_accumulate,0.000063257,0.000063000
4,40,receive_authenticate_accumulate,0.000063683,0.000063685
4,40,receive_authenticate_accumulate,0.000101682,0.000101648
4,40,receive_authenticate_accumulate,0.000065664,0.000065574
4,40,receive_authenticate_accumulate,0.000066868,0.000066759
4,40,receive_authenticate_accumulate,0.000061072,0.000060963
4,40,receive_authenticate_accumulate,0.000062332,0.000062315
4,40,receive_authenticate_accumulate,0.000061850,0.000061575
4,40,receive_authenticate_accumulate,0.000063591,0.000063574
4,40,receive_authenticate_accumulate,0.000060980,0.000060241
4,40,receive_authenticate_accumulate,0.000062535,0.000062222
4,40,receive_authenticate_accumulate,0.000049573,0.000049296
4,40,receive_authenticate_accumulate,0.000042128,0.000042111
4,40,receive_authenticate_accumulate,0.000039388,0.000039352
4,40,receive_authenticate_accumulate,0.000061646,0.000061537
4,40,receive_authenticate_accumulate,0.000051221,0.000051074
4,40,receive_authenticate_accumulate,0.000050814,0.000050593
4,40,receive_authenticate_accumulate,0.000050758,0.000050425
4,40,receive_authenticate_accumulate,0.000048239,0.000048056
4,40,receive_authenticate_accumulate,0.000049628,0.000049444
4,40,receive_authenticate_accumulate,0.000048943,0.000048760
4,40,receive_authenticate_accumulate,0.000048258,0.000048204
4,40,receive_authenticate_accumulate,0.000077609,0.000077666
4,40,receive_authenticate_accumulate,0.000042128,0.000041945
4,40,receive_authenticate_accumulate,0.000050147,0.000050185
4,40,receive_authenticate_accumulate,0.000047832,0.000047741
4,40,receive_authenticate_accumulate,0.000049832,0.000049648
4,40,receive_authenticate_accumulate,0.000049535,0.000049537
4,40,receive_authenticate_accumulate,0.000050017,0.000049889
4,40,receive_authenticate_accumulate,0.000048572,0.000048389
4,40,receive_authenticate_accumulate,0.000049202,0.000048982
4,40,receive_authenticate_accumulate,0.000048665,0.000048760
4,40,receive_authenticate_accumulate,0.000048573,0.000048537
4,40,receive_authenticate_accumulate,0.000048147,0.000048019
4,40,committee_selection,0.000110423,0.000110315
4,40,round_reset,0.000004667,0.000003981
4,40,receive_authenticate_accumulate,0.025853423,0.025854203
4,40,receive_authenticate_accumulate,0.017288997,0.017247037
4,40,receive_authenticate_accumulate,0.017217277,0.017217778
4,40,receive_authenticate_accumulate,0.017221629,0.017222296
4,40,receive_authenticate_accumulate,0.017256998,0.017233832
4,40,receive_authenticate_accumulate,0.017230092,0.017230648
4,40,receive_authenticate_accumulate,0.017216982,0.017217425
4,40,receive_authenticate_accumulate,0.017219445,0.017219889
4,40,receive_authenticate_accumulate,0.017219723,0.017220648
4,40,receive_authenticate_accumulate,0.017228019,0.017228445
4,40,receive_authenticate_accumulate,0.017213002,0.017213444
4,40,receive_authenticate_accumulate,0.017222909,0.017223352
4,40,receive_authenticate_accumulate,0.017224816,0.017225222
4,40,receive_authenticate_accumulate,0.017238335,0.017238796
4,40,receive_authenticate_accumulate,0.017228279,0.017228778
4,40,receive_authenticate_accumulate,0.017226910,0.017227241
4,40,receive_authenticate_accumulate,0.017317870,0.017253409
4,40,receive_authenticate_accumulate,0.017223855,0.017224241
4,40,receive_authenticate_accumulate,0.017240022,0.017228777
4,40,receive_authenticate_accumulate,0.017225930,0.017225944
4,40,round_coverage,0.002077771,0.002077870
4,40,receive_authenticate_accumulate,0.000044906,0.000044907
4,40,receive_authenticate_accumulate,0.000030999,0.000030944
4,40,receive_authenticate_accumulate,0.000030036,0.000030037
4,40,receive_authenticate_accumulate,0.000030296,0.000030352
4,40,receive_authenticate_accumulate,0.000029499,0.000029537
4,40,receive_authenticate_accumulate,0.000029702,0.000029630
4,40,receive_authenticate_accumulate,0.000029666,0.000029704
4,40,receive_authenticate_accumulate,0.000029721,0.000029703
4,40,receive_authenticate_accumulate,0.000029685,0.000029667
4,40,receive_authenticate_accumulate,0.000030166,0.000030185
4,40,spatial_reconstruction_verify,0.025973151,0.025973926
4,41,round_reset,0.000012759,0.000008092
4,41,receive_authenticate_accumulate,0.036653605,0.036547001
4,41,receive_authenticate_accumulate,0.017236686,0.017237000
4,41,receive_authenticate_accumulate,0.017275241,0.017231388
4,41,receive_authenticate_accumulate,0.017218354,0.017218815
4,41,receive_authenticate_accumulate,0.017222261,0.017222685
4,41,receive_authenticate_accumulate,0.017253316,0.017253722
4,41,receive_authenticate_accumulate,0.017213095,0.017213500
4,41,receive_authenticate_accumulate,0.017223225,0.017223833
4,41,receive_authenticate_accumulate,0.017258725,0.017231611
4,41,receive_authenticate_accumulate,0.017216282,0.017216778
4,41,receive_authenticate_accumulate,0.017213875,0.017214111
4,41,receive_authenticate_accumulate,0.017218393,0.017218796
4,41,receive_authenticate_accumulate,0.017224448,0.017224851
4,41,receive_authenticate_accumulate,0.017228690,0.017228907
4,41,receive_authenticate_accumulate,0.017216616,0.017216926
4,41,receive_authenticate_accumulate,0.017221579,0.017222055
4,41,receive_authenticate_accumulate,0.017214802,0.017215111
4,41,receive_authenticate_accumulate,0.017260690,0.017261018
4,41,receive_authenticate_accumulate,0.017236413,0.017236648
4,41,receive_authenticate_accumulate,0.017221154,0.017221574
4,41,round_coverage,0.001942926,0.001942760
4,41,receive_authenticate_accumulate,0.000044035,0.000044000
4,41,receive_authenticate_accumulate,0.000030702,0.000030685
4,41,receive_authenticate_accumulate,0.000029832,0.000029611
4,41,receive_authenticate_accumulate,0.000029999,0.000029926
4,41,receive_authenticate_accumulate,0.000030202,0.000030149
4,41,receive_authenticate_accumulate,0.000029703,0.000029630
4,41,receive_authenticate_accumulate,0.000029499,0.000029426
4,41,receive_authenticate_accumulate,0.000029925,0.000029944
4,41,receive_authenticate_accumulate,0.000029776,0.000029759
4,41,receive_authenticate_accumulate,0.000029500,0.000029537
4,41,spatial_reconstruction_verify,0.025956811,0.025957518
4,42,round_reset,0.000014073,0.000010074
4,42,receive_authenticate_accumulate,0.025866522,0.025866852
4,42,receive_authenticate_accumulate,0.017237651,0.017238018
4,42,receive_authenticate_accumulate,0.017222058,0.017222388
4,42,receive_authenticate_accumulate,0.017281650,0.017250261
4,42,receive_authenticate_accumulate,0.017222078,0.017222444
4,42,receive_authenticate_accumulate,0.017220504,0.017220889
4,42,receive_authenticate_accumulate,0.017216541,0.017216778
4,42,receive_authenticate_accumulate,0.017224208,0.017224667
4,42,receive_authenticate_accumulate,0.017225708,0.017226130
4,42,receive_authenticate_accumulate,0.017217765,0.017218074
4,42,receive_authenticate_accumulate,0.017213932,0.017214315
4,42,receive_authenticate_accumulate,0.017264578,0.017237740
4,42,receive_authenticate_accumulate,0.017225968,0.017226315
4,42,receive_authenticate_accumulate,0.019136713,0.019053519
4,42,receive_authenticate_accumulate,0.017209488,0.017210000
4,42,receive_authenticate_accumulate,0.017220303,0.017220612
4,42,receive_authenticate_accumulate,0.017230173,0.017230482
4,42,receive_authenticate_accumulate,0.017228562,0.017228759
4,42,receive_authenticate_accumulate,0.017223748,0.017224055
4,42,receive_authenticate_accumulate,0.017227118,0.017227482
4,42,round_coverage,0.001778914,0.001779204
4,42,receive_authenticate_accumulate,0.000051665,0.000051611
4,42,receive_authenticate_accumulate,0.000032814,0.000032630
4,42,receive_authenticate_accumulate,0.000030536,0.000030518
4,42,receive_authenticate_accumulate,0.000030128,0.000030259
4,42,receive_authenticate_accumulate,0.000030000,0.000030166
4,42,receive_authenticate_accumulate,0.000030277,0.000030241
4,42,receive_authenticate_accumulate,0.000029944,0.000029945
4,42,receive_authenticate_accumulate,0.000029500,0.000029426
4,42,receive_authenticate_accumulate,0.000029833,0.000029833
4,42,receive_authenticate_accumulate,0.000030536,0.000030518
4,42,spatial_reconstruction_verify,0.025958601,0.025959389
4,43,round_reset,0.000015111,0.000011611
4,43,receive_authenticate_accumulate,0.025864402,0.025864907
4,43,receive_authenticate_accumulate,0.017214782,0.017215130
4,43,receive_authenticate_accumulate,0.017213078,0.017213315
4,43,receive_authenticate_accumulate,0.017224708,0.017225056
4,43,receive_authenticate_accumulate,0.017220597,0.017221074
4,43,receive_authenticate_accumulate,0.017220597,0.017220981
4,43,receive_authenticate_accumulate,0.017217504,0.017217908
4,43,receive_authenticate_accumulate,0.017228134,0.017228444
4,43,receive_authenticate_accumulate,0.017251208,0.017252148
4,43,receive_authenticate_accumulate,0.017225986,0.017226426
4,43,receive_authenticate_accumulate,0.017215488,0.017215944
4,43,receive_authenticate_accumulate,0.017226876,0.017227315
4,43,receive_authenticate_accumulate,0.017224099,0.017224463
4,43,receive_authenticate_accumulate,0.017212155,0.017212315
4,43,receive_authenticate_accumulate,0.017221580,0.017221963
4,43,receive_authenticate_accumulate,0.017224081,0.017224130
4,43,receive_authenticate_accumulate,0.017213007,0.017213259
4,43,receive_authenticate_accumulate,0.017231802,0.017232186
4,43,receive_authenticate_accumulate,0.017228396,0.017228778
4,43,receive_authenticate_accumulate,0.017221489,0.017221925
4,43,round_coverage,0.002255626,0.002255537
4,43,receive_authenticate_accumulate,0.000044369,0.000044241
4,43,receive_authenticate_accumulate,0.000031129,0.000031037
4,43,receive_authenticate_accumulate,0.000030573,0.000030556
4,43,receive_authenticate_accumulate,0.000030406,0.000030334
4,43,receive_authenticate_accumulate,0.000030314,0.000030351
4,43,receive_authenticate_accumulate,0.000029889,0.000029908
4,43,receive_authenticate_accumulate,0.000029832,0.000029815
4,43,receive_authenticate_accumulate,0.000029573,0.000029592
4,43,receive_authenticate_accumulate,0.000029888,0.000029852
4,43,receive_authenticate_accumulate,0.000029758,0.000029704
4,43,spatial_reconstruction_verify,0.025985758,0.025986592
4,44,round_reset,0.000012167,0.000007704
4,44,receive_authenticate_accumulate,0.037205156,0.037055295
4,44,receive_authenticate_accumulate,0.017299260,0.017255018
4,44,receive_authenticate_accumulate,0.017218522,0.017219019
4,44,receive_authenticate_accumulate,0.017230762,0.017231018
4,44,receive_authenticate_accumulate,0.017229595,0.017229981
4,44,receive_authenticate_accumulate,0.017221244,0.017221630
4,44,receive_authenticate_accumulate,0.017223966,0.017224296
4,44,receive_authenticate_accumulate,0.017219207,0.017219574
4,44,receive_authenticate_accumulate,0.017262411,0.017244240
4,44,receive_authenticate_accumulate,0.017222430,0.017222870
4,44,receive_authenticate_accumulate,0.017222579,0.017222926
4,44,receive_authenticate_accumulate,0.017223375,0.017223759
4,44,receive_authenticate_accumulate,0.017227709,0.017228000
4,44,receive_authenticate_accumulate,0.017208080,0.017208407
4,44,receive_authenticate_accumulate,0.017217191,0.017217666
4,44,receive_authenticate_accumulate,0.017213747,0.017214112
4,44,receive_authenticate_accumulate,0.017227765,0.017227945
4,44,receive_authenticate_accumulate,0.017214784,0.017215111
4,44,receive_authenticate_accumulate,0.017214544,0.017214908
4,44,receive_authenticate_accumulate,0.017229580,0.017230000
4,44,round_coverage,0.001925803,0.001925648
4,44,receive_authenticate_accumulate,0.000043832,0.000043760
4,44,receive_authenticate_accumulate,0.000030647,0.000030630
4,44,receive_authenticate_accumulate,0.000030036,0.000029963
4,44,receive_authenticate_accumulate,0.000030592,0.000030556
4,44,receive_authenticate_accumulate,0.000030055,0.000030112
4,44,receive_authenticate_accumulate,0.000029685,0.000029666
4,44,receive_authenticate_accumulate,0.000029851,0.000029778
4,44,receive_authenticate_accumulate,0.000030166,0.000030130
4,44,receive_authenticate_accumulate,0.000029740,0.000029741
4,44,receive_authenticate_accumulate,0.000029555,0.000029630
4,44,spatial_reconstruction_verify,0.025981173,0.025981963
4,45,round_reset,0.000014370,0.000010815
4,45,receive_authenticate_accumulate,0.025917064,0.025888352
4,45,receive_authenticate_accumulate,0.017236297,0.017236556
4,45,receive_authenticate_accumulate,0.017250556,0.017250907
4,45,receive_authenticate_accumulate,0.017291518,0.017254833
4,45,receive_authenticate_accumulate,0.017231038,0.017231296
4,45,receive_authenticate_accumulate,0.017228483,0.017229222
4,45,receive_authenticate_accumulate,0.017233705,0.017234148
4,45,receive_authenticate_accumulate,0.017223558,0.017223870
4,45,receive_authenticate_accumulate,0.017210170,0.017210537
4,45,receive_authenticate_accumulate,0.017218114,0.017218574
4,45,receive_authenticate_accumulate,0.017215855,0.017216167
4,45,receive_authenticate_accumulate,0.017226836,0.017227074
4,45,receive_authenticate_accumulate,0.017221837,0.017222185
4,45,receive_authenticate_accumulate,0.017230874,0.017231111
4,45,receive_authenticate_accumulate,0.017221467,0.017221722
4,45,receive_authenticate_accumulate,0.017225319,0.017225537
4,45,receive_authenticate_accumulate,0.017225152,0.017225518
4,45,receive_authenticate_accumulate,0.017229504,0.017229871
4,45,receive_authenticate_accumulate,0.017218282,0.017218611
4,45,receive_authenticate_accumulate,0.017220672,0.017221056
4,45,round_coverage,0.001774568,0.001774556
4,45,receive_authenticate_accumulate,0.000042703,0.000042500
4,45,receive_authenticate_accumulate,0.000030370,0.000030240
4,45,receive_authenticate_accumulate,0.000030036,0.000030037
4,45,receive_authenticate_accumulate,0.000030184,0.000030185
4,45,receive_authenticate_accumulate,0.000030166,0.000030074
4,45,receive_authenticate_accumulate,0.000030666,0.000030611
4,45,receive_authenticate_accumulate,0.000029740,0.000029760
4,45,receive_authenticate_accumulate,0.000029888,0.000029908
4,45,receive_authenticate_accumulate,0.000030074,0.000030074
4,45,receive_authenticate_accumulate,0.000029684,0.000029796
4,45,spatial_reconstruction_verify,0.025973994,0.025974759
4,46,round_reset,0.000015333,0.000011666
4,46,receive_authenticate_accumulate,0.025863163,0.025863704
4,46,receive_authenticate_accumulate,0.017229590,0.017229870
4,46,receive_authenticate_accumulate,0.017220887,0.017221166
4,46,receive_authenticate_accumulate,0.017226128,0.017226463
4,46,receive_authenticate_accumulate,0.017219758,0.017220166
4,46,receive_authenticate_accumulate,0.017228110,0.017228388
4,46,receive_authenticate_accumulate,0.017209925,0.017210259
4,46,receive_authenticate_accumulate,0.017264684,0.017235795
4,46,receive_authenticate_accumulate,0.017216870,0.017217296
4,46,receive_authenticate_accumulate,0.017220925,0.017221315
4,46,receive_authenticate_accumulate,0.017219926,0.017220185
4,46,receive_authenticate_accumulate,0.017233630,0.017233851
4,46,receive_authenticate_accumulate,0.017216944,0.017217388
4,46,receive_authenticate_accumulate,0.017256815,0.017241500
4,46,receive_authenticate_accumulate,0.017226963,0.017227407
4,46,receive_authenticate_accumulate,0.017230242,0.017230370
4,46,receive_authenticate_accumulate,0.017217353,0.017217574
4,46,receive_authenticate_accumulate,0.017221798,0.017222185
4,46,receive_authenticate_accumulate,0.017319889,0.017256296
4,46,receive_authenticate_accumulate,0.017241686,0.017242241
4,46,round_coverage,0.002250577,0.002250796
4,46,receive_authenticate_accumulate,0.000045888,0.000045851
4,46,receive_authenticate_accumulate,0.000030499,0.000030482
4,46,receive_authenticate_accumulate,0.000051647,0.000051648
4,46,receive_authenticate_accumulate,0.000030721,0.000030667
4,46,receive_authenticate_accumulate,0.000030332,0.000030388
4,46,receive_authenticate_accumulate,0.000030092,0.000030074
4,46,receive_authenticate_accumulate,0.000029777,0.000029667
4,46,receive_authenticate_accumulate,0.000029851,0.000029852
4,46,receive_authenticate_accumulate,0.000029851,0.000029796
4,46,receive_authenticate_accumulate,0.000029610,0.000029593
4,46,spatial_reconstruction_verify,0.026009332,0.025979962
4,47,round_reset,0.000014833,0.000010759
4,47,receive_authenticate_accumulate,0.037824541,0.037705574
4,47,receive_authenticate_accumulate,0.017219050,0.017219556
4,47,receive_authenticate_accumulate,0.017223439,0.017223796
4,47,receive_authenticate_accumulate,0.017227995,0.017228371
4,47,receive_authenticate_accumulate,0.017232494,0.017232815
4,47,receive_authenticate_accumulate,0.017224143,0.017224240
4,47,receive_authenticate_accumulate,0.017272420,0.017243666
4,47,receive_authenticate_accumulate,0.017225329,0.017225500
4,47,receive_authenticate_accumulate,0.017218829,0.017219185
4,47,receive_authenticate_accumulate,0.017256402,0.017232685
4,47,receive_authenticate_accumulate,0.017273218,0.017230594
4,47,receive_authenticate_accumulate,0.017208997,0.017209371
4,47,receive_authenticate_accumulate,0.017209496,0.017209740
4,47,receive_authenticate_accumulate,0.017226941,0.017227222
4,47,receive_authenticate_accumulate,0.017220682,0.017221111
4,47,receive_authenticate_accumulate,0.017220219,0.017220333
4,47,receive_authenticate_accumulate,0.017220293,0.017220444
4,47,receive_authenticate_accumulate,0.017216590,0.017216851
4,47,receive_authenticate_accumulate,0.017230628,0.017230833
4,47,receive_authenticate_accumulate,0.017208998,0.017209166
4,47,round_coverage,0.001941122,0.001941167
4,47,receive_authenticate_accumulate,0.000044832,0.000044778
4,47,receive_authenticate_accumulate,0.000031203,0.000031204
4,47,receive_authenticate_accumulate,0.000029851,0.000029870
4,47,receive_authenticate_accumulate,0.000030591,0.000030519
4,47,receive_authenticate_accumulate,0.000029888,0.000029815
4,47,receive_authenticate_accumulate,0.000030129,0.000030000
4,47,receive_authenticate_accumulate,0.000029481,0.000029463
4,47,receive_authenticate_accumulate,0.000029314,0.000029352
4,47,receive_authenticate_accumulate,0.000030017,0.000030037
4,47,receive_authenticate_accumulate,0.000029555,0.000029518
4,47,spatial_reconstruction_verify,0.025971559,0.025972259
4,48,round_reset,0.000014388,0.000010703
4,48,receive_authenticate_accumulate,0.037810498,0.037696908
4,48,receive_authenticate_accumulate,0.017221601,0.017221685
4,48,receive_authenticate_accumulate,0.017213583,0.017213778
4,48,receive_authenticate_accumulate,0.017225824,0.017226018
4,48,receive_authenticate_accumulate,0.017227675,0.017227870
4,48,receive_authenticate_accumulate,0.017221232,0.017221555
4,48,receive_authenticate_accumulate,0.017215157,0.017215519
4,48,receive_authenticate_accumulate,0.017225787,0.017225999
4,48,receive_authenticate_accumulate,0.017229287,0.017229555
4,48,receive_authenticate_accumulate,0.017218714,0.017219037
4,48,receive_authenticate_accumulate,0.017210307,0.017210593
4,48,receive_authenticate_accumulate,0.017279176,0.017239296
4,48,receive_authenticate_accumulate,0.017229381,0.017229518
4,48,receive_authenticate_accumulate,0.017221733,0.017221852
4,48,receive_authenticate_accumulate,0.017218918,0.017219241
4,48,receive_authenticate_accumulate,0.017220326,0.017220592
4,48,receive_authenticate_accumulate,0.017249233,0.017249574
4,48,receive_authenticate_accumulate,0.017217530,0.017217833
4,48,receive_authenticate_accumulate,0.017219437,0.017219741
4,48,receive_authenticate_accumulate,0.017221252,0.017221629
4,48,round_coverage,0.001775017,0.001775111
4,48,receive_authenticate_accumulate,0.000041740,0.000041408
4,48,receive_authenticate_accumulate,0.000027055,0.000027111
4,48,receive_authenticate_accumulate,0.000026222,0.000026296
4,48,receive_authenticate_accumulate,0.000026685,0.000026686
4,48,receive_authenticate_accumulate,0.000026074,0.000026129
4,48,receive_authenticate_accumulate,0.000025777,0.000025760
4,48,receive_authenticate_accumulate,0.000025573,0.000025519
4,48,receive_authenticate_accumulate,0.000025777,0.000025778
4,48,receive_authenticate_accumulate,0.000025741,0.000025704
4,48,receive_authenticate_accumulate,0.000025758,0.000025759
4,48,spatial_reconstruction_verify,0.025965488,0.025966297
4,49,round_reset,0.000011259,0.000007297
4,49,receive_authenticate_accumulate,0.037239670,0.037130981
4,49,receive_authenticate_accumulate,0.017228559,0.017228852
4,49,receive_authenticate_accumulate,0.017222078,0.017222389
4,49,receive_authenticate_accumulate,0.017233782,0.017233982
4,49,receive_authenticate_accumulate,0.017222597,0.017222907
4,49,receive_authenticate_accumulate,0.017275669,0.017235778
4,49,receive_authenticate_accumulate,0.017222930,0.017223204
4,49,receive_authenticate_accumulate,0.017218875,0.017219092
4,49,receive_authenticate_accumulate,0.017218560,0.017218834
4,49,receive_authenticate_accumulate,0.017219245,0.017219519
4,49,receive_authenticate_accumulate,0.017226301,0.017226240
4,49,receive_authenticate_accumulate,0.017209616,0.017209888
4,49,receive_authenticate_accumulate,0.017217802,0.017218019
4,49,receive_authenticate_accumulate,0.017218154,0.017218074
4,49,receive_authenticate_accumulate,0.017226264,0.017226815
4,49,receive_authenticate_accumulate,0.017212913,0.017212981
4,49,receive_authenticate_accumulate,0.017218025,0.017218259
4,49,receive_authenticate_accumulate,0.017232802,0.017232982
4,49,receive_authenticate_accumulate,0.017224506,0.017224704
4,49,receive_authenticate_accumulate,0.017218006,0.017218371
4,49,round_coverage,0.002252341,0.002252555
4,49,receive_authenticate_accumulate,0.000045462,0.000045148
4,49,receive_authenticate_accumulate,0.000030795,0.000030815
4,49,receive_authenticate_accumulate,0.000029889,0.000029981
4,49,receive_authenticate_accumulate,0.000030554,0.000030482
4,49,receive_authenticate_accumulate,0.000029870,0.000029926
4,49,receive_authenticate_accumulate,0.000029907,0.000029870
4,49,receive_authenticate_accumulate,0.000029870,0.000029778
4,49,receive_authenticate_accumulate,0.000029999,0.000029944
4,49,receive_authenticate_accumulate,0.000029906,0.000029944
4,49,receive_authenticate_accumulate,0.000029851,0.000029722
4,49,spatial_reconstruction_verify,0.025978156,0.025979241
4,49,receive_authenticate_accumulate,0.000034777,0.000034759
4,49,receive_authenticate_accumulate,0.000027518,0.000027648
4,49,receive_authenticate_accumulate,0.000027148,0.000027167
4,49,receive_authenticate_accumulate,0.000027073,0.000027167
4,49,receive_authenticate_accumulate,0.000027074,0.000027185
4,49,receive_authenticate_accumulate,0.000027055,0.000027149
4,49,receive_authenticate_accumulate,0.000026944,0.000027056
4,49,receive_authenticate_accumulate,0.000026963,0.000027056
4,49,receive_authenticate_accumulate,0.000026796,0.000026852
4,49,receive_authenticate_accumulate,0.000026925,0.000027000
4,49,receive_authenticate_accumulate,0.000026889,0.000026981
4,49,receive_authenticate_accumulate,0.000026851,0.000026945
4,49,receive_authenticate_accumulate,0.000027110,0.000027204
4,49,receive_authenticate_accumulate,0.000026870,0.000026981
4,49,receive_authenticate_accumulate,0.000026869,0.000026925
4,49,receive_authenticate_accumulate,0.000026870,0.000026982
4,49,receive_authenticate_accumulate,0.000027055,0.000027167
4,49,receive_authenticate_accumulate,0.000026833,0.000026908
4,49,receive_authenticate_accumulate,0.000026907,0.000026944
4,49,receive_authenticate_accumulate,0.000027259,0.000027334
4,49,receive_authenticate_accumulate,0.000030388,0.000030278
4,49,receive_authenticate_accumulate,0.000027278,0.000027352
4,49,receive_authenticate_accumulate,0.000026907,0.000027018
4,49,receive_authenticate_accumulate,0.000026944,0.000027018
4,49,receive_authenticate_accumulate,0.000026926,0.000027074
4,49,receive_authenticate_accumulate,0.000026851,0.000026926
4,49,receive_authenticate_accumulate,0.000026888,0.000026908
4,49,receive_authenticate_accumulate,0.000026962,0.000027019
4,49,receive_authenticate_accumulate,0.000026906,0.000027000
4,49,receive_authenticate_accumulate,0.000041999,0.000042111
4,49,receive_authenticate_accumulate,0.000027832,0.000027852
4,49,receive_authenticate_accumulate,0.000027018,0.000027056
4,49,receive_authenticate_accumulate,0.000027018,0.000027055
4,49,receive_authenticate_accumulate,0.000027036,0.000027093
4,49,receive_authenticate_accumulate,0.000026888,0.000026981
4,49,receive_authenticate_accumulate,0.000026907,0.000026981
4,49,receive_authenticate_accumulate,0.000026870,0.000026907
4,49,receive_authenticate_accumulate,0.000026869,0.000026944
4,49,receive_authenticate_accumulate,0.000026889,0.000026926
4,49,receive_authenticate_accumulate,0.000026777,0.000026852
4,49,receive_authenticate_accumulate,0.000030315,0.000030241
4,49,receive_authenticate_accumulate,0.000027203,0.000027278
4,49,receive_authenticate_accumulate,0.000027018,0.000027111
4,49,receive_authenticate_accumulate,0.000026963,0.000027037
4,49,receive_authenticate_accumulate,0.000027018,0.000027112
4,49,receive_authenticate_accumulate,0.000026851,0.000026944
4,49,receive_authenticate_accumulate,0.000027000,0.000027074
4,49,receive_authenticate_accumulate,0.000026833,0.000026926
4,49,receive_authenticate_accumulate,0.000026962,0.000027055
4,49,receive_authenticate_accumulate,0.000026925,0.000027000
4,49,receive_authenticate_accumulate,0.000026851,0.000026907
4,49,receive_authenticate_accumulate,0.000026796,0.000026852
4,49,receive_authenticate_accumulate,0.000027073,0.000027130
4,49,receive_authenticate_accumulate,0.000026907,0.000026908
4,49,receive_authenticate_accumulate,0.000026999,0.000027111
4,49,receive_authenticate_accumulate,0.000026944,0.000026981
4,49,receive_authenticate_accumulate,0.000026703,0.000026833
4,49,receive_authenticate_accumulate,0.000026852,0.000026962
4,49,receive_authenticate_accumulate,0.000026888,0.000026944
4,49,receive_authenticate_accumulate,0.000026758,0.000026889
4,49,receive_authenticate_accumulate,0.000030352,0.000030389
4,49,receive_authenticate_accumulate,0.000027203,0.000027297
4,49,receive_authenticate_accumulate,0.000026962,0.000027037
4,49,receive_authenticate_accumulate,0.000026963,0.000027074
4,49,receive_authenticate_accumulate,0.000026907,0.000026981
4,49,receive_authenticate_accumulate,0.000026963,0.000027037
4,49,receive_authenticate_accumulate,0.000026925,0.000027019
4,49,receive_authenticate_accumulate,0.000026944,0.000027037
4,49,receive_authenticate_accumulate,0.000026758,0.000026815
4,49,receive_authenticate_accumulate,0.000026796,0.000026889
4,49,receive_authenticate_accumulate,0.000026962,0.000027055
4,49,receive_authenticate_accumulate,0.000026832,0.000026907
4,49,receive_authenticate_accumulate,0.000026869,0.000026945
4,49,receive_authenticate_accumulate,0.000026999,0.000027075
4,49,receive_authenticate_accumulate,0.000027018,0.000027093
4,49,receive_authenticate_accumulate,0.000026925,0.000027019
4,49,receive_authenticate_accumulate,0.000026926,0.000027037
4,49,receive_authenticate_accumulate,0.000026869,0.000026963
4,49,receive_authenticate_accumulate,0.000026962,0.000027000
4,49,receive_authenticate_accumulate,0.000026962,0.000027074
4,49,receive_authenticate_accumulate,0.000030240,0.000030166
4,49,receive_authenticate_accumulate,0.000027222,0.000027223
4,49,receive_authenticate_accumulate,0.000026796,0.000026889
4,49,receive_authenticate_accumulate,0.000026888,0.000027000
4,49,receive_authenticate_accumulate,0.000026907,0.000026963
4,49,receive_authenticate_accumulate,0.000026981,0.000027056
4,49,receive_authenticate_accumulate,0.000027036,0.000027129
4,49,receive_authenticate_accumulate,0.000026851,0.000026945
4,49,receive_authenticate_accumulate,0.000026851,0.000026944
4,49,receive_authenticate_accumulate,0.000026925,0.000027019
4,49,receive_authenticate_accumulate,0.000026833,0.000026925
4,49,receive_authenticate_accumulate,0.000026870,0.000027000
4,49,receive_authenticate_accumulate,0.000026851,0.000026907
4,49,receive_authenticate_accumulate,0.000026906,0.000027019
4,49,receive_authenticate_accumulate,0.000042369,0.000042482
4,49,receive_authenticate_accumulate,0.000030222,0.000030278
4,49,receive_authenticate_accumulate,0.000027240,0.000027315
4,49,receive_authenticate_accumulate,0.000026963,0.000027037
4,49,receive_authenticate_accumulate,0.000026907,0.000026982
4,49,receive_authenticate_accumulate,0.000026796,0.000026889
4,49,receive_authenticate_accumulate,0.000030092,0.000030111
4,49,receive_authenticate_accumulate,0.000027185,0.000027259
4,49,receive_authenticate_accumulate,0.000026851,0.000026907
4,49,receive_authenticate_accumulate,0.000026925,0.000027000
4,49,receive_authenticate_accumulate,0.000026981,0.000027075
4,49,receive_authenticate_accumulate,0.000026981,0.000027056
4,49,receive_authenticate_accumulate,0.000026907,0.000026982
4,49,receive_authenticate_accumulate,0.000026981,0.000027055
4,49,receive_authenticate_accumulate,0.000027481,0.000027575
4,49,receive_authenticate_accumulate,0.000026851,0.000026945
4,49,receive_authenticate_accumulate,0.000026740,0.000026833
4,49,receive_authenticate_accumulate,0.000027018,0.000027130
4,49,receive_authenticate_accumulate,0.000027074,0.000027130
4,49,receive_authenticate_accumulate,0.000026981,0.000027074
4,49,receive_authenticate_accumulate,0.000027018,0.000027092
4,49,receive_authenticate_accumulate,0.000027129,0.000027222
4,49,receive_authenticate_accumulate,0.000027000,0.000027055
4,49,receive_authenticate_accumulate,0.000027055,0.000027185
4,49,receive_authenticate_accumulate,0.000027018,0.000027130
4,49,receive_authenticate_accumulate,0.000026963,0.000027074
4,49,receive_authenticate_accumulate,0.000029889,0.000029815
4,49,receive_authenticate_accumulate,0.000027110,0.000027223
4,49,receive_authenticate_accumulate,0.000026907,0.000027000
4,49,receive_authenticate_accumulate,0.000026833,0.000026926
4,49,receive_authenticate_accumulate,0.000026870,0.000026963
4,49,receive_authenticate_accumulate,0.000026907,0.000027019
4,49,receive_authenticate_accumulate,0.000026907,0.000027000
4,49,receive_authenticate_accumulate,0.000027870,0.000027851
4,49,receive_authenticate_accumulate,0.000027147,0.000027223
4,49,receive_authenticate_accumulate,0.000028074,0.000028092
4,49,receive_authenticate_accumulate,0.000027203,0.000027315
4,49,receive_authenticate_accumulate,0.000027092,0.000027148
4,49,receive_authenticate_accumulate,0.000026925,0.000026963
4,49,receive_authenticate_accumulate,0.000027129,0.000027222
4,49,receive_authenticate_accumulate,0.000026870,0.000026889
4,49,receive_authenticate_accumulate,0.000027055,0.000027149
4,49,receive_authenticate_accumulate,0.000026962,0.000027111
4,49,receive_authenticate_accumulate,0.000026833,0.000026926
4,49,receive_authenticate_accumulate,0.000026963,0.000027112
4,49,receive_authenticate_accumulate,0.000027018,0.000027093
4,49,receive_authenticate_accumulate,0.000029870,0.000029908
4,49,receive_authenticate_accumulate,0.000027184,0.000027315
4,49,receive_authenticate_accumulate,0.000026888,0.000027000
4,49,receive_authenticate_accumulate,0.000026888,0.000026963
4,49,receive_authenticate_accumulate,0.000026833,0.000026889
4,49,receive_authenticate_accumulate,0.000026926,0.000027037
4,49,receive_authenticate_accumulate,0.000026981,0.000027111
4,49,receive_authenticate_accumulate,0.000026870,0.000026944
4,49,receive_authenticate_accumulate,0.000027000,0.000027019
4,49,receive_authenticate_accumulate,0.000026814,0.000026926
4,49,receive_authenticate_accumulate,0.000026888,0.000026944
4,49,receive_authenticate_accumulate,0.000026962,0.000027074
4,49,receive_authenticate_accumulate,0.000026777,0.000026870
4,49,receive_authenticate_accumulate,0.000026888,0.000026963
4,49,receive_authenticate_accumulate,0.000026888,0.000027018
4,49,receive_authenticate_accumulate,0.000026962,0.000027037
4,49,receive_authenticate_accumulate,0.000026870,0.000026889
4,49,receive_authenticate_accumulate,0.000026907,0.000027019
4,49,receive_authenticate_accumulate,0.000026888,0.000026963
4,49,receive_authenticate_accumulate,0.000027018,0.000027092
4,49,receive_authenticate_accumulate,0.000032444,0.000032370
4,49,receive_authenticate_accumulate,0.000027425,0.000027537
4,49,receive_authenticate_accumulate,0.000026981,0.000027037
4,49,receive_authenticate_accumulate,0.000027073,0.000027130
4,49,receive_authenticate_accumulate,0.000027073,0.000027167
4,49,receive_authenticate_accumulate,0.000026851,0.000026963
4,49,receive_authenticate_accumulate,0.000026870,0.000026963
4,49,receive_authenticate_accumulate,0.000027000,0.000027038
4,49,receive_authenticate_accumulate,0.000027222,0.000027315
4,49,receive_authenticate_accumulate,0.000026889,0.000026963
4,49,receive_authenticate_accumulate,0.000026981,0.000027074
4,49,receive_authenticate_accumulate,0.000027073,0.000027093
4,49,receive_authenticate_accumulate,0.000027092,0.000027166
4,49,receive_authenticate_accumulate,0.000026906,0.000027000
4,49,receive_authenticate_accumulate,0.000026925,0.000026981
4,49,receive_authenticate_accumulate,0.000041962,0.000042129
4,49,receive_authenticate_accumulate,0.000024888,0.000024963
4,49,receive_authenticate_accumulate,0.000023184,0.000023278
4,49,receive_authenticate_accumulate,0.000022999,0.000023111
4,49,receive_authenticate_accumulate,0.000022981,0.000023074
4,49,receive_authenticate_accumulate,0.000026240,0.000026185
4,49,receive_authenticate_accumulate,0.000023333,0.000023389
4,49,receive_authenticate_accumulate,0.000023018,0.000023111
4,49,receive_authenticate_accumulate,0.000022981,0.000023074
4,49,receive_authenticate_accumulate,0.000023000,0.000023055
4,49,receive_authenticate_accumulate,0.000023000,0.000023074
4,49,receive_authenticate_accumulate,0.000022925,0.000023037
4,49,receive_authenticate_accumulate,0.000022907,0.000023000
4,49,receive_authenticate_accumulate,0.000022963,0.000023056
4,49,receive_authenticate_accumulate,0.000022999,0.000023111
4,49,receive_authenticate_accumulate,0.000022999,0.000023093
4,49,receive_authenticate_accumulate,0.000022944,0.000023018
4,49,receive_authenticate_accumulate,0.000022981,0.000023055
4,49,receive_authenticate_accumulate,0.000023000,0.000023056
4,49,receive_authenticate_accumulate,0.000024055,0.000024074
4,49,receive_authenticate_accumulate,0.000022925,0.000023019
4,49,receive_authenticate_accumulate,0.000022852,0.000022926
4,49,receive_authenticate_accumulate,0.000023055,0.000023111
4,49,receive_authenticate_accumulate,0.000022944,0.000023037
4,49,receive_authenticate_accumulate,0.000023018,0.000023129
4,49,billing_reconstruction_verify,0.025967452,0.025968093
4,49,billing_reconstruction_verify,0.025921138,0.025921741
4,49,billing_reconstruction_verify,0.025999081,0.025956092
4,49,billing_reconstruction_verify,0.025920120,0.025920797
4,49,billing_reconstruction_verify,0.025927230,0.025927851
4,49,billing_reconstruction_verify,0.025949397,0.025933629
4,49,billing_reconstruction_verify,0.025978989,0.025947925
4,49,billing_reconstruction_verify,0.025926175,0.025926777
4,49,billing_reconstruction_verify,0.025926471,0.025927055
4,49,billing_reconstruction_verify,0.025919675,0.025920389
4,49,billing_reconstruction_verify,0.025965008,0.025937167
4,49,billing_reconstruction_verify,0.025920249,0.025920852
4,49,billing_reconstruction_verify,0.025926472,0.025927074
4,49,billing_reconstruction_verify,0.025917212,0.025917815
4,49,billing_reconstruction_verify,0.025936378,0.025925259
4,49,billing_reconstruction_verify,0.025917675,0.025918259
4,49,billing_reconstruction_verify,0.025921249,0.025921926
4,49,billing_reconstruction_verify,0.025925601,0.025926167
4,49,billing_reconstruction_verify,0.025917564,0.025918185
4,49,billing_reconstruction_verify,0.025922156,0.025922703
5,50,period_reset,0.000027685,0.000022888
5,50,receive_authenticate_accumulate,0.000086313,0.000086111
5,50,receive_authenticate_accumulate,0.000065480,0.000065333
5,50,receive_authenticate_accumulate,0.000063832,0.000063555
5,50,receive_authenticate_accumulate,0.000063518,0.000063371
5,50,receive_authenticate_accumulate,0.000063277,0.000063055
5,50,receive_authenticate_accumulate,0.000063609,0.000063741
5,50,receive_authenticate_accumulate,0.000062776,0.000062759
5,50,receive_authenticate_accumulate,0.000080517,0.000079908
5,50,receive_authenticate_accumulate,0.000068277,0.000067870
5,50,receive_authenticate_accumulate,0.000065702,0.000065241
5,50,receive_authenticate_accumulate,0.000063369,0.000063074
5,50,receive_authenticate_accumulate,0.000093535,0.000093500
5,50,receive_authenticate_accumulate,0.000064277,0.000063963
5,50,receive_authenticate_accumulate,0.000064110,0.000064056
5,50,receive_authenticate_accumulate,0.000063424,0.000063278
5,50,receive_authenticate_accumulate,0.000063295,0.000062889
5,50,receive_authenticate_accumulate,0.000061332,0.000061185
5,50,receive_authenticate_accumulate,0.000038888,0.000038611
5,50,receive_authenticate_accumulate,0.000038277,0.000038092
5,50,receive_authenticate_accumulate,0.000038962,0.000038871
5,50,receive_authenticate_accumulate,0.000063480,0.000063407
5,50,receive_authenticate_accumulate,0.000081498,0.000081500
5,50,receive_authenticate_accumulate,0.000041147,0.000041037
5,50,receive_authenticate_accumulate,0.000050184,0.000050000
5,50,receive_authenticate_accumulate,0.000049721,0.000049648
5,50,receive_authenticate_accumulate,0.000047925,0.000047796
5,50,receive_authenticate_accumulate,0.000048795,0.000048722
5,50,receive_authenticate_accumulate,0.000047165,0.000047037
5,50,receive_authenticate_accumulate,0.000049795,0.000049759
5,50,receive_authenticate_accumulate,0.000048444,0.000048296
5,50,receive_authenticate_accumulate,0.000048647,0.000048537
5,50,receive_authenticate_accumulate,0.000048369,0.000048278
5,50,receive_authenticate_accumulate,0.000049776,0.000049741
5,50,receive_authenticate_accumulate,0.000047962,0.000047982
5,50,receive_authenticate_accumulate,0.000047943,0.000047889
5,50,receive_authenticate_accumulate,0.000048795,0.000048685
5,50,receive_authenticate_accumulate,0.000048981,0.000048871
5,50,receive_authenticate_accumulate,0.000048647,0.000048685
5,50,receive_authenticate_accumulate,0.000049443,0.000049223
5,50,receive_authenticate_accumulate,0.000050962,0.000050685
5,50,committee_selection,0.000102979,0.000102815
5,50,round_reset,0.000004796,0.000004130
5,50,receive_authenticate_accumulate,0.017258978,0.017259222
5,50,receive_authenticate_accumulate,0.017215701,0.017216000
5,50,receive_authenticate_accumulate,0.017221220,0.017221537
5,50,receive_authenticate_accumulate,0.017215943,0.017216093
5,50,receive_authenticate_accumulate,0.017218110,0.017218334
5,50,receive_authenticate_accumulate,0.017213221,0.017213481
5,50,receive_authenticate_accumulate,0.017217905,0.017218148
5,50,receive_authenticate_accumulate,0.017225091,0.017225426
5,50,receive_authenticate_accumulate,0.017217721,0.017218111
5,50,receive_authenticate_accumulate,0.017253017,0.017234797
5,50,receive_authenticate_accumulate,0.017216480,0.017216778
5,50,receive_authenticate_accumulate,0.017223147,0.017223388
5,50,receive_authenticate_accumulate,0.017212333,0.017212648
5,50,receive_authenticate_accumulate,0.017216370,0.017216648
5,50,receive_authenticate_accumulate,0.017220463,0.017220593
5,50,receive_authenticate_accumulate,0.017219704,0.017220130
5,50,receive_authenticate_accumulate,0.017224074,0.017224296
5,50,receive_authenticate_accumulate,0.017237148,0.017237371
5,50,receive_authenticate_accumulate,0.017226000,0.017226259
5,50,receive_authenticate_accumulate,0.017219241,0.017219574
5,50,round_coverage,0.001768408,0.001768371
5,50,receive_authenticate_accumulate,0.000043684,0.000043537
5,50,receive_authenticate_accumulate,0.000030481,0.000030518
5,50,receive_authenticate_accumulate,0.000030722,0.000030703
5,50,receive_authenticate_accumulate,0.000030018,0.000030019
5,50,receive_authenticate_accumulate,0.000029833,0.000029963
5,50,receive_authenticate_accumulate,0.000029647,0.000029685
5,50,receive_authenticate_accumulate,0.000029759,0.000029740
5,50,receive_authenticate_accumulate,0.000030778,0.000030629
5,50,receive_authenticate_accumulate,0.000030741,0.000030722
5,50,receive_authenticate_accumulate,0.000029758,0.000029722
5,50,spatial_reconstruction_verify,0.026021876,0.025989945
5,51,round_reset,0.000013073,0.000007944
5,51,receive_authenticate_accumulate,0.038017059,0.037910241
5,51,receive_authenticate_accumulate,0.017227861,0.017228130
5,51,receive_authenticate_accumulate,0.017219898,0.017220148
5,51,receive_authenticate_accumulate,0.017225009,0.017225204
5,51,receive_authenticate_accumulate,0.017265490,0.017237444
5,51,receive_authenticate_accumulate,0.017221529,0.017221574
5,51,receive_authenticate_accumulate,0.017230844,0.017231093
5,51,receive_authenticate_accumulate,0.017228825,0.017229074
5,51,receive_authenticate_accumulate,0.017230565,0.017230778
5,51,receive_authenticate_accumulate,0.017227714,0.017227852
5,51,receive_authenticate_accumulate,0.017220770,0.017220833
5,51,receive_authenticate_accumulate,0.017214733,0.017214963
5,51,receive_authenticate_accumulate,0.017215419,0.017215667
5,51,receive_authenticate_accumulate,0.017221585,0.017221778
5,51,receive_authenticate_accumulate,0.017213104,0.017213333
5,51,receive_authenticate_accumulate,0.017223882,0.017224111
5,51,receive_authenticate_accumulate,0.017235567,0.017235796
5,51,receive_authenticate_accumulate,0.017217512,0.017217889
5,51,receive_authenticate_accumulate,0.017213920,0.017214148
5,51,receive_authenticate_accumulate,0.017214957,0.017215185
5,51,round_coverage,0.001757317,0.001757129
5,51,receive_authenticate_accumulate,0.000043592,0.000043426
5,51,receive_authenticate_accumulate,0.000030759,0.000030778
5,51,receive_authenticate_accumulate,0.000030518,0.000030537
5,51,receive_authenticate_accumulate,0.000029814,0.000029833
5,51,receive_authenticate_accumulate,0.000029814,0.000029704
5,51,receive_authenticate_accumulate,0.000029852,0.000029852
5,51,receive_authenticate_accumulate,0.000029667,0.000029667
5,51,receive_authenticate_accumulate,0.000029462,0.000029445
5,51,receive_authenticate_accumulate,0.000029352,0.000029370
5,51,receive_authenticate_accumulate,0.000029240,0.000029203
5,51,spatial_reconstruction_verify,0.026014858,0.025995796
5,52,round_reset,0.000015352,0.000010463
5,52,receive_authenticate_accumulate,0.025880798,0.025881111
5,52,receive_authenticate_accumulate,0.017217539,0.017217815
5,52,receive_authenticate_accumulate,0.017230632,0.017230740
5,52,receive_authenticate_accumulate,0.017227687,0.017227982
5,52,receive_authenticate_accumulate,0.017218725,0.017218759
5,52,receive_authenticate_accumulate,0.017222799,0.017223074
5,52,receive_authenticate_accumulate,0.017216336,0.017216593
5,52,receive_authenticate_accumulate,0.017222206,0.017222463
5,52,receive_authenticate_accumulate,0.017223244,0.017223482
5,52,receive_authenticate_accumulate,0.017224132,0.017224518
5,52,receive_authenticate_accumulate,0.017223244,0.017223444
5,52,receive_authenticate_accumulate,0.017226651,0.017226889
5,52,receive_authenticate_accumulate,0.017210485,0.017210593
5,52,receive_authenticate_accumulate,0.017230170,0.017230314
5,52,receive_authenticate_accumulate,0.017224096,0.017224278
5,52,receive_authenticate_accumulate,0.017214634,0.017214945
5,52,receive_authenticate_accumulate,0.017210337,0.017210519
5,52,receive_authenticate_accumulate,0.017218560,0.017218722
5,52,receive_authenticate_accumulate,0.017235430,0.017235760
5,52,receive_authenticate_accumulate,0.017225819,0.017225889
5,52,round_coverage,0.002252994,0.002252981
5,52,receive_authenticate_accumulate,0.000044074,0.000043926
5,52,receive_authenticate_accumulate,0.000031018,0.000031019
5,52,receive_authenticate_accumulate,0.000029981,0.000029889
5,52,receive_authenticate_accumulate,0.000029814,0.000029796
5,52,receive_authenticate_accumulate,0.000030018,0.000030055
5,52,receive_authenticate_accumulate,0.000029981,0.000029944
5,52,receive_authenticate_accumulate,0.000030425,0.000030370
5,52,receive_authenticate_accumulate,0.000029981,0.000029944
5,52,receive_authenticate_accumulate,0.000030148,0.000030167
5,52,receive_authenticate_accumulate,0.000029832,0.000029815
5,52,spatial_reconstruction_verify,0.025973375,0.025973703
5,53,round_reset,0.000012185,0.000007871
5,53,receive_authenticate_accumulate,0.036134197,0.036019388
5,53,receive_authenticate_accumulate,0.017253086,0.017236982
5,53,receive_authenticate_accumulate,0.017227402,0.017227296
5,53,receive_authenticate_accumulate,0.017228309,0.017228593
5,53,receive_authenticate_accumulate,0.017236438,0.017236740
5,53,receive_authenticate_accumulate,0.017217513,0.017217389
5,53,receive_authenticate_accumulate,0.017268419,0.017240666
5,53,receive_authenticate_accumulate,0.017214939,0.017215167
5,53,receive_authenticate_accumulate,0.017213032,0.017213185
5,53,receive_authenticate_accumulate,0.017218106,0.017218333
5,53,receive_authenticate_accumulate,0.017214903,0.017215037
5,53,receive_authenticate_accumulate,0.017225551,0.017226056
5,53,receive_authenticate_accumulate,0.017218088,0.017218389
5,53,receive_authenticate_accumulate,0.017231310,0.017231371
5,53,receive_authenticate_accumulate,0.017224384,0.017224629
5,53,receive_authenticate_accumulate,0.017257144,0.017243796
5,53,receive_authenticate_accumulate,0.017216496,0.017216704
5,53,receive_authenticate_accumulate,0.017223959,0.017224222
5,53,receive_authenticate_accumulate,0.017230125,0.017230278
5,53,receive_authenticate_accumulate,0.017261773,0.017233982
5,53,round_coverage,0.001942298,0.001942352
5,53,receive_authenticate_accumulate,0.000043499,0.000043352
5,53,receive_authenticate_accumulate,0.000030703,0.000030741
5,53,receive_authenticate_accumulate,0.000030240,0.000030241
5,53,receive_authenticate_accumulate,0.000030055,0.000030037
5,53,receive_authenticate_accumulate,0.000030092,0.000030056
5,53,receive_authenticate_accumulate,0.000029926,0.000029907
5,53,receive_authenticate_accumulate,0.000030110,0.000030038
5,53,receive_authenticate_accumulate,0.000029815,0.000029814
5,53,receive_authenticate_accumulate,0.000030092,0.000029944
5,53,receive_authenticate_accumulate,0.000029759,0.000029722
5,53,spatial_reconstruction_verify,0.025977149,0.025977722
5,54,round_reset,0.000015241,0.000010796
5,54,receive_authenticate_accumulate,0.037322936,0.037203500
5,54,receive_authenticate_accumulate,0.017237910,0.017238074
5,54,receive_authenticate_accumulate,0.017229948,0.017230037
5,54,receive_authenticate_accumulate,0.017220874,0.017221166
5,54,receive_authenticate_accumulate,0.017214097,0.017214204
5,54,receive_authenticate_accumulate,0.017226134,0.017226426
5,54,receive_authenticate_accumulate,0.017252170,0.017224889
5,54,receive_authenticate_accumulate,0.017236615,0.017236908
5,54,receive_authenticate_accumulate,0.017259485,0.017230092
5,54,receive_authenticate_accumulate,0.017226356,0.017226556
5,54,receive_authenticate_accumulate,0.017221616,0.017221777
5,54,receive_authenticate_accumulate,0.017229505,0.017229852
5,54,receive_authenticate_accumulate,0.017222783,0.017222889
5,54,receive_authenticate_accumulate,0.017223560,0.017223648
5,54,receive_authenticate_accumulate,0.017220468,0.017220611
5,54,receive_authenticate_accumulate,0.017235339,0.017235574
5,54,receive_authenticate_accumulate,0.017215209,0.017215389
5,54,receive_authenticate_accumulate,0.017214506,0.017214741
5,54,receive_authenticate_accumulate,0.017229524,0.017229814
5,54,receive_authenticate_accumulate,0.017209228,0.017209500
5,54,round_coverage,0.001754691,0.001754703
5,54,receive_authenticate_accumulate,0.000043240,0.000043277
5,54,receive_authenticate_accumulate,0.000034314,0.000034222
5,54,receive_authenticate_accumulate,0.000029925,0.000030000
5,54,receive_authenticate_accumulate,0.000029907,0.000030019
5,54,receive_authenticate_accumulate,0.000029518,0.000029463
5,54,receive_authenticate_accumulate,0.000029758,0.000029796
5,54,receive_authenticate_accumulate,0.000029555,0.000029629
5,54,receive_authenticate_accumulate,0.000029777,0.000029833
5,54,receive_authenticate_accumulate,0.000029721,0.000029704
5,54,receive_authenticate_accumulate,0.000029796,0.000029778
5,54,spatial_reconstruction_verify,0.025968164,0.025968740
5,55,round_reset,0.000014500,0.000010593
5,55,receive_authenticate_accumulate,0.025866732,0.025867055
5,55,receive_authenticate_accumulate,0.017265346,0.017241297
5,55,receive_authenticate_accumulate,0.017247865,0.017232834
5,55,receive_authenticate_accumulate,0.017228402,0.017228630
5,55,receive_authenticate_accumulate,0.017236402,0.017236556
5,55,receive_authenticate_accumulate,0.017322086,0.017284204
5,55,receive_authenticate_accumulate,0.017210385,0.017210555
5,55,receive_authenticate_accumulate,0.017214236,0.017214555
5,55,receive_authenticate_accumulate,0.017213848,0.017214055
5,55,receive_authenticate_accumulate,0.017217292,0.017217518
5,55,receive_authenticate_accumulate,0.017219662,0.017219889
5,55,receive_authenticate_accumulate,0.017219144,0.017219296
5,55,receive_authenticate_accumulate,0.017216440,0.017216648
5,55,receive_authenticate_accumulate,0.017231310,0.017231389
5,55,receive_authenticate_accumulate,0.017218311,0.017218426
5,55,receive_authenticate_accumulate,0.017222682,0.017222926
5,55,receive_authenticate_accumulate,0.017210108,0.017209704
5,55,receive_authenticate_accumulate,0.017217459,0.017217685
5,55,receive_authenticate_accumulate,0.017223645,0.017223945
5,55,receive_authenticate_accumulate,0.017220552,0.017220667
5,55,round_coverage,0.002235776,0.002235685
5,55,receive_authenticate_accumulate,0.000045443,0.000045352
5,55,receive_authenticate_accumulate,0.000030684,0.000030740
5,55,receive_authenticate_accumulate,0.000029963,0.000029944
5,55,receive_authenticate_accumulate,0.000029981,0.000029963
5,55,receive_authenticate_accumulate,0.000029499,0.000029426
5,55,receive_authenticate_accumulate,0.000029426,0.000029388
5,55,receive_authenticate_accumulate,0.000029444,0.000029426
5,55,receive_authenticate_accumulate,0.000029518,0.000029519
5,55,receive_authenticate_accumulate,0.000029888,0.000029944
5,55,receive_authenticate_accumulate,0.000029759,0.000029741
5,55,spatial_reconstruction_verify,0.025974938,0.025975444
5,56,round_reset,0.000015685,0.000011722
5,56,receive_authenticate_accumulate,0.037078370,0.036932573
5,56,receive_authenticate_accumulate,0.017235281,0.017235426
5,56,receive_authenticate_accumulate,0.017231133,0.017231296
5,56,receive_authenticate_accumulate,0.017220596,0.017220685
5,56,receive_authenticate_accumulate,0.017226467,0.017226611
5,56,receive_authenticate_accumulate,0.017266855,0.017236537
5,56,receive_authenticate_accumulate,0.017219503,0.017219722
5,56,receive_authenticate_accumulate,0.017227800,0.017227944
5,56,receive_authenticate_accumulate,0.017231041,0.017231296
5,56,receive_authenticate_accumulate,0.017234467,0.017234648
5,56,receive_authenticate_accumulate,0.017222504,0.017222648
5,56,receive_authenticate_accumulate,0.017217875,0.017218037
5,56,receive_authenticate_accumulate,0.017227579,0.017227777
5,56,receive_authenticate_accumulate,0.017210820,0.017211055
5,56,receive_authenticate_accumulate,0.017230708,0.017230944
5,56,receive_authenticate_accumulate,0.017213765,0.017213945
5,56,receive_authenticate_accumulate,0.017219486,0.017219629
5,56,receive_authenticate_accumulate,0.017216005,0.017216148
5,56,receive_authenticate_accumulate,0.017219487,0.017219612
5,56,receive_authenticate_accumulate,0.017237783,0.017237834
5,56,round_coverage,0.001944671,0.001944741
5,56,receive_authenticate_accumulate,0.000045721,0.000045611
5,56,receive_authenticate_accumulate,0.000030852,0.000030852
5,56,receive_authenticate_accumulate,0.000030110,0.000030130
5,56,receive_authenticate_accumulate,0.000029981,0.000030000
5,56,receive_authenticate_accumulate,0.000029888,0.000029833
5,56,receive_authenticate_accumulate,0.000032369,0.000032333
5,56,receive_authenticate_accumulate,0.000029796,0.000029796
5,56,receive_authenticate_accumulate,0.000029815,0.000029852
5,56,receive_authenticate_accumulate,0.000029592,0.000029630
5,56,receive_authenticate_accumulate,0.000029518,0.000029463
5,56,spatial_reconstruction_verify,0.025964765,0.025965259
5,57,round_reset,0.000012944,0.000009056
5,57,receive_authenticate_accumulate,0.038056853,0.037908687
5,57,receive_authenticate_accumulate,0.017259530,0.017231556
5,57,receive_authenticate_accumulate,0.017215994,0.017216222
5,57,receive_authenticate_accumulate,0.017222771,0.017222703
5,57,receive_authenticate_accumulate,0.017226623,0.017226852
5,57,receive_authenticate_accumulate,0.017226197,0.017226500
5,57,receive_authenticate_accumulate,0.017215994,0.017216222
5,57,receive_authenticate_accumulate,0.017225882,0.017226037
5,57,receive_authenticate_accumulate,0.017217475,0.017217703
5,57,receive_authenticate_accumulate,0.017215013,0.017215241
5,57,receive_authenticate_accumulate,0.017238365,0.017238685
5,57,receive_authenticate_accumulate,0.017257975,0.017239944
5,57,receive_authenticate_accumulate,0.017220346,0.017220556
5,57,receive_authenticate_accumulate,0.028710139,0.028710334
5,57,receive_authenticate_accumulate,0.017221217,0.017221500
5,57,receive_authenticate_accumulate,0.017220235,0.017220389
5,57,receive_authenticate_accumulate,0.017221421,0.017221555
5,57,receive_authenticate_accumulate,0.017221476,0.017221592
5,57,receive_authenticate_accumulate,0.017215624,0.017215555
5,57,receive_authenticate_accumulate,0.017218550,0.017218704
5,57,round_coverage,0.001754730,0.001754611
5,57,receive_authenticate_accumulate,0.000044648,0.000044649
5,57,receive_authenticate_accumulate,0.000030907,0.000030834
5,57,receive_authenticate_accumulate,0.000030111,0.000030112
5,57,receive_authenticate_accumulate,0.000029999,0.000029944
5,57,receive_authenticate_accumulate,0.000029407,0.000029407
5,57,receive_authenticate_accumulate,0.000029851,0.000029796
5,57,receive_authenticate_accumulate,0.000029704,0.000029667
5,57,receive_authenticate_accumulate,0.000029444,0.000029425
5,57,receive_authenticate_accumulate,0.000029795,0.000029740
5,57,receive_authenticate_accumulate,0.000029647,0.000029574
5,57,spatial_reconstruction_verify,0.026017813,0.025989407
5,58,round_reset,0.000014852,0.000011278
5,58,receive_authenticate_accumulate,0.025907713,0.025890073
5,58,receive_authenticate_accumulate,0.017223927,0.017224166
5,58,receive_authenticate_accumulate,0.017219186,0.017219334
5,58,receive_authenticate_accumulate,0.017233889,0.017234093
5,58,receive_authenticate_accumulate,0.017212946,0.017213055
5,58,receive_authenticate_accumulate,0.017216261,0.017216537
5,58,receive_authenticate_accumulate,0.017273130,0.017235482
5,58,receive_authenticate_accumulate,0.017262094,0.017239147
5,58,receive_authenticate_accumulate,0.017213743,0.017214037
5,58,receive_authenticate_accumulate,0.017209484,0.017209574
5,58,receive_authenticate_accumulate,0.017254705,0.017233722
5,58,receive_authenticate_accumulate,0.017225483,0.017225630
5,58,receive_authenticate_accumulate,0.017221725,0.017221889
5,58,receive_authenticate_accumulate,0.017249631,0.017249759
5,58,receive_authenticate_accumulate,0.017223410,0.017223555
5,58,receive_authenticate_accumulate,0.017216243,0.017216370
5,58,receive_authenticate_accumulate,0.017221632,0.017221722
5,58,receive_authenticate_accumulate,0.017221798,0.017221833
5,58,receive_authenticate_accumulate,0.017218188,0.017218370
5,58,receive_authenticate_accumulate,0.017215059,0.017215296
5,58,round_coverage,0.002253001,0.002252666
5,58,receive_authenticate_accumulate,0.000045851,0.000045704
5,58,receive_authenticate_accumulate,0.000030796,0.000030740
5,58,receive_authenticate_accumulate,0.000030037,0.000030093
5,58,receive_authenticate_accumulate,0.000029592,0.000029555
5,58,receive_authenticate_accumulate,0.000029518,0.000029519
5,58,receive_authenticate_accumulate,0.000029463,0.000029555
5,58,receive_authenticate_accumulate,0.000029666,0.000029649
5,58,receive_authenticate_accumulate,0.000029555,0.000029556
5,58,receive_authenticate_accumulate,0.000029629,0.000029630
5,58,receive_authenticate_accumulate,0.000030259,0.000030186
5,58,spatial_reconstruction_verify,0.025978937,0.025979352
5,59,round_reset,0.000016333,0.000011519
5,59,receive_authenticate_accumulate,0.025859021,0.025859389
5,59,receive_authenticate_accumulate,0.017226157,0.017226277
5,59,receive_authenticate_accumulate,0.017227046,0.017227185
5,59,receive_authenticate_accumulate,0.017226916,0.017227093
5,59,receive_authenticate_accumulate,0.017228009,0.017228259
5,59,receive_authenticate_accumulate,0.017224046,0.017224333
5,59,receive_authenticate_accumulate,0.017220861,0.017221111
5,59,receive_authenticate_accumulate,0.017226453,0.017226593
5,59,receive_authenticate_accumulate,0.017225843,0.017226148
5,59,receive_authenticate_accumulate,0.017261323,0.017233351
5,59,receive_authenticate_accumulate,0.017219658,0.017219870
5,59,receive_authenticate_accumulate,0.017222065,0.017222277
5,59,receive_authenticate_accumulate,0.017219435,0.017219667
5,59,receive_authenticate_accumulate,0.017224158,0.017224296
5,59,receive_authenticate_accumulate,0.017224529,0.017224722
5,59,receive_authenticate_accumulate,0.017240805,0.017241037
5,59,receive_authenticate_accumulate,0.017236158,0.017236463
5,59,receive_authenticate_accumulate,0.017222436,0.017222592
5,59,receive_authenticate_accumulate,0.017221047,0.017221259
5,59,receive_authenticate_accumulate,0.017219510,0.017219667
5,59,round_coverage,0.001924933,0.001924982
5,59,receive_authenticate_accumulate,0.000046296,0.000046204
5,59,receive_authenticate_accumulate,0.000030740,0.000030796
5,59,receive_authenticate_accumulate,0.000030018,0.000030019
5,59,receive_authenticate_accumulate,0.000029926,0.000030074
5,59,receive_authenticate_accumulate,0.000029611,0.000029630
5,59,receive_authenticate_accumulate,0.000029777,0.000029871
5,59,receive_authenticate_accumulate,0.000029407,0.000029389
5,59,receive_authenticate_accumulate,0.000029555,0.000029537
5,59,receive_authenticate_accumulate,0.000029907,0.000029852
5,59,receive_authenticate_accumulate,0.000029518,0.000029519
5,59,spatial_reconstruction_verify,0.025970171,0.025970722
5,59,receive_authenticate_accumulate,0.000035592,0.000035555
5,59,receive_authenticate_accumulate,0.000027685,0.000027778
5,59,receive_authenticate_accumulate,0.000027370,0.000027445
5,59,receive_authenticate_accumulate,0.000027222,0.000027315
5,59,receive_authenticate_accumulate,0.000027018,0.000027148
5,59,receive_authenticate_accumulate,0.000026888,0.000027037
5,59,receive_authenticate_accumulate,0.000027000,0.000027093
5,59,receive_authenticate_accumulate,0.000026944,0.000027019
5,59,receive_authenticate_accumulate,0.000026944,0.000027037
5,59,receive_authenticate_accumulate,0.000026926,0.000027000
5,59,receive_authenticate_accumulate,0.000027055,0.000027167
5,59,receive_authenticate_accumulate,0.000026999,0.000027093
5,59,receive_authenticate_accumulate,0.000028610,0.000028722
5,59,receive_authenticate_accumulate,0.000027259,0.000027333
5,59,receive_authenticate_accumulate,0.000027018,0.000027130
5,59,receive_authenticate_accumulate,0.000026907,0.000027037
5,59,receive_authenticate_accumulate,0.000026833,0.000026981
5,59,receive_authenticate_accumulate,0.000027037,0.000027093
5,59,receive_authenticate_accumulate,0.000026869,0.000026963
5,59,receive_authenticate_accumulate,0.000026926,0.000027000
5,59,receive_authenticate_accumulate,0.000030518,0.000030389
5,59,receive_authenticate_accumulate,0.000027407,0.000027519
5,59,receive_authenticate_accumulate,0.000027000,0.000027111
5,59,receive_authenticate_accumulate,0.000027037,0.000027148
5,59,receive_authenticate_accumulate,0.000026981,0.000027093
5,59,receive_authenticate_accumulate,0.000026962,0.000027074
5,59,receive_authenticate_accumulate,0.000026870,0.000026907
5,59,receive_authenticate_accumulate,0.000026888,0.000026982
5,59,receive_authenticate_accumulate,0.000026981,0.000027092
5,59,receive_authenticate_accumulate,0.000027073,0.000027148
5,59,receive_authenticate_accumulate,0.000026981,0.000027092
5,59,receive_authenticate_accumulate,0.000026888,0.000026945
5,59,receive_authenticate_accumulate,0.000026852,0.000026852
5,59,receive_authenticate_accumulate,0.000027036,0.000027148
5,59,receive_authenticate_accumulate,0.000027055,0.000027111
5,59,receive_authenticate_accumulate,0.000026962,0.000027037
5,59,receive_authenticate_accumulate,0.000027074,0.000027167
5,59,receive_authenticate_accumulate,0.000027055,0.000027130
5,59,receive_authenticate_accumulate,0.000028111,0.000028222
5,59,receive_authenticate_accumulate,0.000027073,0.000027148
5,59,receive_authenticate_accumulate,0.000030536,0.000030648
5,59,receive_authenticate_accumulate,0.000027148,0.000027278
5,59,receive_authenticate_accumulate,0.000026906,0.000026945
5,59,receive_authenticate_accumulate,0.000027036,0.000027111
5,59,receive_authenticate_accumulate,0.000026981,0.000027111
5,59,receive_authenticate_accumulate,0.000026944,0.000027019
5,59,receive_authenticate_accumulate,0.000026926,0.000026982
5,59,receive_authenticate_accumulate,0.000026907,0.000026982
5,59,receive_authenticate_accumulate,0.000027037,0.000027129
5,59,receive_authenticate_accumulate,0.000027055,0.000027148
5,59,receive_authenticate_accumulate,0.000026851,0.000026926
5,59,receive_authenticate_accumulate,0.000026981,0.000027055
5,59,receive_authenticate_accumulate,0.000026906,0.000027000
5,59,receive_authenticate_accumulate,0.000026944,0.000027000
5,59,receive_authenticate_accumulate,0.000026962,0.000027018
5,59,receive_authenticate_accumulate,0.000026944,0.000027018
5,59,receive_authenticate_accumulate,0.000026981,0.000027056
5,59,receive_authenticate_accumulate,0.000026963,0.000027056
5,59,receive_authenticate_accumulate,0.000027018,0.000027111
5,59,receive_authenticate_accumulate,0.000027018,0.000027092
5,59,receive_authenticate_accumulate,0.000032426,0.000032370
5,59,receive_authenticate_accumulate,0.000027574,0.000027667
5,59,receive_authenticate_accumulate,0.000027111,0.000027203
5,59,receive_authenticate_accumulate,0.000027092,0.000027185
5,59,receive_authenticate_accumulate,0.000027018,0.000027148
5,59,receive_authenticate_accumulate,0.000026926,0.000027000
5,59,receive_authenticate_accumulate,0.000026963,0.000026963
5,59,receive_authenticate_accumulate,0.000027092,0.000027204
5,59,receive_authenticate_accumulate,0.000027018,0.000027093
5,59,receive_authenticate_accumulate,0.000026907,0.000027037
5,59,receive_authenticate_accumulate,0.000026962,0.000027074
5,59,receive_authenticate_accumulate,0.000026944,0.000027000
5,59,receive_authenticate_accumulate,0.000026907,0.000026982
5,59,receive_authenticate_accumulate,0.000026888,0.000026926
5,59,receive_authenticate_accumulate,0.000026981,0.000027093
5,59,receive_authenticate_accumulate,0.000026851,0.000026907
5,59,receive_authenticate_accumulate,0.000044629,0.000044777
5,59,receive_authenticate_accumulate,0.000024444,0.000024518
5,59,receive_authenticate_accumulate,0.000023018,0.000023093
5,59,receive_authenticate_accumulate,0.000022981,0.000023074
5,59,receive_authenticate_accumulate,0.000026722,0.000026667
5,59,receive_authenticate_accumulate,0.000023351,0.000023482
5,59,receive_authenticate_accumulate,0.000022833,0.000022963
5,59,receive_authenticate_accumulate,0.000023055,0.000023185
5,59,receive_authenticate_accumulate,0.000022851,0.000022944
5,59,receive_authenticate_accumulate,0.000022759,0.000022870
5,59,receive_authenticate_accumulate,0.000022851,0.000022944
5,59,receive_authenticate_accumulate,0.000022759,0.000022833
5,59,receive_authenticate_accumulate,0.000022796,0.000022926
5,59,receive_authenticate_accumulate,0.000022833,0.000022907
5,59,receive_authenticate_accumulate,0.000022740,0.000022851
5,59,receive_authenticate_accumulate,0.000022870,0.000022963
5,59,receive_authenticate_accumulate,0.000022796,0.000022907
5,59,receive_authenticate_accumulate,0.000022759,0.000022888
5,59,receive_authenticate_accumulate,0.000022852,0.000022907
5,59,receive_authenticate_accumulate,0.000022851,0.000022963
5,59,receive_authenticate_accumulate,0.000022852,0.000022963
5,59,receive_authenticate_accumulate,0.000022870,0.000022944
5,59,receive_authenticate_accumulate,0.000022796,0.000022851
5,59,receive_authenticate_accumulate,0.000022833,0.000022871
5,59,receive_authenticate_accumulate,0.000025833,0.000025833
5,59,receive_authenticate_accumulate,0.000023110,0.000023185
5,59,receive_authenticate_accumulate,0.000022925,0.000023019
5,59,receive_authenticate_accumulate,0.000022925,0.000023019
5,59,receive_authenticate_accumulate,0.000022888,0.000022981
5,59,receive_authenticate_accumulate,0.000022907,0.000023000
5,59,receive_authenticate_accumulate,0.000022870,0.000022982
5,59,receive_authenticate_accumulate,0.000023111,0.000023185
5,59,receive_authenticate_accumulate,0.000022851,0.000022963
5,59,receive_authenticate_accumulate,0.000022870,0.000022963
5,59,receive_authenticate_accumulate,0.000022963,0.000023055
5,59,receive_authenticate_accumulate,0.000022889,0.000022963
5,59,receive_authenticate_accumulate,0.000022999,0.000023075
5,59,receive_authenticate_accumulate,0.000022944,0.000023037
5,59,receive_authenticate_accumulate,0.000022870,0.000022981
5,59,receive_authenticate_accumulate,0.000022888,0.000022963
5,59,receive_authenticate_accumulate,0.000022926,0.000023000
5,59,receive_authenticate_accumulate,0.000022907,0.000023019
5,59,receive_authenticate_accumulate,0.000022815,0.000022907
5,59,receive_authenticate_accumulate,0.000022944,0.000023092
5,59,receive_authenticate_accumulate,0.000025685,0.000025704
5,59,receive_authenticate_accumulate,0.000023018,0.000023056
5,59,receive_authenticate_accumulate,0.000043888,0.000044000
5,59,receive_authenticate_accumulate,0.000024574,0.000024685
5,59,receive_authenticate_accumulate,0.000023073,0.000023222
5,59,receive_authenticate_accumulate,0.000022907,0.000022982
5,59,receive_authenticate_accumulate,0.000023000,0.000023055
5,59,receive_authenticate_accumulate,0.000022963,0.000023056
5,59,receive_authenticate_accumulate,0.000022852,0.000022926
5,59,receive_authenticate_accumulate,0.000022926,0.000023019
5,59,receive_authenticate_accumulate,0.000022907,0.000023018
5,59,receive_authenticate_accumulate,0.000022852,0.000022981
5,59,receive_authenticate_accumulate,0.000022833,0.000022907
5,59,receive_authenticate_accumulate,0.000022888,0.000023000
5,59,receive_authenticate_accumulate,0.000022907,0.000023055
5,59,receive_authenticate_accumulate,0.000022759,0.000022833
5,59,receive_authenticate_accumulate,0.000022889,0.000022962
5,59,receive_authenticate_accumulate,0.000022796,0.000022945
5,59,receive_authenticate_accumulate,0.000022796,0.000022889
5,59,receive_authenticate_accumulate,0.000022852,0.000022982
5,59,receive_authenticate_accumulate,0.000026889,0.000027018
5,59,receive_authenticate_accumulate,0.000023499,0.000023574
5,59,receive_authenticate_accumulate,0.000023277,0.000023389
5,59,receive_authenticate_accumulate,0.000023204,0.000023334
5,59,receive_authenticate_accumulate,0.000023240,0.000023315
5,59,receive_authenticate_accumulate,0.000023259,0.000023407
5,59,receive_authenticate_accumulate,0.000023129,0.000023204
5,59,receive_authenticate_accumulate,0.000025259,0.000025241
5,59,receive_authenticate_accumulate,0.000023240,0.000023296
5,59,receive_authenticate_accumulate,0.000024240,0.000024315
5,59,receive_authenticate_accumulate,0.000023981,0.000024148
5,59,receive_authenticate_accumulate,0.000023796,0.000023945
5,59,receive_authenticate_accumulate,0.000023574,0.000023667
5,59,receive_authenticate_accumulate,0.000023481,0.000023592
5,59,receive_authenticate_accumulate,0.000023721,0.000023796
5,59,receive_authenticate_accumulate,0.000023518,0.000023648
5,59,receive_authenticate_accumulate,0.000023925,0.000024000
5,59,receive_authenticate_accumulate,0.000023611,0.000023667
5,59,receive_authenticate_accumulate,0.000023796,0.000023889
5,59,receive_authenticate_accumulate,0.000023425,0.000023556
5,59,receive_authenticate_accumulate,0.000025907,0.000025907
5,59,receive_authenticate_accumulate,0.000023370,0.000023426
5,59,receive_authenticate_accumulate,0.000022963,0.000023018
5,59,receive_authenticate_accumulate,0.000022852,0.000022982
5,59,receive_authenticate_accumulate,0.000022870,0.000023000
5,59,receive_authenticate_accumulate,0.000022999,0.000023093
5,59,receive_authenticate_accumulate,0.000022944,0.000023018
5,59,receive_authenticate_accumulate,0.000022795,0.000022962
5,59,receive_authenticate_accumulate,0.000022981,0.000023037
5,59,receive_authenticate_accumulate,0.000022944,0.000023019
5,59,receive_authenticate_accumulate,0.000022907,0.000022981
5,59,receive_authenticate_accumulate,0.000022907,0.000023000
5,59,receive_authenticate_accumulate,0.000022814,0.000022871
5,59,receive_authenticate_accumulate,0.000022944,0.000023000
5,59,receive_authenticate_accumulate,0.000022945,0.000023019
5,59,receive_authenticate_accumulate,0.000022870,0.000022945
5,59,receive_authenticate_accumulate,0.000022814,0.000022889
5,59,receive_authenticate_accumulate,0.000022907,0.000023000
5,59,receive_authenticate_accumulate,0.000022889,0.000023000
5,59,receive_authenticate_accumulate,0.000022945,0.000023037
5,59,receive_authenticate_accumulate,0.000025759,0.000025889
5,59,receive_authenticate_accumulate,0.000023278,0.000023315
5,59,receive_authenticate_accumulate,0.000023037,0.000023092
5,59,receive_authenticate_accumulate,0.000022852,0.000022963
5,59,receive_authenticate_accumulate,0.000022907,0.000023037
5,59,receive_authenticate_accumulate,0.000022963,0.000023092
5,59,receive_authenticate_accumulate,0.000022833,0.000022944
5,59,receive_authenticate_accumulate,0.000022888,0.000023000
5,59,receive_authenticate_accumulate,0.000022925,0.000023018
5,59,receive_authenticate_accumulate,0.000022815,0.000022926
5,59,receive_authenticate_accumulate,0.000023055,0.000023148
5,59,receive_authenticate_accumulate,0.000022833,0.000022926
5,59,receive_authenticate_accumulate,0.000022907,0.000023019
5,59,receive_authenticate_accumulate,0.000022944,0.000023019
5,59,receive_authenticate_accumulate,0.000022870,0.000022908
5,59,receive_authenticate_accumulate,0.000022888,0.000022981
5,59,receive_authenticate_accumulate,0.000040962,0.000041074
5,59,receive_authenticate_accumulate,0.000025407,0.000025444
5,59,receive_authenticate_accumulate,0.000023036,0.000023074
5,59,receive_authenticate_accumulate,0.000022982,0.000023056
5,59,billing_reconstruction_verify,0.025952393,0.025952889
5,59,billing_reconstruction_verify,0.025928560,0.025928963
5,59,billing_reconstruction_verify,0.025925301,0.025925777
5,59,billing_reconstruction_verify,0.025922264,0.025922815
5,59,billing_reconstruction_verify,0.025926356,0.025926852
5,59,billing_reconstruction_verify,0.025967282,0.025936907
5,59,billing_reconstruction_verify,0.025929320,0.025929815
5,59,billing_reconstruction_verify,0.025921245,0.025921797
5,59,billing_reconstruction_verify,0.025926708,0.025927203
5,59,billing_reconstruction_verify,0.025921264,0.025921814
5,59,billing_reconstruction_verify,0.025923356,0.025923852
5,59,billing_reconstruction_verify,0.025918671,0.025919222
5,59,billing_reconstruction_verify,0.025922394,0.025922926
5,59,billing_reconstruction_verify,0.025949282,0.025939740
5,59,billing_reconstruction_verify,0.025923504,0.025923907
5,59,billing_reconstruction_verify,0.025917949,0.025918426
5,59,billing_reconstruction_verify,0.025921079,0.025921556
5,59,billing_reconstruction_verify,0.025917190,0.025917703
5,59,billing_reconstruction_verify,0.025925597,0.025926093
5,59,billing_reconstruction_verify,0.025917024,0.025917574
6,60,period_reset,0.000030444,0.000025982
6,60,receive_authenticate_accumulate,0.000080425,0.000079796
6,60,receive_authenticate_accumulate,0.000067647,0.000067370
6,60,receive_authenticate_accumulate,0.000064259,0.000064260
6,60,receive_authenticate_accumulate,0.000063740,0.000063537
6,60,receive_authenticate_accumulate,0.000063222,0.000063130
6,60,receive_authenticate_accumulate,0.000065332,0.000065055
6,60,receive_authenticate_accumulate,0.000063240,0.000063352
6,60,receive_authenticate_accumulate,0.000063888,0.000063778
6,60,receive_authenticate_accumulate,0.000060517,0.000060407
6,60,receive_authenticate_accumulate,0.000051758,0.000051629
6,60,receive_authenticate_accumulate,0.000049628,0.000049500
6,60,receive_authenticate_accumulate,0.000048999,0.000048834
6,60,receive_authenticate_accumulate,0.000048463,0.000048426
6,60,receive_authenticate_accumulate,0.000048611,0.000048426
6,60,receive_authenticate_accumulate,0.000047722,0.000047518
6,60,receive_authenticate_accumulate,0.000048777,0.000048611
6,60,receive_authenticate_accumulate,0.000048017,0.000047944
6,60,receive_authenticate_accumulate,0.000047759,0.000047778
6,60,receive_authenticate_accumulate,0.000047759,0.000047722
6,60,receive_authenticate_accumulate,0.000046870,0.000046796
6,60,receive_authenticate_accumulate,0.000073258,0.000072945
6,60,receive_authenticate_accumulate,0.000061980,0.000061944
6,60,receive_authenticate_accumulate,0.000059055,0.000059074
6,60,receive_authenticate_accumulate,0.000059499,0.000059575
6,60,receive_authenticate_accumulate,0.000060240,0.000060167
6,60,receive_authenticate_accumulate,0.000059258,0.000059185
6,60,receive_authenticate_accumulate,0.000065017,0.000064648
6,60,receive_authenticate_accumulate,0.000060851,0.000060648
6,60,receive_authenticate_accumulate,0.000059462,0.000059370
6,60,receive_authenticate_accumulate,0.000058888,0.000058870
6,60,receive_authenticate_accumulate,0.000051166,0.000051204
6,60,receive_authenticate_accumulate,0.000047148,0.000046945
6,60,receive_authenticate_accumulate,0.000049481,0.000049408
6,60,receive_authenticate_accumulate,0.000048074,0.000048241
6,60,receive_authenticate_accumulate,0.000048129,0.000048186
6,60,receive_authenticate_accumulate,0.000049573,0.000049444
6,60,receive_authenticate_accumulate,0.000048518,0.000048556
6,60,receive_authenticate_accumulate,0.000048018,0.000048130
6,60,receive_authenticate_accumulate,0.000048333,0.000048185
6,60,receive_authenticate_accumulate,0.000048259,0.000048111
6,60,committee_selection,0.000104851,0.000104686
6,60,round_reset,0.000004908,0.000004222
6,60,receive_authenticate_accumulate,0.025901328,0.025877371
6,60,receive_authenticate_accumulate,0.017222775,0.017222926
6,60,receive_authenticate_accumulate,0.017230145,0.017230370
6,60,receive_authenticate_accumulate,0.017217682,0.017218056
6,60,receive_authenticate_accumulate,0.017217609,0.017217833
6,60,receive_authenticate_accumulate,0.017208534,0.017208740
6,60,receive_authenticate_accumulate,0.017215072,0.017215222
6,60,receive_authenticate_accumulate,0.017227164,0.017227407
6,60,receive_authenticate_accumulate,0.017215720,0.017215888
6,60,receive_authenticate_accumulate,0.017227387,0.017227629
6,60,receive_authenticate_accumulate,0.017227053,0.017227204
6,60,receive_authenticate_accumulate,0.017208127,0.017208333
6,60,receive_authenticate_accumulate,0.017211480,0.017211703
6,60,receive_authenticate_accumulate,0.017232738,0.017232888
6,60,receive_authenticate_accumulate,0.017214887,0.017215222
6,60,receive_authenticate_accumulate,0.017214350,0.017214611
6,60,receive_authenticate_accumulate,0.017222443,0.017222537
6,60,receive_authenticate_accumulate,0.017223313,0.017223481
6,60,receive_authenticate_accumulate,0.017230331,0.017230759
6,60,receive_authenticate_accumulate,0.017231795,0.017231963
6,60,round_coverage,0.001598161,0.001598129
6,60,receive_authenticate_accumulate,0.000044499,0.000044370
6,60,receive_authenticate_accumulate,0.000030944,0.000030907
6,60,receive_authenticate_accumulate,0.000030036,0.000029945
6,60,receive_authenticate_accumulate,0.000030110,0.000030111
6,60,receive_authenticate_accumulate,0.000029537,0.000029445
6,60,receive_authenticate_accumulate,0.000029407,0.000029352
6,60,receive_authenticate_accumulate,0.000029537,0.000029574
6,60,receive_authenticate_accumulate,0.000029463,0.000029426
6,60,receive_authenticate_accumulate,0.000029388,0.000029314
6,60,receive_authenticate_accumulate,0.000029796,0.000029759
6,60,spatial_reconstruction_verify,0.025960089,0.025960444
6,61,round_reset,0.000015630,0.000011648
6,61,receive_authenticate_accumulate,0.025927356,0.025883018
6,61,receive_authenticate_accumulate,0.017243355,0.017243537
6,61,receive_authenticate_accumulate,0.017237763,0.017237888
6,61,receive_authenticate_accumulate,0.017230318,0.017230389
6,61,receive_authenticate_accumulate,0.017223874,0.017224055
6,61,receive_authenticate_accumulate,0.017227300,0.017227481
6,61,receive_authenticate_accumulate,0.017215707,0.017215945
6,61,receive_authenticate_accumulate,0.017215059,0.017215166
6,61,receive_authenticate_accumulate,0.017220078,0.017220223
6,61,receive_authenticate_accumulate,0.017205985,0.017206111
6,61,receive_authenticate_accumulate,0.017215152,0.017215260
6,61,receive_authenticate_accumulate,0.017212282,0.017212500
6,61,receive_authenticate_accumulate,0.017274355,0.017248519
6,61,receive_authenticate_accumulate,0.017273374,0.017244612
6,61,receive_authenticate_accumulate,0.017225153,0.017225351
6,61,receive_authenticate_accumulate,0.017212672,0.017212703
6,61,receive_authenticate_accumulate,0.017225356,0.017225537
6,61,receive_authenticate_accumulate,0.017211005,0.017211185
6,61,receive_authenticate_accumulate,0.017222208,0.017222259
6,61,receive_authenticate_accumulate,0.017223338,0.017223463
6,61,round_coverage,0.002237708,0.002237500
6,61,receive_authenticate_accumulate,0.000044629,0.000044352
6,61,receive_authenticate_accumulate,0.000030425,0.000030445
6,61,receive_authenticate_accumulate,0.000030722,0.000030648
6,61,receive_authenticate_accumulate,0.000053925,0.000053944
6,61,receive_authenticate_accumulate,0.000026333,0.000026203
6,61,receive_authenticate_accumulate,0.000025796,0.000025778
6,61,receive_authenticate_accumulate,0.000025851,0.000025926
6,61,receive_authenticate_accumulate,0.000025926,0.000025982
6,61,receive_authenticate_accumulate,0.000025574,0.000025519
6,61,receive_authenticate_accumulate,0.000025962,0.000025908
6,61,spatial_reconstruction_verify,0.025978394,0.025978870
6,62,round_reset,0.000015111,0.000010889
6,62,receive_authenticate_accumulate,0.036759597,0.036642887
6,62,receive_authenticate_accumulate,0.017225047,0.017225278
6,62,receive_authenticate_accumulate,0.017218603,0.017218759
6,62,receive_authenticate_accumulate,0.017219010,0.017219278
6,62,receive_authenticate_accumulate,0.017220769,0.017220925
6,62,receive_authenticate_accumulate,0.017238898,0.017239074
6,62,receive_authenticate_accumulate,0.017220510,0.017220333
6,62,receive_authenticate_accumulate,0.017232677,0.017233019
6,62,receive_authenticate_accumulate,0.017213584,0.017213630
6,62,receive_authenticate_accumulate,0.017220510,0.017220667
6,62,receive_authenticate_accumulate,0.017275658,0.017246796
6,62,receive_authenticate_accumulate,0.017234232,0.017234371
6,62,receive_authenticate_accumulate,0.017231362,0.017231333
6,62,receive_authenticate_accumulate,0.017220251,0.017220389
6,62,receive_authenticate_accumulate,0.017223973,0.017224185
6,62,receive_authenticate_accumulate,0.017233307,0.017224407
6,62,receive_authenticate_accumulate,0.017224752,0.017224889
6,62,receive_authenticate_accumulate,0.017220270,0.017220241
6,62,receive_authenticate_accumulate,0.017212918,0.017213111
6,62,receive_authenticate_accumulate,0.017226659,0.017226722
6,62,round_coverage,0.001945435,0.001945463
6,62,receive_authenticate_accumulate,0.000044814,0.000044741
6,62,receive_authenticate_accumulate,0.000031203,0.000031260
6,62,receive_authenticate_accumulate,0.000030536,0.000030111
6,62,receive_authenticate_accumulate,0.000029833,0.000029852
6,62,receive_authenticate_accumulate,0.000030019,0.000029981
6,62,receive_authenticate_accumulate,0.000033832,0.000033760
6,62,receive_authenticate_accumulate,0.000030185,0.000030056
6,62,receive_authenticate_accumulate,0.000029962,0.000029945
6,62,receive_authenticate_accumulate,0.000029778,0.000029704
6,62,receive_authenticate_accumulate,0.000029833,0.000029778
6,62,spatial_reconstruction_verify,0.025968867,0.025969278
6,63,round_reset,0.000015389,0.000011166
6,63,receive_authenticate_accumulate,0.025878244,0.025878463
6,63,receive_authenticate_accumulate,0.017249941,0.017250167
6,63,receive_authenticate_accumulate,0.017235515,0.017235723
6,63,receive_authenticate_accumulate,0.017227404,0.017227666
6,63,receive_authenticate_accumulate,0.017216646,0.017216574
6,63,receive_authenticate_accumulate,0.017227756,0.017227889
6,63,receive_authenticate_accumulate,0.017224997,0.017225241
6,63,receive_authenticate_accumulate,0.017220219,0.017220445
6,63,receive_authenticate_accumulate,0.017212405,0.017212500
6,63,receive_authenticate_accumulate,0.017222942,0.017223074
6,63,receive_authenticate_accumulate,0.017215794,0.017215907
6,63,receive_authenticate_accumulate,0.017212054,0.017212278
6,63,receive_authenticate_accumulate,0.017227590,0.017227852
6,63,receive_authenticate_accumulate,0.017257516,0.017241740
6,63,receive_authenticate_accumulate,0.017219979,0.017220111
6,63,receive_authenticate_accumulate,0.017225609,0.017225648
6,63,receive_authenticate_accumulate,0.017214276,0.017214352
6,63,receive_authenticate_accumulate,0.017226739,0.017226852
6,63,receive_authenticate_accumulate,0.017221554,0.017221593
6,63,receive_authenticate_accumulate,0.017223628,0.017223814
6,63,round_coverage,0.001755882,0.001755667
6,63,receive_authenticate_accumulate,0.000046037,0.000046000
6,63,receive_authenticate_accumulate,0.000031629,0.000031667
6,63,receive_authenticate_accumulate,0.000030629,0.000030500
6,63,receive_authenticate_accumulate,0.000030389,0.000030333
6,63,receive_authenticate_accumulate,0.000029925,0.000029851
6,63,receive_authenticate_accumulate,0.000029611,0.000029537
6,63,receive_authenticate_accumulate,0.000029536,0.000029518
6,63,receive_authenticate_accumulate,0.000029499,0.000029463
6,63,receive_authenticate_accumulate,0.000030037,0.000030000
6,63,receive_authenticate_accumulate,0.000029703,0.000029648
6,63,spatial_reconstruction_verify,0.025982097,0.025982648
6,64,round_reset,0.000011926,0.000007760
6,64,receive_authenticate_accumulate,0.036826509,0.036686131
6,64,receive_authenticate_accumulate,0.017281057,0.017251593
6,64,receive_authenticate_accumulate,0.017220169,0.017220259
6,64,receive_authenticate_accumulate,0.017216558,0.017216685
6,64,receive_authenticate_accumulate,0.017229539,0.017229796
6,64,receive_authenticate_accumulate,0.017222910,0.017222907
6,64,receive_authenticate_accumulate,0.017225133,0.017225185
6,64,receive_authenticate_accumulate,0.017221614,0.017221685
6,64,receive_authenticate_accumulate,0.017215911,0.017215944
6,64,receive_authenticate_accumulate,0.017219911,0.017220055
6,64,receive_authenticate_accumulate,0.017224188,0.017224352
6,64,receive_authenticate_accumulate,0.017218855,0.017218981
6,64,receive_authenticate_accumulate,0.017212559,0.017212649
6,64,receive_authenticate_accumulate,0.017215948,0.017216167
6,64,receive_authenticate_accumulate,0.017211707,0.017211871
6,64,receive_authenticate_accumulate,0.017249225,0.017219018
6,64,receive_authenticate_accumulate,0.017216448,0.017216537
6,64,receive_authenticate_accumulate,0.017217318,0.017217518
6,64,receive_authenticate_accumulate,0.017218503,0.017218611
6,64,receive_authenticate_accumulate,0.017220948,0.017221092
6,64,round_coverage,0.002236377,0.002236204
6,64,receive_authenticate_accumulate,0.000043592,0.000043500
6,64,receive_authenticate_accumulate,0.000031407,0.000031426
6,64,receive_authenticate_accumulate,0.000030463,0.000030463
6,64,receive_authenticate_accumulate,0.000029648,0.000029611
6,64,receive_authenticate_accumulate,0.000030129,0.000030056
6,64,receive_authenticate_accumulate,0.000029499,0.000029500
6,64,receive_authenticate_accumulate,0.000029647,0.000029630
6,64,receive_authenticate_accumulate,0.000029703,0.000029778
6,64,receive_authenticate_accumulate,0.000029573,0.000029500
6,64,receive_authenticate_accumulate,0.000029777,0.000029722
6,64,spatial_reconstruction_verify,0.025969698,0.025970148
6,65,round_reset,0.000011352,0.000007722
6,65,receive_authenticate_accumulate,0.025872038,0.025872148
6,65,receive_authenticate_accumulate,0.017220101,0.017220240
6,65,receive_authenticate_accumulate,0.017221656,0.017221870
6,65,receive_authenticate_accumulate,0.017223508,0.017223611
6,65,receive_authenticate_accumulate,0.017214286,0.017214481
6,65,receive_authenticate_accumulate,0.017231508,0.017231518
6,65,receive_authenticate_accumulate,0.017307785,0.017263092
6,65,receive_authenticate_accumulate,0.017322210,0.017260870
6,65,receive_authenticate_accumulate,0.017230749,0.017230796
6,65,receive_authenticate_accumulate,0.017268026,0.017244629
6,65,receive_authenticate_accumulate,0.017224119,0.017224260
6,65,receive_authenticate_accumulate,0.017221360,0.017221574
6,65,receive_authenticate_accumulate,0.017214398,0.017214204
6,65,receive_authenticate_accumulate,0.017232119,0.017232296
6,65,receive_authenticate_accumulate,0.017222509,0.017222704
6,65,receive_authenticate_accumulate,0.017225324,0.017225371
6,65,receive_authenticate_accumulate,0.017266489,0.017239278
6,65,receive_authenticate_accumulate,0.017227379,0.017227444
6,65,receive_authenticate_accumulate,0.017218769,0.017218777
6,65,receive_authenticate_accumulate,0.017222323,0.017222500
6,65,round_coverage,0.001938641,0.001938759
6,65,receive_authenticate_accumulate,0.000043536,0.000043389
6,65,receive_authenticate_accumulate,0.000031777,0.000031778
6,65,receive_authenticate_accumulate,0.000030444,0.000030481
6,65,receive_authenticate_accumulate,0.000029963,0.000030093
6,65,receive_authenticate_accumulate,0.000029814,0.000029759
6,65,receive_authenticate_accumulate,0.000029741,0.000029611
6,65,receive_authenticate_accumulate,0.000029740,0.000029704
6,65,receive_authenticate_accumulate,0.000029518,0.000029537
6,65,receive_authenticate_accumulate,0.000029685,0.000029759
6,65,receive_authenticate_accumulate,0.000030092,0.000030112
6,65,spatial_reconstruction_verify,0.025974687,0.025975093
6,66,round_reset,0.000011370,0.000007777
6,66,receive_authenticate_accumulate,0.037601316,0.037496685
6,66,receive_authenticate_accumulate,0.017228791,0.017228870
6,66,receive_authenticate_accumulate,0.017223495,0.017223259
6,66,receive_authenticate_accumulate,0.017215031,0.017215111
6,66,receive_authenticate_accumulate,0.017221402,0.017221444
6,66,receive_authenticate_accumulate,0.017257198,0.017228889
6,66,receive_authenticate_accumulate,0.017249605,0.017229369
6,66,receive_authenticate_accumulate,0.017222402,0.017222519
6,66,receive_authenticate_accumulate,0.017221272,0.017221426
6,66,receive_authenticate_accumulate,0.017262994,0.017253796
6,66,receive_authenticate_accumulate,0.017232402,0.017232500
6,66,receive_authenticate_accumulate,0.017220254,0.017220259
6,66,receive_authenticate_accumulate,0.017219791,0.017219926
6,66,receive_authenticate_accumulate,0.017225699,0.017225852
6,66,receive_authenticate_accumulate,0.017216699,0.017216796
6,66,receive_authenticate_accumulate,0.017223013,0.017223111
6,66,receive_authenticate_accumulate,0.017226087,0.017226296
6,66,receive_authenticate_accumulate,0.017219162,0.017219445
6,66,receive_authenticate_accumulate,0.017216347,0.017216445
6,66,receive_authenticate_accumulate,0.017220014,0.017220204
6,66,round_coverage,0.001761681,0.001761500
6,66,receive_authenticate_accumulate,0.000045685,0.000045574
6,66,receive_authenticate_accumulate,0.000031111,0.000031074
6,66,receive_authenticate_accumulate,0.000030277,0.000030296
6,66,receive_authenticate_accumulate,0.000030111,0.000030037
6,66,receive_authenticate_accumulate,0.000029759,0.000029723
6,66,receive_authenticate_accumulate,0.000030611,0.000030352
6,66,receive_authenticate_accumulate,0.000030814,0.000030723
6,66,receive_authenticate_accumulate,0.000029610,0.000029611
6,66,receive_authenticate_accumulate,0.000029518,0.000029611
6,66,receive_authenticate_accumulate,0.000029870,0.000029926
6,66,spatial_reconstruction_verify,0.025968306,0.025968741
6,67,round_reset,0.000014463,0.000010519
6,67,receive_authenticate_accumulate,0.025909163,0.025885833
6,67,receive_authenticate_accumulate,0.017226332,0.017226333
6,67,receive_authenticate_accumulate,0.017226165,0.017226259
6,67,receive_authenticate_accumulate,0.017224091,0.017224148
6,67,receive_authenticate_accumulate,0.017226406,0.017226408
6,67,receive_authenticate_accumulate,0.017227536,0.017227574
6,67,receive_authenticate_accumulate,0.017214777,0.017214926
6,67,receive_authenticate_accumulate,0.017228017,0.017228111
6,67,receive_authenticate_accumulate,0.017229258,0.017229408
6,67,receive_authenticate_accumulate,0.017222481,0.017222537
6,67,receive_authenticate_accumulate,0.017231017,0.017231371
6,67,receive_authenticate_accumulate,0.017226870,0.017226963
6,67,receive_authenticate_accumulate,0.017247628,0.017248000
6,67,receive_authenticate_accumulate,0.017232480,0.017232685
6,67,receive_authenticate_accumulate,0.017229833,0.017229908
6,67,receive_authenticate_accumulate,0.017225111,0.017225092
6,67,receive_authenticate_accumulate,0.017219778,0.017220056
6,67,receive_authenticate_accumulate,0.017210352,0.017210426
6,67,receive_authenticate_accumulate,0.017222537,0.017222777
6,67,receive_authenticate_accumulate,0.017219129,0.017219297
6,67,round_coverage,0.002250768,0.002250741
6,67,receive_authenticate_accumulate,0.000043462,0.000043334
6,67,receive_authenticate_accumulate,0.000031240,0.000031166
6,67,receive_authenticate_accumulate,0.000030518,0.000030463
6,67,receive_authenticate_accumulate,0.000030148,0.000030167
6,67,receive_authenticate_accumulate,0.000029925,0.000030019
6,67,receive_authenticate_accumulate,0.000029444,0.000029425
6,67,receive_authenticate_accumulate,0.000033166,0.000033074
6,67,receive_authenticate_accumulate,0.000030037,0.000029981
6,67,receive_authenticate_accumulate,0.000030463,0.000030407
6,67,receive_authenticate_accumulate,0.000030037,0.000030074
6,67,spatial_reconstruction_verify,0.026011590,0.025983074
6,68,round_reset,0.000015519,0.000010833
6,68,receive_authenticate_accumulate,0.038425270,0.038310426
6,68,receive_authenticate_accumulate,0.017224633,0.017224555
6,68,receive_authenticate_accumulate,0.017226466,0.017226463
6,68,receive_authenticate_accumulate,0.017215466,0.017215611
6,68,receive_authenticate_accumulate,0.017226892,0.017226944
6,68,receive_authenticate_accumulate,0.017223855,0.017224000
6,68,receive_authenticate_accumulate,0.017215374,0.017215444
6,68,receive_authenticate_accumulate,0.017265762,0.017237833
6,68,receive_authenticate_accumulate,0.017220799,0.017220815
6,68,receive_authenticate_accumulate,0.017213208,0.017213296
6,68,receive_authenticate_accumulate,0.017225855,0.017225981
6,68,receive_authenticate_accumulate,0.017219022,0.017219111
6,68,receive_authenticate_accumulate,0.017213393,0.017213574
6,68,receive_authenticate_accumulate,0.017225745,0.017225815
6,68,receive_authenticate_accumulate,0.017217652,0.017217741
6,68,receive_authenticate_accumulate,0.017229040,0.017229074
6,68,receive_authenticate_accumulate,0.017230503,0.017230518
6,68,receive_authenticate_accumulate,0.017226059,0.017226204
6,68,receive_authenticate_accumulate,0.017227282,0.017227444
6,68,receive_authenticate_accumulate,0.017221412,0.017221518
6,68,round_coverage,0.001924883,0.001924666
6,68,receive_authenticate_accumulate,0.000044758,0.000044445
6,68,receive_authenticate_accumulate,0.000030500,0.000030444
6,68,receive_authenticate_accumulate,0.000029759,0.000029778
6,68,receive_authenticate_accumulate,0.000029611,0.000029593
6,68,receive_authenticate_accumulate,0.000029907,0.000029945
6,68,receive_authenticate_accumulate,0.000030018,0.000030074
6,68,receive_authenticate_accumulate,0.000029536,0.000029481
6,68,receive_authenticate_accumulate,0.000029592,0.000029556
6,68,receive_authenticate_accumulate,0.000030500,0.000030555
6,68,receive_authenticate_accumulate,0.000030314,0.000030351
6,68,spatial_reconstruction_verify,0.025974448,0.025974870
6,69,round_reset,0.000014908,0.000011259
6,69,receive_authenticate_accumulate,0.025899529,0.025880647
6,69,receive_authenticate_accumulate,0.017225711,0.017225796
6,69,receive_authenticate_accumulate,0.017222100,0.017222185
6,69,receive_authenticate_accumulate,0.017219878,0.017220018
6,69,receive_authenticate_accumulate,0.017211860,0.017211907
6,69,receive_authenticate_accumulate,0.017258896,0.017258982
6,69,receive_authenticate_accumulate,0.017218026,0.017218037
6,69,receive_authenticate_accumulate,0.017220452,0.017220629
6,69,receive_authenticate_accumulate,0.017224656,0.017224778
6,69,receive_authenticate_accumulate,0.017264174,0.017228185
6,69,receive_authenticate_accumulate,0.017223952,0.017223963
6,69,receive_authenticate_accumulate,0.017228118,0.017228185
6,69,receive_authenticate_accumulate,0.017219323,0.017219444
6,69,receive_authenticate_accumulate,0.017235267,0.017221740
6,69,receive_authenticate_accumulate,0.017235248,0.017235370
6,69,receive_authenticate_accumulate,0.017228656,0.017228722
6,69,receive_authenticate_accumulate,0.017209953,0.017209704
6,69,receive_authenticate_accumulate,0.017213305,0.017213296
6,69,receive_authenticate_accumulate,0.017221879,0.017221945
6,69,receive_authenticate_accumulate,0.017226952,0.017227037
6,69,round_coverage,0.001779126,0.001779186
6,69,receive_authenticate_accumulate,0.000046129,0.000046019
6,69,receive_authenticate_accumulate,0.000031111,0.000031166
6,69,receive_authenticate_accumulate,0.000030537,0.000030519
6,69,receive_authenticate_accumulate,0.000030592,0.000030518
6,69,receive_authenticate_accumulate,0.000029796,0.000029778
6,69,receive_authenticate_accumulate,0.000029796,0.000029778
6,69,receive_authenticate_accumulate,0.000029592,0.000029649
6,69,receive_authenticate_accumulate,0.000030129,0.000030167
6,69,receive_authenticate_accumulate,0.000029852,0.000029889
6,69,receive_authenticate_accumulate,0.000029703,0.000029704
6,69,spatial_reconstruction_verify,0.025976621,0.025977055
6,69,receive_authenticate_accumulate,0.000036074,0.000036037
6,69,receive_authenticate_accumulate,0.000027814,0.000028000
6,69,receive_authenticate_accumulate,0.000027259,0.000027426
6,69,receive_authenticate_accumulate,0.000027129,0.000027260
6,69,receive_authenticate_accumulate,0.000027185,0.000027296
6,69,receive_authenticate_accumulate,0.000027000,0.000027037
6,69,receive_authenticate_accumulate,0.000027018,0.000027055
6,69,receive_authenticate_accumulate,0.000027166,0.000027296
6,69,receive_authenticate_accumulate,0.000026944,0.000027129
6,69,receive_authenticate_accumulate,0.000027055,0.000027185
6,69,receive_authenticate_accumulate,0.000026982,0.000027019
6,69,receive_authenticate_accumulate,0.000027130,0.000027278
6,69,receive_authenticate_accumulate,0.000027037,0.000027055
6,69,receive_authenticate_accumulate,0.000027185,0.000027296
6,69,receive_authenticate_accumulate,0.000027037,0.000027185
6,69,receive_authenticate_accumulate,0.000026962,0.000027111
6,69,receive_authenticate_accumulate,0.000026963,0.000027130
6,69,receive_authenticate_accumulate,0.000027018,0.000027166
6,69,receive_authenticate_accumulate,0.000026907,0.000027037
6,69,receive_authenticate_accumulate,0.000026981,0.000027092
6,69,receive_authenticate_accumulate,0.000030389,0.000030408
6,69,receive_authenticate_accumulate,0.000027295,0.000027407
6,69,receive_authenticate_accumulate,0.000027166,0.000027278
6,69,receive_authenticate_accumulate,0.000026907,0.000027055
6,69,receive_authenticate_accumulate,0.000027073,0.000027167
6,69,receive_authenticate_accumulate,0.000026926,0.000027055
6,69,receive_authenticate_accumulate,0.000027000,0.000027074
6,69,receive_authenticate_accumulate,0.000027000,0.000027167
6,69,receive_authenticate_accumulate,0.000027000,0.000027111
6,69,receive_authenticate_accumulate,0.000027074,0.000027185
6,69,receive_authenticate_accumulate,0.000027000,0.000027092
6,69,receive_authenticate_accumulate,0.000027036,0.000027129
6,69,receive_authenticate_accumulate,0.000028129,0.000028222
6,69,receive_authenticate_accumulate,0.000041814,0.000042019
6,69,receive_authenticate_accumulate,0.000030444,0.000030537
6,69,receive_authenticate_accumulate,0.000027296,0.000027426
6,69,receive_authenticate_accumulate,0.000027093,0.000027185
6,69,receive_authenticate_accumulate,0.000027148,0.000027259
6,69,receive_authenticate_accumulate,0.000027036,0.000027111
6,69,receive_authenticate_accumulate,0.000027055,0.000027129
6,69,receive_authenticate_accumulate,0.000030703,0.000030723
6,69,receive_authenticate_accumulate,0.000027314,0.000027389
6,69,receive_authenticate_accumulate,0.000027111,0.000027204
6,69,receive_authenticate_accumulate,0.000026981,0.000027000
6,69,receive_authenticate_accumulate,0.000026851,0.000026889
6,69,receive_authenticate_accumulate,0.000026925,0.000027018
6,69,receive_authenticate_accumulate,0.000026944,0.000027056
6,69,receive_authenticate_accumulate,0.000026944,0.000027000
6,69,receive_authenticate_accumulate,0.000026833,0.000026926
6,69,receive_authenticate_accumulate,0.000027092,0.000027222
6,69,receive_authenticate_accumulate,0.000026815,0.000026889
6,69,receive_authenticate_accumulate,0.000026721,0.000026870
6,69,receive_authenticate_accumulate,0.000026981,0.000027130
6,69,receive_authenticate_accumulate,0.000027074,0.000027185
6,69,receive_authenticate_accumulate,0.000026981,0.000027093
6,69,receive_authenticate_accumulate,0.000026851,0.000026889
6,69,receive_authenticate_accumulate,0.000026945,0.000027000
6,69,receive_authenticate_accumulate,0.000026833,0.000026852
6,69,receive_authenticate_accumulate,0.000026926,0.000027037
6,69,receive_authenticate_accumulate,0.000026870,0.000026926
6,69,receive_authenticate_accumulate,0.000029740,0.000029889
6,69,receive_authenticate_accumulate,0.000027333,0.000027463
6,69,receive_authenticate_accumulate,0.000027166,0.000027333
6,69,receive_authenticate_accumulate,0.000027222,0.000027296
6,69,receive_authenticate_accumulate,0.000027166,0.000027259
6,69,receive_authenticate_accumulate,0.000027018,0.000027167
6,69,receive_authenticate_accumulate,0.000026925,0.000027037
6,69,receive_authenticate_accumulate,0.000027019,0.000027130
6,69,receive_authenticate_accumulate,0.000027055,0.000027130
6,69,receive_authenticate_accumulate,0.000027019,0.000027130
6,69,receive_authenticate_accumulate,0.000026963,0.000027037
6,69,receive_authenticate_accumulate,0.000027037,0.000027185
6,69,receive_authenticate_accumulate,0.000026888,0.000026963
6,69,receive_authenticate_accumulate,0.000027055,0.000027074
6,69,receive_authenticate_accumulate,0.000026926,0.000027018
6,69,receive_authenticate_accumulate,0.000027278,0.000027407
6,69,receive_authenticate_accumulate,0.000026907,0.000027019
6,69,receive_authenticate_accumulate,0.000027074,0.000027204
6,69,receive_authenticate_accumulate,0.000026963,0.000027092
6,69,receive_authenticate_accumulate,0.000026944,0.000027037
6,69,receive_authenticate_accumulate,0.000029889,0.000029871
6,69,receive_authenticate_accumulate,0.000027277,0.000027352
6,69,receive_authenticate_accumulate,0.000027055,0.000027204
6,69,receive_authenticate_accumulate,0.000027037,0.000027186
6,69,receive_authenticate_accumulate,0.000026981,0.000027093
6,69,receive_authenticate_accumulate,0.000026963,0.000027074
6,69,receive_authenticate_accumulate,0.000026833,0.000026907
6,69,receive_authenticate_accumulate,0.000026944,0.000027111
6,69,receive_authenticate_accumulate,0.000026889,0.000027019
6,69,receive_authenticate_accumulate,0.000026963,0.000027019
6,69,receive_authenticate_accumulate,0.000026870,0.000026945
6,69,receive_authenticate_accumulate,0.000027036,0.000027111
6,69,receive_authenticate_accumulate,0.000026889,0.000026981
6,69,receive_authenticate_accumulate,0.000026944,0.000027019
6,69,receive_authenticate_accumulate,0.000026888,0.000026963
6,69,receive_authenticate_accumulate,0.000027092,0.000027167
6,69,receive_authenticate_accumulate,0.000027110,0.000027204
6,69,receive_authenticate_accumulate,0.000027129,0.000027130
6,69,receive_authenticate_accumulate,0.000026926,0.000026963
6,69,receive_authenticate_accumulate,0.000031389,0.000031389
6,69,receive_authenticate_accumulate,0.000030870,0.000030833
6,69,receive_authenticate_accumulate,0.000027333,0.000027389
6,69,receive_authenticate_accumulate,0.000027036,0.000027167
6,69,receive_authenticate_accumulate,0.000026944,0.000027019
6,69,receive_authenticate_accumulate,0.000026889,0.000026981
6,69,receive_authenticate_accumulate,0.000026815,0.000026870
6,69,receive_authenticate_accumulate,0.000026925,0.000026945
6,69,receive_authenticate_accumulate,0.000026851,0.000026926
6,69,receive_authenticate_accumulate,0.000026981,0.000027111
6,69,receive_authenticate_accumulate,0.000027203,0.000027333
6,69,receive_authenticate_accumulate,0.000026907,0.000026981
6,69,receive_authenticate_accumulate,0.000026870,0.000026852
6,69,receive_authenticate_accumulate,0.000026907,0.000027000
6,69,receive_authenticate_accumulate,0.000026926,0.000027000
6,69,receive_authenticate_accumulate,0.000027000,0.000027055
6,69,receive_authenticate_accumulate,0.000026833,0.000026963
6,69,receive_authenticate_accumulate,0.000026944,0.000027037
6,69,receive_authenticate_accumulate,0.000027000,0.000027056
6,69,receive_authenticate_accumulate,0.000026814,0.000026870
6,69,receive_authenticate_accumulate,0.000026815,0.000026945
6,69,receive_authenticate_accumulate,0.000030166,0.000030167
6,69,receive_authenticate_accumulate,0.000027259,0.000027389
6,69,receive_authenticate_accumulate,0.000026962,0.000027037
6,69,receive_authenticate_accumulate,0.000026981,0.000027056
6,69,receive_authenticate_accumulate,0.000026722,0.000026815
6,69,receive_authenticate_accumulate,0.000026815,0.000026944
6,69,receive_authenticate_accumulate,0.000026870,0.000026963
6,69,receive_authenticate_accumulate,0.000026944,0.000027000
6,69,receive_authenticate_accumulate,0.000026778,0.000026870
6,69,receive_authenticate_accumulate,0.000026888,0.000026982
6,69,receive_authenticate_accumulate,0.000026870,0.000026982
6,69,receive_authenticate_accumulate,0.000028333,0.000028334
6,69,receive_authenticate_accumulate,0.000027147,0.000027222
6,69,receive_authenticate_accumulate,0.000027018,0.000027075
6,69,receive_authenticate_accumulate,0.000027074,0.000027093
6,69,receive_authenticate_accumulate,0.000026852,0.000026907
6,69,receive_authenticate_accumulate,0.000026907,0.000026963
6,69,receive_authenticate_accumulate,0.000026907,0.000027037
6,69,receive_authenticate_accumulate,0.000026704,0.000026833
6,69,receive_authenticate_accumulate,0.000026852,0.000026963
6,69,receive_authenticate_accumulate,0.000030444,0.000030445
6,69,receive_authenticate_accumulate,0.000027185,0.000027297
6,69,receive_authenticate_accumulate,0.000026926,0.000027037
6,69,receive_authenticate_accumulate,0.000027036,0.000027129
6,69,receive_authenticate_accumulate,0.000027055,0.000027129
6,69,receive_authenticate_accumulate,0.000026981,0.000027111
6,69,receive_authenticate_accumulate,0.000027018,0.000027148
6,69,receive_authenticate_accumulate,0.000027130,0.000027241
6,69,receive_authenticate_accumulate,0.000027018,0.000027111
6,69,receive_authenticate_accumulate,0.000027018,0.000027111
6,69,receive_authenticate_accumulate,0.000026944,0.000027037
6,69,receive_authenticate_accumulate,0.000027018,0.000027093
6,69,receive_authenticate_accumulate,0.000026944,0.000027074
6,69,receive_authenticate_accumulate,0.000026944,0.000027074
6,69,receive_authenticate_accumulate,0.000026907,0.000027055
6,69,receive_authenticate_accumulate,0.000026981,0.000027111
6,69,receive_authenticate_accumulate,0.000027018,0.000027149
6,69,receive_authenticate_accumulate,0.000027018,0.000027092
6,69,receive_authenticate_accumulate,0.000026963,0.000027037
6,69,receive_authenticate_accumulate,0.000027056,0.000027167
6,69,receive_authenticate_accumulate,0.000033333,0.000033130
6,69,receive_authenticate_accumulate,0.000027315,0.000027352
6,69,receive_authenticate_accumulate,0.000026962,0.000027093
6,69,receive_authenticate_accumulate,0.000026852,0.000026945
6,69,receive_authenticate_accumulate,0.000026814,0.000026852
6,69,receive_authenticate_accumulate,0.000026684,0.000026833
6,69,receive_authenticate_accumulate,0.000026926,0.000027055
6,69,receive_authenticate_accumulate,0.000028111,0.000028129
6,69,receive_authenticate_accumulate,0.000027037,0.000027148
6,69,receive_authenticate_accumulate,0.000026851,0.000026982
6,69,receive_authenticate_accumulate,0.000026870,0.000026963
6,69,receive_authenticate_accumulate,0.000026925,0.000027074
6,69,receive_authenticate_accumulate,0.000026963,0.000027130
6,69,receive_authenticate_accumulate,0.000026833,0.000026982
6,69,receive_authenticate_accumulate,0.000027000,0.000027074
6,69,receive_authenticate_accumulate,0.000026851,0.000026982
6,69,receive_authenticate_accumulate,0.000026944,0.000027037
6,69,receive_authenticate_accumulate,0.000026907,0.000027074
6,69,receive_authenticate_accumulate,0.000027019,0.000027148
6,69,receive_authenticate_accumulate,0.000027092,0.000027166
6,69,receive_authenticate_accumulate,0.000030259,0.000030204
6,69,receive_authenticate_accumulate,0.000027259,0.000027333
6,69,receive_authenticate_accumulate,0.000027073,0.000027111
6,69,receive_authenticate_accumulate,0.000026907,0.000026982
6,69,receive_authenticate_accumulate,0.000026944,0.000027019
6,69,receive_authenticate_accumulate,0.000026796,0.000026870
6,69,receive_authenticate_accumulate,0.000027000,0.000027093
6,69,receive_authenticate_accumulate,0.000026962,0.000026962
6,69,receive_authenticate_accumulate,0.000027055,0.000027166
6,69,receive_authenticate_accumulate,0.000026908,0.000027037
6,69,receive_authenticate_accumulate,0.000026962,0.000027056
6,69,receive_authenticate_accumulate,0.000026870,0.000026926
6,69,receive_authenticate_accumulate,0.000026962,0.000027037
6,69,receive_authenticate_accumulate,0.000027000,0.000027075
6,69,receive_authenticate_accumulate,0.000027037,0.000027130
6,69,receive_authenticate_accumulate,0.000027000,0.000027056
6,69,receive_authenticate_accumulate,0.000026944,0.000026945
6,69,receive_authenticate_accumulate,0.000039481,0.000039630
6,69,receive_authenticate_accumulate,0.000024685,0.000024778
6,69,receive_authenticate_accumulate,0.000022981,0.000023111
6,69,billing_reconstruction_verify,0.025965974,0.025966370
6,69,billing_reconstruction_verify,0.025986473,0.025947352
6,69,billing_reconstruction_verify,0.025930030,0.025930314
6,69,billing_reconstruction_verify,0.025920029,0.025920389
6,69,billing_reconstruction_verify,0.025931066,0.025931666
6,69,billing_reconstruction_verify,0.025919900,0.025920315
6,69,billing_reconstruction_verify,0.025967956,0.025946759
6,69,billing_reconstruction_verify,0.025924530,0.025924944
6,69,billing_reconstruction_verify,0.025925104,0.025925592
6,69,billing_reconstruction_verify,0.025927067,0.025927463
6,69,billing_reconstruction_verify,0.025927178,0.025927500
6,69,billing_reconstruction_verify,0.025920622,0.025920944
6,69,billing_reconstruction_verify,0.025916308,0.025916667
6,69,billing_reconstruction_verify,0.025923752,0.025924074
6,69,billing_reconstruction_verify,0.025939308,0.025928611
6,69,billing_reconstruction_verify,0.025924511,0.025924889
6,69,billing_reconstruction_verify,0.025918067,0.025918500
6,69,billing_reconstruction_verify,0.025928437,0.025928834
6,69,billing_reconstruction_verify,0.025917308,0.025917741
6,69,billing_reconstruction_verify,0.025947789,0.025933482
7,70,period_reset,0.000029833,0.000026426
7,70,receive_authenticate_accumulate,0.000083851,0.000083425
7,70,receive_authenticate_accumulate,0.000069295,0.000068889
7,70,receive_authenticate_accumulate,0.000066055,0.000066019
7,70,receive_authenticate_accumulate,0.000063814,0.000063648
7,70,receive_authenticate_accumulate,0.000064000,0.000064019
7,70,receive_authenticate_accumulate,0.000070943,0.000070334
7,70,receive_authenticate_accumulate,0.000062444,0.000062407
7,70,receive_authenticate_accumulate,0.000063258,0.000062630
7,70,receive_authenticate_accumulate,0.000042944,0.000042907
7,70,receive_authenticate_accumulate,0.000043222,0.000043185
7,70,receive_authenticate_accumulate,0.000042314,0.000042223
7,70,receive_authenticate_accumulate,0.000042666,0.000042722
7,70,receive_authenticate_accumulate,0.000041944,0.000041852
7,70,receive_authenticate_accumulate,0.000042463,0.000042278
7,70,receive_authenticate_accumulate,0.000043481,0.000043519
7,70,receive_authenticate_accumulate,0.000041481,0.000041314
7,70,receive_authenticate_accumulate,0.000041166,0.000040704
7,70,receive_authenticate_accumulate,0.000041240,0.000041000
7,70,receive_authenticate_accumulate,0.000041389,0.000041259
7,70,receive_authenticate_accumulate,0.000041222,0.000041241
7,70,receive_authenticate_accumulate,0.000063574,0.000063592
7,70,receive_authenticate_accumulate,0.000054721,0.000054537
7,70,receive_authenticate_accumulate,0.000053036,0.000053000
7,70,receive_authenticate_accumulate,0.000053296,0.000053149
7,70,receive_authenticate_accumulate,0.000053926,0.000053741
7,70,receive_authenticate_accumulate,0.000053963,0.000053925
7,70,receive_authenticate_accumulate,0.000052388,0.000052204
7,70,receive_authenticate_accumulate,0.000053499,0.000053315
7,70,receive_authenticate_accumulate,0.000055018,0.000054852
7,70,receive_authenticate_accumulate,0.000054722,0.000054556
7,70,receive_authenticate_accumulate,0.000053037,0.000052963
7,70,receive_authenticate_accumulate,0.000054852,0.000054889
7,70,receive_authenticate_accumulate,0.000057369,0.000057185
7,70,receive_authenticate_accumulate,0.000033833,0.000033852
7,70,receive_authenticate_accumulate,0.000034758,0.000034815
7,70,receive_authenticate_accumulate,0.000028685,0.000028703
7,70,receive_authenticate_accumulate,0.000034593,0.000034592
7,70,receive_authenticate_accumulate,0.000051685,0.000051760
7,70,receive_authenticate_accumulate,0.000027963,0.000027833
7,70,receive_authenticate_accumulate,0.000032889,0.000032833
7,70,committee_selection,0.000067388,0.000067278
7,70,round_reset,0.000003333,0.000002907
7,70,receive_authenticate_accumulate,0.017230196,0.017230241
7,70,receive_authenticate_accumulate,0.017194567,0.017194667
7,70,receive_authenticate_accumulate,0.017225752,0.017225777
7,70,receive_authenticate_accumulate,0.017219474,0.017219630
7,70,receive_authenticate_accumulate,0.017217678,0.017217593
7,70,receive_authenticate_accumulate,0.017250252,0.017232871
7,70,receive_authenticate_accumulate,0.017214845,0.017215055
7,70,receive_authenticate_accumulate,0.017233603,0.017233741
7,70,receive_authenticate_accumulate,0.017217438,0.017217574
7,70,receive_authenticate_accumulate,0.017225197,0.017225426
7,70,receive_authenticate_accumulate,0.017224437,0.017224833
7,70,receive_authenticate_accumulate,0.017216067,0.017216241
7,70,receive_authenticate_accumulate,0.017218789,0.017218907
7,70,receive_authenticate_accumulate,0.017212771,0.017212926
7,70,receive_authenticate_accumulate,0.017223123,0.017223222
7,70,receive_authenticate_accumulate,0.017216567,0.017216722
7,70,receive_authenticate_accumulate,0.017219271,0.017219203
7,70,receive_authenticate_accumulate,0.017228141,0.017228278
7,70,receive_authenticate_accumulate,0.017213087,0.017213185
7,70,receive_authenticate_accumulate,0.017228123,0.017228482
7,70,round_coverage,0.002062974,0.002062833
7,70,receive_authenticate_accumulate,0.000045110,0.000044945
7,70,receive_authenticate_accumulate,0.000027499,0.000027556
7,70,receive_authenticate_accumulate,0.000026259,0.000026241
7,70,receive_authenticate_accumulate,0.000025778,0.000025760
7,70,receive_authenticate_accumulate,0.000025648,0.000025704
7,70,receive_authenticate_accumulate,0.000026518,0.000026574
7,70,receive_authenticate_accumulate,0.000025814,0.000025777
7,70,receive_authenticate_accumulate,0.000025648,0.000025852
7,70,receive_authenticate_accumulate,0.000026185,0.000026185
7,70,receive_authenticate_accumulate,0.000025666,0.000025648
7,70,spatial_reconstruction_verify,0.025977367,0.025977759
7,71,round_reset,0.000015537,0.000010574
7,71,receive_authenticate_accumulate,0.025870892,0.025871111
7,71,receive_authenticate_accumulate,0.017243385,0.017229648
7,71,receive_authenticate_accumulate,0.017231033,0.017231204
7,71,receive_authenticate_accumulate,0.017226700,0.017226852
7,71,receive_authenticate_accumulate,0.017244293,0.017244499
7,71,receive_authenticate_accumulate,0.017266718,0.017237390
7,71,receive_authenticate_accumulate,0.017224126,0.017224241
7,71,receive_authenticate_accumulate,0.017226108,0.017226166
7,71,receive_authenticate_accumulate,0.017261459,0.017230666
7,71,receive_authenticate_accumulate,0.017220700,0.017220945
7,71,receive_authenticate_accumulate,0.017219533,0.017219611
7,71,receive_authenticate_accumulate,0.017220330,0.017220519
7,71,receive_authenticate_accumulate,0.017222219,0.017222315
7,71,receive_authenticate_accumulate,0.017224126,0.017224370
7,71,receive_authenticate_accumulate,0.017222849,0.017223000
7,71,receive_authenticate_accumulate,0.017225330,0.017225574
7,71,receive_authenticate_accumulate,0.017221422,0.017221519
7,71,receive_authenticate_accumulate,0.017213090,0.017213352
7,71,receive_authenticate_accumulate,0.017217663,0.017217982
7,71,receive_authenticate_accumulate,0.017216756,0.017216722
7,71,round_coverage,0.001924311,0.001924166
7,71,receive_authenticate_accumulate,0.000042407,0.000042204
7,71,receive_authenticate_accumulate,0.000031148,0.000031111
7,71,receive_authenticate_accumulate,0.000030278,0.000030370
7,71,receive_authenticate_accumulate,0.000029981,0.000029963
7,71,receive_authenticate_accumulate,0.000029574,0.000029630
7,71,receive_authenticate_accumulate,0.000029629,0.000029703
7,71,receive_authenticate_accumulate,0.000030259,0.000030278
7,71,receive_authenticate_accumulate,0.000029870,0.000029889
7,71,receive_authenticate_accumulate,0.000029907,0.000029852
7,71,receive_authenticate_accumulate,0.000029370,0.000029352
7,71,spatial_reconstruction_verify,0.025964392,0.025964778
7,72,round_reset,0.000014463,0.000010278
7,72,receive_authenticate_accumulate,0.025931285,0.025889407
7,72,receive_authenticate_accumulate,0.017237777,0.017237908
7,72,receive_authenticate_accumulate,0.017219796,0.017219908
7,72,receive_authenticate_accumulate,0.017221814,0.017221926
7,72,receive_authenticate_accumulate,0.017229278,0.017229463
7,72,receive_authenticate_accumulate,0.017218815,0.017218944
7,72,receive_authenticate_accumulate,0.017209981,0.017210037
7,72,receive_authenticate_accumulate,0.017227371,0.017227351
7,72,receive_authenticate_accumulate,0.017215130,0.017215296
7,72,receive_authenticate_accumulate,0.017216519,0.017216741
7,72,receive_authenticate_accumulate,0.017220500,0.017220611
7,72,receive_authenticate_accumulate,0.017224519,0.017224537
7,72,receive_authenticate_accumulate,0.017222482,0.017222685
7,72,receive_authenticate_accumulate,0.017251963,0.017236685
7,72,receive_authenticate_accumulate,0.017228000,0.017227963
7,72,receive_authenticate_accumulate,0.017222982,0.017222871
7,72,receive_authenticate_accumulate,0.017222537,0.017222556
7,72,receive_authenticate_accumulate,0.017221630,0.017221667
7,72,receive_authenticate_accumulate,0.017215186,0.017215352
7,72,receive_authenticate_accumulate,0.017209537,0.017209722
7,72,round_coverage,0.001758313,0.001758130
7,72,receive_authenticate_accumulate,0.000047111,0.000047074
7,72,receive_authenticate_accumulate,0.000031240,0.000031185
7,72,receive_authenticate_accumulate,0.000030148,0.000030148
7,72,receive_authenticate_accumulate,0.000029907,0.000030056
7,72,receive_authenticate_accumulate,0.000030130,0.000030093
7,72,receive_authenticate_accumulate,0.000029685,0.000029648
7,72,receive_authenticate_accumulate,0.000029759,0.000029796
7,72,receive_authenticate_accumulate,0.000029852,0.000029852
7,72,receive_authenticate_accumulate,0.000029796,0.000029759
7,72,receive_authenticate_accumulate,0.000029704,0.000029778
7,72,spatial_reconstruction_verify,0.025971638,0.025972055
7,73,round_reset,0.000015018,0.000011685
7,73,receive_authenticate_accumulate,0.025860661,0.025860796
7,73,receive_authenticate_accumulate,0.017222576,0.017222666
7,73,receive_authenticate_accumulate,0.017232466,0.017232593
7,73,receive_authenticate_accumulate,0.017269929,0.017244833
7,73,receive_authenticate_accumulate,0.017295558,0.017253925
7,73,receive_authenticate_accumulate,0.017217484,0.017217518
7,73,receive_authenticate_accumulate,0.017237355,0.017228037
7,73,receive_authenticate_accumulate,0.017229540,0.017229648
7,73,receive_authenticate_accumulate,0.017233003,0.017233259
7,73,receive_authenticate_accumulate,0.017223485,0.017223500
7,73,receive_authenticate_accumulate,0.017220040,0.017220167
7,73,receive_authenticate_accumulate,0.017229540,0.017229630
7,73,receive_authenticate_accumulate,0.017224226,0.017224333
7,73,receive_authenticate_accumulate,0.017239058,0.017223666
7,73,receive_authenticate_accumulate,0.017223299,0.017223389
7,73,receive_authenticate_accumulate,0.017225448,0.017225611
7,73,receive_authenticate_accumulate,0.017223540,0.017223648
7,73,receive_authenticate_accumulate,0.017224188,0.017224408
7,73,receive_authenticate_accumulate,0.017226430,0.017226555
7,73,receive_authenticate_accumulate,0.017222374,0.017222482
7,73,round_coverage,0.002253030,0.002253259
7,73,receive_authenticate_accumulate,0.000045184,0.000045204
7,73,receive_authenticate_accumulate,0.000030777,0.000030759
7,73,receive_authenticate_accumulate,0.000030222,0.000030167
7,73,receive_authenticate_accumulate,0.000030110,0.000030074
7,73,receive_authenticate_accumulate,0.000029666,0.000029574
7,73,receive_authenticate_accumulate,0.000033111,0.000033000
7,73,receive_authenticate_accumulate,0.000029796,0.000029796
7,73,receive_authenticate_accumulate,0.000029740,0.000029611
7,73,receive_authenticate_accumulate,0.000029444,0.000029297
7,73,receive_authenticate_accumulate,0.000029573,0.000029611
7,73,spatial_reconstruction_verify,0.026010309,0.025979352
7,74,round_reset,0.000014537,0.000010852
7,74,receive_authenticate_accumulate,0.037986471,0.037880871
7,74,receive_authenticate_accumulate,0.017220968,0.017221056
7,74,receive_authenticate_accumulate,0.017222691,0.017222685
7,74,receive_authenticate_accumulate,0.017222617,0.017222741
7,74,receive_authenticate_accumulate,0.017220969,0.017221000
7,74,receive_authenticate_accumulate,0.017214099,0.017214185
7,74,receive_authenticate_accumulate,0.017241821,0.017230481
7,74,receive_authenticate_accumulate,0.017244172,0.017244185
7,74,receive_authenticate_accumulate,0.017225154,0.017225148
7,74,receive_authenticate_accumulate,0.017213821,0.017213888
7,74,receive_authenticate_accumulate,0.017229061,0.017229241
7,74,receive_authenticate_accumulate,0.017211229,0.017211408
7,74,receive_authenticate_accumulate,0.017220914,0.017220908
7,74,receive_authenticate_accumulate,0.017220747,0.017220870
7,74,receive_authenticate_accumulate,0.017219340,0.017219425
7,74,receive_authenticate_accumulate,0.017222525,0.017222648
7,74,receive_authenticate_accumulate,0.017219192,0.017219278
7,74,receive_authenticate_accumulate,0.017219563,0.017219778
7,74,receive_authenticate_accumulate,0.017217432,0.017217389
7,74,receive_authenticate_accumulate,0.017228729,0.017228925
7,74,round_coverage,0.001947034,0.001947130
7,74,receive_authenticate_accumulate,0.000047240,0.000047222
7,74,receive_authenticate_accumulate,0.000031147,0.000031148
7,74,receive_authenticate_accumulate,0.000030389,0.000030407
7,74,receive_authenticate_accumulate,0.000030203,0.000030222
7,74,receive_authenticate_accumulate,0.000033110,0.000033019
7,74,receive_authenticate_accumulate,0.000029944,0.000030037
7,74,receive_authenticate_accumulate,0.000030147,0.000030093
7,74,receive_authenticate_accumulate,0.000029740,0.000029777
7,74,receive_authenticate_accumulate,0.000029815,0.000029796
7,74,receive_authenticate_accumulate,0.000029444,0.000029463
7,74,spatial_reconstruction_verify,0.025965591,0.025965981
7,75,round_reset,0.000014129,0.000010593
7,75,receive_authenticate_accumulate,0.025879799,0.025879963
7,75,receive_authenticate_accumulate,0.017258564,0.017239111
7,75,receive_authenticate_accumulate,0.017231638,0.017231741
7,75,receive_authenticate_accumulate,0.017218712,0.017218852
7,75,receive_authenticate_accumulate,0.017224268,0.017224426
7,75,receive_authenticate_accumulate,0.017220898,0.017221019
7,75,receive_authenticate_accumulate,0.017226972,0.017227055
7,75,receive_authenticate_accumulate,0.017224176,0.017224389
7,75,receive_authenticate_accumulate,0.017225935,0.017226130
7,75,receive_authenticate_accumulate,0.017222212,0.017222407
7,75,receive_authenticate_accumulate,0.017223917,0.017223963
7,75,receive_authenticate_accumulate,0.017217676,0.017217870
7,75,receive_authenticate_accumulate,0.017263231,0.017232907
7,75,receive_authenticate_accumulate,0.017276324,0.017241778
7,75,receive_authenticate_accumulate,0.017259398,0.017236333
7,75,receive_authenticate_accumulate,0.017221602,0.017221815
7,75,receive_authenticate_accumulate,0.017222657,0.017222666
7,75,receive_authenticate_accumulate,0.017224898,0.017225018
7,75,receive_authenticate_accumulate,0.017232639,0.017232759
7,75,receive_authenticate_accumulate,0.017224435,0.017224574
7,75,round_coverage,0.001776072,0.001776185
7,75,receive_authenticate_accumulate,0.000043222,0.000043259
7,75,receive_authenticate_accumulate,0.000030574,0.000030556
7,75,receive_authenticate_accumulate,0.000030167,0.000030204
7,75,receive_authenticate_accumulate,0.000030129,0.000030259
7,75,receive_authenticate_accumulate,0.000029870,0.000029926
7,75,receive_authenticate_accumulate,0.000029981,0.000029926
7,75,receive_authenticate_accumulate,0.000029611,0.000029519
7,75,receive_authenticate_accumulate,0.000060647,0.000060741
7,75,receive_authenticate_accumulate,0.000026870,0.000026833
7,75,receive_authenticate_accumulate,0.000025722,0.000025649
7,75,spatial_reconstruction_verify,0.025971503,0.025971981
7,76,round_reset,0.000014481,0.000010056
7,76,receive_authenticate_accumulate,0.036396353,0.036274574
7,76,receive_authenticate_accumulate,0.017228696,0.017228834
7,76,receive_authenticate_accumulate,0.017222697,0.017222852
7,76,receive_authenticate_accumulate,0.017221123,0.017221223
7,76,receive_authenticate_accumulate,0.017222957,0.017223074
7,76,receive_authenticate_accumulate,0.017221178,0.017221315
7,76,receive_authenticate_accumulate,0.017221030,0.017221148
7,76,receive_authenticate_accumulate,0.017228993,0.017229129
7,76,receive_authenticate_accumulate,0.017218808,0.017218982
7,76,receive_authenticate_accumulate,0.017225105,0.017225130
7,76,receive_authenticate_accumulate,0.017223864,0.017224000
7,76,receive_authenticate_accumulate,0.017244068,0.017233963
7,76,receive_authenticate_accumulate,0.017221883,0.017222129
7,76,receive_authenticate_accumulate,0.017223623,0.017223667
7,76,receive_authenticate_accumulate,0.017214475,0.017214426
7,76,receive_authenticate_accumulate,0.017220512,0.017220537
7,76,receive_authenticate_accumulate,0.017217475,0.017217426
7,76,receive_authenticate_accumulate,0.017218216,0.017218388
7,76,receive_authenticate_accumulate,0.017222308,0.017222481
7,76,receive_authenticate_accumulate,0.017218919,0.017218907
7,76,round_coverage,0.002236013,0.002235833
7,76,receive_authenticate_accumulate,0.000044889,0.000044796
7,76,receive_authenticate_accumulate,0.000033592,0.000033537
7,76,receive_authenticate_accumulate,0.000030778,0.000030722
7,76,receive_authenticate_accumulate,0.000030574,0.000030556
7,76,receive_authenticate_accumulate,0.000030093,0.000030074
7,76,receive_authenticate_accumulate,0.000029611,0.000029630
7,76,receive_authenticate_accumulate,0.000029630,0.000029592
7,76,receive_authenticate_accumulate,0.000029629,0.000029667
7,76,receive_authenticate_accumulate,0.000029518,0.000029481
7,76,receive_authenticate_accumulate,0.000029315,0.000029351
7,76,spatial_reconstruction_verify,0.025970323,0.025970685
7,77,round_reset,0.000014444,0.000011111
7,77,receive_authenticate_accumulate,0.036433488,0.036324758
7,77,receive_authenticate_accumulate,0.017226329,0.017226370
7,77,receive_authenticate_accumulate,0.017232551,0.017232611
7,77,receive_authenticate_accumulate,0.017217126,0.017217204
7,77,receive_authenticate_accumulate,0.017234365,0.017234426
7,77,receive_authenticate_accumulate,0.017226662,0.017226703
7,77,receive_authenticate_accumulate,0.017239088,0.017239204
7,77,receive_authenticate_accumulate,0.017224848,0.017224704
7,77,receive_authenticate_accumulate,0.017222995,0.017223056
7,77,receive_authenticate_accumulate,0.017222885,0.017223074
7,77,receive_authenticate_accumulate,0.017225829,0.017225963
7,77,receive_authenticate_accumulate,0.017216737,0.017216852
7,77,receive_authenticate_accumulate,0.017221959,0.017221963
7,77,receive_authenticate_accumulate,0.017222663,0.017222759
7,77,receive_authenticate_accumulate,0.017229256,0.017229278
7,77,receive_authenticate_accumulate,0.017282680,0.017252314
7,77,receive_authenticate_accumulate,0.017232736,0.017232870
7,77,receive_authenticate_accumulate,0.017219608,0.017219649
7,77,receive_authenticate_accumulate,0.017226219,0.017226185
7,77,receive_authenticate_accumulate,0.017226533,0.017226482
7,77,round_coverage,0.001944034,0.001944056
7,77,receive_authenticate_accumulate,0.000045147,0.000045056
7,77,receive_authenticate_accumulate,0.000030481,0.000030463
7,77,receive_authenticate_accumulate,0.000030796,0.000030777
7,77,receive_authenticate_accumulate,0.000029944,0.000029963
7,77,receive_authenticate_accumulate,0.000030277,0.000030167
7,77,receive_authenticate_accumulate,0.000029852,0.000029926
7,77,receive_authenticate_accumulate,0.000030166,0.000030130
7,77,receive_authenticate_accumulate,0.000032741,0.000032741
7,77,receive_authenticate_accumulate,0.000030129,0.000030037
7,77,receive_authenticate_accumulate,0.000029907,0.000029907
7,77,spatial_reconstruction_verify,0.025958938,0.025959333
7,78,round_reset,0.000015630,0.000011463
7,78,receive_authenticate_accumulate,0.025876071,0.025875852
7,78,receive_authenticate_accumulate,0.017216017,0.017216037
7,78,receive_authenticate_accumulate,0.017220850,0.017221055
7,78,receive_authenticate_accumulate,0.017218831,0.017219019
7,78,receive_authenticate_accumulate,0.017285256,0.017249297
7,78,receive_authenticate_accumulate,0.017226146,0.017226315
7,78,receive_authenticate_accumulate,0.017264090,0.017235760
7,78,receive_authenticate_accumulate,0.017224054,0.017224129
7,78,receive_authenticate_accumulate,0.017223647,0.017223463
7,78,receive_authenticate_accumulate,0.017218498,0.017218555
7,78,receive_authenticate_accumulate,0.017216887,0.017216777
7,78,receive_authenticate_accumulate,0.017225388,0.017225482
7,78,receive_authenticate_accumulate,0.017221257,0.017221407
7,78,receive_authenticate_accumulate,0.017213962,0.017214111
7,78,receive_authenticate_accumulate,0.017216257,0.017216241
7,78,receive_authenticate_accumulate,0.017218535,0.017218556
7,78,receive_authenticate_accumulate,0.017204406,0.017204259
7,78,receive_authenticate_accumulate,0.017230999,0.017231222
7,78,receive_authenticate_accumulate,0.017352182,0.017254297
7,78,receive_authenticate_accumulate,0.017217943,0.017217962
7,78,round_coverage,0.001757629,0.001757703
7,78,receive_authenticate_accumulate,0.000045129,0.000045074
7,78,receive_authenticate_accumulate,0.000031240,0.000031204
7,78,receive_authenticate_accumulate,0.000030592,0.000030611
7,78,receive_authenticate_accumulate,0.000030111,0.000030000
7,78,receive_authenticate_accumulate,0.000029889,0.000029741
7,78,receive_authenticate_accumulate,0.000029796,0.000029833
7,78,receive_authenticate_accumulate,0.000029759,0.000029686
7,78,receive_authenticate_accumulate,0.000029574,0.000029611
7,78,receive_authenticate_accumulate,0.000029314,0.000029333
7,78,receive_authenticate_accumulate,0.000029536,0.000029574
7,78,spatial_reconstruction_verify,0.025966737,0.025967074
7,79,round_reset,0.000012148,0.000007445
7,79,receive_authenticate_accumulate,0.036154927,0.036047092
7,79,receive_authenticate_accumulate,0.017232741,0.017232796
7,79,receive_authenticate_accumulate,0.017218815,0.017218870
7,79,receive_authenticate_accumulate,0.017220444,0.017220500
7,79,receive_authenticate_accumulate,0.017222574,0.017222722
7,79,receive_authenticate_accumulate,0.017281518,0.017241963
7,79,receive_authenticate_accumulate,0.017216464,0.017216629
7,79,receive_authenticate_accumulate,0.017231649,0.017231889
7,79,receive_authenticate_accumulate,0.017222556,0.017222648
7,79,receive_authenticate_accumulate,0.017223760,0.017223833
7,79,receive_authenticate_accumulate,0.017218019,0.017218166
7,79,receive_authenticate_accumulate,0.017215205,0.017215278
7,79,receive_authenticate_accumulate,0.017213723,0.017213833
7,79,receive_authenticate_accumulate,0.017223759,0.017223870
7,79,receive_authenticate_accumulate,0.017227982,0.017228111
7,79,receive_authenticate_accumulate,0.017223964,0.017223963
7,79,receive_authenticate_accumulate,0.017225371,0.017225518
7,79,receive_authenticate_accumulate,0.017224426,0.017224611
7,79,receive_authenticate_accumulate,0.017226834,0.017226907
7,79,receive_authenticate_accumulate,0.017223445,0.017223611
7,79,round_coverage,0.002238384,0.002238204
7,79,receive_authenticate_accumulate,0.000047000,0.000046907
7,79,receive_authenticate_accumulate,0.000030740,0.000030648
7,79,receive_authenticate_accumulate,0.000030648,0.000030630
7,79,receive_authenticate_accumulate,0.000030370,0.000030371
7,79,receive_authenticate_accumulate,0.000029851,0.000029926
7,79,receive_authenticate_accumulate,0.000029759,0.000029759
7,79,receive_authenticate_accumulate,0.000030185,0.000029981
7,79,receive_authenticate_accumulate,0.000029648,0.000029611
7,79,receive_authenticate_accumulate,0.000030000,0.000030093
7,79,receive_authenticate_accumulate,0.000029388,0.000029389
7,79,spatial_reconstruction_verify,0.025972777,0.025973333
7,79,receive_authenticate_accumulate,0.000036777,0.000036833
7,79,receive_authenticate_accumulate,0.000027759,0.000027963
7,79,receive_authenticate_accumulate,0.000027611,0.000027741
7,79,receive_authenticate_accumulate,0.000027204,0.000027297
7,79,receive_authenticate_accumulate,0.000027074,0.000027166
7,79,receive_authenticate_accumulate,0.000027073,0.000027149
7,79,receive_authenticate_accumulate,0.000027129,0.000027241
7,79,receive_authenticate_accumulate,0.000027092,0.000027167
7,79,receive_authenticate_accumulate,0.000027499,0.000027592
7,79,receive_authenticate_accumulate,0.000027092,0.000027223
7,79,receive_authenticate_accumulate,0.000027129,0.000027240
7,79,receive_authenticate_accumulate,0.000027056,0.000027149
7,79,receive_authenticate_accumulate,0.000027148,0.000027259
7,79,receive_authenticate_accumulate,0.000027222,0.000027296
7,79,receive_authenticate_accumulate,0.000027148,0.000027259
7,79,receive_authenticate_accumulate,0.000027296,0.000027407
7,79,receive_authenticate_accumulate,0.000027333,0.000027500
7,79,receive_authenticate_accumulate,0.000027221,0.000027315
7,79,receive_authenticate_accumulate,0.000027092,0.000027167
7,79,receive_authenticate_accumulate,0.000027111,0.000027240
7,79,receive_authenticate_accumulate,0.000030407,0.000030278
7,79,receive_authenticate_accumulate,0.000027611,0.000027778
7,79,receive_authenticate_accumulate,0.000027277,0.000027389
7,79,receive_authenticate_accumulate,0.000027204,0.000027297
7,79,receive_authenticate_accumulate,0.000027148,0.000027278
7,79,receive_authenticate_accumulate,0.000027000,0.000027019
7,79,receive_authenticate_accumulate,0.000027093,0.000027223
7,79,receive_authenticate_accumulate,0.000027166,0.000027333
7,79,receive_authenticate_accumulate,0.000027185,0.000027351
7,79,receive_authenticate_accumulate,0.000027111,0.000027167
7,79,receive_authenticate_accumulate,0.000027092,0.000027130
7,79,receive_authenticate_accumulate,0.000027092,0.000027259
7,79,receive_authenticate_accumulate,0.000027259,0.000027389
7,79,receive_authenticate_accumulate,0.000027166,0.000027260
7,79,receive_authenticate_accumulate,0.000027167,0.000027259
7,79,receive_authenticate_accumulate,0.000027129,0.000027278
7,79,receive_authenticate_accumulate,0.000027147,0.000027315
7,79,receive_authenticate_accumulate,0.000027130,0.000027241
7,79,receive_authenticate_accumulate,0.000027148,0.000027185
7,79,receive_authenticate_accumulate,0.000027371,0.000027500
7,79,receive_authenticate_accumulate,0.000030259,0.000030185
7,79,receive_authenticate_accumulate,0.000027277,0.000027445
7,79,receive_authenticate_accumulate,0.000027130,0.000027278
7,79,receive_authenticate_accumulate,0.000027185,0.000027296
7,79,receive_authenticate_accumulate,0.000027037,0.000027186
7,79,receive_authenticate_accumulate,0.000027092,0.000027130
7,79,receive_authenticate_accumulate,0.000027111,0.000027204
7,79,receive_authenticate_accumulate,0.000027148,0.000027241
7,79,receive_authenticate_accumulate,0.000027074,0.000027148
7,79,receive_authenticate_accumulate,0.000030759,0.000030833
7,79,receive_authenticate_accumulate,0.000027315,0.000027370
7,79,receive_authenticate_accumulate,0.000027111,0.000027203
7,79,receive_authenticate_accumulate,0.000028981,0.000029056
7,79,receive_authenticate_accumulate,0.000027204,0.000027315
7,79,receive_authenticate_accumulate,0.000027167,0.000027259
7,79,receive_authenticate_accumulate,0.000027185,0.000027315
7,79,receive_authenticate_accumulate,0.000027241,0.000027334
7,79,receive_authenticate_accumulate,0.000027500,0.000027592
7,79,receive_authenticate_accumulate,0.000027259,0.000027352
7,79,receive_authenticate_accumulate,0.000027259,0.000027426
7,79,receive_authenticate_accumulate,0.000030944,0.000030907
7,79,receive_authenticate_accumulate,0.000027518,0.000027555
7,79,receive_authenticate_accumulate,0.000027166,0.000027278
7,79,receive_authenticate_accumulate,0.000027130,0.000027223
7,79,receive_authenticate_accumulate,0.000027185,0.000027296
7,79,receive_authenticate_accumulate,0.000029037,0.000029000
7,79,receive_authenticate_accumulate,0.000027166,0.000027259
7,79,receive_authenticate_accumulate,0.000027000,0.000027074
7,79,receive_authenticate_accumulate,0.000026963,0.000027000
7,79,receive_authenticate_accumulate,0.000026962,0.000027037
7,79,receive_authenticate_accumulate,0.000026963,0.000027037
7,79,receive_authenticate_accumulate,0.000027037,0.000027130
7,79,receive_authenticate_accumulate,0.000026963,0.000027038
7,79,receive_authenticate_accumulate,0.000027167,0.000027315
7,79,receive_authenticate_accumulate,0.000026851,0.000026982
7,79,receive_authenticate_accumulate,0.000027056,0.000027149
7,79,receive_authenticate_accumulate,0.000026889,0.000026981
7,79,receive_authenticate_accumulate,0.000027000,0.000027092
7,79,receive_authenticate_accumulate,0.000027111,0.000027222
7,79,receive_authenticate_accumulate,0.000026999,0.000027092
7,79,receive_authenticate_accumulate,0.000030389,0.000030371
7,79,receive_authenticate_accumulate,0.000027351,0.000027426
7,79,receive_authenticate_accumulate,0.000026926,0.000027074
7,79,receive_authenticate_accumulate,0.000027074,0.000027204
7,79,receive_authenticate_accumulate,0.000027166,0.000027278
7,79,receive_authenticate_accumulate,0.000027056,0.000027074
7,79,receive_authenticate_accumulate,0.000027019,0.000027037
7,79,receive_authenticate_accumulate,0.000027092,0.000027185
7,79,receive_authenticate_accumulate,0.000026907,0.000027000
7,79,receive_authenticate_accumulate,0.000027000,0.000027074
7,79,receive_authenticate_accumulate,0.000026926,0.000026982
7,79,receive_authenticate_accumulate,0.000026722,0.000026870
7,79,receive_authenticate_accumulate,0.000027278,0.000027352
7,79,receive_authenticate_accumulate,0.000027148,0.000027203
7,79,receive_authenticate_accumulate,0.000026982,0.000027148
7,79,receive_authenticate_accumulate,0.000027074,0.000027240
7,79,receive_authenticate_accumulate,0.000026888,0.000026982
7,79,receive_authenticate_accumulate,0.000026907,0.000026981
7,79,receive_authenticate_accumulate,0.000026944,0.000027037
7,79,receive_authenticate_accumulate,0.000036518,0.000036703
7,79,receive_authenticate_accumulate,0.000027389,0.000027351
7,79,receive_authenticate_accumulate,0.000023537,0.000023630
7,79,receive_authenticate_accumulate,0.000023556,0.000023592
7,79,receive_authenticate_accumulate,0.000023092,0.000023186
7,79,receive_authenticate_accumulate,0.000022963,0.000023074
7,79,receive_authenticate_accumulate,0.000023055,0.000023185
7,79,receive_authenticate_accumulate,0.000023018,0.000023111
7,79,receive_authenticate_accumulate,0.000023019,0.000023130
7,79,receive_authenticate_accumulate,0.000022926,0.000022963
7,79,receive_authenticate_accumulate,0.000022981,0.000023074
7,79,receive_authenticate_accumulate,0.000023037,0.000023092
7,79,receive_authenticate_accumulate,0.000023037,0.000023185
7,79,receive_authenticate_accumulate,0.000042574,0.000042703
7,79,receive_authenticate_accumulate,0.000024926,0.000025018
7,79,receive_authenticate_accumulate,0.000023240,0.000023296
7,79,receive_authenticate_accumulate,0.000023111,0.000023166
7,79,receive_authenticate_accumulate,0.000023111,0.000023222
7,79,receive_authenticate_accumulate,0.000023092,0.000023167
7,79,receive_authenticate_accumulate,0.000022963,0.000023037
7,79,receive_authenticate_accumulate,0.000024333,0.000024352
7,79,receive_authenticate_accumulate,0.000026851,0.000026815
7,79,receive_authenticate_accumulate,0.000023333,0.000023407
7,79,receive_authenticate_accumulate,0.000023315,0.000023426
7,79,receive_authenticate_accumulate,0.000023092,0.000023149
7,79,receive_authenticate_accumulate,0.000023093,0.000023223
7,79,receive_authenticate_accumulate,0.000023000,0.000023092
7,79,receive_authenticate_accumulate,0.000023092,0.000023185
7,79,receive_authenticate_accumulate,0.000023074,0.000023185
7,79,receive_authenticate_accumulate,0.000023092,0.000023167
7,79,receive_authenticate_accumulate,0.000023333,0.000023445
7,79,receive_authenticate_accumulate,0.000023074,0.000023223
7,79,receive_authenticate_accumulate,0.000022907,0.000023000
7,79,receive_authenticate_accumulate,0.000022944,0.000023055
7,79,receive_authenticate_accumulate,0.000023074,0.000023222
7,79,receive_authenticate_accumulate,0.000022888,0.000022945
7,79,receive_authenticate_accumulate,0.000022981,0.000023074
7,79,receive_authenticate_accumulate,0.000023018,0.000023111
7,79,receive_authenticate_accumulate,0.000023018,0.000023111
7,79,receive_authenticate_accumulate,0.000023092,0.000023185
7,79,receive_authenticate_accumulate,0.000023018,0.000023111
7,79,receive_authenticate_accumulate,0.000025871,0.000025889
7,79,receive_authenticate_accumulate,0.000023499,0.000023537
7,79,receive_authenticate_accumulate,0.000023056,0.000023129
7,79,receive_authenticate_accumulate,0.000023111,0.000023222
7,79,receive_authenticate_accumulate,0.000023185,0.000023260
7,79,receive_authenticate_accumulate,0.000022981,0.000023130
7,79,receive_authenticate_accumulate,0.000023018,0.000023111
7,79,receive_authenticate_accumulate,0.000023055,0.000023166
7,79,receive_authenticate_accumulate,0.000023018,0.000023093
7,79,receive_authenticate_accumulate,0.000022981,0.000023092
7,79,receive_authenticate_accumulate,0.000023019,0.000023111
7,79,receive_authenticate_accumulate,0.000023018,0.000023130
7,79,receive_authenticate_accumulate,0.000023000,0.000023092
7,79,receive_authenticate_accumulate,0.000023037,0.000023093
7,79,receive_authenticate_accumulate,0.000023055,0.000023185
7,79,receive_authenticate_accumulate,0.000023092,0.000023185
7,79,receive_authenticate_accumulate,0.000023037,0.000023129
7,79,receive_authenticate_accumulate,0.000022963,0.000023000
7,79,receive_authenticate_accumulate,0.000023055,0.000023130
7,79,receive_authenticate_accumulate,0.000023093,0.000023167
7,79,receive_authenticate_accumulate,0.000026445,0.000026408
7,79,receive_authenticate_accumulate,0.000023314,0.000023389
7,79,receive_authenticate_accumulate,0.000022907,0.000023019
7,79,receive_authenticate_accumulate,0.000023111,0.000023222
7,79,receive_authenticate_accumulate,0.000022981,0.000023092
7,79,receive_authenticate_accumulate,0.000022963,0.000023019
7,79,receive_authenticate_accumulate,0.000023074,0.000023148
7,79,receive_authenticate_accumulate,0.000023203,0.000023296
7,79,receive_authenticate_accumulate,0.000023018,0.000023148
7,79,receive_authenticate_accumulate,0.000023000,0.000023111
7,79,receive_authenticate_accumulate,0.000023055,0.000023111
7,79,receive_authenticate_accumulate,0.000023018,0.000023129
7,79,receive_authenticate_accumulate,0.000023018,0.000023111
7,79,receive_authenticate_accumulate,0.000023093,0.000023204
7,79,receive_authenticate_accumulate,0.000023111,0.000023204
7,79,receive_authenticate_accumulate,0.000023148,0.000023241
7,79,receive_authenticate_accumulate,0.000022888,0.000022963
7,79,receive_authenticate_accumulate,0.000022981,0.000023037
7,79,receive_authenticate_accumulate,0.000022926,0.000023018
7,79,receive_authenticate_accumulate,0.000023036,0.000023185
7,79,receive_authenticate_accumulate,0.000032074,0.000032000
7,79,receive_authenticate_accumulate,0.000024056,0.000024204
7,79,receive_authenticate_accumulate,0.000023204,0.000023222
7,79,receive_authenticate_accumulate,0.000022963,0.000023056
7,79,receive_authenticate_accumulate,0.000023000,0.000023055
7,79,receive_authenticate_accumulate,0.000022926,0.000023038
7,79,receive_authenticate_accumulate,0.000024408,0.000024426
7,79,receive_authenticate_accumulate,0.000023055,0.000023148
7,79,receive_authenticate_accumulate,0.000023055,0.000023149
7,79,receive_authenticate_accumulate,0.000023037,0.000023130
7,79,receive_authenticate_accumulate,0.000022907,0.000023000
7,79,receive_authenticate_accumulate,0.000022963,0.000023074
7,79,receive_authenticate_accumulate,0.000022981,0.000023055
7,79,receive_authenticate_accumulate,0.000023000,0.000023074
7,79,receive_authenticate_accumulate,0.000022833,0.000022926
7,79,receive_authenticate_accumulate,0.000023000,0.000023130
7,79,receive_authenticate_accumulate,0.000022999,0.000023093
7,79,receive_authenticate_accumulate,0.000022963,0.000023055
7,79,receive_authenticate_accumulate,0.000023018,0.000023148
7,79,receive_authenticate_accumulate,0.000023018,0.000023148
7,79,billing_reconstruction_verify,0.025969370,0.025969925
7,79,billing_reconstruction_verify,0.025929927,0.025930389
7,79,billing_reconstruction_verify,0.025927371,0.025927981
7,79,billing_reconstruction_verify,0.025929981,0.025930333
7,79,billing_reconstruction_verify,0.025917704,0.025918056
7,79,billing_reconstruction_verify,0.025925944,0.025926370
7,79,billing_reconstruction_verify,0.025917667,0.025918000
7,79,billing_reconstruction_verify,0.025922333,0.025922760
7,79,billing_reconstruction_verify,0.025926056,0.025926686
7,79,billing_reconstruction_verify,0.025965667,0.025942389
7,79,billing_reconstruction_verify,0.025917648,0.025917982
7,79,billing_reconstruction_verify,0.025941037,0.025930296
7,79,billing_reconstruction_verify,0.025920112,0.025920481
7,79,billing_reconstruction_verify,0.025926075,0.025926482
7,79,billing_reconstruction_verify,0.025914982,0.025915240
7,79,billing_reconstruction_verify,0.025938574,0.025926314
7,79,billing_reconstruction_verify,0.025919704,0.025920093
7,79,billing_reconstruction_verify,0.025930352,0.025930611
7,79,billing_reconstruction_verify,0.025915297,0.025915666
7,79,billing_reconstruction_verify,0.025929075,0.025929444
8,80,period_reset,0.000029778,0.000026222
8,80,receive_authenticate_accumulate,0.000079740,0.000079111
8,80,receive_authenticate_accumulate,0.000067277,0.000067185
8,80,receive_authenticate_accumulate,0.000065240,0.000065074
8,80,receive_authenticate_accumulate,0.000064462,0.000064260
8,80,receive_authenticate_accumulate,0.000063647,0.000063685
8,80,receive_authenticate_accumulate,0.000065370,0.000065241
8,80,receive_authenticate_accumulate,0.000061315,0.000061334
8,80,receive_authenticate_accumulate,0.000063796,0.000063574
8,80,receive_authenticate_accumulate,0.000063481,0.000063389
8,80,receive_authenticate_accumulate,0.000064721,0.000064667
8,80,receive_authenticate_accumulate,0.000063703,0.000063592
8,80,receive_authenticate_accumulate,0.000062981,0.000062778
8,80,receive_authenticate_accumulate,0.000062426,0.000062148
8,80,receive_authenticate_accumulate,0.000063703,0.000063759
8,80,receive_authenticate_accumulate,0.000063203,0.000063018
8,80,receive_authenticate_accumulate,0.000061814,0.000061871
8,80,receive_authenticate_accumulate,0.000064648,0.000064482
8,80,receive_authenticate_accumulate,0.000029222,0.000029148
8,80,receive_authenticate_accumulate,0.000022463,0.000022463
8,80,receive_authenticate_accumulate,0.000026685,0.000026685
8,80,receive_authenticate_accumulate,0.000039092,0.000038833
8,80,receive_authenticate_accumulate,0.000034352,0.000034296
8,80,receive_authenticate_accumulate,0.000033944,0.000033944
8,80,receive_authenticate_accumulate,0.000028796,0.000028814
8,80,receive_authenticate_accumulate,0.000034167,0.000034092
8,80,receive_authenticate_accumulate,0.000033574,0.000033482
8,80,receive_authenticate_accumulate,0.000028185,0.000028241
8,80,receive_authenticate_accumulate,0.000034370,0.000034278
8,80,receive_authenticate_accumulate,0.000034759,0.000034685
8,80,receive_authenticate_accumulate,0.000028759,0.000028666
8,80,receive_authenticate_accumulate,0.000033704,0.000033574
8,80,receive_authenticate_accumulate,0.000028685,0.000028704
8,80,receive_authenticate_accumulate,0.000034129,0.000034148
8,80,receive_authenticate_accumulate,0.000033815,0.000033759
8,80,receive_authenticate_accumulate,0.000028259,0.000028167
8,80,receive_authenticate_accumulate,0.000033740,0.000033723
8,80,receive_authenticate_accumulate,0.000034703,0.000034704
8,80,receive_authenticate_accumulate,0.000027593,0.000027630
8,80,receive_authenticate_accumulate,0.000032962,0.000032870
8,80,receive_authenticate_accumulate,0.000034481,0.000034408
8,80,committee_selection,0.000068500,0.000068426
8,80,round_reset,0.000003315,0.000002889
8,80,receive_authenticate_accumulate,0.017229854,0.017230093
8,80,receive_authenticate_accumulate,0.017219095,0.017219056
8,80,receive_authenticate_accumulate,0.017218095,0.017218148
8,80,receive_authenticate_accumulate,0.017223002,0.017223166
8,80,receive_authenticate_accumulate,0.017220854,0.017220870
8,80,receive_authenticate_accumulate,0.017222243,0.017222111
8,80,receive_authenticate_accumulate,0.017234280,0.017234333
8,80,receive_authenticate_accumulate,0.017222799,0.017222926
8,80,receive_authenticate_accumulate,0.017217428,0.017217444
8,80,receive_authenticate_accumulate,0.017222521,0.017222611
8,80,receive_authenticate_accumulate,0.017275428,0.017238703
8,80,receive_authenticate_accumulate,0.017219354,0.017219408
8,80,receive_authenticate_accumulate,0.017218743,0.017218852
8,80,receive_authenticate_accumulate,0.017221447,0.017221240
8,80,receive_authenticate_accumulate,0.017223410,0.017223519
8,80,receive_authenticate_accumulate,0.017211559,0.017211611
8,80,receive_authenticate_accumulate,0.017224596,0.017224704
8,80,receive_authenticate_accumulate,0.017216484,0.017216518
8,80,receive_authenticate_accumulate,0.017220929,0.017221056
8,80,receive_authenticate_accumulate,0.017225355,0.017225555
8,80,round_coverage,0.001748463,0.001748241
8,80,receive_authenticate_accumulate,0.000043259,0.000043203
8,80,receive_authenticate_accumulate,0.000026778,0.000026815
8,80,receive_authenticate_accumulate,0.000030926,0.000030926
8,80,receive_authenticate_accumulate,0.000026685,0.000026685
8,80,receive_authenticate_accumulate,0.000025703,0.000025741
8,80,receive_authenticate_accumulate,0.000025851,0.000025834
8,80,receive_authenticate_accumulate,0.000025889,0.000025870
8,80,receive_authenticate_accumulate,0.000025703,0.000025666
8,80,receive_authenticate_accumulate,0.000025648,0.000025629
8,80,receive_authenticate_accumulate,0.000025667,0.000025667
8,80,spatial_reconstruction_verify,0.025965596,0.025965944
8,81,round_reset,0.000015593,0.000011407
8,81,receive_authenticate_accumulate,0.036308564,0.036191408
8,81,receive_authenticate_accumulate,0.017222893,0.017222777
8,81,receive_authenticate_accumulate,0.017214542,0.017214611
8,81,receive_authenticate_accumulate,0.017262356,0.017244147
8,81,receive_authenticate_accumulate,0.017225560,0.017225463
8,81,receive_authenticate_accumulate,0.017219356,0.017219240
8,81,receive_authenticate_accumulate,0.017232171,0.017232148
8,81,receive_authenticate_accumulate,0.017222097,0.017222148
8,81,receive_authenticate_accumulate,0.017212523,0.017212463
8,81,receive_authenticate_accumulate,0.017264171,0.017236148
8,81,receive_authenticate_accumulate,0.017225505,0.017225574
8,81,receive_authenticate_accumulate,0.017216524,0.017216611
8,81,receive_authenticate_accumulate,0.017270615,0.017252092
8,81,receive_authenticate_accumulate,0.017229838,0.017229815
8,81,receive_authenticate_accumulate,0.017215338,0.017215370
8,81,receive_authenticate_accumulate,0.017219079,0.017219000
8,81,receive_authenticate_accumulate,0.017214190,0.017214074
8,81,receive_authenticate_accumulate,0.017226875,0.017226907
8,81,receive_authenticate_accumulate,0.017222042,0.017222130
8,81,receive_authenticate_accumulate,0.017285542,0.017243314
8,81,round_coverage,0.001774537,0.001774741
8,81,receive_authenticate_accumulate,0.000045425,0.000045352
8,81,receive_authenticate_accumulate,0.000031999,0.000031926
8,81,receive_authenticate_accumulate,0.000030444,0.000030482
8,81,receive_authenticate_accumulate,0.000030351,0.000030407
8,81,receive_authenticate_accumulate,0.000030481,0.000030518
8,81,receive_authenticate_accumulate,0.000030537,0.000030555
8,81,receive_authenticate_accumulate,0.000030296,0.000030296
8,81,receive_authenticate_accumulate,0.000030056,0.000030055
8,81,receive_authenticate_accumulate,0.000030277,0.000030222
8,81,receive_authenticate_accumulate,0.000029741,0.000029722
8,81,spatial_reconstruction_verify,0.025975284,0.025975648
8,82,round_reset,0.000015241,0.000010407
8,82,receive_authenticate_accumulate,0.025870490,0.025870185
8,82,receive_authenticate_accumulate,0.017244099,0.017243277
8,82,receive_authenticate_accumulate,0.017226988,0.017226926
8,82,receive_authenticate_accumulate,0.017223062,0.017223000
8,82,receive_authenticate_accumulate,0.017216007,0.017216018
8,82,receive_authenticate_accumulate,0.017222358,0.017222445
8,82,receive_authenticate_accumulate,0.017216340,0.017216074
8,82,receive_authenticate_accumulate,0.017233433,0.017233519
8,82,receive_authenticate_accumulate,0.017260988,0.017239629
8,82,receive_authenticate_accumulate,0.017227507,0.017227592
8,82,receive_authenticate_accumulate,0.017223322,0.017223222
8,82,receive_authenticate_accumulate,0.017256710,0.017229611
8,82,receive_authenticate_accumulate,0.017215821,0.017215888
8,82,receive_authenticate_accumulate,0.017267395,0.017239074
8,82,receive_authenticate_accumulate,0.017234396,0.017234426
8,82,receive_authenticate_accumulate,0.017224581,0.017224629
8,82,receive_authenticate_accumulate,0.017254210,0.017231796
8,82,receive_authenticate_accumulate,0.017219414,0.017219537
8,82,receive_authenticate_accumulate,0.017224562,0.017224611
8,82,receive_authenticate_accumulate,0.017266340,0.017266611
8,82,round_coverage,0.002251976,0.002252056
8,82,receive_authenticate_accumulate,0.000042518,0.000042389
8,82,receive_authenticate_accumulate,0.000026907,0.000026870
8,82,receive_authenticate_accumulate,0.000026815,0.000026815
8,82,receive_authenticate_accumulate,0.000026166,0.000026111
8,82,receive_authenticate_accumulate,0.000026111,0.000026111
8,82,receive_authenticate_accumulate,0.000031889,0.000031796
8,82,receive_authenticate_accumulate,0.000026296,0.000026426
8,82,receive_authenticate_accumulate,0.000026611,0.000026519
8,82,receive_authenticate_accumulate,0.000026148,0.000026260
8,82,receive_authenticate_accumulate,0.000025815,0.000025871
8,82,spatial_reconstruction_verify,0.025964213,0.025964481
8,83,round_reset,0.000015648,0.000010278
8,83,receive_authenticate_accumulate,0.017282267,0.017257352
8,83,receive_authenticate_accumulate,0.017222953,0.017223000
8,83,receive_authenticate_accumulate,0.017218101,0.017218092
8,83,receive_authenticate_accumulate,0.017229712,0.017229870
8,83,receive_authenticate_accumulate,0.017226378,0.017226204
8,83,receive_authenticate_accumulate,0.017229045,0.017229204
8,83,receive_authenticate_accumulate,0.017210842,0.017210962
8,83,receive_authenticate_accumulate,0.017220119,0.017220241
8,83,receive_authenticate_accumulate,0.017244415,0.017233519
8,83,receive_authenticate_accumulate,0.017220731,0.017220851
8,83,receive_authenticate_accumulate,0.017221564,0.017221740
8,83,receive_authenticate_accumulate,0.017251916,0.017251963
8,83,receive_authenticate_accumulate,0.017256656,0.017226796
8,83,receive_authenticate_accumulate,0.017254156,0.017234444
8,83,receive_authenticate_accumulate,0.017222305,0.017222481
8,83,receive_authenticate_accumulate,0.017215916,0.017216000
8,83,receive_authenticate_accumulate,0.017226009,0.017226092
8,83,receive_authenticate_accumulate,0.017218639,0.017218777
8,83,receive_authenticate_accumulate,0.017234157,0.017234333
8,83,receive_authenticate_accumulate,0.017217157,0.017217297
8,83,round_coverage,0.001941573,0.001941630
8,83,receive_authenticate_accumulate,0.000045296,0.000045241
8,83,receive_authenticate_accumulate,0.000030426,0.000030426
8,83,receive_authenticate_accumulate,0.000030241,0.000030277
8,83,receive_authenticate_accumulate,0.000029740,0.000029722
8,83,receive_authenticate_accumulate,0.000030462,0.000030482
8,83,receive_authenticate_accumulate,0.000029815,0.000029797
8,83,receive_authenticate_accumulate,0.000029610,0.000029722
8,83,receive_authenticate_accumulate,0.000029889,0.000029926
8,83,receive_authenticate_accumulate,0.000029556,0.000029611
8,83,receive_authenticate_accumulate,0.000031833,0.000031852
8,83,spatial_reconstruction_verify,0.025969845,0.025970185
8,84,round_reset,0.000012389,0.000007852
8,84,receive_authenticate_accumulate,0.037273324,0.037176816
8,84,receive_authenticate_accumulate,0.017220528,0.017220666
8,84,receive_authenticate_accumulate,0.017265936,0.017237186
8,84,receive_authenticate_accumulate,0.017218381,0.017218481
8,84,receive_authenticate_accumulate,0.017226973,0.017227018
8,84,receive_authenticate_accumulate,0.017224584,0.017224630
8,84,receive_authenticate_accumulate,0.017217732,0.017217908
8,84,receive_authenticate_accumulate,0.017275510,0.017248555
8,84,receive_authenticate_accumulate,0.017218102,0.017218222
8,84,receive_authenticate_accumulate,0.017225658,0.017225759
8,84,receive_authenticate_accumulate,0.017216436,0.017216574
8,84,receive_authenticate_accumulate,0.017222343,0.017222444
8,84,receive_authenticate_accumulate,0.017223214,0.017223259
8,84,receive_authenticate_accumulate,0.017223325,0.017223333
8,84,receive_authenticate_accumulate,0.017229584,0.017229703
8,84,receive_authenticate_accumulate,0.017225362,0.017225445
8,84,receive_authenticate_accumulate,0.017231047,0.017231203
8,84,receive_authenticate_accumulate,0.017223806,0.017223981
8,84,receive_authenticate_accumulate,0.017224936,0.017225074
8,84,receive_authenticate_accumulate,0.017225806,0.017225871
8,84,round_coverage,0.001781834,0.001782851
8,84,receive_authenticate_accumulate,0.000045518,0.000045389
8,84,receive_authenticate_accumulate,0.000030999,0.000030963
8,84,receive_authenticate_accumulate,0.000030185,0.000030223
8,84,receive_authenticate_accumulate,0.000029704,0.000029704
8,84,receive_authenticate_accumulate,0.000030018,0.000029945
8,84,receive_authenticate_accumulate,0.000029778,0.000029852
8,84,receive_authenticate_accumulate,0.000029592,0.000029537
8,84,receive_authenticate_accumulate,0.000051722,0.000051926
8,84,receive_authenticate_accumulate,0.000030870,0.000030796
8,84,receive_authenticate_accumulate,0.000029722,0.000029722
8,84,spatial_reconstruction_verify,0.025968717,0.025969018
8,85,round_reset,0.000014778,0.000010963
8,85,receive_authenticate_accumulate,0.025861980,0.025862018
8,85,receive_authenticate_accumulate,0.017236363,0.017236352
8,85,receive_authenticate_accumulate,0.017217771,0.017218037
8,85,receive_authenticate_accumulate,0.017213511,0.017213463
8,85,receive_authenticate_accumulate,0.017279381,0.017248963
8,85,receive_authenticate_accumulate,0.017220493,0.017220556
8,85,receive_authenticate_accumulate,0.017220863,0.017220981
8,85,receive_authenticate_accumulate,0.017214623,0.017214648
8,85,receive_authenticate_accumulate,0.017219974,0.017220055
8,85,receive_authenticate_accumulate,0.017221160,0.017221297
8,85,receive_authenticate_accumulate,0.017224216,0.017224241
8,85,receive_authenticate_accumulate,0.017228252,0.017228389
8,85,receive_authenticate_accumulate,0.017217031,0.017216926
8,85,receive_authenticate_accumulate,0.017210623,0.017210704
8,85,receive_authenticate_accumulate,0.017220568,0.017220611
8,85,receive_authenticate_accumulate,0.017225494,0.017225407
8,85,receive_authenticate_accumulate,0.017218827,0.017218944
8,85,receive_authenticate_accumulate,0.017259623,0.017229925
8,85,receive_authenticate_accumulate,0.017278122,0.017236241
8,85,receive_authenticate_accumulate,0.017213494,0.017213648
8,85,round_coverage,0.002234588,0.002234574
8,85,receive_authenticate_accumulate,0.000043889,0.000043908
8,85,receive_authenticate_accumulate,0.000031296,0.000031389
8,85,receive_authenticate_accumulate,0.000030388,0.000030500
8,85,receive_authenticate_accumulate,0.000029647,0.000029759
8,85,receive_authenticate_accumulate,0.000029722,0.000029740
8,85,receive_authenticate_accumulate,0.000029888,0.000029963
8,85,receive_authenticate_accumulate,0.000031092,0.000031074
8,85,receive_authenticate_accumulate,0.000029685,0.000029704
8,85,receive_authenticate_accumulate,0.000030296,0.000030278
8,85,receive_authenticate_accumulate,0.000029500,0.000029482
8,85,spatial_reconstruction_verify,0.025967016,0.025967389
8,86,round_reset,0.000015018,0.000011556
8,86,receive_authenticate_accumulate,0.025940259,0.025900501
8,86,receive_authenticate_accumulate,0.017229920,0.017230092
8,86,receive_authenticate_accumulate,0.017219772,0.017219796
8,86,receive_authenticate_accumulate,0.017228550,0.017228593
8,86,receive_authenticate_accumulate,0.017222958,0.017223093
8,86,receive_authenticate_accumulate,0.017211884,0.017212019
8,86,receive_authenticate_accumulate,0.017299957,0.017246464
8,86,receive_authenticate_accumulate,0.017229142,0.017229240
8,86,receive_authenticate_accumulate,0.017218421,0.017218241
8,86,receive_authenticate_accumulate,0.017211272,0.017211296
8,86,receive_authenticate_accumulate,0.017217384,0.017217371
8,86,receive_authenticate_accumulate,0.017215495,0.017215500
8,86,receive_authenticate_accumulate,0.017217032,0.017217074
8,86,receive_authenticate_accumulate,0.017244569,0.017244815
8,86,receive_authenticate_accumulate,0.017219809,0.017219833
8,86,receive_authenticate_accumulate,0.017225217,0.017225240
8,86,receive_authenticate_accumulate,0.017215642,0.017215703
8,86,receive_authenticate_accumulate,0.017212532,0.017212463
8,86,receive_authenticate_accumulate,0.017230217,0.017230166
8,86,receive_authenticate_accumulate,0.017261513,0.017232759
8,86,round_coverage,0.001924184,0.001923945
8,86,receive_authenticate_accumulate,0.000044574,0.000044574
8,86,receive_authenticate_accumulate,0.000030462,0.000030407
8,86,receive_authenticate_accumulate,0.000034778,0.000034574
8,86,receive_authenticate_accumulate,0.000031056,0.000030963
8,86,receive_authenticate_accumulate,0.000030296,0.000030334
8,86,receive_authenticate_accumulate,0.000031295,0.000031223
8,86,receive_authenticate_accumulate,0.000030111,0.000030056
8,86,receive_authenticate_accumulate,0.000029648,0.000029611
8,86,receive_authenticate_accumulate,0.000029815,0.000029815
8,86,receive_authenticate_accumulate,0.000029852,0.000029852
8,86,spatial_reconstruction_verify,0.025972352,0.025973185
8,87,round_reset,0.000015240,0.000011500
8,87,receive_authenticate_accumulate,0.036550859,0.036430539
8,87,receive_authenticate_accumulate,0.017285810,0.017240964
8,87,receive_authenticate_accumulate,0.017219848,0.017219926
8,87,receive_authenticate_accumulate,0.017233866,0.017233945
8,87,receive_authenticate_accumulate,0.017254996,0.017232111
8,87,receive_authenticate_accumulate,0.017232051,0.017232223
8,87,receive_authenticate_accumulate,0.017209645,0.017209740
8,87,receive_authenticate_accumulate,0.017225199,0.017225278
8,87,receive_authenticate_accumulate,0.017262032,0.017233593
8,87,receive_authenticate_accumulate,0.017223551,0.017223611
8,87,receive_authenticate_accumulate,0.017220997,0.017221148
8,87,receive_authenticate_accumulate,0.017228366,0.017228407
8,87,receive_authenticate_accumulate,0.017223477,0.017223611
8,87,receive_authenticate_accumulate,0.017222293,0.017222408
8,87,receive_authenticate_accumulate,0.017218811,0.017218722
8,87,receive_authenticate_accumulate,0.017233052,0.017232815
8,87,receive_authenticate_accumulate,0.017229533,0.017229593
8,87,receive_authenticate_accumulate,0.017213644,0.017213648
8,87,receive_authenticate_accumulate,0.017226107,0.017226111
8,87,receive_authenticate_accumulate,0.017217293,0.017217371
8,87,round_coverage,0.001756390,0.001756166
8,87,receive_authenticate_accumulate,0.000042926,0.000042852
8,87,receive_authenticate_accumulate,0.000031370,0.000031334
8,87,receive_authenticate_accumulate,0.000030203,0.000030241
8,87,receive_authenticate_accumulate,0.000029537,0.000029463
8,87,receive_authenticate_accumulate,0.000031685,0.000031611
8,87,receive_authenticate_accumulate,0.000033463,0.000033444
8,87,receive_authenticate_accumulate,0.000029926,0.000029815
8,87,receive_authenticate_accumulate,0.000029611,0.000029741
8,87,receive_authenticate_accumulate,0.000029815,0.000029815
8,87,receive_authenticate_accumulate,0.000030092,0.000030148
8,87,spatial_reconstruction_verify,0.025967335,0.025967685
8,88,round_reset,0.000015425,0.000010926
8,88,receive_authenticate_accumulate,0.036828137,0.036714371
8,88,receive_authenticate_accumulate,0.017235293,0.017235241
8,88,receive_authenticate_accumulate,0.017271200,0.017232186
8,88,receive_authenticate_accumulate,0.017230664,0.017230723
8,88,receive_authenticate_accumulate,0.017218498,0.017218611
8,88,receive_authenticate_accumulate,0.017263571,0.017244222
8,88,receive_authenticate_accumulate,0.017212868,0.017213037
8,88,receive_authenticate_accumulate,0.017224942,0.017225000
8,88,receive_authenticate_accumulate,0.017208331,0.017208575
8,88,receive_authenticate_accumulate,0.017270182,0.017243036
8,88,receive_authenticate_accumulate,0.017221034,0.017221111
8,88,receive_authenticate_accumulate,0.017220960,0.017221037
8,88,receive_authenticate_accumulate,0.017223350,0.017223482
8,88,receive_authenticate_accumulate,0.017232868,0.017232852
8,88,receive_authenticate_accumulate,0.017215127,0.017215278
8,88,receive_authenticate_accumulate,0.017221442,0.017221519
8,88,receive_authenticate_accumulate,0.017219090,0.017219111
8,88,receive_authenticate_accumulate,0.017212424,0.017212482
8,88,receive_authenticate_accumulate,0.017220776,0.017221129
8,88,receive_authenticate_accumulate,0.017227276,0.017227926
8,88,round_coverage,0.002240108,0.002240056
8,88,receive_authenticate_accumulate,0.000048296,0.000048203
8,88,receive_authenticate_accumulate,0.000030833,0.000030722
8,88,receive_authenticate_accumulate,0.000030944,0.000031019
8,88,receive_authenticate_accumulate,0.000031444,0.000031426
8,88,receive_authenticate_accumulate,0.000030314,0.000030426
8,88,receive_authenticate_accumulate,0.000029573,0.000029667
8,88,receive_authenticate_accumulate,0.000029573,0.000029649
8,88,receive_authenticate_accumulate,0.000029444,0.000029482
8,88,receive_authenticate_accumulate,0.000029740,0.000029741
8,88,receive_authenticate_accumulate,0.000029648,0.000029537
8,88,spatial_reconstruction_verify,0.025973634,0.025974074
8,89,round_reset,0.000011796,0.000008018
8,89,receive_authenticate_accumulate,0.038009926,0.037852074
8,89,receive_authenticate_accumulate,0.017226591,0.017226630
8,89,receive_authenticate_accumulate,0.017217406,0.017217481
8,89,receive_authenticate_accumulate,0.017209776,0.017209889
8,89,receive_authenticate_accumulate,0.017222406,0.017222407
8,89,receive_authenticate_accumulate,0.017225443,0.017225500
8,89,receive_authenticate_accumulate,0.017219480,0.017219537
8,89,receive_authenticate_accumulate,0.017226202,0.017226389
8,89,receive_authenticate_accumulate,0.017226610,0.017226648
8,89,receive_authenticate_accumulate,0.017222629,0.017222704
8,89,receive_authenticate_accumulate,0.017227925,0.017228074
8,89,receive_authenticate_accumulate,0.017221647,0.017221796
8,89,receive_authenticate_accumulate,0.017261424,0.017233389
8,89,receive_authenticate_accumulate,0.017212832,0.017212815
8,89,receive_authenticate_accumulate,0.017216425,0.017216481
8,89,receive_authenticate_accumulate,0.017254535,0.017226260
8,89,receive_authenticate_accumulate,0.017223758,0.017223851
8,89,receive_authenticate_accumulate,0.017213425,0.017213444
8,89,receive_authenticate_accumulate,0.017222332,0.017222630
8,89,receive_authenticate_accumulate,0.017211517,0.017211537
8,89,round_coverage,0.001926184,0.001926000
8,89,receive_authenticate_accumulate,0.000043759,0.000043648
8,89,receive_authenticate_accumulate,0.000031648,0.000031537
8,89,receive_authenticate_accumulate,0.000030389,0.000030352
8,89,receive_authenticate_accumulate,0.000030221,0.000030297
8,89,receive_authenticate_accumulate,0.000030018,0.000029963
8,89,receive_authenticate_accumulate,0.000030000,0.000030111
8,89,receive_authenticate_accumulate,0.000029704,0.000029686
8,89,receive_authenticate_accumulate,0.000029500,0.000029519
8,89,receive_authenticate_accumulate,0.000029703,0.000029666
8,89,receive_authenticate_accumulate,0.000029556,0.000029592
8,89,spatial_reconstruction_verify,0.025976024,0.025976407
8,89,receive_authenticate_accumulate,0.000050277,0.000050333
8,89,receive_authenticate_accumulate,0.000025111,0.000025240
8,89,receive_authenticate_accumulate,0.000024240,0.000024314
8,89,receive_authenticate_accumulate,0.000023981,0.000024074
8,89,receive_authenticate_accumulate,0.000023797,0.000023963
8,89,receive_authenticate_accumulate,0.000024685,0.000024685
8,89,receive_authenticate_accumulate,0.000023074,0.000023204
8,89,receive_authenticate_accumulate,0.000023074,0.000023204
8,89,receive_authenticate_accumulate,0.000022870,0.000022981
8,89,receive_authenticate_accumulate,0.000022889,0.000023000
8,89,receive_authenticate_accumulate,0.000022907,0.000023018
8,89,receive_authenticate_accumulate,0.000022851,0.000022944
8,89,receive_authenticate_accumulate,0.000022963,0.000023037
8,89,receive_authenticate_accumulate,0.000023092,0.000023167
8,89,receive_authenticate_accumulate,0.000022982,0.000023056
8,89,receive_authenticate_accumulate,0.000022944,0.000023074
8,89,receive_authenticate_accumulate,0.000022925,0.000023019
8,89,receive_authenticate_accumulate,0.000022962,0.000023074
8,89,receive_authenticate_accumulate,0.000022944,0.000023000
8,89,receive_authenticate_accumulate,0.000022907,0.000023000
8,89,receive_authenticate_accumulate,0.000026351,0.000026444
8,89,receive_authenticate_accumulate,0.000023296,0.000023407
8,89,receive_authenticate_accumulate,0.000023074,0.000023185
8,89,receive_authenticate_accumulate,0.000022981,0.000023074
8,89,receive_authenticate_accumulate,0.000022870,0.000023000
8,89,receive_authenticate_accumulate,0.000022907,0.000023000
8,89,receive_authenticate_accumulate,0.000023018,0.000023130
8,89,receive_authenticate_accumulate,0.000022999,0.000023093
8,89,receive_authenticate_accumulate,0.000022870,0.000022944
8,89,receive_authenticate_accumulate,0.000022870,0.000022945
8,89,receive_authenticate_accumulate,0.000023000,0.000023037
8,89,receive_authenticate_accumulate,0.000022926,0.000023074
8,89,receive_authenticate_accumulate,0.000022889,0.000023018
8,89,receive_authenticate_accumulate,0.000022888,0.000022982
8,89,receive_authenticate_accumulate,0.000022963,0.000023092
8,89,receive_authenticate_accumulate,0.000023018,0.000023148
8,89,receive_authenticate_accumulate,0.000022907,0.000023000
8,89,receive_authenticate_accumulate,0.000022963,0.000023019
8,89,receive_authenticate_accumulate,0.000023092,0.000023204
8,89,receive_authenticate_accumulate,0.000023055,0.000023148
8,89,receive_authenticate_accumulate,0.000026537,0.000026592
8,89,receive_authenticate_accumulate,0.000023352,0.000023463
8,89,receive_authenticate_accumulate,0.000022945,0.000023075
8,89,receive_authenticate_accumulate,0.000022945,0.000023056
8,89,receive_authenticate_accumulate,0.000023019,0.000023148
8,89,receive_authenticate_accumulate,0.000023055,0.000023148
8,89,receive_authenticate_accumulate,0.000022999,0.000023074
8,89,receive_authenticate_accumulate,0.000023037,0.000023130
8,89,receive_authenticate_accumulate,0.000022944,0.000023074
8,89,receive_authenticate_accumulate,0.000022963,0.000023037
8,89,receive_authenticate_accumulate,0.000022851,0.000022963
8,89,receive_authenticate_accumulate,0.000022907,0.000023037
8,89,receive_authenticate_accumulate,0.000022833,0.000022926
8,89,receive_authenticate_accumulate,0.000022981,0.000023130
8,89,receive_authenticate_accumulate,0.000022926,0.000023019
8,89,receive_authenticate_accumulate,0.000022925,0.000023019
8,89,receive_authenticate_accumulate,0.000022907,0.000023055
8,89,receive_authenticate_accumulate,0.000042981,0.000043222
8,89,receive_authenticate_accumulate,0.000025167,0.000025240
8,89,receive_authenticate_accumulate,0.000023055,0.000023204
8,89,receive_authenticate_accumulate,0.000026611,0.000026630
8,89,receive_authenticate_accumulate,0.000023185,0.000023241
8,89,receive_authenticate_accumulate,0.000022907,0.000022963
8,89,receive_authenticate_accumulate,0.000023073,0.000023167
8,89,receive_authenticate_accumulate,0.000023000,0.000023056
8,89,receive_authenticate_accumulate,0.000022926,0.000023037
8,89,receive_authenticate_accumulate,0.000022889,0.000023018
8,89,receive_authenticate_accumulate,0.000022999,0.000023093
8,89,receive_authenticate_accumulate,0.000022852,0.000023000
8,89,receive_authenticate_accumulate,0.000022945,0.000023038
8,89,receive_authenticate_accumulate,0.000022963,0.000023056
8,89,receive_authenticate_accumulate,0.000022870,0.000022926
8,89,receive_authenticate_accumulate,0.000024167,0.000024240
8,89,receive_authenticate_accumulate,0.000022925,0.000023000
8,89,receive_authenticate_accumulate,0.000023073,0.000023148
8,89,receive_authenticate_accumulate,0.000022833,0.000022888
8,89,receive_authenticate_accumulate,0.000022907,0.000022981
8,89,receive_authenticate_accumulate,0.000022982,0.000023056
8,89,receive_authenticate_accumulate,0.000022870,0.000023019
8,89,receive_authenticate_accumulate,0.000022925,0.000023019
8,89,receive_authenticate_accumulate,0.000026074,0.000026111
8,89,receive_authenticate_accumulate,0.000023482,0.000023593
8,89,receive_authenticate_accumulate,0.000022963,0.000023130
8,89,receive_authenticate_accumulate,0.000023036,0.000023185
8,89,receive_authenticate_accumulate,0.000023056,0.000023148
8,89,receive_authenticate_accumulate,0.000023000,0.000023093
8,89,receive_authenticate_accumulate,0.000022945,0.000023019
8,89,receive_authenticate_accumulate,0.000022833,0.000022963
8,89,receive_authenticate_accumulate,0.000022888,0.000022981
8,89,receive_authenticate_accumulate,0.000022907,0.000023000
8,89,receive_authenticate_accumulate,0.000022945,0.000023055
8,89,receive_authenticate_accumulate,0.000022926,0.000023000
8,89,receive_authenticate_accumulate,0.000022981,0.000023056
8,89,receive_authenticate_accumulate,0.000022925,0.000023018
8,89,receive_authenticate_accumulate,0.000022981,0.000023056
8,89,receive_authenticate_accumulate,0.000022981,0.000023074
8,89,receive_authenticate_accumulate,0.000022981,0.000023074
8,89,receive_authenticate_accumulate,0.000022926,0.000023019
8,89,receive_authenticate_accumulate,0.000023296,0.000023444
8,89,receive_authenticate_accumulate,0.000022888,0.000023019
8,89,receive_authenticate_accumulate,0.000025963,0.000025982
8,89,receive_authenticate_accumulate,0.000023241,0.000023370
8,89,receive_authenticate_accumulate,0.000023019,0.000023111
8,89,receive_authenticate_accumulate,0.000022926,0.000023056
8,89,receive_authenticate_accumulate,0.000022981,0.000023093
8,89,receive_authenticate_accumulate,0.000022999,0.000023055
8,89,receive_authenticate_accumulate,0.000023018,0.000023074
8,89,receive_authenticate_accumulate,0.000022945,0.000023018
8,89,receive_authenticate_accumulate,0.000023000,0.000023111
8,89,receive_authenticate_accumulate,0.000023037,0.000023130
8,89,receive_authenticate_accumulate,0.000022870,0.000022981
8,89,receive_authenticate_accumulate,0.000022852,0.000022981
8,89,receive_authenticate_accumulate,0.000022907,0.000023037
8,89,receive_authenticate_accumulate,0.000023093,0.000023259
8,89,receive_authenticate_accumulate,0.000022999,0.000023055
8,89,receive_authenticate_accumulate,0.000022982,0.000023112
8,89,receive_authenticate_accumulate,0.000022981,0.000023074
8,89,receive_authenticate_accumulate,0.000023037,0.000023130
8,89,receive_authenticate_accumulate,0.000022963,0.000023074
8,89,receive_authenticate_accumulate,0.000022944,0.000023000
8,89,receive_authenticate_accumulate,0.000031685,0.000031648
8,89,receive_authenticate_accumulate,0.000024111,0.000024296
8,89,receive_authenticate_accumulate,0.000023093,0.000023203
8,89,receive_authenticate_accumulate,0.000022926,0.000023019
8,89,receive_authenticate_accumulate,0.000022944,0.000023074
8,89,receive_authenticate_accumulate,0.000022926,0.000023037
8,89,receive_authenticate_accumulate,0.000022981,0.000023055
8,89,receive_authenticate_accumulate,0.000022982,0.000023055
8,89,receive_authenticate_accumulate,0.000022889,0.000022982
8,89,receive_authenticate_accumulate,0.000023110,0.000023204
8,89,receive_authenticate_accumulate,0.000023000,0.000023093
8,89,receive_authenticate_accumulate,0.000023074,0.000023185
8,89,receive_authenticate_accumulate,0.000022963,0.000023055
8,89,receive_authenticate_accumulate,0.000022962,0.000023037
8,89,receive_authenticate_accumulate,0.000022926,0.000023019
8,89,receive_authenticate_accumulate,0.000022907,0.000022981
8,89,receive_authenticate_accumulate,0.000022963,0.000023037
8,89,receive_authenticate_accumulate,0.000022981,0.000023074
8,89,receive_authenticate_accumulate,0.000022963,0.000023037
8,89,receive_authenticate_accumulate,0.000024092,0.000024130
8,89,receive_authenticate_accumulate,0.000025814,0.000025741
8,89,receive_authenticate_accumulate,0.000023185,0.000023314
8,89,receive_authenticate_accumulate,0.000022981,0.000023074
8,89,receive_authenticate_accumulate,0.000023167,0.000023278
8,89,receive_authenticate_accumulate,0.000023019,0.000023130
8,89,receive_authenticate_accumulate,0.000022981,0.000023055
8,89,receive_authenticate_accumulate,0.000022926,0.000023037
8,89,receive_authenticate_accumulate,0.000022999,0.000023092
8,89,receive_authenticate_accumulate,0.000022981,0.000023092
8,89,receive_authenticate_accumulate,0.000023018,0.000023074
8,89,receive_authenticate_accumulate,0.000023036,0.000023129
8,89,receive_authenticate_accumulate,0.000023074,0.000023185
8,89,receive_authenticate_accumulate,0.000023074,0.000023130
8,89,receive_authenticate_accumulate,0.000024555,0.000024612
8,89,receive_authenticate_accumulate,0.000023130,0.000023185
8,89,receive_authenticate_accumulate,0.000022963,0.000023037
8,89,receive_authenticate_accumulate,0.000023019,0.000023167
8,89,receive_authenticate_accumulate,0.000022926,0.000023019
8,89,receive_authenticate_accumulate,0.000022907,0.000022981
8,89,receive_authenticate_accumulate,0.000022870,0.000022962
8,89,receive_authenticate_accumulate,0.000025926,0.000025926
8,89,receive_authenticate_accumulate,0.000023370,0.000023481
8,89,receive_authenticate_accumulate,0.000023073,0.000023203
8,89,receive_authenticate_accumulate,0.000023074,0.000023185
8,89,receive_authenticate_accumulate,0.000022926,0.000023000
8,89,receive_authenticate_accumulate,0.000022982,0.000023111
8,89,receive_authenticate_accumulate,0.000022944,0.000022982
8,89,receive_authenticate_accumulate,0.000023074,0.000023148
8,89,receive_authenticate_accumulate,0.000022963,0.000023092
8,89,receive_authenticate_accumulate,0.000023037,0.000023186
8,89,receive_authenticate_accumulate,0.000023037,0.000023166
8,89,receive_authenticate_accumulate,0.000022963,0.000023056
8,89,receive_authenticate_accumulate,0.000023037,0.000023148
8,89,receive_authenticate_accumulate,0.000022982,0.000023111
8,89,receive_authenticate_accumulate,0.000023074,0.000023148
8,89,receive_authenticate_accumulate,0.000023111,0.000023223
8,89,receive_authenticate_accumulate,0.000023074,0.000023148
8,89,receive_authenticate_accumulate,0.000023018,0.000023093
8,89,receive_authenticate_accumulate,0.000023073,0.000023166
8,89,receive_authenticate_accumulate,0.000023111,0.000023185
8,89,receive_authenticate_accumulate,0.000025834,0.000025870
8,89,receive_authenticate_accumulate,0.000023259,0.000023389
8,89,receive_authenticate_accumulate,0.000023111,0.000023222
8,89,receive_authenticate_accumulate,0.000022981,0.000023037
8,89,receive_authenticate_accumulate,0.000022963,0.000023074
8,89,receive_authenticate_accumulate,0.000023092,0.000023185
8,89,receive_authenticate_accumulate,0.000022926,0.000023037
8,89,receive_authenticate_accumulate,0.000022925,0.000023018
8,89,receive_authenticate_accumulate,0.000022814,0.000022907
8,89,receive_authenticate_accumulate,0.000022926,0.000023019
8,89,receive_authenticate_accumulate,0.000022962,0.000023074
8,89,receive_authenticate_accumulate,0.000044703,0.000030982
8,89,receive_authenticate_accumulate,0.000023945,0.000024074
8,89,receive_authenticate_accumulate,0.000023037,0.000023148
8,89,receive_authenticate_accumulate,0.000023018,0.000023148
8,89,receive_authenticate_accumulate,0.000022889,0.000022981
8,89,receive_authenticate_accumulate,0.000022944,0.000023018
8,89,receive_authenticate_accumulate,0.000022981,0.000023112
8,89,receive_authenticate_accumulate,0.000022908,0.000022981
8,89,receive_authenticate_accumulate,0.000022907,0.000023000
8,89,billing_reconstruction_verify,0.025954154,0.025954537
8,89,billing_reconstruction_verify,0.025937284,0.025937611
8,89,billing_reconstruction_verify,0.025927414,0.025927778
8,89,billing_reconstruction_verify,0.025971543,0.025942426
8,89,billing_reconstruction_verify,0.025919192,0.025919556
8,89,billing_reconstruction_verify,0.025922062,0.025922333
8,89,billing_reconstruction_verify,0.025920044,0.025920407
8,89,billing_reconstruction_verify,0.025959024,0.025944073
8,89,billing_reconstruction_verify,0.025920359,0.025920759
8,89,billing_reconstruction_verify,0.025993376,0.025949241
8,89,billing_reconstruction_verify,0.025922506,0.025922722
8,89,billing_reconstruction_verify,0.025941395,0.025927018
8,89,billing_reconstruction_verify,0.025958210,0.025930925
8,89,billing_reconstruction_verify,0.025918174,0.025918426
8,89,billing_reconstruction_verify,0.025925803,0.025926167
8,89,billing_reconstruction_verify,0.025916525,0.025916814
8,89,billing_reconstruction_verify,0.025927951,0.025928259
8,89,billing_reconstruction_verify,0.025917099,0.025917426
8,89,billing_reconstruction_verify,0.025937470,0.025926425
8,89,billing_reconstruction_verify,0.025918877,0.025919185
9,90,period_reset,0.000029741,0.000026111
9,90,receive_authenticate_accumulate,0.000088462,0.000088296
9,90,receive_authenticate_accumulate,0.000074444,0.000074333
9,90,receive_authenticate_accumulate,0.000069222,0.000068815
9,90,receive_authenticate_accumulate,0.000067888,0.000067648
9,90,receive_authenticate_accumulate,0.000066296,0.000066296
9,90,receive_authenticate_accumulate,0.000065796,0.000065574
9,90,receive_authenticate_accumulate,0.000067333,0.000067000
9,90,receive_authenticate_accumulate,0.000066425,0.000066259
9,90,receive_authenticate_accumulate,0.000045815,0.000045648
9,90,receive_authenticate_accumulate,0.000045204,0.000045148
9,90,receive_authenticate_accumulate,0.000046333,0.000045704
9,90,receive_authenticate_accumulate,0.000045740,0.000045611
9,90,receive_authenticate_accumulate,0.000046055,0.000045833
9,90,receive_authenticate_accumulate,0.000044963,0.000044981
9,90,receive_authenticate_accumulate,0.000045999,0.000045796
9,90,receive_authenticate_accumulate,0.000045444,0.000045389
9,90,receive_authenticate_accumulate,0.000045722,0.000045703
9,90,receive_authenticate_accumulate,0.000044851,0.000044741
9,90,receive_authenticate_accumulate,0.000044555,0.000044500
9,90,receive_authenticate_accumulate,0.000044648,0.000044666
9,90,receive_authenticate_accumulate,0.000068778,0.000068574
9,90,receive_authenticate_accumulate,0.000091999,0.000092277
9,90,receive_authenticate_accumulate,0.000053869,0.000053704
9,90,receive_authenticate_accumulate,0.000052777,0.000052685
9,90,receive_authenticate_accumulate,0.000053444,0.000053389
9,90,receive_authenticate_accumulate,0.000054370,0.000054148
9,90,receive_authenticate_accumulate,0.000053778,0.000053611
9,90,receive_authenticate_accumulate,0.000053463,0.000053352
9,90,receive_authenticate_accumulate,0.000053944,0.000053852
9,90,receive_authenticate_accumulate,0.000056333,0.000056204
9,90,receive_authenticate_accumulate,0.000053111,0.000052963
9,90,receive_authenticate_accumulate,0.000052758,0.000052704
9,90,receive_authenticate_accumulate,0.000035573,0.000035500
9,90,receive_authenticate_accumulate,0.000028685,0.000028574
9,90,receive_authenticate_accumulate,0.000033889,0.000033704
9,90,receive_authenticate_accumulate,0.000034278,0.000034148
9,90,receive_authenticate_accumulate,0.000029240,0.000029296
9,90,receive_authenticate_accumulate,0.000033333,0.000033130
9,90,receive_authenticate_accumulate,0.000033184,0.000033093
9,90,receive_authenticate_accumulate,0.000027073,0.000027019
9,90,committee_selection,0.000074037,0.000073944
9,90,round_reset,0.000003333,0.000002834
9,90,receive_authenticate_accumulate,0.017239796,0.017239796
9,90,receive_authenticate_accumulate,0.017225999,0.017226185
9,90,receive_authenticate_accumulate,0.017252703,0.017239833
9,90,receive_authenticate_accumulate,0.017220166,0.017220203
9,90,receive_authenticate_accumulate,0.017223351,0.017223315
9,90,receive_authenticate_accumulate,0.017219778,0.017219815
9,90,receive_authenticate_accumulate,0.017223759,0.017223815
9,90,receive_authenticate_accumulate,0.017220407,0.017220537
9,90,receive_authenticate_accumulate,0.017221167,0.017221315
9,90,receive_authenticate_accumulate,0.017263629,0.017234111
9,90,receive_authenticate_accumulate,0.017214666,0.017214500
9,90,receive_authenticate_accumulate,0.017214297,0.017214351
9,90,receive_authenticate_accumulate,0.017220000,0.017219963
9,90,receive_authenticate_accumulate,0.017234314,0.017234388
9,90,receive_authenticate_accumulate,0.017219963,0.017220055
9,90,receive_authenticate_accumulate,0.017226092,0.017226130
9,90,receive_authenticate_accumulate,0.017217519,0.017217666
9,90,receive_authenticate_accumulate,0.017275185,0.017233000
9,90,receive_authenticate_accumulate,0.017222796,0.017222889
9,90,receive_authenticate_accumulate,0.017222871,0.017222851
9,90,round_coverage,0.001595836,0.001595815
9,90,receive_authenticate_accumulate,0.000043185,0.000043111
9,90,receive_authenticate_accumulate,0.000027204,0.000027093
9,90,receive_authenticate_accumulate,0.000026481,0.000026444
9,90,receive_authenticate_accumulate,0.000025814,0.000025722
9,90,receive_authenticate_accumulate,0.000025740,0.000025722
9,90,receive_authenticate_accumulate,0.000025555,0.000025630
9,90,receive_authenticate_accumulate,0.000025852,0.000025759
9,90,receive_authenticate_accumulate,0.000025574,0.000025592
9,90,receive_authenticate_accumulate,0.000025685,0.000025611
9,90,receive_authenticate_accumulate,0.000026148,0.000026055
9,90,spatial_reconstruction_verify,0.026016711,0.025989148
9,91,round_reset,0.000014833,0.000010370
9,91,receive_authenticate_accumulate,0.037695211,0.037581963
9,91,receive_authenticate_accumulate,0.017239556,0.017240278
9,91,receive_authenticate_accumulate,0.017221168,0.017221222
9,91,receive_authenticate_accumulate,0.017231704,0.017231833
9,91,receive_authenticate_accumulate,0.017225408,0.017225592
9,91,receive_authenticate_accumulate,0.017222093,0.017221963
9,91,receive_authenticate_accumulate,0.017219205,0.017219370
9,91,receive_authenticate_accumulate,0.017208779,0.017208815
9,91,receive_authenticate_accumulate,0.017217001,0.017216926
9,91,receive_authenticate_accumulate,0.017221501,0.017221408
9,91,receive_authenticate_accumulate,0.017216982,0.017217037
9,91,receive_authenticate_accumulate,0.017219872,0.017219907
9,91,receive_authenticate_accumulate,0.017222038,0.017222111
9,91,receive_authenticate_accumulate,0.017227075,0.017226981
9,91,receive_authenticate_accumulate,0.017222334,0.017222371
9,91,receive_authenticate_accumulate,0.017251186,0.017235203
9,91,receive_authenticate_accumulate,0.017221076,0.017221056
9,91,receive_authenticate_accumulate,0.017219057,0.017219074
9,91,receive_authenticate_accumulate,0.017225242,0.017225315
9,91,receive_authenticate_accumulate,0.017228612,0.017228556
9,91,round_coverage,0.002236200,0.002236055
9,91,receive_authenticate_accumulate,0.000045000,0.000044889
9,91,receive_authenticate_accumulate,0.000030759,0.000030741
9,91,receive_authenticate_accumulate,0.000030129,0.000030093
9,91,receive_authenticate_accumulate,0.000030036,0.000029982
9,91,receive_authenticate_accumulate,0.000029833,0.000029889
9,91,receive_authenticate_accumulate,0.000030222,0.000030148
9,91,receive_authenticate_accumulate,0.000030018,0.000030092
9,91,receive_authenticate_accumulate,0.000029796,0.000029722
9,91,receive_authenticate_accumulate,0.000029463,0.000029556
9,91,receive_authenticate_accumulate,0.000029537,0.000029574
9,91,spatial_reconstruction_verify,0.025969584,0.025969981
9,92,round_reset,0.000038926,0.000036981
9,92,receive_authenticate_accumulate,0.036222598,0.036109297
9,92,receive_authenticate_accumulate,0.017233372,0.017233352
9,92,receive_authenticate_accumulate,0.017224687,0.017224833
9,92,receive_authenticate_accumulate,0.017274908,0.017234519
9,92,receive_authenticate_accumulate,0.017247705,0.017248556
9,92,receive_authenticate_accumulate,0.017226558,0.017226315
9,92,receive_authenticate_accumulate,0.017226447,0.017226426
9,92,receive_authenticate_accumulate,0.017260094,0.017229278
9,92,receive_authenticate_accumulate,0.017222298,0.017222204
9,92,receive_authenticate_accumulate,0.017218669,0.017218685
9,92,receive_authenticate_accumulate,0.017229243,0.017229148
9,92,receive_authenticate_accumulate,0.017221002,0.017220852
9,92,receive_authenticate_accumulate,0.017215058,0.017215130
9,92,receive_authenticate_accumulate,0.017224558,0.017224648
9,92,receive_authenticate_accumulate,0.017217428,0.017217555
9,92,receive_authenticate_accumulate,0.017221632,0.017221611
9,92,receive_authenticate_accumulate,0.017219410,0.017219407
9,92,receive_authenticate_accumulate,0.017221280,0.017221259
9,92,receive_authenticate_accumulate,0.017227279,0.017227333
9,92,receive_authenticate_accumulate,0.017223094,0.017223185
9,92,round_coverage,0.001948556,0.001948666
9,92,receive_authenticate_accumulate,0.000043889,0.000043796
9,92,receive_authenticate_accumulate,0.000030556,0.000030611
9,92,receive_authenticate_accumulate,0.000029907,0.000029907
9,92,receive_authenticate_accumulate,0.000030018,0.000029926
9,92,receive_authenticate_accumulate,0.000029740,0.000029704
9,92,receive_authenticate_accumulate,0.000029741,0.000029667
9,92,receive_authenticate_accumulate,0.000029796,0.000029797
9,92,receive_authenticate_accumulate,0.000029296,0.000029407
9,92,receive_authenticate_accumulate,0.000029907,0.000029778
9,92,receive_authenticate_accumulate,0.000029870,0.000029982
9,92,spatial_reconstruction_verify,0.026028789,0.025998555
9,93,round_reset,0.000014444,0.000010518
9,93,receive_authenticate_accumulate,0.025874069,0.025874315
9,93,receive_authenticate_accumulate,0.017216855,0.017217000
9,93,receive_authenticate_accumulate,0.017224262,0.017224204
9,93,receive_authenticate_accumulate,0.017260318,0.017241501
9,93,receive_authenticate_accumulate,0.017222003,0.017222037
9,93,receive_authenticate_accumulate,0.017227726,0.017227796
9,93,receive_authenticate_accumulate,0.017222559,0.017222500
9,93,receive_authenticate_accumulate,0.017241077,0.017241037
9,93,receive_authenticate_accumulate,0.017249040,0.017249000
9,93,receive_authenticate_accumulate,0.017212411,0.017212333
9,93,receive_authenticate_accumulate,0.017214762,0.017214815
9,93,receive_authenticate_accumulate,0.017214781,0.017214908
9,93,receive_authenticate_accumulate,0.017273669,0.017245834
9,93,receive_authenticate_accumulate,0.017249207,0.017236129
9,93,receive_authenticate_accumulate,0.017263929,0.017235722
9,93,receive_authenticate_accumulate,0.017220707,0.017220574
9,93,receive_authenticate_accumulate,0.017220966,0.017221000
9,93,receive_authenticate_accumulate,0.017251540,0.017229499
9,93,receive_authenticate_accumulate,0.017217059,0.017217037
9,93,receive_authenticate_accumulate,0.017225836,0.017226018
9,93,round_coverage,0.001774335,0.001774500
9,93,receive_authenticate_accumulate,0.000043185,0.000042981
9,93,receive_authenticate_accumulate,0.000030407,0.000030463
9,93,receive_authenticate_accumulate,0.000029963,0.000029944
9,93,receive_authenticate_accumulate,0.000029778,0.000029833
9,93,receive_authenticate_accumulate,0.000029629,0.000029722
9,93,receive_authenticate_accumulate,0.000029926,0.000029926
9,93,receive_authenticate_accumulate,0.000033055,0.000033093
9,93,receive_authenticate_accumulate,0.000029778,0.000029889
9,93,receive_authenticate_accumulate,0.000029926,0.000029963
9,93,receive_authenticate_accumulate,0.000029721,0.000029796
9,93,spatial_reconstruction_verify,0.026020975,0.025982777
9,94,round_reset,0.000014723,0.000011222
9,94,receive_authenticate_accumulate,0.037883568,0.037692370
9,94,receive_authenticate_accumulate,0.017224041,0.017224445
9,94,receive_authenticate_accumulate,0.017219096,0.017219296
9,94,receive_authenticate_accumulate,0.017219541,0.017219537
9,94,receive_authenticate_accumulate,0.017226541,0.017226648
9,94,receive_authenticate_accumulate,0.017227078,0.017227241
9,94,receive_authenticate_accumulate,0.017210059,0.017210130
9,94,receive_authenticate_accumulate,0.017193245,0.017193333
9,94,receive_authenticate_accumulate,0.017222023,0.017222166
9,94,receive_authenticate_accumulate,0.017214893,0.017214889
9,94,receive_authenticate_accumulate,0.017220652,0.017220499
9,94,receive_authenticate_accumulate,0.017223967,0.017223870
9,94,receive_authenticate_accumulate,0.017266282,0.017239129
9,94,receive_authenticate_accumulate,0.017236837,0.017236963
9,94,receive_authenticate_accumulate,0.017218708,0.017218556
9,94,receive_authenticate_accumulate,0.017227893,0.017228000
9,94,receive_authenticate_accumulate,0.017233245,0.017233259
9,94,receive_authenticate_accumulate,0.017218060,0.017218185
9,94,receive_authenticate_accumulate,0.017219986,0.017220074
9,94,receive_authenticate_accumulate,0.017232171,0.017232297
9,94,round_coverage,0.002254201,0.002254167
9,94,receive_authenticate_accumulate,0.000044759,0.000044630
9,94,receive_authenticate_accumulate,0.000031055,0.000031055
9,94,receive_authenticate_accumulate,0.000030444,0.000030407
9,94,receive_authenticate_accumulate,0.000030018,0.000029963
9,94,receive_authenticate_accumulate,0.000030204,0.000030259
9,94,receive_authenticate_accumulate,0.000030203,0.000030092
9,94,receive_authenticate_accumulate,0.000029537,0.000029463
9,94,receive_authenticate_accumulate,0.000030092,0.000030093
9,94,receive_authenticate_accumulate,0.000029870,0.000029926
9,94,receive_authenticate_accumulate,0.000029685,0.000029722
9,94,spatial_reconstruction_verify,0.025978514,0.025979296
9,95,round_reset,0.000015408,0.000010907
9,95,receive_authenticate_accumulate,0.025892775,0.025893055
9,95,receive_authenticate_accumulate,0.017227708,0.017227833
9,95,receive_authenticate_accumulate,0.017226153,0.017226407
9,95,receive_authenticate_accumulate,0.017220449,0.017220481
9,95,receive_authenticate_accumulate,0.017218856,0.017218741
9,95,receive_authenticate_accumulate,0.017219523,0.017219629
9,95,receive_authenticate_accumulate,0.017215764,0.017215908
9,95,receive_authenticate_accumulate,0.017236486,0.017223703
9,95,receive_authenticate_accumulate,0.017215727,0.017215871
9,95,receive_authenticate_accumulate,0.017234023,0.017233944
9,95,receive_authenticate_accumulate,0.017223375,0.017223537
9,95,receive_authenticate_accumulate,0.017224098,0.017224278
9,95,receive_authenticate_accumulate,0.017219338,0.017219370
9,95,receive_authenticate_accumulate,0.017229264,0.017229222
9,95,receive_authenticate_accumulate,0.017219671,0.017219759
9,95,receive_authenticate_accumulate,0.017227560,0.017227740
9,95,receive_authenticate_accumulate,0.017223042,0.017222981
9,95,receive_authenticate_accumulate,0.017229838,0.017229982
9,95,receive_authenticate_accumulate,0.017227746,0.017227778
9,95,receive_authenticate_accumulate,0.017214245,0.017214314
9,95,round_coverage,0.001942704,0.001942833
9,95,receive_authenticate_accumulate,0.000044629,0.000044444
9,95,receive_authenticate_accumulate,0.000030778,0.000030797
9,95,receive_authenticate_accumulate,0.000030574,0.000030592
9,95,receive_authenticate_accumulate,0.000030425,0.000030389
9,95,receive_authenticate_accumulate,0.000029796,0.000029740
9,95,receive_authenticate_accumulate,0.000029555,0.000029686
9,95,receive_authenticate_accumulate,0.000029703,0.000029722
9,95,receive_authenticate_accumulate,0.000029648,0.000029666
9,95,receive_authenticate_accumulate,0.000029666,0.000029685
9,95,receive_authenticate_accumulate,0.000030259,0.000030167
9,95,spatial_reconstruction_verify,0.025977071,0.025977352
9,96,round_reset,0.000011926,0.000008482
9,96,receive_authenticate_accumulate,0.036176773,0.036019278
9,96,receive_authenticate_accumulate,0.017224173,0.017224334
9,96,receive_authenticate_accumulate,0.017223320,0.017223352
9,96,receive_authenticate_accumulate,0.017224357,0.017224370
9,96,receive_authenticate_accumulate,0.017225764,0.017225722
9,96,receive_authenticate_accumulate,0.017242543,0.017242852
9,96,receive_authenticate_accumulate,0.017222191,0.017222166
9,96,receive_authenticate_accumulate,0.017220783,0.017220981
9,96,receive_authenticate_accumulate,0.017208228,0.017208278
9,96,receive_authenticate_accumulate,0.017217635,0.017217648
9,96,receive_authenticate_accumulate,0.017227950,0.017227982
9,96,receive_authenticate_accumulate,0.017220450,0.017220518
9,96,receive_authenticate_accumulate,0.017224709,0.017224759
9,96,receive_authenticate_accumulate,0.017221709,0.017221667
9,96,receive_authenticate_accumulate,0.017225709,0.017225796
9,96,receive_authenticate_accumulate,0.017225098,0.017225129
9,96,receive_authenticate_accumulate,0.017220098,0.017220259
9,96,receive_authenticate_accumulate,0.017216395,0.017216444
9,96,receive_authenticate_accumulate,0.017222469,0.017222500
9,96,receive_authenticate_accumulate,0.017233228,0.017233463
9,96,round_coverage,0.001779798,0.001779833
9,96,receive_authenticate_accumulate,0.000045907,0.000045629
9,96,receive_authenticate_accumulate,0.000065425,0.000065407
9,96,receive_authenticate_accumulate,0.000027445,0.000027463
9,96,receive_authenticate_accumulate,0.000026333,0.000026333
9,96,receive_authenticate_accumulate,0.000026296,0.000026278
9,96,receive_authenticate_accumulate,0.000026407,0.000026352
9,96,receive_authenticate_accumulate,0.000026444,0.000026481
9,96,receive_authenticate_accumulate,0.000026277,0.000026241
9,96,receive_authenticate_accumulate,0.000026981,0.000027037
9,96,receive_authenticate_accumulate,0.000026166,0.000026093
9,96,spatial_reconstruction_verify,0.026008831,0.025991962
9,97,round_reset,0.000011833,0.000008388
9,97,receive_authenticate_accumulate,0.037768704,0.037658574
9,97,receive_authenticate_accumulate,0.017220710,0.017220482
9,97,receive_authenticate_accumulate,0.017217969,0.017218111
9,97,receive_authenticate_accumulate,0.017216636,0.017216667
9,97,receive_authenticate_accumulate,0.017222321,0.017222315
9,97,receive_authenticate_accumulate,0.017220525,0.017220630
9,97,receive_authenticate_accumulate,0.017274247,0.017231779
9,97,receive_authenticate_accumulate,0.017241840,0.017229759
9,97,receive_authenticate_accumulate,0.017217173,0.017217352
9,97,receive_authenticate_accumulate,0.017210729,0.017210814
9,97,receive_authenticate_accumulate,0.017217210,0.017217333
9,97,receive_authenticate_accumulate,0.017209822,0.017209852
9,97,receive_authenticate_accumulate,0.017219562,0.017219612
9,97,receive_authenticate_accumulate,0.017214951,0.017215185
9,97,receive_authenticate_accumulate,0.017215729,0.017215907
9,97,receive_authenticate_accumulate,0.017217784,0.017217741
9,97,receive_authenticate_accumulate,0.017218136,0.017218166
9,97,receive_authenticate_accumulate,0.017210136,0.017210223
9,97,receive_authenticate_accumulate,0.017219932,0.017220037
9,97,receive_authenticate_accumulate,0.017222932,0.017222945
9,97,round_coverage,0.002234905,0.002234815
9,97,receive_authenticate_accumulate,0.000041481,0.000041389
9,97,receive_authenticate_accumulate,0.000026944,0.000026926
9,97,receive_authenticate_accumulate,0.000026408,0.000026482
9,97,receive_authenticate_accumulate,0.000026352,0.000026426
9,97,receive_authenticate_accumulate,0.000026370,0.000026408
9,97,receive_authenticate_accumulate,0.000026074,0.000026111
9,97,receive_authenticate_accumulate,0.000026111,0.000026204
9,97,receive_authenticate_accumulate,0.000026092,0.000026037
9,97,receive_authenticate_accumulate,0.000026129,0.000026167
9,97,receive_authenticate_accumulate,0.000025759,0.000025778
9,97,spatial_reconstruction_verify,0.025970611,0.025971000
9,98,round_reset,0.000012296,0.000007926
9,98,receive_authenticate_accumulate,0.036123776,0.036012982
9,98,receive_authenticate_accumulate,0.017226767,0.017226592
9,98,receive_authenticate_accumulate,0.017220508,0.017220648
9,98,receive_authenticate_accumulate,0.017272099,0.017235834
9,98,receive_authenticate_accumulate,0.017217952,0.017218000
9,98,receive_authenticate_accumulate,0.017223822,0.017223907
9,98,receive_authenticate_accumulate,0.017228118,0.017228111
9,98,receive_authenticate_accumulate,0.017221285,0.017221351
9,98,receive_authenticate_accumulate,0.017223378,0.017223574
9,98,receive_authenticate_accumulate,0.017216378,0.017216629
9,98,receive_authenticate_accumulate,0.017221767,0.017221796
9,98,receive_authenticate_accumulate,0.017211859,0.017211908
9,98,receive_authenticate_accumulate,0.017223396,0.017223592
9,98,receive_authenticate_accumulate,0.017225452,0.017225574
9,98,receive_authenticate_accumulate,0.017223970,0.017224241
9,98,receive_authenticate_accumulate,0.017219008,0.017219129
9,98,receive_authenticate_accumulate,0.017226878,0.017227000
9,98,receive_authenticate_accumulate,0.017218785,0.017218667
9,98,receive_authenticate_accumulate,0.017216711,0.017216814
9,98,receive_authenticate_accumulate,0.017227248,0.017227315
9,98,round_coverage,0.001941296,0.001941574
9,98,receive_authenticate_accumulate,0.000043741,0.000043592
9,98,receive_authenticate_accumulate,0.000032870,0.000032852
9,98,receive_authenticate_accumulate,0.000030352,0.000030351
9,98,receive_authenticate_accumulate,0.000030426,0.000030371
9,98,receive_authenticate_accumulate,0.000029963,0.000029908
9,98,receive_authenticate_accumulate,0.000033000,0.000033000
9,98,receive_authenticate_accumulate,0.000031185,0.000031130
9,98,receive_authenticate_accumulate,0.000030111,0.000030149
9,98,receive_authenticate_accumulate,0.000029518,0.000029611
9,98,receive_authenticate_accumulate,0.000029870,0.000029926
9,98,spatial_reconstruction_verify,0.025966426,0.025966759
9,99,round_reset,0.000012166,0.000007925
9,99,receive_authenticate_accumulate,0.036611477,0.036502369
9,99,receive_authenticate_accumulate,0.017231064,0.017231074
9,99,receive_authenticate_accumulate,0.017235286,0.017235445
9,99,receive_authenticate_accumulate,0.017233508,0.017233537
9,99,receive_authenticate_accumulate,0.017224453,0.017224407
9,99,receive_authenticate_accumulate,0.017221397,0.017221445
9,99,receive_authenticate_accumulate,0.017222730,0.017222870
9,99,receive_authenticate_accumulate,0.017220526,0.017220519
9,99,receive_authenticate_accumulate,0.017218323,0.017218407
9,99,receive_authenticate_accumulate,0.017214082,0.017214111
9,99,receive_authenticate_accumulate,0.017231137,0.017231259
9,99,receive_authenticate_accumulate,0.017222156,0.017222315
9,99,receive_authenticate_accumulate,0.017248563,0.017232888
9,99,receive_authenticate_accumulate,0.017235581,0.017235463
9,99,receive_authenticate_accumulate,0.017230322,0.017230185
9,99,receive_authenticate_accumulate,0.017228211,0.017228278
9,99,receive_authenticate_accumulate,0.017227508,0.017227925
9,99,receive_authenticate_accumulate,0.017270766,0.017240852
9,99,receive_authenticate_accumulate,0.017226027,0.017226111
9,99,receive_authenticate_accumulate,0.017213934,0.017213944
9,99,round_coverage,0.001774021,0.001774167
9,99,receive_authenticate_accumulate,0.000045851,0.000045722
9,99,receive_authenticate_accumulate,0.000030593,0.000030574
9,99,receive_authenticate_accumulate,0.000030574,0.000030519
9,99,receive_authenticate_accumulate,0.000029592,0.000029666
9,99,receive_authenticate_accumulate,0.000029722,0.000029741
9,99,receive_authenticate_accumulate,0.000029703,0.000029704
9,99,receive_authenticate_accumulate,0.000029759,0.000029834
9,99,receive_authenticate_accumulate,0.000030462,0.000030518
9,99,receive_authenticate_accumulate,0.000029777,0.000029722
9,99,receive_authenticate_accumulate,0.000029722,0.000029778
9,99,spatial_reconstruction_verify,0.025975131,0.025975425
9,99,receive_authenticate_accumulate,0.000035778,0.000035704
9,99,receive_authenticate_accumulate,0.000027851,0.000027889
9,99,receive_authenticate_accumulate,0.000027222,0.000027407
9,99,receive_authenticate_accumulate,0.000027074,0.000027111
9,99,receive_authenticate_accumulate,0.000027222,0.000027408
9,99,receive_authenticate_accumulate,0.000027166,0.000027204
9,99,receive_authenticate_accumulate,0.000027185,0.000027278
9,99,receive_authenticate_accumulate,0.000027073,0.000027130
9,99,receive_authenticate_accumulate,0.000027296,0.000027389
9,99,receive_authenticate_accumulate,0.000026926,0.000027019
9,99,receive_authenticate_accumulate,0.000027000,0.000027111
9,99,receive_authenticate_accumulate,0.000026926,0.000027037
9,99,receive_authenticate_accumulate,0.000027222,0.000027315
9,99,receive_authenticate_accumulate,0.000027167,0.000027297
9,99,receive_authenticate_accumulate,0.000026926,0.000027000
9,99,receive_authenticate_accumulate,0.000027000,0.000027018
9,99,receive_authenticate_accumulate,0.000027092,0.000027223
9,99,receive_authenticate_accumulate,0.000027018,0.000027130
9,99,receive_authenticate_accumulate,0.000026981,0.000027074
9,99,receive_authenticate_accumulate,0.000027037,0.000027167
9,99,receive_authenticate_accumulate,0.000030907,0.000030852
9,99,receive_authenticate_accumulate,0.000027667,0.000027741
9,99,receive_authenticate_accumulate,0.000027185,0.000027296
9,99,receive_authenticate_accumulate,0.000026963,0.000027055
9,99,receive_authenticate_accumulate,0.000027055,0.000027148
9,99,receive_authenticate_accumulate,0.000028296,0.000028352
9,99,receive_authenticate_accumulate,0.000027074,0.000027203
9,99,receive_authenticate_accumulate,0.000026999,0.000027055
9,99,receive_authenticate_accumulate,0.000027130,0.000027241
9,99,receive_authenticate_accumulate,0.000026981,0.000027000
9,99,receive_authenticate_accumulate,0.000027037,0.000027149
9,99,receive_authenticate_accumulate,0.000043351,0.000043481
9,99,receive_authenticate_accumulate,0.000028296,0.000028314
9,99,receive_authenticate_accumulate,0.000027241,0.000027333
9,99,receive_authenticate_accumulate,0.000026889,0.000027000
9,99,receive_authenticate_accumulate,0.000026852,0.000026926
9,99,receive_authenticate_accumulate,0.000027037,0.000027111
9,99,receive_authenticate_accumulate,0.000026944,0.000027037
9,99,receive_authenticate_accumulate,0.000026981,0.000027074
9,99,receive_authenticate_accumulate,0.000026962,0.000027092
9,99,receive_authenticate_accumulate,0.000030666,0.000030537
9,99,receive_authenticate_accumulate,0.000027296,0.000027370
9,99,receive_authenticate_accumulate,0.000027166,0.000027222
9,99,receive_authenticate_accumulate,0.000026870,0.000026925
9,99,receive_authenticate_accumulate,0.000027055,0.000027130
9,99,receive_authenticate_accumulate,0.000027000,0.000027074
9,99,receive_authenticate_accumulate,0.000026851,0.000026908
9,99,receive_authenticate_accumulate,0.000026852,0.000026926
9,99,receive_authenticate_accumulate,0.000026925,0.000027019
9,99,receive_authenticate_accumulate,0.000026870,0.000026907
9,99,receive_authenticate_accumulate,0.000026981,0.000027037
9,99,receive_authenticate_accumulate,0.000027018,0.000027074
9,99,receive_authenticate_accumulate,0.000027037,0.000027093
9,99,receive_authenticate_accumulate,0.000026907,0.000027018
9,99,receive_authenticate_accumulate,0.000027055,0.000027074
9,99,receive_authenticate_accumulate,0.000026833,0.000026944
9,99,receive_authenticate_accumulate,0.000027037,0.000027111
9,99,receive_authenticate_accumulate,0.000027111,0.000027203
9,99,receive_authenticate_accumulate,0.000027111,0.000027148
9,99,receive_authenticate_accumulate,0.000026889,0.000026963
9,99,receive_authenticate_accumulate,0.000029889,0.000029926
9,99,receive_authenticate_accumulate,0.000027351,0.000027407
9,99,receive_authenticate_accumulate,0.000027018,0.000027055
9,99,receive_authenticate_accumulate,0.000026833,0.000026907
9,99,receive_authenticate_accumulate,0.000026982,0.000027074
9,99,receive_authenticate_accumulate,0.000027037,0.000027093
9,99,receive_authenticate_accumulate,0.000026741,0.000026815
9,99,receive_authenticate_accumulate,0.000027000,0.000027092
9,99,receive_authenticate_accumulate,0.000027037,0.000027167
9,99,receive_authenticate_accumulate,0.000028444,0.000028463
9,99,receive_authenticate_accumulate,0.000027314,0.000027370
9,99,receive_authenticate_accumulate,0.000027110,0.000027241
9,99,receive_authenticate_accumulate,0.000027055,0.000027111
9,99,receive_authenticate_accumulate,0.000027055,0.000027148
9,99,receive_authenticate_accumulate,0.000026926,0.000027055
9,99,receive_authenticate_accumulate,0.000027055,0.000027166
9,99,receive_authenticate_accumulate,0.000027000,0.000027000
9,99,receive_authenticate_accumulate,0.000026944,0.000027038
9,99,receive_authenticate_accumulate,0.000026925,0.000027000
9,99,receive_authenticate_accumulate,0.000027037,0.000027129
9,99,receive_authenticate_accumulate,0.000030574,0.000030518
9,99,receive_authenticate_accumulate,0.000027518,0.000027537
9,99,receive_authenticate_accumulate,0.000027129,0.000027222
9,99,receive_authenticate_accumulate,0.000026925,0.000026963
9,99,receive_authenticate_accumulate,0.000027018,0.000027093
9,99,receive_authenticate_accumulate,0.000026852,0.000026981
9,99,receive_authenticate_accumulate,0.000026982,0.000027074
9,99,receive_authenticate_accumulate,0.000026833,0.000026908
9,99,receive_authenticate_accumulate,0.000026925,0.000026981
9,99,receive_authenticate_accumulate,0.000027036,0.000027148
9,99,receive_authenticate_accumulate,0.000026889,0.000026944
9,99,receive_authenticate_accumulate,0.000026925,0.000027037
9,99,receive_authenticate_accumulate,0.000027981,0.000028000
9,99,receive_authenticate_accumulate,0.000027056,0.000027130
9,99,receive_authenticate_accumulate,0.000026999,0.000027093
9,99,receive_authenticate_accumulate,0.000027110,0.000027185
9,99,receive_authenticate_accumulate,0.000027018,0.000027093
9,99,receive_authenticate_accumulate,0.000030592,0.000030574
9,99,receive_authenticate_accumulate,0.000027445,0.000027482
9,99,receive_authenticate_accumulate,0.000026981,0.000027019
9,99,receive_authenticate_accumulate,0.000030907,0.000030981
9,99,receive_authenticate_accumulate,0.000027111,0.000027240
9,99,receive_authenticate_accumulate,0.000026962,0.000027037
9,99,receive_authenticate_accumulate,0.000026908,0.000026926
9,99,receive_authenticate_accumulate,0.000026963,0.000027055
9,99,receive_authenticate_accumulate,0.000026926,0.000027019
9,99,receive_authenticate_accumulate,0.000027074,0.000027092
9,99,receive_authenticate_accumulate,0.000026944,0.000027000
9,99,receive_authenticate_accumulate,0.000026926,0.000027038
9,99,receive_authenticate_accumulate,0.000026963,0.000027037
9,99,receive_authenticate_accumulate,0.000027037,0.000027130
9,99,receive_authenticate_accumulate,0.000026871,0.000026888
9,99,receive_authenticate_accumulate,0.000026870,0.000026963
9,99,receive_authenticate_accumulate,0.000027018,0.000027092
9,99,receive_authenticate_accumulate,0.000026907,0.000027019
9,99,receive_authenticate_accumulate,0.000026999,0.000027074
9,99,receive_authenticate_accumulate,0.000027019,0.000027111
9,99,receive_authenticate_accumulate,0.000026907,0.000026944
9,99,receive_authenticate_accumulate,0.000026907,0.000027000
9,99,receive_authenticate_accumulate,0.000026889,0.000026944
9,99,receive_authenticate_accumulate,0.000029851,0.000029852
9,99,receive_authenticate_accumulate,0.000027148,0.000027186
9,99,receive_authenticate_accumulate,0.000035888,0.000036074
9,99,receive_authenticate_accumulate,0.000023944,0.000024055
9,99,receive_authenticate_accumulate,0.000022963,0.000023093
9,99,receive_authenticate_accumulate,0.000022888,0.000022963
9,99,receive_authenticate_accumulate,0.000022907,0.000023019
9,99,receive_authenticate_accumulate,0.000022851,0.000022926
9,99,receive_authenticate_accumulate,0.000022778,0.000022889
9,99,receive_authenticate_accumulate,0.000023000,0.000023055
9,99,receive_authenticate_accumulate,0.000022907,0.000022982
9,99,receive_authenticate_accumulate,0.000022944,0.000023018
9,99,receive_authenticate_accumulate,0.000022944,0.000023000
9,99,receive_authenticate_accumulate,0.000022944,0.000023074
9,99,receive_authenticate_accumulate,0.000022963,0.000023074
9,99,receive_authenticate_accumulate,0.000022815,0.000022852
9,99,receive_authenticate_accumulate,0.000022888,0.000022926
9,99,receive_authenticate_accumulate,0.000022852,0.000022962
9,99,receive_authenticate_accumulate,0.000022944,0.000023018
9,99,receive_authenticate_accumulate,0.000023074,0.000023129
9,99,receive_authenticate_accumulate,0.000026222,0.000026259
9,99,receive_authenticate_accumulate,0.000023222,0.000023222
9,99,receive_authenticate_accumulate,0.000023074,0.000023222
9,99,receive_authenticate_accumulate,0.000022981,0.000023074
9,99,receive_authenticate_accumulate,0.000023037,0.000023129
9,99,receive_authenticate_accumulate,0.000023074,0.000023111
9,99,receive_authenticate_accumulate,0.000023019,0.000023129
9,99,receive_authenticate_accumulate,0.000022944,0.000023018
9,99,receive_authenticate_accumulate,0.000022926,0.000022981
9,99,receive_authenticate_accumulate,0.000023037,0.000023111
9,99,receive_authenticate_accumulate,0.000023000,0.000023074
9,99,receive_authenticate_accumulate,0.000022926,0.000023019
9,99,receive_authenticate_accumulate,0.000022926,0.000023018
9,99,receive_authenticate_accumulate,0.000022926,0.000022944
9,99,receive_authenticate_accumulate,0.000022944,0.000023074
9,99,receive_authenticate_accumulate,0.000022870,0.000022926
9,99,receive_authenticate_accumulate,0.000022907,0.000023037
9,99,receive_authenticate_accumulate,0.000022870,0.000022944
9,99,receive_authenticate_accumulate,0.000022999,0.000023092
9,99,receive_authenticate_accumulate,0.000024000,0.000024037
9,99,receive_authenticate_accumulate,0.000031277,0.000031241
9,99,receive_authenticate_accumulate,0.000024074,0.000024185
9,99,receive_authenticate_accumulate,0.000022963,0.000023075
9,99,receive_authenticate_accumulate,0.000022981,0.000023055
9,99,receive_authenticate_accumulate,0.000022982,0.000023055
9,99,receive_authenticate_accumulate,0.000022926,0.000023074
9,99,receive_authenticate_accumulate,0.000022759,0.000022889
9,99,receive_authenticate_accumulate,0.000022907,0.000022981
9,99,receive_authenticate_accumulate,0.000022907,0.000022982
9,99,receive_authenticate_accumulate,0.000022981,0.000023130
9,99,receive_authenticate_accumulate,0.000022889,0.000023000
9,99,receive_authenticate_accumulate,0.000023129,0.000023241
9,99,receive_authenticate_accumulate,0.000022944,0.000023019
9,99,receive_authenticate_accumulate,0.000022907,0.000023037
9,99,receive_authenticate_accumulate,0.000023111,0.000023185
9,99,receive_authenticate_accumulate,0.000023036,0.000023111
9,99,receive_authenticate_accumulate,0.000022945,0.000023000
9,99,receive_authenticate_accumulate,0.000022981,0.000023074
9,99,receive_authenticate_accumulate,0.000022963,0.000023019
9,99,receive_authenticate_accumulate,0.000022870,0.000022963
9,99,receive_authenticate_accumulate,0.000025945,0.000025908
9,99,receive_authenticate_accumulate,0.000023259,0.000023277
9,99,receive_authenticate_accumulate,0.000023130,0.000023260
9,99,receive_authenticate_accumulate,0.000022833,0.000022889
9,99,receive_authenticate_accumulate,0.000023018,0.000023148
9,99,receive_authenticate_accumulate,0.000022944,0.000022982
9,99,receive_authenticate_accumulate,0.000022963,0.000023055
9,99,receive_authenticate_accumulate,0.000023000,0.000023130
9,99,receive_authenticate_accumulate,0.000022889,0.000022981
9,99,receive_authenticate_accumulate,0.000022926,0.000023000
9,99,receive_authenticate_accumulate,0.000022870,0.000022907
9,99,receive_authenticate_accumulate,0.000023019,0.000023149
9,99,receive_authenticate_accumulate,0.000022945,0.000023055
9,99,receive_authenticate_accumulate,0.000022907,0.000023056
9,99,receive_authenticate_accumulate,0.000022981,0.000023074
9,99,receive_authenticate_accumulate,0.000022925,0.000023055
9,99,receive_authenticate_accumulate,0.000022870,0.000022982
9,99,receive_authenticate_accumulate,0.000022796,0.000022926
9,99,receive_authenticate_accumulate,0.000022926,0.000022981
9,99,receive_authenticate_accumulate,0.000022907,0.000023056
9,99,billing_reconstruction_verify,0.025965409,0.025965722
9,99,billing_reconstruction_verify,0.025933853,0.025934204
9,99,billing_reconstruction_verify,0.025942094,0.025949351
9,99,billing_reconstruction_verify,0.025926021,0.025926389
9,99,billing_reconstruction_verify,0.025919243,0.025919556
9,99,billing_reconstruction_verify,0.025930483,0.025930777
9,99,billing_reconstruction_verify,0.025969557,0.025938612
9,99,billing_reconstruction_verify,0.025934761,0.025935111
9,99,billing_reconstruction_verify,0.025918446,0.025918722
9,99,billing_reconstruction_verify,0.025948668,0.025935222
9,99,billing_reconstruction_verify,0.025917151,0.025917445
9,99,billing_reconstruction_verify,0.025926576,0.025926908
9,99,billing_reconstruction_verify,0.025918687,0.025919092
9,99,billing_reconstruction_verify,0.025926113,0.025926482
9,99,billing_reconstruction_verify,0.025913946,0.025914240
9,99,billing_reconstruction_verify,0.025924446,0.025924833
9,99,billing_reconstruction_verify,0.025918483,0.025918815
9,99,billing_reconstruction_verify,0.025942242,0.025932241
9,99,billing_reconstruction_verify,0.025917427,0.025917667
9,99,billing_reconstruction_verify,0.025923798,0.025924111
10,100,period_reset,0.000029092,0.000025815
10,100,receive_authenticate_accumulate,0.000083091,0.000082611
10,100,receive_authenticate_accumulate,0.000067926,0.000067870
10,100,receive_authenticate_accumulate,0.000067426,0.000067056
10,100,receive_authenticate_accumulate,0.000064536,0.000064315
10,100,receive_authenticate_accumulate,0.000063055,0.000062834
10,100,receive_authenticate_accumulate,0.000080944,0.000080593
10,100,receive_authenticate_accumulate,0.000066962,0.000066907
10,100,receive_authenticate_accumulate,0.000064481,0.000064129
10,100,receive_authenticate_accumulate,0.000055388,0.000054796
10,100,receive_authenticate_accumulate,0.000048055,0.000047963
10,100,receive_authenticate_accumulate,0.000045463,0.000045370
10,100,receive_authenticate_accumulate,0.000043610,0.000043593
10,100,receive_authenticate_accumulate,0.000044221,0.000044148
10,100,receive_authenticate_accumulate,0.000044610,0.000044703
10,100,receive_authenticate_accumulate,0.000044518,0.000044463
10,100,receive_authenticate_accumulate,0.000043259,0.000043204
10,100,receive_authenticate_accumulate,0.000043444,0.000043426
10,100,receive_authenticate_accumulate,0.000041870,0.000041685
10,100,receive_authenticate_accumulate,0.000043944,0.000043852
10,100,receive_authenticate_accumulate,0.000042722,0.000042630
10,100,receive_authenticate_accumulate,0.000066425,0.000066333
10,100,receive_authenticate_accumulate,0.000055537,0.000055426
10,100,receive_authenticate_accumulate,0.000054684,0.000054703
10,100,receive_authenticate_accumulate,0.000054963,0.000054907
10,100,receive_authenticate_accumulate,0.000054222,0.000054092
10,100,receive_authenticate_accumulate,0.000054574,0.000054574
10,100,receive_authenticate_accumulate,0.000055185,0.000055204
10,100,receive_authenticate_accumulate,0.000053981,0.000053908
10,100,receive_authenticate_accumulate,0.000054740,0.000054667
10,100,receive_authenticate_accumulate,0.000083092,0.000083222
10,100,receive_authenticate_accumulate,0.000054555,0.000054241
10,100,receive_authenticate_accumulate,0.000055203,0.000055259
10,100,receive_authenticate_accumulate,0.000055722,0.000055537
10,100,receive_authenticate_accumulate,0.000030036,0.000029982
10,100,receive_authenticate_accumulate,0.000034037,0.000034000
10,100,receive_authenticate_accumulate,0.000033426,0.000033296
10,100,receive_authenticate_accumulate,0.000028259,0.000028112
10,100,receive_authenticate_accumulate,0.000034629,0.000034518
10,100,receive_authenticate_accumulate,0.000033889,0.000033685
10,100,receive_authenticate_accumulate,0.000028111,0.000028074
10,100,committee_selection,0.000074481,0.000074444
10,100,round_reset,0.000003685,0.000003223
10,100,receive_authenticate_accumulate,0.017240027,0.017240333
10,100,receive_authenticate_accumulate,0.017222693,0.017222685
10,100,receive_authenticate_accumulate,0.017226397,0.017226185
10,100,receive_authenticate_accumulate,0.017215453,0.017215723
10,100,receive_authenticate_accumulate,0.017228638,0.017228704
10,100,receive_authenticate_accumulate,0.017246341,0.017246555
10,100,receive_authenticate_accumulate,0.017233861,0.017233982
10,100,receive_authenticate_accumulate,0.017226693,0.017226648
10,100,receive_authenticate_accumulate,0.017229415,0.017229593
10,100,receive_authenticate_accumulate,0.017220823,0.017220796
10,100,receive_authenticate_accumulate,0.017237064,0.017237203
10,100,receive_authenticate_accumulate,0.017228509,0.017228796
10,100,receive_authenticate_accumulate,0.017219879,0.017219851
10,100,receive_authenticate_accumulate,0.017230287,0.017230296
10,100,receive_authenticate_accumulate,0.017223953,0.017224037
10,100,receive_authenticate_accumulate,0.017215934,0.017215945
10,100,receive_authenticate_accumulate,0.017219787,0.017219760
10,100,receive_authenticate_accumulate,0.017212676,0.017212778
10,100,receive_authenticate_accumulate,0.017222250,0.017222278
10,100,receive_authenticate_accumulate,0.017271157,0.017249019
10,100,round_coverage,0.002083222,0.002083167
10,100,receive_authenticate_accumulate,0.000044963,0.000044667
10,100,receive_authenticate_accumulate,0.000031074,0.000031000
10,100,receive_authenticate_accumulate,0.000030333,0.000030315
10,100,receive_authenticate_accumulate,0.000029777,0.000029741
10,100,receive_authenticate_accumulate,0.000030240,0.000030093
10,100,receive_authenticate_accumulate,0.000029611,0.000029667
10,100,receive_authenticate_accumulate,0.000033500,0.000033389
10,100,receive_authenticate_accumulate,0.000030167,0.000030166
10,100,receive_authenticate_accumulate,0.000030185,0.000030130
10,100,receive_authenticate_accumulate,0.000030592,0.000030574
10,100,spatial_reconstruction_verify,0.025962632,0.025962889
10,101,round_reset,0.000016093,0.000011333
10,101,receive_authenticate_accumulate,0.025874467,0.025874592
10,101,receive_authenticate_accumulate,0.017227601,0.017227759
10,101,receive_authenticate_accumulate,0.017225384,0.017225481
10,101,receive_authenticate_accumulate,0.017282939,0.017245629
10,101,receive_authenticate_accumulate,0.017223176,0.017223648
10,101,receive_authenticate_accumulate,0.017221564,0.017222037
10,101,receive_authenticate_accumulate,0.017218695,0.017219148
10,101,receive_authenticate_accumulate,0.017211750,0.017212314
10,101,receive_authenticate_accumulate,0.017230231,0.017230704
10,101,receive_authenticate_accumulate,0.017236102,0.017236574
10,101,receive_authenticate_accumulate,0.017228435,0.017228871
10,101,receive_authenticate_accumulate,0.017226343,0.017226796
10,101,receive_authenticate_accumulate,0.017221807,0.017222333
10,101,receive_authenticate_accumulate,0.017257899,0.017241833
10,101,receive_authenticate_accumulate,0.017222086,0.017222760
10,101,receive_authenticate_accumulate,0.017215772,0.017216333
10,101,receive_authenticate_accumulate,0.017256566,0.017238667
10,101,receive_authenticate_accumulate,0.017215975,0.017216648
10,101,receive_authenticate_accumulate,0.017212809,0.017213519
10,101,receive_authenticate_accumulate,0.017212735,0.017213204
10,101,round_coverage,0.001946879,0.001947074
10,101,receive_authenticate_accumulate,0.000045332,0.000045315
10,101,receive_authenticate_accumulate,0.000031554,0.000031592
10,101,receive_authenticate_accumulate,0.000030517,0.000030481
10,101,receive_authenticate_accumulate,0.000029962,0.000029944
10,101,receive_authenticate_accumulate,0.000030166,0.000030130
10,101,receive_authenticate_accumulate,0.000029721,0.000029685
10,101,receive_authenticate_accumulate,0.000030128,0.000030056
10,101,receive_authenticate_accumulate,0.000030091,0.000030074
10,101,receive_authenticate_accumulate,0.000030406,0.000030352
10,101,receive_authenticate_accumulate,0.000033943,0.000033926
10,101,spatial_reconstruction_verify,0.025967534,0.025968333
10,102,round_reset,0.000011333,0.000007852
10,102,receive_authenticate_accumulate,0.036235238,0.036115017
10,102,receive_authenticate_accumulate,0.017233177,0.017233815
10,102,receive_authenticate_accumulate,0.017226677,0.017227148
10,102,receive_authenticate_accumulate,0.017215381,0.017215944
10,102,receive_authenticate_accumulate,0.017219901,0.017220314
10,102,receive_authenticate_accumulate,0.017224474,0.017224963
10,102,receive_authenticate_accumulate,0.017215883,0.017216389
10,102,receive_authenticate_accumulate,0.017222957,0.017223166
10,102,receive_authenticate_accumulate,0.017225826,0.017226314
10,102,receive_authenticate_accumulate,0.017222587,0.017223074
10,102,receive_authenticate_accumulate,0.017217197,0.017217556
10,102,receive_authenticate_accumulate,0.017221143,0.017221537
10,102,receive_authenticate_accumulate,0.017213865,0.017214333
10,102,receive_authenticate_accumulate,0.017239457,0.017240000
10,102,receive_authenticate_accumulate,0.017213292,0.017213760
10,102,receive_authenticate_accumulate,0.017207514,0.017207945
10,102,receive_authenticate_accumulate,0.017199626,0.017200203
10,102,receive_authenticate_accumulate,0.017196719,0.017197204
10,102,receive_authenticate_accumulate,0.017216200,0.017216537
10,102,receive_authenticate_accumulate,0.017223497,0.017224074
10,102,round_coverage,0.001753999,0.001753741
10,102,receive_authenticate_accumulate,0.000045795,0.000045722
10,102,receive_authenticate_accumulate,0.000031295,0.000031260
10,102,receive_authenticate_accumulate,0.000030647,0.000030648
10,102,receive_authenticate_accumulate,0.000030000,0.000030037
10,102,receive_authenticate_accumulate,0.000032314,0.000032296
10,102,receive_authenticate_accumulate,0.000030129,0.000030166
10,102,receive_authenticate_accumulate,0.000057053,0.000057130
10,102,receive_authenticate_accumulate,0.000026499,0.000026463
10,102,receive_authenticate_accumulate,0.000026370,0.000026352
10,102,receive_authenticate_accumulate,0.000026444,0.000026407
10,102,spatial_reconstruction_verify,0.025964602,0.025965518
10,103,round_reset,0.000011481,0.000007981
10,103,receive_authenticate_accumulate,0.036777856,0.036645832
10,103,receive_authenticate_accumulate,0.017215642,0.017215982
10,103,receive_authenticate_accumulate,0.017212549,0.017212926
10,103,receive_authenticate_accumulate,0.017214790,0.017215203
10,103,receive_authenticate_accumulate,0.017217661,0.017218074
10,103,receive_authenticate_accumulate,0.017220772,0.017221222
10,103,receive_authenticate_accumulate,0.017217457,0.017218000
10,103,receive_authenticate_accumulate,0.017224809,0.017225241
10,103,receive_authenticate_accumulate,0.017223717,0.017224204
10,103,receive_authenticate_accumulate,0.017219347,0.017219834
10,103,receive_authenticate_accumulate,0.017218440,0.017219037
10,103,receive_authenticate_accumulate,0.017217607,0.017217982
10,103,receive_authenticate_accumulate,0.017263272,0.017236593
10,103,receive_authenticate_accumulate,0.017224329,0.017224685
10,103,receive_authenticate_accumulate,0.017222441,0.017222833
10,103,receive_authenticate_accumulate,0.017216737,0.017217074
10,103,receive_authenticate_accumulate,0.017280847,0.017242759
10,103,receive_authenticate_accumulate,0.017290495,0.017250407
10,103,receive_authenticate_accumulate,0.017224701,0.017225074
10,103,receive_authenticate_accumulate,0.017215220,0.017215481
10,103,round_coverage,0.002254096,0.002254223
10,103,receive_authenticate_accumulate,0.000043387,0.000043296
10,103,receive_authenticate_accumulate,0.000030573,0.000030574
10,103,receive_authenticate_accumulate,0.000030943,0.000030852
10,103,receive_authenticate_accumulate,0.000030407,0.000030296
10,103,receive_authenticate_accumulate,0.000029944,0.000029889
10,103,receive_authenticate_accumulate,0.000030055,0.000030093
10,103,receive_authenticate_accumulate,0.000029776,0.000029870
10,103,receive_authenticate_accumulate,0.000029610,0.000029612
10,103,receive_authenticate_accumulate,0.000033832,0.000033741
10,103,receive_authenticate_accumulate,0.000030147,0.000030167
10,103,spatial_reconstruction_verify,0.025971742,0.025972592
10,104,round_reset,0.000013593,0.000008463
10,104,receive_authenticate_accumulate,0.037046906,0.036893888
10,104,receive_authenticate_accumulate,0.017263418,0.017236648
10,104,receive_authenticate_accumulate,0.017224030,0.017224463
10,104,receive_authenticate_accumulate,0.017216401,0.017216871
10,104,receive_authenticate_accumulate,0.017218494,0.017218907
10,104,receive_authenticate_accumulate,0.017220586,0.017220982
10,104,receive_authenticate_accumulate,0.017217661,0.017218223
10,104,receive_authenticate_accumulate,0.017216939,0.017217334
10,104,receive_authenticate_accumulate,0.017222217,0.017222704
10,104,receive_authenticate_accumulate,0.017200033,0.017200574
10,104,receive_authenticate_accumulate,0.017229124,0.017229629
10,104,receive_authenticate_accumulate,0.017214811,0.017215037
10,104,receive_authenticate_accumulate,0.017220552,0.017221000
10,104,receive_authenticate_accumulate,0.017217829,0.017218296
10,104,receive_authenticate_accumulate,0.017217422,0.017217833
10,104,receive_authenticate_accumulate,0.017219367,0.017219888
10,104,receive_authenticate_accumulate,0.017220126,0.017220463
10,104,receive_authenticate_accumulate,0.017218608,0.017219037
10,104,receive_authenticate_accumulate,0.017226664,0.017227130
10,104,receive_authenticate_accumulate,0.017225553,0.017225797
10,104,round_coverage,0.001925960,0.001925796
10,104,receive_authenticate_accumulate,0.000045499,0.000045481
10,104,receive_authenticate_accumulate,0.000031147,0.000031130
10,104,receive_authenticate_accumulate,0.000030648,0.000030593
10,104,receive_authenticate_accumulate,0.000033276,0.000033240
10,104,receive_authenticate_accumulate,0.000030055,0.000029982
10,104,receive_authenticate_accumulate,0.000029777,0.000029741
10,104,receive_authenticate_accumulate,0.000029591,0.000029611
10,104,receive_authenticate_accumulate,0.000030018,0.000029963
10,104,receive_authenticate_accumulate,0.000029591,0.000029574
10,104,receive_authenticate_accumulate,0.000030277,0.000030277
10,104,spatial_reconstruction_verify,0.025973825,0.025974741
10,105,round_reset,0.000014500,0.000010871
10,105,receive_authenticate_accumulate,0.025925624,0.025898889
10,105,receive_authenticate_accumulate,0.017262065,0.017222907
10,105,receive_authenticate_accumulate,0.017220826,0.017221334
10,105,receive_authenticate_accumulate,0.017216160,0.017216740
10,105,receive_authenticate_accumulate,0.017237011,0.017228111
10,105,receive_authenticate_accumulate,0.017255325,0.017231334
10,105,receive_authenticate_accumulate,0.017227845,0.017228185
10,105,receive_authenticate_accumulate,0.017222789,0.017223148
10,105,receive_authenticate_accumulate,0.017221123,0.017221593
10,105,receive_authenticate_accumulate,0.017244383,0.017230093
10,105,receive_authenticate_accumulate,0.017225216,0.017225556
10,105,receive_authenticate_accumulate,0.017224198,0.017224593
10,105,receive_authenticate_accumulate,0.017213291,0.017213722
10,105,receive_authenticate_accumulate,0.017237420,0.017221832
10,105,receive_authenticate_accumulate,0.017215032,0.017215481
10,105,receive_authenticate_accumulate,0.017249142,0.017225741
10,105,receive_authenticate_accumulate,0.017225107,0.017225537
10,105,receive_authenticate_accumulate,0.017218848,0.017219241
10,105,receive_authenticate_accumulate,0.017258772,0.017234222
10,105,receive_authenticate_accumulate,0.017214349,0.017214871
10,105,round_coverage,0.001759263,0.001759093
10,105,receive_authenticate_accumulate,0.000046869,0.000046760
10,105,receive_authenticate_accumulate,0.000030962,0.000030908
10,105,receive_authenticate_accumulate,0.000030185,0.000030241
10,105,receive_authenticate_accumulate,0.000030370,0.000030296
10,105,receive_authenticate_accumulate,0.000029962,0.000029982
10,105,receive_authenticate_accumulate,0.000030092,0.000030203
10,105,receive_authenticate_accumulate,0.000029425,0.000029500
10,105,receive_authenticate_accumulate,0.000029722,0.000029759
10,105,receive_authenticate_accumulate,0.000029906,0.000029889
10,105,receive_authenticate_accumulate,0.000029740,0.000029667
10,105,spatial_reconstruction_verify,0.025973741,0.025974537
10,106,round_reset,0.000011815,0.000008056
10,106,receive_authenticate_accumulate,0.036952631,0.036845518
10,106,receive_authenticate_accumulate,0.017229120,0.017229463
10,106,receive_authenticate_accumulate,0.017220898,0.017221296
10,106,receive_authenticate_accumulate,0.017224509,0.017224889
10,106,receive_authenticate_accumulate,0.017253435,0.017243149
10,106,receive_authenticate_accumulate,0.017227362,0.017227759
10,106,receive_authenticate_accumulate,0.017214140,0.017214648
10,106,receive_authenticate_accumulate,0.017218066,0.017218352
10,106,receive_authenticate_accumulate,0.017219362,0.017219352
10,106,receive_authenticate_accumulate,0.017226733,0.017227037
10,106,receive_authenticate_accumulate,0.017218566,0.017218981
10,106,receive_authenticate_accumulate,0.017211327,0.017211723
10,106,receive_authenticate_accumulate,0.017226178,0.017226630
10,106,receive_authenticate_accumulate,0.017233288,0.017233574
10,106,receive_authenticate_accumulate,0.017230011,0.017230351
10,106,receive_authenticate_accumulate,0.017204364,0.017204741
10,106,receive_authenticate_accumulate,0.017203272,0.017203814
10,106,receive_authenticate_accumulate,0.017224735,0.017224962
10,106,receive_authenticate_accumulate,0.017216531,0.017216908
10,106,receive_authenticate_accumulate,0.017220735,0.017221241
10,106,round_coverage,0.002252622,0.002252760
10,106,receive_authenticate_accumulate,0.000044351,0.000044277
10,106,receive_authenticate_accumulate,0.000030574,0.000030574
10,106,receive_authenticate_accumulate,0.000030277,0.000030278
10,106,receive_authenticate_accumulate,0.000030332,0.000030407
10,106,receive_authenticate_accumulate,0.000029962,0.000029982
10,106,receive_authenticate_accumulate,0.000029963,0.000029907
10,106,receive_authenticate_accumulate,0.000029832,0.000029834
10,106,receive_authenticate_accumulate,0.000029684,0.000029704
10,106,receive_authenticate_accumulate,0.000029944,0.000029944
10,106,receive_authenticate_accumulate,0.000029629,0.000029741
10,106,spatial_reconstruction_verify,0.025972358,0.025973111
10,107,round_reset,0.000015518,0.000011815
10,107,receive_authenticate_accumulate,0.025862619,0.025863185
10,107,receive_authenticate_accumulate,0.017218821,0.017219167
10,107,receive_authenticate_accumulate,0.017224802,0.017225037
10,107,receive_authenticate_accumulate,0.017235987,0.017236426
10,107,receive_authenticate_accumulate,0.017218747,0.017219037
10,107,receive_authenticate_accumulate,0.017220729,0.017220926
10,107,receive_authenticate_accumulate,0.017212323,0.017212704
10,107,receive_authenticate_accumulate,0.017225859,0.017226334
10,107,receive_authenticate_accumulate,0.017223507,0.017223888
10,107,receive_authenticate_accumulate,0.017220452,0.017220870
10,107,receive_authenticate_accumulate,0.017221415,0.017221796
10,107,receive_authenticate_accumulate,0.017229749,0.017230037
10,107,receive_authenticate_accumulate,0.017228379,0.017228926
10,107,receive_authenticate_accumulate,0.017259637,0.017244556
10,107,receive_authenticate_accumulate,0.017258915,0.017230352
10,107,receive_authenticate_accumulate,0.017226398,0.017226500
10,107,receive_authenticate_accumulate,0.017226898,0.017227259
10,107,receive_authenticate_accumulate,0.017222898,0.017223314
10,107,receive_authenticate_accumulate,0.017223361,0.017223648
10,107,receive_authenticate_accumulate,0.017219195,0.017219500
10,107,round_coverage,0.001927411,0.001927519
10,107,receive_authenticate_accumulate,0.000044054,0.000043944
10,107,receive_authenticate_accumulate,0.000031240,0.000031241
10,107,receive_authenticate_accumulate,0.000033462,0.000033500
10,107,receive_authenticate_accumulate,0.000030703,0.000030666
10,107,receive_authenticate_accumulate,0.000030018,0.000030037
10,107,receive_authenticate_accumulate,0.000030185,0.000030148
10,107,receive_authenticate_accumulate,0.000029499,0.000029482
10,107,receive_authenticate_accumulate,0.000029240,0.000029278
10,107,receive_authenticate_accumulate,0.000029888,0.000029815
10,107,receive_authenticate_accumulate,0.000029592,0.000029574
10,107,spatial_reconstruction_verify,0.026017417,0.025986296
10,108,round_reset,0.000014962,0.000011445
10,108,receive_authenticate_accumulate,0.037921855,0.037752461
10,108,receive_authenticate_accumulate,0.017237984,0.017238185
10,108,receive_authenticate_accumulate,0.017219058,0.017218925
10,108,receive_authenticate_accumulate,0.017223058,0.017223277
10,108,receive_authenticate_accumulate,0.017261891,0.017245369
10,108,receive_authenticate_accumulate,0.017216318,0.017216722
10,108,receive_authenticate_accumulate,0.017267928,0.017268834
10,108,receive_authenticate_accumulate,0.017272891,0.017243092
10,108,receive_authenticate_accumulate,0.017229281,0.017229778
10,108,receive_authenticate_accumulate,0.017222596,0.017222500
10,108,receive_authenticate_accumulate,0.017226652,0.017226852
10,108,receive_authenticate_accumulate,0.017215245,0.017215648
10,108,receive_authenticate_accumulate,0.017220652,0.017221000
10,108,receive_authenticate_accumulate,0.017227059,0.017227222
10,108,receive_authenticate_accumulate,0.017249374,0.017227370
10,108,receive_authenticate_accumulate,0.017222282,0.017222389
10,108,receive_authenticate_accumulate,0.017218802,0.017219148
10,108,receive_authenticate_accumulate,0.017224913,0.017225296
10,108,receive_authenticate_accumulate,0.017224875,0.017225333
10,108,receive_authenticate_accumulate,0.017218673,0.017219111
10,108,round_coverage,0.001758694,0.001758463
10,108,receive_authenticate_accumulate,0.000045221,0.000045166
10,108,receive_authenticate_accumulate,0.000031499,0.000031426
10,108,receive_authenticate_accumulate,0.000030332,0.000030407
10,108,receive_authenticate_accumulate,0.000030666,0.000030759
10,108,receive_authenticate_accumulate,0.000029759,0.000029722
10,108,receive_authenticate_accumulate,0.000029740,0.000029686
10,108,receive_authenticate_accumulate,0.000029851,0.000029815
10,108,receive_authenticate_accumulate,0.000029666,0.000029740
10,108,receive_authenticate_accumulate,0.000030037,0.000029926
10,108,receive_authenticate_accumulate,0.000029814,0.000029759
10,108,spatial_reconstruction_verify,0.025986884,0.025987556
10,109,round_reset,0.000013592,0.000010407
10,109,receive_authenticate_accumulate,0.025856181,0.025855963
10,109,receive_authenticate_accumulate,0.017232775,0.017233111
10,109,receive_authenticate_accumulate,0.017222886,0.017223278
10,109,receive_authenticate_accumulate,0.017225349,0.017225519
10,109,receive_authenticate_accumulate,0.017259886,0.017237147
10,109,receive_authenticate_accumulate,0.017221517,0.017221907
10,109,receive_authenticate_accumulate,0.017220554,0.017220908
10,109,receive_authenticate_accumulate,0.017218295,0.017218593
10,109,receive_authenticate_accumulate,0.017219850,0.017220130
10,109,receive_authenticate_accumulate,0.017296960,0.017277759
10,109,receive_authenticate_accumulate,0.017232018,0.017232388
10,109,receive_authenticate_accumulate,0.017218222,0.017218667
10,109,receive_authenticate_accumulate,0.017231907,0.017232463
10,109,receive_authenticate_accumulate,0.025500434,0.025447222
10,109,receive_authenticate_accumulate,0.017259648,0.017245408
10,109,receive_authenticate_accumulate,0.017224815,0.017225130
10,109,receive_authenticate_accumulate,0.017243352,0.017243778
10,109,receive_authenticate_accumulate,0.017212908,0.017213259
10,109,receive_authenticate_accumulate,0.017228075,0.017228463
10,109,receive_authenticate_accumulate,0.017218723,0.017219000
10,109,round_coverage,0.002262424,0.002262537
10,109,receive_authenticate_accumulate,0.000043388,0.000043426
10,109,receive_authenticate_accumulate,0.000027111,0.000027056
10,109,receive_authenticate_accumulate,0.000027129,0.000027093
10,109,receive_authenticate_accumulate,0.000026444,0.000026426
10,109,receive_authenticate_accumulate,0.000026221,0.000026315
10,109,receive_authenticate_accumulate,0.000031536,0.000031519
10,109,receive_authenticate_accumulate,0.000026518,0.000026481
10,109,receive_authenticate_accumulate,0.000025907,0.000025852
10,109,receive_authenticate_accumulate,0.000025925,0.000025963
10,109,receive_authenticate_accumulate,0.000026240,0.000026278
10,109,spatial_reconstruction_verify,0.025965850,0.025966648
10,109,receive_authenticate_accumulate,0.000033869,0.000033926
10,109,receive_authenticate_accumulate,0.000024333,0.000024463
10,109,receive_authenticate_accumulate,0.000024018,0.000024111
10,109,receive_authenticate_accumulate,0.000023907,0.000024018
10,109,receive_authenticate_accumulate,0.000023814,0.000023945
10,109,receive_authenticate_accumulate,0.000023722,0.000023852
10,109,receive_authenticate_accumulate,0.000023815,0.000023944
10,109,receive_authenticate_accumulate,0.000023907,0.000023982
10,109,receive_authenticate_accumulate,0.000023795,0.000023926
10,109,receive_authenticate_accumulate,0.000023610,0.000023685
10,109,receive_authenticate_accumulate,0.000023833,0.000023963
10,109,receive_authenticate_accumulate,0.000023796,0.000023907
10,109,receive_authenticate_accumulate,0.000023777,0.000023889
10,109,receive_authenticate_accumulate,0.000024037,0.000024112
10,109,receive_authenticate_accumulate,0.000023703,0.000023870
10,109,receive_authenticate_accumulate,0.000023722,0.000028667
10,109,receive_authenticate_accumulate,0.000029369,0.000029426
10,109,receive_authenticate_accumulate,0.000023926,0.000024037
10,109,receive_authenticate_accumulate,0.000023815,0.000023870
10,109,receive_authenticate_accumulate,0.000023647,0.000023778
10,109,receive_authenticate_accumulate,0.000026555,0.000026592
10,109,receive_authenticate_accumulate,0.000024222,0.000024315
10,109,receive_authenticate_accumulate,0.000023740,0.000023834
10,109,receive_authenticate_accumulate,0.000023851,0.000023963
10,109,receive_authenticate_accumulate,0.000023777,0.000023908
10,109,receive_authenticate_accumulate,0.000023796,0.000023945
10,109,receive_authenticate_accumulate,0.000023685,0.000023815
10,109,receive_authenticate_accumulate,0.000023926,0.000024019
10,109,receive_authenticate_accumulate,0.000023759,0.000023926
10,109,receive_authenticate_accumulate,0.000023740,0.000023907
10,109,receive_authenticate_accumulate,0.000023666,0.000023759
10,109,receive_authenticate_accumulate,0.000025017,0.000025055
10,109,receive_authenticate_accumulate,0.000023129,0.000023185
10,109,receive_authenticate_accumulate,0.000022962,0.000023111
10,109,receive_authenticate_accumulate,0.000022925,0.000022981
10,109,receive_authenticate_accumulate,0.000023018,0.000023111
10,109,receive_authenticate_accumulate,0.000023000,0.000023074
10,109,receive_authenticate_accumulate,0.000023000,0.000023111
10,109,receive_authenticate_accumulate,0.000022925,0.000023000
10,109,receive_authenticate_accumulate,0.000023055,0.000023074
10,109,receive_authenticate_accumulate,0.000027018,0.000026981
10,109,receive_authenticate_accumulate,0.000023258,0.000023315
10,109,receive_authenticate_accumulate,0.000022999,0.000023092
10,109,receive_authenticate_accumulate,0.000023000,0.000023074
10,109,receive_authenticate_accumulate,0.000023111,0.000023185
10,109,receive_authenticate_accumulate,0.000022944,0.000023074
10,109,receive_authenticate_accumulate,0.000022870,0.000022963
10,109,receive_authenticate_accumulate,0.000022962,0.000023037
10,109,receive_authenticate_accumulate,0.000023092,0.000023241
10,109,receive_authenticate_accumulate,0.000022870,0.000022945
10,109,receive_authenticate_accumulate,0.000022980,0.000023055
10,109,receive_authenticate_accumulate,0.000022851,0.000022908
10,109,receive_authenticate_accumulate,0.000022777,0.000022833
10,109,receive_authenticate_accumulate,0.000022981,0.000023093
10,109,receive_authenticate_accumulate,0.000022889,0.000023037
10,109,receive_authenticate_accumulate,0.000022870,0.000022963
10,109,receive_authenticate_accumulate,0.000022870,0.000022963
10,109,receive_authenticate_accumulate,0.000022943,0.000023019
10,109,receive_authenticate_accumulate,0.000022889,0.000022982
10,109,receive_authenticate_accumulate,0.000022833,0.000022963
10,109,receive_authenticate_accumulate,0.000026314,0.000026389
10,109,receive_authenticate_accumulate,0.000023055,0.000023074
10,109,receive_authenticate_accumulate,0.000022999,0.000023092
10,109,receive_authenticate_accumulate,0.000022962,0.000023018
10,109,receive_authenticate_accumulate,0.000023018,0.000023093
10,109,receive_authenticate_accumulate,0.000022926,0.000023037
10,109,receive_authenticate_accumulate,0.000023018,0.000023037
10,109,receive_authenticate_accumulate,0.000022981,0.000023111
10,109,receive_authenticate_accumulate,0.000023037,0.000023130
10,109,receive_authenticate_accumulate,0.000022981,0.000023055
10,109,receive_authenticate_accumulate,0.000022999,0.000023093
10,109,receive_authenticate_accumulate,0.000022944,0.000023055
10,109,receive_authenticate_accumulate,0.000022925,0.000023018
10,109,receive_authenticate_accumulate,0.000022869,0.000022945
10,109,receive_authenticate_accumulate,0.000022944,0.000023000
10,109,receive_authenticate_accumulate,0.000022981,0.000023111
10,109,receive_authenticate_accumulate,0.000022795,0.000022833
10,109,receive_authenticate_accumulate,0.000022925,0.000023037
10,109,receive_authenticate_accumulate,0.000022888,0.000023037
10,109,receive_authenticate_accumulate,0.000024444,0.000024426
10,109,receive_authenticate_accumulate,0.000032074,0.000031925
10,109,receive_authenticate_accumulate,0.000024148,0.000024241
10,109,receive_authenticate_accumulate,0.000023074,0.000023149
10,109,receive_authenticate_accumulate,0.000022962,0.000023056
10,109,receive_authenticate_accumulate,0.000023018,0.000023074
10,109,receive_authenticate_accumulate,0.000022981,0.000023093
10,109,receive_authenticate_accumulate,0.000022851,0.000022907
10,109,receive_authenticate_accumulate,0.000022944,0.000023111
10,109,receive_authenticate_accumulate,0.000022926,0.000023000
10,109,receive_authenticate_accumulate,0.000022963,0.000023018
10,109,receive_authenticate_accumulate,0.000022907,0.000022963
10,109,receive_authenticate_accumulate,0.000022963,0.000023037
10,109,receive_authenticate_accumulate,0.000022851,0.000022907
10,109,receive_authenticate_accumulate,0.000022907,0.000023055
10,109,receive_authenticate_accumulate,0.000022962,0.000023018
10,109,receive_authenticate_accumulate,0.000022962,0.000023019
10,109,receive_authenticate_accumulate,0.000024203,0.000024167
10,109,receive_authenticate_accumulate,0.000023092,0.000023167
10,109,receive_authenticate_accumulate,0.000022962,0.000023018
10,109,receive_authenticate_accumulate,0.000022980,0.000023130
10,109,receive_authenticate_accumulate,0.000026111,0.000026019
10,109,receive_authenticate_accumulate,0.000023295,0.000023352
10,109,receive_authenticate_accumulate,0.000022926,0.000023000
10,109,receive_authenticate_accumulate,0.000022926,0.000023037
10,109,receive_authenticate_accumulate,0.000023129,0.000023241
10,109,receive_authenticate_accumulate,0.000022981,0.000023111
10,109,receive_authenticate_accumulate,0.000022944,0.000023074
10,109,receive_authenticate_accumulate,0.000022962,0.000023055
10,109,receive_authenticate_accumulate,0.000022963,0.000023111
10,109,receive_authenticate_accumulate,0.000022981,0.000023038
10,109,receive_authenticate_accumulate,0.000023037,0.000023167
10,109,receive_authenticate_accumulate,0.000022962,0.000023037
10,109,receive_authenticate_accumulate,0.000022999,0.000023111
10,109,receive_authenticate_accumulate,0.000023055,0.000023167
10,109,receive_authenticate_accumulate,0.000022907,0.000022981
10,109,receive_authenticate_accumulate,0.000023037,0.000023166
10,109,receive_authenticate_accumulate,0.000023055,0.000023129
10,109,receive_authenticate_accumulate,0.000022926,0.000023000
10,109,receive_authenticate_accumulate,0.000022999,0.000023130
10,109,receive_authenticate_accumulate,0.000022962,0.000023093
10,109,receive_authenticate_accumulate,0.000026407,0.000026408
10,109,receive_authenticate_accumulate,0.000023111,0.000023185
10,109,receive_authenticate_accumulate,0.000023073,0.000023130
10,109,receive_authenticate_accumulate,0.000023017,0.000023129
10,109,receive_authenticate_accumulate,0.000022944,0.000023000
10,109,receive_authenticate_accumulate,0.000022944,0.000023074
10,109,receive_authenticate_accumulate,0.000022944,0.000023093
10,109,receive_authenticate_accumulate,0.000023073,0.000023186
10,109,receive_authenticate_accumulate,0.000022888,0.000022944
10,109,receive_authenticate_accumulate,0.000022926,0.000023000
10,109,receive_authenticate_accumulate,0.000022962,0.000023093
10,109,receive_authenticate_accumulate,0.000023240,0.000023297
10,109,receive_authenticate_accumulate,0.000022870,0.000022982
10,109,receive_authenticate_accumulate,0.000022907,0.000023019
10,109,receive_authenticate_accumulate,0.000022981,0.000023130
10,109,receive_authenticate_accumulate,0.000023074,0.000023204
10,109,receive_authenticate_accumulate,0.000022907,0.000022982
10,109,receive_authenticate_accumulate,0.000022870,0.000023000
10,109,receive_authenticate_accumulate,0.000022888,0.000023018
10,109,receive_authenticate_accumulate,0.000022962,0.000023019
10,109,receive_authenticate_accumulate,0.000026000,0.000026038
10,109,receive_authenticate_accumulate,0.000023055,0.000023130
10,109,receive_authenticate_accumulate,0.000022870,0.000022981
10,109,receive_authenticate_accumulate,0.000023055,0.000023167
10,109,receive_authenticate_accumulate,0.000022907,0.000022963
10,109,receive_authenticate_accumulate,0.000022944,0.000023074
10,109,receive_authenticate_accumulate,0.000022944,0.000023056
10,109,receive_authenticate_accumulate,0.000028796,0.000028759
10,109,receive_authenticate_accumulate,0.000023536,0.000023611
10,109,receive_authenticate_accumulate,0.000022944,0.000023055
10,109,receive_authenticate_accumulate,0.000022851,0.000022982
10,109,receive_authenticate_accumulate,0.000022907,0.000022889
10,109,receive_authenticate_accumulate,0.000022925,0.000023056
10,109,receive_authenticate_accumulate,0.000022906,0.000023000
10,109,receive_authenticate_accumulate,0.000022888,0.000022981
10,109,receive_authenticate_accumulate,0.000022833,0.000022963
10,109,receive_authenticate_accumulate,0.000022981,0.000023037
10,109,receive_authenticate_accumulate,0.000022815,0.000022908
10,109,receive_authenticate_accumulate,0.000022869,0.000023000
10,109,receive_authenticate_accumulate,0.000022814,0.000022945
10,109,receive_authenticate_accumulate,0.000026333,0.000026222
10,109,receive_authenticate_accumulate,0.000023092,0.000023186
10,109,receive_authenticate_accumulate,0.000024110,0.000024185
10,109,receive_authenticate_accumulate,0.000023036,0.000023167
10,109,receive_authenticate_accumulate,0.000023074,0.000023167
10,109,receive_authenticate_accumulate,0.000022907,0.000022963
10,109,receive_authenticate_accumulate,0.000023000,0.000023111
10,109,receive_authenticate_accumulate,0.000023036,0.000023111
10,109,receive_authenticate_accumulate,0.000022999,0.000023074
10,109,receive_authenticate_accumulate,0.000023036,0.000023130
10,109,receive_authenticate_accumulate,0.000022999,0.000023111
10,109,receive_authenticate_accumulate,0.000022981,0.000023056
10,109,receive_authenticate_accumulate,0.000023036,0.000023092
10,109,receive_authenticate_accumulate,0.000023110,0.000023259
10,109,receive_authenticate_accumulate,0.000022962,0.000023092
10,109,receive_authenticate_accumulate,0.000023054,0.000023167
10,109,receive_authenticate_accumulate,0.000022999,0.000023111
10,109,receive_authenticate_accumulate,0.000023036,0.000023148
10,109,receive_authenticate_accumulate,0.000022981,0.000023074
10,109,receive_authenticate_accumulate,0.000023074,0.000023167
10,109,receive_authenticate_accumulate,0.000026388,0.000026463
10,109,receive_authenticate_accumulate,0.000023166,0.000023223
10,109,receive_authenticate_accumulate,0.000022907,0.000023056
10,109,receive_authenticate_accumulate,0.000022833,0.000022926
10,109,receive_authenticate_accumulate,0.000022888,0.000022963
10,109,receive_authenticate_accumulate,0.000022888,0.000023000
10,109,receive_authenticate_accumulate,0.000023018,0.000023093
10,109,receive_authenticate_accumulate,0.000034110,0.000034222
10,109,receive_authenticate_accumulate,0.000023796,0.000023870
10,109,receive_authenticate_accumulate,0.000023018,0.000023074
10,109,receive_authenticate_accumulate,0.000022925,0.000022981
10,109,receive_authenticate_accumulate,0.000022943,0.000023019
10,109,receive_authenticate_accumulate,0.000022889,0.000022963
10,109,receive_authenticate_accumulate,0.000023000,0.000023111
10,109,receive_authenticate_accumulate,0.000022962,0.000023037
10,109,receive_authenticate_accumulate,0.000022888,0.000022963
10,109,receive_authenticate_accumulate,0.000022851,0.000022908
10,109,receive_authenticate_accumulate,0.000022943,0.000023018
10,109,receive_authenticate_accumulate,0.000022870,0.000023000
10,109,receive_authenticate_accumulate,0.000022926,0.000023000
10,109,billing_reconstruction_verify,0.025965091,0.025965926
10,109,billing_reconstruction_verify,0.025922499,0.025923241
10,109,billing_reconstruction_verify,0.025930240,0.025930963
10,109,billing_reconstruction_verify,0.025918425,0.025919167
10,109,billing_reconstruction_verify,0.025974850,0.025944999
10,109,billing_reconstruction_verify,0.025924036,0.025924778
10,109,billing_reconstruction_verify,0.025925296,0.025925944
10,109,billing_reconstruction_verify,0.025915425,0.025916111
10,109,billing_reconstruction_verify,0.025921333,0.025922130
10,109,billing_reconstruction_verify,0.025924777,0.025925537
10,109,billing_reconstruction_verify,0.025926314,0.025927055
10,109,billing_reconstruction_verify,0.025914518,0.025915296
10,109,billing_reconstruction_verify,0.025942536,0.025934092
10,109,billing_reconstruction_verify,0.025917055,0.025917814
10,109,billing_reconstruction_verify,0.025931888,0.025933018
10,109,billing_reconstruction_verify,0.025916741,0.025917463
10,109,billing_reconstruction_verify,0.025977795,0.025942870
10,109,billing_reconstruction_verify,0.025917222,0.025917944
10,109,billing_reconstruction_verify,0.025926333,0.025927111
10,109,billing_reconstruction_verify,0.025914982,0.025915796
11,110,period_reset,0.000028796,0.000025537
11,110,receive_authenticate_accumulate,0.000084924,0.000084370
11,110,receive_authenticate_accumulate,0.000066924,0.000066741
11,110,receive_authenticate_accumulate,0.000068332,0.000067945
11,110,receive_authenticate_accumulate,0.000063406,0.000063445
11,110,receive_authenticate_accumulate,0.000064683,0.000064370
11,110,receive_authenticate_accumulate,0.000061554,0.000061388
11,110,receive_authenticate_accumulate,0.000064350,0.000064000
11,110,receive_authenticate_accumulate,0.000062888,0.000062703
11,110,receive_authenticate_accumulate,0.000051536,0.000051389
11,110,receive_authenticate_accumulate,0.000048313,0.000047723
11,110,receive_authenticate_accumulate,0.000047425,0.000047204
11,110,receive_authenticate_accumulate,0.000048665,0.000048611
11,110,receive_authenticate_accumulate,0.000048554,0.000048277
11,110,receive_authenticate_accumulate,0.000048647,0.000048556
11,110,receive_authenticate_accumulate,0.000047573,0.000047463
11,110,receive_authenticate_accumulate,0.000049110,0.000049129
11,110,receive_authenticate_accumulate,0.000049110,0.000049055
11,110,receive_authenticate_accumulate,0.000045610,0.000045592
11,110,receive_authenticate_accumulate,0.000046739,0.000046741
11,110,receive_authenticate_accumulate,0.000047647,0.000047334
11,110,receive_authenticate_accumulate,0.000071461,0.000071055
11,110,receive_authenticate_accumulate,0.000075090,0.000074722
11,110,receive_authenticate_accumulate,0.000063443,0.000062149
11,110,receive_authenticate_accumulate,0.000063517,0.000063259
11,110,receive_authenticate_accumulate,0.000061665,0.000061389
11,110,receive_authenticate_accumulate,0.000059572,0.000059445
11,110,receive_authenticate_accumulate,0.000058980,0.000058778
11,110,receive_authenticate_accumulate,0.000060388,0.000060222
11,110,receive_authenticate_accumulate,0.000060480,0.000060389
11,110,receive_authenticate_accumulate,0.000060220,0.000060352
11,110,receive_authenticate_accumulate,0.000049684,0.000049593
11,110,receive_authenticate_accumulate,0.000042221,0.000042185
11,110,receive_authenticate_accumulate,0.000049406,0.000049371
11,110,receive_authenticate_accumulate,0.000048943,0.000048889
11,110,receive_authenticate_accumulate,0.000048221,0.000048037
11,110,receive_authenticate_accumulate,0.000047888,0.000047796
11,110,receive_authenticate_accumulate,0.000047258,0.000047074
11,110,receive_authenticate_accumulate,0.000048276,0.000048148
11,110,receive_authenticate_accumulate,0.000048351,0.000048296
11,110,receive_authenticate_accumulate,0.000047758,0.000047741
11,110,committee_selection,0.000107664,0.000107667
11,110,round_reset,0.000005093,0.000004445
11,110,receive_authenticate_accumulate,0.023169898,0.023077759
11,110,receive_authenticate_accumulate,0.017219104,0.017219630
11,110,receive_authenticate_accumulate,0.017221122,0.017221167
11,110,receive_authenticate_accumulate,0.017220196,0.017220556
11,110,receive_authenticate_accumulate,0.017220271,0.017220630
11,110,receive_authenticate_accumulate,0.017218808,0.017219166
11,110,receive_authenticate_accumulate,0.017213382,0.017213778
11,110,receive_authenticate_accumulate,0.017219309,0.017219814
11,110,receive_authenticate_accumulate,0.017258844,0.017233981
11,110,receive_authenticate_accumulate,0.017228290,0.017228630
11,110,receive_authenticate_accumulate,0.017213698,0.017214037
11,110,receive_authenticate_accumulate,0.017255178,0.017236573
11,110,receive_authenticate_accumulate,0.017227716,0.017228130
11,110,receive_authenticate_accumulate,0.017231587,0.017232055
11,110,receive_authenticate_accumulate,0.017230920,0.017231314
11,110,receive_authenticate_accumulate,0.017230272,0.017230481
11,110,receive_authenticate_accumulate,0.017226902,0.017227278
11,110,receive_authenticate_accumulate,0.017220292,0.017220611
11,110,receive_authenticate_accumulate,0.017222940,0.017223260
11,110,receive_authenticate_accumulate,0.017221014,0.017221204
11,110,round_coverage,0.001747660,0.001747371
11,110,receive_authenticate_accumulate,0.000045036,0.000045018
11,110,receive_authenticate_accumulate,0.000031185,0.000031185
11,110,receive_authenticate_accumulate,0.000049462,0.000049592
11,110,receive_authenticate_accumulate,0.000029999,0.000030037
11,110,receive_authenticate_accumulate,0.000029981,0.000030093
11,110,receive_authenticate_accumulate,0.000029759,0.000029833
11,110,receive_authenticate_accumulate,0.000029981,0.000029888
11,110,receive_authenticate_accumulate,0.000029666,0.000029667
11,110,receive_authenticate_accumulate,0.000029703,0.000029759
11,110,receive_authenticate_accumulate,0.000030259,0.000030203
11,110,spatial_reconstruction_verify,0.025964795,0.025965574
11,111,round_reset,0.000014759,0.000010648
11,111,receive_authenticate_accumulate,0.024692081,0.024633278
11,111,receive_authenticate_accumulate,0.017228968,0.017229481
11,111,receive_authenticate_accumulate,0.017222857,0.017223092
11,111,receive_authenticate_accumulate,0.017231134,0.017231462
11,111,receive_authenticate_accumulate,0.017230227,0.017230500
11,111,receive_authenticate_accumulate,0.017229486,0.017229704
11,111,receive_authenticate_accumulate,0.017216469,0.017216722
11,111,receive_authenticate_accumulate,0.017217543,0.017217777
11,111,receive_authenticate_accumulate,0.017220636,0.017220796
11,111,receive_authenticate_accumulate,0.017228784,0.017229092
11,111,receive_authenticate_accumulate,0.017218210,0.017218518
11,111,receive_authenticate_accumulate,0.017224932,0.017225314
11,111,receive_authenticate_accumulate,0.017221859,0.017222149
11,111,receive_authenticate_accumulate,0.017232210,0.017232426
11,111,receive_authenticate_accumulate,0.017226211,0.017226481
11,111,receive_authenticate_accumulate,0.017220748,0.017221148
11,111,receive_authenticate_accumulate,0.017249063,0.017249611
11,111,receive_authenticate_accumulate,0.017293005,0.017259647
11,111,receive_authenticate_accumulate,0.017230026,0.017230315
11,111,receive_authenticate_accumulate,0.017249692,0.017235130
11,111,round_coverage,0.001776846,0.001776963
11,111,receive_authenticate_accumulate,0.000044277,0.000044129
11,111,receive_authenticate_accumulate,0.000030888,0.000030907
11,111,receive_authenticate_accumulate,0.000030129,0.000030093
11,111,receive_authenticate_accumulate,0.000030295,0.000030296
11,111,receive_authenticate_accumulate,0.000030480,0.000030500
11,111,receive_authenticate_accumulate,0.000030166,0.000030111
11,111,receive_authenticate_accumulate,0.000029610,0.000029630
11,111,receive_authenticate_accumulate,0.000029481,0.000029537
11,111,receive_authenticate_accumulate,0.000029463,0.000029463
11,111,receive_authenticate_accumulate,0.000029741,0.000029704
11,111,spatial_reconstruction_verify,0.025973129,0.025973963
11,112,round_reset,0.000015481,0.000011352
11,112,receive_authenticate_accumulate,0.037516256,0.037401740
11,112,receive_authenticate_accumulate,0.017217869,0.017218056
11,112,receive_authenticate_accumulate,0.017222016,0.017221963
11,112,receive_authenticate_accumulate,0.017223146,0.017223445
11,112,receive_authenticate_accumulate,0.017222128,0.017222555
11,112,receive_authenticate_accumulate,0.017223683,0.017224037
11,112,receive_authenticate_accumulate,0.017216888,0.017217241
11,112,receive_authenticate_accumulate,0.017231924,0.017232297
11,112,receive_authenticate_accumulate,0.017232350,0.017232574
11,112,receive_authenticate_accumulate,0.017218962,0.017219333
11,112,receive_authenticate_accumulate,0.017220610,0.017220944
11,112,receive_authenticate_accumulate,0.017223556,0.017223981
11,112,receive_authenticate_accumulate,0.017222703,0.017222963
11,112,receive_authenticate_accumulate,0.017214463,0.017214722
11,112,receive_authenticate_accumulate,0.017231277,0.017231593
11,112,receive_authenticate_accumulate,0.017229889,0.017230074
11,112,receive_authenticate_accumulate,0.017221611,0.017222000
11,112,receive_authenticate_accumulate,0.017226000,0.017226352
11,112,receive_authenticate_accumulate,0.017223390,0.017223704
11,112,receive_authenticate_accumulate,0.017233537,0.017233778
11,112,round_coverage,0.002238484,0.002238408
11,112,receive_authenticate_accumulate,0.000050166,0.000050019
11,112,receive_authenticate_accumulate,0.000030499,0.000030537
11,112,receive_authenticate_accumulate,0.000030036,0.000029981
11,112,receive_authenticate_accumulate,0.000029759,0.000029759
11,112,receive_authenticate_accumulate,0.000030110,0.000030112
11,112,receive_authenticate_accumulate,0.000029592,0.000029593
11,112,receive_authenticate_accumulate,0.000029573,0.000029500
11,112,receive_authenticate_accumulate,0.000029536,0.000029537
11,112,receive_authenticate_accumulate,0.000029851,0.000029777
11,112,receive_authenticate_accumulate,0.000029666,0.000029593
11,112,spatial_reconstruction_verify,0.026030033,0.026030833
11,113,round_reset,0.000015074,0.000010722
11,113,receive_authenticate_accumulate,0.025857957,0.025858296
11,113,receive_authenticate_accumulate,0.017263286,0.017234778
11,113,receive_authenticate_accumulate,0.017220287,0.017220611
11,113,receive_authenticate_accumulate,0.017240342,0.017240611
11,113,receive_authenticate_accumulate,0.017223602,0.017223740
11,113,receive_authenticate_accumulate,0.017226269,0.017226518
11,113,receive_authenticate_accumulate,0.017207677,0.017207870
11,113,receive_authenticate_accumulate,0.017217510,0.017217722
11,113,receive_authenticate_accumulate,0.017211548,0.017211870
11,113,receive_authenticate_accumulate,0.017213825,0.017214111
11,113,receive_authenticate_accumulate,0.017225195,0.017225445
11,113,receive_authenticate_accumulate,0.017212215,0.017212518
11,113,receive_authenticate_accumulate,0.017231140,0.017231482
11,113,receive_authenticate_accumulate,0.025839702,0.025840148
11,113,receive_authenticate_accumulate,0.017223363,0.017223722
11,113,receive_authenticate_accumulate,0.017220251,0.017220445
11,113,receive_authenticate_accumulate,0.017219419,0.017219685
11,113,receive_authenticate_accumulate,0.017216401,0.017216778
11,113,receive_authenticate_accumulate,0.017218382,0.017218500
11,113,receive_authenticate_accumulate,0.017225659,0.017225944
11,113,round_coverage,0.001926252,0.001926000
11,113,receive_authenticate_accumulate,0.000045351,0.000045333
11,113,receive_authenticate_accumulate,0.000054425,0.000054426
11,113,receive_authenticate_accumulate,0.000030129,0.000030092
11,113,receive_authenticate_accumulate,0.000030148,0.000030111
11,113,receive_authenticate_accumulate,0.000030240,0.000030130
11,113,receive_authenticate_accumulate,0.000029888,0.000029926
11,113,receive_authenticate_accumulate,0.000029721,0.000029723
11,113,receive_authenticate_accumulate,0.000029759,0.000029723
11,113,receive_authenticate_accumulate,0.000029925,0.000029963
11,113,receive_authenticate_accumulate,0.000029814,0.000029741
11,113,spatial_reconstruction_verify,0.026018736,0.025987740
11,114,round_reset,0.000014870,0.000011500
11,114,receive_authenticate_accumulate,0.037744705,0.037629278
11,114,receive_authenticate_accumulate,0.017272334,0.017242852
11,114,receive_authenticate_accumulate,0.017219630,0.017219944
11,114,receive_authenticate_accumulate,0.017216668,0.017216926
11,114,receive_authenticate_accumulate,0.017227945,0.017228204
11,114,receive_authenticate_accumulate,0.017218964,0.017219315
11,114,receive_authenticate_accumulate,0.017278907,0.017238851
11,114,receive_authenticate_accumulate,0.017268538,0.017238555
11,114,receive_authenticate_accumulate,0.017227798,0.017228018
11,114,receive_authenticate_accumulate,0.017223465,0.017223685
11,114,receive_authenticate_accumulate,0.017217058,0.017217500
11,114,receive_authenticate_accumulate,0.017239131,0.017239500
11,114,receive_authenticate_accumulate,0.017224595,0.017224852
11,114,receive_authenticate_accumulate,0.017227855,0.017228055
11,114,receive_authenticate_accumulate,0.017228984,0.017229351
11,114,receive_authenticate_accumulate,0.017215892,0.017216167
11,114,receive_authenticate_accumulate,0.017210726,0.017210963
11,114,receive_authenticate_accumulate,0.017225392,0.017225648
11,114,receive_authenticate_accumulate,0.017225207,0.017225408
11,114,receive_authenticate_accumulate,0.017214225,0.017214519
11,114,round_coverage,0.001774460,0.001774351
11,114,receive_authenticate_accumulate,0.000044277,0.000044111
11,114,receive_authenticate_accumulate,0.000031055,0.000031092
11,114,receive_authenticate_accumulate,0.000030684,0.000030760
11,114,receive_authenticate_accumulate,0.000030147,0.000030148
11,114,receive_authenticate_accumulate,0.000030500,0.000030519
11,114,receive_authenticate_accumulate,0.000073573,0.000073870
11,114,receive_authenticate_accumulate,0.000026388,0.000026481
11,114,receive_authenticate_accumulate,0.000025981,0.000025981
11,114,receive_authenticate_accumulate,0.000025925,0.000025926
11,114,receive_authenticate_accumulate,0.000026166,0.000026167
11,114,spatial_reconstruction_verify,0.025974103,0.025974648
11,115,round_reset,0.000011777,0.000008149
11,115,receive_authenticate_accumulate,0.025858746,0.025859167
11,115,receive_authenticate_accumulate,0.017267028,0.017267407
11,115,receive_authenticate_accumulate,0.017229696,0.017229926
11,115,receive_authenticate_accumulate,0.017235696,0.017236148
11,115,receive_authenticate_accumulate,0.017223771,0.017223888
11,115,receive_authenticate_accumulate,0.017221771,0.017222037
11,115,receive_authenticate_accumulate,0.017253621,0.017229426
11,115,receive_authenticate_accumulate,0.017216530,0.017216740
11,115,receive_authenticate_accumulate,0.017261085,0.017233833
11,115,receive_authenticate_accumulate,0.017228845,0.017229166
11,115,receive_authenticate_accumulate,0.017223271,0.017223500
11,115,receive_authenticate_accumulate,0.017227456,0.017227889
11,115,receive_authenticate_accumulate,0.017265826,0.017244740
11,115,receive_authenticate_accumulate,0.023687371,0.023605074
11,115,receive_authenticate_accumulate,0.017220383,0.017220611
11,115,receive_authenticate_accumulate,0.017248437,0.017248981
11,115,receive_authenticate_accumulate,0.017220827,0.017221056
11,115,receive_authenticate_accumulate,0.017224327,0.017224482
11,115,receive_authenticate_accumulate,0.017222328,0.017222371
11,115,receive_authenticate_accumulate,0.017223587,0.017223760
11,115,round_coverage,0.002252432,0.002252481
11,115,receive_authenticate_accumulate,0.000045925,0.000045852
11,115,receive_authenticate_accumulate,0.000030851,0.000030870
11,115,receive_authenticate_accumulate,0.000030888,0.000030907
11,115,receive_authenticate_accumulate,0.000029832,0.000029815
11,115,receive_authenticate_accumulate,0.000029888,0.000029852
11,115,receive_authenticate_accumulate,0.000029722,0.000029648
11,115,receive_authenticate_accumulate,0.000054536,0.000054593
11,115,receive_authenticate_accumulate,0.000030037,0.000030130
11,115,receive_authenticate_accumulate,0.000030166,0.000030148
11,115,receive_authenticate_accumulate,0.000029758,0.000029648
11,115,spatial_reconstruction_verify,0.025963730,0.025964445
11,116,round_reset,0.000014888,0.000010241
11,116,receive_authenticate_accumulate,0.025867056,0.025867278
11,116,receive_authenticate_accumulate,0.017278723,0.017245851
11,116,receive_authenticate_accumulate,0.017282037,0.017244982
11,116,receive_authenticate_accumulate,0.017232020,0.017232185
11,116,receive_authenticate_accumulate,0.017227279,0.017227445
11,116,receive_authenticate_accumulate,0.017243612,0.017243982
11,116,receive_authenticate_accumulate,0.017224280,0.017224500
11,116,receive_authenticate_accumulate,0.017230390,0.017230759
11,116,receive_authenticate_accumulate,0.017228039,0.017228241
11,116,receive_authenticate_accumulate,0.017221706,0.017222000
11,116,receive_authenticate_accumulate,0.017263780,0.017236445
11,116,receive_authenticate_accumulate,0.017224928,0.017225167
11,116,receive_authenticate_accumulate,0.017228984,0.017229315
11,116,receive_authenticate_accumulate,0.025908466,0.025871834
11,116,receive_authenticate_accumulate,0.017220022,0.017220130
11,116,receive_authenticate_accumulate,0.017221151,0.017221296
11,116,receive_authenticate_accumulate,0.017262151,0.017240870
11,116,receive_authenticate_accumulate,0.017221540,0.017221796
11,116,receive_authenticate_accumulate,0.017234540,0.017234778
11,116,receive_authenticate_accumulate,0.017229670,0.017229703
11,116,round_coverage,0.001945940,0.001946056
11,116,receive_authenticate_accumulate,0.000043148,0.000042963
11,116,receive_authenticate_accumulate,0.000031203,0.000031037
11,116,receive_authenticate_accumulate,0.000030018,0.000030018
11,116,receive_authenticate_accumulate,0.000030000,0.000030019
11,116,receive_authenticate_accumulate,0.000030203,0.000030277
11,116,receive_authenticate_accumulate,0.000030611,0.000030611
11,116,receive_authenticate_accumulate,0.000029518,0.000029574
11,116,receive_authenticate_accumulate,0.000029833,0.000029777
11,116,receive_authenticate_accumulate,0.000029925,0.000029963
11,116,receive_authenticate_accumulate,0.000029796,0.000029889
11,116,spatial_reconstruction_verify,0.025974947,0.025975482
11,117,round_reset,0.000014962,0.000011074
11,117,receive_authenticate_accumulate,0.036965782,0.036852481
11,117,receive_authenticate_accumulate,0.017231565,0.017231741
11,117,receive_authenticate_accumulate,0.017222658,0.017222870
11,117,receive_authenticate_accumulate,0.017218789,0.017218963
11,117,receive_authenticate_accumulate,0.017230399,0.017230593
11,117,receive_authenticate_accumulate,0.017218770,0.017219093
11,117,receive_authenticate_accumulate,0.017259343,0.017233296
11,117,receive_authenticate_accumulate,0.017224400,0.017224593
11,117,receive_authenticate_accumulate,0.017244084,0.017244352
11,117,receive_authenticate_accumulate,0.017227270,0.017227611
11,117,receive_authenticate_accumulate,0.017270399,0.017243352
11,117,receive_authenticate_accumulate,0.017219400,0.017219611
11,117,receive_authenticate_accumulate,0.017216566,0.017216777
11,117,receive_authenticate_accumulate,0.017231845,0.017231926
11,117,receive_authenticate_accumulate,0.017269251,0.017240129
11,117,receive_authenticate_accumulate,0.017215049,0.017215296
11,117,receive_authenticate_accumulate,0.017220252,0.017220389
11,117,receive_authenticate_accumulate,0.017219956,0.017220278
11,117,receive_authenticate_accumulate,0.017218530,0.017218777
11,117,receive_authenticate_accumulate,0.017220586,0.017220833
11,117,round_coverage,0.001771556,0.001771797
11,117,receive_authenticate_accumulate,0.000044740,0.000044667
11,117,receive_authenticate_accumulate,0.000030795,0.000030814
11,117,receive_authenticate_accumulate,0.000029962,0.000029889
11,117,receive_authenticate_accumulate,0.000029721,0.000029796
11,117,receive_authenticate_accumulate,0.000029925,0.000029926
11,117,receive_authenticate_accumulate,0.000029851,0.000029759
11,117,receive_authenticate_accumulate,0.000030036,0.000030019
11,117,receive_authenticate_accumulate,0.000030074,0.000030093
11,117,receive_authenticate_accumulate,0.000029685,0.000029704
11,117,receive_authenticate_accumulate,0.000029814,0.000029797
11,117,spatial_reconstruction_verify,0.025979164,0.025979722
11,118,round_reset,0.000015704,0.000010889
11,118,receive_authenticate_accumulate,0.036285332,0.036169669
11,118,receive_authenticate_accumulate,0.017329276,0.017329574
11,118,receive_authenticate_accumulate,0.017319164,0.017319315
11,118,receive_authenticate_accumulate,0.017224444,0.017224741
11,118,receive_authenticate_accumulate,0.017219001,0.017219129
11,118,receive_authenticate_accumulate,0.017228815,0.017228981
11,118,receive_authenticate_accumulate,0.017212630,0.017212833
11,118,receive_authenticate_accumulate,0.017225463,0.017225703
11,118,receive_authenticate_accumulate,0.017209112,0.017209296
11,118,receive_authenticate_accumulate,0.017222704,0.017222926
11,118,receive_authenticate_accumulate,0.017221390,0.017221797
11,118,receive_authenticate_accumulate,0.017262444,0.017233055
11,118,receive_authenticate_accumulate,0.017227205,0.017227555
11,118,receive_authenticate_accumulate,0.017218205,0.017218481
11,118,receive_authenticate_accumulate,0.017222686,0.017222945
11,118,receive_authenticate_accumulate,0.017214891,0.017215019
11,118,receive_authenticate_accumulate,0.017215131,0.017215370
11,118,receive_authenticate_accumulate,0.017227816,0.017227944
11,118,receive_authenticate_accumulate,0.017222242,0.017222555
11,118,receive_authenticate_accumulate,0.017229557,0.017229814
11,118,round_coverage,0.002253898,0.002253963
11,118,receive_authenticate_accumulate,0.000042888,0.000042852
11,118,receive_authenticate_accumulate,0.000031037,0.000031167
11,118,receive_authenticate_accumulate,0.000029907,0.000029908
11,118,receive_authenticate_accumulate,0.000029592,0.000029630
11,118,receive_authenticate_accumulate,0.000030037,0.000030038
11,118,receive_authenticate_accumulate,0.000030184,0.000030240
11,118,receive_authenticate_accumulate,0.000029481,0.000029500
11,118,receive_authenticate_accumulate,0.000029851,0.000029907
11,118,receive_authenticate_accumulate,0.000029944,0.000029981
11,118,receive_authenticate_accumulate,0.000030055,0.000030056
11,118,spatial_reconstruction_verify,0.025999119,0.025973833
11,119,round_reset,0.000014814,0.000011297
11,119,receive_authenticate_accumulate,0.025901112,0.025870204
11,119,receive_authenticate_accumulate,0.017233952,0.017234148
11,119,receive_authenticate_accumulate,0.017227397,0.017227666
11,119,receive_authenticate_accumulate,0.017203156,0.017203593
11,119,receive_authenticate_accumulate,0.017220693,0.017221074
11,119,receive_authenticate_accumulate,0.017224768,0.017224963
11,119,receive_authenticate_accumulate,0.017214249,0.017214389
11,119,receive_authenticate_accumulate,0.017219564,0.017219833
11,119,receive_authenticate_accumulate,0.017224453,0.017224666
11,119,receive_authenticate_accumulate,0.017228212,0.017228463
11,119,receive_authenticate_accumulate,0.017219879,0.017220111
11,119,receive_authenticate_accumulate,0.017229027,0.017229296
11,119,receive_authenticate_accumulate,0.017216582,0.017216870
11,119,receive_authenticate_accumulate,0.019379743,0.019289888
11,119,receive_authenticate_accumulate,0.017232842,0.017233407
11,119,receive_authenticate_accumulate,0.017235434,0.017235685
11,119,receive_authenticate_accumulate,0.017219473,0.017219463
11,119,receive_authenticate_accumulate,0.017221009,0.017221222
11,119,receive_authenticate_accumulate,0.017231138,0.017231463
11,119,receive_authenticate_accumulate,0.017217380,0.017217611
11,119,round_coverage,0.001946220,0.001946037
11,119,receive_authenticate_accumulate,0.000045259,0.000045204
11,119,receive_authenticate_accumulate,0.000030795,0.000030834
11,119,receive_authenticate_accumulate,0.000029870,0.000029815
11,119,receive_authenticate_accumulate,0.000030352,0.000030333
11,119,receive_authenticate_accumulate,0.000029944,0.000029889
11,119,receive_authenticate_accumulate,0.000030147,0.000030056
11,119,receive_authenticate_accumulate,0.000029500,0.000029537
11,119,receive_authenticate_accumulate,0.000029555,0.000029575
11,119,receive_authenticate_accumulate,0.000029481,0.000029444
11,119,receive_authenticate_accumulate,0.000029425,0.000029351
11,119,spatial_reconstruction_verify,0.025978039,0.025978759
11,119,receive_authenticate_accumulate,0.000035592,0.000035500
11,119,receive_authenticate_accumulate,0.000027777,0.000027870
11,119,receive_authenticate_accumulate,0.000027259,0.000027333
11,119,receive_authenticate_accumulate,0.000027110,0.000027185
11,119,receive_authenticate_accumulate,0.000027185,0.000027296
11,119,receive_authenticate_accumulate,0.000027092,0.000027130
11,119,receive_authenticate_accumulate,0.000027018,0.000027055
11,119,receive_authenticate_accumulate,0.000027018,0.000027093
11,119,receive_authenticate_accumulate,0.000026907,0.000027074
11,119,receive_authenticate_accumulate,0.000026907,0.000026981
11,119,receive_authenticate_accumulate,0.000026870,0.000026982
11,119,receive_authenticate_accumulate,0.000026944,0.000027056
11,119,receive_authenticate_accumulate,0.000027073,0.000027185
11,119,receive_authenticate_accumulate,0.000026888,0.000026907
11,119,receive_authenticate_accumulate,0.000026981,0.000027074
11,119,receive_authenticate_accumulate,0.000027018,0.000027111
11,119,receive_authenticate_accumulate,0.000027074,0.000027222
11,119,receive_authenticate_accumulate,0.000026962,0.000026982
11,119,receive_authenticate_accumulate,0.000026889,0.000027000
11,119,receive_authenticate_accumulate,0.000026814,0.000026907
11,119,receive_authenticate_accumulate,0.000030314,0.000030278
11,119,receive_authenticate_accumulate,0.000027315,0.000027426
11,119,receive_authenticate_accumulate,0.000027018,0.000027111
11,119,receive_authenticate_accumulate,0.000026943,0.000027056
11,119,receive_authenticate_accumulate,0.000026944,0.000027000
11,119,receive_authenticate_accumulate,0.000026851,0.000026926
11,119,receive_authenticate_accumulate,0.000026981,0.000027074
11,119,receive_authenticate_accumulate,0.000026981,0.000027092
11,119,receive_authenticate_accumulate,0.000026907,0.000027037
11,119,receive_authenticate_accumulate,0.000026851,0.000026982
11,119,receive_authenticate_accumulate,0.000027185,0.000027278
11,119,receive_authenticate_accumulate,0.000026851,0.000027000
11,119,receive_authenticate_accumulate,0.000028407,0.000028426
11,119,receive_authenticate_accumulate,0.000027167,0.000027240
11,119,receive_authenticate_accumulate,0.000026981,0.000027037
11,119,receive_authenticate_accumulate,0.000026962,0.000027037
11,119,receive_authenticate_accumulate,0.000026870,0.000026889
11,119,receive_authenticate_accumulate,0.000030944,0.000030852
11,119,receive_authenticate_accumulate,0.000027222,0.000027222
11,119,receive_authenticate_accumulate,0.000027073,0.000027166
11,119,receive_authenticate_accumulate,0.000029944,0.000029889
11,119,receive_authenticate_accumulate,0.000027333,0.000027444
11,119,receive_authenticate_accumulate,0.000027000,0.000027093
11,119,receive_authenticate_accumulate,0.000026889,0.000026963
11,119,receive_authenticate_accumulate,0.000038296,0.000038444
11,119,receive_authenticate_accumulate,0.000024426,0.000024500
11,119,receive_authenticate_accumulate,0.000023037,0.000023092
11,119,receive_authenticate_accumulate,0.000023018,0.000023111
11,119,receive_authenticate_accumulate,0.000022944,0.000023037
11,119,receive_authenticate_accumulate,0.000022926,0.000023000
11,119,receive_authenticate_accumulate,0.000022944,0.000023056
11,119,receive_authenticate_accumulate,0.000022981,0.000023056
11,119,receive_authenticate_accumulate,0.000023037,0.000023149
11,119,receive_authenticate_accumulate,0.000023055,0.000023111
11,119,receive_authenticate_accumulate,0.000022907,0.000022962
11,119,receive_authenticate_accumulate,0.000022981,0.000023074
11,119,receive_authenticate_accumulate,0.000022926,0.000023000
11,119,receive_authenticate_accumulate,0.000022870,0.000023000
11,119,receive_authenticate_accumulate,0.000022815,0.000022963
11,119,receive_authenticate_accumulate,0.000023148,0.000023240
11,119,receive_authenticate_accumulate,0.000026240,0.000026241
11,119,receive_authenticate_accumulate,0.000023092,0.000023203
11,119,receive_authenticate_accumulate,0.000022962,0.000023075
11,119,receive_authenticate_accumulate,0.000022759,0.000022814
11,119,receive_authenticate_accumulate,0.000022907,0.000023037
11,119,receive_authenticate_accumulate,0.000022833,0.000022907
11,119,receive_authenticate_accumulate,0.000022944,0.000023037
11,119,receive_authenticate_accumulate,0.000022852,0.000022944
11,119,receive_authenticate_accumulate,0.000022889,0.000022981
11,119,receive_authenticate_accumulate,0.000022925,0.000023037
11,119,receive_authenticate_accumulate,0.000023000,0.000023074
11,119,receive_authenticate_accumulate,0.000024258,0.000024222
11,119,receive_authenticate_accumulate,0.000022963,0.000023019
11,119,receive_authenticate_accumulate,0.000022889,0.000023019
11,119,receive_authenticate_accumulate,0.000022944,0.000023037
11,119,receive_authenticate_accumulate,0.000022963,0.000023018
11,119,receive_authenticate_accumulate,0.000022925,0.000023018
11,119,receive_authenticate_accumulate,0.000022814,0.000022889
11,119,receive_authenticate_accumulate,0.000022981,0.000023074
11,119,receive_authenticate_accumulate,0.000022870,0.000023000
11,119,receive_authenticate_accumulate,0.000026000,0.000026074
11,119,receive_authenticate_accumulate,0.000023259,0.000023296
11,119,receive_authenticate_accumulate,0.000023092,0.000023222
11,119,receive_authenticate_accumulate,0.000022832,0.000022926
11,119,receive_authenticate_accumulate,0.000022926,0.000023000
11,119,receive_authenticate_accumulate,0.000022870,0.000022981
11,119,receive_authenticate_accumulate,0.000022981,0.000023075
11,119,receive_authenticate_accumulate,0.000022870,0.000023000
11,119,receive_authenticate_accumulate,0.000022981,0.000023074
11,119,receive_authenticate_accumulate,0.000022962,0.000023055
11,119,receive_authenticate_accumulate,0.000022962,0.000023055
11,119,receive_authenticate_accumulate,0.000022907,0.000022981
11,119,receive_authenticate_accumulate,0.000022926,0.000022981
11,119,receive_authenticate_accumulate,0.000022963,0.000023111
11,119,receive_authenticate_accumulate,0.000023000,0.000023074
11,119,receive_authenticate_accumulate,0.000022925,0.000023000
11,119,receive_authenticate_accumulate,0.000022907,0.000023055
11,119,receive_authenticate_accumulate,0.000024036,0.000024166
11,119,receive_authenticate_accumulate,0.000023074,0.000023167
11,119,receive_authenticate_accumulate,0.000023018,0.000023093
11,119,receive_authenticate_accumulate,0.000032851,0.000032741
11,119,receive_authenticate_accumulate,0.000024259,0.000024296
11,119,receive_authenticate_accumulate,0.000023148,0.000023240
11,119,receive_authenticate_accumulate,0.000023129,0.000023260
11,119,receive_authenticate_accumulate,0.000023055,0.000023130
11,119,receive_authenticate_accumulate,0.000023092,0.000023185
11,119,receive_authenticate_accumulate,0.000022925,0.000023000
11,119,receive_authenticate_accumulate,0.000022981,0.000023056
11,119,receive_authenticate_accumulate,0.000023074,0.000023148
11,119,receive_authenticate_accumulate,0.000022907,0.000023000
11,119,receive_authenticate_accumulate,0.000022944,0.000023074
11,119,receive_authenticate_accumulate,0.000022981,0.000023130
11,119,receive_authenticate_accumulate,0.000023000,0.000023074
11,119,receive_authenticate_accumulate,0.000023018,0.000023129
11,119,receive_authenticate_accumulate,0.000022981,0.000023093
11,119,receive_authenticate_accumulate,0.000023055,0.000023186
11,119,receive_authenticate_accumulate,0.000022981,0.000023092
11,119,receive_authenticate_accumulate,0.000023037,0.000023111
11,119,receive_authenticate_accumulate,0.000022869,0.000023000
11,119,receive_authenticate_accumulate,0.000022963,0.000023037
11,119,receive_authenticate_accumulate,0.000026110,0.000026185
11,119,receive_authenticate_accumulate,0.000023370,0.000023407
11,119,receive_authenticate_accumulate,0.000022999,0.000023111
11,119,receive_authenticate_accumulate,0.000022925,0.000023000
11,119,receive_authenticate_accumulate,0.000022981,0.000023056
11,119,receive_authenticate_accumulate,0.000022852,0.000022944
11,119,receive_authenticate_accumulate,0.000022870,0.000023000
11,119,receive_authenticate_accumulate,0.000022889,0.000022963
11,119,receive_authenticate_accumulate,0.000023055,0.000023112
11,119,receive_authenticate_accumulate,0.000022963,0.000023093
11,119,receive_authenticate_accumulate,0.000022925,0.000023056
11,119,receive_authenticate_accumulate,0.000022944,0.000023037
11,119,receive_authenticate_accumulate,0.000023000,0.000023056
11,119,receive_authenticate_accumulate,0.000022999,0.000023111
11,119,receive_authenticate_accumulate,0.000022907,0.000023037
11,119,receive_authenticate_accumulate,0.000022944,0.000023037
11,119,receive_authenticate_accumulate,0.000022963,0.000023074
11,119,receive_authenticate_accumulate,0.000023073,0.000023148
11,119,receive_authenticate_accumulate,0.000022870,0.000022926
11,119,receive_authenticate_accumulate,0.000022888,0.000023000
11,119,receive_authenticate_accumulate,0.000025814,0.000025797
11,119,receive_authenticate_accumulate,0.000023204,0.000023333
11,119,receive_authenticate_accumulate,0.000023092,0.000023186
11,119,receive_authenticate_accumulate,0.000023092,0.000023167
11,119,receive_authenticate_accumulate,0.000022944,0.000023111
11,119,receive_authenticate_accumulate,0.000022981,0.000023018
11,119,receive_authenticate_accumulate,0.000022907,0.000023000
11,119,receive_authenticate_accumulate,0.000022963,0.000023074
11,119,receive_authenticate_accumulate,0.000022870,0.000022944
11,119,receive_authenticate_accumulate,0.000022944,0.000023037
11,119,receive_authenticate_accumulate,0.000022888,0.000022945
11,119,receive_authenticate_accumulate,0.000022907,0.000023037
11,119,receive_authenticate_accumulate,0.000022944,0.000023019
11,119,receive_authenticate_accumulate,0.000022870,0.000022963
11,119,receive_authenticate_accumulate,0.000022981,0.000023055
11,119,receive_authenticate_accumulate,0.000022888,0.000023000
11,119,receive_authenticate_accumulate,0.000022888,0.000022926
11,119,receive_authenticate_accumulate,0.000022889,0.000022982
11,119,receive_authenticate_accumulate,0.000022944,0.000023019
11,119,receive_authenticate_accumulate,0.000022926,0.000022963
11,119,receive_authenticate_accumulate,0.000025370,0.000025389
11,119,receive_authenticate_accumulate,0.000023222,0.000023315
11,119,receive_authenticate_accumulate,0.000024074,0.000024093
11,119,receive_authenticate_accumulate,0.000022907,0.000023000
11,119,receive_authenticate_accumulate,0.000023037,0.000023111
11,119,receive_authenticate_accumulate,0.000022870,0.000022963
11,119,receive_authenticate_accumulate,0.000022888,0.000023148
11,119,receive_authenticate_accumulate,0.000022815,0.000022945
11,119,receive_authenticate_accumulate,0.000035518,0.000035722
11,119,receive_authenticate_accumulate,0.000029259,0.000029222
11,119,receive_authenticate_accumulate,0.000023647,0.000023722
11,119,receive_authenticate_accumulate,0.000023018,0.000023093
11,119,receive_authenticate_accumulate,0.000023000,0.000023092
11,119,receive_authenticate_accumulate,0.000022851,0.000022963
11,119,receive_authenticate_accumulate,0.000023055,0.000023185
11,119,receive_authenticate_accumulate,0.000023018,0.000023074
11,119,receive_authenticate_accumulate,0.000022944,0.000023019
11,119,receive_authenticate_accumulate,0.000022925,0.000023037
11,119,receive_authenticate_accumulate,0.000022944,0.000023019
11,119,receive_authenticate_accumulate,0.000023019,0.000023148
11,119,receive_authenticate_accumulate,0.000025999,0.000025944
11,119,receive_authenticate_accumulate,0.000023462,0.000023574
11,119,receive_authenticate_accumulate,0.000022870,0.000022944
11,119,receive_authenticate_accumulate,0.000022962,0.000023129
11,119,receive_authenticate_accumulate,0.000022926,0.000022982
11,119,receive_authenticate_accumulate,0.000022963,0.000023093
11,119,receive_authenticate_accumulate,0.000022833,0.000023000
11,119,receive_authenticate_accumulate,0.000022815,0.000022907
11,119,receive_authenticate_accumulate,0.000022851,0.000022963
11,119,receive_authenticate_accumulate,0.000022907,0.000022963
11,119,receive_authenticate_accumulate,0.000022888,0.000022963
11,119,receive_authenticate_accumulate,0.000022852,0.000022963
11,119,receive_authenticate_accumulate,0.000022963,0.000023056
11,119,receive_authenticate_accumulate,0.000022962,0.000023037
11,119,receive_authenticate_accumulate,0.000022944,0.000023018
11,119,receive_authenticate_accumulate,0.000022833,0.000022889
11,119,receive_authenticate_accumulate,0.000022907,0.000023019
11,119,receive_authenticate_accumulate,0.000023222,0.000023334
11,119,receive_authenticate_accumulate,0.000023000,0.000023149
11,119,receive_authenticate_accumulate,0.000022740,0.000022833
11,119,billing_reconstruction_verify,0.025958243,0.025958851
11,119,billing_reconstruction_verify,0.025929595,0.025930223
11,119,billing_reconstruction_verify,0.025927541,0.025928148
11,119,billing_reconstruction_verify,0.025932614,0.025933240
11,119,billing_reconstruction_verify,0.025922411,0.025923074
11,119,billing_reconstruction_verify,0.025923726,0.025924204
11,119,billing_reconstruction_verify,0.025919578,0.025920333
11,119,billing_reconstruction_verify,0.025963336,0.025940407
11,119,billing_reconstruction_verify,0.025914615,0.025915148
11,119,billing_reconstruction_verify,0.025931336,0.025931908
11,119,billing_reconstruction_verify,0.025922059,0.025922593
11,119,billing_reconstruction_verify,0.025923114,0.025923685
11,119,billing_reconstruction_verify,0.025914318,0.025914926
11,119,billing_reconstruction_verify,0.025921559,0.025922166
11,119,billing_reconstruction_verify,0.025920171,0.025920796
11,119,billing_reconstruction_verify,0.025940818,0.025932296
11,119,billing_reconstruction_verify,0.025914836,0.025915371
11,119,billing_reconstruction_verify,0.025919633,0.025920241
11,119,billing_reconstruction_verify,0.025945188,0.025930760
11,119,billing_reconstruction_verify,0.025924411,0.025924982
12,120,period_reset,0.000028518,0.000024760
12,120,receive_authenticate_accumulate,0.000083109,0.000082851
12,120,receive_authenticate_accumulate,0.000070036,0.000068760
12,120,receive_authenticate_accumulate,0.000064758,0.000064760
12,120,receive_authenticate_accumulate,0.000064276,0.000064185
12,120,receive_authenticate_accumulate,0.000064036,0.000064092
12,120,receive_authenticate_accumulate,0.000064036,0.000063852
12,120,receive_authenticate_accumulate,0.000063166,0.000063074
12,120,receive_authenticate_accumulate,0.000064166,0.000064093
12,120,receive_authenticate_accumulate,0.000062462,0.000062315
12,120,receive_authenticate_accumulate,0.000064480,0.000064352
12,120,receive_authenticate_accumulate,0.000063536,0.000063445
12,120,receive_authenticate_accumulate,0.000063387,0.000063112
12,120,receive_authenticate_accumulate,0.000079184,0.000078796
12,120,receive_authenticate_accumulate,0.000066498,0.000066130
12,120,receive_authenticate_accumulate,0.000067073,0.000066740
12,120,receive_authenticate_accumulate,0.000062554,0.000062241
12,120,receive_authenticate_accumulate,0.000080258,0.000079685
12,120,receive_authenticate_accumulate,0.000042684,0.000042556
12,120,receive_authenticate_accumulate,0.000042277,0.000042204
12,120,receive_authenticate_accumulate,0.000041925,0.000041426
12,120,receive_authenticate_accumulate,0.000061314,0.000061278
12,120,receive_authenticate_accumulate,0.000050129,0.000050074
12,120,receive_authenticate_accumulate,0.000049443,0.000049351
12,120,receive_authenticate_accumulate,0.000049036,0.000048907
12,120,receive_authenticate_accumulate,0.000049536,0.000049278
12,120,receive_authenticate_accumulate,0.000049795,0.000049722
12,120,receive_authenticate_accumulate,0.000049443,0.000049333
12,120,receive_authenticate_accumulate,0.000047314,0.000047241
12,120,receive_authenticate_accumulate,0.000039944,0.000039944
12,120,receive_authenticate_accumulate,0.000048665,0.000048630
12,120,receive_authenticate_accumulate,0.000049906,0.000049778
12,120,receive_authenticate_accumulate,0.000048240,0.000048204
12,120,receive_authenticate_accumulate,0.000049462,0.000049222
12,120,receive_authenticate_accumulate,0.000049443,0.000049333
12,120,receive_authenticate_accumulate,0.000049018,0.000048926
12,120,receive_authenticate_accumulate,0.000047518,0.000047500
12,120,receive_authenticate_accumulate,0.000047499,0.000047407
12,120,receive_authenticate_accumulate,0.000048462,0.000048333
12,120,receive_authenticate_accumulate,0.000049351,0.000049019
12,120,receive_authenticate_accumulate,0.000048036,0.000047815
12,120,committee_selection,0.000110016,0.000109778
12,120,round_reset,0.000004778,0.000004204
12,120,receive_authenticate_accumulate,0.025868901,0.025869111
12,120,receive_authenticate_accumulate,0.017221441,0.017221259
12,120,receive_authenticate_accumulate,0.017223034,0.017223148
12,120,receive_authenticate_accumulate,0.017235311,0.017235593
12,120,receive_authenticate_accumulate,0.017230070,0.017230315
12,120,receive_authenticate_accumulate,0.017214201,0.017214630
12,120,receive_authenticate_accumulate,0.017222534,0.017222667
12,120,receive_authenticate_accumulate,0.017228570,0.017228852
12,120,receive_authenticate_accumulate,0.017215793,0.017216037
12,120,receive_authenticate_accumulate,0.017274459,0.017234018
12,120,receive_authenticate_accumulate,0.017217090,0.017217481
12,120,receive_authenticate_accumulate,0.017217312,0.017217352
12,120,receive_authenticate_accumulate,0.017212831,0.017213000
12,120,receive_authenticate_accumulate,0.017278163,0.017232112
12,120,receive_authenticate_accumulate,0.017225146,0.017225352
12,120,receive_authenticate_accumulate,0.017215275,0.017215481
12,120,receive_authenticate_accumulate,0.017222109,0.017222463
12,120,receive_authenticate_accumulate,0.017228979,0.017229167
12,120,receive_authenticate_accumulate,0.017234906,0.017235149
12,120,receive_authenticate_accumulate,0.017219536,0.017219407
12,120,round_coverage,0.001595895,0.001595982
12,120,receive_authenticate_accumulate,0.000046240,0.000046056
12,120,receive_authenticate_accumulate,0.000030980,0.000030908
12,120,receive_authenticate_accumulate,0.000030314,0.000030241
12,120,receive_authenticate_accumulate,0.000029889,0.000029852
12,120,receive_authenticate_accumulate,0.000030481,0.000030407
12,120,receive_authenticate_accumulate,0.000029870,0.000029796
12,120,receive_authenticate_accumulate,0.000030184,0.000030222
12,120,receive_authenticate_accumulate,0.000029647,0.000029630
12,120,receive_authenticate_accumulate,0.000030110,0.000030093
12,120,receive_authenticate_accumulate,0.000055295,0.000055259
12,120,spatial_reconstruction_verify,0.026021364,0.025976276
12,121,round_reset,0.000015240,0.000011130
12,121,receive_authenticate_accumulate,0.025880023,0.025880445
12,121,receive_authenticate_accumulate,0.017229041,0.017229389
12,121,receive_authenticate_accumulate,0.017243966,0.017225759
12,121,receive_authenticate_accumulate,0.017233651,0.017233871
12,121,receive_authenticate_accumulate,0.017224226,0.017224537
12,121,receive_authenticate_accumulate,0.017227985,0.017228333
12,121,receive_authenticate_accumulate,0.017260521,0.017232148
12,121,receive_authenticate_accumulate,0.017227318,0.017227666
12,121,receive_authenticate_accumulate,0.017228060,0.017228278
12,121,receive_authenticate_accumulate,0.017222245,0.017222648
12,121,receive_authenticate_accumulate,0.017213245,0.017213593
12,121,receive_authenticate_accumulate,0.017222633,0.017222852
12,121,receive_authenticate_accumulate,0.017225263,0.017225556
12,121,receive_authenticate_accumulate,0.017244448,0.017229074
12,121,receive_authenticate_accumulate,0.017221153,0.017221370
12,121,receive_authenticate_accumulate,0.017215949,0.017216111
12,121,receive_authenticate_accumulate,0.017217431,0.017217907
12,121,receive_authenticate_accumulate,0.017223967,0.017224093
12,121,receive_authenticate_accumulate,0.017219764,0.017219852
12,121,receive_authenticate_accumulate,0.017224283,0.017224519
12,121,round_coverage,0.002236124,0.002236000
12,121,receive_authenticate_accumulate,0.000045814,0.000045611
12,121,receive_authenticate_accumulate,0.000031167,0.000031259
12,121,receive_authenticate_accumulate,0.000030351,0.000030407
12,121,receive_authenticate_accumulate,0.000029777,0.000029852
12,121,receive_authenticate_accumulate,0.000029944,0.000029963
12,121,receive_authenticate_accumulate,0.000029832,0.000029852
12,121,receive_authenticate_accumulate,0.000030111,0.000030074
12,121,receive_authenticate_accumulate,0.000030240,0.000030241
12,121,receive_authenticate_accumulate,0.000029907,0.000029981
12,121,receive_authenticate_accumulate,0.000029352,0.000029371
12,121,spatial_reconstruction_verify,0.026018448,0.025994871
12,122,round_reset,0.000015259,0.000011722
12,122,receive_authenticate_accumulate,0.025865607,0.025865962
12,122,receive_authenticate_accumulate,0.017230732,0.017230963
12,122,receive_authenticate_accumulate,0.017214232,0.017214370
12,122,receive_authenticate_accumulate,0.017225454,0.017225630
12,122,receive_authenticate_accumulate,0.017219825,0.017220074
12,122,receive_authenticate_accumulate,0.017223103,0.017223130
12,122,receive_authenticate_accumulate,0.017228251,0.017228463
12,122,receive_authenticate_accumulate,0.017261565,0.017231814
12,122,receive_authenticate_accumulate,0.017213047,0.017213296
12,122,receive_authenticate_accumulate,0.017222714,0.017222925
12,122,receive_authenticate_accumulate,0.017207622,0.017207815
12,122,receive_authenticate_accumulate,0.017204640,0.017204870
12,122,receive_authenticate_accumulate,0.017215251,0.017215463
12,122,receive_authenticate_accumulate,0.017252491,0.017236499
12,122,receive_authenticate_accumulate,0.017234455,0.017234685
12,122,receive_authenticate_accumulate,0.017220659,0.017220962
12,122,receive_authenticate_accumulate,0.017211752,0.017212092
12,122,receive_authenticate_accumulate,0.017223288,0.017223389
12,122,receive_authenticate_accumulate,0.017217437,0.017217704
12,122,receive_authenticate_accumulate,0.017227549,0.017227759
12,122,round_coverage,0.001942556,0.001942686
12,122,receive_authenticate_accumulate,0.000046277,0.000046092
12,122,receive_authenticate_accumulate,0.000030536,0.000030556
12,122,receive_authenticate_accumulate,0.000030130,0.000030167
12,122,receive_authenticate_accumulate,0.000030055,0.000030000
12,122,receive_authenticate_accumulate,0.000029925,0.000029944
12,122,receive_authenticate_accumulate,0.000029721,0.000029815
12,122,receive_authenticate_accumulate,0.000029999,0.000029963
12,122,receive_authenticate_accumulate,0.000033833,0.000033778
12,122,receive_authenticate_accumulate,0.000030055,0.000030130
12,122,receive_authenticate_accumulate,0.000030000,0.000029870
12,122,spatial_reconstruction_verify,0.025968607,0.025969019
12,123,round_reset,0.000014073,0.000010241
12,123,receive_authenticate_accumulate,0.025870912,0.025871000
12,123,receive_authenticate_accumulate,0.017232183,0.017232389
12,123,receive_authenticate_accumulate,0.017220923,0.017221148
12,123,receive_authenticate_accumulate,0.017224312,0.017224574
12,123,receive_authenticate_accumulate,0.017220405,0.017220592
12,123,receive_authenticate_accumulate,0.017220998,0.017221259
12,123,receive_authenticate_accumulate,0.017217887,0.017218018
12,123,receive_authenticate_accumulate,0.017218294,0.017218444
12,123,receive_authenticate_accumulate,0.017222405,0.017222537
12,123,receive_authenticate_accumulate,0.017215480,0.017215796
12,123,receive_authenticate_accumulate,0.017219942,0.017220241
12,123,receive_authenticate_accumulate,0.017243868,0.017244129
12,123,receive_authenticate_accumulate,0.017216591,0.017216851
12,123,receive_authenticate_accumulate,0.017215665,0.017215815
12,123,receive_authenticate_accumulate,0.017223702,0.017223685
12,123,receive_authenticate_accumulate,0.017222350,0.017222593
12,123,receive_authenticate_accumulate,0.017249516,0.017223203
12,123,receive_authenticate_accumulate,0.017234517,0.017234888
12,123,receive_authenticate_accumulate,0.017225054,0.017225296
12,123,receive_authenticate_accumulate,0.017221258,0.017221463
12,123,round_coverage,0.001756227,0.001756148
12,123,receive_authenticate_accumulate,0.000044592,0.000044500
12,123,receive_authenticate_accumulate,0.000030703,0.000030833
12,123,receive_authenticate_accumulate,0.000054665,0.000054815
12,123,receive_authenticate_accumulate,0.000032926,0.000032796
12,123,receive_authenticate_accumulate,0.000029778,0.000029667
12,123,receive_authenticate_accumulate,0.000029721,0.000029741
12,123,receive_authenticate_accumulate,0.000029555,0.000029611
12,123,receive_authenticate_accumulate,0.000029999,0.000029945
12,123,receive_authenticate_accumulate,0.000030147,0.000030148
12,123,receive_authenticate_accumulate,0.000029796,0.000029722
12,123,spatial_reconstruction_verify,0.025966876,0.025967445
12,124,round_reset,0.000014333,0.000010759
12,124,receive_authenticate_accumulate,0.025878180,0.025878500
12,124,receive_authenticate_accumulate,0.017225836,0.017226056
12,124,receive_authenticate_accumulate,0.017224151,0.017224167
12,124,receive_authenticate_accumulate,0.017225633,0.017225888
12,124,receive_authenticate_accumulate,0.017261669,0.017239222
12,124,receive_authenticate_accumulate,0.017225281,0.017225574
12,124,receive_authenticate_accumulate,0.017223318,0.017223500
12,124,receive_authenticate_accumulate,0.017262243,0.017241240
12,124,receive_authenticate_accumulate,0.017214911,0.017215129
12,124,receive_authenticate_accumulate,0.017222597,0.017222833
12,124,receive_authenticate_accumulate,0.017214485,0.017214685
12,124,receive_authenticate_accumulate,0.017231503,0.017231667
12,124,receive_authenticate_accumulate,0.017216430,0.017216686
12,124,receive_authenticate_accumulate,0.017254078,0.017237037
12,124,receive_authenticate_accumulate,0.017218467,0.017218649
12,124,receive_authenticate_accumulate,0.017225486,0.017225667
12,124,receive_authenticate_accumulate,0.017209820,0.017210018
12,124,receive_authenticate_accumulate,0.017223541,0.017223759
12,124,receive_authenticate_accumulate,0.017251152,0.017225686
12,124,receive_authenticate_accumulate,0.017223226,0.017223426
12,124,round_coverage,0.002252719,0.002253000
12,124,receive_authenticate_accumulate,0.000043851,0.000043741
12,124,receive_authenticate_accumulate,0.000030407,0.000030334
12,124,receive_authenticate_accumulate,0.000051444,0.000051500
12,124,receive_authenticate_accumulate,0.000034555,0.000034481
12,124,receive_authenticate_accumulate,0.000030074,0.000030055
12,124,receive_authenticate_accumulate,0.000029630,0.000029463
12,124,receive_authenticate_accumulate,0.000029778,0.000029686
12,124,receive_authenticate_accumulate,0.000029463,0.000029537
12,124,receive_authenticate_accumulate,0.000029870,0.000029796
12,124,receive_authenticate_accumulate,0.000029555,0.000029519
12,124,spatial_reconstruction_verify,0.025969069,0.025969556
12,125,round_reset,0.000014851,0.000010241
12,125,receive_authenticate_accumulate,0.025869263,0.025869537
12,125,receive_authenticate_accumulate,0.017226619,0.017226723
12,125,receive_authenticate_accumulate,0.017230175,0.017230426
12,125,receive_authenticate_accumulate,0.017232083,0.017232259
12,125,receive_authenticate_accumulate,0.017224713,0.017224981
12,125,receive_authenticate_accumulate,0.017218509,0.017218759
12,125,receive_authenticate_accumulate,0.017231045,0.017231278
12,125,receive_authenticate_accumulate,0.017244083,0.017244574
12,125,receive_authenticate_accumulate,0.017216232,0.017216129
12,125,receive_authenticate_accumulate,0.017220454,0.017220537
12,125,receive_authenticate_accumulate,0.017226657,0.017226871
12,125,receive_authenticate_accumulate,0.017219380,0.017219555
12,125,receive_authenticate_accumulate,0.017257250,0.017228204
12,125,receive_authenticate_accumulate,0.017223287,0.017223482
12,125,receive_authenticate_accumulate,0.017278879,0.017244741
12,125,receive_authenticate_accumulate,0.017216213,0.017216352
12,125,receive_authenticate_accumulate,0.017218046,0.017218185
12,125,receive_authenticate_accumulate,0.017226195,0.017226611
12,125,receive_authenticate_accumulate,0.017221344,0.017221574
12,125,receive_authenticate_accumulate,0.017220917,0.017221074
12,125,round_coverage,0.001927077,0.001927204
12,125,receive_authenticate_accumulate,0.000047759,0.000047667
12,125,receive_authenticate_accumulate,0.000030647,0.000030648
12,125,receive_authenticate_accumulate,0.000030592,0.000030519
12,125,receive_authenticate_accumulate,0.000029852,0.000029815
12,125,receive_authenticate_accumulate,0.000029685,0.000029518
12,125,receive_authenticate_accumulate,0.000029814,0.000029703
12,125,receive_authenticate_accumulate,0.000030278,0.000030148
12,125,receive_authenticate_accumulate,0.000029500,0.000029500
12,125,receive_authenticate_accumulate,0.000029351,0.000029277
12,125,receive_authenticate_accumulate,0.000029111,0.000029111
12,125,spatial_reconstruction_verify,0.025975558,0.025976074
12,126,round_reset,0.000016074,0.000012222
12,126,receive_authenticate_accumulate,0.036436493,0.036249501
12,126,receive_authenticate_accumulate,0.017227976,0.017228296
12,126,receive_authenticate_accumulate,0.017221977,0.017222259
12,126,receive_authenticate_accumulate,0.017225162,0.017225370
12,126,receive_authenticate_accumulate,0.017230680,0.017230851
12,126,receive_authenticate_accumulate,0.017227032,0.017227222
12,126,receive_authenticate_accumulate,0.017238328,0.017238556
12,126,receive_authenticate_accumulate,0.017225255,0.017225407
12,126,receive_authenticate_accumulate,0.017253366,0.017241686
12,126,receive_authenticate_accumulate,0.017218848,0.017218834
12,126,receive_authenticate_accumulate,0.017232422,0.017232574
12,126,receive_authenticate_accumulate,0.017268680,0.017242296
12,126,receive_authenticate_accumulate,0.017217199,0.017217389
12,126,receive_authenticate_accumulate,0.025842475,0.025842741
12,126,receive_authenticate_accumulate,0.017215330,0.017215555
12,126,receive_authenticate_accumulate,0.017215867,0.017215982
12,126,receive_authenticate_accumulate,0.017269422,0.017236871
12,126,receive_authenticate_accumulate,0.017221941,0.017222185
12,126,receive_authenticate_accumulate,0.017233070,0.017233333
12,126,receive_authenticate_accumulate,0.017212404,0.017212592
12,126,round_coverage,0.001774043,0.001774093
12,126,receive_authenticate_accumulate,0.000045166,0.000045130
12,126,receive_authenticate_accumulate,0.000030703,0.000030704
12,126,receive_authenticate_accumulate,0.000061221,0.000061204
12,126,receive_authenticate_accumulate,0.000026870,0.000026926
12,126,receive_authenticate_accumulate,0.000026222,0.000026186
12,126,receive_authenticate_accumulate,0.000025944,0.000025963
12,126,receive_authenticate_accumulate,0.000026092,0.000026092
12,126,receive_authenticate_accumulate,0.000025852,0.000026000
12,126,receive_authenticate_accumulate,0.000025981,0.000025870
12,126,receive_authenticate_accumulate,0.000025815,0.000025815
12,126,spatial_reconstruction_verify,0.025978011,0.025978481
12,127,round_reset,0.000011704,0.000008185
12,127,receive_authenticate_accumulate,0.037738629,0.037591113
12,127,receive_authenticate_accumulate,0.017276425,0.017247889
12,127,receive_authenticate_accumulate,0.017228666,0.017229074
12,127,receive_authenticate_accumulate,0.017228574,0.017228796
12,127,receive_authenticate_accumulate,0.017214981,0.017215092
12,127,receive_authenticate_accumulate,0.017225907,0.017226074
12,127,receive_authenticate_accumulate,0.017229408,0.017229648
12,127,receive_authenticate_accumulate,0.017225667,0.017225667
12,127,receive_authenticate_accumulate,0.017224148,0.017224389
12,127,receive_authenticate_accumulate,0.017222056,0.017222130
12,127,receive_authenticate_accumulate,0.017217149,0.017217277
12,127,receive_authenticate_accumulate,0.017227630,0.017227741
12,127,receive_authenticate_accumulate,0.017226056,0.017226222
12,127,receive_authenticate_accumulate,0.017221334,0.017221500
12,127,receive_authenticate_accumulate,0.017239705,0.017240018
12,127,receive_authenticate_accumulate,0.017249260,0.017231223
12,127,receive_authenticate_accumulate,0.017229242,0.017229259
12,127,receive_authenticate_accumulate,0.017215372,0.017215519
12,127,receive_authenticate_accumulate,0.017220630,0.017221018
12,127,receive_authenticate_accumulate,0.017230890,0.017231130
12,127,round_coverage,0.002250202,0.002250370
12,127,receive_authenticate_accumulate,0.000044092,0.000043908
12,127,receive_authenticate_accumulate,0.000030833,0.000030778
12,127,receive_authenticate_accumulate,0.000030222,0.000030111
12,127,receive_authenticate_accumulate,0.000029777,0.000029723
12,127,receive_authenticate_accumulate,0.000030277,0.000030315
12,127,receive_authenticate_accumulate,0.000029852,0.000029685
12,127,receive_authenticate_accumulate,0.000029870,0.000029889
12,127,receive_authenticate_accumulate,0.000034611,0.000034518
12,127,receive_authenticate_accumulate,0.000030389,0.000030352
12,127,receive_authenticate_accumulate,0.000029685,0.000029741
12,127,spatial_reconstruction_verify,0.025962296,0.025962852
12,128,round_reset,0.000013981,0.000010555
12,128,receive_authenticate_accumulate,0.025914135,0.025883759
12,128,receive_authenticate_accumulate,0.017229300,0.017229556
12,128,receive_authenticate_accumulate,0.017214987,0.017215167
12,128,receive_authenticate_accumulate,0.017223468,0.017223741
12,128,receive_authenticate_accumulate,0.017244449,0.017244907
12,128,receive_authenticate_accumulate,0.017228042,0.017228277
12,128,receive_authenticate_accumulate,0.017216986,0.017217185
12,128,receive_authenticate_accumulate,0.017215227,0.017215629
12,128,receive_authenticate_accumulate,0.017213283,0.017213518
12,128,receive_authenticate_accumulate,0.017265023,0.017243871
12,128,receive_authenticate_accumulate,0.017220375,0.017220592
12,128,receive_authenticate_accumulate,0.017212191,0.017212444
12,128,receive_authenticate_accumulate,0.017222080,0.017222481
12,128,receive_authenticate_accumulate,0.017228098,0.017228296
12,128,receive_authenticate_accumulate,0.017216246,0.017216463
12,128,receive_authenticate_accumulate,0.017228839,0.017228907
12,128,receive_authenticate_accumulate,0.017218209,0.017218278
12,128,receive_authenticate_accumulate,0.017221173,0.017221315
12,128,receive_authenticate_accumulate,0.017236450,0.017236686
12,128,receive_authenticate_accumulate,0.017221579,0.017221778
12,128,round_coverage,0.001955967,0.001956000
12,128,receive_authenticate_accumulate,0.000045499,0.000045445
12,128,receive_authenticate_accumulate,0.000030925,0.000030871
12,128,receive_authenticate_accumulate,0.000029944,0.000029926
12,128,receive_authenticate_accumulate,0.000030167,0.000030111
12,128,receive_authenticate_accumulate,0.000029852,0.000029945
12,128,receive_authenticate_accumulate,0.000029722,0.000029648
12,128,receive_authenticate_accumulate,0.000029759,0.000029759
12,128,receive_authenticate_accumulate,0.000029629,0.000029593
12,128,receive_authenticate_accumulate,0.000029888,0.000029889
12,128,receive_authenticate_accumulate,0.000029944,0.000029944
12,128,spatial_reconstruction_verify,0.025980451,0.025981074
12,129,round_reset,0.000011778,0.000007982
12,129,receive_authenticate_accumulate,0.036543057,0.036435667
12,129,receive_authenticate_accumulate,0.017226546,0.017226630
12,129,receive_authenticate_accumulate,0.017216953,0.017217315
12,129,receive_authenticate_accumulate,0.017245898,0.017228870
12,129,receive_authenticate_accumulate,0.017219750,0.017219851
12,129,receive_authenticate_accumulate,0.017262324,0.017232796
12,129,receive_authenticate_accumulate,0.017221750,0.017221888
12,129,receive_authenticate_accumulate,0.017221380,0.017221685
12,129,receive_authenticate_accumulate,0.017239398,0.017239667
12,129,receive_authenticate_accumulate,0.017227862,0.017228037
12,129,receive_authenticate_accumulate,0.017214899,0.017215093
12,129,receive_authenticate_accumulate,0.017224102,0.017224370
12,129,receive_authenticate_accumulate,0.017229713,0.017229926
12,129,receive_authenticate_accumulate,0.017229861,0.017230037
12,129,receive_authenticate_accumulate,0.017220677,0.017220833
12,129,receive_authenticate_accumulate,0.017222676,0.017222704
12,129,receive_authenticate_accumulate,0.017231028,0.017231241
12,129,receive_authenticate_accumulate,0.017216918,0.017217111
12,129,receive_authenticate_accumulate,0.017227992,0.017228148
12,129,receive_authenticate_accumulate,0.017222454,0.017222630
12,129,round_coverage,0.001754453,0.001754389
12,129,receive_authenticate_accumulate,0.000043647,0.000043556
12,129,receive_authenticate_accumulate,0.000030536,0.000030482
12,129,receive_authenticate_accumulate,0.000030500,0.000030481
12,129,receive_authenticate_accumulate,0.000029851,0.000029759
12,129,receive_authenticate_accumulate,0.000030352,0.000030425
12,129,receive_authenticate_accumulate,0.000029796,0.000029945
12,129,receive_authenticate_accumulate,0.000030055,0.000030148
12,129,receive_authenticate_accumulate,0.000029759,0.000029777
12,129,receive_authenticate_accumulate,0.000030073,0.000030000
12,129,receive_authenticate_accumulate,0.000029740,0.000029685
12,129,spatial_reconstruction_verify,0.025984068,0.025984630
12,129,receive_authenticate_accumulate,0.000035351,0.000035222
12,129,receive_authenticate_accumulate,0.000027722,0.000027796
12,129,receive_authenticate_accumulate,0.000027536,0.000027649
12,129,receive_authenticate_accumulate,0.000027055,0.000027148
12,129,receive_authenticate_accumulate,0.000027074,0.000027185
12,129,receive_authenticate_accumulate,0.000026907,0.000026963
12,129,receive_authenticate_accumulate,0.000026906,0.000027019
12,129,receive_authenticate_accumulate,0.000027000,0.000027111
12,129,receive_authenticate_accumulate,0.000026944,0.000027055
12,129,receive_authenticate_accumulate,0.000026907,0.000026944
12,129,receive_authenticate_accumulate,0.000026981,0.000027074
12,129,receive_authenticate_accumulate,0.000026833,0.000026945
12,129,receive_authenticate_accumulate,0.000027110,0.000027203
12,129,receive_authenticate_accumulate,0.000026963,0.000027037
12,129,receive_authenticate_accumulate,0.000026962,0.000027074
12,129,receive_authenticate_accumulate,0.000026833,0.000026945
12,129,receive_authenticate_accumulate,0.000026999,0.000027111
12,129,receive_authenticate_accumulate,0.000027148,0.000027278
12,129,receive_authenticate_accumulate,0.000027000,0.000027037
12,129,receive_authenticate_accumulate,0.000027222,0.000027352
12,129,receive_authenticate_accumulate,0.000030795,0.000030815
12,129,receive_authenticate_accumulate,0.000027388,0.000027445
12,129,receive_authenticate_accumulate,0.000027055,0.000027148
12,129,receive_authenticate_accumulate,0.000026944,0.000027037
12,129,receive_authenticate_accumulate,0.000026888,0.000027037
12,129,receive_authenticate_accumulate,0.000027056,0.000027130
12,129,receive_authenticate_accumulate,0.000027055,0.000027185
12,129,receive_authenticate_accumulate,0.000026870,0.000026981
12,129,receive_authenticate_accumulate,0.000026925,0.000027018
12,129,receive_authenticate_accumulate,0.000026944,0.000027037
12,129,receive_authenticate_accumulate,0.000026963,0.000027055
12,129,receive_authenticate_accumulate,0.000027056,0.000027185
12,129,receive_authenticate_accumulate,0.000028296,0.000028352
12,129,receive_authenticate_accumulate,0.000027222,0.000027259
12,129,receive_authenticate_accumulate,0.000027221,0.000027259
12,129,receive_authenticate_accumulate,0.000027074,0.000027148
12,129,receive_authenticate_accumulate,0.000026944,0.000026944
12,129,receive_authenticate_accumulate,0.000026944,0.000027018
12,129,receive_authenticate_accumulate,0.000026889,0.000026907
12,129,receive_authenticate_accumulate,0.000026889,0.000027000
12,129,receive_authenticate_accumulate,0.000030518,0.000030463
12,129,receive_authenticate_accumulate,0.000027370,0.000027463
12,129,receive_authenticate_accumulate,0.000027055,0.000027130
12,129,receive_authenticate_accumulate,0.000026869,0.000026888
12,129,receive_authenticate_accumulate,0.000026907,0.000026926
12,129,receive_authenticate_accumulate,0.000026851,0.000026945
12,129,receive_authenticate_accumulate,0.000027055,0.000027148
12,129,receive_authenticate_accumulate,0.000026944,0.000027018
12,129,receive_authenticate_accumulate,0.000028259,0.000028223
12,129,receive_authenticate_accumulate,0.000027129,0.000027259
12,129,receive_authenticate_accumulate,0.000026944,0.000027037
12,129,receive_authenticate_accumulate,0.000026888,0.000026982
12,129,receive_authenticate_accumulate,0.000026851,0.000026963
12,129,receive_authenticate_accumulate,0.000026963,0.000027018
12,129,receive_authenticate_accumulate,0.000027018,0.000027074
12,129,receive_authenticate_accumulate,0.000026944,0.000027019
12,129,receive_authenticate_accumulate,0.000026962,0.000027018
12,129,receive_authenticate_accumulate,0.000027074,0.000027111
12,129,receive_authenticate_accumulate,0.000026851,0.000026870
12,129,receive_authenticate_accumulate,0.000046870,0.000047074
12,129,receive_authenticate_accumulate,0.000030055,0.000030000
12,129,receive_authenticate_accumulate,0.000027295,0.000027389
12,129,receive_authenticate_accumulate,0.000026907,0.000026982
12,129,receive_authenticate_accumulate,0.000026999,0.000027074
12,129,receive_authenticate_accumulate,0.000026833,0.000026926
12,129,receive_authenticate_accumulate,0.000026982,0.000027056
12,129,receive_authenticate_accumulate,0.000026926,0.000027018
12,129,receive_authenticate_accumulate,0.000026833,0.000026945
12,129,receive_authenticate_accumulate,0.000026926,0.000026981
12,129,receive_authenticate_accumulate,0.000026833,0.000026944
12,129,receive_authenticate_accumulate,0.000026889,0.000026981
12,129,receive_authenticate_accumulate,0.000026833,0.000026907
12,129,receive_authenticate_accumulate,0.000026907,0.000027000
12,129,receive_authenticate_accumulate,0.000027110,0.000027185
12,129,receive_authenticate_accumulate,0.000026925,0.000026945
12,129,receive_authenticate_accumulate,0.000026888,0.000026963
12,129,receive_authenticate_accumulate,0.000026907,0.000027037
12,129,receive_authenticate_accumulate,0.000026888,0.000026945
12,129,receive_authenticate_accumulate,0.000026851,0.000026981
12,129,receive_authenticate_accumulate,0.000026963,0.000027019
12,129,receive_authenticate_accumulate,0.000030315,0.000030278
12,129,receive_authenticate_accumulate,0.000027407,0.000027500
12,129,receive_authenticate_accumulate,0.000027036,0.000027129
12,129,receive_authenticate_accumulate,0.000027018,0.000027130
12,129,receive_authenticate_accumulate,0.000027000,0.000027037
12,129,receive_authenticate_accumulate,0.000026926,0.000027000
12,129,receive_authenticate_accumulate,0.000027110,0.000027148
12,129,receive_authenticate_accumulate,0.000026981,0.000027000
12,129,receive_authenticate_accumulate,0.000026889,0.000026944
12,129,receive_authenticate_accumulate,0.000026926,0.000026963
12,129,receive_authenticate_accumulate,0.000026889,0.000026926
12,129,receive_authenticate_accumulate,0.000026963,0.000027074
12,129,receive_authenticate_accumulate,0.000027185,0.000027278
12,129,receive_authenticate_accumulate,0.000027055,0.000027111
12,129,receive_authenticate_accumulate,0.000026981,0.000027055
12,129,receive_authenticate_accumulate,0.000026981,0.000027093
12,129,receive_authenticate_accumulate,0.000027055,0.000027149
12,129,receive_authenticate_accumulate,0.000028185,0.000028167
12,129,receive_authenticate_accumulate,0.000027092,0.000027130
12,129,receive_authenticate_accumulate,0.000027258,0.000027315
12,129,receive_authenticate_accumulate,0.000036259,0.000036315
12,129,receive_authenticate_accumulate,0.000024481,0.000024519
12,129,receive_authenticate_accumulate,0.000022944,0.000023018
12,129,receive_authenticate_accumulate,0.000022981,0.000023055
12,129,receive_authenticate_accumulate,0.000022907,0.000022982
12,129,receive_authenticate_accumulate,0.000022888,0.000022944
12,129,receive_authenticate_accumulate,0.000022833,0.000022926
12,129,receive_authenticate_accumulate,0.000022759,0.000022889
12,129,receive_authenticate_accumulate,0.000022759,0.000022907
12,129,receive_authenticate_accumulate,0.000022852,0.000023000
12,129,receive_authenticate_accumulate,0.000022870,0.000022982
12,129,receive_authenticate_accumulate,0.000022777,0.000022870
12,129,receive_authenticate_accumulate,0.000023037,0.000023111
12,129,receive_authenticate_accumulate,0.000022833,0.000022963
12,129,receive_authenticate_accumulate,0.000022944,0.000023000
12,129,receive_authenticate_accumulate,0.000022907,0.000023074
12,129,receive_authenticate_accumulate,0.000022925,0.000022981
12,129,receive_authenticate_accumulate,0.000022833,0.000022852
12,129,receive_authenticate_accumulate,0.000023111,0.000023222
12,129,receive_authenticate_accumulate,0.000022907,0.000023018
12,129,receive_authenticate_accumulate,0.000031481,0.000031425
12,129,receive_authenticate_accumulate,0.000024407,0.000024574
12,129,receive_authenticate_accumulate,0.000023259,0.000023352
12,129,receive_authenticate_accumulate,0.000023055,0.000023111
12,129,receive_authenticate_accumulate,0.000022907,0.000023000
12,129,receive_authenticate_accumulate,0.000023296,0.000023445
12,129,receive_authenticate_accumulate,0.000022981,0.000023093
12,129,receive_authenticate_accumulate,0.000022944,0.000023074
12,129,receive_authenticate_accumulate,0.000022888,0.000022963
12,129,receive_authenticate_accumulate,0.000022981,0.000023055
12,129,receive_authenticate_accumulate,0.000022963,0.000023111
12,129,receive_authenticate_accumulate,0.000023036,0.000023092
12,129,receive_authenticate_accumulate,0.000022925,0.000023019
12,129,receive_authenticate_accumulate,0.000023000,0.000023130
12,129,receive_authenticate_accumulate,0.000023055,0.000023148
12,129,receive_authenticate_accumulate,0.000022926,0.000023093
12,129,receive_authenticate_accumulate,0.000023037,0.000023093
12,129,receive_authenticate_accumulate,0.000023036,0.000023092
12,129,receive_authenticate_accumulate,0.000022907,0.000023000
12,129,receive_authenticate_accumulate,0.000022981,0.000023111
12,129,receive_authenticate_accumulate,0.000026333,0.000026277
12,129,receive_authenticate_accumulate,0.000023259,0.000023334
12,129,receive_authenticate_accumulate,0.000022851,0.000022926
12,129,receive_authenticate_accumulate,0.000022852,0.000022944
12,129,receive_authenticate_accumulate,0.000023167,0.000023240
12,129,receive_authenticate_accumulate,0.000022963,0.000023074
12,129,receive_authenticate_accumulate,0.000022925,0.000023000
12,129,receive_authenticate_accumulate,0.000022962,0.000023092
12,129,receive_authenticate_accumulate,0.000023111,0.000023167
12,129,receive_authenticate_accumulate,0.000022889,0.000023000
12,129,receive_authenticate_accumulate,0.000023056,0.000023203
12,129,receive_authenticate_accumulate,0.000022889,0.000022963
12,129,receive_authenticate_accumulate,0.000023148,0.000023223
12,129,receive_authenticate_accumulate,0.000022963,0.000023074
12,129,receive_authenticate_accumulate,0.000022963,0.000023055
12,129,receive_authenticate_accumulate,0.000022944,0.000023074
12,129,receive_authenticate_accumulate,0.000022944,0.000023056
12,129,receive_authenticate_accumulate,0.000023018,0.000023111
12,129,receive_authenticate_accumulate,0.000022833,0.000022963
12,129,receive_authenticate_accumulate,0.000023000,0.000023093
12,129,receive_authenticate_accumulate,0.000026185,0.000026223
12,129,receive_authenticate_accumulate,0.000023240,0.000023259
12,129,receive_authenticate_accumulate,0.000024074,0.000024111
12,129,receive_authenticate_accumulate,0.000023018,0.000023148
12,129,receive_authenticate_accumulate,0.000022944,0.000023018
12,129,receive_authenticate_accumulate,0.000022944,0.000023037
12,129,receive_authenticate_accumulate,0.000023203,0.000023277
12,129,receive_authenticate_accumulate,0.000022999,0.000023056
12,129,receive_authenticate_accumulate,0.000022999,0.000023167
12,129,receive_authenticate_accumulate,0.000022944,0.000023037
12,129,receive_authenticate_accumulate,0.000023055,0.000023185
12,129,receive_authenticate_accumulate,0.000022777,0.000022908
12,129,receive_authenticate_accumulate,0.000022759,0.000022889
12,129,receive_authenticate_accumulate,0.000022925,0.000023018
12,129,receive_authenticate_accumulate,0.000022944,0.000023018
12,129,receive_authenticate_accumulate,0.000022925,0.000023056
12,129,receive_authenticate_accumulate,0.000022852,0.000022944
12,129,receive_authenticate_accumulate,0.000022907,0.000022981
12,129,receive_authenticate_accumulate,0.000022963,0.000023018
12,129,receive_authenticate_accumulate,0.000022815,0.000022907
12,129,receive_authenticate_accumulate,0.000026167,0.000026055
12,129,receive_authenticate_accumulate,0.000023166,0.000023260
12,129,receive_authenticate_accumulate,0.000023037,0.000023093
12,129,receive_authenticate_accumulate,0.000023000,0.000023111
12,129,receive_authenticate_accumulate,0.000022944,0.000023018
12,129,receive_authenticate_accumulate,0.000022888,0.000022944
12,129,receive_authenticate_accumulate,0.000022889,0.000022982
12,129,receive_authenticate_accumulate,0.000043703,0.000043926
12,129,receive_authenticate_accumulate,0.000024685,0.000024703
12,129,receive_authenticate_accumulate,0.000023129,0.000023241
12,129,receive_authenticate_accumulate,0.000022926,0.000022981
12,129,receive_authenticate_accumulate,0.000023000,0.000023056
12,129,receive_authenticate_accumulate,0.000023037,0.000023093
12,129,receive_authenticate_accumulate,0.000022944,0.000023000
12,129,receive_authenticate_accumulate,0.000022888,0.000023018
12,129,receive_authenticate_accumulate,0.000022925,0.000023000
12,129,receive_authenticate_accumulate,0.000024388,0.000024444
12,129,receive_authenticate_accumulate,0.000022851,0.000022907
12,129,receive_authenticate_accumulate,0.000022778,0.000022852
12,129,receive_authenticate_accumulate,0.000022925,0.000023074
12,129,billing_reconstruction_verify,0.025963217,0.025963723
12,129,billing_reconstruction_verify,0.025928587,0.025929111
12,129,billing_reconstruction_verify,0.025924125,0.025924574
12,129,billing_reconstruction_verify,0.025934606,0.025935093
12,129,billing_reconstruction_verify,0.025921532,0.025922037
12,129,billing_reconstruction_verify,0.025924365,0.025924926
12,129,billing_reconstruction_verify,0.025957828,0.025938333
12,129,billing_reconstruction_verify,0.025968087,0.025947704
12,129,billing_reconstruction_verify,0.025920958,0.025921408
12,129,billing_reconstruction_verify,0.025925106,0.025925630
12,129,billing_reconstruction_verify,0.025924958,0.025925463
12,129,billing_reconstruction_verify,0.025928884,0.025929407
12,129,billing_reconstruction_verify,0.025942920,0.025945166
12,129,billing_reconstruction_verify,0.025938735,0.025939519
12,129,billing_reconstruction_verify,0.025925995,0.025926722
12,129,billing_reconstruction_verify,0.025955920,0.025938555
12,129,billing_reconstruction_verify,0.025927032,0.025927482
12,129,billing_reconstruction_verify,0.025949273,0.025934648
12,129,billing_reconstruction_verify,0.025934032,0.025934519
12,129,billing_reconstruction_verify,0.025926254,0.025926667
13,130,period_reset,0.000030462,0.000026833
13,130,receive_authenticate_accumulate,0.000083424,0.000082389
13,130,receive_authenticate_accumulate,0.000066314,0.000065648
13,130,receive_authenticate_accumulate,0.000064239,0.000064259
13,130,receive_authenticate_accumulate,0.000064702,0.000065426
13,130,receive_authenticate_accumulate,0.000066722,0.000066500
13,130,receive_authenticate_accumulate,0.000064388,0.000063833
13,130,receive_authenticate_accumulate,0.000061684,0.000061666
13,130,receive_authenticate_accumulate,0.000066055,0.000065741
13,130,receive_authenticate_accumulate,0.000050740,0.000050500
13,130,receive_authenticate_accumulate,0.000050017,0.000049871
13,130,receive_authenticate_accumulate,0.000049259,0.000049148
13,130,receive_authenticate_accumulate,0.000048499,0.000048482
13,130,receive_authenticate_accumulate,0.000048684,0.000048611
13,130,receive_authenticate_accumulate,0.000047610,0.000047333
13,130,receive_authenticate_accumulate,0.000047888,0.000047815
13,130,receive_authenticate_accumulate,0.000048222,0.000048037
13,130,receive_authenticate_accumulate,0.000047481,0.000047407
13,130,receive_authenticate_accumulate,0.000048406,0.000048315
13,130,receive_authenticate_accumulate,0.000048110,0.000048074
13,130,receive_authenticate_accumulate,0.000049036,0.000049019
13,130,receive_authenticate_accumulate,0.000072166,0.000072055
13,130,receive_authenticate_accumulate,0.000060980,0.000060926
13,130,receive_authenticate_accumulate,0.000059684,0.000059593
13,130,receive_authenticate_accumulate,0.000059610,0.000059648
13,130,receive_authenticate_accumulate,0.000058333,0.000058278
13,130,receive_authenticate_accumulate,0.000060370,0.000060111
13,130,receive_authenticate_accumulate,0.000059980,0.000059907
13,130,receive_authenticate_accumulate,0.000058740,0.000059056
13,130,receive_authenticate_accumulate,0.000059369,0.000059277
13,130,receive_authenticate_accumulate,0.000059999,0.000060148
13,130,receive_authenticate_accumulate,0.000049073,0.000048889
13,130,receive_authenticate_accumulate,0.000048648,0.000048518
13,130,receive_authenticate_accumulate,0.000048758,0.000048926
13,130,receive_authenticate_accumulate,0.000048054,0.000048074
13,130,receive_authenticate_accumulate,0.000049555,0.000049463
13,130,receive_authenticate_accumulate,0.000048054,0.000048055
13,130,receive_authenticate_accumulate,0.000049296,0.000049259
13,130,receive_authenticate_accumulate,0.000048351,0.000048203
13,130,receive_authenticate_accumulate,0.000048888,0.000048871
13,130,receive_authenticate_accumulate,0.000041203,0.000041093
13,130,committee_selection,0.000106924,0.000106815
13,130,round_reset,0.000005037,0.000004685
13,130,receive_authenticate_accumulate,0.022556703,0.022468240
13,130,receive_authenticate_accumulate,0.017224568,0.017225000
13,130,receive_authenticate_accumulate,0.017232161,0.017232334
13,130,receive_authenticate_accumulate,0.017229550,0.017229648
13,130,receive_authenticate_accumulate,0.017210366,0.017210500
13,130,receive_authenticate_accumulate,0.017225884,0.017226055
13,130,receive_authenticate_accumulate,0.017218699,0.017218759
13,130,receive_authenticate_accumulate,0.017225273,0.017225296
13,130,receive_authenticate_accumulate,0.017220513,0.017220648
13,130,receive_authenticate_accumulate,0.017208402,0.017208389
13,130,receive_authenticate_accumulate,0.017221791,0.017221926
13,130,receive_authenticate_accumulate,0.017233328,0.017233759
13,130,receive_authenticate_accumulate,0.017227828,0.017227907
13,130,receive_authenticate_accumulate,0.017220736,0.017220796
13,130,receive_authenticate_accumulate,0.017219254,0.017219463
13,130,receive_authenticate_accumulate,0.017223458,0.017223629
13,130,receive_authenticate_accumulate,0.017220958,0.017221055
13,130,receive_authenticate_accumulate,0.017208551,0.017208667
13,130,receive_authenticate_accumulate,0.017223088,0.017223204
13,130,receive_authenticate_accumulate,0.017221348,0.017221370
13,130,round_coverage,0.002076540,0.002076593
13,130,receive_authenticate_accumulate,0.000044351,0.000044333
13,130,receive_authenticate_accumulate,0.000031018,0.000031148
13,130,receive_authenticate_accumulate,0.000030351,0.000030426
13,130,receive_authenticate_accumulate,0.000030684,0.000030722
13,130,receive_authenticate_accumulate,0.000030184,0.000030167
13,130,receive_authenticate_accumulate,0.000029759,0.000029704
13,130,receive_authenticate_accumulate,0.000032592,0.000032482
13,130,receive_authenticate_accumulate,0.000030092,0.000030018
13,130,receive_authenticate_accumulate,0.000030074,0.000030074
13,130,receive_authenticate_accumulate,0.000030518,0.000030500
13,130,spatial_reconstruction_verify,0.025998407,0.025979593
13,131,round_reset,0.000015462,0.000011759
13,131,receive_authenticate_accumulate,0.025866358,0.025866259
13,131,receive_authenticate_accumulate,0.017234350,0.017234704
13,131,receive_authenticate_accumulate,0.017224054,0.017224166
13,131,receive_authenticate_accumulate,0.017213110,0.017212815
13,131,receive_authenticate_accumulate,0.017221351,0.017221537
13,131,receive_authenticate_accumulate,0.017219665,0.017219685
13,131,receive_authenticate_accumulate,0.017225110,0.017225389
13,131,receive_authenticate_accumulate,0.017216462,0.017216703
13,131,receive_authenticate_accumulate,0.017226369,0.017226537
13,131,receive_authenticate_accumulate,0.017226684,0.017226982
13,131,receive_authenticate_accumulate,0.017245572,0.017234889
13,131,receive_authenticate_accumulate,0.017229572,0.017229870
13,131,receive_authenticate_accumulate,0.017248665,0.017224388
13,131,receive_authenticate_accumulate,0.017497494,0.017425480
13,131,receive_authenticate_accumulate,0.017220943,0.017221148
13,131,receive_authenticate_accumulate,0.017272368,0.017248408
13,131,receive_authenticate_accumulate,0.017218869,0.017219037
13,131,receive_authenticate_accumulate,0.017280461,0.017243223
13,131,receive_authenticate_accumulate,0.017215740,0.017215907
13,131,receive_authenticate_accumulate,0.017214073,0.017214166
13,131,round_coverage,0.001923599,0.001923426
13,131,receive_authenticate_accumulate,0.000046277,0.000046278
13,131,receive_authenticate_accumulate,0.000030795,0.000030778
13,131,receive_authenticate_accumulate,0.000030259,0.000030315
13,131,receive_authenticate_accumulate,0.000030240,0.000030333
13,131,receive_authenticate_accumulate,0.000029981,0.000029908
13,131,receive_authenticate_accumulate,0.000030462,0.000030537
13,131,receive_authenticate_accumulate,0.000029889,0.000029852
13,131,receive_authenticate_accumulate,0.000049722,0.000049908
13,131,receive_authenticate_accumulate,0.000026481,0.000026334
13,131,receive_authenticate_accumulate,0.000026185,0.000026277
13,131,spatial_reconstruction_verify,0.025965654,0.025966240
13,132,round_reset,0.000014962,0.000011334
13,132,receive_authenticate_accumulate,0.025879252,0.025879481
13,132,receive_authenticate_accumulate,0.017224409,0.017224519
13,132,receive_authenticate_accumulate,0.017223390,0.017223611
13,132,receive_authenticate_accumulate,0.017204484,0.017204667
13,132,receive_authenticate_accumulate,0.017262501,0.017250629
13,132,receive_authenticate_accumulate,0.017232076,0.017232204
13,132,receive_authenticate_accumulate,0.017228187,0.017228333
13,132,receive_authenticate_accumulate,0.017215317,0.017215370
13,132,receive_authenticate_accumulate,0.017222243,0.017222482
13,132,receive_authenticate_accumulate,0.017217484,0.017217648
13,132,receive_authenticate_accumulate,0.017218428,0.017218593
13,132,receive_authenticate_accumulate,0.017224113,0.017224278
13,132,receive_authenticate_accumulate,0.017224206,0.017224388
13,132,receive_authenticate_accumulate,0.017268613,0.017246092
13,132,receive_authenticate_accumulate,0.017216355,0.017216482
13,132,receive_authenticate_accumulate,0.017247947,0.017233556
13,132,receive_authenticate_accumulate,0.017221318,0.017221333
13,132,receive_authenticate_accumulate,0.017226410,0.017226611
13,132,receive_authenticate_accumulate,0.017237447,0.017237593
13,132,receive_authenticate_accumulate,0.017217540,0.017217685
13,132,round_coverage,0.001756861,0.001756612
13,132,receive_authenticate_accumulate,0.000045036,0.000044833
13,132,receive_authenticate_accumulate,0.000030999,0.000031111
13,132,receive_authenticate_accumulate,0.000030333,0.000030296
13,132,receive_authenticate_accumulate,0.000030092,0.000030167
13,132,receive_authenticate_accumulate,0.000029777,0.000029685
13,132,receive_authenticate_accumulate,0.000029259,0.000029333
13,132,receive_authenticate_accumulate,0.000029518,0.000029574
13,132,receive_authenticate_accumulate,0.000029833,0.000029778
13,132,receive_authenticate_accumulate,0.000029407,0.000029426
13,132,receive_authenticate_accumulate,0.000029944,0.000029852
13,132,spatial_reconstruction_verify,0.025975270,0.025975722
13,133,round_reset,0.000015148,0.000021296
13,133,receive_authenticate_accumulate,0.036300944,0.036120037
13,133,receive_authenticate_accumulate,0.017231394,0.017231222
13,133,receive_authenticate_accumulate,0.017219302,0.017219463
13,133,receive_authenticate_accumulate,0.017224227,0.017224426
13,133,receive_authenticate_accumulate,0.017211746,0.017211944
13,133,receive_authenticate_accumulate,0.017244746,0.017234519
13,133,receive_authenticate_accumulate,0.017218265,0.017218482
13,133,receive_authenticate_accumulate,0.017224172,0.017224481
13,133,receive_authenticate_accumulate,0.017215876,0.017216278
13,133,receive_authenticate_accumulate,0.017225153,0.017225463
13,133,receive_authenticate_accumulate,0.017252265,0.017222241
13,133,receive_authenticate_accumulate,0.017230042,0.017230203
13,133,receive_authenticate_accumulate,0.017212099,0.017212259
13,133,receive_authenticate_accumulate,0.017242728,0.017242982
13,133,receive_authenticate_accumulate,0.017233783,0.017233889
13,133,receive_authenticate_accumulate,0.017228969,0.017229111
13,133,receive_authenticate_accumulate,0.017222932,0.017223074
13,133,receive_authenticate_accumulate,0.017226876,0.017226963
13,133,receive_authenticate_accumulate,0.017221858,0.017222037
13,133,receive_authenticate_accumulate,0.017228006,0.017228185
13,133,round_coverage,0.002253965,0.002254000
13,133,receive_authenticate_accumulate,0.000044333,0.000044240
13,133,receive_authenticate_accumulate,0.000031444,0.000031426
13,133,receive_authenticate_accumulate,0.000030092,0.000030167
13,133,receive_authenticate_accumulate,0.000029888,0.000029889
13,133,receive_authenticate_accumulate,0.000030444,0.000030482
13,133,receive_authenticate_accumulate,0.000029518,0.000029500
13,133,receive_authenticate_accumulate,0.000030092,0.000030074
13,133,receive_authenticate_accumulate,0.000029666,0.000029630
13,133,receive_authenticate_accumulate,0.000029296,0.000029370
13,133,receive_authenticate_accumulate,0.000030092,0.000030129
13,133,spatial_reconstruction_verify,0.025971183,0.025971648
13,134,round_reset,0.000015036,0.000011370
13,134,receive_authenticate_accumulate,0.025871244,0.025871537
13,134,receive_authenticate_accumulate,0.017268860,0.017239054
13,134,receive_authenticate_accumulate,0.017226176,0.017226463
13,134,receive_authenticate_accumulate,0.017212120,0.017212314
13,134,receive_authenticate_accumulate,0.017227823,0.017227889
13,134,receive_authenticate_accumulate,0.017223046,0.017223241
13,134,receive_authenticate_accumulate,0.017227713,0.017227926
13,134,receive_authenticate_accumulate,0.017217694,0.017217945
13,134,receive_authenticate_accumulate,0.017238008,0.017238260
13,134,receive_authenticate_accumulate,0.017217675,0.017217944
13,134,receive_authenticate_accumulate,0.017251990,0.017239037
13,134,receive_authenticate_accumulate,0.017235139,0.017235630
13,134,receive_authenticate_accumulate,0.017268545,0.017233647
13,134,receive_authenticate_accumulate,0.017214584,0.017214723
13,134,receive_authenticate_accumulate,0.017223991,0.017224240
13,134,receive_authenticate_accumulate,0.017245805,0.017235500
13,134,receive_authenticate_accumulate,0.017222046,0.017222611
13,134,receive_authenticate_accumulate,0.017290452,0.017250630
13,134,receive_authenticate_accumulate,0.017225750,0.017225907
13,134,receive_authenticate_accumulate,0.017217953,0.017218093
13,134,round_coverage,0.001924655,0.001924574
13,134,receive_authenticate_accumulate,0.000045592,0.000045574
13,134,receive_authenticate_accumulate,0.000030777,0.000030741
13,134,receive_authenticate_accumulate,0.000030074,0.000030093
13,134,receive_authenticate_accumulate,0.000030258,0.000030352
13,134,receive_authenticate_accumulate,0.000029629,0.000029611
13,134,receive_authenticate_accumulate,0.000029333,0.000029371
13,134,receive_authenticate_accumulate,0.000030370,0.000030259
13,134,receive_authenticate_accumulate,0.000029722,0.000029685
13,134,receive_authenticate_accumulate,0.000029888,0.000029871
13,134,receive_authenticate_accumulate,0.000030148,0.000030167
13,134,spatial_reconstruction_verify,0.025966521,0.025966722
13,135,round_reset,0.000015425,0.000012000
13,135,receive_authenticate_accumulate,0.038441739,0.038321148
13,135,receive_authenticate_accumulate,0.017310843,0.017267371
13,135,receive_authenticate_accumulate,0.017225659,0.017225889
13,135,receive_authenticate_accumulate,0.017212641,0.017212722
13,135,receive_authenticate_accumulate,0.017224345,0.017224574
13,135,receive_authenticate_accumulate,0.017239752,0.017230073
13,135,receive_authenticate_accumulate,0.017220234,0.017220407
13,135,receive_authenticate_accumulate,0.017216568,0.017216704
13,135,receive_authenticate_accumulate,0.017232975,0.017233222
13,135,receive_authenticate_accumulate,0.017208382,0.017208574
13,135,receive_authenticate_accumulate,0.017226253,0.017226463
13,135,receive_authenticate_accumulate,0.017257900,0.017228093
13,135,receive_authenticate_accumulate,0.017220142,0.017219945
13,135,receive_authenticate_accumulate,0.017236345,0.017236611
13,135,receive_authenticate_accumulate,0.017227846,0.017227981
13,135,receive_authenticate_accumulate,0.017246437,0.017230575
13,135,receive_authenticate_accumulate,0.017227901,0.017228037
13,135,receive_authenticate_accumulate,0.017218512,0.017218889
13,135,receive_authenticate_accumulate,0.017218161,0.017218333
13,135,receive_authenticate_accumulate,0.017218568,0.017218630
13,135,round_coverage,0.001755566,0.001755519
13,135,receive_authenticate_accumulate,0.000045074,0.000044963
13,135,receive_authenticate_accumulate,0.000031222,0.000031259
13,135,receive_authenticate_accumulate,0.000030110,0.000030074
13,135,receive_authenticate_accumulate,0.000029907,0.000029833
13,135,receive_authenticate_accumulate,0.000030036,0.000030130
13,135,receive_authenticate_accumulate,0.000029574,0.000029537
13,135,receive_authenticate_accumulate,0.000029981,0.000029888
13,135,receive_authenticate_accumulate,0.000030018,0.000029926
13,135,receive_authenticate_accumulate,0.000029685,0.000029648
13,135,receive_authenticate_accumulate,0.000029870,0.000029944
13,135,spatial_reconstruction_verify,0.025967562,0.025967908
13,136,round_reset,0.000015499,0.000011796
13,136,receive_authenticate_accumulate,0.025867530,0.025867815
13,136,receive_authenticate_accumulate,0.017217551,0.017217926
13,136,receive_authenticate_accumulate,0.017218663,0.017218889
13,136,receive_authenticate_accumulate,0.017231310,0.017231592
13,136,receive_authenticate_accumulate,0.017230552,0.017230222
13,136,receive_authenticate_accumulate,0.017263644,0.017245111
13,136,receive_authenticate_accumulate,0.017239662,0.017239815
13,136,receive_authenticate_accumulate,0.017215200,0.017215371
13,136,receive_authenticate_accumulate,0.017230163,0.017230314
13,136,receive_authenticate_accumulate,0.017211108,0.017211370
13,136,receive_authenticate_accumulate,0.017210681,0.017210945
13,136,receive_authenticate_accumulate,0.017216885,0.017216926
13,136,receive_authenticate_accumulate,0.017222052,0.017222185
13,136,receive_authenticate_accumulate,0.017227385,0.017227834
13,136,receive_authenticate_accumulate,0.017220423,0.017220463
13,136,receive_authenticate_accumulate,0.017212034,0.017212241
13,136,receive_authenticate_accumulate,0.017234386,0.017234685
13,136,receive_authenticate_accumulate,0.017217885,0.017218018
13,136,receive_authenticate_accumulate,0.017226089,0.017226056
13,136,receive_authenticate_accumulate,0.017230644,0.017230796
13,136,round_coverage,0.002251595,0.002251759
13,136,receive_authenticate_accumulate,0.000043925,0.000043926
13,136,receive_authenticate_accumulate,0.000031037,0.000031019
13,136,receive_authenticate_accumulate,0.000030518,0.000030555
13,136,receive_authenticate_accumulate,0.000030722,0.000030686
13,136,receive_authenticate_accumulate,0.000046462,0.000046574
13,136,receive_authenticate_accumulate,0.000032204,0.000032037
13,136,receive_authenticate_accumulate,0.000029758,0.000029722
13,136,receive_authenticate_accumulate,0.000029092,0.000029204
13,136,receive_authenticate_accumulate,0.000029463,0.000029444
13,136,receive_authenticate_accumulate,0.000029962,0.000029963
13,136,spatial_reconstruction_verify,0.025959012,0.025959556
13,137,round_reset,0.000011500,0.000008000
13,137,receive_authenticate_accumulate,0.036808332,0.036669926
13,137,receive_authenticate_accumulate,0.017234220,0.017234333
13,137,receive_authenticate_accumulate,0.017214388,0.017214815
13,137,receive_authenticate_accumulate,0.017215758,0.017215834
13,137,receive_authenticate_accumulate,0.017219813,0.017219889
13,137,receive_authenticate_accumulate,0.017224999,0.017225093
13,137,receive_authenticate_accumulate,0.017221721,0.017221982
13,137,receive_authenticate_accumulate,0.017222017,0.017222259
13,137,receive_authenticate_accumulate,0.017233499,0.017233666
13,137,receive_authenticate_accumulate,0.017223406,0.017223648
13,137,receive_authenticate_accumulate,0.017228054,0.017228222
13,137,receive_authenticate_accumulate,0.017224462,0.017224667
13,137,receive_authenticate_accumulate,0.017264721,0.017236203
13,137,receive_authenticate_accumulate,0.017269147,0.017241889
13,137,receive_authenticate_accumulate,0.017228999,0.017229203
13,137,receive_authenticate_accumulate,0.017251499,0.017237204
13,137,receive_authenticate_accumulate,0.017205648,0.017205703
13,137,receive_authenticate_accumulate,0.017224295,0.017224481
13,137,receive_authenticate_accumulate,0.017225129,0.017225389
13,137,receive_authenticate_accumulate,0.017225165,0.017225426
13,137,round_coverage,0.001942249,0.001942370
13,137,receive_authenticate_accumulate,0.000043518,0.000043444
13,137,receive_authenticate_accumulate,0.000031222,0.000031241
13,137,receive_authenticate_accumulate,0.000029907,0.000029925
13,137,receive_authenticate_accumulate,0.000030259,0.000030222
13,137,receive_authenticate_accumulate,0.000029703,0.000029703
13,137,receive_authenticate_accumulate,0.000029758,0.000029722
13,137,receive_authenticate_accumulate,0.000029907,0.000029926
13,137,receive_authenticate_accumulate,0.000029703,0.000029667
13,137,receive_authenticate_accumulate,0.000029592,0.000029649
13,137,receive_authenticate_accumulate,0.000030259,0.000030334
13,137,spatial_reconstruction_verify,0.025982848,0.025983481
13,138,round_reset,0.000015870,0.000011481
13,138,receive_authenticate_accumulate,0.025934797,0.025905277
13,138,receive_authenticate_accumulate,0.017237890,0.017238056
13,138,receive_authenticate_accumulate,0.017217020,0.017217204
13,138,receive_authenticate_accumulate,0.017222761,0.017223037
13,138,receive_authenticate_accumulate,0.017220853,0.017220944
13,138,receive_authenticate_accumulate,0.017220187,0.017220463
13,138,receive_authenticate_accumulate,0.017227927,0.017228000
13,138,receive_authenticate_accumulate,0.017212298,0.017212352
13,138,receive_authenticate_accumulate,0.017229501,0.017229648
13,138,receive_authenticate_accumulate,0.017283222,0.017244704
13,138,receive_authenticate_accumulate,0.017219075,0.017219204
13,138,receive_authenticate_accumulate,0.017238372,0.017238703
13,138,receive_authenticate_accumulate,0.017220168,0.017220407
13,138,receive_authenticate_accumulate,0.017228872,0.017229148
13,138,receive_authenticate_accumulate,0.017219390,0.017219500
13,138,receive_authenticate_accumulate,0.017232872,0.017232981
13,138,receive_authenticate_accumulate,0.017221372,0.017221426
13,138,receive_authenticate_accumulate,0.017245557,0.017245944
13,138,receive_authenticate_accumulate,0.017212724,0.017212963
13,138,receive_authenticate_accumulate,0.017257760,0.017236352
13,138,round_coverage,0.001757010,0.001756814
13,138,receive_authenticate_accumulate,0.000043814,0.000043870
13,138,receive_authenticate_accumulate,0.000050166,0.000050222
13,138,receive_authenticate_accumulate,0.000027407,0.000027445
13,138,receive_authenticate_accumulate,0.000026370,0.000026408
13,138,receive_authenticate_accumulate,0.000025962,0.000025982
13,138,receive_authenticate_accumulate,0.000025759,0.000025722
13,138,receive_authenticate_accumulate,0.000025815,0.000025815
13,138,receive_authenticate_accumulate,0.000025796,0.000025833
13,138,receive_authenticate_accumulate,0.000025685,0.000025704
13,138,receive_authenticate_accumulate,0.000025926,0.000025945
13,138,spatial_reconstruction_verify,0.026025537,0.025981260
13,139,round_reset,0.000014944,0.000011167
13,139,receive_authenticate_accumulate,0.025875487,0.025875777
13,139,receive_authenticate_accumulate,0.017231208,0.017231352
13,139,receive_authenticate_accumulate,0.017221226,0.017221351
13,139,receive_authenticate_accumulate,0.017219837,0.017220037
13,139,receive_authenticate_accumulate,0.017211949,0.017211629
13,139,receive_authenticate_accumulate,0.017212930,0.017213148
13,139,receive_authenticate_accumulate,0.017212671,0.017212852
13,139,receive_authenticate_accumulate,0.017216708,0.017216944
13,139,receive_authenticate_accumulate,0.017221670,0.017221796
13,139,receive_authenticate_accumulate,0.017216244,0.017216371
13,139,receive_authenticate_accumulate,0.017219041,0.017219259
13,139,receive_authenticate_accumulate,0.017220652,0.017220889
13,139,receive_authenticate_accumulate,0.017215023,0.017215111
13,139,receive_authenticate_accumulate,0.017886623,0.017842000
13,139,receive_authenticate_accumulate,0.017228263,0.017228555
13,139,receive_authenticate_accumulate,0.017224559,0.017224519
13,139,receive_authenticate_accumulate,0.017216152,0.017216259
13,139,receive_authenticate_accumulate,0.017213281,0.017213463
13,139,receive_authenticate_accumulate,0.017221208,0.017221481
13,139,receive_authenticate_accumulate,0.017226763,0.017226833
13,139,round_coverage,0.002278411,0.002265315
13,139,receive_authenticate_accumulate,0.000045296,0.000045111
13,139,receive_authenticate_accumulate,0.000030684,0.000030796
13,139,receive_authenticate_accumulate,0.000030370,0.000030445
13,139,receive_authenticate_accumulate,0.000030184,0.000030111
13,139,receive_authenticate_accumulate,0.000029796,0.000029870
13,139,receive_authenticate_accumulate,0.000029759,0.000029852
13,139,receive_authenticate_accumulate,0.000029870,0.000029759
13,139,receive_authenticate_accumulate,0.000030333,0.000030297
13,139,receive_authenticate_accumulate,0.000029815,0.000029759
13,139,receive_authenticate_accumulate,0.000030092,0.000030038
13,139,spatial_reconstruction_verify,0.025967337,0.025967796
13,139,receive_authenticate_accumulate,0.000035889,0.000035815
13,139,receive_authenticate_accumulate,0.000027758,0.000027870
13,139,receive_authenticate_accumulate,0.000027315,0.000027315
13,139,receive_authenticate_accumulate,0.000027018,0.000027129
13,139,receive_authenticate_accumulate,0.000027241,0.000027389
13,139,receive_authenticate_accumulate,0.000027092,0.000027130
13,139,receive_authenticate_accumulate,0.000027074,0.000027185
13,139,receive_authenticate_accumulate,0.000026926,0.000027037
13,139,receive_authenticate_accumulate,0.000026870,0.000026944
13,139,receive_authenticate_accumulate,0.000026981,0.000027092
13,139,receive_authenticate_accumulate,0.000026907,0.000026981
13,139,receive_authenticate_accumulate,0.000026963,0.000027055
13,139,receive_authenticate_accumulate,0.000027129,0.000027241
13,139,receive_authenticate_accumulate,0.000026981,0.000027074
13,139,receive_authenticate_accumulate,0.000027037,0.000027130
13,139,receive_authenticate_accumulate,0.000026870,0.000026944
13,139,receive_authenticate_accumulate,0.000026870,0.000027000
13,139,receive_authenticate_accumulate,0.000026907,0.000027019
13,139,receive_authenticate_accumulate,0.000026926,0.000026963
13,139,receive_authenticate_accumulate,0.000026981,0.000027093
13,139,receive_authenticate_accumulate,0.000029667,0.000029685
13,139,receive_authenticate_accumulate,0.000027259,0.000027370
13,139,receive_authenticate_accumulate,0.000027018,0.000027130
13,139,receive_authenticate_accumulate,0.000026963,0.000027055
13,139,receive_authenticate_accumulate,0.000026833,0.000026907
13,139,receive_authenticate_accumulate,0.000026889,0.000026982
13,139,receive_authenticate_accumulate,0.000026870,0.000026982
13,139,receive_authenticate_accumulate,0.000026833,0.000026926
13,139,receive_authenticate_accumulate,0.000026962,0.000027111
13,139,receive_authenticate_accumulate,0.000026833,0.000026926
13,139,receive_authenticate_accumulate,0.000026944,0.000027075
13,139,receive_authenticate_accumulate,0.000026962,0.000027075
13,139,receive_authenticate_accumulate,0.000026944,0.000027056
13,139,receive_authenticate_accumulate,0.000028407,0.000028463
13,139,receive_authenticate_accumulate,0.000027073,0.000027148
13,139,receive_authenticate_accumulate,0.000027296,0.000027407
13,139,receive_authenticate_accumulate,0.000026925,0.000027019
13,139,receive_authenticate_accumulate,0.000026981,0.000027074
13,139,receive_authenticate_accumulate,0.000026888,0.000027000
13,139,receive_authenticate_accumulate,0.000026759,0.000026833
13,139,receive_authenticate_accumulate,0.000034537,0.000034462
13,139,receive_authenticate_accumulate,0.000027666,0.000027741
13,139,receive_authenticate_accumulate,0.000027240,0.000027333
13,139,receive_authenticate_accumulate,0.000026907,0.000026963
13,139,receive_authenticate_accumulate,0.000026870,0.000026945
13,139,receive_authenticate_accumulate,0.000027185,0.000027278
13,139,receive_authenticate_accumulate,0.000026851,0.000026889
13,139,receive_authenticate_accumulate,0.000026833,0.000026907
13,139,receive_authenticate_accumulate,0.000026888,0.000026982
13,139,receive_authenticate_accumulate,0.000027018,0.000027074
13,139,receive_authenticate_accumulate,0.000026759,0.000026852
13,139,receive_authenticate_accumulate,0.000026796,0.000026908
13,139,receive_authenticate_accumulate,0.000026925,0.000026926
13,139,receive_authenticate_accumulate,0.000026963,0.000027000
13,139,receive_authenticate_accumulate,0.000027259,0.000027352
13,139,receive_authenticate_accumulate,0.000026944,0.000027037
13,139,receive_authenticate_accumulate,0.000026833,0.000026889
13,139,receive_authenticate_accumulate,0.000027018,0.000027111
13,139,receive_authenticate_accumulate,0.000026870,0.000026981
13,139,receive_authenticate_accumulate,0.000026907,0.000026982
13,139,receive_authenticate_accumulate,0.000030315,0.000030352
13,139,receive_authenticate_accumulate,0.000027221,0.000027278
13,139,receive_authenticate_accumulate,0.000026981,0.000027075
13,139,receive_authenticate_accumulate,0.000027129,0.000027223
13,139,receive_authenticate_accumulate,0.000027129,0.000027167
13,139,receive_authenticate_accumulate,0.000026981,0.000027111
13,139,receive_authenticate_accumulate,0.000026963,0.000027074
13,139,receive_authenticate_accumulate,0.000027018,0.000027074
13,139,receive_authenticate_accumulate,0.000026870,0.000026982
13,139,receive_authenticate_accumulate,0.000026925,0.000027019
13,139,receive_authenticate_accumulate,0.000026944,0.000027037
13,139,receive_authenticate_accumulate,0.000026963,0.000027038
13,139,receive_authenticate_accumulate,0.000026907,0.000027019
13,139,receive_authenticate_accumulate,0.000026907,0.000026981
13,139,receive_authenticate_accumulate,0.000026907,0.000026945
13,139,receive_authenticate_accumulate,0.000027074,0.000027185
13,139,receive_authenticate_accumulate,0.000026944,0.000027019
13,139,receive_authenticate_accumulate,0.000026926,0.000027037
13,139,receive_authenticate_accumulate,0.000027073,0.000027074
13,139,receive_authenticate_accumulate,0.000026963,0.000027037
13,139,receive_authenticate_accumulate,0.000030703,0.000030685
13,139,receive_authenticate_accumulate,0.000027370,0.000027463
13,139,receive_authenticate_accumulate,0.000027148,0.000027241
13,139,receive_authenticate_accumulate,0.000026925,0.000027019
13,139,receive_authenticate_accumulate,0.000026907,0.000026945
13,139,receive_authenticate_accumulate,0.000026962,0.000027037
13,139,receive_authenticate_accumulate,0.000026852,0.000026963
13,139,receive_authenticate_accumulate,0.000026926,0.000027000
13,139,receive_authenticate_accumulate,0.000026889,0.000027037
13,139,receive_authenticate_accumulate,0.000026907,0.000026963
13,139,receive_authenticate_accumulate,0.000026981,0.000027037
13,139,receive_authenticate_accumulate,0.000026907,0.000026945
13,139,receive_authenticate_accumulate,0.000026888,0.000026963
13,139,receive_authenticate_accumulate,0.000026926,0.000027037
13,139,receive_authenticate_accumulate,0.000026870,0.000026982
13,139,receive_authenticate_accumulate,0.000026907,0.000027000
13,139,receive_authenticate_accumulate,0.000026944,0.000027037
13,139,receive_authenticate_accumulate,0.000027000,0.000027074
13,139,receive_authenticate_accumulate,0.000028055,0.000028074
13,139,receive_authenticate_accumulate,0.000026982,0.000027000
13,139,receive_authenticate_accumulate,0.000033555,0.000033556
13,139,receive_authenticate_accumulate,0.000027389,0.000027556
13,139,receive_authenticate_accumulate,0.000027055,0.000027149
13,139,receive_authenticate_accumulate,0.000027074,0.000027148
13,139,receive_authenticate_accumulate,0.000027000,0.000027074
13,139,receive_authenticate_accumulate,0.000026777,0.000026908
13,139,receive_authenticate_accumulate,0.000027073,0.000027148
13,139,receive_authenticate_accumulate,0.000026814,0.000026907
13,139,receive_authenticate_accumulate,0.000026944,0.000027037
13,139,receive_authenticate_accumulate,0.000026796,0.000026945
13,139,receive_authenticate_accumulate,0.000026888,0.000026963
13,139,receive_authenticate_accumulate,0.000026796,0.000026888
13,139,receive_authenticate_accumulate,0.000027073,0.000027148
13,139,receive_authenticate_accumulate,0.000026925,0.000027037
13,139,receive_authenticate_accumulate,0.000026981,0.000027037
13,139,receive_authenticate_accumulate,0.000026852,0.000026926
13,139,receive_authenticate_accumulate,0.000026852,0.000026888
13,139,receive_authenticate_accumulate,0.000026981,0.000027074
13,139,receive_authenticate_accumulate,0.000026889,0.000026926
13,139,receive_authenticate_accumulate,0.000026888,0.000026963
13,139,receive_authenticate_accumulate,0.000030184,0.000030222
13,139,receive_authenticate_accumulate,0.000027462,0.000027556
13,139,receive_authenticate_accumulate,0.000026870,0.000026945
13,139,receive_authenticate_accumulate,0.000027185,0.000027241
13,139,receive_authenticate_accumulate,0.000026963,0.000027000
13,139,receive_authenticate_accumulate,0.000026944,0.000027019
13,139,receive_authenticate_accumulate,0.000027018,0.000027130
13,139,receive_authenticate_accumulate,0.000026944,0.000026963
13,139,receive_authenticate_accumulate,0.000026777,0.000026815
13,139,receive_authenticate_accumulate,0.000026925,0.000027018
13,139,receive_authenticate_accumulate,0.000026851,0.000026945
13,139,receive_authenticate_accumulate,0.000026796,0.000026852
13,139,receive_authenticate_accumulate,0.000026833,0.000026907
13,139,receive_authenticate_accumulate,0.000026963,0.000027056
13,139,receive_authenticate_accumulate,0.000026796,0.000026870
13,139,receive_authenticate_accumulate,0.000027018,0.000027111
13,139,receive_authenticate_accumulate,0.000027036,0.000027130
13,139,receive_authenticate_accumulate,0.000027000,0.000027056
13,139,receive_authenticate_accumulate,0.000026925,0.000027000
13,139,receive_authenticate_accumulate,0.000026888,0.000026981
13,139,receive_authenticate_accumulate,0.000030036,0.000030129
13,139,receive_authenticate_accumulate,0.000027370,0.000027408
13,139,receive_authenticate_accumulate,0.000026926,0.000027019
13,139,receive_authenticate_accumulate,0.000027037,0.000027130
13,139,receive_authenticate_accumulate,0.000027092,0.000027148
13,139,receive_authenticate_accumulate,0.000026796,0.000026852
13,139,receive_authenticate_accumulate,0.000027166,0.000027278
13,139,receive_authenticate_accumulate,0.000026870,0.000026963
13,139,receive_authenticate_accumulate,0.000026833,0.000026852
13,139,receive_authenticate_accumulate,0.000026833,0.000026944
13,139,receive_authenticate_accumulate,0.000026944,0.000027055
13,139,receive_authenticate_accumulate,0.000026907,0.000026944
13,139,receive_authenticate_accumulate,0.000026907,0.000027000
13,139,receive_authenticate_accumulate,0.000026945,0.000027037
13,139,receive_authenticate_accumulate,0.000026870,0.000026981
13,139,receive_authenticate_accumulate,0.000027018,0.000027112
13,139,receive_authenticate_accumulate,0.000026833,0.000026926
13,139,receive_authenticate_accumulate,0.000043573,0.000043703
13,139,receive_authenticate_accumulate,0.000024592,0.000024629
13,139,receive_authenticate_accumulate,0.000022999,0.000023112
13,139,receive_authenticate_accumulate,0.000025666,0.000025667
13,139,receive_authenticate_accumulate,0.000023185,0.000023241
13,139,receive_authenticate_accumulate,0.000022981,0.000023056
13,139,receive_authenticate_accumulate,0.000024092,0.000024204
13,139,receive_authenticate_accumulate,0.000043981,0.000044167
13,139,receive_authenticate_accumulate,0.000024815,0.000024852
13,139,receive_authenticate_accumulate,0.000022944,0.000023074
13,139,receive_authenticate_accumulate,0.000023018,0.000023093
13,139,receive_authenticate_accumulate,0.000022981,0.000023111
13,139,receive_authenticate_accumulate,0.000022926,0.000022981
13,139,receive_authenticate_accumulate,0.000022963,0.000023093
13,139,receive_authenticate_accumulate,0.000023110,0.000023148
13,139,receive_authenticate_accumulate,0.000022888,0.000023000
13,139,receive_authenticate_accumulate,0.000022944,0.000023000
13,139,receive_authenticate_accumulate,0.000022888,0.000023018
13,139,receive_authenticate_accumulate,0.000022907,0.000022963
13,139,receive_authenticate_accumulate,0.000022962,0.000023093
13,139,receive_authenticate_accumulate,0.000023018,0.000023130
13,139,receive_authenticate_accumulate,0.000023092,0.000023186
13,139,receive_authenticate_accumulate,0.000022981,0.000023074
13,139,receive_authenticate_accumulate,0.000026832,0.000026778
13,139,receive_authenticate_accumulate,0.000023111,0.000023148
13,139,receive_authenticate_accumulate,0.000023296,0.000023407
13,139,receive_authenticate_accumulate,0.000022944,0.000023019
13,139,receive_authenticate_accumulate,0.000022907,0.000022963
13,139,receive_authenticate_accumulate,0.000022907,0.000023019
13,139,receive_authenticate_accumulate,0.000023296,0.000023352
13,139,receive_authenticate_accumulate,0.000022925,0.000023056
13,139,receive_authenticate_accumulate,0.000022981,0.000023074
13,139,receive_authenticate_accumulate,0.000024425,0.000024426
13,139,receive_authenticate_accumulate,0.000023148,0.000023222
13,139,receive_authenticate_accumulate,0.000022908,0.000023000
13,139,receive_authenticate_accumulate,0.000022926,0.000023000
13,139,receive_authenticate_accumulate,0.000022814,0.000022944
13,139,receive_authenticate_accumulate,0.000023018,0.000023111
13,139,receive_authenticate_accumulate,0.000022926,0.000023018
13,139,receive_authenticate_accumulate,0.000022852,0.000022926
13,139,receive_authenticate_accumulate,0.000022833,0.000022926
13,139,receive_authenticate_accumulate,0.000022815,0.000022944
13,139,receive_authenticate_accumulate,0.000022944,0.000023074
13,139,billing_reconstruction_verify,0.025958394,0.025959074
13,139,billing_reconstruction_verify,0.025934856,0.025935333
13,139,billing_reconstruction_verify,0.025921931,0.025922370
13,139,billing_reconstruction_verify,0.025922005,0.025922407
13,139,billing_reconstruction_verify,0.025926339,0.025926833
13,139,billing_reconstruction_verify,0.025932801,0.025933482
13,139,billing_reconstruction_verify,0.025965782,0.025935851
13,139,billing_reconstruction_verify,0.025923894,0.025924352
13,139,billing_reconstruction_verify,0.025916654,0.025917166
13,139,billing_reconstruction_verify,0.025929690,0.025930204
13,139,billing_reconstruction_verify,0.025946393,0.025932852
13,139,billing_reconstruction_verify,0.025928690,0.025929222
13,139,billing_reconstruction_verify,0.025912561,0.025913037
13,139,billing_reconstruction_verify,0.025929949,0.025930463
13,139,billing_reconstruction_verify,0.025933227,0.025921704
13,139,billing_reconstruction_verify,0.025965967,0.025932574
13,139,billing_reconstruction_verify,0.025913616,0.025914056
13,139,billing_reconstruction_verify,0.025926764,0.025927148
13,139,billing_reconstruction_verify,0.025920338,0.025920815
13,139,billing_reconstruction_verify,0.025919172,0.025919629
14,140,period_reset,0.000026870,0.000022519
14,140,receive_authenticate_accumulate,0.000081758,0.000081389
14,140,receive_authenticate_accumulate,0.000068629,0.000068334
14,140,receive_authenticate_accumulate,0.000067591,0.000067130
14,140,receive_authenticate_accumulate,0.000063296,0.000063315
14,140,receive_authenticate_accumulate,0.000063129,0.000063000
14,140,receive_authenticate_accumulate,0.000065277,0.000064482
14,140,receive_authenticate_accumulate,0.000062499,0.000062444
14,140,receive_authenticate_accumulate,0.000064073,0.000064241
14,140,receive_authenticate_accumulate,0.000049332,0.000048889
14,140,receive_authenticate_accumulate,0.000049536,0.000049388
14,140,receive_authenticate_accumulate,0.000048296,0.000048277
14,140,receive_authenticate_accumulate,0.000048906,0.000048777
14,140,receive_authenticate_accumulate,0.000049721,0.000049500
14,140,receive_authenticate_accumulate,0.000047610,0.000047296
14,140,receive_authenticate_accumulate,0.000049499,0.000049315
14,140,receive_authenticate_accumulate,0.000046536,0.000046407
14,140,receive_authenticate_accumulate,0.000046629,0.000046555
14,140,receive_authenticate_accumulate,0.000047017,0.000046778
14,140,receive_authenticate_accumulate,0.000048481,0.000048408
14,140,receive_authenticate_accumulate,0.000047740,0.000047592
14,140,receive_authenticate_accumulate,0.000072850,0.000072759
14,140,receive_authenticate_accumulate,0.000060425,0.000060259
14,140,receive_authenticate_accumulate,0.000061277,0.000061260
14,140,receive_authenticate_accumulate,0.000061165,0.000060889
14,140,receive_authenticate_accumulate,0.000060055,0.000059759
14,140,receive_authenticate_accumulate,0.000059407,0.000059167
14,140,receive_authenticate_accumulate,0.000059425,0.000059185
14,140,receive_authenticate_accumulate,0.000059425,0.000059352
14,140,receive_authenticate_accumulate,0.000059759,0.000059574
14,140,receive_authenticate_accumulate,0.000061574,0.000061352
14,140,receive_authenticate_accumulate,0.000047573,0.000047463
14,140,receive_authenticate_accumulate,0.000048925,0.000048741
14,140,receive_authenticate_accumulate,0.000049259,0.000049037
14,140,receive_authenticate_accumulate,0.000048277,0.000048222
14,140,receive_authenticate_accumulate,0.000070184,0.000070370
14,140,receive_authenticate_accumulate,0.000040147,0.000040019
14,140,receive_authenticate_accumulate,0.000048092,0.000048056
14,140,receive_authenticate_accumulate,0.000048370,0.000048260
14,140,receive_authenticate_accumulate,0.000048869,0.000048759
14,140,receive_authenticate_accumulate,0.000046462,0.000046112
14,140,committee_selection,0.000112368,0.000112407
14,140,round_reset,0.000004611,0.000004000
14,140,receive_authenticate_accumulate,0.022926570,0.022837239
14,140,receive_authenticate_accumulate,0.017213802,0.017213926
14,140,receive_authenticate_accumulate,0.017233784,0.017233852
14,140,receive_authenticate_accumulate,0.017241672,0.017243019
14,140,receive_authenticate_accumulate,0.017266597,0.017239796
14,140,receive_authenticate_accumulate,0.017231376,0.017231482
14,140,receive_authenticate_accumulate,0.017217655,0.017217944
14,140,receive_authenticate_accumulate,0.017223691,0.017223889
14,140,receive_authenticate_accumulate,0.017211932,0.017212074
14,140,receive_authenticate_accumulate,0.017211617,0.017211759
14,140,receive_authenticate_accumulate,0.017212117,0.017212166
14,140,receive_authenticate_accumulate,0.017219024,0.017219148
14,140,receive_authenticate_accumulate,0.017212432,0.017212500
14,140,receive_authenticate_accumulate,0.017229284,0.017229334
14,140,receive_authenticate_accumulate,0.017232599,0.017232667
14,140,receive_authenticate_accumulate,0.017237117,0.017237129
14,140,receive_authenticate_accumulate,0.017218173,0.017218296
14,140,receive_authenticate_accumulate,0.017230636,0.017230870
14,140,receive_authenticate_accumulate,0.017235099,0.017235148
14,140,receive_authenticate_accumulate,0.017221839,0.017221889
14,140,round_coverage,0.001769548,0.001769555
14,140,receive_authenticate_accumulate,0.000045869,0.000045759
14,140,receive_authenticate_accumulate,0.000030315,0.000030259
14,140,receive_authenticate_accumulate,0.000030148,0.000030092
14,140,receive_authenticate_accumulate,0.000029592,0.000029575
14,140,receive_authenticate_accumulate,0.000029110,0.000029129
14,140,receive_authenticate_accumulate,0.000029629,0.000029574
14,140,receive_authenticate_accumulate,0.000029536,0.000029593
14,140,receive_authenticate_accumulate,0.000029666,0.000029574
14,140,receive_authenticate_accumulate,0.000029574,0.000029482
14,140,receive_authenticate_accumulate,0.000029222,0.000029204
14,140,spatial_reconstruction_verify,0.025973452,0.025973981
14,141,round_reset,0.000013907,0.000010222
14,141,receive_authenticate_accumulate,0.025910159,0.025894686
14,141,receive_authenticate_accumulate,0.017228286,0.017228463
14,141,receive_authenticate_accumulate,0.017227804,0.017228000
14,141,receive_authenticate_accumulate,0.017223008,0.017222999
14,141,receive_authenticate_accumulate,0.017221822,0.017221981
14,141,receive_authenticate_accumulate,0.017225508,0.017225574
14,141,receive_authenticate_accumulate,0.017221471,0.017221704
14,141,receive_authenticate_accumulate,0.017229323,0.017230759
14,141,receive_authenticate_accumulate,0.017231637,0.017231852
14,141,receive_authenticate_accumulate,0.017219897,0.017219981
14,141,receive_authenticate_accumulate,0.017218638,0.017218796
14,141,receive_authenticate_accumulate,0.017232156,0.017232241
14,141,receive_authenticate_accumulate,0.017264915,0.017236148
14,141,receive_authenticate_accumulate,0.017265970,0.017238907
14,141,receive_authenticate_accumulate,0.017217786,0.017217722
14,141,receive_authenticate_accumulate,0.017224564,0.017224648
14,141,receive_authenticate_accumulate,0.017218953,0.017219056
14,141,receive_authenticate_accumulate,0.017228082,0.017228130
14,141,receive_authenticate_accumulate,0.017216601,0.017216723
14,141,receive_authenticate_accumulate,0.017230675,0.017230833
14,141,round_coverage,0.001755882,0.001755611
14,141,receive_authenticate_accumulate,0.000044370,0.000044222
14,141,receive_authenticate_accumulate,0.000030629,0.000030593
14,141,receive_authenticate_accumulate,0.000030444,0.000030352
14,141,receive_authenticate_accumulate,0.000033777,0.000033518
14,141,receive_authenticate_accumulate,0.000029796,0.000029741
14,141,receive_authenticate_accumulate,0.000030018,0.000030000
14,141,receive_authenticate_accumulate,0.000029999,0.000029888
14,141,receive_authenticate_accumulate,0.000029573,0.000029481
14,141,receive_authenticate_accumulate,0.000029814,0.000029796
14,141,receive_authenticate_accumulate,0.000030148,0.000030167
14,141,spatial_reconstruction_verify,0.025967270,0.025967833
14,142,round_reset,0.000013000,0.000008333
14,142,receive_authenticate_accumulate,0.037913210,0.037737222
14,142,receive_authenticate_accumulate,0.017275453,0.017246408
14,142,receive_authenticate_accumulate,0.017217602,0.017217334
14,142,receive_authenticate_accumulate,0.017225954,0.017226518
14,142,receive_authenticate_accumulate,0.017232140,0.017232315
14,142,receive_authenticate_accumulate,0.017241269,0.017241407
14,142,receive_authenticate_accumulate,0.017218084,0.017218111
14,142,receive_authenticate_accumulate,0.017223066,0.017223260
14,142,receive_authenticate_accumulate,0.017218603,0.017218852
14,142,receive_authenticate_accumulate,0.017221621,0.017221870
14,142,receive_authenticate_accumulate,0.017219066,0.017219148
14,142,receive_authenticate_accumulate,0.017227066,0.017227296
14,142,receive_authenticate_accumulate,0.017226418,0.017226648
14,142,receive_authenticate_accumulate,0.017230066,0.017230296
14,142,receive_authenticate_accumulate,0.017220770,0.017220834
14,142,receive_authenticate_accumulate,0.017225918,0.017226093
14,142,receive_authenticate_accumulate,0.017273899,0.017243760
14,142,receive_authenticate_accumulate,0.017216325,0.017216463
14,142,receive_authenticate_accumulate,0.017226381,0.017226463
14,142,receive_authenticate_accumulate,0.017219844,0.017219833
14,142,round_coverage,0.002236116,0.002235926
14,142,receive_authenticate_accumulate,0.000046315,0.000046222
14,142,receive_authenticate_accumulate,0.000030722,0.000030685
14,142,receive_authenticate_accumulate,0.000030462,0.000030426
14,142,receive_authenticate_accumulate,0.000029926,0.000029797
14,142,receive_authenticate_accumulate,0.000029814,0.000029889
14,142,receive_authenticate_accumulate,0.000030203,0.000030166
14,142,receive_authenticate_accumulate,0.000029888,0.000029871
14,142,receive_authenticate_accumulate,0.000029777,0.000029870
14,142,receive_authenticate_accumulate,0.000029555,0.000029611
14,142,receive_authenticate_accumulate,0.000029907,0.000029870
14,142,spatial_reconstruction_verify,0.025966384,0.025966870
14,143,round_reset,0.000015185,0.000010760
14,143,receive_authenticate_accumulate,0.025913628,0.025884297
14,143,receive_authenticate_accumulate,0.017232993,0.017233241
14,143,receive_authenticate_accumulate,0.017225012,0.017225148
14,143,receive_authenticate_accumulate,0.017235937,0.017236092
14,143,receive_authenticate_accumulate,0.017259086,0.017230426
14,143,receive_authenticate_accumulate,0.017215901,0.017205871
14,143,receive_authenticate_accumulate,0.017226326,0.017226463
14,143,receive_authenticate_accumulate,0.017233197,0.017233241
14,143,receive_authenticate_accumulate,0.017231715,0.017231870
14,143,receive_authenticate_accumulate,0.017219475,0.017219556
14,143,receive_authenticate_accumulate,0.017236604,0.017236666
14,143,receive_authenticate_accumulate,0.017219586,0.017219722
14,143,receive_authenticate_accumulate,0.017236290,0.017236333
14,143,receive_authenticate_accumulate,0.017528360,0.017481241
14,143,receive_authenticate_accumulate,0.017226698,0.017227241
14,143,receive_authenticate_accumulate,0.017259530,0.017251222
14,143,receive_authenticate_accumulate,0.017229679,0.017229778
14,143,receive_authenticate_accumulate,0.017240456,0.017230759
14,143,receive_authenticate_accumulate,0.017217568,0.017217685
14,143,receive_authenticate_accumulate,0.017225864,0.017226093
14,143,round_coverage,0.001925973,0.001925815
14,143,receive_authenticate_accumulate,0.000044036,0.000043741
14,143,receive_authenticate_accumulate,0.000030814,0.000031000
14,143,receive_authenticate_accumulate,0.000030259,0.000030222
14,143,receive_authenticate_accumulate,0.000030555,0.000030648
14,143,receive_authenticate_accumulate,0.000045129,0.000045260
14,143,receive_authenticate_accumulate,0.000026203,0.000026111
14,143,receive_authenticate_accumulate,0.000025870,0.000025963
14,143,receive_authenticate_accumulate,0.000026092,0.000026055
14,143,receive_authenticate_accumulate,0.000025721,0.000025666
14,143,receive_authenticate_accumulate,0.000026073,0.000026074
14,143,spatial_reconstruction_verify,0.025984646,0.025985222
14,144,round_reset,0.000015611,0.000010778
14,144,receive_authenticate_accumulate,0.025912519,0.025884389
14,144,receive_authenticate_accumulate,0.017219069,0.017219167
14,144,receive_authenticate_accumulate,0.017220681,0.017220851
14,144,receive_authenticate_accumulate,0.017212792,0.017212925
14,144,receive_authenticate_accumulate,0.017229198,0.017229352
14,144,receive_authenticate_accumulate,0.017233106,0.017233130
14,144,receive_authenticate_accumulate,0.017222347,0.017222370
14,144,receive_authenticate_accumulate,0.017215996,0.017216334
14,144,receive_authenticate_accumulate,0.017216958,0.017217074
14,144,receive_authenticate_accumulate,0.017215588,0.017215889
14,144,receive_authenticate_accumulate,0.017221162,0.017221315
14,144,receive_authenticate_accumulate,0.017216606,0.017216778
14,144,receive_authenticate_accumulate,0.017222291,0.017222593
14,144,receive_authenticate_accumulate,0.017226958,0.017227277
14,144,receive_authenticate_accumulate,0.017203681,0.017203944
14,144,receive_authenticate_accumulate,0.017216311,0.017216389
14,144,receive_authenticate_accumulate,0.017224884,0.017225000
14,144,receive_authenticate_accumulate,0.017218755,0.017218963
14,144,receive_authenticate_accumulate,0.017224033,0.017224685
14,144,receive_authenticate_accumulate,0.017218755,0.017219055
14,144,round_coverage,0.001775456,0.001775593
14,144,receive_authenticate_accumulate,0.000044703,0.000044666
14,144,receive_authenticate_accumulate,0.000030130,0.000030111
14,144,receive_authenticate_accumulate,0.000030555,0.000030555
14,144,receive_authenticate_accumulate,0.000029981,0.000029981
14,144,receive_authenticate_accumulate,0.000029518,0.000029574
14,144,receive_authenticate_accumulate,0.000029777,0.000029741
14,144,receive_authenticate_accumulate,0.000029907,0.000029759
14,144,receive_authenticate_accumulate,0.000029593,0.000029593
14,144,receive_authenticate_accumulate,0.000029499,0.000029500
14,144,receive_authenticate_accumulate,0.000029536,0.000029518
14,144,spatial_reconstruction_verify,0.025975185,0.025975556
14,145,round_reset,0.000015740,0.000012056
14,145,receive_authenticate_accumulate,0.037937759,0.037819963
14,145,receive_authenticate_accumulate,0.017222553,0.017222667
14,145,receive_authenticate_accumulate,0.017222145,0.017222296
14,145,receive_authenticate_accumulate,0.017221737,0.017221852
14,145,receive_authenticate_accumulate,0.017226015,0.017226167
14,145,receive_authenticate_accumulate,0.017218738,0.017218870
14,145,receive_authenticate_accumulate,0.017221182,0.017221351
14,145,receive_authenticate_accumulate,0.017240071,0.017240148
14,145,receive_authenticate_accumulate,0.017293737,0.017250649
14,145,receive_authenticate_accumulate,0.017228997,0.017229148
14,145,receive_authenticate_accumulate,0.017227830,0.017228167
14,145,receive_authenticate_accumulate,0.017219183,0.017219426
14,145,receive_authenticate_accumulate,0.017217756,0.017217945
14,145,receive_authenticate_accumulate,0.017232663,0.017232703
14,145,receive_authenticate_accumulate,0.017215219,0.017215371
14,145,receive_authenticate_accumulate,0.017213737,0.017213777
14,145,receive_authenticate_accumulate,0.017220979,0.017221037
14,145,receive_authenticate_accumulate,0.017219553,0.017219630
14,145,receive_authenticate_accumulate,0.017216535,0.017216685
14,145,receive_authenticate_accumulate,0.017218571,0.017218704
14,145,round_coverage,0.002255913,0.002256000
14,145,receive_authenticate_accumulate,0.000043222,0.000043037
14,145,receive_authenticate_accumulate,0.000030536,0.000030556
14,145,receive_authenticate_accumulate,0.000030555,0.000030537
14,145,receive_authenticate_accumulate,0.000030278,0.000030240
14,145,receive_authenticate_accumulate,0.000029907,0.000029908
14,145,receive_authenticate_accumulate,0.000029907,0.000029963
14,145,receive_authenticate_accumulate,0.000029648,0.000029593
14,145,receive_authenticate_accumulate,0.000030110,0.000030111
14,145,receive_authenticate_accumulate,0.000029537,0.000029537
14,145,receive_authenticate_accumulate,0.000029685,0.000029666
14,145,spatial_reconstruction_verify,0.025971651,0.025972185
14,146,round_reset,0.000015037,0.000010722
14,146,receive_authenticate_accumulate,0.025862691,0.025862852
14,146,receive_authenticate_accumulate,0.017225221,0.017225315
14,146,receive_authenticate_accumulate,0.017220943,0.017221148
14,146,receive_authenticate_accumulate,0.017224350,0.017224352
14,146,receive_authenticate_accumulate,0.017221388,0.017221574
14,146,receive_authenticate_accumulate,0.017221647,0.017221814
14,146,receive_authenticate_accumulate,0.017213221,0.017213333
14,146,receive_authenticate_accumulate,0.017222517,0.017222463
14,146,receive_authenticate_accumulate,0.017220110,0.017220241
14,146,receive_authenticate_accumulate,0.017216850,0.017216963
14,146,receive_authenticate_accumulate,0.017217184,0.017217315
14,146,receive_authenticate_accumulate,0.017212814,0.017212945
14,146,receive_authenticate_accumulate,0.017223536,0.017223722
14,146,receive_authenticate_accumulate,0.017219591,0.017219759
14,146,receive_authenticate_accumulate,0.017222610,0.017222722
14,146,receive_authenticate_accumulate,0.017219702,0.017219814
14,146,receive_authenticate_accumulate,0.017219388,0.017219593
14,146,receive_authenticate_accumulate,0.017219870,0.017220093
14,146,receive_authenticate_accumulate,0.017215203,0.017215259
14,146,receive_authenticate_accumulate,0.017212351,0.017212463
14,146,round_coverage,0.001924232,0.001924074
14,146,receive_authenticate_accumulate,0.000044018,0.000043945
14,146,receive_authenticate_accumulate,0.000030759,0.000030778
14,146,receive_authenticate_accumulate,0.000030704,0.000030703
14,146,receive_authenticate_accumulate,0.000029926,0.000029944
14,146,receive_authenticate_accumulate,0.000029944,0.000029796
14,146,receive_authenticate_accumulate,0.000029814,0.000029834
14,146,receive_authenticate_accumulate,0.000029703,0.000029741
14,146,receive_authenticate_accumulate,0.000029296,0.000029259
14,146,receive_authenticate_accumulate,0.000029814,0.000029851
14,146,receive_authenticate_accumulate,0.000029833,0.000029760
14,146,spatial_reconstruction_verify,0.025970931,0.025971370
14,147,round_reset,0.000012666,0.000009111
14,147,receive_authenticate_accumulate,0.038340038,0.038230853
14,147,receive_authenticate_accumulate,0.017221037,0.017221130
14,147,receive_authenticate_accumulate,0.017225481,0.017225629
14,147,receive_authenticate_accumulate,0.017220056,0.017220093
14,147,receive_authenticate_accumulate,0.017283351,0.017244685
14,147,receive_authenticate_accumulate,0.017265629,0.017237462
14,147,receive_authenticate_accumulate,0.017216833,0.017216963
14,147,receive_authenticate_accumulate,0.017232055,0.017232241
14,147,receive_authenticate_accumulate,0.017227388,0.017227555
14,147,receive_authenticate_accumulate,0.017232260,0.017232426
14,147,receive_authenticate_accumulate,0.017220056,0.017220166
14,147,receive_authenticate_accumulate,0.017223148,0.017223259
14,147,receive_authenticate_accumulate,0.017238722,0.017226240
14,147,receive_authenticate_accumulate,0.017215111,0.017215259
14,147,receive_authenticate_accumulate,0.017223870,0.017224000
14,147,receive_authenticate_accumulate,0.017216871,0.017216685
14,147,receive_authenticate_accumulate,0.017223648,0.017223722
14,147,receive_authenticate_accumulate,0.017221426,0.017221593
14,147,receive_authenticate_accumulate,0.017219926,0.017220130
14,147,receive_authenticate_accumulate,0.017262722,0.017234575
14,147,round_coverage,0.001774031,0.001774148
14,147,receive_authenticate_accumulate,0.000045222,0.000045129
14,147,receive_authenticate_accumulate,0.000030796,0.000030797
14,147,receive_authenticate_accumulate,0.000030278,0.000030259
14,147,receive_authenticate_accumulate,0.000030592,0.000030445
14,147,receive_authenticate_accumulate,0.000030092,0.000030019
14,147,receive_authenticate_accumulate,0.000029795,0.000029815
14,147,receive_authenticate_accumulate,0.000030481,0.000030408
14,147,receive_authenticate_accumulate,0.000029556,0.000029537
14,147,receive_authenticate_accumulate,0.000032499,0.000032426
14,147,receive_authenticate_accumulate,0.000029870,0.000029778
14,147,spatial_reconstruction_verify,0.025959489,0.025959982
14,148,round_reset,0.000015204,0.000010685
14,148,receive_authenticate_accumulate,0.036988893,0.036875500
14,148,receive_authenticate_accumulate,0.017230353,0.017230352
14,148,receive_authenticate_accumulate,0.017200465,0.017200759
14,148,receive_authenticate_accumulate,0.017200297,0.017200315
14,148,receive_authenticate_accumulate,0.017226520,0.017226759
14,148,receive_authenticate_accumulate,0.017219908,0.017220037
14,148,receive_authenticate_accumulate,0.017226779,0.017227037
14,148,receive_authenticate_accumulate,0.017216169,0.017216352
14,148,receive_authenticate_accumulate,0.017213890,0.017214000
14,148,receive_authenticate_accumulate,0.017221242,0.017221389
14,148,receive_authenticate_accumulate,0.017219761,0.017219907
14,148,receive_authenticate_accumulate,0.017216557,0.017216648
14,148,receive_authenticate_accumulate,0.017211965,0.017212130
14,148,receive_authenticate_accumulate,0.017218501,0.017218704
14,148,receive_authenticate_accumulate,0.017224002,0.017224130
14,148,receive_authenticate_accumulate,0.017232020,0.017232204
14,148,receive_authenticate_accumulate,0.017231409,0.017231555
14,148,receive_authenticate_accumulate,0.017203650,0.017203778
14,148,receive_authenticate_accumulate,0.017222816,0.017222592
14,148,receive_authenticate_accumulate,0.017234057,0.017234166
14,148,round_coverage,0.002254913,0.002254963
14,148,receive_authenticate_accumulate,0.000046240,0.000046037
14,148,receive_authenticate_accumulate,0.000031259,0.000031185
14,148,receive_authenticate_accumulate,0.000030426,0.000030389
14,148,receive_authenticate_accumulate,0.000030092,0.000030000
14,148,receive_authenticate_accumulate,0.000033352,0.000033260
14,148,receive_authenticate_accumulate,0.000030204,0.000030093
14,148,receive_authenticate_accumulate,0.000029611,0.000029667
14,148,receive_authenticate_accumulate,0.000029351,0.000029334
14,148,receive_authenticate_accumulate,0.000029648,0.000029592
14,148,receive_authenticate_accumulate,0.000029870,0.000029870
14,148,spatial_reconstruction_verify,0.026017694,0.025988018
14,149,round_reset,0.000014630,0.000010648
14,149,receive_authenticate_accumulate,0.025867457,0.025867444
14,149,receive_authenticate_accumulate,0.017220095,0.017220314
14,149,receive_authenticate_accumulate,0.017222911,0.017223148
14,149,receive_authenticate_accumulate,0.017221392,0.017221518
14,149,receive_authenticate_accumulate,0.017274261,0.017234184
14,149,receive_authenticate_accumulate,0.017226539,0.017226796
14,149,receive_authenticate_accumulate,0.017212114,0.017212388
14,149,receive_authenticate_accumulate,0.017222095,0.017222278
14,149,receive_authenticate_accumulate,0.017209947,0.017210000
14,149,receive_authenticate_accumulate,0.017266205,0.017252445
14,149,receive_authenticate_accumulate,0.017285335,0.017245315
14,149,receive_authenticate_accumulate,0.017223855,0.017224000
14,149,receive_authenticate_accumulate,0.017222039,0.017222185
14,149,receive_authenticate_accumulate,0.017237225,0.017237333
14,149,receive_authenticate_accumulate,0.017215317,0.017215555
14,149,receive_authenticate_accumulate,0.017223484,0.017223611
14,149,receive_authenticate_accumulate,0.017218484,0.017218500
14,149,receive_authenticate_accumulate,0.017229243,0.017229574
14,149,receive_authenticate_accumulate,0.017224929,0.017225074
14,149,receive_authenticate_accumulate,0.017215096,0.017215204
14,149,round_coverage,0.001941695,0.001941667
14,149,receive_authenticate_accumulate,0.000044110,0.000044000
14,149,receive_authenticate_accumulate,0.000031222,0.000031296
14,149,receive_authenticate_accumulate,0.000029981,0.000030037
14,149,receive_authenticate_accumulate,0.000030462,0.000030500
14,149,receive_authenticate_accumulate,0.000029537,0.000029444
14,149,receive_authenticate_accumulate,0.000029926,0.000029926
14,149,receive_authenticate_accumulate,0.000029777,0.000029740
14,149,receive_authenticate_accumulate,0.000029814,0.000029778
14,149,receive_authenticate_accumulate,0.000029537,0.000029518
14,149,receive_authenticate_accumulate,0.000029648,0.000029629
14,149,spatial_reconstruction_verify,0.025970679,0.025971074
14,149,receive_authenticate_accumulate,0.000034741,0.000034611
14,149,receive_authenticate_accumulate,0.000027777,0.000027907
14,149,receive_authenticate_accumulate,0.000027203,0.000027259
14,149,receive_authenticate_accumulate,0.000027074,0.000027167
14,149,receive_authenticate_accumulate,0.000027259,0.000027315
14,149,receive_authenticate_accumulate,0.000027000,0.000027056
14,149,receive_authenticate_accumulate,0.000026925,0.000027018
14,149,receive_authenticate_accumulate,0.000026888,0.000026982
14,149,receive_authenticate_accumulate,0.000026907,0.000027000
14,149,receive_authenticate_accumulate,0.000026907,0.000027018
14,149,receive_authenticate_accumulate,0.000026851,0.000026944
14,149,receive_authenticate_accumulate,0.000026796,0.000026870
14,149,receive_authenticate_accumulate,0.000026889,0.000026981
14,149,receive_authenticate_accumulate,0.000026981,0.000026981
14,149,receive_authenticate_accumulate,0.000053184,0.000053371
14,149,receive_authenticate_accumulate,0.000024388,0.000024463
14,149,receive_authenticate_accumulate,0.000023333,0.000023407
14,149,receive_authenticate_accumulate,0.000022999,0.000023111
14,149,receive_authenticate_accumulate,0.000023426,0.000023518
14,149,receive_authenticate_accumulate,0.000023074,0.000023167
14,149,receive_authenticate_accumulate,0.000026222,0.000026166
14,149,receive_authenticate_accumulate,0.000023258,0.000023352
14,149,receive_authenticate_accumulate,0.000023073,0.000023149
14,149,receive_authenticate_accumulate,0.000023166,0.000023241
14,149,receive_authenticate_accumulate,0.000023092,0.000023204
14,149,receive_authenticate_accumulate,0.000023055,0.000023093
14,149,receive_authenticate_accumulate,0.000023037,0.000023129
14,149,receive_authenticate_accumulate,0.000023055,0.000023129
14,149,receive_authenticate_accumulate,0.000023166,0.000023259
14,149,receive_authenticate_accumulate,0.000023055,0.000023148
14,149,receive_authenticate_accumulate,0.000023018,0.000023130
14,149,receive_authenticate_accumulate,0.000023130,0.000023166
14,149,receive_authenticate_accumulate,0.000027499,0.000027593
14,149,receive_authenticate_accumulate,0.000024407,0.000024463
14,149,receive_authenticate_accumulate,0.000023167,0.000023222
14,149,receive_authenticate_accumulate,0.000023148,0.000023278
14,149,receive_authenticate_accumulate,0.000023073,0.000023148
14,149,receive_authenticate_accumulate,0.000023352,0.000023425
14,149,receive_authenticate_accumulate,0.000022888,0.000022945
14,149,receive_authenticate_accumulate,0.000022963,0.000023074
14,149,receive_authenticate_accumulate,0.000031795,0.000031760
14,149,receive_authenticate_accumulate,0.000024296,0.000024407
14,149,receive_authenticate_accumulate,0.000023092,0.000023167
14,149,receive_authenticate_accumulate,0.000022944,0.000023018
14,149,receive_authenticate_accumulate,0.000022833,0.000022963
14,149,receive_authenticate_accumulate,0.000022889,0.000022944
14,149,receive_authenticate_accumulate,0.000022962,0.000023037
14,149,receive_authenticate_accumulate,0.000022907,0.000023037
14,149,receive_authenticate_accumulate,0.000022870,0.000022926
14,149,receive_authenticate_accumulate,0.000022870,0.000022926
14,149,receive_authenticate_accumulate,0.000022907,0.000023037
14,149,receive_authenticate_accumulate,0.000023074,0.000023148
14,149,receive_authenticate_accumulate,0.000022944,0.000023056
14,149,receive_authenticate_accumulate,0.000023055,0.000023148
14,149,receive_authenticate_accumulate,0.000023092,0.000023148
14,149,receive_authenticate_accumulate,0.000022982,0.000023092
14,149,receive_authenticate_accumulate,0.000023018,0.000023130
14,149,receive_authenticate_accumulate,0.000023074,0.000023166
14,149,receive_authenticate_accumulate,0.000022981,0.000023055
14,149,receive_authenticate_accumulate,0.000022925,0.000023018
14,149,receive_authenticate_accumulate,0.000026389,0.000026481
14,149,receive_authenticate_accumulate,0.000023129,0.000023241
14,149,receive_authenticate_accumulate,0.000022999,0.000023112
14,149,receive_authenticate_accumulate,0.000023018,0.000023148
14,149,receive_authenticate_accumulate,0.000023037,0.000023111
14,149,receive_authenticate_accumulate,0.000022926,0.000023019
14,149,receive_authenticate_accumulate,0.000022962,0.000023074
14,149,receive_authenticate_accumulate,0.000022962,0.000023037
14,149,receive_authenticate_accumulate,0.000022962,0.000023056
14,149,receive_authenticate_accumulate,0.000022926,0.000023019
14,149,receive_authenticate_accumulate,0.000023073,0.000023149
14,149,receive_authenticate_accumulate,0.000022982,0.000023074
14,149,receive_authenticate_accumulate,0.000022944,0.000023018
14,149,receive_authenticate_accumulate,0.000022944,0.000023000
14,149,receive_authenticate_accumulate,0.000022963,0.000023055
14,149,receive_authenticate_accumulate,0.000022981,0.000023093
14,149,receive_authenticate_accumulate,0.000023000,0.000023074
14,149,receive_authenticate_accumulate,0.000022907,0.000022963
14,149,receive_authenticate_accumulate,0.000022963,0.000023056
14,149,receive_authenticate_accumulate,0.000022963,0.000023056
14,149,receive_authenticate_accumulate,0.000026259,0.000026277
14,149,receive_authenticate_accumulate,0.000023277,0.000023315
14,149,receive_authenticate_accumulate,0.000022982,0.000023074
14,149,receive_authenticate_accumulate,0.000022889,0.000022963
14,149,receive_authenticate_accumulate,0.000022981,0.000023074
14,149,receive_authenticate_accumulate,0.000022926,0.000023018
14,149,receive_authenticate_accumulate,0.000022944,0.000023000
14,149,receive_authenticate_accumulate,0.000023092,0.000023167
14,149,receive_authenticate_accumulate,0.000022999,0.000023112
14,149,receive_authenticate_accumulate,0.000022889,0.000022963
14,149,receive_authenticate_accumulate,0.000022982,0.000023074
14,149,receive_authenticate_accumulate,0.000023092,0.000023148
14,149,receive_authenticate_accumulate,0.000022999,0.000023167
14,149,receive_authenticate_accumulate,0.000022945,0.000023037
14,149,receive_authenticate_accumulate,0.000022925,0.000023037
14,149,receive_authenticate_accumulate,0.000022962,0.000023019
14,149,receive_authenticate_accumulate,0.000023111,0.000023203
14,149,receive_authenticate_accumulate,0.000022926,0.000023019
14,149,receive_authenticate_accumulate,0.000024203,0.000024204
14,149,receive_authenticate_accumulate,0.000023000,0.000023093
14,149,receive_authenticate_accumulate,0.000026722,0.000026648
14,149,receive_authenticate_accumulate,0.000023166,0.000023241
14,149,receive_authenticate_accumulate,0.000023000,0.000023093
14,149,receive_authenticate_accumulate,0.000022888,0.000022963
14,149,receive_authenticate_accumulate,0.000022945,0.000023055
14,149,receive_authenticate_accumulate,0.000023000,0.000023111
14,149,receive_authenticate_accumulate,0.000023018,0.000023111
14,149,receive_authenticate_accumulate,0.000023018,0.000023093
14,149,receive_authenticate_accumulate,0.000022944,0.000023018
14,149,receive_authenticate_accumulate,0.000022926,0.000023037
14,149,receive_authenticate_accumulate,0.000023000,0.000023074
14,149,receive_authenticate_accumulate,0.000022870,0.000022982
14,149,receive_authenticate_accumulate,0.000022926,0.000023019
14,149,receive_authenticate_accumulate,0.000028778,0.000028778
14,149,receive_authenticate_accumulate,0.000023759,0.000023852
14,149,receive_authenticate_accumulate,0.000022907,0.000022981
14,149,receive_authenticate_accumulate,0.000022945,0.000023019
14,149,receive_authenticate_accumulate,0.000022962,0.000023092
14,149,receive_authenticate_accumulate,0.000023185,0.000023223
14,149,receive_authenticate_accumulate,0.000022944,0.000022982
14,149,receive_authenticate_accumulate,0.000026518,0.000026556
14,149,receive_authenticate_accumulate,0.000023111,0.000023185
14,149,receive_authenticate_accumulate,0.000023111,0.000023166
14,149,receive_authenticate_accumulate,0.000023055,0.000023186
14,149,receive_authenticate_accumulate,0.000022888,0.000023018
14,149,receive_authenticate_accumulate,0.000023037,0.000023166
14,149,receive_authenticate_accumulate,0.000023036,0.000023148
14,149,receive_authenticate_accumulate,0.000022981,0.000023111
14,149,receive_authenticate_accumulate,0.000022815,0.000022982
14,149,receive_authenticate_accumulate,0.000023167,0.000023222
14,149,receive_authenticate_accumulate,0.000022999,0.000023056
14,149,receive_authenticate_accumulate,0.000023278,0.000023334
14,149,receive_authenticate_accumulate,0.000023037,0.000023093
14,149,receive_authenticate_accumulate,0.000023073,0.000023203
14,149,receive_authenticate_accumulate,0.000022981,0.000023111
14,149,receive_authenticate_accumulate,0.000023074,0.000023185
14,149,receive_authenticate_accumulate,0.000023037,0.000023130
14,149,receive_authenticate_accumulate,0.000023111,0.000023167
14,149,receive_authenticate_accumulate,0.000022925,0.000023000
14,149,receive_authenticate_accumulate,0.000023036,0.000023149
14,149,receive_authenticate_accumulate,0.000026203,0.000026204
14,149,receive_authenticate_accumulate,0.000023185,0.000023241
14,149,receive_authenticate_accumulate,0.000022999,0.000023074
14,149,receive_authenticate_accumulate,0.000022963,0.000023037
14,149,receive_authenticate_accumulate,0.000022907,0.000023019
14,149,receive_authenticate_accumulate,0.000022963,0.000023093
14,149,receive_authenticate_accumulate,0.000022981,0.000023056
14,149,receive_authenticate_accumulate,0.000022944,0.000023019
14,149,receive_authenticate_accumulate,0.000022889,0.000022982
14,149,receive_authenticate_accumulate,0.000022907,0.000022982
14,149,receive_authenticate_accumulate,0.000022944,0.000023056
14,149,receive_authenticate_accumulate,0.000022944,0.000023018
14,149,receive_authenticate_accumulate,0.000022851,0.000022926
14,149,receive_authenticate_accumulate,0.000022907,0.000022981
14,149,receive_authenticate_accumulate,0.000023037,0.000023111
14,149,receive_authenticate_accumulate,0.000022944,0.000023019
14,149,receive_authenticate_accumulate,0.000022962,0.000023074
14,149,receive_authenticate_accumulate,0.000022852,0.000022926
14,149,receive_authenticate_accumulate,0.000022944,0.000023037
14,149,receive_authenticate_accumulate,0.000022907,0.000022981
14,149,receive_authenticate_accumulate,0.000026759,0.000026703
14,149,receive_authenticate_accumulate,0.000023277,0.000023371
14,149,receive_authenticate_accumulate,0.000023018,0.000023093
14,149,receive_authenticate_accumulate,0.000024055,0.000024111
14,149,receive_authenticate_accumulate,0.000022888,0.000022982
14,149,receive_authenticate_accumulate,0.000022907,0.000023000
14,149,receive_authenticate_accumulate,0.000022926,0.000023000
14,149,receive_authenticate_accumulate,0.000022944,0.000023037
14,149,receive_authenticate_accumulate,0.000022851,0.000022944
14,149,receive_authenticate_accumulate,0.000022852,0.000022926
14,149,receive_authenticate_accumulate,0.000023056,0.000023148
14,149,receive_authenticate_accumulate,0.000022889,0.000022982
14,149,receive_authenticate_accumulate,0.000022981,0.000023092
14,149,receive_authenticate_accumulate,0.000022888,0.000022963
14,149,receive_authenticate_accumulate,0.000023055,0.000023166
14,149,receive_authenticate_accumulate,0.000022962,0.000023056
14,149,receive_authenticate_accumulate,0.000022907,0.000023000
14,149,receive_authenticate_accumulate,0.000022926,0.000023018
14,149,receive_authenticate_accumulate,0.000023092,0.000023259
14,149,receive_authenticate_accumulate,0.000022982,0.000023037
14,149,receive_authenticate_accumulate,0.000032333,0.000032204
14,149,receive_authenticate_accumulate,0.000024147,0.000024241
14,149,receive_authenticate_accumulate,0.000024462,0.000024537
14,149,receive_authenticate_accumulate,0.000023278,0.000023371
14,149,receive_authenticate_accumulate,0.000022851,0.000022926
14,149,receive_authenticate_accumulate,0.000022945,0.000023000
14,149,receive_authenticate_accumulate,0.000022814,0.000022907
14,149,receive_authenticate_accumulate,0.000022981,0.000023037
14,149,receive_authenticate_accumulate,0.000022963,0.000023074
14,149,receive_authenticate_accumulate,0.000022999,0.000023092
14,149,receive_authenticate_accumulate,0.000022944,0.000023055
14,149,receive_authenticate_accumulate,0.000022963,0.000023037
14,149,receive_authenticate_accumulate,0.000022944,0.000023019
14,149,receive_authenticate_accumulate,0.000023018,0.000023111
14,149,receive_authenticate_accumulate,0.000022907,0.000023018
14,149,receive_authenticate_accumulate,0.000022962,0.000023111
14,149,receive_authenticate_accumulate,0.000023018,0.000023112
14,149,receive_authenticate_accumulate,0.000022925,0.000023000
14,149,receive_authenticate_accumulate,0.000023000,0.000023111
14,149,receive_authenticate_accumulate,0.000022944,0.000023093
14,149,billing_reconstruction_verify,0.025956789,0.025957334
14,149,billing_reconstruction_verify,0.026000734,0.025954241
14,149,billing_reconstruction_verify,0.025986345,0.025946370
14,149,billing_reconstruction_verify,0.025924142,0.025924630
14,149,billing_reconstruction_verify,0.025924808,0.025925297
14,149,billing_reconstruction_verify,0.025922420,0.025922870
14,149,billing_reconstruction_verify,0.025961605,0.025932963
14,149,billing_reconstruction_verify,0.025923068,0.025923500
14,149,billing_reconstruction_verify,0.025915901,0.025916352
14,149,billing_reconstruction_verify,0.025951567,0.025939556
14,149,billing_reconstruction_verify,0.025915401,0.025915778
14,149,billing_reconstruction_verify,0.025924068,0.025924518
14,149,billing_reconstruction_verify,0.025915531,0.025915963
14,149,billing_reconstruction_verify,0.025923864,0.025924333
14,149,billing_reconstruction_verify,0.025918180,0.025918648
14,149,billing_reconstruction_verify,0.025918235,0.025918685
14,149,billing_reconstruction_verify,0.025913235,0.025913629
14,149,billing_reconstruction_verify,0.025938179,0.025928444
14,149,billing_reconstruction_verify,0.025919753,0.025920185
14,149,billing_reconstruction_verify,0.025921068,0.025921518
14,149,shutdown,0.000011056,0.000008056
