period,round,phase,wall_seconds,cpu_seconds
0,0,period_reset,0.000023574,0.000022926
0,0,receive_authenticate_accumulate,0.000079130,0.000078981
0,0,receive_authenticate_accumulate,0.000040185,0.000039926
0,0,receive_authenticate_accumulate,0.000039759,0.000039463
0,0,receive_authenticate_accumulate,0.000033777,0.000033537
0,0,receive_authenticate_accumulate,0.000039518,0.000039074
0,0,receive_authenticate_accumulate,0.000039482,0.000039222
0,0,receive_authenticate_accumulate,0.000032889,0.000032648
0,0,receive_authenticate_accumulate,0.000039741,0.000039500
0,0,receive_authenticate_accumulate,0.000046667,0.000046278
0,0,randomness_commit,0.000441220,0.000441037
0,0,receive_authenticate_accumulate,0.000029481,0.000029240
0,0,receive_authenticate_accumulate,0.000038796,0.000038555
0,0,receive_authenticate_accumulate,0.000033759,0.000033500
0,0,receive_authenticate_accumulate,0.000039166,0.000038982
0,0,receive_authenticate_accumulate,0.000038333,0.000038260
0,0,receive_authenticate_accumulate,0.000032685,0.000032611
0,0,receive_authenticate_accumulate,0.000039889,0.000039408
0,0,receive_authenticate_accumulate,0.000033926,0.000033185
0,0,receive_authenticate_accumulate,0.000039778,0.000039518
0,0,receive_authenticate_accumulate,0.000038944,0.000038704
0,0,receive_authenticate_accumulate,0.000034167,0.000033741
0,0,receive_authenticate_accumulate,0.000049740,0.000049500
0,0,receive_authenticate_accumulate,0.000047388,0.000047111
0,0,receive_authenticate_accumulate,0.000041148,0.000040963
0,0,receive_authenticate_accumulate,0.000047573,0.000047315
0,0,receive_authenticate_accumulate,0.000042037,0.000041815
0,0,receive_authenticate_accumulate,0.000047296,0.000046889
0,0,receive_authenticate_accumulate,0.000045981,0.000045741
0,0,receive_authenticate_accumulate,0.000040036,0.000039815
0,0,receive_authenticate_accumulate,0.000046426,0.000046148
0,0,randomness_reveal,0.000297128,0.000296870
0,0,receive_authenticate_accumulate,0.000045888,0.000045648
0,0,receive_authenticate_accumulate,0.000039574,0.000039314
0,0,receive_authenticate_accumulate,0.000046888,0.000046500
0,0,receive_authenticate_accumulate,0.000040352,0.000040148
0,0,receive_authenticate_accumulate,0.000046555,0.000046296
0,0,receive_authenticate_accumulate,0.000045740,0.000045445
0,0,receive_authenticate_accumulate,0.000041129,0.000040871
0,0,receive_authenticate_accumulate,0.000046796,0.000046500
0,0,receive_authenticate_accumulate,0.000046907,0.000046630
0,0,receive_authenticate_accumulate,0.000039889,0.000039667
0,0,receive_authenticate_accumulate,0.000046537,0.000046259
0,0,committee_selection,0.000081369,0.000081074
0,0,round_reset,0.000005944,0.000005351
0,0,receive_authenticate_accumulate,0.017271793,0.017271759
0,0,receive_authenticate_accumulate,0.017213849,0.017213630
0,0,receive_authenticate_accumulate,0.017216645,0.017216741
0,0,receive_authenticate_accumulate,0.017208738,0.017208926
0,0,receive_authenticate_accumulate,0.017226553,0.017226667
0,0,receive_authenticate_accumulate,0.017225998,0.017226000
0,0,receive_authenticate_accumulate,0.017227331,0.017227333
0,0,receive_authenticate_accumulate,0.017226664,0.017226852
0,0,receive_authenticate_accumulate,0.017214183,0.017214130
0,0,reading_commitment_and_shares,0.026329382,0.026303296
0,0,receive_authenticate_accumulate,0.017255071,0.017231370
0,0,receive_authenticate_accumulate,0.017216276,0.017216259
0,0,receive_authenticate_accumulate,0.017228775,0.017228722
0,0,receive_authenticate_accumulate,0.017220128,0.017219926
0,0,receive_authenticate_accumulate,0.017227702,0.017227611
0,0,receive_authenticate_accumulate,0.017215369,0.017215296
0,0,receive_authenticate_accumulate,0.017227350,0.017227222
0,0,receive_authenticate_accumulate,0.017231739,0.017231593
0,0,receive_authenticate_accumulate,0.017235572,0.017235611
0,0,receive_authenticate_accumulate,0.017227165,0.017227167
0,0,receive_authenticate_accumulate,0.017265219,0.017247425
0,0,round_coverage,0.000003630,0.000003407
0,1,round_reset,0.000009111,0.000007797
0,1,receive_authenticate_accumulate,0.017247147,0.017228463
0,1,receive_authenticate_accumulate,0.017243944,0.017230037
0,1,receive_authenticate_accumulate,0.017226388,0.017226296
0,1,receive_authenticate_accumulate,0.017227314,0.017227203
0,1,receive_authenticate_accumulate,0.017211907,0.017212000
0,1,receive_authenticate_accumulate,0.017256388,0.017242018
0,1,receive_authenticate_accumulate,0.017283888,0.017245111
0,1,receive_authenticate_accumulate,0.017258981,0.017233056
0,1,receive_authenticate_accumulate,0.017222500,0.017222352
0,1,reading_commitment_and_shares,0.026239368,0.026239444
0,1,receive_authenticate_accumulate,0.017226241,0.017226130
0,1,receive_authenticate_accumulate,0.017221426,0.017221351
0,1,receive_authenticate_accumulate,0.017225852,0.017225277
0,1,receive_authenticate_accumulate,0.017227388,0.017227407
0,1,receive_authenticate_accumulate,0.017232185,0.017232130
0,1,receive_authenticate_accumulate,0.017224592,0.017224259
0,1,receive_authenticate_accumulate,0.017227500,0.017227333
0,1,receive_authenticate_accumulate,0.017219611,0.017219445
0,1,receive_authenticate_accumulate,0.017227297,0.017227370
0,1,receive_authenticate_accumulate,0.017222722,0.017222648
0,1,receive_authenticate_accumulate,0.017263945,0.017237073
0,1,round_coverage,0.000003296,0.000002833
0,2,round_reset,0.000010167,0.000008889
0,2,receive_authenticate_accumulate,0.017232946,0.017232851
0,2,receive_authenticate_accumulate,0.017220650,0.017220593
0,2,receive_authenticate_accumulate,0.017217761,0.017217704
0,2,receive_authenticate_accumulate,0.017216372,0.017216352
0,2,receive_authenticate_accumulate,0.017226817,0.017226685
0,2,receive_authenticate_accumulate,0.017233780,0.017233629
0,2,receive_authenticate_accumulate,0.017228742,0.017228722
0,2,receive_authenticate_accumulate,0.017228483,0.017228352
0,2,receive_authenticate_accumulate,0.017223650,0.017223556
0,2,reading_commitment_and_shares,0.026223611,0.026223889
0,2,receive_authenticate_accumulate,0.017226039,0.017225888
0,2,receive_authenticate_accumulate,0.017223187,0.017223130
0,2,receive_authenticate_accumulate,0.017264965,0.017239722
0,2,receive_authenticate_accumulate,0.017228983,0.017229018
0,2,receive_authenticate_accumulate,0.017240372,0.017240370
0,2,receive_authenticate_accumulate,0.017219613,0.017219537
0,2,receive_authenticate_accumulate,0.017227447,0.017227352
0,2,receive_authenticate_accumulate,0.017271390,0.017241426
0,2,receive_authenticate_accumulate,0.017224224,0.017224296
0,2,receive_authenticate_accumulate,0.017220742,0.017220537
0,2,receive_authenticate_accumulate,0.017228650,0.017228648
0,2,round_coverage,0.000004240,0.000003592
0,3,round_reset,0.000009481,0.000008223
0,3,receive_authenticate_accumulate,0.017225096,0.017224907
0,3,receive_authenticate_accumulate,0.017233300,0.017233259
0,3,receive_authenticate_accumulate,0.017217226,0.017217259
0,3,receive_authenticate_accumulate,0.017218596,0.017218667
0,3,receive_authenticate_accumulate,0.017272670,0.017239298
0,3,receive_authenticate_accumulate,0.017233448,0.017233481
0,3,receive_authenticate_accumulate,0.017226281,0.017226185
0,3,receive_authenticate_accumulate,0.017274151,0.017234686
0,3,receive_authenticate_accumulate,0.017263596,0.017237648
0,3,reading_commitment_and_shares,0.026259707,0.026230241
0,3,receive_authenticate_accumulate,0.017232559,0.017232537
0,3,receive_authenticate_accumulate,0.017225374,0.017225203
0,3,receive_authenticate_accumulate,0.017229022,0.017228852
0,3,receive_authenticate_accumulate,0.017223837,0.017223556
0,3,receive_authenticate_accumulate,0.017224967,0.017224759
0,3,receive_authenticate_accumulate,0.017228208,0.017228204
0,3,receive_authenticate_accumulate,0.017234670,0.017234481
0,3,receive_authenticate_accumulate,0.017229522,0.017229444
0,3,receive_authenticate_accumulate,0.017213282,0.017213222
0,3,receive_authenticate_accumulate,0.017225152,0.017225148
0,3,receive_authenticate_accumulate,0.017226633,0.017226500
0,3,round_coverage,0.000004037,0.000003389
0,4,round_reset,0.000009722,0.000008445
0,4,receive_authenticate_accumulate,0.017256135,0.017232964
0,4,receive_authenticate_accumulate,0.017226376,0.017226185
0,4,receive_authenticate_accumulate,0.017220135,0.017219926
0,4,receive_authenticate_accumulate,0.017230931,0.017230778
0,4,receive_authenticate_accumulate,0.017228931,0.017228740
0,4,receive_authenticate_accumulate,0.017220153,0.017220185
0,4,receive_authenticate_accumulate,0.017223802,0.017212241
0,4,receive_authenticate_accumulate,0.017313097,0.017313611
0,4,receive_authenticate_accumulate,0.017220469,0.017220370
0,4,reading_commitment_and_shares,0.026230543,0.026230889
0,4,receive_authenticate_accumulate,0.017229302,0.017229185
0,4,receive_authenticate_accumulate,0.017248265,0.017230999
0,4,receive_authenticate_accumulate,0.017225321,0.017225185
0,4,receive_authenticate_accumulate,0.017264450,0.017237981
0,4,receive_authenticate_accumulate,0.017234598,0.017234611
0,4,receive_authenticate_accumulate,0.017259765,0.017236019
0,4,receive_authenticate_accumulate,0.017270024,0.017240222
0,4,receive_authenticate_accumulate,0.017218228,0.017218222
0,4,receive_authenticate_accumulate,0.017229691,0.017229666
0,4,receive_authenticate_accumulate,0.017222784,0.017222666
0,4,receive_authenticate_accumulate,0.017224265,0.017224129
0,4,round_coverage,0.000003704,0.000003019
0,5,round_reset,0.000010186,0.000009000
0,5,receive_authenticate_accumulate,0.017228303,0.017228463
0,5,receive_authenticate_accumulate,0.017224655,0.017224519
0,5,receive_authenticate_accumulate,0.017268117,0.017246130
0,5,receive_authenticate_accumulate,0.017225766,0.017225593
0,5,receive_authenticate_accumulate,0.017227748,0.017227796
0,5,receive_authenticate_accumulate,0.017223692,0.017223592
0,5,receive_authenticate_accumulate,0.017232044,0.017231963
0,5,receive_authenticate_accumulate,0.017218174,0.017218223
0,5,receive_authenticate_accumulate,0.017235451,0.017235278
0,5,reading_commitment_and_shares,0.026211082,0.026211111
0,5,receive_authenticate_accumulate,0.017222693,0.017222611
0,5,receive_authenticate_accumulate,0.017249378,0.017249129
0,5,receive_authenticate_accumulate,0.017257525,0.017229741
0,5,receive_authenticate_accumulate,0.017224860,0.017224722
0,5,receive_authenticate_accumulate,0.017222785,0.017222537
0,5,receive_authenticate_accumulate,0.017224100,0.017223945
0,5,receive_authenticate_accumulate,0.017228451,0.017228426
0,5,receive_authenticate_accumulate,0.017227526,0.017227444
0,5,receive_authenticate_accumulate,0.017221230,0.017221093
0,5,receive_authenticate_accumulate,0.017295747,0.017266797
0,5,receive_authenticate_accumulate,0.017217118,0.017216981
0,5,round_coverage,0.000003778,0.000002981
0,6,round_reset,0.000009148,0.000007834
0,6,receive_authenticate_accumulate,0.017228379,0.017228204
0,6,receive_authenticate_accumulate,0.017267249,0.017240278
0,6,receive_authenticate_accumulate,0.017219249,0.017219166
0,6,receive_authenticate_accumulate,0.017224434,0.017224351
0,6,receive_authenticate_accumulate,0.017230342,0.017230351
0,6,receive_authenticate_accumulate,0.017232861,0.017232815
0,6,receive_authenticate_accumulate,0.017227916,0.017227833
0,6,receive_authenticate_accumulate,0.017225324,0.017225185
0,6,receive_authenticate_accumulate,0.017219268,0.017219185
0,6,reading_commitment_and_shares,0.026209066,0.026209148
0,6,receive_authenticate_accumulate,0.017228027,0.017227685
0,6,receive_authenticate_accumulate,0.017220657,0.017220537
0,6,receive_authenticate_accumulate,0.017222157,0.017222056
0,6,receive_authenticate_accumulate,0.017252139,0.017251537
0,6,receive_authenticate_accumulate,0.017235027,0.017234926
0,6,receive_authenticate_accumulate,0.017225045,0.017225000
0,6,receive_authenticate_accumulate,0.017226805,0.017226740
0,6,receive_authenticate_accumulate,0.017223343,0.017223259
0,6,receive_authenticate_accumulate,0.017230064,0.017229925
0,6,receive_authenticate_accumulate,0.017226398,0.017226277
0,6,receive_authenticate_accumulate,0.017230398,0.017230371
0,6,round_coverage,0.000004148,0.000003482
0,7,round_reset,0.000008889,0.000007871
0,7,receive_authenticate_accumulate,0.017228658,0.017228630
0,7,receive_authenticate_accumulate,0.017233084,0.017232963
0,7,receive_authenticate_accumulate,0.017218048,0.017217871
0,7,receive_authenticate_accumulate,0.017230213,0.017230185
0,7,receive_authenticate_accumulate,0.017229732,0.017229555
0,7,receive_authenticate_accumulate,0.017236324,0.017236277
0,7,receive_authenticate_accumulate,0.017228344,0.017227667
0,7,receive_authenticate_accumulate,0.017263362,0.017237315
0,7,receive_authenticate_accumulate,0.017262603,0.017239074
0,7,reading_commitment_and_shares,0.026228735,0.026228629
0,7,receive_authenticate_accumulate,0.017219769,0.017219648
0,7,receive_authenticate_accumulate,0.017226677,0.017226241
0,7,receive_authenticate_accumulate,0.017223288,0.017223222
0,7,receive_authenticate_accumulate,0.017236695,0.017236574
0,7,receive_authenticate_accumulate,0.017229288,0.017229111
0,7,receive_authenticate_accumulate,0.017211937,0.017211796
0,7,receive_authenticate_accumulate,0.017223806,0.017223703
0,7,receive_authenticate_accumulate,0.017223770,0.017223630
0,7,receive_authenticate_accumulate,0.017219047,0.017218945
0,7,receive_authenticate_accumulate,0.017220047,0.017219945
0,7,receive_authenticate_accumulate,0.017220233,0.017220148
0,7,round_coverage,0.000003667,0.000003000
0,8,round_reset,0.000009259,0.000007982
0,8,receive_authenticate_accumulate,0.017223030,0.017222926
0,8,receive_authenticate_accumulate,0.017230771,0.017230574
0,8,receive_authenticate_accumulate,0.017227696,0.017227444
0,8,receive_authenticate_accumulate,0.017223678,0.017223648
0,8,receive_authenticate_accumulate,0.017228716,0.017228777
0,8,receive_authenticate_accumulate,0.017229993,0.017229851
0,8,receive_authenticate_accumulate,0.017225881,0.017225777
0,8,receive_authenticate_accumulate,0.017220827,0.017220722
0,8,receive_authenticate_accumulate,0.017233808,0.017233852
0,8,reading_commitment_and_shares,0.026263700,0.026236833
0,8,receive_authenticate_accumulate,0.017259919,0.017233019
0,8,receive_authenticate_accumulate,0.017234752,0.017234685
0,8,receive_authenticate_accumulate,0.017221531,0.017221500
0,8,receive_authenticate_accumulate,0.017232179,0.017231963
0,8,receive_authenticate_accumulate,0.017230679,0.017230593
0,8,receive_authenticate_accumulate,0.017223401,0.017223315
0,8,receive_authenticate_accumulate,0.017262679,0.017239871
0,8,receive_authenticate_accumulate,0.017225511,0.017225352
0,8,receive_authenticate_accumulate,0.017401751,0.017262204
0,8,receive_authenticate_accumulate,0.017222327,0.017222278
0,8,receive_authenticate_accumulate,0.017297160,0.017254445
0,8,round_coverage,0.000003963,0.000003222
0,9,round_reset,0.000009241,0.000007797
0,9,receive_authenticate_accumulate,0.017229346,0.017229334
0,9,receive_authenticate_accumulate,0.017228939,0.017228889
0,9,receive_authenticate_accumulate,0.017226624,0.017226555
0,9,receive_authenticate_accumulate,0.017228401,0.017228259
0,9,receive_authenticate_accumulate,0.017228846,0.017228630
0,9,receive_authenticate_accumulate,0.017231791,0.017231593
0,9,receive_authenticate_accumulate,0.017231513,0.017231296
0,9,receive_authenticate_accumulate,0.017220605,0.017220445
0,9,receive_authenticate_accumulate,0.017223754,0.017223648
0,9,reading_commitment_and_shares,0.026263313,0.026237075
0,9,receive_authenticate_accumulate,0.017278106,0.017238129
0,9,receive_authenticate_accumulate,0.017232698,0.017232759
0,9,receive_authenticate_accumulate,0.017218013,0.017217982
0,9,receive_authenticate_accumulate,0.017225791,0.017225740
0,9,receive_authenticate_accumulate,0.017235217,0.017235167
0,9,receive_authenticate_accumulate,0.017220587,0.017220297
0,9,receive_authenticate_accumulate,0.017226662,0.017226500
0,9,receive_authenticate_accumulate,0.017226587,0.017226611
0,9,receive_authenticate_accumulate,0.017232013,0.017232185
0,9,receive_authenticate_accumulate,0.017229513,0.017229574
0,9,receive_authenticate_accumulate,0.017227439,0.017227297
0,9,round_coverage,0.000004167,0.000003333
1,10,period_reset,0.000025851,0.000024481
1,10,receive_authenticate_accumulate,0.000097536,0.000097444
1,10,receive_authenticate_accumulate,0.000097296,0.000097148
1,10,receive_authenticate_accumulate,0.000093111,0.000093019
1,10,receive_authenticate_accumulate,0.000090463,0.000090223
1,10,receive_authenticate_accumulate,0.000091778,0.000091500
1,10,receive_authenticate_accumulate,0.000093241,0.000092852
1,10,receive_authenticate_accumulate,0.000090833,0.000090537
1,10,receive_authenticate_accumulate,0.000092944,0.000092834
1,10,receive_authenticate_accumulate,0.000071110,0.000070704
1,10,randomness_commit,0.000605867,0.000605371
1,10,receive_authenticate_accumulate,0.000066036,0.000065740
1,10,receive_authenticate_accumulate,0.000069814,0.000069648
1,10,receive_authenticate_accumulate,0.000070018,0.000069963
1,10,receive_authenticate_accumulate,0.000070518,0.000070259
1,10,receive_authenticate_accumulate,0.000070111,0.000069834
1,10,receive_authenticate_accumulate,0.000069611,0.000069482
1,10,receive_authenticate_accumulate,0.000108518,0.000108407
1,10,receive_authenticate_accumulate,0.000068889,0.000068630
1,10,receive_authenticate_accumulate,0.000068907,0.000068500
1,10,receive_authenticate_accumulate,0.000068982,0.000068685
1,10,receive_authenticate_accumulate,0.000067611,0.000067426
1,10,receive_authenticate_accumulate,0.000083629,0.000083481
1,10,receive_authenticate_accumulate,0.000082093,0.000082092
1,10,receive_authenticate_accumulate,0.000084426,0.000084148
1,10,receive_authenticate_accumulate,0.000085648,0.000084759
1,10,receive_authenticate_accumulate,0.000085481,0.000085185
1,10,receive_authenticate_accumulate,0.000082759,0.000082445
1,10,receive_authenticate_accumulate,0.000083129,0.000082796
1,10,receive_authenticate_accumulate,0.000083333,0.000083093
1,10,receive_authenticate_accumulate,0.000084018,0.000083740
1,10,randomness_reveal,0.000554330,0.000554074
1,10,receive_authenticate_accumulate,0.000082740,0.000082630
1,10,receive_authenticate_accumulate,0.000069610,0.000069204
1,10,receive_authenticate_accumulate,0.000099536,0.000099334
1,10,receive_authenticate_accumulate,0.000063388,0.000063074
1,10,receive_authenticate_accumulate,0.000068259,0.000068148
1,10,receive_authenticate_accumulate,0.000068536,0.000068426
1,10,receive_authenticate_accumulate,0.000069759,0.000069462
1,10,receive_authenticate_accumulate,0.000067518,0.000067297
1,10,receive_authenticate_accumulate,0.000067889,0.000067797
1,10,receive_authenticate_accumulate,0.000068185,0.000068000
1,10,receive_authenticate_accumulate,0.000068111,0.000067778
1,10,committee_selection,0.000125647,0.000125241
1,10,round_reset,0.000005315,0.000004556
1,10,receive_authenticate_accumulate,0.017235736,0.017235778
1,10,receive_authenticate_accumulate,0.017225699,0.017225685
1,10,receive_authenticate_accumulate,0.017231329,0.017231296
1,10,receive_authenticate_accumulate,0.017224347,0.017224333
1,10,receive_authenticate_accumulate,0.017218014,0.017217889
1,10,receive_authenticate_accumulate,0.017227440,0.017227389
1,10,receive_authenticate_accumulate,0.017276107,0.017237481
1,10,receive_authenticate_accumulate,0.017220755,0.017220593
1,10,receive_authenticate_accumulate,0.017266032,0.017242425
1,10,reading_commitment_and_shares,0.026255686,0.026225370
1,10,receive_authenticate_accumulate,0.017227625,0.017227555
1,10,receive_authenticate_accumulate,0.017220218,0.017220074
1,10,receive_authenticate_accumulate,0.017223422,0.017223185
1,10,receive_authenticate_accumulate,0.017230996,0.017230630
1,10,receive_authenticate_accumulate,0.017231533,0.017231370
1,10,receive_authenticate_accumulate,0.017218347,0.017218296
1,10,receive_authenticate_accumulate,0.017229532,0.017229611
1,10,receive_authenticate_accumulate,0.017222107,0.017221666
1,10,receive_authenticate_accumulate,0.017229644,0.017229704
1,10,receive_authenticate_accumulate,0.017224495,0.017224444
1,10,receive_authenticate_accumulate,0.017287033,0.017247779
1,10,round_coverage,0.000004371,0.000003814
1,11,round_reset,0.000009240,0.000008019
1,11,receive_authenticate_accumulate,0.017229590,0.017229593
1,11,receive_authenticate_accumulate,0.017229867,0.017229926
1,11,receive_authenticate_accumulate,0.017227496,0.017227334
1,11,receive_authenticate_accumulate,0.017225664,0.017225666
1,11,receive_authenticate_accumulate,0.017269200,0.017242241
1,11,receive_authenticate_accumulate,0.017266219,0.017240944
1,11,receive_authenticate_accumulate,0.017225849,0.017225592
1,11,receive_authenticate_accumulate,0.017234460,0.017234314
1,11,receive_authenticate_accumulate,0.017292663,0.017252370
1,11,reading_commitment_and_shares,0.026225614,0.026225704
1,11,receive_authenticate_accumulate,0.017225127,0.017224982
1,11,receive_authenticate_accumulate,0.017226849,0.017226740
1,11,receive_authenticate_accumulate,0.017228163,0.017227981
1,11,receive_authenticate_accumulate,0.017237923,0.017237778
1,11,receive_authenticate_accumulate,0.017221164,0.017220871
1,11,receive_authenticate_accumulate,0.017225442,0.017225018
1,11,receive_authenticate_accumulate,0.017263793,0.017246463
1,11,receive_authenticate_accumulate,0.017227219,0.017227111
1,11,receive_authenticate_accumulate,0.017260478,0.017233666
1,11,receive_authenticate_accumulate,0.017226978,0.017226888
1,11,receive_authenticate_accumulate,0.017225738,0.017225722
1,11,round_coverage,0.000004093,0.000003500
1,12,round_reset,0.000010241,0.000008907
1,12,receive_authenticate_accumulate,0.017230312,0.017230278
1,12,receive_authenticate_accumulate,0.017221739,0.017221722
1,12,receive_authenticate_accumulate,0.017265979,0.017242721
1,12,receive_authenticate_accumulate,0.017226832,0.017226722
1,12,receive_authenticate_accumulate,0.017222553,0.017222556
1,12,receive_authenticate_accumulate,0.017226572,0.017226370
1,12,receive_authenticate_accumulate,0.017234924,0.017234833
1,12,receive_authenticate_accumulate,0.017234647,0.017234445
1,12,receive_authenticate_accumulate,0.017228072,0.017227870
1,12,reading_commitment_and_shares,0.026213615,0.026213333
1,12,receive_authenticate_accumulate,0.017221887,0.017221833
1,12,receive_authenticate_accumulate,0.017237480,0.017237388
1,12,receive_authenticate_accumulate,0.017227923,0.017227852
1,12,receive_authenticate_accumulate,0.017229331,0.017229259
1,12,receive_authenticate_accumulate,0.017217887,0.017217889
1,12,receive_authenticate_accumulate,0.017251053,0.017250852
1,12,receive_authenticate_accumulate,0.017257849,0.017232888
1,12,receive_authenticate_accumulate,0.017225813,0.017225907
1,12,receive_authenticate_accumulate,0.017227128,0.017227111
1,12,receive_authenticate_accumulate,0.017225294,0.017225223
1,12,receive_authenticate_accumulate,0.017230313,0.017230167
1,12,round_coverage,0.000003703,0.000002944
1,13,round_reset,0.000008797,0.000007389
1,13,receive_authenticate_accumulate,0.017220814,0.017220778
1,13,receive_authenticate_accumulate,0.017233702,0.017233630
1,13,receive_authenticate_accumulate,0.017222184,0.017222167
1,13,receive_authenticate_accumulate,0.017235702,0.017235649
1,13,receive_authenticate_accumulate,0.017224536,0.017224593
1,13,receive_authenticate_accumulate,0.017229518,0.017229463
1,13,receive_authenticate_accumulate,0.017293609,0.017259295
1,13,receive_authenticate_accumulate,0.017233684,0.017233723
1,13,receive_authenticate_accumulate,0.017228332,0.017227963
1,13,reading_commitment_and_shares,0.026218043,0.026218093
1,13,receive_authenticate_accumulate,0.017225703,0.017225482
1,13,receive_authenticate_accumulate,0.017225073,0.017224944
1,13,receive_authenticate_accumulate,0.017237629,0.017237630
1,13,receive_authenticate_accumulate,0.017222295,0.017222222
1,13,receive_authenticate_accumulate,0.017228073,0.017228019
1,13,receive_authenticate_accumulate,0.017222037,0.017221908
1,13,receive_authenticate_accumulate,0.017230647,0.017230444
1,13,receive_authenticate_accumulate,0.017269185,0.017242574
1,13,receive_authenticate_accumulate,0.017236425,0.017236240
1,13,receive_authenticate_accumulate,0.017229666,0.017229574
1,13,receive_authenticate_accumulate,0.017229073,0.017228926
1,13,round_coverage,0.000004185,0.000003278
1,14,round_reset,0.000009926,0.000008629
1,14,receive_authenticate_accumulate,0.017223167,0.017223111
1,14,receive_authenticate_accumulate,0.017222556,0.017222407
1,14,receive_authenticate_accumulate,0.017227352,0.017227296
1,14,receive_authenticate_accumulate,0.017223444,0.017223426
1,14,receive_authenticate_accumulate,0.017225870,0.017225685
1,14,receive_authenticate_accumulate,0.017263537,0.017241203
1,14,receive_authenticate_accumulate,0.017253574,0.017253425
1,14,receive_authenticate_accumulate,0.017229926,0.017229814
1,14,receive_authenticate_accumulate,0.017224092,0.017223814
1,14,reading_commitment_and_shares,0.026258841,0.026258722
1,14,receive_authenticate_accumulate,0.017219075,0.017218944
1,14,receive_authenticate_accumulate,0.017227296,0.017227018
1,14,receive_authenticate_accumulate,0.017231703,0.017231685
1,14,receive_authenticate_accumulate,0.017252888,0.017232112
1,14,receive_authenticate_accumulate,0.017262129,0.017245259
1,14,receive_authenticate_accumulate,0.017224704,0.017224574
1,14,receive_authenticate_accumulate,0.017221111,0.017220907
1,14,receive_authenticate_accumulate,0.017228426,0.017228315
1,14,receive_authenticate_accumulate,0.017227537,0.017227592
1,14,receive_authenticate_accumulate,0.017266482,0.017235759
1,14,receive_authenticate_accumulate,0.017227370,0.017227166
1,14,round_coverage,0.000004315,0.000003685
1,15,round_reset,0.000009741,0.000008334
1,15,receive_authenticate_accumulate,0.017220612,0.017220574
1,15,receive_authenticate_accumulate,0.017227927,0.017227833
1,15,receive_authenticate_accumulate,0.017223593,0.017223388
1,15,receive_authenticate_accumulate,0.017224464,0.017224259
1,15,receive_authenticate_accumulate,0.017227520,0.017227148
1,15,receive_authenticate_accumulate,0.017226149,0.017226000
1,15,receive_authenticate_accumulate,0.017257705,0.017228944
1,15,receive_authenticate_accumulate,0.017288630,0.017254685
1,15,receive_authenticate_accumulate,0.017226057,0.017225852
1,15,reading_commitment_and_shares,0.026223656,0.026223815
1,15,receive_authenticate_accumulate,0.017290205,0.017290019
1,15,receive_authenticate_accumulate,0.017218834,0.017218741
1,15,receive_authenticate_accumulate,0.017221464,0.017221593
1,15,receive_authenticate_accumulate,0.017269260,0.017246241
1,15,receive_authenticate_accumulate,0.017286001,0.017247390
1,15,receive_authenticate_accumulate,0.017233278,0.017233092
1,15,receive_authenticate_accumulate,0.017216816,0.017216630
1,15,receive_authenticate_accumulate,0.017227797,0.017227667
1,15,receive_authenticate_accumulate,0.017251890,0.017235093
1,15,receive_authenticate_accumulate,0.017229149,0.017229037
1,15,receive_authenticate_accumulate,0.017262909,0.017236241
1,15,round_coverage,0.000003870,0.000003185
1,16,round_reset,0.000009574,0.000008426
1,16,receive_authenticate_accumulate,0.017224817,0.017224704
1,16,receive_authenticate_accumulate,0.017224946,0.017224741
1,16,receive_authenticate_accumulate,0.017241187,0.017241240
1,16,receive_authenticate_accumulate,0.017222150,0.017221871
1,16,receive_authenticate_accumulate,0.017236298,0.017236130
1,16,receive_authenticate_accumulate,0.017226539,0.017226518
1,16,receive_authenticate_accumulate,0.017219002,0.017218908
1,16,receive_authenticate_accumulate,0.017219169,0.017219019
1,16,receive_authenticate_accumulate,0.017219316,0.017219259
1,16,reading_commitment_and_shares,0.026220788,0.026221055
1,16,receive_authenticate_accumulate,0.017231076,0.017230963
1,16,receive_authenticate_accumulate,0.017266909,0.017239186
1,16,receive_authenticate_accumulate,0.017218595,0.017218425
1,16,receive_authenticate_accumulate,0.017231853,0.017231648
1,16,receive_authenticate_accumulate,0.017222983,0.017223000
1,16,receive_authenticate_accumulate,0.017229742,0.017229778
1,16,receive_authenticate_accumulate,0.017231872,0.017231759
1,16,receive_authenticate_accumulate,0.017222558,0.017222629
1,16,receive_authenticate_accumulate,0.017278984,0.017241999
1,16,receive_authenticate_accumulate,0.017219484,0.017219407
1,16,receive_authenticate_accumulate,0.017227799,0.017227611
1,16,round_coverage,0.000004111,0.000003481
1,17,round_reset,0.000009407,0.000008334
1,17,receive_authenticate_accumulate,0.017283466,0.017247130
1,17,receive_authenticate_accumulate,0.017220244,0.017220352
1,17,receive_authenticate_accumulate,0.017225521,0.017225408
1,17,receive_authenticate_accumulate,0.017221058,0.017221093
1,17,receive_authenticate_accumulate,0.017232891,0.017232759
1,17,receive_authenticate_accumulate,0.017239892,0.017239704
1,17,receive_authenticate_accumulate,0.017233706,0.017233556
1,17,receive_authenticate_accumulate,0.017219077,0.017218908
1,17,receive_authenticate_accumulate,0.017230447,0.017230315
1,17,reading_commitment_and_shares,0.026212530,0.026212685
1,17,receive_authenticate_accumulate,0.017227225,0.017227129
1,17,receive_authenticate_accumulate,0.017220577,0.017220500
1,17,receive_authenticate_accumulate,0.017254114,0.017232795
1,17,receive_authenticate_accumulate,0.017225576,0.017225537
1,17,receive_authenticate_accumulate,0.017225632,0.017225519
1,17,receive_authenticate_accumulate,0.017281206,0.017282759
1,17,receive_authenticate_accumulate,0.017221947,0.017221723
1,17,receive_authenticate_accumulate,0.017219410,0.017219259
1,17,receive_authenticate_accumulate,0.017226003,0.017225462
1,17,receive_authenticate_accumulate,0.017256596,0.017236853
1,17,receive_authenticate_accumulate,0.017235095,0.017235037
1,17,round_coverage,0.000003852,0.000003148
1,18,round_reset,0.000008815,0.000007556
1,18,receive_authenticate_accumulate,0.017270226,0.017242778
1,18,receive_authenticate_accumulate,0.017226503,0.017226426
1,18,receive_authenticate_accumulate,0.017228244,0.017227908
1,18,receive_authenticate_accumulate,0.017218911,0.017218908
1,18,receive_authenticate_accumulate,0.017219263,0.017219092
1,18,receive_authenticate_accumulate,0.017222856,0.017222871
1,18,receive_authenticate_accumulate,0.017226966,0.017226685
1,18,receive_authenticate_accumulate,0.017226022,0.017225888
1,18,receive_authenticate_accumulate,0.017217892,0.017217741
1,18,reading_commitment_and_shares,0.026212161,0.026212092
1,18,receive_authenticate_accumulate,0.017242874,0.017242852
1,18,receive_authenticate_accumulate,0.017229485,0.017229407
1,18,receive_authenticate_accumulate,0.017218874,0.017218482
1,18,receive_authenticate_accumulate,0.017252040,0.017230667
1,18,receive_authenticate_accumulate,0.017256892,0.017231074
1,18,receive_authenticate_accumulate,0.017216115,0.017215871
1,18,receive_authenticate_accumulate,0.017223578,0.017223185
1,18,receive_authenticate_accumulate,0.017224448,0.017224334
1,18,receive_authenticate_accumulate,0.017239207,0.017239222
1,18,receive_authenticate_accumulate,0.017290836,0.017252167
1,18,receive_authenticate_accumulate,0.017231855,0.017231703
1,18,round_coverage,0.000003852,0.000003278
1,19,round_reset,0.000009629,0.000008500
1,19,receive_authenticate_accumulate,0.017232226,0.017232000
1,19,receive_authenticate_accumulate,0.017219764,0.017219685
1,19,receive_authenticate_accumulate,0.017215596,0.017215519
1,19,receive_authenticate_accumulate,0.017230967,0.017230833
1,19,receive_authenticate_accumulate,0.017316152,0.017259074
1,19,receive_authenticate_accumulate,0.017218782,0.017218685
1,19,receive_authenticate_accumulate,0.017229042,0.017228814
1,19,receive_authenticate_accumulate,0.017225263,0.017225186
1,19,receive_authenticate_accumulate,0.017227875,0.017227760
1,19,reading_commitment_and_shares,0.026231606,0.026231814
1,19,receive_authenticate_accumulate,0.017250430,0.017234333
1,19,receive_authenticate_accumulate,0.017226282,0.017226351
1,19,receive_authenticate_accumulate,0.017221745,0.017221685
1,19,receive_authenticate_accumulate,0.017234078,0.017233834
1,19,receive_authenticate_accumulate,0.017224541,0.017224463
1,19,receive_authenticate_accumulate,0.017234319,0.017234129
1,19,receive_authenticate_accumulate,0.017228227,0.017228037
1,19,receive_authenticate_accumulate,0.017264633,0.017238129
1,19,receive_authenticate_accumulate,0.017228263,0.017228167
1,19,receive_authenticate_accumulate,0.017227412,0.017227296
1,19,receive_authenticate_accumulate,0.017219393,0.017219000
1,19,round_coverage,0.000004186,0.000003630
2,20,period_reset,0.000025055,0.000023722
2,20,receive_authenticate_accumulate,0.000093796,0.000093555
2,20,receive_authenticate_accumulate,0.000090258,0.000089834
2,20,receive_authenticate_accumulate,0.000092426,0.000092074
2,20,receive_authenticate_accumulate,0.000092425,0.000091963
2,20,receive_authenticate_accumulate,0.000091444,0.000091130
2,20,receive_authenticate_accumulate,0.000091629,0.000091260
2,20,receive_authenticate_accumulate,0.000091204,0.000090815
2,20,receive_authenticate_accumulate,0.000091870,0.000091518
2,20,receive_authenticate_accumulate,0.000090444,0.000089481
2,20,randomness_commit,0.000806792,0.000806167
2,20,receive_authenticate_accumulate,0.000087759,0.000087463
2,20,receive_authenticate_accumulate,0.000091463,0.000091148
2,20,receive_authenticate_accumulate,0.000093592,0.000093575
2,20,receive_authenticate_accumulate,0.000090147,0.000089556
2,20,receive_authenticate_accumulate,0.000092277,0.000092019
2,20,receive_authenticate_accumulate,0.000091555,0.000091241
2,20,receive_authenticate_accumulate,0.000091832,0.000091352
2,20,receive_authenticate_accumulate,0.000044703,0.000044556
2,20,receive_authenticate_accumulate,0.000038204,0.000037815
2,20,receive_authenticate_accumulate,0.000040833,0.000040704
2,20,receive_authenticate_accumulate,0.000038944,0.000038704
2,20,receive_authenticate_accumulate,0.000049592,0.000049167
2,20,receive_authenticate_accumulate,0.000048815,0.000048426
2,20,receive_authenticate_accumulate,0.000046277,0.000045963
2,20,receive_authenticate_accumulate,0.000048926,0.000048666
2,20,receive_authenticate_accumulate,0.000049314,0.000049130
2,20,receive_authenticate_accumulate,0.000046926,0.000046723
2,20,receive_authenticate_accumulate,0.000048629,0.000048426
2,20,receive_authenticate_accumulate,0.000073203,0.000072963
2,20,receive_authenticate_accumulate,0.000046833,0.000046630
2,20,randomness_reveal,0.000320109,0.000319889
2,20,receive_authenticate_accumulate,0.000046203,0.000046111
2,20,receive_authenticate_accumulate,0.000048185,0.000048000
2,20,receive_authenticate_accumulate,0.000049314,0.000049111
2,20,receive_authenticate_accumulate,0.000048555,0.000048334
2,20,receive_authenticate_accumulate,0.000047185,0.000046870
2,20,receive_authenticate_accumulate,0.000049000,0.000048797
2,20,receive_authenticate_accumulate,0.000048740,0.000048518
2,20,receive_authenticate_accumulate,0.000045870,0.000045537
2,20,receive_authenticate_accumulate,0.000048592,0.000048352
2,20,receive_authenticate_accumulate,0.000046759,0.000046352
2,20,receive_authenticate_accumulate,0.000049092,0.000048889
2,20,committee_selection,0.000086388,0.000086111
2,20,round_reset,0.000004241,0.000003667
2,20,receive_authenticate_accumulate,0.017275227,0.017245426
2,20,receive_authenticate_accumulate,0.000060908,0.000060704
2,20,receive_authenticate_accumulate,0.017219468,0.017219500
2,20,receive_authenticate_accumulate,0.000057481,0.000057278
2,20,receive_authenticate_accumulate,0.017219913,0.017219778
2,20,receive_authenticate_accumulate,0.000058426,0.000058222
2,20,receive_authenticate_accumulate,0.017231338,0.017231203
2,20,receive_authenticate_accumulate,0.000058463,0.000058352
2,20,receive_authenticate_accumulate,0.017229227,0.017229092
2,20,receive_authenticate_accumulate,0.000059055,0.000058852
2,20,receive_authenticate_accumulate,0.017224116,0.017223944
2,20,receive_authenticate_accumulate,0.000059093,0.000058852
2,20,receive_authenticate_accumulate,0.017227505,0.017227408
2,20,receive_authenticate_accumulate,0.000068778,0.000068537
2,20,receive_authenticate_accumulate,0.017233468,0.017233371
2,20,receive_authenticate_accumulate,0.000058981,0.000058629
2,20,receive_authenticate_accumulate,0.017227190,0.017226926
2,20,receive_authenticate_accumulate,0.000059351,0.000059241
2,20,reading_commitment_and_shares,0.026273237,0.026243000
2,20,receive_authenticate_accumulate,0.017222209,0.017222259
2,20,receive_authenticate_accumulate,0.000059167,0.000058944
2,20,receive_authenticate_accumulate,0.017283394,0.017245629
2,20,receive_authenticate_accumulate,0.000059870,0.000059667
2,20,receive_authenticate_accumulate,0.017236523,0.017236315
2,20,receive_authenticate_accumulate,0.000059944,0.000059797
2,20,receive_authenticate_accumulate,0.017229931,0.017229722
2,20,receive_authenticate_accumulate,0.000058852,0.000058685
2,20,receive_authenticate_accumulate,0.017222042,0.017221796
2,20,receive_authenticate_accumulate,0.000059204,0.000058945
2,20,receive_authenticate_accumulate,0.017231154,0.017231166
2,20,receive_authenticate_accumulate,0.000059555,0.000059371
2,20,receive_authenticate_accumulate,0.017224153,0.017224019
2,20,receive_authenticate_accumulate,0.000057945,0.000057740
2,20,receive_authenticate_accumulate,0.017228727,0.017228519
2,20,receive_authenticate_accumulate,0.000059610,0.000059352
2,20,receive_authenticate_accumulate,0.017229042,0.017229000
2,20,receive_authenticate_accumulate,0.000057500,0.000057444
2,20,receive_authenticate_accumulate,0.017235079,0.017235148
2,20,receive_authenticate_accumulate,0.000074982,0.000074908
2,20,receive_authenticate_accumulate,0.017353949,0.017252278
2,20,receive_authenticate_accumulate,0.000059814,0.000059556
2,20,round_coverage,0.000004037,0.000003241
2,20,spatial_report,0.000043592,0.000043204
2,21,round_reset,0.000009074,0.000007926
2,21,receive_authenticate_accumulate,0.017223301,0.017223186
2,21,receive_authenticate_accumulate,0.000055610,0.000055371
2,21,receive_authenticate_accumulate,0.017225839,0.017225759
2,21,receive_authenticate_accumulate,0.000072648,0.000072500
2,21,receive_authenticate_accumulate,0.017229783,0.017229704
2,21,receive_authenticate_accumulate,0.000056018,0.000055889
2,21,receive_authenticate_accumulate,0.017244524,0.017244296
2,21,receive_authenticate_accumulate,0.000057111,0.000056592
2,21,receive_authenticate_accumulate,0.017252580,0.017230203
2,21,receive_authenticate_accumulate,0.000056926,0.000056686
2,21,receive_authenticate_accumulate,0.017221413,0.017221241
2,21,receive_authenticate_accumulate,0.000056685,0.000056500
2,21,receive_authenticate_accumulate,0.017222191,0.017222074
2,21,receive_authenticate_accumulate,0.000056129,0.000055852
2,21,receive_authenticate_accumulate,0.017227209,0.017227241
2,21,receive_authenticate_accumulate,0.000056981,0.000056741
2,21,receive_authenticate_accumulate,0.017219672,0.017219518
2,21,receive_authenticate_accumulate,0.000057759,0.000057556
2,21,reading_commitment_and_shares,0.026293033,0.026250019
2,21,receive_authenticate_accumulate,0.017272357,0.017239704
2,21,receive_authenticate_accumulate,0.000056148,0.000055852
2,21,receive_authenticate_accumulate,0.017229117,0.017229000
2,21,receive_authenticate_accumulate,0.000057388,0.000057167
2,21,receive_authenticate_accumulate,0.017223172,0.017223056
2,21,receive_authenticate_accumulate,0.000056408,0.000056204
2,21,receive_authenticate_accumulate,0.017223654,0.017223519
2,21,receive_authenticate_accumulate,0.000057962,0.000057871
2,21,receive_authenticate_accumulate,0.017222024,0.017221944
2,21,receive_authenticate_accumulate,0.000057537,0.000057352
2,21,receive_authenticate_accumulate,0.017216413,0.017216352
2,21,receive_authenticate_accumulate,0.000056593,0.000056370
2,21,receive_authenticate_accumulate,0.017226209,0.017226130
2,21,receive_authenticate_accumulate,0.000056407,0.000055834
2,21,receive_authenticate_accumulate,0.017233376,0.017233259
2,21,receive_authenticate_accumulate,0.000055630,0.000055482
2,21,receive_authenticate_accumulate,0.017220246,0.017220074
2,21,receive_authenticate_accumulate,0.000057388,0.000057222
2,21,receive_authenticate_accumulate,0.017257580,0.017227759
2,21,receive_authenticate_accumulate,0.000056018,0.000055889
2,21,receive_authenticate_accumulate,0.017221190,0.017221167
2,21,receive_authenticate_accumulate,0.000056407,0.000056222
2,21,round_coverage,0.000003926,0.000003241
2,21,spatial_report,0.000040185,0.000039926
2,22,round_reset,0.000009185,0.000008018
2,22,receive_authenticate_accumulate,0.017221487,0.017220982
2,22,receive_authenticate_accumulate,0.000057481,0.000057148
2,22,receive_authenticate_accumulate,0.017222784,0.017222593
2,22,receive_authenticate_accumulate,0.000056815,0.000056685
2,22,receive_authenticate_accumulate,0.017223284,0.017223223
2,22,receive_authenticate_accumulate,0.000057574,0.000057444
2,22,receive_authenticate_accumulate,0.017228172,0.017228000
2,22,receive_authenticate_accumulate,0.000057425,0.000057241
2,22,receive_authenticate_accumulate,0.017223896,0.017223814
2,22,receive_authenticate_accumulate,0.000057037,0.000057037
2,22,receive_authenticate_accumulate,0.017297099,0.017258463
2,22,receive_authenticate_accumulate,0.000056278,0.000056148
2,22,receive_authenticate_accumulate,0.017255265,0.017238129
2,22,receive_authenticate_accumulate,0.000056259,0.000056000
2,22,receive_authenticate_accumulate,0.017268357,0.017239408
2,22,receive_authenticate_accumulate,0.000055851,0.000055593
2,22,receive_authenticate_accumulate,0.017215469,0.017215278
2,22,receive_authenticate_accumulate,0.000057315,0.000057092
2,22,reading_commitment_and_shares,0.026220183,0.026220240
2,22,receive_authenticate_accumulate,0.017215895,0.017215852
2,22,receive_authenticate_accumulate,0.000056352,0.000055981
2,22,receive_authenticate_accumulate,0.017222562,0.017222592
2,22,receive_authenticate_accumulate,0.000056555,0.000056389
2,22,receive_authenticate_accumulate,0.017227136,0.017227055
2,22,receive_authenticate_accumulate,0.000056851,0.000056648
2,22,receive_authenticate_accumulate,0.017223098,0.017223092
2,22,receive_authenticate_accumulate,0.000057111,0.000057019
2,22,receive_authenticate_accumulate,0.017227803,0.017227648
2,22,receive_authenticate_accumulate,0.000056778,0.000056370
2,22,receive_authenticate_accumulate,0.017219117,0.017219056
2,22,receive_authenticate_accumulate,0.000058555,0.000058407
2,22,receive_authenticate_accumulate,0.017221321,0.017221111
2,22,receive_authenticate_accumulate,0.000056833,0.000056241
2,22,receive_authenticate_accumulate,0.017222895,0.017222778
2,22,receive_authenticate_accumulate,0.000055888,0.000055741
2,22,receive_authenticate_accumulate,0.017230951,0.017230814
2,22,receive_authenticate_accumulate,0.000056000,0.000055852
2,22,receive_authenticate_accumulate,0.017217599,0.017217555
2,22,receive_authenticate_accumulate,0.000056167,0.000055981
2,22,receive_authenticate_accumulate,0.017257414,0.017235000
2,22,receive_authenticate_accumulate,0.000055389,0.000055259
2,22,round_coverage,0.000003889,0.000021204
2,22,spatial_report,0.000039852,0.000039426
2,23,round_reset,0.000008592,0.000007092
2,23,receive_authenticate_accumulate,0.017261988,0.017237222
2,23,receive_authenticate_accumulate,0.000055425,0.000055204
2,23,receive_authenticate_accumulate,0.017223359,0.017223259
2,23,receive_authenticate_accumulate,0.000057166,0.000056796
2,23,receive_authenticate_accumulate,0.017225915,0.017225796
2,23,receive_authenticate_accumulate,0.000057685,0.000057352
2,23,receive_authenticate_accumulate,0.017231044,0.017230851
2,23,receive_authenticate_accumulate,0.000057926,0.000057778
2,23,receive_authenticate_accumulate,0.017269933,0.017269797
2,23,receive_authenticate_accumulate,0.000059407,0.000059148
2,23,receive_authenticate_accumulate,0.017267321,0.017246944
2,23,receive_authenticate_accumulate,0.000056277,0.000055963
2,23,receive_authenticate_accumulate,0.017227044,0.017226888
2,23,receive_authenticate_accumulate,0.000056407,0.000055982
2,23,receive_authenticate_accumulate,0.017280062,0.017238314
2,23,receive_authenticate_accumulate,0.000056814,0.000056371
2,23,receive_authenticate_accumulate,0.017222673,0.017222556
2,23,receive_authenticate_accumulate,0.000056074,0.000055889
2,23,reading_commitment_and_shares,0.026207647,0.026207519
2,23,receive_authenticate_accumulate,0.017227600,0.017227407
2,23,receive_authenticate_accumulate,0.000056148,0.000055944
2,23,receive_authenticate_accumulate,0.017225118,0.017225148
2,23,receive_authenticate_accumulate,0.000057129,0.000056538
2,23,receive_authenticate_accumulate,0.017218748,0.017218592
2,23,receive_authenticate_accumulate,0.000056888,0.000056444
2,23,receive_authenticate_accumulate,0.017293914,0.017269573
2,23,receive_authenticate_accumulate,0.000055851,0.000055648
2,23,receive_authenticate_accumulate,0.017222729,0.017222537
2,23,receive_authenticate_accumulate,0.000057167,0.000056981
2,23,receive_authenticate_accumulate,0.017256322,0.017232148
2,23,receive_authenticate_accumulate,0.000070351,0.000070371
2,23,receive_authenticate_accumulate,0.017224877,0.017224833
2,23,receive_authenticate_accumulate,0.000055370,0.000055222
2,23,receive_authenticate_accumulate,0.017216840,0.017216852
2,23,receive_authenticate_accumulate,0.000055852,0.000055704
2,23,receive_authenticate_accumulate,0.017219636,0.017219407
2,23,receive_authenticate_accumulate,0.000058574,0.000058444
2,23,receive_authenticate_accumulate,0.017221618,0.017221425
2,23,receive_authenticate_accumulate,0.000058574,0.000058296
2,23,receive_authenticate_accumulate,0.017251932,0.017236149
2,23,receive_authenticate_accumulate,0.000055852,0.000055537
2,23,round_coverage,0.000004018,0.000003426
2,23,spatial_report,0.000041129,0.000040833
2,24,round_reset,0.000010370,0.000009019
2,24,receive_authenticate_accumulate,0.017274785,0.017247167
2,24,receive_authenticate_accumulate,0.000057000,0.000056797
2,24,receive_authenticate_accumulate,0.017228433,0.017228222
2,24,receive_authenticate_accumulate,0.000056018,0.000055944
2,24,receive_authenticate_accumulate,0.017301673,0.017266722
2,24,receive_authenticate_accumulate,0.000057870,0.000057593
2,24,receive_authenticate_accumulate,0.017222840,0.017222741
2,24,receive_authenticate_accumulate,0.000056500,0.000056296
2,24,receive_authenticate_accumulate,0.017218137,0.017218074
2,24,receive_authenticate_accumulate,0.000055611,0.000055482
2,24,receive_authenticate_accumulate,0.017227340,0.017227241
2,24,receive_authenticate_accumulate,0.000055889,0.000055741
2,24,receive_authenticate_accumulate,0.017233174,0.017232907
2,24,receive_authenticate_accumulate,0.000055221,0.000055018
2,24,receive_authenticate_accumulate,0.017242340,0.017242314
2,24,receive_authenticate_accumulate,0.000057574,0.000057407
2,24,receive_authenticate_accumulate,0.017223822,0.017223760
2,24,receive_authenticate_accumulate,0.000056926,0.000056741
2,24,reading_commitment_and_shares,0.026224481,0.026224629
2,24,receive_authenticate_accumulate,0.017220266,0.017220129
2,24,receive_authenticate_accumulate,0.000057166,0.000057019
2,24,receive_authenticate_accumulate,0.017229340,0.017229166
2,24,receive_authenticate_accumulate,0.000057481,0.000057278
2,24,receive_authenticate_accumulate,0.017273340,0.017245407
2,24,receive_authenticate_accumulate,0.000055981,0.000055667
2,24,receive_authenticate_accumulate,0.017217230,0.017217018
2,24,receive_authenticate_accumulate,0.000058833,0.000058537
2,24,receive_authenticate_accumulate,0.017258230,0.017232908
2,24,receive_authenticate_accumulate,0.000057592,0.000057333
2,24,receive_authenticate_accumulate,0.017220082,0.017219926
2,24,receive_authenticate_accumulate,0.000058333,0.000057982
2,24,receive_authenticate_accumulate,0.017254748,0.017237815
2,24,receive_authenticate_accumulate,0.000056852,0.000056630
2,24,receive_authenticate_accumulate,0.017225933,0.017225926
2,24,receive_authenticate_accumulate,0.000055500,0.000055426
2,24,receive_authenticate_accumulate,0.017219581,0.017219537
2,24,receive_authenticate_accumulate,0.000056389,0.000056241
2,24,receive_authenticate_accumulate,0.017223007,0.017223055
2,24,receive_authenticate_accumulate,0.000056296,0.000056186
2,24,receive_authenticate_accumulate,0.017224952,0.017224963
2,24,receive_authenticate_accumulate,0.000055370,0.000055260
2,24,round_coverage,0.000004240,0.000003704
2,24,spatial_report,0.000041018,0.000040722
2,25,round_reset,0.000009186,0.000007797
2,25,receive_authenticate_accumulate,0.017235397,0.017235333
2,25,receive_authenticate_accumulate,0.000057167,0.000056889
2,25,receive_authenticate_accumulate,0.017218249,0.017218056
2,25,receive_authenticate_accumulate,0.000056611,0.000056352
2,25,receive_authenticate_accumulate,0.017220341,0.017220333
2,25,receive_authenticate_accumulate,0.000058352,0.000058129
2,25,receive_authenticate_accumulate,0.017235600,0.017235482
2,25,receive_authenticate_accumulate,0.000057703,0.000057334
2,25,receive_authenticate_accumulate,0.017269489,0.017242297
2,25,receive_authenticate_accumulate,0.000056703,0.000056500
2,25,receive_authenticate_accumulate,0.017230045,0.017229871
2,25,receive_authenticate_accumulate,0.000056241,0.000056037
2,25,receive_authenticate_accumulate,0.017264008,0.017236241
2,25,receive_authenticate_accumulate,0.000057371,0.000057037
2,25,receive_authenticate_accumulate,0.017223545,0.017223463
2,25,receive_authenticate_accumulate,0.000056407,0.000056185
2,25,receive_authenticate_accumulate,0.017234896,0.017234833
2,25,receive_authenticate_accumulate,0.000058296,0.000058037
2,25,reading_commitment_and_shares,0.026214241,0.026214186
2,25,receive_authenticate_accumulate,0.017257581,0.017257648
2,25,receive_authenticate_accumulate,0.000057241,0.000057074
2,25,receive_authenticate_accumulate,0.017223470,0.017223407
2,25,receive_authenticate_accumulate,0.000056796,0.000056500
2,25,receive_authenticate_accumulate,0.017216490,0.017216370
2,25,receive_authenticate_accumulate,0.000057556,0.000057222
2,25,receive_authenticate_accumulate,0.017299322,0.017273241
2,25,receive_authenticate_accumulate,0.000055815,0.000055685
2,25,receive_authenticate_accumulate,0.017216934,0.017216851
2,25,receive_authenticate_accumulate,0.000057815,0.000057629
2,25,receive_authenticate_accumulate,0.017225619,0.017225685
2,25,receive_authenticate_accumulate,0.000056944,0.000056500
2,25,receive_authenticate_accumulate,0.017227934,0.017227833
2,25,receive_authenticate_accumulate,0.000056962,0.000056778
2,25,receive_authenticate_accumulate,0.017219379,0.017219351
2,25,receive_authenticate_accumulate,0.000058056,0.000057834
2,25,receive_authenticate_accumulate,0.017220138,0.017219963
2,25,receive_authenticate_accumulate,0.000058296,0.000058075
2,25,receive_authenticate_accumulate,0.017256137,0.017233573
2,25,receive_authenticate_accumulate,0.000056333,0.000056185
2,25,receive_authenticate_accumulate,0.017225674,0.017225648
2,25,receive_authenticate_accumulate,0.000056536,0.000056277
2,25,round_coverage,0.000004574,0.000003926
2,25,spatial_report,0.000040036,0.000039648
2,26,round_reset,0.000009278,0.000007963
2,26,receive_authenticate_accumulate,0.017222397,0.017222241
2,26,receive_authenticate_accumulate,0.000058370,0.000058222
2,26,receive_authenticate_accumulate,0.017233175,0.017233167
2,26,receive_authenticate_accumulate,0.000057370,0.000057129
2,26,receive_authenticate_accumulate,0.017221027,0.017220889
2,26,receive_authenticate_accumulate,0.000057203,0.000056537
2,26,receive_authenticate_accumulate,0.017224601,0.017224500
2,26,receive_authenticate_accumulate,0.000055759,0.000055574
2,26,receive_authenticate_accumulate,0.017254341,0.017228426
2,26,receive_authenticate_accumulate,0.000056944,0.000056722
2,26,receive_authenticate_accumulate,0.017231842,0.017231685
2,26,receive_authenticate_accumulate,0.000057482,0.000057389
2,26,receive_authenticate_accumulate,0.017217712,0.017217574
2,26,receive_authenticate_accumulate,0.000058018,0.000057722
2,26,receive_authenticate_accumulate,0.017227916,0.017227741
2,26,receive_authenticate_accumulate,0.000057407,0.000057074
2,26,receive_authenticate_accumulate,0.017223786,0.017223685
2,26,receive_authenticate_accumulate,0.000055944,0.000055834
2,26,reading_commitment_and_shares,0.026213835,0.026213944
2,26,receive_authenticate_accumulate,0.017224342,0.017224037
2,26,receive_authenticate_accumulate,0.000056945,0.000056611
2,26,receive_authenticate_accumulate,0.017217953,0.017217851
2,26,receive_authenticate_accumulate,0.000056796,0.000056630
2,26,receive_authenticate_accumulate,0.017228175,0.017228148
2,26,receive_authenticate_accumulate,0.000056500,0.000056315
2,26,receive_authenticate_accumulate,0.017223027,0.017222852
2,26,receive_authenticate_accumulate,0.000057704,0.000057593
2,26,receive_authenticate_accumulate,0.017228361,0.017228333
2,26,receive_authenticate_accumulate,0.000057870,0.000057667
2,26,receive_authenticate_accumulate,0.017220435,0.017220092
2,26,receive_authenticate_accumulate,0.000056889,0.000056740
2,26,receive_authenticate_accumulate,0.017217472,0.017217296
2,26,receive_authenticate_accumulate,0.000056445,0.000056222
2,26,receive_authenticate_accumulate,0.017221768,0.017221797
2,26,receive_authenticate_accumulate,0.000056852,0.000056629
2,26,receive_authenticate_accumulate,0.017234879,0.017234778
2,26,receive_authenticate_accumulate,0.000056018,0.000055833
2,26,receive_authenticate_accumulate,0.017225138,0.017225056
2,26,receive_authenticate_accumulate,0.000056851,0.000056685
2,26,receive_authenticate_accumulate,0.017221231,0.017221019
2,26,receive_authenticate_accumulate,0.000057221,0.000057055
2,26,round_coverage,0.000003908,0.000003315
2,26,spatial_report,0.000042740,0.000042297
2,27,round_reset,0.000009518,0.000008259
2,27,receive_authenticate_accumulate,0.017229861,0.017229611
2,27,receive_authenticate_accumulate,0.000055611,0.000055389
2,27,receive_authenticate_accumulate,0.017222935,0.017222722
2,27,receive_authenticate_accumulate,0.000058240,0.000058000
2,27,receive_authenticate_accumulate,0.017221101,0.017220945
2,27,receive_authenticate_accumulate,0.000057944,0.000057778
2,27,receive_authenticate_accumulate,0.017225102,0.017225148
2,27,receive_authenticate_accumulate,0.000057166,0.000056908
2,27,receive_authenticate_accumulate,0.017286898,0.017246685
2,27,receive_authenticate_accumulate,0.000056926,0.000056760
2,27,receive_authenticate_accumulate,0.017222953,0.017222778
2,27,receive_authenticate_accumulate,0.000058500,0.000058259
2,27,receive_authenticate_accumulate,0.017224602,0.017224444
2,27,receive_authenticate_accumulate,0.000056019,0.000055870
2,27,receive_authenticate_accumulate,0.017252879,0.017229166
2,27,receive_authenticate_accumulate,0.000054666,0.000054407
2,27,receive_authenticate_accumulate,0.017226435,0.017226315
2,27,receive_authenticate_accumulate,0.000056204,0.000055852
2,27,reading_commitment_and_shares,0.026310076,0.026254537
2,27,receive_authenticate_accumulate,0.017224583,0.017224463
2,27,receive_authenticate_accumulate,0.000055518,0.000055278
2,27,receive_authenticate_accumulate,0.017231231,0.017231074
2,27,receive_authenticate_accumulate,0.000056426,0.000056203
2,27,receive_authenticate_accumulate,0.017222490,0.017222370
2,27,receive_authenticate_accumulate,0.000057703,0.000057611
2,27,receive_authenticate_accumulate,0.017235620,0.017235296
2,27,receive_authenticate_accumulate,0.000055148,0.000054963
2,27,receive_authenticate_accumulate,0.017221601,0.017221389
2,27,receive_authenticate_accumulate,0.000056407,0.000056222
2,27,receive_authenticate_accumulate,0.017223101,0.017223333
2,27,receive_authenticate_accumulate,0.000057463,0.000057185
2,27,receive_authenticate_accumulate,0.017244713,0.017244778
2,27,receive_authenticate_accumulate,0.000056740,0.000056407
2,27,receive_authenticate_accumulate,0.017219509,0.017219407
2,27,receive_authenticate_accumulate,0.000056889,0.000056685
2,27,receive_authenticate_accumulate,0.017219601,0.017219482
2,27,receive_authenticate_accumulate,0.000056870,0.000056704
2,27,receive_authenticate_accumulate,0.017220527,0.017220388
2,27,receive_authenticate_accumulate,0.000056518,0.000056278
2,27,receive_authenticate_accumulate,0.017265564,0.017243667
2,27,receive_authenticate_accumulate,0.000057296,0.000057055
2,27,round_coverage,0.000004148,0.000003426
2,27,spatial_report,0.000039722,0.000039148
2,28,round_reset,0.000008667,0.000007445
2,28,receive_authenticate_accumulate,0.017225213,0.017225055
2,28,receive_authenticate_accumulate,0.000057278,0.000057019
2,28,receive_authenticate_accumulate,0.017223954,0.017223796
2,28,receive_authenticate_accumulate,0.000056629,0.000056389
2,28,receive_authenticate_accumulate,0.017221694,0.017221537
2,28,receive_authenticate_accumulate,0.000057314,0.000057092
2,28,receive_authenticate_accumulate,0.017220750,0.017220593
2,28,receive_authenticate_accumulate,0.000056574,0.000056333
2,28,receive_authenticate_accumulate,0.017217805,0.017217759
2,28,receive_authenticate_accumulate,0.000056462,0.000056297
2,28,receive_authenticate_accumulate,0.017264842,0.017240666
2,28,receive_authenticate_accumulate,0.000056500,0.000056314
2,28,receive_authenticate_accumulate,0.017222399,0.017222389
2,28,receive_authenticate_accumulate,0.000057148,0.000056944
2,28,receive_authenticate_accumulate,0.017220954,0.017220759
2,28,receive_authenticate_accumulate,0.000055093,0.000054962
2,28,receive_authenticate_accumulate,0.017223491,0.017223222
2,28,receive_authenticate_accumulate,0.000056222,0.000056037
2,28,reading_commitment_and_shares,0.026252003,0.026252074
2,28,receive_authenticate_accumulate,0.017222380,0.017222297
2,28,receive_authenticate_accumulate,0.000056888,0.000056593
2,28,receive_authenticate_accumulate,0.017225380,0.017225130
2,28,receive_authenticate_accumulate,0.000057259,0.000057167
2,28,receive_authenticate_accumulate,0.017222065,0.017222092
2,28,receive_authenticate_accumulate,0.000057056,0.000056852
2,28,receive_authenticate_accumulate,0.017223565,0.017223463
2,28,receive_authenticate_accumulate,0.000057759,0.000057704
2,28,receive_authenticate_accumulate,0.017230750,0.017230611
2,28,receive_authenticate_accumulate,0.000056870,0.000056648
2,28,receive_authenticate_accumulate,0.017245639,0.017226500
2,28,receive_authenticate_accumulate,0.000057889,0.000057704
2,28,receive_authenticate_accumulate,0.017270601,0.017230704
2,28,receive_authenticate_accumulate,0.000056944,0.000056722
2,28,receive_authenticate_accumulate,0.017233121,0.017232778
2,28,receive_authenticate_accumulate,0.000058222,0.000058000
2,28,receive_authenticate_accumulate,0.017226046,0.017225888
2,28,receive_authenticate_accumulate,0.000056148,0.000055908
2,28,receive_authenticate_accumulate,0.017266694,0.017239333
2,28,receive_authenticate_accumulate,0.000059259,0.000059000
2,28,receive_authenticate_accumulate,0.017256509,0.017256111
2,28,receive_authenticate_accumulate,0.000057574,0.000057260
2,28,round_coverage,0.000003889,0.000003241
2,28,spatial_report,0.000040778,0.000040352
2,29,round_reset,0.000009889,0.000008518
2,29,receive_authenticate_accumulate,0.017226361,0.017226129
2,29,receive_authenticate_accumulate,0.000057389,0.000057074
2,29,receive_authenticate_accumulate,0.017226954,0.017226834
2,29,receive_authenticate_accumulate,0.000058703,0.000058075
2,29,receive_authenticate_accumulate,0.017212269,0.017212111
2,29,receive_authenticate_accumulate,0.000057908,0.000057351
2,29,receive_authenticate_accumulate,0.017219288,0.017219130
2,29,receive_authenticate_accumulate,0.000056629,0.000056407
2,29,receive_authenticate_accumulate,0.017216806,0.017216740
2,29,receive_authenticate_accumulate,0.000057333,0.000057130
2,29,receive_authenticate_accumulate,0.017238787,0.017238871
2,29,receive_authenticate_accumulate,0.000054370,0.000054185
2,29,receive_authenticate_accumulate,0.017227602,0.017227445
2,29,receive_authenticate_accumulate,0.000055722,0.000055537
2,29,receive_authenticate_accumulate,0.017259120,0.017231147
2,29,receive_authenticate_accumulate,0.000054925,0.000054704
2,29,receive_authenticate_accumulate,0.017224195,0.017223982
2,29,receive_authenticate_accumulate,0.000055852,0.000055667
2,29,reading_commitment_and_shares,0.026202652,0.026203166
2,29,receive_authenticate_accumulate,0.017223602,0.017223537
2,29,receive_authenticate_accumulate,0.000054130,0.000054000
2,29,receive_authenticate_accumulate,0.017216251,0.017216074
2,29,receive_authenticate_accumulate,0.000055518,0.000055371
2,29,receive_authenticate_accumulate,0.017218565,0.017218371
2,29,receive_authenticate_accumulate,0.000055611,0.000055333
2,29,receive_authenticate_accumulate,0.017222695,0.017222722
2,29,receive_authenticate_accumulate,0.000055185,0.000055018
2,29,receive_authenticate_accumulate,0.017217676,0.017217426
2,29,receive_authenticate_accumulate,0.000055833,0.000055482
2,29,receive_authenticate_accumulate,0.017225047,0.017224944
2,29,receive_authenticate_accumulate,0.000055981,0.000055741
2,29,receive_authenticate_accumulate,0.017219047,0.017218963
2,29,receive_authenticate_accumulate,0.000055944,0.000055778
2,29,receive_authenticate_accumulate,0.017220306,0.017220259
2,29,receive_authenticate_accumulate,0.000054185,0.000054167
2,29,receive_authenticate_accumulate,0.017220343,0.017220333
2,29,receive_authenticate_accumulate,0.000055148,0.000055000
2,29,receive_authenticate_accumulate,0.017223417,0.017223463
2,29,receive_authenticate_accumulate,0.000054222,0.000054093
2,29,receive_authenticate_accumulate,0.017226602,0.017226537
2,29,receive_authenticate_accumulate,0.000055036,0.000054814
2,29,round_coverage,0.000003814,0.000003166
2,29,spatial_report,0.000039018,0.000038555
2,29,billing_report,0.000421868,0.000421537
3,30,period_reset,0.000025907,0.000024648
3,30,receive_authenticate_accumulate,0.000095500,0.000095315
3,30,receive_authenticate_accumulate,0.000092389,0.000092019
3,30,receive_authenticate_accumulate,0.000092444,0.000092037
3,30,receive_authenticate_accumulate,0.000135332,0.000135074
3,30,receive_authenticate_accumulate,0.000092629,0.000092445
3,30,receive_authenticate_accumulate,0.000089685,0.000089111
3,30,receive_authenticate_accumulate,0.000090444,0.000090185
3,30,receive_authenticate_accumulate,0.000090037,0.000089852
3,30,receive_authenticate_accumulate,0.000069407,0.000069185
3,30,randomness_commit,0.000614700,0.000614352
3,30,receive_authenticate_accumulate,0.000066499,0.000066185
3,30,receive_authenticate_accumulate,0.000068851,0.000068445
3,30,receive_authenticate_accumulate,0.000068740,0.000068482
3,30,receive_authenticate_accumulate,0.000068888,0.000068537
3,30,receive_authenticate_accumulate,0.000070092,0.000069796
3,30,receive_authenticate_accumulate,0.000068999,0.000068741
3,30,receive_authenticate_accumulate,0.000069037,0.000068648
3,30,receive_authenticate_accumulate,0.000069648,0.000069445
3,30,receive_authenticate_accumulate,0.000069314,0.000068926
3,30,receive_authenticate_accumulate,0.000071037,0.000070500
3,30,receive_authenticate_accumulate,0.000071259,0.000071074
3,30,receive_authenticate_accumulate,0.000083518,0.000083277
3,30,receive_authenticate_accumulate,0.000083758,0.000083500
3,30,receive_authenticate_accumulate,0.000083389,0.000083259
3,30,receive_authenticate_accumulate,0.000082647,0.000082444
3,30,receive_authenticate_accumulate,0.000083258,0.000083074
3,30,receive_authenticate_accumulate,0.000084333,0.000084019
3,30,receive_authenticate_accumulate,0.000083092,0.000082759
3,30,receive_authenticate_accumulate,0.000084611,0.000084426
3,30,receive_authenticate_accumulate,0.000084999,0.000084666
3,30,randomness_reveal,0.000551868,0.000551518
3,30,receive_authenticate_accumulate,0.000079870,0.000079500
3,30,receive_authenticate_accumulate,0.000049314,0.000049166
3,30,receive_authenticate_accumulate,0.000050963,0.000050778
3,30,receive_authenticate_accumulate,0.000046167,0.000046037
3,30,receive_authenticate_accumulate,0.000048907,0.000048834
3,30,receive_authenticate_accumulate,0.000049056,0.000048870
3,30,receive_authenticate_accumulate,0.000047203,0.000047055
3,30,receive_authenticate_accumulate,0.000046889,0.000046741
3,30,receive_authenticate_accumulate,0.000045648,0.000045389
3,30,receive_authenticate_accumulate,0.000047907,0.000047685
3,30,receive_authenticate_accumulate,0.000048278,0.000048130
3,30,committee_selection,0.000083611,0.000083000
3,30,round_reset,0.000004259,0.000003556
3,30,receive_authenticate_accumulate,0.017227639,0.017227426
3,30,receive_authenticate_accumulate,0.017229196,0.017229371
3,30,receive_authenticate_accumulate,0.017231676,0.017231574
3,30,receive_authenticate_accumulate,0.017219473,0.017219389
3,30,receive_authenticate_accumulate,0.017220824,0.017220815
3,30,receive_authenticate_accumulate,0.017265584,0.017238185
3,30,receive_authenticate_accumulate,0.017235435,0.017235203
3,30,receive_authenticate_accumulate,0.017222288,0.017222315
3,30,receive_authenticate_accumulate,0.017229732,0.017229630
3,30,reading_commitment_and_shares,0.026215615,0.026215352
3,30,receive_authenticate_accumulate,0.017226343,0.017226204
3,30,receive_authenticate_accumulate,0.017230806,0.017230611
3,30,receive_authenticate_accumulate,0.017224047,0.017223871
3,30,receive_authenticate_accumulate,0.017262399,0.017241500
3,30,receive_authenticate_accumulate,0.017224862,0.017224703
3,30,receive_authenticate_accumulate,0.017226714,0.017226574
3,30,receive_authenticate_accumulate,0.017226918,0.017226629
3,30,receive_authenticate_accumulate,0.017233936,0.017233907
3,30,receive_authenticate_accumulate,0.017262029,0.017235149
3,30,receive_authenticate_accumulate,0.017229973,0.017229944
3,30,receive_authenticate_accumulate,0.017219103,0.017219000
3,30,round_coverage,0.000004130,0.000003537
3,31,round_reset,0.000009112,0.000007778
3,31,receive_authenticate_accumulate,0.017277565,0.017250222
3,31,receive_authenticate_accumulate,0.017266733,0.017244592
3,31,receive_authenticate_accumulate,0.017229196,0.017229111
3,31,receive_authenticate_accumulate,0.017230548,0.017230389
3,31,receive_authenticate_accumulate,0.017235900,0.017235815
3,31,receive_authenticate_accumulate,0.017244214,0.017244111
3,31,receive_authenticate_accumulate,0.017222714,0.017222686
3,31,receive_authenticate_accumulate,0.017222566,0.017222426
3,31,receive_authenticate_accumulate,0.017226658,0.017226593
3,31,reading_commitment_and_shares,0.026218042,0.026218167
3,31,receive_authenticate_accumulate,0.017221844,0.017221611
3,31,receive_authenticate_accumulate,0.017224047,0.017223889
3,31,receive_authenticate_accumulate,0.017224177,0.017224000
3,31,receive_authenticate_accumulate,0.017270325,0.017246611
3,31,receive_authenticate_accumulate,0.017231307,0.017231185
3,31,receive_authenticate_accumulate,0.017284825,0.017241944
3,31,receive_authenticate_accumulate,0.017264640,0.017242666
3,31,receive_authenticate_accumulate,0.017231103,0.017230908
3,31,receive_authenticate_accumulate,0.017225270,0.017225148
3,31,receive_authenticate_accumulate,0.017217288,0.017217074
3,31,receive_authenticate_accumulate,0.017229714,0.017229500
3,31,round_coverage,0.000004130,0.000003500
3,32,round_reset,0.000009815,0.000008463
3,32,receive_authenticate_accumulate,0.017259085,0.017239000
3,32,receive_authenticate_accumulate,0.017222122,0.017221963
3,32,receive_authenticate_accumulate,0.017228141,0.017228000
3,32,receive_authenticate_accumulate,0.017279992,0.017279649
3,32,receive_authenticate_accumulate,0.017235715,0.017235444
3,32,receive_authenticate_accumulate,0.017262863,0.017236555
3,32,receive_authenticate_accumulate,0.017219752,0.017219630
3,32,receive_authenticate_accumulate,0.017229158,0.017229037
3,32,receive_authenticate_accumulate,0.017230770,0.017230574
3,32,reading_commitment_and_shares,0.026220098,0.026220092
3,32,receive_authenticate_accumulate,0.017227604,0.017227444
3,32,receive_authenticate_accumulate,0.017224863,0.017224722
3,32,receive_authenticate_accumulate,0.017220955,0.017220778
3,32,receive_authenticate_accumulate,0.017235807,0.017235629
3,32,receive_authenticate_accumulate,0.017231622,0.017231389
3,32,receive_authenticate_accumulate,0.017226566,0.017226426
3,32,receive_authenticate_accumulate,0.017229678,0.017229574
3,32,receive_authenticate_accumulate,0.017309084,0.017271185
3,32,receive_authenticate_accumulate,0.017275288,0.017238167
3,32,receive_authenticate_accumulate,0.017224640,0.017224500
3,32,receive_authenticate_accumulate,0.017223937,0.017223834
3,32,round_coverage,0.000003945,0.000003352
3,33,round_reset,0.000009426,0.000008112
3,33,receive_authenticate_accumulate,0.017287288,0.017250592
3,33,receive_authenticate_accumulate,0.017227383,0.017227852
3,33,receive_authenticate_accumulate,0.017220328,0.017220907
3,33,receive_authenticate_accumulate,0.017221922,0.017222482
3,33,receive_authenticate_accumulate,0.017225421,0.017225778
3,33,receive_authenticate_accumulate,0.017224756,0.017225167
3,33,receive_authenticate_accumulate,0.017265939,0.017266649
3,33,receive_authenticate_accumulate,0.017270902,0.017245203
3,33,receive_authenticate_accumulate,0.017230942,0.017231463
3,33,reading_commitment_and_shares,0.026220166,0.026221074
3,33,receive_authenticate_accumulate,0.017216313,0.017216481
3,33,receive_authenticate_accumulate,0.017287256,0.017251203
3,33,receive_authenticate_accumulate,0.017224647,0.017224815
3,33,receive_authenticate_accumulate,0.017237980,0.017237889
3,33,receive_authenticate_accumulate,0.017226759,0.017227185
3,33,receive_authenticate_accumulate,0.017225056,0.017225537
3,33,receive_authenticate_accumulate,0.017232167,0.017232593
3,33,receive_authenticate_accumulate,0.017220668,0.017221112
3,33,receive_authenticate_accumulate,0.017215243,0.017215981
3,33,receive_authenticate_accumulate,0.017216613,0.017217185
3,33,receive_authenticate_accumulate,0.017223965,0.017224482
3,33,round_coverage,0.000003815,0.000003259
3,34,round_reset,0.000009222,0.000007351
3,34,receive_authenticate_accumulate,0.017222860,0.017223352
3,34,receive_authenticate_accumulate,0.017232749,0.017233167
3,34,receive_authenticate_accumulate,0.017225822,0.017226241
3,34,receive_authenticate_accumulate,0.017260637,0.017240704
3,34,receive_authenticate_accumulate,0.017228805,0.017229204
3,34,receive_authenticate_accumulate,0.017236899,0.017237278
3,34,receive_authenticate_accumulate,0.017268249,0.017241833
3,34,receive_authenticate_accumulate,0.017232621,0.017233018
3,34,receive_authenticate_accumulate,0.017224789,0.017225333
3,34,reading_commitment_and_shares,0.026213604,0.026214500
3,34,receive_authenticate_accumulate,0.017246788,0.017247388
3,34,receive_authenticate_accumulate,0.017238122,0.017238537
3,34,receive_authenticate_accumulate,0.017228105,0.017228407
3,34,receive_authenticate_accumulate,0.017229549,0.017229907
3,34,receive_authenticate_accumulate,0.017230013,0.017230519
3,34,receive_authenticate_accumulate,0.017228568,0.017229055
3,34,receive_authenticate_accumulate,0.017220959,0.017221611
3,34,receive_authenticate_accumulate,0.017237829,0.017238203
3,34,receive_authenticate_accumulate,0.017229237,0.017229685
3,34,receive_authenticate_accumulate,0.017221533,0.017221982
3,34,receive_authenticate_accumulate,0.017275643,0.017249018
3,34,round_coverage,0.000003926,0.000003351
3,35,round_reset,0.000009073,0.000007796
3,35,receive_authenticate_accumulate,0.017225075,0.017225388
3,35,receive_authenticate_accumulate,0.017225242,0.017225666
3,35,receive_authenticate_accumulate,0.017231261,0.017231629
3,35,receive_authenticate_accumulate,0.017229206,0.017229426
3,35,receive_authenticate_accumulate,0.017225595,0.017226074
3,35,receive_authenticate_accumulate,0.017229392,0.017229945
3,35,receive_authenticate_accumulate,0.017236539,0.017236833
3,35,receive_authenticate_accumulate,0.017232280,0.017232815
3,35,receive_authenticate_accumulate,0.017233577,0.017234000
3,35,reading_commitment_and_shares,0.026214464,0.026215408
3,35,receive_authenticate_accumulate,0.017228818,0.017229259
3,35,receive_authenticate_accumulate,0.017222746,0.017223185
3,35,receive_authenticate_accumulate,0.017221561,0.017221963
3,35,receive_authenticate_accumulate,0.017328410,0.017328204
3,35,receive_authenticate_accumulate,0.017225265,0.017225629
3,35,receive_authenticate_accumulate,0.017234376,0.017234833
3,35,receive_authenticate_accumulate,0.017237118,0.017237666
3,35,receive_authenticate_accumulate,0.017224507,0.017224944
3,35,receive_authenticate_accumulate,0.017233230,0.017233629
3,35,receive_authenticate_accumulate,0.017235007,0.017235648
3,35,receive_authenticate_accumulate,0.017236860,0.017237426
3,35,round_coverage,0.000004019,0.000003463
3,36,round_reset,0.000009092,0.000007778
3,36,receive_authenticate_accumulate,0.017225659,0.017226223
3,36,receive_authenticate_accumulate,0.017237103,0.017237537
3,36,receive_authenticate_accumulate,0.017229919,0.017230333
3,36,receive_authenticate_accumulate,0.017226160,0.017226185
3,36,receive_authenticate_accumulate,0.017223345,0.017223815
3,36,receive_authenticate_accumulate,0.017229939,0.017230407
3,36,receive_authenticate_accumulate,0.017237883,0.017238408
3,36,receive_authenticate_accumulate,0.017225994,0.017226389
3,36,receive_authenticate_accumulate,0.017292586,0.017255315
3,36,reading_commitment_and_shares,0.026214877,0.026216241
3,36,receive_authenticate_accumulate,0.017282697,0.017242037
3,36,receive_authenticate_accumulate,0.017228348,0.017228518
3,36,receive_authenticate_accumulate,0.017271661,0.017244592
3,36,receive_authenticate_accumulate,0.017238699,0.017239148
3,36,receive_authenticate_accumulate,0.017275033,0.017252926
3,36,receive_authenticate_accumulate,0.017233071,0.017233537
3,36,receive_authenticate_accumulate,0.017262515,0.017263074
3,36,receive_authenticate_accumulate,0.017225757,0.017226259
3,36,receive_authenticate_accumulate,0.017237202,0.017237556
3,36,receive_authenticate_accumulate,0.017250220,0.017250592
3,36,receive_authenticate_accumulate,0.017230444,0.017230944
3,36,round_coverage,0.000004296,0.000003686
3,37,round_reset,0.000009463,0.000008296
3,37,receive_authenticate_accumulate,0.017225093,0.017225592
3,37,receive_authenticate_accumulate,0.017231464,0.017231888
3,37,receive_authenticate_accumulate,0.017226168,0.017226685
3,37,receive_authenticate_accumulate,0.017227650,0.017228166
3,37,receive_authenticate_accumulate,0.017227909,0.017228222
3,37,receive_authenticate_accumulate,0.017237205,0.017237518
3,37,receive_authenticate_accumulate,0.017229780,0.017230092
3,37,receive_authenticate_accumulate,0.017220373,0.017220759
3,37,receive_authenticate_accumulate,0.017226318,0.017226667
3,37,reading_commitment_and_shares,0.026227381,0.026227944
3,37,receive_authenticate_accumulate,0.017297519,0.017279684
3,37,receive_authenticate_accumulate,0.017218338,0.017218797
3,37,receive_authenticate_accumulate,0.017222227,0.017222759
3,37,receive_authenticate_accumulate,0.017264873,0.017242648
3,37,receive_authenticate_accumulate,0.017278392,0.017249906
3,37,receive_authenticate_accumulate,0.017232153,0.017232685
3,37,receive_authenticate_accumulate,0.017217006,0.017217426
3,37,receive_authenticate_accumulate,0.017228654,0.017229166
3,37,receive_authenticate_accumulate,0.017224988,0.017225555
3,37,receive_authenticate_accumulate,0.017246525,0.017247148
3,37,receive_authenticate_accumulate,0.017226581,0.017226889
3,37,round_coverage,0.000004073,0.000003408
3,38,round_reset,0.000009166,0.000007870
3,38,receive_authenticate_accumulate,0.017233100,0.017233537
3,38,receive_authenticate_accumulate,0.017228471,0.017228815
3,38,receive_authenticate_accumulate,0.017227435,0.017227685
3,38,receive_authenticate_accumulate,0.017226693,0.017227130
3,38,receive_authenticate_accumulate,0.017269915,0.017242167
3,38,receive_authenticate_accumulate,0.017224361,0.017224723
3,38,receive_authenticate_accumulate,0.017237861,0.017238297
3,38,receive_authenticate_accumulate,0.017222270,0.017222630
3,38,receive_authenticate_accumulate,0.017231898,0.017232297
3,38,reading_commitment_and_shares,0.026217864,0.026218462
3,38,receive_authenticate_accumulate,0.017227140,0.017227315
3,38,receive_authenticate_accumulate,0.017228696,0.017229129
3,38,receive_authenticate_accumulate,0.017231585,0.017231871
3,38,receive_authenticate_accumulate,0.017303546,0.017277907
3,38,receive_authenticate_accumulate,0.017222105,0.017222444
3,38,receive_authenticate_accumulate,0.017231530,0.017232074
3,38,receive_authenticate_accumulate,0.017231308,0.017231740
3,38,receive_authenticate_accumulate,0.017224105,0.017224370
3,38,receive_authenticate_accumulate,0.017222902,0.017223222
3,38,receive_authenticate_accumulate,0.017252197,0.017231000
3,38,receive_authenticate_accumulate,0.017227087,0.017227426
3,38,round_coverage,0.000004037,0.000003407
3,39,round_reset,0.000008556,0.000007407
3,39,receive_authenticate_accumulate,0.023883025,0.023789296
3,39,receive_authenticate_accumulate,0.017221939,0.017222296
3,39,receive_authenticate_accumulate,0.017236847,0.017237204
3,39,receive_authenticate_accumulate,0.017230125,0.017230500
3,39,receive_authenticate_accumulate,0.017231162,0.017231408
3,39,receive_authenticate_accumulate,0.017224144,0.017224574
3,39,receive_authenticate_accumulate,0.017295735,0.017257167
3,39,receive_authenticate_accumulate,0.017223775,0.017224204
3,39,receive_authenticate_accumulate,0.017278495,0.017255740
3,39,reading_commitment_and_shares,0.026266731,0.026240296
3,39,receive_authenticate_accumulate,0.017225145,0.017225630
3,39,receive_authenticate_accumulate,0.017228571,0.017229055
3,39,receive_authenticate_accumulate,0.017234053,0.017234370
3,39,receive_authenticate_accumulate,0.017236258,0.017236593
3,39,receive_authenticate_accumulate,0.017233739,0.017234314
3,39,receive_authenticate_accumulate,0.017232683,0.017232944
3,39,receive_authenticate_accumulate,0.017226740,0.017227315
3,39,receive_authenticate_accumulate,0.017231814,0.017232129
3,39,receive_authenticate_accumulate,0.017224648,0.017224944
3,39,receive_authenticate_accumulate,0.017221444,0.017221926
3,39,receive_authenticate_accumulate,0.017236889,0.017237166
3,39,round_coverage,0.000003944,0.000003222
4,40,period_reset,0.000025055,0.000023963
4,40,receive_authenticate_accumulate,0.000091960,0.000091704
4,40,receive_authenticate_accumulate,0.000093164,0.000092519
4,40,receive_authenticate_accumulate,0.000092257,0.000092055
4,40,receive_authenticate_accumulate,0.000092497,0.000092351
4,40,receive_authenticate_accumulate,0.000092738,0.000092296
4,40,receive_authenticate_accumulate,0.000092035,0.000091833
4,40,receive_authenticate_accumulate,0.000090812,0.000090648
4,40,receive_authenticate_accumulate,0.000092478,0.000092296
4,40,receive_authenticate_accumulate,0.000090331,0.000090278
4,40,randomness_commit,0.000787346,0.000786907
4,40,receive_authenticate_accumulate,0.000088479,0.000088241
4,40,receive_authenticate_accumulate,0.000091905,0.000091944
4,40,receive_authenticate_accumulate,0.000091441,0.000091185
4,40,receive_authenticate_accumulate,0.000089997,0.000089908
4,40,receive_authenticate_accumulate,0.000091904,0.000091555
4,40,receive_authenticate_accumulate,0.000090239,0.000090092
4,40,receive_authenticate_accumulate,0.000092127,0.000091685
4,40,receive_authenticate_accumulate,0.000068257,0.000067944
4,40,receive_authenticate_accumulate,0.000057405,0.000056555
4,40,receive_authenticate_accumulate,0.000055943,0.000055500
4,40,receive_authenticate_accumulate,0.000054072,0.000053611
4,40,receive_authenticate_accumulate,0.000069665,0.000069556
4,40,receive_authenticate_accumulate,0.000069628,0.000069537
4,40,receive_authenticate_accumulate,0.000069054,0.000069000
4,40,receive_authenticate_accumulate,0.000070238,0.000069982
4,40,receive_authenticate_accumulate,0.000069090,0.000068777
4,40,receive_authenticate_accumulate,0.000070054,0.000069777
4,40,receive_authenticate_accumulate,0.000067980,0.000067777
4,40,receive_authenticate_accumulate,0.000067610,0.000067481
4,40,receive_authenticate_accumulate,0.000067850,0.000067667
4,40,randomness_reveal,0.000451524,0.000451130
4,40,receive_authenticate_accumulate,0.000064275,0.000064037
4,40,receive_authenticate_accumulate,0.000068905,0.000068722
4,40,receive_authenticate_accumulate,0.000068443,0.000068408
4,40,receive_authenticate_accumulate,0.000068516,0.000068241
4,40,receive_authenticate_accumulate,0.000070276,0.000070315
4,40,receive_authenticate_accumulate,0.000095941,0.000095722
4,40,receive_authenticate_accumulate,0.000066350,0.000065833
4,40,receive_authenticate_accumulate,0.000067109,0.000066888
4,40,receive_authenticate_accumulate,0.000068294,0.000068074
4,40,receive_authenticate_accumulate,0.000068794,0.000068630
4,40,receive_authenticate_accumulate,0.000068369,0.000068185
4,40,committee_selection,0.000124737,0.000124574
4,40,round_reset,0.000005426,0.000004537
4,40,receive_authenticate_accumulate,0.017229758,0.017229945
4,40,receive_authenticate_accumulate,0.017219554,0.017219871
4,40,receive_authenticate_accumulate,0.017278424,0.017251668
4,40,receive_authenticate_accumulate,0.017224055,0.017224426
4,40,receive_authenticate_accumulate,0.017225000,0.017225371
4,40,receive_authenticate_accumulate,0.017249684,0.017250130
4,40,receive_authenticate_accumulate,0.017220185,0.017220630
4,40,receive_authenticate_accumulate,0.017224149,0.017224500
4,40,receive_authenticate_accumulate,0.017219167,0.017219500
4,40,reading_commitment_and_shares,0.026219767,0.026220444
4,40,receive_authenticate_accumulate,0.017223371,0.017223630
4,40,receive_authenticate_accumulate,0.017225650,0.017225870
4,40,receive_authenticate_accumulate,0.017226316,0.017226703
4,40,receive_authenticate_accumulate,0.017259149,0.017259851
4,40,receive_authenticate_accumulate,0.017302315,0.017272666
4,40,receive_authenticate_accumulate,0.017275908,0.017253482
4,40,receive_authenticate_accumulate,0.017232724,0.017232981
4,40,receive_authenticate_accumulate,0.017231558,0.017232093
4,40,receive_authenticate_accumulate,0.017228356,0.017228703
4,40,receive_authenticate_accumulate,0.017243725,0.017244315
4,40,receive_authenticate_accumulate,0.017230170,0.017230334
4,40,round_coverage,0.000004073,0.000003463
4,41,round_reset,0.000010036,0.000008815
4,41,receive_authenticate_accumulate,0.017227520,0.017227796
4,41,receive_authenticate_accumulate,0.017223575,0.017223944
4,41,receive_authenticate_accumulate,0.017235372,0.017235667
4,41,receive_authenticate_accumulate,0.017225521,0.017225704
4,41,receive_authenticate_accumulate,0.017222780,0.017223203
4,41,receive_authenticate_accumulate,0.017226206,0.017226426
4,41,receive_authenticate_accumulate,0.017277593,0.017250833
4,41,receive_authenticate_accumulate,0.017229207,0.017229500
4,41,receive_authenticate_accumulate,0.017222818,0.017223018
4,41,reading_commitment_and_shares,0.026213615,0.026214129
4,41,receive_authenticate_accumulate,0.017218485,0.017218759
4,41,receive_authenticate_accumulate,0.017228004,0.017228352
4,41,receive_authenticate_accumulate,0.017221727,0.017222111
4,41,receive_authenticate_accumulate,0.017232504,0.017232852
4,41,receive_authenticate_accumulate,0.017232801,0.017233111
4,41,receive_authenticate_accumulate,0.017232393,0.017232796
4,41,receive_authenticate_accumulate,0.017223801,0.017224222
4,41,receive_authenticate_accumulate,0.017222635,0.017223074
4,41,receive_authenticate_accumulate,0.017288744,0.017247017
4,41,receive_authenticate_accumulate,0.017229061,0.017229204
4,41,receive_authenticate_accumulate,0.017229784,0.017230055
4,41,round_coverage,0.000003648,0.000003056
4,42,round_reset,0.000008389,0.000007278
4,42,receive_authenticate_accumulate,0.017235132,0.017235241
4,42,receive_authenticate_accumulate,0.017231724,0.017232074
4,42,receive_authenticate_accumulate,0.017228911,0.017229296
4,42,receive_authenticate_accumulate,0.017229947,0.017230259
4,42,receive_authenticate_accumulate,0.017239077,0.017239482
4,42,receive_authenticate_accumulate,0.017232448,0.017232759
4,42,receive_authenticate_accumulate,0.017230078,0.017230315
4,42,receive_authenticate_accumulate,0.017220375,0.017220611
4,42,receive_authenticate_accumulate,0.017241985,0.017242222
4,42,reading_commitment_and_shares,0.026308235,0.026283351
4,42,receive_authenticate_accumulate,0.017299262,0.017237426
4,42,receive_authenticate_accumulate,0.017227968,0.017228241
4,42,receive_authenticate_accumulate,0.017220431,0.017220667
4,42,receive_authenticate_accumulate,0.017235728,0.017236092
4,42,receive_authenticate_accumulate,0.017224654,0.017225000
4,42,receive_authenticate_accumulate,0.017230247,0.017230481
4,42,receive_authenticate_accumulate,0.017230895,0.017231223
4,42,receive_authenticate_accumulate,0.017220970,0.017221167
4,42,receive_authenticate_accumulate,0.017222822,0.017223111
4,42,receive_authenticate_accumulate,0.017221729,0.017221945
4,42,receive_authenticate_accumulate,0.017229229,0.017229481
4,42,round_coverage,0.000003907,0.000003278
4,43,round_reset,0.000009037,0.000007797
4,43,receive_authenticate_accumulate,0.023786587,0.023724222
4,43,receive_authenticate_accumulate,0.017223596,0.017223981
4,43,receive_authenticate_accumulate,0.017224300,0.017224556
4,43,receive_authenticate_accumulate,0.017232670,0.017232908
4,43,receive_authenticate_accumulate,0.017238856,0.017239111
4,43,receive_authenticate_accumulate,0.017221931,0.017222222
4,43,receive_authenticate_accumulate,0.017226504,0.017226797
4,43,receive_authenticate_accumulate,0.017229783,0.017229926
4,43,receive_authenticate_accumulate,0.017295151,0.017253277
4,43,reading_commitment_and_shares,0.026222433,0.026222852
4,43,receive_authenticate_accumulate,0.017214302,0.017214518
4,43,receive_authenticate_accumulate,0.017230876,0.017231129
4,43,receive_authenticate_accumulate,0.017220672,0.017220852
4,43,receive_authenticate_accumulate,0.017295060,0.017265204
4,43,receive_authenticate_accumulate,0.017225525,0.017225797
4,43,receive_authenticate_accumulate,0.017228617,0.017228945
4,43,receive_authenticate_accumulate,0.017229636,0.017229815
4,43,receive_authenticate_accumulate,0.017221432,0.017221796
4,43,receive_authenticate_accumulate,0.017261933,0.017236926
4,43,receive_authenticate_accumulate,0.017227878,0.017228296
4,43,receive_authenticate_accumulate,0.017235229,0.017235463
4,43,round_coverage,0.000004204,0.000003630
4,44,round_reset,0.000010370,0.000008815
4,44,receive_authenticate_accumulate,0.017227262,0.017227500
4,44,receive_authenticate_accumulate,0.017234872,0.017235185
4,44,receive_authenticate_accumulate,0.017235299,0.017235537
4,44,receive_authenticate_accumulate,0.017224503,0.017224630
4,44,receive_authenticate_accumulate,0.017224484,0.017224592
4,44,receive_authenticate_accumulate,0.017232559,0.017232815
4,44,receive_authenticate_accumulate,0.017230467,0.017230778
4,44,receive_authenticate_accumulate,0.017223652,0.017223926
4,44,receive_authenticate_accumulate,0.017235374,0.017235796
4,44,reading_commitment_and_shares,0.026212256,0.026212907
4,44,receive_authenticate_accumulate,0.017225004,0.017225148
4,44,receive_authenticate_accumulate,0.017220875,0.017221148
4,44,receive_authenticate_accumulate,0.017273374,0.017247795
4,44,receive_authenticate_accumulate,0.017230802,0.017230963
4,44,receive_authenticate_accumulate,0.017231653,0.017231704
4,44,receive_authenticate_accumulate,0.017226395,0.017226574
4,44,receive_authenticate_accumulate,0.017223432,0.017223592
4,44,receive_authenticate_accumulate,0.017232006,0.017232204
4,44,receive_authenticate_accumulate,0.017225618,0.017225796
4,44,receive_authenticate_accumulate,0.017228358,0.017228574
4,44,receive_authenticate_accumulate,0.017226895,0.017227148
4,44,round_coverage,0.000003981,0.000003351
4,45,round_reset,0.000009074,0.000007926
4,45,receive_authenticate_accumulate,0.024140201,0.024074871
4,45,receive_authenticate_accumulate,0.017226001,0.017226148
4,45,receive_authenticate_accumulate,0.017226372,0.017226889
4,45,receive_authenticate_accumulate,0.017229593,0.017229851
4,45,receive_authenticate_accumulate,0.017272186,0.017246407
4,45,receive_authenticate_accumulate,0.017238187,0.017238407
4,45,receive_authenticate_accumulate,0.017226409,0.017226629
4,45,receive_authenticate_accumulate,0.017225595,0.017225833
4,45,receive_authenticate_accumulate,0.017229928,0.017230000
4,45,reading_commitment_and_shares,0.026226262,0.026226648
4,45,receive_authenticate_accumulate,0.017220836,0.017221074
4,45,receive_authenticate_accumulate,0.017222540,0.017222685
4,45,receive_authenticate_accumulate,0.017238633,0.017238592
4,45,receive_authenticate_accumulate,0.017228226,0.017228462
4,45,receive_authenticate_accumulate,0.017225003,0.017225186
4,45,receive_authenticate_accumulate,0.017231632,0.017231796
4,45,receive_authenticate_accumulate,0.017236115,0.017236370
4,45,receive_authenticate_accumulate,0.017223541,0.017223722
4,45,receive_authenticate_accumulate,0.017227671,0.017227945
4,45,receive_authenticate_accumulate,0.017232689,0.017232870
4,45,receive_authenticate_accumulate,0.017237301,0.017237463
4,45,round_coverage,0.000004129,0.000003462
4,46,round_reset,0.000010110,0.000008852
4,46,receive_authenticate_accumulate,0.017229183,0.017229407
4,46,receive_authenticate_accumulate,0.017226683,0.017226889
4,46,receive_authenticate_accumulate,0.017233999,0.017234185
4,46,receive_authenticate_accumulate,0.017228277,0.017228649
4,46,receive_authenticate_accumulate,0.017229258,0.017229482
4,46,receive_authenticate_accumulate,0.017269424,0.017247056
4,46,receive_authenticate_accumulate,0.017232684,0.017232815
4,46,receive_authenticate_accumulate,0.017288424,0.017253573
4,46,receive_authenticate_accumulate,0.017253999,0.017254463
4,46,reading_commitment_and_shares,0.026229453,0.026229907
4,46,receive_authenticate_accumulate,0.017222684,0.017222889
4,46,receive_authenticate_accumulate,0.017229333,0.017229519
4,46,receive_authenticate_accumulate,0.017226815,0.017227019
4,46,receive_authenticate_accumulate,0.017230241,0.017230555
4,46,receive_authenticate_accumulate,0.017229186,0.017229389
4,46,receive_authenticate_accumulate,0.017229093,0.017229370
4,46,receive_authenticate_accumulate,0.017243352,0.017234408
4,46,receive_authenticate_accumulate,0.017230204,0.017230426
4,46,receive_authenticate_accumulate,0.017226705,0.017226870
4,46,receive_authenticate_accumulate,0.017244835,0.017245111
4,46,receive_authenticate_accumulate,0.017266926,0.017239407
4,46,round_coverage,0.000004074,0.000003371
4,47,round_reset,0.000009573,0.000008407
4,47,receive_authenticate_accumulate,0.017225587,0.017225908
4,47,receive_authenticate_accumulate,0.017231586,0.017232055
4,47,receive_authenticate_accumulate,0.017230180,0.017230518
4,47,receive_authenticate_accumulate,0.017228587,0.017228759
4,47,receive_authenticate_accumulate,0.017234958,0.017235314
4,47,receive_authenticate_accumulate,0.017234310,0.017234593
4,47,receive_authenticate_accumulate,0.017232644,0.017232814
4,47,receive_authenticate_accumulate,0.017273309,0.017273612
4,47,receive_authenticate_accumulate,0.017225792,0.017226000
4,47,reading_commitment_and_shares,0.026213605,0.026213944
4,47,receive_authenticate_accumulate,0.017229274,0.017229444
4,47,receive_authenticate_accumulate,0.017219607,0.017219685
4,47,receive_authenticate_accumulate,0.017219385,0.017219611
4,47,receive_authenticate_accumulate,0.017232237,0.017232463
4,47,receive_authenticate_accumulate,0.017228145,0.017228334
4,47,receive_authenticate_accumulate,0.017233793,0.017233945
4,47,receive_authenticate_accumulate,0.017226608,0.017226815
4,47,receive_authenticate_accumulate,0.017224053,0.017224260
4,47,receive_authenticate_accumulate,0.017219313,0.017219426
4,47,receive_authenticate_accumulate,0.017265997,0.017239999
4,47,receive_authenticate_accumulate,0.017229553,0.017229704
4,47,round_coverage,0.000003889,0.000003278
4,48,round_reset,0.000008777,0.000007500
4,48,receive_authenticate_accumulate,0.017224693,0.017225018
4,48,receive_authenticate_accumulate,0.017231916,0.017232148
4,48,receive_authenticate_accumulate,0.017229695,0.017229778
4,48,receive_authenticate_accumulate,0.017227657,0.017227871
4,48,receive_authenticate_accumulate,0.017221861,0.017221926
4,48,receive_authenticate_accumulate,0.017227139,0.017227389
4,48,receive_authenticate_accumulate,0.017261824,0.017236203
4,48,receive_authenticate_accumulate,0.017225121,0.017225407
4,48,receive_authenticate_accumulate,0.017230788,0.017231093
4,48,reading_commitment_and_shares,0.026219460,0.026219870
4,48,receive_authenticate_accumulate,0.017231380,0.017231667
4,48,receive_authenticate_accumulate,0.017222973,0.017222870
4,48,receive_authenticate_accumulate,0.017237677,0.017237982
4,48,receive_authenticate_accumulate,0.017227659,0.017227889
4,48,receive_authenticate_accumulate,0.017233252,0.017233574
4,48,receive_authenticate_accumulate,0.017226400,0.017226629
4,48,receive_authenticate_accumulate,0.017232234,0.017232426
4,48,receive_authenticate_accumulate,0.017225363,0.017225518
4,48,receive_authenticate_accumulate,0.017231363,0.017231592
4,48,receive_authenticate_accumulate,0.017229660,0.017229851
4,48,receive_authenticate_accumulate,0.017235196,0.017235389
4,48,round_coverage,0.000004019,0.000003407
4,49,round_reset,0.000009777,0.000008371
4,49,receive_authenticate_accumulate,0.017259910,0.017260204
4,49,receive_authenticate_accumulate,0.017233318,0.017233408
4,49,receive_authenticate_accumulate,0.017246318,0.017246148
4,49,receive_authenticate_accumulate,0.017228504,0.017228686
4,49,receive_authenticate_accumulate,0.017225430,0.017225556
4,49,receive_authenticate_accumulate,0.017222264,0.017222482
4,49,receive_authenticate_accumulate,0.017235541,0.017235500
4,49,receive_authenticate_accumulate,0.017225079,0.017225092
4,49,receive_authenticate_accumulate,0.017262782,0.017238278
4,49,reading_commitment_and_shares,0.026255110,0.026228129
4,49,receive_authenticate_accumulate,0.017224635,0.017224981
4,49,receive_authenticate_accumulate,0.017226042,0.017226148
4,49,receive_authenticate_accumulate,0.017223561,0.017223648
4,49,receive_authenticate_accumulate,0.017223394,0.017223556
4,49,receive_authenticate_accumulate,0.017226524,0.017226648
4,49,receive_authenticate_accumulate,0.017285504,0.017285907
4,49,receive_authenticate_accumulate,0.017232209,0.017232408
4,49,receive_authenticate_accumulate,0.017227932,0.017228204
4,49,receive_authenticate_accumulate,0.017225840,0.017225907
4,49,receive_authenticate_accumulate,0.017224469,0.017224648
4,49,receive_authenticate_accumulate,0.017225136,0.017225204
4,49,round_coverage,0.000003777,0.000003148
5,50,period_reset,0.000025110,0.000023889
5,50,receive_authenticate_accumulate,0.000093035,0.000092815
5,50,receive_authenticate_accumulate,0.000090887,0.000090593
5,50,receive_authenticate_accumulate,0.000093591,0.000093167
5,50,receive_authenticate_accumulate,0.000092405,0.000092185
5,50,receive_authenticate_accumulate,0.000091535,0.000091314
5,50,receive_authenticate_accumulate,0.000091572,0.000091315
5,50,receive_authenticate_accumulate,0.000090610,0.000090444
5,50,receive_authenticate_accumulate,0.000091109,0.000090889
5,50,receive_authenticate_accumulate,0.000091924,0.000091629
5,50,randomness_commit,0.000851168,0.000850704
5,50,receive_authenticate_accumulate,0.000086350,0.000085963
5,50,receive_authenticate_accumulate,0.000089757,0.000089629
5,50,receive_authenticate_accumulate,0.000087701,0.000087370
5,50,receive_authenticate_accumulate,0.000091646,0.000091278
5,50,receive_authenticate_accumulate,0.000092498,0.000092203
5,50,receive_authenticate_accumulate,0.000125997,0.000125833
5,50,receive_authenticate_accumulate,0.000089794,0.000089352
5,50,receive_authenticate_accumulate,0.000057018,0.000056333
5,50,receive_authenticate_accumulate,0.000057221,0.000056982
5,50,receive_authenticate_accumulate,0.000055888,0.000055685
5,50,receive_authenticate_accumulate,0.000055795,0.000055741
5,50,receive_authenticate_accumulate,0.000068573,0.000068574
5,50,receive_authenticate_accumulate,0.000068443,0.000068000
5,50,receive_authenticate_accumulate,0.000068073,0.000067851
5,50,receive_authenticate_accumulate,0.000068313,0.000068129
5,50,receive_authenticate_accumulate,0.000067887,0.000067834
5,50,receive_authenticate_accumulate,0.000067572,0.000067537
5,50,receive_authenticate_accumulate,0.000068684,0.000068611
5,50,receive_authenticate_accumulate,0.000068665,0.000068592
5,50,receive_authenticate_accumulate,0.000069832,0.000069722
5,50,randomness_reveal,0.000450157,0.000449685
5,50,receive_authenticate_accumulate,0.000062702,0.000062556
5,50,receive_authenticate_accumulate,0.000067406,0.000067315
5,50,receive_authenticate_accumulate,0.000068147,0.000068019
5,50,receive_authenticate_accumulate,0.000067183,0.000067018
5,50,receive_authenticate_accumulate,0.000066980,0.000066889
5,50,receive_authenticate_accumulate,0.000067777,0.000067797
5,50,receive_authenticate_accumulate,0.000066888,0.000066648
5,50,receive_authenticate_accumulate,0.000068332,0.000068204
5,50,receive_authenticate_accumulate,0.000068665,0.000068519
5,50,receive_authenticate_accumulate,0.000068258,0.000068260
5,50,receive_authenticate_accumulate,0.000067776,0.000067555
5,50,committee_selection,0.000125090,0.000124741
5,50,round_reset,0.000005500,0.000004759
5,50,receive_authenticate_accumulate,0.017223793,0.017223981
5,50,receive_authenticate_accumulate,0.000055443,0.000055296
5,50,receive_authenticate_accumulate,0.017228164,0.017228388
5,50,receive_authenticate_accumulate,0.000053572,0.000053462
5,50,receive_authenticate_accumulate,0.017227146,0.017227278
5,50,receive_authenticate_accumulate,0.000054277,0.000054018
5,50,receive_authenticate_accumulate,0.017252368,0.017233556
5,50,receive_authenticate_accumulate,0.000056147,0.000055815
5,50,receive_authenticate_accumulate,0.017225275,0.017225482
5,50,receive_authenticate_accumulate,0.000055518,0.000055370
5,50,receive_authenticate_accumulate,0.017224776,0.017224908
5,50,receive_authenticate_accumulate,0.000054666,0.000054389
5,50,receive_authenticate_accumulate,0.017222610,0.017222685
5,50,receive_authenticate_accumulate,0.000055073,0.000054907
5,50,receive_authenticate_accumulate,0.017253739,0.017224574
5,50,receive_authenticate_accumulate,0.000054276,0.000054019
5,50,receive_authenticate_accumulate,0.017229795,0.017229925
5,50,receive_authenticate_accumulate,0.000054610,0.000054185
5,50,reading_commitment_and_shares,0.026207778,0.026208408
5,50,receive_authenticate_accumulate,0.017222018,0.017222148
5,50,receive_authenticate_accumulate,0.000054461,0.000054315
5,50,receive_authenticate_accumulate,0.017226536,0.017226703
5,50,receive_authenticate_accumulate,0.000055703,0.000055482
5,50,receive_authenticate_accumulate,0.017213091,0.017213370
5,50,receive_authenticate_accumulate,0.000054536,0.000054425
5,50,receive_authenticate_accumulate,0.017218740,0.017218833
5,50,receive_authenticate_accumulate,0.000054980,0.000054760
5,50,receive_authenticate_accumulate,0.017221388,0.017221334
5,50,receive_authenticate_accumulate,0.000056184,0.000056000
5,50,receive_authenticate_accumulate,0.017223389,0.017223518
5,50,receive_authenticate_accumulate,0.000055147,0.000054740
5,50,receive_authenticate_accumulate,0.017228166,0.017228352
5,50,receive_authenticate_accumulate,0.000056536,0.000056315
5,50,receive_authenticate_accumulate,0.017242036,0.017242296
5,50,receive_authenticate_accumulate,0.000076295,0.000076037
5,50,receive_authenticate_accumulate,0.017255869,0.017240667
5,50,receive_authenticate_accumulate,0.000055555,0.000055296
5,50,receive_authenticate_accumulate,0.017227018,0.017227167
5,50,receive_authenticate_accumulate,0.000055647,0.000055426
5,50,receive_authenticate_accumulate,0.017263759,0.017236593
5,50,receive_authenticate_accumulate,0.000055758,0.000055611
5,50,round_coverage,0.000003592,0.000003074
5,50,spatial_report,0.000040777,0.000040556
5,51,round_reset,0.000009055,0.000007704
5,51,receive_authenticate_accumulate,0.017227954,0.017228018
5,51,receive_authenticate_accumulate,0.000054739,0.000054519
5,51,receive_authenticate_accumulate,0.017236528,0.017236666
5,51,receive_authenticate_accumulate,0.000056147,0.000055907
5,51,receive_authenticate_accumulate,0.017261379,0.017237278
5,51,receive_authenticate_accumulate,0.000055795,0.000055574
5,51,receive_authenticate_accumulate,0.017221676,0.017222019
5,51,receive_authenticate_accumulate,0.000056332,0.000056055
5,51,receive_authenticate_accumulate,0.017226658,0.017226815
5,51,receive_authenticate_accumulate,0.000056369,0.000056204
5,51,receive_authenticate_accumulate,0.017230639,0.017230722
5,51,receive_authenticate_accumulate,0.000055499,0.000055296
5,51,receive_authenticate_accumulate,0.017227102,0.017227278
5,51,receive_authenticate_accumulate,0.000057369,0.000057167
5,51,receive_authenticate_accumulate,0.017226844,0.017227056
5,51,receive_authenticate_accumulate,0.000055406,0.000055241
5,51,receive_authenticate_accumulate,0.017259380,0.017243093
5,51,receive_authenticate_accumulate,0.000055740,0.000055481
5,51,reading_commitment_and_shares,0.026203777,0.026204241
5,51,receive_authenticate_accumulate,0.017215567,0.017215814
5,51,receive_authenticate_accumulate,0.000055351,0.000055185
5,51,receive_authenticate_accumulate,0.017224381,0.017224574
5,51,receive_authenticate_accumulate,0.000054388,0.000054074
5,51,receive_authenticate_accumulate,0.017221010,0.017221111
5,51,receive_authenticate_accumulate,0.000056166,0.000055907
5,51,receive_authenticate_accumulate,0.017229641,0.017229703
5,51,receive_authenticate_accumulate,0.000079610,0.000079408
5,51,receive_authenticate_accumulate,0.017219919,0.017219926
5,51,receive_authenticate_accumulate,0.000056128,0.000055944
5,51,receive_authenticate_accumulate,0.017228307,0.017228426
5,51,receive_authenticate_accumulate,0.000055906,0.000055629
5,51,receive_authenticate_accumulate,0.017237715,0.017237851
5,51,receive_authenticate_accumulate,0.000054148,0.000053926
5,51,receive_authenticate_accumulate,0.017222678,0.017222815
5,51,receive_authenticate_accumulate,0.000054462,0.000054296
5,51,receive_authenticate_accumulate,0.017269382,0.017242277
5,51,receive_authenticate_accumulate,0.000055332,0.000055130
5,51,receive_authenticate_accumulate,0.017263807,0.017241537
5,51,receive_authenticate_accumulate,0.000056461,0.000056259
5,51,receive_authenticate_accumulate,0.017332047,0.017286852
5,51,receive_authenticate_accumulate,0.000056647,0.000056389
5,51,round_coverage,0.000004297,0.000003667
5,51,spatial_report,0.000040684,0.000040278
5,52,round_reset,0.000008741,0.000007482
5,52,receive_authenticate_accumulate,0.017230298,0.017230241
5,52,receive_authenticate_accumulate,0.000056351,0.000056297
5,52,receive_authenticate_accumulate,0.017221613,0.017221760
5,52,receive_authenticate_accumulate,0.000056351,0.000056259
5,52,receive_authenticate_accumulate,0.017222354,0.017222537
5,52,receive_authenticate_accumulate,0.000055332,0.000055130
5,52,receive_authenticate_accumulate,0.017221484,0.017221463
5,52,receive_authenticate_accumulate,0.000057036,0.000056907
5,52,receive_authenticate_accumulate,0.017227520,0.017227741
5,52,receive_authenticate_accumulate,0.000055869,0.000055612
5,52,receive_authenticate_accumulate,0.017227521,0.017227629
5,52,receive_authenticate_accumulate,0.000056351,0.000056241
5,52,receive_authenticate_accumulate,0.017253354,0.017226500
5,52,receive_authenticate_accumulate,0.000056369,0.000056352
5,52,receive_authenticate_accumulate,0.017222780,0.017223093
5,52,receive_authenticate_accumulate,0.000055962,0.000055814
5,52,receive_authenticate_accumulate,0.017224966,0.017225185
5,52,receive_authenticate_accumulate,0.000057684,0.000057481
5,52,reading_commitment_and_shares,0.026249904,0.026250389
5,52,receive_authenticate_accumulate,0.017219503,0.017219556
5,52,receive_authenticate_accumulate,0.000055869,0.000055352
5,52,receive_authenticate_accumulate,0.017223596,0.017223722
5,52,receive_authenticate_accumulate,0.000056443,0.000056315
5,52,receive_authenticate_accumulate,0.017232244,0.017232537
5,52,receive_authenticate_accumulate,0.000056555,0.000056500
5,52,receive_authenticate_accumulate,0.017317576,0.017278944
5,52,receive_authenticate_accumulate,0.000056110,0.000055963
5,52,receive_authenticate_accumulate,0.017233207,0.017233296
5,52,receive_authenticate_accumulate,0.000102591,0.000102481
5,52,receive_authenticate_accumulate,0.017226263,0.017226426
5,52,receive_authenticate_accumulate,0.000054536,0.000054351
5,52,receive_authenticate_accumulate,0.017227263,0.017227407
5,52,receive_authenticate_accumulate,0.000054406,0.000054148
5,52,receive_authenticate_accumulate,0.017218041,0.017218111
5,52,receive_authenticate_accumulate,0.000055221,0.000055093
5,52,receive_authenticate_accumulate,0.017227837,0.017228185
5,52,receive_authenticate_accumulate,0.000054758,0.000054611
5,52,receive_authenticate_accumulate,0.017265633,0.017239889
5,52,receive_authenticate_accumulate,0.000054665,0.000054500
5,52,receive_authenticate_accumulate,0.017235134,0.017235092
5,52,receive_authenticate_accumulate,0.000054092,0.000053907
5,52,round_coverage,0.000003685,0.000003166
5,52,spatial_report,0.000039870,0.000039593
5,53,round_reset,0.000009685,0.000007908
5,53,receive_authenticate_accumulate,0.017225216,0.017224944
5,53,receive_authenticate_accumulate,0.000053907,0.000053611
5,53,receive_authenticate_accumulate,0.017226271,0.017226500
5,53,receive_authenticate_accumulate,0.000071203,0.000071037
5,53,receive_authenticate_accumulate,0.017227791,0.017227981
5,53,receive_authenticate_accumulate,0.000054981,0.000054796
5,53,receive_authenticate_accumulate,0.017235531,0.017235296
5,53,receive_authenticate_accumulate,0.000055703,0.000055463
5,53,receive_authenticate_accumulate,0.017259290,0.017233611
5,53,receive_authenticate_accumulate,0.000055536,0.000055445
5,53,receive_authenticate_accumulate,0.017220791,0.017221111
5,53,receive_authenticate_accumulate,0.000054703,0.000054611
5,53,receive_authenticate_accumulate,0.017222791,0.017223204
5,53,receive_authenticate_accumulate,0.000054536,0.000054463
5,53,receive_authenticate_accumulate,0.017223736,0.017224000
5,53,receive_authenticate_accumulate,0.000054018,0.000053870
5,53,receive_authenticate_accumulate,0.017226976,0.017227093
5,53,receive_authenticate_accumulate,0.000055407,0.000055148
5,53,reading_commitment_and_shares,0.026203347,0.026203852
5,53,receive_authenticate_accumulate,0.017217681,0.017217648
5,53,receive_authenticate_accumulate,0.000059036,0.000059037
5,53,receive_authenticate_accumulate,0.017228809,0.017228982
5,53,receive_authenticate_accumulate,0.000059370,0.000059148
5,53,receive_authenticate_accumulate,0.017227958,0.017227888
5,53,receive_authenticate_accumulate,0.000056351,0.000056222
5,53,receive_authenticate_accumulate,0.017227088,0.017227185
5,53,receive_authenticate_accumulate,0.000056018,0.000055685
5,53,receive_authenticate_accumulate,0.017228199,0.017228277
5,53,receive_authenticate_accumulate,0.000057851,0.000057648
5,53,receive_authenticate_accumulate,0.017232810,0.017232926
5,53,receive_authenticate_accumulate,0.000056036,0.000055926
5,53,receive_authenticate_accumulate,0.017227291,0.017227815
5,53,receive_authenticate_accumulate,0.000055610,0.000055296
5,53,receive_authenticate_accumulate,0.017223273,0.017223481
5,53,receive_authenticate_accumulate,0.000056573,0.000056426
5,53,receive_authenticate_accumulate,0.017265292,0.017240056
5,53,receive_authenticate_accumulate,0.000056184,0.000055981
5,53,receive_authenticate_accumulate,0.017233514,0.017233593
5,53,receive_authenticate_accumulate,0.000056702,0.000056519
5,53,receive_authenticate_accumulate,0.017226774,0.017227092
5,53,receive_authenticate_accumulate,0.000056350,0.000056000
5,53,round_coverage,0.000003926,0.000003260
5,53,spatial_report,0.000040592,0.000040204
5,54,round_reset,0.000009722,0.000008278
5,54,receive_authenticate_accumulate,0.017227189,0.017227371
5,54,receive_authenticate_accumulate,0.000058425,0.000058074
5,54,receive_authenticate_accumulate,0.017239504,0.017239796
5,54,receive_authenticate_accumulate,0.000056592,0.000056519
5,54,receive_authenticate_accumulate,0.017236800,0.017236871
5,54,receive_authenticate_accumulate,0.000057055,0.000056870
5,54,receive_authenticate_accumulate,0.017227819,0.017227945
5,54,receive_authenticate_accumulate,0.000056276,0.000056037
5,54,receive_authenticate_accumulate,0.017233652,0.017233851
5,54,receive_authenticate_accumulate,0.000055536,0.000055370
5,54,receive_authenticate_accumulate,0.017228023,0.017228186
5,54,receive_authenticate_accumulate,0.000055795,0.000055704
5,54,receive_authenticate_accumulate,0.017269207,0.017242075
5,54,receive_authenticate_accumulate,0.000055796,0.000055667
5,54,receive_authenticate_accumulate,0.017222616,0.017222870
5,54,receive_authenticate_accumulate,0.000055758,0.000055611
5,54,receive_authenticate_accumulate,0.017222968,0.017223148
5,54,receive_authenticate_accumulate,0.000055999,0.000055870
5,54,reading_commitment_and_shares,0.026200084,0.026200388
5,54,receive_authenticate_accumulate,0.017227931,0.017228055
5,54,receive_authenticate_accumulate,0.000054795,0.000054555
5,54,receive_authenticate_accumulate,0.017227856,0.017227981
5,54,receive_authenticate_accumulate,0.000056480,0.000056260
5,54,receive_authenticate_accumulate,0.017229931,0.017230092
5,54,receive_authenticate_accumulate,0.000055739,0.000055611
5,54,receive_authenticate_accumulate,0.017267449,0.017240167
5,54,receive_authenticate_accumulate,0.000057462,0.000057278
5,54,receive_authenticate_accumulate,0.017252635,0.017233074
5,54,receive_authenticate_accumulate,0.000056166,0.000056000
5,54,receive_authenticate_accumulate,0.017283115,0.017283445
5,54,receive_authenticate_accumulate,0.000058314,0.000058056
5,54,receive_authenticate_accumulate,0.017230487,0.017230907
5,54,receive_authenticate_accumulate,0.000056351,0.000056185
5,54,receive_authenticate_accumulate,0.017227765,0.017227907
5,54,receive_authenticate_accumulate,0.000055350,0.000055185
5,54,receive_authenticate_accumulate,0.017249432,0.017230482
5,54,receive_authenticate_accumulate,0.000055517,0.000055241
5,54,receive_authenticate_accumulate,0.017226413,0.017226500
5,54,receive_authenticate_accumulate,0.000054444,0.000054222
5,54,receive_authenticate_accumulate,0.017228617,0.017228630
5,54,receive_authenticate_accumulate,0.000056147,0.000055926
5,54,round_coverage,0.000004019,0.000003537
5,54,spatial_report,0.000040629,0.000040204
5,55,round_reset,0.000008889,0.000007519
5,55,receive_authenticate_accumulate,0.017222309,0.017222204
5,55,receive_authenticate_accumulate,0.000056462,0.000056204
5,55,receive_authenticate_accumulate,0.017225383,0.017225555
5,55,receive_authenticate_accumulate,0.000057499,0.000057426
5,55,receive_authenticate_accumulate,0.017229865,0.017229963
5,55,receive_authenticate_accumulate,0.000056851,0.000056426
5,55,receive_authenticate_accumulate,0.017232791,0.017233019
5,55,receive_authenticate_accumulate,0.000058554,0.000058334
5,55,receive_authenticate_accumulate,0.017253679,0.017254185
5,55,receive_authenticate_accumulate,0.000057036,0.000056796
5,55,receive_authenticate_accumulate,0.017222458,0.017222426
5,55,receive_authenticate_accumulate,0.000056758,0.000056630
5,55,receive_authenticate_accumulate,0.017223995,0.017224185
5,55,receive_authenticate_accumulate,0.000057036,0.000056686
5,55,receive_authenticate_accumulate,0.017230385,0.017230462
5,55,receive_authenticate_accumulate,0.000056610,0.000056389
5,55,receive_authenticate_accumulate,0.017222940,0.017223000
5,55,receive_authenticate_accumulate,0.000055814,0.000055667
5,55,reading_commitment_and_shares,0.026208450,0.026209074
5,55,receive_authenticate_accumulate,0.017222607,0.017222740
5,55,receive_authenticate_accumulate,0.000056202,0.000056222
5,55,receive_authenticate_accumulate,0.017233662,0.017233852
5,55,receive_authenticate_accumulate,0.000056202,0.000055963
5,55,receive_authenticate_accumulate,0.017261496,0.017237593
5,55,receive_authenticate_accumulate,0.000056073,0.000055740
5,55,receive_authenticate_accumulate,0.017231959,0.017232056
5,55,receive_authenticate_accumulate,0.000056981,0.000056815
5,55,receive_authenticate_accumulate,0.017226274,0.017226371
5,55,receive_authenticate_accumulate,0.000057074,0.000056907
5,55,receive_authenticate_accumulate,0.017229366,0.017229444
5,55,receive_authenticate_accumulate,0.000057277,0.000057167
5,55,receive_authenticate_accumulate,0.017238162,0.017238315
5,55,receive_authenticate_accumulate,0.000056814,0.000056574
5,55,receive_authenticate_accumulate,0.017229145,0.017229166
5,55,receive_authenticate_accumulate,0.000056777,0.000056334
5,55,receive_authenticate_accumulate,0.017293717,0.017294074
5,55,receive_authenticate_accumulate,0.000056276,0.000056019
5,55,receive_authenticate_accumulate,0.017235514,0.017235555
5,55,receive_authenticate_accumulate,0.000055610,0.000055389
5,55,receive_authenticate_accumulate,0.017221071,0.017221167
5,55,receive_authenticate_accumulate,0.000058222,0.000058037
5,55,round_coverage,0.000003704,0.000002944
5,55,spatial_report,0.000041351,0.000041093
5,56,round_reset,0.000009574,0.000008444
5,56,receive_authenticate_accumulate,0.017225985,0.017226148
5,56,receive_authenticate_accumulate,0.000056666,0.000056649
5,56,receive_authenticate_accumulate,0.017225689,0.017225722
5,56,receive_authenticate_accumulate,0.000057129,0.000057019
5,56,receive_authenticate_accumulate,0.017234355,0.017234444
5,56,receive_authenticate_accumulate,0.000057259,0.000056963
5,56,receive_authenticate_accumulate,0.017228485,0.017228704
5,56,receive_authenticate_accumulate,0.000055962,0.000055815
5,56,receive_authenticate_accumulate,0.017223652,0.017223815
5,56,receive_authenticate_accumulate,0.000071832,0.000071630
5,56,receive_authenticate_accumulate,0.017289336,0.017248186
5,56,receive_authenticate_accumulate,0.000058666,0.000058463
5,56,receive_authenticate_accumulate,0.017233541,0.017233722
5,56,receive_authenticate_accumulate,0.000058240,0.000058112
5,56,receive_authenticate_accumulate,0.017262096,0.017262537
5,56,receive_authenticate_accumulate,0.000057703,0.000057445
5,56,receive_authenticate_accumulate,0.017224597,0.017224815
5,56,receive_authenticate_accumulate,0.000057073,0.000056852
5,56,reading_commitment_and_shares,0.026252555,0.026252797
5,56,receive_authenticate_accumulate,0.017225005,0.017225278
5,56,receive_authenticate_accumulate,0.000056147,0.000055871
5,56,receive_authenticate_accumulate,0.017273596,0.017244500
5,56,receive_authenticate_accumulate,0.000056184,0.000056019
5,56,receive_authenticate_accumulate,0.017227894,0.017227870
5,56,receive_authenticate_accumulate,0.000055777,0.000055593
5,56,receive_authenticate_accumulate,0.017228505,0.017228685
5,56,receive_authenticate_accumulate,0.000057721,0.000057648
5,56,receive_authenticate_accumulate,0.017222004,0.017221722
5,56,receive_authenticate_accumulate,0.000056481,0.000056278
5,56,receive_authenticate_accumulate,0.017221264,0.017221389
5,56,receive_authenticate_accumulate,0.000056721,0.000056500
5,56,receive_authenticate_accumulate,0.017227135,0.017227222
5,56,receive_authenticate_accumulate,0.000057554,0.000057037
5,56,receive_authenticate_accumulate,0.017225709,0.017225796
5,56,receive_authenticate_accumulate,0.000057685,0.000057463
5,56,receive_authenticate_accumulate,0.017224468,0.017224667
5,56,receive_authenticate_accumulate,0.000055296,0.000055111
5,56,receive_authenticate_accumulate,0.017232042,0.017232185
5,56,receive_authenticate_accumulate,0.000055999,0.000055740
5,56,receive_authenticate_accumulate,0.017232783,0.017232629
5,56,receive_authenticate_accumulate,0.000057165,0.000057092
5,56,round_coverage,0.000003944,0.000003278
5,56,spatial_report,0.000041981,0.000041611
5,57,round_reset,0.000009055,0.000007815
5,57,receive_authenticate_accumulate,0.017237993,0.017238019
5,57,receive_authenticate_accumulate,0.000055851,0.000055704
5,57,receive_authenticate_accumulate,0.017224123,0.017224222
5,57,receive_authenticate_accumulate,0.000055814,0.000055593
5,57,receive_authenticate_accumulate,0.017232623,0.017232740
5,57,receive_authenticate_accumulate,0.000056111,0.000055888
5,57,receive_authenticate_accumulate,0.017220290,0.017220407
5,57,receive_authenticate_accumulate,0.000056665,0.000056463
5,57,receive_authenticate_accumulate,0.017226753,0.017226852
5,57,receive_authenticate_accumulate,0.000056369,0.000055944
5,57,receive_authenticate_accumulate,0.017229530,0.017229593
5,57,receive_authenticate_accumulate,0.000055832,0.000055666
5,57,receive_authenticate_accumulate,0.017221679,0.017221963
5,57,receive_authenticate_accumulate,0.000056166,0.000055944
5,57,receive_authenticate_accumulate,0.017219994,0.017220222
5,57,receive_authenticate_accumulate,0.000056943,0.000056908
5,57,receive_authenticate_accumulate,0.017222809,0.017222778
5,57,receive_authenticate_accumulate,0.000057776,0.000057481
5,57,reading_commitment_and_shares,0.026214291,0.026214703
5,57,receive_authenticate_accumulate,0.017251586,0.017251852
5,57,receive_authenticate_accumulate,0.000058277,0.000058167
5,57,receive_authenticate_accumulate,0.017234235,0.017234203
5,57,receive_authenticate_accumulate,0.000056369,0.000056185
5,57,receive_authenticate_accumulate,0.017268087,0.017243611
5,57,receive_authenticate_accumulate,0.000056499,0.000056277
5,57,receive_authenticate_accumulate,0.017229883,0.017229778
5,57,receive_authenticate_accumulate,0.000088462,0.000088259
5,57,receive_authenticate_accumulate,0.017234327,0.017234444
5,57,receive_authenticate_accumulate,0.000057518,0.000057407
5,57,receive_authenticate_accumulate,0.017257420,0.017235778
5,57,receive_authenticate_accumulate,0.000056055,0.000055852
5,57,receive_authenticate_accumulate,0.017226790,0.017226871
5,57,receive_authenticate_accumulate,0.000057407,0.000057186
5,57,receive_authenticate_accumulate,0.017228124,0.017228167
5,57,receive_authenticate_accumulate,0.000056666,0.000056519
5,57,receive_authenticate_accumulate,0.017227550,0.017228000
5,57,receive_authenticate_accumulate,0.000056573,0.000056574
5,57,receive_authenticate_accumulate,0.017221458,0.017221481
5,57,receive_authenticate_accumulate,0.000055573,0.000055352
5,57,receive_authenticate_accumulate,0.017272568,0.017246907
5,57,receive_authenticate_accumulate,0.000055258,0.000055167
5,57,round_coverage,0.000003685,0.000003148
5,57,spatial_report,0.000039481,0.000039241
5,58,round_reset,0.000008833,0.000007204
5,58,receive_authenticate_accumulate,0.017239186,0.017239463
5,58,receive_authenticate_accumulate,0.000056129,0.000055982
5,58,receive_authenticate_accumulate,0.017228445,0.017228796
5,58,receive_authenticate_accumulate,0.000055481,0.000055297
5,58,receive_authenticate_accumulate,0.017220297,0.017220388
5,58,receive_authenticate_accumulate,0.000056258,0.000056167
5,58,receive_authenticate_accumulate,0.017230093,0.017230203
5,58,receive_authenticate_accumulate,0.000055462,0.000055352
5,58,receive_authenticate_accumulate,0.017267149,0.017267222
5,58,receive_authenticate_accumulate,0.000054481,0.000054389
5,58,receive_authenticate_accumulate,0.017262001,0.017236315
5,58,receive_authenticate_accumulate,0.000054295,0.000054185
5,58,receive_authenticate_accumulate,0.017225687,0.017225889
5,58,receive_authenticate_accumulate,0.000054870,0.000054481
5,58,receive_authenticate_accumulate,0.017222039,0.017222167
5,58,receive_authenticate_accumulate,0.000053684,0.000053500
5,58,receive_authenticate_accumulate,0.017227817,0.017227871
5,58,receive_authenticate_accumulate,0.000055166,0.000054889
5,58,reading_commitment_and_shares,0.026211487,0.026211703
5,58,receive_authenticate_accumulate,0.017246317,0.017228760
5,58,receive_authenticate_accumulate,0.000053499,0.000053314
5,58,receive_authenticate_accumulate,0.017219724,0.017219945
5,58,receive_authenticate_accumulate,0.000054258,0.000054056
5,58,receive_authenticate_accumulate,0.017225483,0.017225648
5,58,receive_authenticate_accumulate,0.000054184,0.000053926
5,58,receive_authenticate_accumulate,0.021496008,0.021414074
5,58,receive_authenticate_accumulate,0.000056444,0.000056370
5,58,receive_authenticate_accumulate,0.017229002,0.017229130
5,58,receive_authenticate_accumulate,0.000056703,0.000056500
5,58,receive_authenticate_accumulate,0.017231928,0.017231981
5,58,receive_authenticate_accumulate,0.000056999,0.000056741
5,58,receive_authenticate_accumulate,0.017228650,0.017228796
5,58,receive_authenticate_accumulate,0.000056166,0.000055870
5,58,receive_authenticate_accumulate,0.017254335,0.017234037
5,58,receive_authenticate_accumulate,0.000057018,0.000056815
5,58,receive_authenticate_accumulate,0.017223373,0.017223500
5,58,receive_authenticate_accumulate,0.000055443,0.000055388
5,58,receive_authenticate_accumulate,0.017226891,0.017227000
5,58,receive_authenticate_accumulate,0.000054462,0.000054204
5,58,receive_authenticate_accumulate,0.017244670,0.017244944
5,58,receive_authenticate_accumulate,0.000056536,0.000056241
5,58,round_coverage,0.000003778,0.000003204
5,58,spatial_report,0.000040888,0.000040686
5,59,round_reset,0.000009185,0.000007889
5,59,receive_authenticate_accumulate,0.017240711,0.017240759
5,59,receive_authenticate_accumulate,0.000055073,0.000054982
5,59,receive_authenticate_accumulate,0.017229008,0.017229129
5,59,receive_authenticate_accumulate,0.000056221,0.000056037
5,59,receive_authenticate_accumulate,0.017225083,0.017225166
5,59,receive_authenticate_accumulate,0.000056221,0.000056130
5,59,receive_authenticate_accumulate,0.017240638,0.017240797
5,59,receive_authenticate_accumulate,0.000057888,0.000057666
5,59,receive_authenticate_accumulate,0.017221620,0.017221945
5,59,receive_authenticate_accumulate,0.000057814,0.000057574
5,59,receive_authenticate_accumulate,0.017234564,0.017234574
5,59,receive_authenticate_accumulate,0.000056665,0.000056352
5,59,receive_authenticate_accumulate,0.017224491,0.017224630
5,59,receive_authenticate_accumulate,0.000056925,0.000056722
5,59,receive_authenticate_accumulate,0.017262175,0.017234982
5,59,receive_authenticate_accumulate,0.000055740,0.000055537
5,59,receive_authenticate_accumulate,0.017229009,0.017229037
5,59,receive_authenticate_accumulate,0.000056759,0.000056537
5,59,reading_commitment_and_shares,0.026214573,0.026215055
5,59,receive_authenticate_accumulate,0.017260934,0.017249204
5,59,receive_authenticate_accumulate,0.000056017,0.000055815
5,59,receive_authenticate_accumulate,0.017222583,0.017222592
5,59,receive_authenticate_accumulate,0.000054944,0.000054759
5,59,receive_authenticate_accumulate,0.017218250,0.017218463
5,59,receive_authenticate_accumulate,0.000056239,0.000056093
5,59,receive_authenticate_accumulate,0.017237935,0.017237944
5,59,receive_authenticate_accumulate,0.000056888,0.000056741
5,59,receive_authenticate_accumulate,0.017227436,0.017227500
5,59,receive_authenticate_accumulate,0.000057833,0.000057574
5,59,receive_authenticate_accumulate,0.017224991,0.017225241
5,59,receive_authenticate_accumulate,0.000062259,0.000062093
5,59,receive_authenticate_accumulate,0.017249065,0.017249148
5,59,receive_authenticate_accumulate,0.000057684,0.000057518
5,59,receive_authenticate_accumulate,0.017233843,0.017233999
5,59,receive_authenticate_accumulate,0.000056777,0.000056481
5,59,receive_authenticate_accumulate,0.017223917,0.017229037
5,59,receive_authenticate_accumulate,0.000056425,0.000056203
5,59,receive_authenticate_accumulate,0.017222344,0.017222444
5,59,receive_authenticate_accumulate,0.000056906,0.000056740
5,59,receive_authenticate_accumulate,0.017222843,0.017222833
5,59,receive_authenticate_accumulate,0.000056499,0.000056334
5,59,round_coverage,0.000003851,0.000003259
5,59,spatial_report,0.000039629,0.000039277
5,59,billing_report,0.000419419,0.000418889
6,60,period_reset,0.000024648,0.000023388
6,60,receive_authenticate_accumulate,0.000097332,0.000096907
6,60,receive_authenticate_accumulate,0.000094998,0.000094611
6,60,receive_authenticate_accumulate,0.000089869,0.000089371
6,60,receive_authenticate_accumulate,0.000092221,0.000092000
6,60,receive_authenticate_accumulate,0.000092110,0.000091778
6,60,receive_authenticate_accumulate,0.000127554,0.000127315
6,60,receive_authenticate_accumulate,0.000091257,0.000090760
6,60,receive_authenticate_accumulate,0.000090591,0.000090426
6,60,receive_authenticate_accumulate,0.000071406,0.000070981
6,60,randomness_commit,0.000617250,0.000616870
6,60,receive_authenticate_accumulate,0.000067850,0.000067741
6,60,receive_authenticate_accumulate,0.000068647,0.000068333
6,60,receive_authenticate_accumulate,0.000070425,0.000070148
6,60,receive_authenticate_accumulate,0.000069258,0.000069055
6,60,receive_authenticate_accumulate,0.000068999,0.000068851
6,60,receive_authenticate_accumulate,0.000069850,0.000069685
6,60,receive_authenticate_accumulate,0.000070777,0.000070611
6,60,receive_authenticate_accumulate,0.000069943,0.000069612
6,60,receive_authenticate_accumulate,0.000069888,0.000069685
6,60,receive_authenticate_accumulate,0.000070499,0.000070351
6,60,receive_authenticate_accumulate,0.000067517,0.000067315
6,60,receive_authenticate_accumulate,0.000084795,0.000084241
6,60,receive_authenticate_accumulate,0.000084739,0.000084519
6,60,receive_authenticate_accumulate,0.000083054,0.000082852
6,60,receive_authenticate_accumulate,0.000085276,0.000084926
6,60,receive_authenticate_accumulate,0.000082869,0.000082519
6,60,receive_authenticate_accumulate,0.000085332,0.000085297
6,60,receive_authenticate_accumulate,0.000085313,0.000084982
6,60,receive_authenticate_accumulate,0.000083721,0.000083648
6,60,receive_authenticate_accumulate,0.000084092,0.000083833
6,60,randomness_reveal,0.000561454,0.000560981
6,60,receive_authenticate_accumulate,0.000082758,0.000082018
6,60,receive_authenticate_accumulate,0.000069629,0.000069537
6,60,receive_authenticate_accumulate,0.000070795,0.000070407
6,60,receive_authenticate_accumulate,0.000063629,0.000063334
6,60,receive_authenticate_accumulate,0.000069221,0.000069055
6,60,receive_authenticate_accumulate,0.000068277,0.000067982
6,60,receive_authenticate_accumulate,0.000069591,0.000068945
6,60,receive_authenticate_accumulate,0.000068573,0.000068500
6,60,receive_authenticate_accumulate,0.000068962,0.000068797
6,60,receive_authenticate_accumulate,0.000068443,0.000068185
6,60,receive_authenticate_accumulate,0.000068702,0.000068315
6,60,committee_selection,0.000125554,0.000125203
6,60,round_reset,0.000005759,0.000005055
6,60,receive_authenticate_accumulate,0.017238960,0.017239037
6,60,receive_authenticate_accumulate,0.000056740,0.000056611
6,60,receive_authenticate_accumulate,0.017223348,0.017223222
6,60,receive_authenticate_accumulate,0.000056869,0.000056722
6,60,receive_authenticate_accumulate,0.017230145,0.017230389
6,60,receive_authenticate_accumulate,0.000056907,0.000056722
6,60,receive_authenticate_accumulate,0.017234534,0.017234648
6,60,receive_authenticate_accumulate,0.000056092,0.000055944
6,60,receive_authenticate_accumulate,0.017230923,0.017230981
6,60,receive_authenticate_accumulate,0.000055796,0.000055648
6,60,receive_authenticate_accumulate,0.017251811,0.017228834
6,60,receive_authenticate_accumulate,0.000055981,0.000055741
6,60,receive_authenticate_accumulate,0.017269089,0.017240649
6,60,receive_authenticate_accumulate,0.000058184,0.000058000
6,60,receive_authenticate_accumulate,0.017222275,0.017222296
6,60,receive_authenticate_accumulate,0.000055610,0.000055370
6,60,receive_authenticate_accumulate,0.017224423,0.017224537
6,60,receive_authenticate_accumulate,0.000056074,0.000055926
6,60,reading_commitment_and_shares,0.026250194,0.026227259
6,60,receive_authenticate_accumulate,0.017241331,0.017241352
6,60,receive_authenticate_accumulate,0.000057796,0.000057722
6,60,receive_authenticate_accumulate,0.017234387,0.017234407
6,60,receive_authenticate_accumulate,0.000055685,0.000055574
6,60,receive_authenticate_accumulate,0.017219368,0.017219463
6,60,receive_authenticate_accumulate,0.000057481,0.000057389
6,60,receive_authenticate_accumulate,0.017226887,0.017227018
6,60,receive_authenticate_accumulate,0.000056221,0.000055982
6,60,receive_authenticate_accumulate,0.017220591,0.017220759
6,60,receive_authenticate_accumulate,0.000055092,0.000055092
6,60,receive_authenticate_accumulate,0.017225998,0.017226111
6,60,receive_authenticate_accumulate,0.000056777,0.000056463
6,60,receive_authenticate_accumulate,0.017226701,0.017226741
6,60,receive_authenticate_accumulate,0.000055740,0.000055537
6,60,receive_authenticate_accumulate,0.017262849,0.017237241
6,60,receive_authenticate_accumulate,0.000055647,0.000055481
6,60,receive_authenticate_accumulate,0.017264256,0.017265852
6,60,receive_authenticate_accumulate,0.000056036,0.000055925
6,60,receive_authenticate_accumulate,0.017228684,0.017228796
6,60,receive_authenticate_accumulate,0.000055555,0.000055407
6,60,receive_authenticate_accumulate,0.017225017,0.017225055
6,60,receive_authenticate_accumulate,0.000056814,0.000056537
6,60,round_coverage,0.000004055,0.000003407
6,60,spatial_report,0.000040814,0.000040556
6,61,round_reset,0.000009352,0.000008129
6,61,receive_authenticate_accumulate,0.017221319,0.017221297
6,61,receive_authenticate_accumulate,0.000058148,0.000058019
6,61,receive_authenticate_accumulate,0.017224930,0.017224982
6,61,receive_authenticate_accumulate,0.000056833,0.000056815
6,61,receive_authenticate_accumulate,0.017223670,0.017223722
6,61,receive_authenticate_accumulate,0.000059388,0.000059222
6,61,receive_authenticate_accumulate,0.017218244,0.017218296
6,61,receive_authenticate_accumulate,0.000055777,0.000055611
6,61,receive_authenticate_accumulate,0.017221171,0.017221167
6,61,receive_authenticate_accumulate,0.000057166,0.000056945
6,61,receive_authenticate_accumulate,0.017227429,0.017227518
6,61,receive_authenticate_accumulate,0.000057277,0.000057148
6,61,receive_authenticate_accumulate,0.017220541,0.017220519
6,61,receive_authenticate_accumulate,0.000057518,0.000057389
6,61,receive_authenticate_accumulate,0.017221782,0.017221852
6,61,receive_authenticate_accumulate,0.000057851,0.000057796
6,61,receive_authenticate_accumulate,0.017231004,0.017230870
6,61,receive_authenticate_accumulate,0.000056462,0.000055926
6,61,reading_commitment_and_shares,0.026206057,0.026206111
6,61,receive_authenticate_accumulate,0.017231486,0.017231667
6,61,receive_authenticate_accumulate,0.000055499,0.000055240
6,61,receive_authenticate_accumulate,0.017260559,0.017239482
6,61,receive_authenticate_accumulate,0.000056610,0.000056370
6,61,receive_authenticate_accumulate,0.017217467,0.017217499
6,61,receive_authenticate_accumulate,0.000057425,0.000057204
6,61,receive_authenticate_accumulate,0.017225893,0.017225889
6,61,receive_authenticate_accumulate,0.000057166,0.000057074
6,61,receive_authenticate_accumulate,0.017226060,0.017226130
6,61,receive_authenticate_accumulate,0.000056962,0.000056704
6,61,receive_authenticate_accumulate,0.017218412,0.017218518
6,61,receive_authenticate_accumulate,0.000057500,0.000057371
6,61,receive_authenticate_accumulate,0.017230153,0.017230148
6,61,receive_authenticate_accumulate,0.000057740,0.000057741
6,61,receive_authenticate_accumulate,0.017222097,0.017222148
6,61,receive_authenticate_accumulate,0.000057203,0.000057055
6,61,receive_authenticate_accumulate,0.017224301,0.017224259
6,61,receive_authenticate_accumulate,0.000057592,0.000057278
6,61,receive_authenticate_accumulate,0.017228708,0.017228740
6,61,receive_authenticate_accumulate,0.000057000,0.000056630
6,61,receive_authenticate_accumulate,0.017246949,0.017226073
6,61,receive_authenticate_accumulate,0.000057202,0.000057130
6,61,round_coverage,0.000004037,0.000003389
6,61,spatial_report,0.000040110,0.000039926
6,62,round_reset,0.000009000,0.000007334
6,62,receive_authenticate_accumulate,0.017235269,0.017235333
6,62,receive_authenticate_accumulate,0.000073758,0.000073722
6,62,receive_authenticate_accumulate,0.017221677,0.017221889
6,62,receive_authenticate_accumulate,0.000057129,0.000057000
6,62,receive_authenticate_accumulate,0.017231972,0.017231982
6,62,receive_authenticate_accumulate,0.000056685,0.000056649
6,62,receive_authenticate_accumulate,0.017217029,0.017217166
6,62,receive_authenticate_accumulate,0.000055703,0.000055334
6,62,receive_authenticate_accumulate,0.017227065,0.017227111
6,62,receive_authenticate_accumulate,0.000058147,0.000057852
6,62,receive_authenticate_accumulate,0.017223214,0.017223389
6,62,receive_authenticate_accumulate,0.000057333,0.000057074
6,62,receive_authenticate_accumulate,0.017225251,0.017225462
6,62,receive_authenticate_accumulate,0.000058000,0.000057777
6,62,receive_authenticate_accumulate,0.017235232,0.017235296
6,62,receive_authenticate_accumulate,0.000055370,0.000055074
6,62,receive_authenticate_accumulate,0.017248936,0.017227426
6,62,receive_authenticate_accumulate,0.000056017,0.000055796
6,62,reading_commitment_and_shares,0.026246491,0.026218778
6,62,receive_authenticate_accumulate,0.017232585,0.017232797
6,62,receive_authenticate_accumulate,0.000054425,0.000054223
6,62,receive_authenticate_accumulate,0.017228418,0.017228444
6,62,receive_authenticate_accumulate,0.000056832,0.000056685
6,62,receive_authenticate_accumulate,0.017220973,0.017220926
6,62,receive_authenticate_accumulate,0.000056443,0.000056148
6,62,receive_authenticate_accumulate,0.017221548,0.017221574
6,62,receive_authenticate_accumulate,0.000058833,0.000058519
6,62,receive_authenticate_accumulate,0.017274176,0.017229407
6,62,receive_authenticate_accumulate,0.000056517,0.000056407
6,62,receive_authenticate_accumulate,0.017292491,0.017274074
6,62,receive_authenticate_accumulate,0.000056610,0.000055982
6,62,receive_authenticate_accumulate,0.017217233,0.017217260
6,62,receive_authenticate_accumulate,0.000056017,0.000055834
6,62,receive_authenticate_accumulate,0.017227456,0.017227352
6,62,receive_authenticate_accumulate,0.000055110,0.000054907
6,62,receive_authenticate_accumulate,0.017231437,0.017231445
6,62,receive_authenticate_accumulate,0.000054851,0.000054760
6,62,receive_authenticate_accumulate,0.017221604,0.017221648
6,62,receive_authenticate_accumulate,0.000054759,0.000054537
6,62,receive_authenticate_accumulate,0.017217197,0.017217130
6,62,receive_authenticate_accumulate,0.000053795,0.000053555
6,62,round_coverage,0.000003852,0.000003204
6,62,spatial_report,0.000039962,0.000039685
6,63,round_reset,0.000009815,0.000008519
6,63,receive_authenticate_accumulate,0.017290292,0.017264223
6,63,receive_authenticate_accumulate,0.000069888,0.000069722
6,63,receive_authenticate_accumulate,0.017223479,0.017223722
6,63,receive_authenticate_accumulate,0.000056610,0.000056407
6,63,receive_authenticate_accumulate,0.017227830,0.017227926
6,63,receive_authenticate_accumulate,0.000057110,0.000056723
6,63,receive_authenticate_accumulate,0.017222515,0.017222333
6,63,receive_authenticate_accumulate,0.000056684,0.000056408
6,63,receive_authenticate_accumulate,0.017224405,0.017224629
6,63,receive_authenticate_accumulate,0.000058666,0.000058500
6,63,receive_authenticate_accumulate,0.017221682,0.017221630
6,63,receive_authenticate_accumulate,0.000057499,0.000057333
6,63,receive_authenticate_accumulate,0.017225979,0.017225760
6,63,receive_authenticate_accumulate,0.000057370,0.000057186
6,63,receive_authenticate_accumulate,0.017226886,0.017226777
6,63,receive_authenticate_accumulate,0.000057203,0.000057129
6,63,receive_authenticate_accumulate,0.017246294,0.017227777
6,63,receive_authenticate_accumulate,0.000055536,0.000055241
6,63,reading_commitment_and_shares,0.026211907,0.026212240
6,63,receive_authenticate_accumulate,0.017217239,0.017217278
6,63,receive_authenticate_accumulate,0.000055369,0.000055167
6,63,receive_authenticate_accumulate,0.017228183,0.017228223
6,63,receive_authenticate_accumulate,0.000054702,0.000054519
6,63,receive_authenticate_accumulate,0.017227164,0.017227222
6,63,receive_authenticate_accumulate,0.000055555,0.000055314
6,63,receive_authenticate_accumulate,0.017310200,0.017284334
6,63,receive_authenticate_accumulate,0.000055462,0.000054926
6,63,receive_authenticate_accumulate,0.017228072,0.017228149
6,63,receive_authenticate_accumulate,0.000055036,0.000054833
6,63,receive_authenticate_accumulate,0.017259387,0.017233870
6,63,receive_authenticate_accumulate,0.000057481,0.000057314
6,63,receive_authenticate_accumulate,0.017226424,0.017226315
6,63,receive_authenticate_accumulate,0.000056314,0.000056111
6,63,receive_authenticate_accumulate,0.017220924,0.017221055
6,63,receive_authenticate_accumulate,0.000058054,0.000057889
6,63,receive_authenticate_accumulate,0.017228701,0.017228741
6,63,receive_authenticate_accumulate,0.000056777,0.000056518
6,63,receive_authenticate_accumulate,0.017225239,0.017225259
6,63,receive_authenticate_accumulate,0.000055573,0.000055444
6,63,receive_authenticate_accumulate,0.017288553,0.017251702
6,63,receive_authenticate_accumulate,0.000056425,0.000056166
6,63,round_coverage,0.000003888,0.000003241
6,63,spatial_report,0.000041722,0.000041296
6,64,round_reset,0.000009907,0.000008722
6,64,receive_authenticate_accumulate,0.017225243,0.017225185
6,64,receive_authenticate_accumulate,0.000056407,0.000056240
6,64,receive_authenticate_accumulate,0.017226817,0.017226926
6,64,receive_authenticate_accumulate,0.000056110,0.000055796
6,64,receive_authenticate_accumulate,0.017222707,0.017222834
6,64,receive_authenticate_accumulate,0.000056259,0.000056241
6,64,receive_authenticate_accumulate,0.017220670,0.017220555
6,64,receive_authenticate_accumulate,0.000058073,0.000057871
6,64,receive_authenticate_accumulate,0.017229502,0.017229537
6,64,receive_authenticate_accumulate,0.000057240,0.000056982
6,64,receive_authenticate_accumulate,0.017256409,0.017256296
6,64,receive_authenticate_accumulate,0.000056406,0.000056111
6,64,receive_authenticate_accumulate,0.017227818,0.017227815
6,64,receive_authenticate_accumulate,0.000056463,0.000056093
6,64,receive_authenticate_accumulate,0.017226262,0.017226259
6,64,receive_authenticate_accumulate,0.000055869,0.000055630
6,64,receive_authenticate_accumulate,0.017221873,0.017221833
6,64,receive_authenticate_accumulate,0.000056888,0.000056648
6,64,reading_commitment_and_shares,0.026211119,0.026211593
6,64,receive_authenticate_accumulate,0.017268762,0.017227370
6,64,receive_authenticate_accumulate,0.000057666,0.000057352
6,64,receive_authenticate_accumulate,0.017230910,0.017231037
6,64,receive_authenticate_accumulate,0.000055629,0.000055444
6,64,receive_authenticate_accumulate,0.017264261,0.017237685
6,64,receive_authenticate_accumulate,0.000057110,0.000056908
6,64,receive_authenticate_accumulate,0.017226836,0.017226556
6,64,receive_authenticate_accumulate,0.000059147,0.000059056
6,64,receive_authenticate_accumulate,0.017253281,0.017229019
6,64,receive_authenticate_accumulate,0.000055796,0.000055611
6,64,receive_authenticate_accumulate,0.017220781,0.017220796
6,64,receive_authenticate_accumulate,0.000056629,0.000056389
6,64,receive_authenticate_accumulate,0.017217263,0.017217407
6,64,receive_authenticate_accumulate,0.000056684,0.000056574
6,64,receive_authenticate_accumulate,0.017232096,0.017232111
6,64,receive_authenticate_accumulate,0.000057055,0.000056871
6,64,receive_authenticate_accumulate,0.017220429,0.017220240
6,64,receive_authenticate_accumulate,0.000057111,0.000056945
6,64,receive_authenticate_accumulate,0.017287522,0.017254500
6,64,receive_authenticate_accumulate,0.000056351,0.000056111
6,64,receive_authenticate_accumulate,0.017230578,0.017230518
6,64,receive_authenticate_accumulate,0.000055314,0.000055056
6,64,round_coverage,0.000004371,0.000003723
6,64,spatial_report,0.000040240,0.000039963
6,65,round_reset,0.000008519,0.000007148
6,65,receive_authenticate_accumulate,0.017234748,0.017234759
6,65,receive_authenticate_accumulate,0.000057870,0.000057760
6,65,receive_authenticate_accumulate,0.017222989,0.017222666
6,65,receive_authenticate_accumulate,0.000057314,0.000056907
6,65,receive_authenticate_accumulate,0.017224082,0.017224148
6,65,receive_authenticate_accumulate,0.000058351,0.000058130
6,65,receive_authenticate_accumulate,0.017223601,0.017223593
6,65,receive_authenticate_accumulate,0.000056203,0.000055889
6,65,receive_authenticate_accumulate,0.017322414,0.017266592
6,65,receive_authenticate_accumulate,0.000055703,0.000055555
6,65,receive_authenticate_accumulate,0.017227934,0.017227925
6,65,receive_authenticate_accumulate,0.000057296,0.000056889
6,65,receive_authenticate_accumulate,0.017235471,0.017235426
6,65,receive_authenticate_accumulate,0.000057018,0.000056833
6,65,receive_authenticate_accumulate,0.017222230,0.017222204
6,65,receive_authenticate_accumulate,0.000056481,0.000056352
6,65,receive_authenticate_accumulate,0.017224490,0.017224648
6,65,receive_authenticate_accumulate,0.000057110,0.000057055
6,65,reading_commitment_and_shares,0.026207628,0.026208037
6,65,receive_authenticate_accumulate,0.017224841,0.017224740
6,65,receive_authenticate_accumulate,0.000056388,0.000056315
6,65,receive_authenticate_accumulate,0.017234508,0.017234592
6,65,receive_authenticate_accumulate,0.000055462,0.000055185
6,65,receive_authenticate_accumulate,0.017224231,0.017224222
6,65,receive_authenticate_accumulate,0.000056499,0.000056333
6,65,receive_authenticate_accumulate,0.017259230,0.017233686
6,65,receive_authenticate_accumulate,0.000057165,0.000057019
6,65,receive_authenticate_accumulate,0.017225064,0.017225074
6,65,receive_authenticate_accumulate,0.000057888,0.000057741
6,65,receive_authenticate_accumulate,0.017267193,0.017242203
6,65,receive_authenticate_accumulate,0.000058092,0.000058037
6,65,receive_authenticate_accumulate,0.017222768,0.017222741
6,65,receive_authenticate_accumulate,0.000056351,0.000056204
6,65,receive_authenticate_accumulate,0.017222398,0.017222444
6,65,receive_authenticate_accumulate,0.000057166,0.000056871
6,65,receive_authenticate_accumulate,0.017226490,0.017226426
6,65,receive_authenticate_accumulate,0.000057314,0.000057149
6,65,receive_authenticate_accumulate,0.017227713,0.017227815
6,65,receive_authenticate_accumulate,0.000055740,0.000055667
6,65,receive_authenticate_accumulate,0.017239490,0.017239389
6,65,receive_authenticate_accumulate,0.000056369,0.000056223
6,65,round_coverage,0.000004259,0.000003611
6,65,spatial_report,0.000041407,0.000041055
6,66,round_reset,0.000009000,0.000007815
6,66,receive_authenticate_accumulate,0.017224938,0.017225055
6,66,receive_authenticate_accumulate,0.000055851,0.000055574
6,66,receive_authenticate_accumulate,0.017230587,0.017230574
6,66,receive_authenticate_accumulate,0.000056258,0.000056093
6,66,receive_authenticate_accumulate,0.017227476,0.017227481
6,66,receive_authenticate_accumulate,0.000056925,0.000056851
6,66,receive_authenticate_accumulate,0.017256716,0.017233129
6,66,receive_authenticate_accumulate,0.000073851,0.000073741
6,66,receive_authenticate_accumulate,0.017228253,0.017228204
6,66,receive_authenticate_accumulate,0.000055703,0.000055537
6,66,receive_authenticate_accumulate,0.017227420,0.017227481
6,66,receive_authenticate_accumulate,0.000056259,0.000056111
6,66,receive_authenticate_accumulate,0.017225920,0.017225999
6,66,receive_authenticate_accumulate,0.000058499,0.000058130
6,66,receive_authenticate_accumulate,0.017223939,0.017223944
6,66,receive_authenticate_accumulate,0.000057055,0.000056778
6,66,receive_authenticate_accumulate,0.017230828,0.017230963
6,66,receive_authenticate_accumulate,0.000058703,0.000058556
6,66,reading_commitment_and_shares,0.026226338,0.026227129
6,66,receive_authenticate_accumulate,0.017261809,0.017236630
6,66,receive_authenticate_accumulate,0.000056462,0.000056370
6,66,receive_authenticate_accumulate,0.017229180,0.017229222
6,66,receive_authenticate_accumulate,0.000056407,0.000056148
6,66,receive_authenticate_accumulate,0.017222087,0.017222185
6,66,receive_authenticate_accumulate,0.000058018,0.000057777
6,66,receive_authenticate_accumulate,0.017220976,0.017220889
6,66,receive_authenticate_accumulate,0.000058518,0.000058240
6,66,receive_authenticate_accumulate,0.017237050,0.017237352
6,66,receive_authenticate_accumulate,0.000058907,0.000058852
6,66,receive_authenticate_accumulate,0.017260310,0.017231649
6,66,receive_authenticate_accumulate,0.000058407,0.000058111
6,66,receive_authenticate_accumulate,0.017223717,0.017223759
6,66,receive_authenticate_accumulate,0.000057944,0.000057722
6,66,receive_authenticate_accumulate,0.017234236,0.017234296
6,66,receive_authenticate_accumulate,0.000057203,0.000057037
6,66,receive_authenticate_accumulate,0.017230625,0.017230574
6,66,receive_authenticate_accumulate,0.000057240,0.000057111
6,66,receive_authenticate_accumulate,0.017263291,0.017238759
6,66,receive_authenticate_accumulate,0.000056332,0.000056148
6,66,receive_authenticate_accumulate,0.017223366,0.017223370
6,66,receive_authenticate_accumulate,0.000057369,0.000056944
6,66,round_coverage,0.000003777,0.000003075
6,66,spatial_report,0.000042018,0.000041870
6,67,round_reset,0.000009592,0.000008130
6,67,receive_authenticate_accumulate,0.017225795,0.017225833
6,67,receive_authenticate_accumulate,0.000057907,0.000057685
6,67,receive_authenticate_accumulate,0.017235054,0.017234907
6,67,receive_authenticate_accumulate,0.000057777,0.000057389
6,67,receive_authenticate_accumulate,0.017222313,0.017222722
6,67,receive_authenticate_accumulate,0.000057629,0.000057371
6,67,receive_authenticate_accumulate,0.017229647,0.017229648
6,67,receive_authenticate_accumulate,0.000070203,0.000070111
6,67,receive_authenticate_accumulate,0.017222980,0.017223037
6,67,receive_authenticate_accumulate,0.000056980,0.000056648
6,67,receive_authenticate_accumulate,0.017293202,0.017264074
6,67,receive_authenticate_accumulate,0.000057666,0.000057260
6,67,receive_authenticate_accumulate,0.017220758,0.017220926
6,67,receive_authenticate_accumulate,0.000056629,0.000056408
6,67,receive_authenticate_accumulate,0.017267962,0.017241352
6,67,receive_authenticate_accumulate,0.000056166,0.000055981
6,67,receive_authenticate_accumulate,0.017302387,0.017260778
6,67,receive_authenticate_accumulate,0.000058073,0.000057889
6,67,reading_commitment_and_shares,0.026246253,0.026228037
6,67,receive_authenticate_accumulate,0.017231387,0.017231408
6,67,receive_authenticate_accumulate,0.000056610,0.000056444
6,67,receive_authenticate_accumulate,0.017225277,0.017225370
6,67,receive_authenticate_accumulate,0.000056721,0.000056518
6,67,receive_authenticate_accumulate,0.017222758,0.017222760
6,67,receive_authenticate_accumulate,0.000056814,0.000056592
6,67,receive_authenticate_accumulate,0.193353516,0.017302351
6,67,receive_authenticate_accumulate,0.000058369,0.000058204
6,67,receive_authenticate_accumulate,0.017227536,0.017227593
6,67,receive_authenticate_accumulate,0.000057277,0.000057186
6,67,receive_authenticate_accumulate,0.017231795,0.017231797
6,67,receive_authenticate_accumulate,0.000056722,0.000056519
6,67,receive_authenticate_accumulate,0.017229204,0.017229278
6,67,receive_authenticate_accumulate,0.000056388,0.000056222
6,67,receive_authenticate_accumulate,0.017227444,0.017227611
6,67,receive_authenticate_accumulate,0.000058222,0.000058000
6,67,receive_authenticate_accumulate,0.017225758,0.017225686
6,67,receive_authenticate_accumulate,0.000057536,0.000057500
6,67,receive_authenticate_accumulate,0.017229074,0.017228944
6,67,receive_authenticate_accumulate,0.000055388,0.000055333
6,67,receive_authenticate_accumulate,0.017269814,0.017243555
6,67,receive_authenticate_accumulate,0.000056277,0.000056019
6,67,round_coverage,0.000003574,0.000002925
6,67,spatial_report,0.000040240,0.000039963
6,68,round_reset,0.000010278,0.000009093
6,68,receive_authenticate_accumulate,0.017213448,0.017213537
6,68,receive_authenticate_accumulate,0.000056203,0.000056000
6,68,receive_authenticate_accumulate,0.017231485,0.017231297
6,68,receive_authenticate_accumulate,0.000058055,0.000057556
6,68,receive_authenticate_accumulate,0.017221540,0.017221574
6,68,receive_authenticate_accumulate,0.000056777,0.000056611
6,68,receive_authenticate_accumulate,0.017218985,0.017219074
6,68,receive_authenticate_accumulate,0.000057222,0.000057018
6,68,receive_authenticate_accumulate,0.017244355,0.017244426
6,68,receive_authenticate_accumulate,0.000054888,0.000054630
6,68,receive_authenticate_accumulate,0.017262113,0.017235796
6,68,receive_authenticate_accumulate,0.000054703,0.000054611
6,68,receive_authenticate_accumulate,0.017265744,0.017231945
6,68,receive_authenticate_accumulate,0.000055073,0.000054907
6,68,receive_authenticate_accumulate,0.017220355,0.017220519
6,68,receive_authenticate_accumulate,0.000054888,0.000054741
6,68,receive_authenticate_accumulate,0.017226281,0.017226370
6,68,receive_authenticate_accumulate,0.000054833,0.000054741
6,68,reading_commitment_and_shares,0.026213482,0.026213667
6,68,receive_authenticate_accumulate,0.017237596,0.017237630
6,68,receive_authenticate_accumulate,0.000054648,0.000054444
6,68,receive_authenticate_accumulate,0.017217281,0.017217334
6,68,receive_authenticate_accumulate,0.000053963,0.000053741
6,68,receive_authenticate_accumulate,0.017225597,0.017225611
6,68,receive_authenticate_accumulate,0.000055074,0.000054759
6,68,receive_authenticate_accumulate,0.017219948,0.017219982
6,68,receive_authenticate_accumulate,0.000056925,0.000056815
6,68,receive_authenticate_accumulate,0.017229485,0.017229481
6,68,receive_authenticate_accumulate,0.000055814,0.000055556
6,68,receive_authenticate_accumulate,0.017227818,0.017227796
6,68,receive_authenticate_accumulate,0.000055129,0.000054982
6,68,receive_authenticate_accumulate,0.017258281,0.017258445
6,68,receive_authenticate_accumulate,0.000057944,0.000057611
6,68,receive_authenticate_accumulate,0.017227614,0.017227648
6,68,receive_authenticate_accumulate,0.000057314,0.000057111
6,68,receive_authenticate_accumulate,0.017262226,0.017245277
6,68,receive_authenticate_accumulate,0.000057444,0.000057297
6,68,receive_authenticate_accumulate,0.017276115,0.017248500
6,68,receive_authenticate_accumulate,0.000055759,0.000055685
6,68,receive_authenticate_accumulate,0.017228560,0.017228592
6,68,receive_authenticate_accumulate,0.000056833,0.000056593
6,68,round_coverage,0.000004037,0.000003426
6,68,spatial_report,0.000040518,0.000040204
6,69,round_reset,0.000009519,0.000008130
6,69,receive_authenticate_accumulate,0.017224211,0.017224278
6,69,receive_authenticate_accumulate,0.000057166,0.000057056
6,69,receive_authenticate_accumulate,0.017218471,0.017218556
6,69,receive_authenticate_accumulate,0.000056129,0.000056112
6,69,receive_authenticate_accumulate,0.017226618,0.017226574
6,69,receive_authenticate_accumulate,0.000057573,0.000057093
6,69,receive_authenticate_accumulate,0.017253173,0.017232204
6,69,receive_authenticate_accumulate,0.000057277,0.000057019
6,69,receive_authenticate_accumulate,0.017224452,0.017224463
6,69,receive_authenticate_accumulate,0.000056833,0.000056555
6,69,receive_authenticate_accumulate,0.017225803,0.017225723
6,69,receive_authenticate_accumulate,0.000057721,0.000057537
6,69,receive_authenticate_accumulate,0.017220896,0.017220852
6,69,receive_authenticate_accumulate,0.000056944,0.000056723
6,69,receive_authenticate_accumulate,0.017294970,0.017248963
6,69,receive_authenticate_accumulate,0.000056703,0.000056537
6,69,receive_authenticate_accumulate,0.017227526,0.017227518
6,69,receive_authenticate_accumulate,0.000056851,0.000056666
6,69,reading_commitment_and_shares,0.026217710,0.026217963
6,69,receive_authenticate_accumulate,0.017218119,0.017218222
6,69,receive_authenticate_accumulate,0.000054222,0.000054055
6,69,receive_authenticate_accumulate,0.017253599,0.017227297
6,69,receive_authenticate_accumulate,0.000055147,0.000054852
6,69,receive_authenticate_accumulate,0.017232489,0.017232555
6,69,receive_authenticate_accumulate,0.000056555,0.000056333
6,69,receive_authenticate_accumulate,0.017240193,0.017240148
6,69,receive_authenticate_accumulate,0.000057425,0.000057222
6,69,receive_authenticate_accumulate,0.017216100,0.017216074
6,69,receive_authenticate_accumulate,0.000058017,0.000057630
6,69,receive_authenticate_accumulate,0.017216638,0.017216518
6,69,receive_authenticate_accumulate,0.000055759,0.000055537
6,69,receive_authenticate_accumulate,0.017222045,0.017222074
6,69,receive_authenticate_accumulate,0.000056925,0.000056722
6,69,receive_authenticate_accumulate,0.017278748,0.017247871
6,69,receive_authenticate_accumulate,0.000057296,0.000057148
6,69,receive_authenticate_accumulate,0.017223545,0.017223463
6,69,receive_authenticate_accumulate,0.000055833,0.000055722
6,69,receive_authenticate_accumulate,0.017268748,0.017268833
6,69,receive_authenticate_accumulate,0.000059407,0.000059278
6,69,receive_authenticate_accumulate,0.017233268,0.017233315
6,69,receive_authenticate_accumulate,0.000058333,0.000058148
6,69,round_coverage,0.000004185,0.000003537
6,69,spatial_report,0.000040388,0.000040000
6,69,billing_report,0.000422365,0.000422148
7,70,period_reset,0.000025203,0.000024056
7,70,receive_authenticate_accumulate,0.000093369,0.000093296
7,70,receive_authenticate_accumulate,0.000091388,0.000091074
7,70,receive_authenticate_accumulate,0.000091110,0.000090944
7,70,receive_authenticate_accumulate,0.000090314,0.000090111
7,70,receive_authenticate_accumulate,0.000091703,0.000091667
7,70,receive_authenticate_accumulate,0.000091610,0.000091445
7,70,receive_authenticate_accumulate,0.000092147,0.000092037
7,70,receive_authenticate_accumulate,0.000090907,0.000090852
7,70,receive_authenticate_accumulate,0.000063500,0.000063482
7,70,randomness_commit,0.000531031,0.000530686
7,70,receive_authenticate_accumulate,0.000059258,0.000059185
7,70,receive_authenticate_accumulate,0.000060314,0.000060056
7,70,receive_authenticate_accumulate,0.000061203,0.000060907
7,70,receive_authenticate_accumulate,0.000061851,0.000061555
7,70,receive_authenticate_accumulate,0.000061814,0.000061667
7,70,receive_authenticate_accumulate,0.000062611,0.000062574
7,70,receive_authenticate_accumulate,0.000061944,0.000061760
7,70,receive_authenticate_accumulate,0.000062184,0.000062148
7,70,receive_authenticate_accumulate,0.000062221,0.000061852
7,70,receive_authenticate_accumulate,0.000062907,0.000062722
7,70,receive_authenticate_accumulate,0.000061536,0.000061240
7,70,receive_authenticate_accumulate,0.000076037,0.000075815
7,70,receive_authenticate_accumulate,0.000075665,0.000075259
7,70,receive_authenticate_accumulate,0.000074573,0.000074351
7,70,receive_authenticate_accumulate,0.000076462,0.000076296
7,70,receive_authenticate_accumulate,0.000074962,0.000074945
7,70,receive_authenticate_accumulate,0.000074943,0.000074574
7,70,receive_authenticate_accumulate,0.000075166,0.000074889
7,70,receive_authenticate_accumulate,0.000076740,0.000076500
7,70,receive_authenticate_accumulate,0.000076370,0.000076204
7,70,randomness_reveal,0.000497994,0.000497370
7,70,receive_authenticate_accumulate,0.000106406,0.000106463
7,70,receive_authenticate_accumulate,0.000074758,0.000074445
7,70,receive_authenticate_accumulate,0.000074925,0.000074685
7,70,receive_authenticate_accumulate,0.000049222,0.000049055
7,70,receive_authenticate_accumulate,0.000046148,0.000045648
7,70,receive_authenticate_accumulate,0.000047999,0.000047796
7,70,receive_authenticate_accumulate,0.000045314,0.000045019
7,70,receive_authenticate_accumulate,0.000048666,0.000048463
7,70,receive_authenticate_accumulate,0.000048315,0.000047963
7,70,receive_authenticate_accumulate,0.000045241,0.000044815
7,70,receive_authenticate_accumulate,0.000048555,0.000048334
7,70,committee_selection,0.000086036,0.000085704
7,70,round_reset,0.000004352,0.000003814
7,70,receive_authenticate_accumulate,0.017229603,0.017229740
7,70,receive_authenticate_accumulate,0.017214474,0.017214389
7,70,receive_authenticate_accumulate,0.017236103,0.017236278
7,70,receive_authenticate_accumulate,0.017255807,0.017238925
7,70,receive_authenticate_accumulate,0.017225585,0.017225555
7,70,receive_authenticate_accumulate,0.017253511,0.017231334
7,70,receive_authenticate_accumulate,0.017228419,0.017228500
7,70,receive_authenticate_accumulate,0.017223512,0.017223537
7,70,receive_authenticate_accumulate,0.017229215,0.017228907
7,70,reading_commitment_and_shares,0.026269772,0.026270112
7,70,receive_authenticate_accumulate,0.017225344,0.017225297
7,70,receive_authenticate_accumulate,0.017227197,0.017227167
7,70,receive_authenticate_accumulate,0.017231030,0.017231074
7,70,receive_authenticate_accumulate,0.017286715,0.017251593
7,70,receive_authenticate_accumulate,0.017226048,0.017226055
7,70,receive_authenticate_accumulate,0.017233956,0.017233852
7,70,receive_authenticate_accumulate,0.017254030,0.017235963
7,70,receive_authenticate_accumulate,0.017222716,0.017222759
7,70,receive_authenticate_accumulate,0.017268122,0.017239426
7,70,receive_authenticate_accumulate,0.017229475,0.017229370
7,70,receive_authenticate_accumulate,0.017221345,0.017221148
7,70,round_coverage,0.000003908,0.000003203
7,71,round_reset,0.000008685,0.000007426
7,71,receive_authenticate_accumulate,0.017225460,0.017225370
7,71,receive_authenticate_accumulate,0.017243311,0.017243333
7,71,receive_authenticate_accumulate,0.017230977,0.017231000
7,71,receive_authenticate_accumulate,0.017265162,0.017240445
7,71,receive_authenticate_accumulate,0.017233552,0.017233815
7,71,receive_authenticate_accumulate,0.017238533,0.017238352
7,71,receive_authenticate_accumulate,0.017220329,0.017220315
7,71,receive_authenticate_accumulate,0.017217089,0.017217019
7,71,receive_authenticate_accumulate,0.017233145,0.017232981
7,71,reading_commitment_and_shares,0.026217796,0.026218111
7,71,receive_authenticate_accumulate,0.017226089,0.017226315
7,71,receive_authenticate_accumulate,0.017227552,0.017227519
7,71,receive_authenticate_accumulate,0.017214978,0.017214852
7,71,receive_authenticate_accumulate,0.017231515,0.017231389
7,71,receive_authenticate_accumulate,0.017231145,0.017231130
7,71,receive_authenticate_accumulate,0.017225904,0.017225741
7,71,receive_authenticate_accumulate,0.017228330,0.017228334
7,71,receive_authenticate_accumulate,0.017260737,0.017237314
7,71,receive_authenticate_accumulate,0.017234515,0.017234426
7,71,receive_authenticate_accumulate,0.017226163,0.017226166
7,71,receive_authenticate_accumulate,0.017219552,0.017219482
7,71,round_coverage,0.000004130,0.000003481
7,72,round_reset,0.000009223,0.000008019
7,72,receive_authenticate_accumulate,0.017258314,0.017258426
7,72,receive_authenticate_accumulate,0.017229240,0.017229167
7,72,receive_authenticate_accumulate,0.017284499,0.017246426
7,72,receive_authenticate_accumulate,0.017244851,0.017244815
7,72,receive_authenticate_accumulate,0.017279888,0.017251073
7,72,receive_authenticate_accumulate,0.017228296,0.017227870
7,72,receive_authenticate_accumulate,0.017219296,0.017219352
7,72,receive_authenticate_accumulate,0.017234462,0.017233982
7,72,receive_authenticate_accumulate,0.017224537,0.017224518
7,72,reading_commitment_and_shares,0.026216986,0.026217111
7,72,receive_authenticate_accumulate,0.017223852,0.017223797
7,72,receive_authenticate_accumulate,0.017223593,0.017223667
7,72,receive_authenticate_accumulate,0.017233833,0.017233944
7,72,receive_authenticate_accumulate,0.017237389,0.017237370
7,72,receive_authenticate_accumulate,0.017236204,0.017236167
7,72,receive_authenticate_accumulate,0.017282092,0.017243111
7,72,receive_authenticate_accumulate,0.017221796,0.017221815
7,72,receive_authenticate_accumulate,0.017221556,0.017221741
7,72,receive_authenticate_accumulate,0.017236555,0.017236315
7,72,receive_authenticate_accumulate,0.017263703,0.017236018
7,72,receive_authenticate_accumulate,0.017224852,0.017224796
7,72,round_coverage,0.000004148,0.000003500
7,73,round_reset,0.000009315,0.000008037
7,73,receive_authenticate_accumulate,0.017230910,0.017230814
7,73,receive_authenticate_accumulate,0.017230447,0.017230518
7,73,receive_authenticate_accumulate,0.017217003,0.017216741
7,73,receive_authenticate_accumulate,0.017311965,0.017285741
7,73,receive_authenticate_accumulate,0.017224336,0.017223944
7,73,receive_authenticate_accumulate,0.017221059,0.017220945
7,73,receive_authenticate_accumulate,0.017255058,0.017231592
7,73,receive_authenticate_accumulate,0.017226522,0.017226481
7,73,receive_authenticate_accumulate,0.017236114,0.017236055
7,73,reading_commitment_and_shares,0.026227435,0.026227703
7,73,receive_authenticate_accumulate,0.017222411,0.017222463
7,73,receive_authenticate_accumulate,0.017222151,0.017222166
7,73,receive_authenticate_accumulate,0.017225429,0.017225500
7,73,receive_authenticate_accumulate,0.017292039,0.017266111
7,73,receive_authenticate_accumulate,0.017291502,0.017260908
7,73,receive_authenticate_accumulate,0.017225836,0.017225926
7,73,receive_authenticate_accumulate,0.017235930,0.017235852
7,73,receive_authenticate_accumulate,0.017219170,0.017219185
7,73,receive_authenticate_accumulate,0.017229763,0.017229778
7,73,receive_authenticate_accumulate,0.017231726,0.017231741
7,73,receive_authenticate_accumulate,0.017263133,0.017238315
7,73,round_coverage,0.000004148,0.000003537
7,74,round_reset,0.000010111,0.000008685
7,74,receive_authenticate_accumulate,0.017228876,0.017228852
7,74,receive_authenticate_accumulate,0.017226691,0.017226666
7,74,receive_authenticate_accumulate,0.017223599,0.017223611
7,74,receive_authenticate_accumulate,0.017220562,0.017220537
7,74,receive_authenticate_accumulate,0.017224432,0.017224388
7,74,receive_authenticate_accumulate,0.017275302,0.017248981
7,74,receive_authenticate_accumulate,0.017241672,0.017241815
7,74,receive_authenticate_accumulate,0.017227210,0.017227204
7,74,receive_authenticate_accumulate,0.017220636,0.017220834
7,74,reading_commitment_and_shares,0.026212033,0.026212130
7,74,receive_authenticate_accumulate,0.017222950,0.017223018
7,74,receive_authenticate_accumulate,0.017221025,0.017221018
7,74,receive_authenticate_accumulate,0.017217821,0.017217722
7,74,receive_authenticate_accumulate,0.017258136,0.017237815
7,74,receive_authenticate_accumulate,0.017222211,0.017222296
7,74,receive_authenticate_accumulate,0.017220655,0.017220592
7,74,receive_authenticate_accumulate,0.017227377,0.017227333
7,74,receive_authenticate_accumulate,0.017227636,0.017227593
7,74,receive_authenticate_accumulate,0.017235655,0.017235277
7,74,receive_authenticate_accumulate,0.017227358,0.017227352
7,74,receive_authenticate_accumulate,0.017260895,0.017234110
7,74,round_coverage,0.000003815,0.000003203
7,75,round_reset,0.000009167,0.000007852
7,75,receive_authenticate_accumulate,0.017230916,0.017230611
7,75,receive_authenticate_accumulate,0.017228768,0.017228500
7,75,receive_authenticate_accumulate,0.017223028,0.017223167
7,75,receive_authenticate_accumulate,0.017231453,0.017231352
7,75,receive_authenticate_accumulate,0.017222639,0.017222593
7,75,receive_authenticate_accumulate,0.017217990,0.017217963
7,75,receive_authenticate_accumulate,0.017227749,0.017227741
7,75,receive_authenticate_accumulate,0.017226806,0.017226648
7,75,receive_authenticate_accumulate,0.017289008,0.017268018
7,75,reading_commitment_and_shares,0.026278277,0.026278852
7,75,receive_authenticate_accumulate,0.017226695,0.017226537
7,75,receive_authenticate_accumulate,0.017257176,0.017233704
7,75,receive_authenticate_accumulate,0.017249398,0.017228907
7,75,receive_authenticate_accumulate,0.017303546,0.017275926
7,75,receive_authenticate_accumulate,0.017258602,0.017236981
7,75,receive_authenticate_accumulate,0.017226676,0.017226537
7,75,receive_authenticate_accumulate,0.017216695,0.017216777
7,75,receive_authenticate_accumulate,0.017228361,0.017228389
7,75,receive_authenticate_accumulate,0.017220861,0.017220982
7,75,receive_authenticate_accumulate,0.017230509,0.017230519
7,75,receive_authenticate_accumulate,0.017230083,0.017230130
7,75,round_coverage,0.000004130,0.000003333
7,76,round_reset,0.000010166,0.000009074
7,76,receive_authenticate_accumulate,0.017228012,0.017228093
7,76,receive_authenticate_accumulate,0.017220660,0.017220611
7,76,receive_authenticate_accumulate,0.017227234,0.017227111
7,76,receive_authenticate_accumulate,0.017219493,0.017219426
7,76,receive_authenticate_accumulate,0.017297862,0.017256850
7,76,receive_authenticate_accumulate,0.017219752,0.017219852
7,76,receive_authenticate_accumulate,0.017236382,0.017236537
7,76,receive_authenticate_accumulate,0.017219919,0.017219759
7,76,receive_authenticate_accumulate,0.017316177,0.017250703
7,76,reading_commitment_and_shares,0.026224967,0.026225389
7,76,receive_authenticate_accumulate,0.017254104,0.017227629
7,76,receive_authenticate_accumulate,0.017224975,0.017224889
7,76,receive_authenticate_accumulate,0.017222586,0.017222556
7,76,receive_authenticate_accumulate,0.017249160,0.017249556
7,76,receive_authenticate_accumulate,0.017219975,0.017220148
7,76,receive_authenticate_accumulate,0.017218197,0.017218148
7,76,receive_authenticate_accumulate,0.017223697,0.017223741
7,76,receive_authenticate_accumulate,0.017232271,0.017232481
7,76,receive_authenticate_accumulate,0.017216382,0.017216389
7,76,receive_authenticate_accumulate,0.017219271,0.017219149
7,76,receive_authenticate_accumulate,0.017220789,0.017220685
7,76,round_coverage,0.000004241,0.000003666
7,77,round_reset,0.000009259,0.000007852
7,77,receive_authenticate_accumulate,0.017266291,0.017239481
7,77,receive_authenticate_accumulate,0.017218773,0.017218740
7,77,receive_authenticate_accumulate,0.017223662,0.017223740
7,77,receive_authenticate_accumulate,0.017220848,0.017220796
7,77,receive_authenticate_accumulate,0.017223662,0.017223648
7,77,receive_authenticate_accumulate,0.017219200,0.017219093
7,77,receive_authenticate_accumulate,0.017225866,0.017225926
7,77,receive_authenticate_accumulate,0.017236199,0.017236241
7,77,receive_authenticate_accumulate,0.017220292,0.017220203
7,77,reading_commitment_and_shares,0.026216897,0.026217019
7,77,receive_authenticate_accumulate,0.017216255,0.017216351
7,77,receive_authenticate_accumulate,0.017228589,0.017228574
7,77,receive_authenticate_accumulate,0.017225107,0.017225037
7,77,receive_authenticate_accumulate,0.017266811,0.017231111
7,77,receive_authenticate_accumulate,0.017258847,0.017236907
7,77,receive_authenticate_accumulate,0.017225218,0.017225352
7,77,receive_authenticate_accumulate,0.017251347,0.017251666
7,77,receive_authenticate_accumulate,0.017226607,0.017226574
7,77,receive_authenticate_accumulate,0.017230681,0.017230426
7,77,receive_authenticate_accumulate,0.017231089,0.017231056
7,77,receive_authenticate_accumulate,0.017230126,0.017230092
7,77,round_coverage,0.000004296,0.000003519
7,78,round_reset,0.000009426,0.000007704
7,78,receive_authenticate_accumulate,0.017223942,0.017223963
7,78,receive_authenticate_accumulate,0.017230553,0.017230611
7,78,receive_authenticate_accumulate,0.017219591,0.017219611
7,78,receive_authenticate_accumulate,0.017218665,0.017218574
7,78,receive_authenticate_accumulate,0.017264442,0.017234871
7,78,receive_authenticate_accumulate,0.017235887,0.017235871
7,78,receive_authenticate_accumulate,0.017221517,0.017221426
7,78,receive_authenticate_accumulate,0.017219295,0.017219185
7,78,receive_authenticate_accumulate,0.017221609,0.017221481
7,78,reading_commitment_and_shares,0.026210715,0.026210889
7,78,receive_authenticate_accumulate,0.017224461,0.017224426
7,78,receive_authenticate_accumulate,0.017229850,0.017229722
7,78,receive_authenticate_accumulate,0.017230720,0.017230666
7,78,receive_authenticate_accumulate,0.017228091,0.017228037
7,78,receive_authenticate_accumulate,0.017238146,0.017238129
7,78,receive_authenticate_accumulate,0.017284850,0.017253925
7,78,receive_authenticate_accumulate,0.017230813,0.017230741
7,78,receive_authenticate_accumulate,0.017271424,0.017246222
7,78,receive_authenticate_accumulate,0.017234146,0.017234389
7,78,receive_authenticate_accumulate,0.017283220,0.017252296
7,78,receive_authenticate_accumulate,0.017223702,0.017223722
7,78,round_coverage,0.000004352,0.000003704
7,79,round_reset,0.000009500,0.000008259
7,79,receive_authenticate_accumulate,0.017229518,0.017229352
7,79,receive_authenticate_accumulate,0.017221092,0.017220944
7,79,receive_authenticate_accumulate,0.017230908,0.017230963
7,79,receive_authenticate_accumulate,0.017222093,0.017222055
7,79,receive_authenticate_accumulate,0.017267241,0.017239704
7,79,receive_authenticate_accumulate,0.017223501,0.017223482
7,79,receive_authenticate_accumulate,0.017253296,0.017253686
7,79,receive_authenticate_accumulate,0.017234223,0.017233999
7,79,receive_authenticate_accumulate,0.017294481,0.017263517
7,79,reading_commitment_and_shares,0.026215256,0.026215277
7,79,receive_authenticate_accumulate,0.017214834,0.017215037
7,79,receive_authenticate_accumulate,0.017229982,0.017230055
7,79,receive_authenticate_accumulate,0.017226019,0.017225926
7,79,receive_authenticate_accumulate,0.017278723,0.017239500
7,79,receive_authenticate_accumulate,0.017220334,0.017220352
7,79,receive_authenticate_accumulate,0.017231427,0.017231407
7,79,receive_authenticate_accumulate,0.017223871,0.017223667
7,79,receive_authenticate_accumulate,0.017232167,0.017232204
7,79,receive_authenticate_accumulate,0.017269907,0.017242351
7,79,receive_authenticate_accumulate,0.017221760,0.017221722
7,79,receive_authenticate_accumulate,0.017223186,0.017223148
7,79,round_coverage,0.000004333,0.000003926
8,80,period_reset,0.000025777,0.000024407
8,80,receive_authenticate_accumulate,0.000095962,0.000095722
8,80,receive_authenticate_accumulate,0.000090944,0.000090945
8,80,receive_authenticate_accumulate,0.000090814,0.000090481
8,80,receive_authenticate_accumulate,0.000091018,0.000090518
8,80,receive_authenticate_accumulate,0.000090776,0.000090593
8,80,receive_authenticate_accumulate,0.000089869,0.000089556
8,80,receive_authenticate_accumulate,0.000089055,0.000088907
8,80,receive_authenticate_accumulate,0.000091517,0.000091222
8,80,receive_authenticate_accumulate,0.000090240,0.000089778
8,80,randomness_commit,0.000811825,0.000810778
8,80,receive_authenticate_accumulate,0.000088350,0.000087870
8,80,receive_authenticate_accumulate,0.000130166,0.000130074
8,80,receive_authenticate_accumulate,0.000090555,0.000090074
8,80,receive_authenticate_accumulate,0.000090629,0.000090296
8,80,receive_authenticate_accumulate,0.000090314,0.000090203
8,80,receive_authenticate_accumulate,0.000090333,0.000090130
8,80,receive_authenticate_accumulate,0.000090184,0.000090352
8,80,receive_authenticate_accumulate,0.000041166,0.000041111
8,80,receive_authenticate_accumulate,0.000041036,0.000040815
8,80,receive_authenticate_accumulate,0.000038537,0.000038203
8,80,receive_authenticate_accumulate,0.000040351,0.000039981
8,80,receive_authenticate_accumulate,0.000048944,0.000048778
8,80,receive_authenticate_accumulate,0.000046018,0.000045704
8,80,receive_authenticate_accumulate,0.000047278,0.000047129
8,80,receive_authenticate_accumulate,0.000048129,0.000047888
8,80,receive_authenticate_accumulate,0.000046296,0.000045981
8,80,receive_authenticate_accumulate,0.000047981,0.000047630
8,80,receive_authenticate_accumulate,0.000047314,0.000046907
8,80,receive_authenticate_accumulate,0.000045814,0.000045611
8,80,receive_authenticate_accumulate,0.000048814,0.000048574
8,80,randomness_reveal,0.000303219,0.000302852
8,80,receive_authenticate_accumulate,0.000044129,0.000043926
8,80,receive_authenticate_accumulate,0.000048740,0.000048648
8,80,receive_authenticate_accumulate,0.000048407,0.000048167
8,80,receive_authenticate_accumulate,0.000045277,0.000044889
8,80,receive_authenticate_accumulate,0.000049314,0.000049074
8,80,receive_authenticate_accumulate,0.000047518,0.000047259
8,80,receive_authenticate_accumulate,0.000045963,0.000045667
8,80,receive_authenticate_accumulate,0.000047684,0.000047556
8,80,receive_authenticate_accumulate,0.000048018,0.000047797
8,80,receive_authenticate_accumulate,0.000045906,0.000045703
8,80,receive_authenticate_accumulate,0.000048333,0.000048092
8,80,committee_selection,0.000085814,0.000085519
8,80,round_reset,0.000003814,0.000003296
8,80,receive_authenticate_accumulate,0.017221540,0.017221537
8,80,receive_authenticate_accumulate,0.000056888,0.000056740
8,80,receive_authenticate_accumulate,0.017218299,0.017218314
8,80,receive_authenticate_accumulate,0.000057277,0.000056944
8,80,receive_authenticate_accumulate,0.017294761,0.017250444
8,80,receive_authenticate_accumulate,0.000056963,0.000056722
8,80,receive_authenticate_accumulate,0.017223484,0.017223370
8,80,receive_authenticate_accumulate,0.000055000,0.000054815
8,80,receive_authenticate_accumulate,0.017266484,0.017248518
8,80,receive_authenticate_accumulate,0.000056018,0.000055667
8,80,receive_authenticate_accumulate,0.017227892,0.017227889
8,80,receive_authenticate_accumulate,0.000056111,0.000055963
8,80,receive_authenticate_accumulate,0.017228206,0.017228111
8,80,receive_authenticate_accumulate,0.000056073,0.000055852
8,80,receive_authenticate_accumulate,0.017227262,0.017227296
8,80,receive_authenticate_accumulate,0.000056351,0.000056056
8,80,receive_authenticate_accumulate,0.017225373,0.017225351
8,80,receive_authenticate_accumulate,0.000056185,0.000055963
8,80,reading_commitment_and_shares,0.026215574,0.026215630
8,80,receive_authenticate_accumulate,0.017241687,0.017241723
8,80,receive_authenticate_accumulate,0.000055240,0.000055056
8,80,receive_authenticate_accumulate,0.017230410,0.017230277
8,80,receive_authenticate_accumulate,0.000055036,0.000054889
8,80,receive_authenticate_accumulate,0.017276521,0.017247760
8,80,receive_authenticate_accumulate,0.000057110,0.000056796
8,80,receive_authenticate_accumulate,0.017271539,0.017248222
8,80,receive_authenticate_accumulate,0.000057240,0.000057000
8,80,receive_authenticate_accumulate,0.017229836,0.017229833
8,80,receive_authenticate_accumulate,0.000055258,0.000055129
8,80,receive_authenticate_accumulate,0.017229169,0.017229130
8,80,receive_authenticate_accumulate,0.000054704,0.000054426
8,80,receive_authenticate_accumulate,0.017217318,0.017217334
8,80,receive_authenticate_accumulate,0.000057074,0.000056815
8,80,receive_authenticate_accumulate,0.017228558,0.017228481
8,80,receive_authenticate_accumulate,0.000056018,0.000055815
8,80,receive_authenticate_accumulate,0.017253744,0.017232074
8,80,receive_authenticate_accumulate,0.000057073,0.000056833
8,80,receive_authenticate_accumulate,0.017227447,0.017227278
8,80,receive_authenticate_accumulate,0.000056073,0.000055778
8,80,receive_authenticate_accumulate,0.017228650,0.017228648
8,80,receive_authenticate_accumulate,0.000071647,0.000071611
8,80,round_coverage,0.000003759,0.000003111
8,80,spatial_report,0.000041167,0.000040760
8,81,round_reset,0.000009981,0.000008685
8,81,receive_authenticate_accumulate,0.017258523,0.017240204
8,81,receive_authenticate_accumulate,0.000059055,0.000058611
8,81,receive_authenticate_accumulate,0.017227375,0.017227445
8,81,receive_authenticate_accumulate,0.000058962,0.000058759
8,81,receive_authenticate_accumulate,0.017227967,0.017228129
8,81,receive_authenticate_accumulate,0.000057036,0.000056889
8,81,receive_authenticate_accumulate,0.017235357,0.017235148
8,81,receive_authenticate_accumulate,0.000056944,0.000056759
8,81,receive_authenticate_accumulate,0.017229949,0.017230130
8,81,receive_authenticate_accumulate,0.000056037,0.000055740
8,81,receive_authenticate_accumulate,0.017227875,0.017227945
8,81,receive_authenticate_accumulate,0.000055796,0.000055611
8,81,receive_authenticate_accumulate,0.017259116,0.017240129
8,81,receive_authenticate_accumulate,0.000057592,0.000057315
8,81,receive_authenticate_accumulate,0.017274245,0.017244870
8,81,receive_authenticate_accumulate,0.000056962,0.000056723
8,81,receive_authenticate_accumulate,0.017226449,0.017226389
8,81,receive_authenticate_accumulate,0.000056166,0.000056000
8,81,reading_commitment_and_shares,0.026206633,0.026206925
8,81,receive_authenticate_accumulate,0.017241227,0.017230833
8,81,receive_authenticate_accumulate,0.000055740,0.000055481
8,81,receive_authenticate_accumulate,0.017235264,0.017235445
8,81,receive_authenticate_accumulate,0.000055722,0.000055352
8,81,receive_authenticate_accumulate,0.017241727,0.017241630
8,81,receive_authenticate_accumulate,0.000055889,0.000055741
8,81,receive_authenticate_accumulate,0.017233912,0.017233962
8,81,receive_authenticate_accumulate,0.000058777,0.000058537
8,81,receive_authenticate_accumulate,0.017222838,0.017222889
8,81,receive_authenticate_accumulate,0.000056518,0.000056259
8,81,receive_authenticate_accumulate,0.017235282,0.017235259
8,81,receive_authenticate_accumulate,0.000055629,0.000055574
8,81,receive_authenticate_accumulate,0.017224227,0.017224333
8,81,receive_authenticate_accumulate,0.000057647,0.000057575
8,81,receive_authenticate_accumulate,0.017223968,0.017224148
8,81,receive_authenticate_accumulate,0.000057277,0.000057204
8,81,receive_authenticate_accumulate,0.017223598,0.017223685
8,81,receive_authenticate_accumulate,0.000057204,0.000057185
8,81,receive_authenticate_accumulate,0.017230597,0.017230834
8,81,receive_authenticate_accumulate,0.000055611,0.000055592
8,81,receive_authenticate_accumulate,0.017217764,0.017217944
8,81,receive_authenticate_accumulate,0.000058036,0.000057870
8,81,round_coverage,0.000003759,0.000003167
8,81,spatial_report,0.000040722,0.000040463
8,82,round_reset,0.000009444,0.000008092
8,82,receive_authenticate_accumulate,0.017230414,0.017230278
8,82,receive_authenticate_accumulate,0.000057444,0.000057352
8,82,receive_authenticate_accumulate,0.017232117,0.017232223
8,82,receive_authenticate_accumulate,0.000056536,0.000056407
8,82,receive_authenticate_accumulate,0.017234044,0.017233851
8,82,receive_authenticate_accumulate,0.000056852,0.000056648
8,82,receive_authenticate_accumulate,0.017220599,0.017220463
8,82,receive_authenticate_accumulate,0.000088944,0.000088704
8,82,receive_authenticate_accumulate,0.017223488,0.017223111
8,82,receive_authenticate_accumulate,0.000055351,0.000055055
8,82,receive_authenticate_accumulate,0.017254913,0.017244481
8,82,receive_authenticate_accumulate,0.000057277,0.000057093
8,82,receive_authenticate_accumulate,0.017225395,0.017225296
8,82,receive_authenticate_accumulate,0.000056888,0.000056722
8,82,receive_authenticate_accumulate,0.017228359,0.017228297
8,82,receive_authenticate_accumulate,0.000056944,0.000056759
8,82,receive_authenticate_accumulate,0.017241654,0.017241593
8,82,receive_authenticate_accumulate,0.000055888,0.000055685
8,82,reading_commitment_and_shares,0.026266857,0.026227779
8,82,receive_authenticate_accumulate,0.017215395,0.017215574
8,82,receive_authenticate_accumulate,0.000055221,0.000054907
8,82,receive_authenticate_accumulate,0.017232691,0.017232759
8,82,receive_authenticate_accumulate,0.000055684,0.000055426
8,82,receive_authenticate_accumulate,0.017232655,0.017232593
8,82,receive_authenticate_accumulate,0.000054111,0.000054000
8,82,receive_authenticate_accumulate,0.017225081,0.017225092
8,82,receive_authenticate_accumulate,0.000058018,0.000057777
8,82,receive_authenticate_accumulate,0.017230322,0.017230296
8,82,receive_authenticate_accumulate,0.000055833,0.000055834
8,82,receive_authenticate_accumulate,0.017239654,0.017239963
8,82,receive_authenticate_accumulate,0.000057481,0.000057333
8,82,receive_authenticate_accumulate,0.017238414,0.017238371
8,82,receive_authenticate_accumulate,0.000056629,0.000056407
8,82,receive_authenticate_accumulate,0.017233229,0.017233315
8,82,receive_authenticate_accumulate,0.000057666,0.000057518
8,82,receive_authenticate_accumulate,0.017222581,0.017222592
8,82,receive_authenticate_accumulate,0.000056740,0.000056574
8,82,receive_authenticate_accumulate,0.017225803,0.017225871
8,82,receive_authenticate_accumulate,0.000057185,0.000057018
8,82,receive_authenticate_accumulate,0.017227081,0.017227259
8,82,receive_authenticate_accumulate,0.000056333,0.000056297
8,82,round_coverage,0.000003611,0.000003093
8,82,spatial_report,0.000039092,0.000039000
8,83,round_reset,0.000008982,0.000007685
8,83,receive_authenticate_accumulate,0.017229342,0.017229333
8,83,receive_authenticate_accumulate,0.000057314,0.000057018
8,83,receive_authenticate_accumulate,0.017223360,0.017223333
8,83,receive_authenticate_accumulate,0.000057426,0.000057296
8,83,receive_authenticate_accumulate,0.017226101,0.017226074
8,83,receive_authenticate_accumulate,0.000056777,0.000056556
8,83,receive_authenticate_accumulate,0.017237064,0.017237037
8,83,receive_authenticate_accumulate,0.000058333,0.000058129
8,83,receive_authenticate_accumulate,0.017236841,0.017236852
8,83,receive_authenticate_accumulate,0.000057833,0.000057777
8,83,receive_authenticate_accumulate,0.017223101,0.017223222
8,83,receive_authenticate_accumulate,0.000056999,0.000057056
8,83,receive_authenticate_accumulate,0.017222342,0.017222315
8,83,receive_authenticate_accumulate,0.000057203,0.000056981
8,83,receive_authenticate_accumulate,0.017260156,0.017241555
8,83,receive_authenticate_accumulate,0.000057203,0.000056945
8,83,receive_authenticate_accumulate,0.017232842,0.017232926
8,83,receive_authenticate_accumulate,0.000057870,0.000057722
8,83,reading_commitment_and_shares,0.026211046,0.026211296
8,83,receive_authenticate_accumulate,0.017221879,0.017222185
8,83,receive_authenticate_accumulate,0.000057462,0.000057370
8,83,receive_authenticate_accumulate,0.017230990,0.017230870
8,83,receive_authenticate_accumulate,0.000056889,0.000056741
8,83,receive_authenticate_accumulate,0.017227675,0.017227814
8,83,receive_authenticate_accumulate,0.000055407,0.000055315
8,83,receive_authenticate_accumulate,0.017232046,0.017232037
8,83,receive_authenticate_accumulate,0.000059573,0.000059463
8,83,receive_authenticate_accumulate,0.017247341,0.017229907
8,83,receive_authenticate_accumulate,0.000058166,0.000058056
8,83,receive_authenticate_accumulate,0.017232823,0.017232870
8,83,receive_authenticate_accumulate,0.000055685,0.000055630
8,83,receive_authenticate_accumulate,0.017225045,0.017225000
8,83,receive_authenticate_accumulate,0.000057703,0.000057463
8,83,receive_authenticate_accumulate,0.017225341,0.017225370
8,83,receive_authenticate_accumulate,0.000056259,0.000056074
8,83,receive_authenticate_accumulate,0.017231323,0.017231222
8,83,receive_authenticate_accumulate,0.000059332,0.000059111
8,83,receive_authenticate_accumulate,0.017238620,0.017238981
8,83,receive_authenticate_accumulate,0.000056370,0.000056241
8,83,receive_authenticate_accumulate,0.017257990,0.017240315
8,83,receive_authenticate_accumulate,0.000055907,0.000055852
8,83,round_coverage,0.000003704,0.000003130
8,83,spatial_report,0.000040482,0.000040296
8,84,round_reset,0.000009907,0.000008130
8,84,receive_authenticate_accumulate,0.017264806,0.017250796
8,84,receive_authenticate_accumulate,0.000057592,0.000057389
8,84,receive_authenticate_accumulate,0.017224825,0.017225055
8,84,receive_authenticate_accumulate,0.000057370,0.000057185
8,84,receive_authenticate_accumulate,0.017221158,0.017221111
8,84,receive_authenticate_accumulate,0.000058055,0.000057852
8,84,receive_authenticate_accumulate,0.017221102,0.017221203
8,84,receive_authenticate_accumulate,0.000057999,0.000057759
8,84,receive_authenticate_accumulate,0.017236084,0.017236241
8,84,receive_authenticate_accumulate,0.000055981,0.000055926
8,84,receive_authenticate_accumulate,0.017225324,0.017225278
8,84,receive_authenticate_accumulate,0.000057369,0.000057148
8,84,receive_authenticate_accumulate,0.017236491,0.017236518
8,84,receive_authenticate_accumulate,0.000057518,0.000057352
8,84,receive_authenticate_accumulate,0.017228103,0.017228037
8,84,receive_authenticate_accumulate,0.000056722,0.000056408
8,84,receive_authenticate_accumulate,0.017232639,0.017232519
8,84,receive_authenticate_accumulate,0.000057870,0.000057833
8,84,reading_commitment_and_shares,0.026250029,0.026250333
8,84,receive_authenticate_accumulate,0.017220733,0.017220833
8,84,receive_authenticate_accumulate,0.000055240,0.000055167
8,84,receive_authenticate_accumulate,0.017229085,0.017229537
8,84,receive_authenticate_accumulate,0.000058055,0.000057852
8,84,receive_authenticate_accumulate,0.017227788,0.017227666
8,84,receive_authenticate_accumulate,0.000056963,0.000056740
8,84,receive_authenticate_accumulate,0.017273436,0.017247241
8,84,receive_authenticate_accumulate,0.000059648,0.000059426
8,84,receive_authenticate_accumulate,0.017229121,0.017229148
8,84,receive_authenticate_accumulate,0.000057444,0.000057296
8,84,receive_authenticate_accumulate,0.017263954,0.017240630
8,84,receive_authenticate_accumulate,0.000056129,0.000056056
8,84,receive_authenticate_accumulate,0.017226269,0.017226388
8,84,receive_authenticate_accumulate,0.000057573,0.000057481
8,84,receive_authenticate_accumulate,0.017228195,0.017228037
8,84,receive_authenticate_accumulate,0.000058055,0.000057871
8,84,receive_authenticate_accumulate,0.017228177,0.017228074
8,84,receive_authenticate_accumulate,0.000055573,0.000055556
8,84,receive_authenticate_accumulate,0.017227844,0.017227926
8,84,receive_authenticate_accumulate,0.000058703,0.000058685
8,84,receive_authenticate_accumulate,0.017221399,0.017221760
8,84,receive_authenticate_accumulate,0.000056758,0.000056740
8,84,round_coverage,0.000003759,0.000003148
8,84,spatial_report,0.000041147,0.000040815
8,85,round_reset,0.000009444,0.000007352
8,85,receive_authenticate_accumulate,0.017234993,0.017234981
8,85,receive_authenticate_accumulate,0.000057517,0.000057260
8,85,receive_authenticate_accumulate,0.017232178,0.017232241
8,85,receive_authenticate_accumulate,0.000057926,0.000057741
8,85,receive_authenticate_accumulate,0.017268789,0.017240888
8,85,receive_authenticate_accumulate,0.000056795,0.000056685
8,85,receive_authenticate_accumulate,0.017299510,0.017253037
8,85,receive_authenticate_accumulate,0.000056888,0.000056648
8,85,receive_authenticate_accumulate,0.017223197,0.017223185
8,85,receive_authenticate_accumulate,0.000059315,0.000059315
8,85,receive_authenticate_accumulate,0.017233622,0.017233537
8,85,receive_authenticate_accumulate,0.000056777,0.000056537
8,85,receive_authenticate_accumulate,0.017229234,0.017229093
8,85,receive_authenticate_accumulate,0.000054925,0.000054722
8,85,receive_authenticate_accumulate,0.017222659,0.017222648
8,85,receive_authenticate_accumulate,0.000058240,0.000058055
8,85,receive_authenticate_accumulate,0.017225419,0.017225537
8,85,receive_authenticate_accumulate,0.000057370,0.000056944
8,85,reading_commitment_and_shares,0.026206366,0.026206333
8,85,receive_authenticate_accumulate,0.017231104,0.017230926
8,85,receive_authenticate_accumulate,0.000058166,0.000058055
8,85,receive_authenticate_accumulate,0.017232900,0.017233000
8,85,receive_authenticate_accumulate,0.000057092,0.000056870
8,85,receive_authenticate_accumulate,0.017230549,0.017230555
8,85,receive_authenticate_accumulate,0.000056555,0.000056296
8,85,receive_authenticate_accumulate,0.017222012,0.017221982
8,85,receive_authenticate_accumulate,0.000058777,0.000058500
8,85,receive_authenticate_accumulate,0.017227605,0.017227537
8,85,receive_authenticate_accumulate,0.000057722,0.000057481
8,85,receive_authenticate_accumulate,0.017218678,0.017218797
8,85,receive_authenticate_accumulate,0.000056240,0.000056000
8,85,receive_authenticate_accumulate,0.017252845,0.017242426
8,85,receive_authenticate_accumulate,0.000056426,0.000056185
8,85,receive_authenticate_accumulate,0.017280307,0.017231260
8,85,receive_authenticate_accumulate,0.000057092,0.000056908
8,85,receive_authenticate_accumulate,0.017227993,0.017228130
8,85,receive_authenticate_accumulate,0.000056999,0.000056741
8,85,receive_authenticate_accumulate,0.017232715,0.017232833
8,85,receive_authenticate_accumulate,0.000055370,0.000055167
8,85,receive_authenticate_accumulate,0.017233993,0.017233870
8,85,receive_authenticate_accumulate,0.000057333,0.000057037
8,85,round_coverage,0.000003667,0.000003093
8,85,spatial_report,0.000040889,0.000040500
8,86,round_reset,0.000009019,0.000007796
8,86,receive_authenticate_accumulate,0.017229531,0.017229407
8,86,receive_authenticate_accumulate,0.000057518,0.000057296
8,86,receive_authenticate_accumulate,0.017223957,0.017224185
8,86,receive_authenticate_accumulate,0.000057870,0.000057648
8,86,receive_authenticate_accumulate,0.017228253,0.017228352
8,86,receive_authenticate_accumulate,0.000056333,0.000056093
8,86,receive_authenticate_accumulate,0.017221735,0.017221871
8,86,receive_authenticate_accumulate,0.000056110,0.000055926
8,86,receive_authenticate_accumulate,0.017275142,0.017245425
8,86,receive_authenticate_accumulate,0.000057814,0.000057760
8,86,receive_authenticate_accumulate,0.017220457,0.017220519
8,86,receive_authenticate_accumulate,0.000056647,0.000056444
8,86,receive_authenticate_accumulate,0.017231272,0.017231130
8,86,receive_authenticate_accumulate,0.000057000,0.000056815
8,86,receive_authenticate_accumulate,0.017228458,0.017228519
8,86,receive_authenticate_accumulate,0.000057259,0.000056982
8,86,receive_authenticate_accumulate,0.017262587,0.017245594
8,86,receive_authenticate_accumulate,0.000057166,0.000057000
8,86,reading_commitment_and_shares,0.026212997,0.026213259
8,86,receive_authenticate_accumulate,0.017221606,0.017221704
8,86,receive_authenticate_accumulate,0.000055999,0.000055777
8,86,receive_authenticate_accumulate,0.017229846,0.017229945
8,86,receive_authenticate_accumulate,0.000056777,0.000056519
8,86,receive_authenticate_accumulate,0.017223328,0.017223426
8,86,receive_authenticate_accumulate,0.000058332,0.000058093
8,86,receive_authenticate_accumulate,0.017261791,0.017261611
8,86,receive_authenticate_accumulate,0.000058777,0.000058556
8,86,receive_authenticate_accumulate,0.017234106,0.017234167
8,86,receive_authenticate_accumulate,0.000058370,0.000058111
8,86,receive_authenticate_accumulate,0.017223532,0.017223555
8,86,receive_authenticate_accumulate,0.000072926,0.000067593
8,86,receive_authenticate_accumulate,0.017224958,0.017225055
8,86,receive_authenticate_accumulate,0.000057111,0.000056944
8,86,receive_authenticate_accumulate,0.017226087,0.017226148
8,86,receive_authenticate_accumulate,0.000057055,0.000056834
8,86,receive_authenticate_accumulate,0.017244495,0.017234444
8,86,receive_authenticate_accumulate,0.000057389,0.000057037
8,86,receive_authenticate_accumulate,0.017227032,0.017226945
8,86,receive_authenticate_accumulate,0.000057258,0.000057093
8,86,receive_authenticate_accumulate,0.017223106,0.017223111
8,86,receive_authenticate_accumulate,0.000057240,0.000057018
8,86,round_coverage,0.000003685,0.000003111
8,86,spatial_report,0.000042259,0.000042056
8,87,round_reset,0.000009371,0.000007389
8,87,receive_authenticate_accumulate,0.017233977,0.017234166
8,87,receive_authenticate_accumulate,0.000058129,0.000057944
8,87,receive_authenticate_accumulate,0.017222144,0.017222092
8,87,receive_authenticate_accumulate,0.000057314,0.000057186
8,87,receive_authenticate_accumulate,0.017238773,0.017238371
8,87,receive_authenticate_accumulate,0.000056851,0.000056685
8,87,receive_authenticate_accumulate,0.017227644,0.017227648
8,87,receive_authenticate_accumulate,0.000057555,0.000057445
8,87,receive_authenticate_accumulate,0.017223663,0.017223722
8,87,receive_authenticate_accumulate,0.000057074,0.000056945
8,87,receive_authenticate_accumulate,0.017227495,0.017227611
8,87,receive_authenticate_accumulate,0.000057296,0.000057093
8,87,receive_authenticate_accumulate,0.017267921,0.017242370
8,87,receive_authenticate_accumulate,0.000056518,0.000056259
8,87,receive_authenticate_accumulate,0.017223033,0.017223148
8,87,receive_authenticate_accumulate,0.000056925,0.000056741
8,87,receive_authenticate_accumulate,0.017248792,0.017233370
8,87,receive_authenticate_accumulate,0.000057499,0.000057352
8,87,reading_commitment_and_shares,0.026208611,0.026209129
8,87,receive_authenticate_accumulate,0.017214034,0.017214130
8,87,receive_authenticate_accumulate,0.000057555,0.000057297
8,87,receive_authenticate_accumulate,0.017224996,0.017224981
8,87,receive_authenticate_accumulate,0.000056870,0.000056667
8,87,receive_authenticate_accumulate,0.017223793,0.017223870
8,87,receive_authenticate_accumulate,0.000057499,0.000057333
8,87,receive_authenticate_accumulate,0.017229718,0.017229759
8,87,receive_authenticate_accumulate,0.000058092,0.000057926
8,87,receive_authenticate_accumulate,0.017228681,0.017228667
8,87,receive_authenticate_accumulate,0.000057499,0.000057241
8,87,receive_authenticate_accumulate,0.017256514,0.017256630
8,87,receive_authenticate_accumulate,0.000061573,0.000061426
8,87,receive_authenticate_accumulate,0.017242125,0.017242130
8,87,receive_authenticate_accumulate,0.000057092,0.000056907
8,87,receive_authenticate_accumulate,0.017231292,0.017231167
8,87,receive_authenticate_accumulate,0.000056000,0.000055778
8,87,receive_authenticate_accumulate,0.017224663,0.017224537
8,87,receive_authenticate_accumulate,0.000056221,0.000055982
8,87,receive_authenticate_accumulate,0.017233293,0.017233240
8,87,receive_authenticate_accumulate,0.000056889,0.000056685
8,87,receive_authenticate_accumulate,0.017229496,0.017229666
8,87,receive_authenticate_accumulate,0.000056851,0.000056592
8,87,round_coverage,0.000003870,0.000003370
8,87,spatial_report,0.000040314,0.000039907
8,88,round_reset,0.000009648,0.000008408
8,88,receive_authenticate_accumulate,0.017232108,0.017232037
8,88,receive_authenticate_accumulate,0.000057907,0.000057741
8,88,receive_authenticate_accumulate,0.017227146,0.017227166
8,88,receive_authenticate_accumulate,0.000055703,0.000055519
8,88,receive_authenticate_accumulate,0.017226738,0.017226685
8,88,receive_authenticate_accumulate,0.000056759,0.000056482
8,88,receive_authenticate_accumulate,0.017222516,0.017222611
8,88,receive_authenticate_accumulate,0.000056814,0.000056611
8,88,receive_authenticate_accumulate,0.017230164,0.017230315
8,88,receive_authenticate_accumulate,0.000056333,0.000056111
8,88,receive_authenticate_accumulate,0.017225275,0.017225259
8,88,receive_authenticate_accumulate,0.000056814,0.000056685
8,88,receive_authenticate_accumulate,0.017222294,0.017222259
8,88,receive_authenticate_accumulate,0.000056518,0.000056334
8,88,receive_authenticate_accumulate,0.017225997,0.017226185
8,88,receive_authenticate_accumulate,0.000056037,0.000055797
8,88,receive_authenticate_accumulate,0.017267257,0.017245759
8,88,receive_authenticate_accumulate,0.000056870,0.000056629
8,88,reading_commitment_and_shares,0.026218779,0.026219000
8,88,receive_authenticate_accumulate,0.017220035,0.017220000
8,88,receive_authenticate_accumulate,0.000055759,0.000055482
8,88,receive_authenticate_accumulate,0.017231830,0.017231870
8,88,receive_authenticate_accumulate,0.000056352,0.000056111
8,88,receive_authenticate_accumulate,0.017228460,0.017228426
8,88,receive_authenticate_accumulate,0.000056167,0.000055833
8,88,receive_authenticate_accumulate,0.017227090,0.017227204
8,88,receive_authenticate_accumulate,0.000078925,0.000078759
8,88,receive_authenticate_accumulate,0.017229794,0.017229740
8,88,receive_authenticate_accumulate,0.000056647,0.000056370
8,88,receive_authenticate_accumulate,0.017220257,0.017220222
8,88,receive_authenticate_accumulate,0.000058240,0.000058018
8,88,receive_authenticate_accumulate,0.017223109,0.017223111
8,88,receive_authenticate_accumulate,0.000057611,0.000057445
8,88,receive_authenticate_accumulate,0.017232108,0.017232223
8,88,receive_authenticate_accumulate,0.000056370,0.000056148
8,88,receive_authenticate_accumulate,0.017228183,0.017228185
8,88,receive_authenticate_accumulate,0.000059685,0.000059351
8,88,receive_authenticate_accumulate,0.017237127,0.017238259
8,88,receive_authenticate_accumulate,0.000058147,0.000057981
8,88,receive_authenticate_accumulate,0.017231961,0.017231889
8,88,receive_authenticate_accumulate,0.000056814,0.000056648
8,88,round_coverage,0.000003630,0.000003055
8,88,spatial_report,0.000040536,0.000040204
8,89,round_reset,0.000008834,0.000007611
8,89,receive_authenticate_accumulate,0.017235424,0.017235111
8,89,receive_authenticate_accumulate,0.000056092,0.000055871
8,89,receive_authenticate_accumulate,0.017238406,0.017238426
8,89,receive_authenticate_accumulate,0.000055685,0.000055574
8,89,receive_authenticate_accumulate,0.017231535,0.017231463
8,89,receive_authenticate_accumulate,0.000055537,0.000055500
8,89,receive_authenticate_accumulate,0.017223110,0.017222981
8,89,receive_authenticate_accumulate,0.000057833,0.000057574
8,89,receive_authenticate_accumulate,0.017228240,0.017228370
8,89,receive_authenticate_accumulate,0.000055999,0.000055815
8,89,receive_authenticate_accumulate,0.017233054,0.017233222
8,89,receive_authenticate_accumulate,0.000056314,0.000056130
8,89,receive_authenticate_accumulate,0.017217313,0.017217352
8,89,receive_authenticate_accumulate,0.000055370,0.000054963
8,89,receive_authenticate_accumulate,0.017224017,0.017224000
8,89,receive_authenticate_accumulate,0.000058037,0.000057648
8,89,receive_authenticate_accumulate,0.017233591,0.017233648
8,89,receive_authenticate_accumulate,0.000056351,0.000056074
8,89,reading_commitment_and_shares,0.026208485,0.026208741
8,89,receive_authenticate_accumulate,0.017225276,0.017225296
8,89,receive_authenticate_accumulate,0.000054592,0.000054445
8,89,receive_authenticate_accumulate,0.017264258,0.017240704
8,89,receive_authenticate_accumulate,0.000056832,0.000056574
8,89,receive_authenticate_accumulate,0.017221813,0.017221723
8,89,receive_authenticate_accumulate,0.000056037,0.000055722
8,89,receive_authenticate_accumulate,0.017229869,0.017229926
8,89,receive_authenticate_accumulate,0.000078980,0.000078833
8,89,receive_authenticate_accumulate,0.017266739,0.017239352
8,89,receive_authenticate_accumulate,0.000057110,0.000056760
8,89,receive_authenticate_accumulate,0.017226481,0.017226574
8,89,receive_authenticate_accumulate,0.000057703,0.000057444
8,89,receive_authenticate_accumulate,0.017280943,0.017237759
8,89,receive_authenticate_accumulate,0.000055463,0.000055241
8,89,receive_authenticate_accumulate,0.017224517,0.017224686
8,89,receive_authenticate_accumulate,0.000056500,0.000056371
8,89,receive_authenticate_accumulate,0.017233813,0.017233482
8,89,receive_authenticate_accumulate,0.000056555,0.000056352
8,89,receive_authenticate_accumulate,0.017227147,0.017227203
8,89,receive_authenticate_accumulate,0.000057722,0.000057482
8,89,receive_authenticate_accumulate,0.017228666,0.017228537
8,89,receive_authenticate_accumulate,0.000057111,0.000056889
8,89,round_coverage,0.000003296,0.000002833
8,89,spatial_report,0.000039481,0.000039185
8,89,billing_report,0.000421218,0.000420981
9,90,period_reset,0.000025593,0.000024260
9,90,receive_authenticate_accumulate,0.000097091,0.000096741
9,90,receive_authenticate_accumulate,0.000089370,0.000089204
9,90,receive_authenticate_accumulate,0.000092369,0.000092074
9,90,receive_authenticate_accumulate,0.000091369,0.000090963
9,90,receive_authenticate_accumulate,0.000091184,0.000090870
9,90,receive_authenticate_accumulate,0.000091018,0.000090777
9,90,receive_authenticate_accumulate,0.000092055,0.000091815
9,90,receive_authenticate_accumulate,0.000092777,0.000092519
9,90,receive_authenticate_accumulate,0.000063259,0.000063204
9,90,randomness_commit,0.000534365,0.000534074
9,90,receive_authenticate_accumulate,0.000088610,0.000077852
9,90,receive_authenticate_accumulate,0.000061926,0.000061723
9,90,receive_authenticate_accumulate,0.000087925,0.000087814
9,90,receive_authenticate_accumulate,0.000088722,0.000088297
9,90,receive_authenticate_accumulate,0.000089017,0.000089075
9,90,receive_authenticate_accumulate,0.000088184,0.000075741
9,90,receive_authenticate_accumulate,0.000090369,0.000090259
9,90,receive_authenticate_accumulate,0.000088555,0.000088426
9,90,receive_authenticate_accumulate,0.000060648,0.000060241
9,90,receive_authenticate_accumulate,0.000061999,0.000061778
9,90,receive_authenticate_accumulate,0.000061815,0.000061611
9,90,receive_authenticate_accumulate,0.000075148,0.000075056
9,90,receive_authenticate_accumulate,0.000077240,0.000076759
9,90,receive_authenticate_accumulate,0.000075073,0.000074963
9,90,receive_authenticate_accumulate,0.000076407,0.000076222
9,90,receive_authenticate_accumulate,0.000075277,0.000075148
9,90,receive_authenticate_accumulate,0.000074907,0.000074741
9,90,receive_authenticate_accumulate,0.000073722,0.000073574
9,90,receive_authenticate_accumulate,0.000076185,0.000076018
9,90,receive_authenticate_accumulate,0.000073758,0.000073611
9,90,randomness_reveal,0.000516939,0.000516445
9,90,receive_authenticate_accumulate,0.000073147,0.000072926
9,90,receive_authenticate_accumulate,0.000074370,0.000073666
9,90,receive_authenticate_accumulate,0.000074129,0.000073907
9,90,receive_authenticate_accumulate,0.000048147,0.000047945
9,90,receive_authenticate_accumulate,0.000049944,0.000049722
9,90,receive_authenticate_accumulate,0.000047296,0.000046834
9,90,receive_authenticate_accumulate,0.000046407,0.000046222
9,90,receive_authenticate_accumulate,0.000049629,0.000049296
9,90,receive_authenticate_accumulate,0.000047481,0.000047186
9,90,receive_authenticate_accumulate,0.000050352,0.000050240
9,90,receive_authenticate_accumulate,0.000047018,0.000046740
9,90,committee_selection,0.000085758,0.000085500
9,90,round_reset,0.000004556,0.000003981
9,90,receive_authenticate_accumulate,0.017220851,0.017221074
9,90,receive_authenticate_accumulate,0.000057518,0.000057278
9,90,receive_authenticate_accumulate,0.017232222,0.017232333
9,90,receive_authenticate_accumulate,0.000056444,0.000056204
9,90,receive_authenticate_accumulate,0.017221408,0.017221352
9,90,receive_authenticate_accumulate,0.000057407,0.000057166
9,90,receive_authenticate_accumulate,0.017225777,0.017225797
9,90,receive_authenticate_accumulate,0.000056352,0.000056223
9,90,receive_authenticate_accumulate,0.017224444,0.017224408
9,90,receive_authenticate_accumulate,0.000055926,0.000055703
9,90,receive_authenticate_accumulate,0.017220871,0.017220740
9,90,receive_authenticate_accumulate,0.000056241,0.000056000
9,90,receive_authenticate_accumulate,0.017228574,0.017228593
9,90,receive_authenticate_accumulate,0.000055592,0.000055500
9,90,receive_authenticate_accumulate,0.017264740,0.017238759
9,90,receive_authenticate_accumulate,0.000057184,0.000057074
9,90,receive_authenticate_accumulate,0.017217389,0.017217611
9,90,receive_authenticate_accumulate,0.000074314,0.000074148
9,90,reading_commitment_and_shares,0.026188135,0.026188482
9,90,receive_authenticate_accumulate,0.017228555,0.017228556
9,90,receive_authenticate_accumulate,0.000056481,0.000056463
9,90,receive_authenticate_accumulate,0.017224796,0.017224907
9,90,receive_authenticate_accumulate,0.000056462,0.000056371
9,90,receive_authenticate_accumulate,0.017219241,0.017219240
9,90,receive_authenticate_accumulate,0.000056259,0.000055982
9,90,receive_authenticate_accumulate,0.017223667,0.017223333
9,90,receive_authenticate_accumulate,0.000056833,0.000056666
9,90,receive_authenticate_accumulate,0.017219703,0.017219648
9,90,receive_authenticate_accumulate,0.000056944,0.000056686
9,90,receive_authenticate_accumulate,0.017217982,0.017217834
9,90,receive_authenticate_accumulate,0.000056630,0.000056259
9,90,receive_authenticate_accumulate,0.017229833,0.017229870
9,90,receive_authenticate_accumulate,0.000056444,0.000056240
9,90,receive_authenticate_accumulate,0.017223166,0.017223185
9,90,receive_authenticate_accumulate,0.000055407,0.000055314
9,90,receive_authenticate_accumulate,0.017226796,0.017226722
9,90,receive_authenticate_accumulate,0.000056518,0.000056241
9,90,receive_authenticate_accumulate,0.017226574,0.017226574
9,90,receive_authenticate_accumulate,0.000056666,0.000056593
9,90,receive_authenticate_accumulate,0.017260036,0.017233333
9,90,receive_authenticate_accumulate,0.000055962,0.000055778
9,90,round_coverage,0.000003389,0.000002888
9,90,spatial_report,0.000040315,0.000039945
9,91,round_reset,0.000009408,0.000008074
9,91,receive_authenticate_accumulate,0.017244575,0.017244889
9,91,receive_authenticate_accumulate,0.000057147,0.000056982
9,91,receive_authenticate_accumulate,0.017229278,0.017229204
9,91,receive_authenticate_accumulate,0.000076906,0.000076777
9,91,receive_authenticate_accumulate,0.017266130,0.017240389
9,91,receive_authenticate_accumulate,0.000057092,0.000056852
9,91,receive_authenticate_accumulate,0.017228927,0.017228944
9,91,receive_authenticate_accumulate,0.000057018,0.000056908
9,91,receive_authenticate_accumulate,0.017226186,0.017226185
9,91,receive_authenticate_accumulate,0.000054481,0.000054222
9,91,receive_authenticate_accumulate,0.017222353,0.017222277
9,91,receive_authenticate_accumulate,0.000056092,0.000055945
9,91,receive_authenticate_accumulate,0.017235242,0.017235259
9,91,receive_authenticate_accumulate,0.000054444,0.000054241
9,91,receive_authenticate_accumulate,0.017223168,0.017223019
9,91,receive_authenticate_accumulate,0.000055907,0.000055629
9,91,receive_authenticate_accumulate,0.017218723,0.017218871
9,91,receive_authenticate_accumulate,0.000056166,0.000056018
9,91,reading_commitment_and_shares,0.026194433,0.026194722
9,91,receive_authenticate_accumulate,0.017219649,0.017219500
9,91,receive_authenticate_accumulate,0.000055499,0.000055314
9,91,receive_authenticate_accumulate,0.017227575,0.017227685
9,91,receive_authenticate_accumulate,0.000055555,0.000055445
9,91,receive_authenticate_accumulate,0.017234371,0.017234278
9,91,receive_authenticate_accumulate,0.000055443,0.000055241
9,91,receive_authenticate_accumulate,0.017235038,0.017223741
9,91,receive_authenticate_accumulate,0.000057647,0.000057370
9,91,receive_authenticate_accumulate,0.017216371,0.017216444
9,91,receive_authenticate_accumulate,0.000056388,0.000056074
9,91,receive_authenticate_accumulate,0.017221168,0.017221092
9,91,receive_authenticate_accumulate,0.000056111,0.000055944
9,91,receive_authenticate_accumulate,0.017225612,0.017225741
9,91,receive_authenticate_accumulate,0.000076610,0.000070649
9,91,receive_authenticate_accumulate,0.017265557,0.017241258
9,91,receive_authenticate_accumulate,0.000055481,0.000055204
9,91,receive_authenticate_accumulate,0.017216168,0.017216111
9,91,receive_authenticate_accumulate,0.000057555,0.000057371
9,91,receive_authenticate_accumulate,0.017215057,0.017215000
9,91,receive_authenticate_accumulate,0.000056148,0.000055982
9,91,receive_authenticate_accumulate,0.017222631,0.017222519
9,91,receive_authenticate_accumulate,0.000056425,0.000056297
9,91,round_coverage,0.000003037,0.000002574
9,91,spatial_report,0.000041351,0.000040945
9,92,round_reset,0.000009278,0.000007834
9,92,receive_authenticate_accumulate,0.017222909,0.017223000
9,92,receive_authenticate_accumulate,0.000055962,0.000055852
9,92,receive_authenticate_accumulate,0.017218650,0.017218648
9,92,receive_authenticate_accumulate,0.000056926,0.000056704
9,92,receive_authenticate_accumulate,0.017230520,0.017230556
9,92,receive_authenticate_accumulate,0.000055111,0.000054722
9,92,receive_authenticate_accumulate,0.017226650,0.017226685
9,92,receive_authenticate_accumulate,0.000069610,0.000069445
9,92,receive_authenticate_accumulate,0.017243687,0.017243834
9,92,receive_authenticate_accumulate,0.000055981,0.000055667
9,92,receive_authenticate_accumulate,0.017261038,0.017235760
9,92,receive_authenticate_accumulate,0.000055814,0.000055574
9,92,receive_authenticate_accumulate,0.017229817,0.017229667
9,92,receive_authenticate_accumulate,0.000055259,0.000055037
9,92,receive_authenticate_accumulate,0.017233391,0.017233185
9,92,receive_authenticate_accumulate,0.000056518,0.000056278
9,92,receive_authenticate_accumulate,0.017227743,0.017227667
9,92,receive_authenticate_accumulate,0.000057037,0.000056611
9,92,reading_commitment_and_shares,0.026202657,0.026203037
9,92,receive_authenticate_accumulate,0.017222668,0.017222630
9,92,receive_authenticate_accumulate,0.000054203,0.000054037
9,92,receive_authenticate_accumulate,0.017228058,0.017228093
9,92,receive_authenticate_accumulate,0.000055443,0.000055037
9,92,receive_authenticate_accumulate,0.017230928,0.017230944
9,92,receive_authenticate_accumulate,0.000056444,0.000056130
9,92,receive_authenticate_accumulate,0.017258021,0.017241722
9,92,receive_authenticate_accumulate,0.000057259,0.000057093
9,92,receive_authenticate_accumulate,0.017225094,0.017224648
9,92,receive_authenticate_accumulate,0.000056111,0.000055963
9,92,receive_authenticate_accumulate,0.017231187,0.017231241
9,92,receive_authenticate_accumulate,0.000055629,0.000055352
9,92,receive_authenticate_accumulate,0.017227799,0.017227611
9,92,receive_authenticate_accumulate,0.000056221,0.000056019
9,92,receive_authenticate_accumulate,0.017228076,0.017228019
9,92,receive_authenticate_accumulate,0.000056481,0.000056314
9,92,receive_authenticate_accumulate,0.017260965,0.017243037
9,92,receive_authenticate_accumulate,0.000057481,0.000056963
9,92,receive_authenticate_accumulate,0.017205836,0.017205722
9,92,receive_authenticate_accumulate,0.000057463,0.000057278
9,92,receive_authenticate_accumulate,0.017267687,0.017238815
9,92,receive_authenticate_accumulate,0.000055925,0.000055629
9,92,round_coverage,0.000003222,0.000002556
9,92,spatial_report,0.000040648,0.000040259
9,93,round_reset,0.000009111,0.000007889
9,93,receive_authenticate_accumulate,0.017225058,0.017225241
9,93,receive_authenticate_accumulate,0.000055721,0.000055574
9,93,receive_authenticate_accumulate,0.017219836,0.017219685
9,93,receive_authenticate_accumulate,0.000054166,0.000054018
9,93,receive_authenticate_accumulate,0.017227522,0.017227555
9,93,receive_authenticate_accumulate,0.000055962,0.000055815
9,93,receive_authenticate_accumulate,0.017228688,0.017228704
9,93,receive_authenticate_accumulate,0.000056499,0.000056185
9,93,receive_authenticate_accumulate,0.017227114,0.017227093
9,93,receive_authenticate_accumulate,0.000057259,0.000057019
9,93,receive_authenticate_accumulate,0.017233688,0.017233556
9,93,receive_authenticate_accumulate,0.000056129,0.000056037
9,93,receive_authenticate_accumulate,0.017226133,0.017226166
9,93,receive_authenticate_accumulate,0.000055721,0.000055574
9,93,receive_authenticate_accumulate,0.017264447,0.017264777
9,93,receive_authenticate_accumulate,0.000056722,0.000056426
9,93,receive_authenticate_accumulate,0.017221466,0.017221463
9,93,receive_authenticate_accumulate,0.000056518,0.000056333
9,93,reading_commitment_and_shares,0.026195214,0.026195574
9,93,receive_authenticate_accumulate,0.017219577,0.017219537
9,93,receive_authenticate_accumulate,0.000055870,0.000055704
9,93,receive_authenticate_accumulate,0.017263114,0.017234815
9,93,receive_authenticate_accumulate,0.000056647,0.000056445
9,93,receive_authenticate_accumulate,0.017214244,0.017214093
9,93,receive_authenticate_accumulate,0.000055000,0.000054741
9,93,receive_authenticate_accumulate,0.017346909,0.017298853
9,93,receive_authenticate_accumulate,0.000056981,0.000056871
9,93,receive_authenticate_accumulate,0.017219429,0.017219444
9,93,receive_authenticate_accumulate,0.000056000,0.000055852
9,93,receive_authenticate_accumulate,0.017227336,0.017227259
9,93,receive_authenticate_accumulate,0.000055648,0.000055407
9,93,receive_authenticate_accumulate,0.017219429,0.017219389
9,93,receive_authenticate_accumulate,0.000055777,0.000055629
9,93,receive_authenticate_accumulate,0.017230948,0.017230852
9,93,receive_authenticate_accumulate,0.000055703,0.000055500
9,93,receive_authenticate_accumulate,0.017220299,0.017220203
9,93,receive_authenticate_accumulate,0.000056870,0.000056741
9,93,receive_authenticate_accumulate,0.017211559,0.017211463
9,93,receive_authenticate_accumulate,0.000056203,0.000056129
9,93,receive_authenticate_accumulate,0.017219466,0.017219462
9,93,receive_authenticate_accumulate,0.000057481,0.000057278
9,93,round_coverage,0.000003537,0.000003000
9,93,spatial_report,0.000041185,0.000040759
9,94,round_reset,0.000009055,0.000007815
9,94,receive_authenticate_accumulate,0.017231763,0.017231685
9,94,receive_authenticate_accumulate,0.000077184,0.000077075
9,94,receive_authenticate_accumulate,0.017224764,0.017224741
9,94,receive_authenticate_accumulate,0.000057573,0.000057296
9,94,receive_authenticate_accumulate,0.017224486,0.017224444
9,94,receive_authenticate_accumulate,0.000055870,0.000055648
9,94,receive_authenticate_accumulate,0.017213745,0.017213666
9,94,receive_authenticate_accumulate,0.000056407,0.000056203
9,94,receive_authenticate_accumulate,0.017223467,0.017223704
9,94,receive_authenticate_accumulate,0.000056277,0.000056075
9,94,receive_authenticate_accumulate,0.017234912,0.017235018
9,94,receive_authenticate_accumulate,0.000057092,0.000056889
9,94,receive_authenticate_accumulate,0.017217615,0.017217148
9,94,receive_authenticate_accumulate,0.000057999,0.000057852
9,94,receive_authenticate_accumulate,0.017217671,0.017217574
9,94,receive_authenticate_accumulate,0.000056666,0.000056407
9,94,receive_authenticate_accumulate,0.017219263,0.017219352
9,94,receive_authenticate_accumulate,0.000055425,0.000055222
9,94,reading_commitment_and_shares,0.026201382,0.026201722
9,94,receive_authenticate_accumulate,0.017230282,0.017230203
9,94,receive_authenticate_accumulate,0.000056851,0.000056667
9,94,receive_authenticate_accumulate,0.017256041,0.017233186
9,94,receive_authenticate_accumulate,0.000057388,0.000057111
9,94,receive_authenticate_accumulate,0.017301707,0.017270296
9,94,receive_authenticate_accumulate,0.000056129,0.000055963
9,94,receive_authenticate_accumulate,0.017221023,0.017221352
9,94,receive_authenticate_accumulate,0.000057315,0.000057149
9,94,receive_authenticate_accumulate,0.017263337,0.017233871
9,94,receive_authenticate_accumulate,0.000055370,0.000055260
9,94,receive_authenticate_accumulate,0.017225800,0.017226000
9,94,receive_authenticate_accumulate,0.000057110,0.000056871
9,94,receive_authenticate_accumulate,0.017224967,0.017224889
9,94,receive_authenticate_accumulate,0.000055833,0.000055667
9,94,receive_authenticate_accumulate,0.017220060,0.017220092
9,94,receive_authenticate_accumulate,0.000056258,0.000056149
9,94,receive_authenticate_accumulate,0.017220782,0.017220833
9,94,receive_authenticate_accumulate,0.000056518,0.000056166
9,94,receive_authenticate_accumulate,0.017231578,0.017231555
9,94,receive_authenticate_accumulate,0.000056351,0.000056148
9,94,receive_authenticate_accumulate,0.017223745,0.017223667
9,94,receive_authenticate_accumulate,0.000055758,0.000055648
9,94,round_coverage,0.000003314,0.000002704
9,94,spatial_report,0.000041352,0.000041037
9,95,round_reset,0.000009426,0.000007778
9,95,receive_authenticate_accumulate,0.017223912,0.017223982
9,95,receive_authenticate_accumulate,0.000056592,0.000056352
9,95,receive_authenticate_accumulate,0.017265264,0.017240092
9,95,receive_authenticate_accumulate,0.000055574,0.000055333
9,95,receive_authenticate_accumulate,0.017229598,0.017229685
9,95,receive_authenticate_accumulate,0.000056278,0.000056074
9,95,receive_authenticate_accumulate,0.017214264,0.017214222
9,95,receive_authenticate_accumulate,0.000056721,0.000056500
9,95,receive_authenticate_accumulate,0.017219357,0.017219333
9,95,receive_authenticate_accumulate,0.000055463,0.000055352
9,95,receive_authenticate_accumulate,0.017220541,0.017220537
9,95,receive_authenticate_accumulate,0.000054778,0.000054611
9,95,receive_authenticate_accumulate,0.017231190,0.017231445
9,95,receive_authenticate_accumulate,0.000055555,0.000055259
9,95,receive_authenticate_accumulate,0.017216079,0.017216074
9,95,receive_authenticate_accumulate,0.000055592,0.000055426
9,95,receive_authenticate_accumulate,0.017219635,0.017219593
9,95,receive_authenticate_accumulate,0.000056388,0.000056074
9,95,reading_commitment_and_shares,0.026193921,0.026194204
9,95,receive_authenticate_accumulate,0.017219672,0.017219629
9,95,receive_authenticate_accumulate,0.000054463,0.000054315
9,95,receive_authenticate_accumulate,0.017229153,0.017229111
9,95,receive_authenticate_accumulate,0.000055685,0.000055574
9,95,receive_authenticate_accumulate,0.017220820,0.017220741
9,95,receive_authenticate_accumulate,0.000055962,0.000055759
9,95,receive_authenticate_accumulate,0.017278263,0.017253018
9,95,receive_authenticate_accumulate,0.000055740,0.000055574
9,95,receive_authenticate_accumulate,0.017261190,0.017236945
9,95,receive_authenticate_accumulate,0.000056593,0.000056241
9,95,receive_authenticate_accumulate,0.017226819,0.017226722
9,95,receive_authenticate_accumulate,0.000059704,0.000059537
9,95,receive_authenticate_accumulate,0.017279356,0.017258352
9,95,receive_authenticate_accumulate,0.000055944,0.000055815
9,95,receive_authenticate_accumulate,0.017227079,0.017227055
9,95,receive_authenticate_accumulate,0.000055166,0.000054945
9,95,receive_authenticate_accumulate,0.017217671,0.017217611
9,95,receive_authenticate_accumulate,0.000056314,0.000056037
9,95,receive_authenticate_accumulate,0.017230116,0.017229963
9,95,receive_authenticate_accumulate,0.000072703,0.000072648
9,95,receive_authenticate_accumulate,0.017235542,0.017235499
9,95,receive_authenticate_accumulate,0.000054536,0.000054315
9,95,round_coverage,0.000003222,0.000002703
9,95,spatial_report,0.000039740,0.000039389
9,96,round_reset,0.000008944,0.000007648
9,96,receive_authenticate_accumulate,0.017221969,0.017222000
9,96,receive_authenticate_accumulate,0.000055592,0.000055425
9,96,receive_authenticate_accumulate,0.017222191,0.017222000
9,96,receive_authenticate_accumulate,0.000056203,0.000055982
9,96,receive_authenticate_accumulate,0.017233783,0.017233574
9,96,receive_authenticate_accumulate,0.000055240,0.000055037
9,96,receive_authenticate_accumulate,0.017229672,0.017229685
9,96,receive_authenticate_accumulate,0.000056499,0.000056370
9,96,receive_authenticate_accumulate,0.017228876,0.017228851
9,96,receive_authenticate_accumulate,0.000057351,0.000057203
9,96,receive_authenticate_accumulate,0.017215487,0.017215352
9,96,receive_authenticate_accumulate,0.000055481,0.000055278
9,96,receive_authenticate_accumulate,0.017229376,0.017229333
9,96,receive_authenticate_accumulate,0.000056277,0.000056092
9,96,receive_authenticate_accumulate,0.017230321,0.017230204
9,96,receive_authenticate_accumulate,0.000056370,0.000056037
9,96,receive_authenticate_accumulate,0.017219247,0.017219241
9,96,receive_authenticate_accumulate,0.000055684,0.000055241
9,96,reading_commitment_and_shares,0.026194755,0.026195240
9,96,receive_authenticate_accumulate,0.017219765,0.017219778
9,96,receive_authenticate_accumulate,0.000054592,0.000054352
9,96,receive_authenticate_accumulate,0.017266950,0.017243573
9,96,receive_authenticate_accumulate,0.000055407,0.000055166
9,96,receive_authenticate_accumulate,0.017230413,0.017230426
9,96,receive_authenticate_accumulate,0.000056443,0.000056167
9,96,receive_authenticate_accumulate,0.017224173,0.017224055
9,96,receive_authenticate_accumulate,0.000056536,0.000056370
9,96,receive_authenticate_accumulate,0.017224562,0.017224334
9,96,receive_authenticate_accumulate,0.000055610,0.000055500
9,96,receive_authenticate_accumulate,0.017222821,0.017222759
9,96,receive_authenticate_accumulate,0.000055277,0.000055111
9,96,receive_authenticate_accumulate,0.017221357,0.017221334
9,96,receive_authenticate_accumulate,0.000056888,0.000056703
9,96,receive_authenticate_accumulate,0.017219135,0.017219167
9,96,receive_authenticate_accumulate,0.000055852,0.000055649
9,96,receive_authenticate_accumulate,0.017235524,0.017235500
9,96,receive_authenticate_accumulate,0.000057555,0.000057019
9,96,receive_authenticate_accumulate,0.017256246,0.017256130
9,96,receive_authenticate_accumulate,0.000057037,0.000056963
9,96,receive_authenticate_accumulate,0.017241450,0.017241518
9,96,receive_authenticate_accumulate,0.000056777,0.000056593
9,96,round_coverage,0.000003556,0.000002945
9,96,spatial_report,0.000040518,0.000039871
9,97,round_reset,0.000009685,0.000008148
9,97,receive_authenticate_accumulate,0.017273617,0.017243926
9,97,receive_authenticate_accumulate,0.000056722,0.000056574
9,97,receive_authenticate_accumulate,0.017220617,0.017220556
9,97,receive_authenticate_accumulate,0.000056499,0.000056296
9,97,receive_authenticate_accumulate,0.017224691,0.017224630
9,97,receive_authenticate_accumulate,0.000055888,0.000055592
9,97,receive_authenticate_accumulate,0.017219358,0.017219278
9,97,receive_authenticate_accumulate,0.000055296,0.000055167
9,97,receive_authenticate_accumulate,0.017261043,0.017230815
9,97,receive_authenticate_accumulate,0.000056018,0.000055777
9,97,receive_authenticate_accumulate,0.017225914,0.017225814
9,97,receive_authenticate_accumulate,0.000055240,0.000055074
9,97,receive_authenticate_accumulate,0.017294673,0.017262444
9,97,receive_authenticate_accumulate,0.000054740,0.000054500
9,97,receive_authenticate_accumulate,0.017230303,0.017230352
9,97,receive_authenticate_accumulate,0.000057203,0.000056981
9,97,receive_authenticate_accumulate,0.017216859,0.017216852
9,97,receive_authenticate_accumulate,0.000057111,0.000057000
9,97,reading_commitment_and_shares,0.026193960,0.026194278
9,97,receive_authenticate_accumulate,0.017225895,0.017225834
9,97,receive_authenticate_accumulate,0.000057018,0.000056759
9,97,receive_authenticate_accumulate,0.017222729,0.017222759
9,97,receive_authenticate_accumulate,0.000056981,0.000056740
9,97,receive_authenticate_accumulate,0.017219080,0.017219000
9,97,receive_authenticate_accumulate,0.000056425,0.000056297
9,97,receive_authenticate_accumulate,0.017258691,0.017232667
9,97,receive_authenticate_accumulate,0.000054462,0.000054056
9,97,receive_authenticate_accumulate,0.017220470,0.017220407
9,97,receive_authenticate_accumulate,0.000056481,0.000056241
9,97,receive_authenticate_accumulate,0.017257247,0.017257388
9,97,receive_authenticate_accumulate,0.000054629,0.000054333
9,97,receive_authenticate_accumulate,0.017216192,0.017216185
9,97,receive_authenticate_accumulate,0.000053463,0.000053296
9,97,receive_authenticate_accumulate,0.017225302,0.017225185
9,97,receive_authenticate_accumulate,0.000054666,0.000054408
9,97,receive_authenticate_accumulate,0.017218247,0.017218241
9,97,receive_authenticate_accumulate,0.000053536,0.000053297
9,97,receive_authenticate_accumulate,0.017225840,0.017225908
9,97,receive_authenticate_accumulate,0.000054907,0.000054685
9,97,receive_authenticate_accumulate,0.017226025,0.017226018
9,97,receive_authenticate_accumulate,0.000053129,0.000052870
9,97,round_coverage,0.000003056,0.000002481
9,97,spatial_report,0.000039592,0.000039185
9,98,round_reset,0.000009703,0.000008574
9,98,receive_authenticate_accumulate,0.017223785,0.017223796
9,98,receive_authenticate_accumulate,0.000055962,0.000055740
9,98,receive_authenticate_accumulate,0.017334451,0.017264611
9,98,receive_authenticate_accumulate,0.000057055,0.000056815
9,98,receive_authenticate_accumulate,0.017223044,0.017223018
9,98,receive_authenticate_accumulate,0.000057500,0.000057426
9,98,receive_authenticate_accumulate,0.017226322,0.017226166
9,98,receive_authenticate_accumulate,0.000056536,0.000056296
9,98,receive_authenticate_accumulate,0.017220359,0.017220315
9,98,receive_authenticate_accumulate,0.000056851,0.000056648
9,98,receive_authenticate_accumulate,0.017222637,0.017222556
9,98,receive_authenticate_accumulate,0.000056870,0.000056667
9,98,receive_authenticate_accumulate,0.017225729,0.017225703
9,98,receive_authenticate_accumulate,0.000054759,0.000054648
9,98,receive_authenticate_accumulate,0.017238989,0.017239074
9,98,receive_authenticate_accumulate,0.000056277,0.000056130
9,98,receive_authenticate_accumulate,0.017224730,0.017224796
9,98,receive_authenticate_accumulate,0.000056648,0.000056315
9,98,reading_commitment_and_shares,0.026248405,0.026248667
9,98,receive_authenticate_accumulate,0.017223415,0.017223074
9,98,receive_authenticate_accumulate,0.000056166,0.000055926
9,98,receive_authenticate_accumulate,0.017219489,0.017219537
9,98,receive_authenticate_accumulate,0.000056463,0.000056259
9,98,receive_authenticate_accumulate,0.017232100,0.017231722
9,98,receive_authenticate_accumulate,0.000055425,0.000055185
9,98,receive_authenticate_accumulate,0.017262525,0.017236037
9,98,receive_authenticate_accumulate,0.000056240,0.000055851
9,98,receive_authenticate_accumulate,0.017291432,0.017227888
9,98,receive_authenticate_accumulate,0.000055703,0.000055500
9,98,receive_authenticate_accumulate,0.017220433,0.017220352
9,98,receive_authenticate_accumulate,0.000056962,0.000056519
9,98,receive_authenticate_accumulate,0.017225878,0.017225870
9,98,receive_authenticate_accumulate,0.000056870,0.000056611
9,98,receive_authenticate_accumulate,0.017223526,0.017223537
9,98,receive_authenticate_accumulate,0.000056166,0.000055833
9,98,receive_authenticate_accumulate,0.017219230,0.017219111
9,98,receive_authenticate_accumulate,0.000055647,0.000055352
9,98,receive_authenticate_accumulate,0.017230877,0.017230741
9,98,receive_authenticate_accumulate,0.000058240,0.000058000
9,98,receive_authenticate_accumulate,0.017225137,0.017225148
9,98,receive_authenticate_accumulate,0.000055018,0.000054833
9,98,round_coverage,0.000003463,0.000002944
9,98,spatial_report,0.000039796,0.000039333
9,99,round_reset,0.000008852,0.000007666
9,99,receive_authenticate_accumulate,0.017220619,0.017220537
9,99,receive_authenticate_accumulate,0.000056314,0.000056019
9,99,receive_authenticate_accumulate,0.017259748,0.017232833
9,99,receive_authenticate_accumulate,0.000058592,0.000058426
9,99,receive_authenticate_accumulate,0.017282026,0.017282889
9,99,receive_authenticate_accumulate,0.000057055,0.000056648
9,99,receive_authenticate_accumulate,0.017226674,0.017226704
9,99,receive_authenticate_accumulate,0.000056833,0.000056630
9,99,receive_authenticate_accumulate,0.017221063,0.017220592
9,99,receive_authenticate_accumulate,0.000057129,0.000056741
9,99,receive_authenticate_accumulate,0.017226637,0.017226574
9,99,receive_authenticate_accumulate,0.000055741,0.000055500
9,99,receive_authenticate_accumulate,0.017231471,0.017231518
9,99,receive_authenticate_accumulate,0.000057073,0.000057000
9,99,receive_authenticate_accumulate,0.017311007,0.017276630
9,99,receive_authenticate_accumulate,0.000056240,0.000055981
9,99,receive_authenticate_accumulate,0.017217526,0.017217648
9,99,receive_authenticate_accumulate,0.000057870,0.000057685
9,99,reading_commitment_and_shares,0.026212462,0.026213092
9,99,receive_authenticate_accumulate,0.017226545,0.017226426
9,99,receive_authenticate_accumulate,0.000055184,0.000055018
9,99,receive_authenticate_accumulate,0.017225453,0.017225389
9,99,receive_authenticate_accumulate,0.000072277,0.000072037
9,99,receive_authenticate_accumulate,0.017221323,0.017221241
9,99,receive_authenticate_accumulate,0.000056481,0.000056204
9,99,receive_authenticate_accumulate,0.017246897,0.017247019
9,99,receive_authenticate_accumulate,0.000057036,0.000056814
9,99,receive_authenticate_accumulate,0.017217434,0.017217240
9,99,receive_authenticate_accumulate,0.000056296,0.000056092
9,99,receive_authenticate_accumulate,0.017222526,0.017222481
9,99,receive_authenticate_accumulate,0.000056036,0.000055870
9,99,receive_authenticate_accumulate,0.017271526,0.017246463
9,99,receive_authenticate_accumulate,0.000056870,0.000056667
9,99,receive_authenticate_accumulate,0.017232175,0.017232074
9,99,receive_authenticate_accumulate,0.000055833,0.000055722
9,99,receive_authenticate_accumulate,0.017222527,0.017222648
9,99,receive_authenticate_accumulate,0.000055926,0.000055611
9,99,receive_authenticate_accumulate,0.017218637,0.017218185
9,99,receive_authenticate_accumulate,0.000075907,0.000075833
9,99,receive_authenticate_accumulate,0.017232990,0.017232981
9,99,receive_authenticate_accumulate,0.000054407,0.000054241
9,99,round_coverage,0.000003259,0.000002722
9,99,spatial_report,0.000040666,0.000040296
9,99,billing_report,0.000421385,0.000421130
10,100,period_reset,0.000025148,0.000024000
10,100,receive_authenticate_accumulate,0.000094758,0.000094463
10,100,receive_authenticate_accumulate,0.000091518,0.000091315
10,100,receive_authenticate_accumulate,0.000092185,0.000091907
10,100,receive_authenticate_accumulate,0.000092555,0.000092166
10,100,receive_authenticate_accumulate,0.000092240,0.000091648
10,100,receive_authenticate_accumulate,0.000090425,0.000090019
10,100,receive_authenticate_accumulate,0.000092351,0.000092074
10,100,receive_authenticate_accumulate,0.000092962,0.000092870
10,100,receive_authenticate_accumulate,0.000062555,0.000062445
10,100,randomness_commit,0.000542069,0.000541611
10,100,receive_authenticate_accumulate,0.000060333,0.000059982
10,100,receive_authenticate_accumulate,0.000064426,0.000064149
10,100,receive_authenticate_accumulate,0.000062055,0.000061759
10,100,receive_authenticate_accumulate,0.000063147,0.000063000
10,100,receive_authenticate_accumulate,0.000064203,0.000063704
10,100,receive_authenticate_accumulate,0.000063518,0.000063333
10,100,receive_authenticate_accumulate,0.000063351,0.000063185
10,100,receive_authenticate_accumulate,0.000061407,0.000061037
10,100,receive_authenticate_accumulate,0.000061055,0.000060889
10,100,receive_authenticate_accumulate,0.000064092,0.000063870
10,100,receive_authenticate_accumulate,0.000065777,0.000065666
10,100,receive_authenticate_accumulate,0.000075388,0.000074944
10,100,receive_authenticate_accumulate,0.000075703,0.000075445
10,100,receive_authenticate_accumulate,0.000075499,0.000075277
10,100,receive_authenticate_accumulate,0.000075055,0.000074852
10,100,receive_authenticate_accumulate,0.000075388,0.000074889
10,100,receive_authenticate_accumulate,0.000074110,0.000073537
10,100,receive_authenticate_accumulate,0.000074833,0.000074649
10,100,receive_authenticate_accumulate,0.000075110,0.000074740
10,100,receive_authenticate_accumulate,0.000075092,0.000074851
10,100,randomness_reveal,0.000499366,0.000498333
10,100,receive_authenticate_accumulate,0.000072796,0.000071963
10,100,receive_authenticate_accumulate,0.000074722,0.000074537
10,100,receive_authenticate_accumulate,0.000074629,0.000074408
10,100,receive_authenticate_accumulate,0.000049129,0.000048907
10,100,receive_authenticate_accumulate,0.000048870,0.000048685
10,100,receive_authenticate_accumulate,0.000046129,0.000045981
10,100,receive_authenticate_accumulate,0.000049778,0.000049592
10,100,receive_authenticate_accumulate,0.000049240,0.000049000
10,100,receive_authenticate_accumulate,0.000045685,0.000045481
10,100,receive_authenticate_accumulate,0.000048944,0.000048703
10,100,receive_authenticate_accumulate,0.000048074,0.000047648
10,100,committee_selection,0.000084147,0.000083834
10,100,round_reset,0.000004481,0.000003981
10,100,receive_authenticate_accumulate,0.017223824,0.017223796
10,100,receive_authenticate_accumulate,0.017225898,0.017225815
10,100,receive_authenticate_accumulate,0.017228453,0.017228407
10,100,receive_authenticate_accumulate,0.017222212,0.017222296
10,100,receive_authenticate_accumulate,0.017249712,0.017249722
10,100,receive_authenticate_accumulate,0.017237378,0.017237259
10,100,receive_authenticate_accumulate,0.017227805,0.017227741
10,100,receive_authenticate_accumulate,0.017231712,0.017231667
10,100,receive_authenticate_accumulate,0.017222712,0.017222722
10,100,reading_commitment_and_shares,0.026287444,0.026253760
10,100,receive_authenticate_accumulate,0.017254990,0.017231019
10,100,receive_authenticate_accumulate,0.017224490,0.017224574
10,100,receive_authenticate_accumulate,0.017226287,0.017226297
10,100,receive_authenticate_accumulate,0.017228453,0.017228351
10,100,receive_authenticate_accumulate,0.017334304,0.017260260
10,100,receive_authenticate_accumulate,0.017219898,0.017219297
10,100,receive_authenticate_accumulate,0.017229564,0.017229056
10,100,receive_authenticate_accumulate,0.017225750,0.017225630
10,100,receive_authenticate_accumulate,0.017221342,0.017221389
10,100,receive_authenticate_accumulate,0.017218101,0.017217944
10,100,receive_authenticate_accumulate,0.017227842,0.017227815
10,100,round_coverage,0.000004500,0.000003686
10,101,round_reset,0.000010259,0.000009111
10,101,receive_authenticate_accumulate,0.017227805,0.017227629
10,101,receive_authenticate_accumulate,0.017244199,0.017244259
10,101,receive_authenticate_accumulate,0.017236181,0.017236222
10,101,receive_authenticate_accumulate,0.017226620,0.017226833
10,101,receive_authenticate_accumulate,0.017229546,0.017230000
10,101,receive_authenticate_accumulate,0.017232878,0.017233315
10,101,receive_authenticate_accumulate,0.017231805,0.017232185
10,101,receive_authenticate_accumulate,0.017224639,0.017224963
10,101,receive_authenticate_accumulate,0.017243713,0.017244130
10,101,reading_commitment_and_shares,0.026289241,0.026261944
10,101,receive_authenticate_accumulate,0.017291693,0.017267223
10,101,receive_authenticate_accumulate,0.017226492,0.017226888
10,101,receive_authenticate_accumulate,0.017228474,0.017228907
10,101,receive_authenticate_accumulate,0.017224844,0.017225296
10,101,receive_authenticate_accumulate,0.017225381,0.017225666
10,101,receive_authenticate_accumulate,0.017232252,0.017232648
10,101,receive_authenticate_accumulate,0.017227270,0.017227648
10,101,receive_authenticate_accumulate,0.017226457,0.017226777
10,101,receive_authenticate_accumulate,0.017219624,0.017219907
10,101,receive_authenticate_accumulate,0.017222587,0.017223000
10,101,receive_authenticate_accumulate,0.017264696,0.017242537
10,101,round_coverage,0.000003834,0.000003333
10,102,round_reset,0.000009093,0.000007685
10,102,receive_authenticate_accumulate,0.017221584,0.017222000
10,102,receive_authenticate_accumulate,0.017217640,0.017218056
10,102,receive_authenticate_accumulate,0.017226603,0.017227000
10,102,receive_authenticate_accumulate,0.017233456,0.017233759
10,102,receive_authenticate_accumulate,0.017227382,0.017227852
10,102,receive_authenticate_accumulate,0.017230548,0.017231000
10,102,receive_authenticate_accumulate,0.017226419,0.017226852
10,102,receive_authenticate_accumulate,0.017233696,0.017234093
10,102,receive_authenticate_accumulate,0.017256640,0.017230518
10,102,reading_commitment_and_shares,0.026210812,0.026211129
10,102,receive_authenticate_accumulate,0.017225605,0.017225963
10,102,receive_authenticate_accumulate,0.017237012,0.017237407
10,102,receive_authenticate_accumulate,0.017218272,0.017218481
10,102,receive_authenticate_accumulate,0.017249753,0.017250259
10,102,receive_authenticate_accumulate,0.017221884,0.017222223
10,102,receive_authenticate_accumulate,0.017256883,0.017236703
10,102,receive_authenticate_accumulate,0.017235458,0.017235648
10,102,receive_authenticate_accumulate,0.017228311,0.017228685
10,102,receive_authenticate_accumulate,0.017230570,0.017230777
10,102,receive_authenticate_accumulate,0.017235588,0.017235963
10,102,receive_authenticate_accumulate,0.017284236,0.017247241
10,102,round_coverage,0.000003833,0.000003185
10,103,round_reset,0.000009425,0.000007889
10,103,receive_authenticate_accumulate,0.017220974,0.017221463
10,103,receive_authenticate_accumulate,0.017227826,0.017228222
10,103,receive_authenticate_accumulate,0.017228197,0.017228463
10,103,receive_authenticate_accumulate,0.017228493,0.017228815
10,103,receive_authenticate_accumulate,0.017228253,0.017228593
10,103,receive_authenticate_accumulate,0.017228382,0.017228796
10,103,receive_authenticate_accumulate,0.017232458,0.017232871
10,103,receive_authenticate_accumulate,0.017223754,0.017224111
10,103,receive_authenticate_accumulate,0.017225883,0.017226259
10,103,reading_commitment_and_shares,0.026249730,0.026227611
10,103,receive_authenticate_accumulate,0.017228310,0.017228703
10,103,receive_authenticate_accumulate,0.017227254,0.017227962
10,103,receive_authenticate_accumulate,0.017228385,0.017228703
10,103,receive_authenticate_accumulate,0.017222088,0.017222370
10,103,receive_authenticate_accumulate,0.017227273,0.017227740
10,103,receive_authenticate_accumulate,0.017266884,0.017258667
10,103,receive_authenticate_accumulate,0.017230960,0.017231444
10,103,receive_authenticate_accumulate,0.017228608,0.017229000
10,103,receive_authenticate_accumulate,0.017223904,0.017224241
10,103,receive_authenticate_accumulate,0.017229294,0.017229629
10,103,receive_authenticate_accumulate,0.017249312,0.017241906
10,103,round_coverage,0.000004000,0.000003352
10,104,round_reset,0.000009870,0.000008592
10,104,receive_authenticate_accumulate,0.017229863,0.017229981
10,104,receive_authenticate_accumulate,0.017221642,0.017222055
10,104,receive_authenticate_accumulate,0.017233067,0.017233408
10,104,receive_authenticate_accumulate,0.017226976,0.017227055
10,104,receive_authenticate_accumulate,0.017222624,0.017222944
10,104,receive_authenticate_accumulate,0.017222012,0.017222425
10,104,receive_authenticate_accumulate,0.017233309,0.017233592
10,104,receive_authenticate_accumulate,0.017229532,0.017229814
10,104,receive_authenticate_accumulate,0.017220866,0.017221129
10,104,reading_commitment_and_shares,0.026210703,0.026211203
10,104,receive_authenticate_accumulate,0.017220236,0.017220518
10,104,receive_authenticate_accumulate,0.017236735,0.017237074
10,104,receive_authenticate_accumulate,0.017263754,0.017237556
10,104,receive_authenticate_accumulate,0.017224496,0.017224759
10,104,receive_authenticate_accumulate,0.017232588,0.017232907
10,104,receive_authenticate_accumulate,0.017230478,0.017230815
10,104,receive_authenticate_accumulate,0.017229071,0.017229444
10,104,receive_authenticate_accumulate,0.017221923,0.017222167
10,104,receive_authenticate_accumulate,0.017218423,0.017218630
10,104,receive_authenticate_accumulate,0.017248626,0.017249352
10,104,receive_authenticate_accumulate,0.017228831,0.017229148
10,104,round_coverage,0.000004648,0.000004093
10,105,round_reset,0.000010222,0.000008704
10,105,receive_authenticate_accumulate,0.017223344,0.017223611
10,105,receive_authenticate_accumulate,0.017226233,0.017226408
10,105,receive_authenticate_accumulate,0.017234955,0.017235259
10,105,receive_authenticate_accumulate,0.017263548,0.017238073
10,105,receive_authenticate_accumulate,0.017223956,0.017224222
10,105,receive_authenticate_accumulate,0.017220475,0.017220685
10,105,receive_authenticate_accumulate,0.017226271,0.017226556
10,105,receive_authenticate_accumulate,0.017232604,0.017232815
10,105,receive_authenticate_accumulate,0.017226401,0.017226685
10,105,reading_commitment_and_shares,0.026216805,0.026217241
10,105,receive_authenticate_accumulate,0.017226920,0.017227019
10,105,receive_authenticate_accumulate,0.017224828,0.017225204
10,105,receive_authenticate_accumulate,0.017229939,0.017230130
10,105,receive_authenticate_accumulate,0.017289548,0.017263758
10,105,receive_authenticate_accumulate,0.017222921,0.017223259
10,105,receive_authenticate_accumulate,0.017226606,0.017226982
10,105,receive_authenticate_accumulate,0.017219625,0.017219759
10,105,receive_authenticate_accumulate,0.017260494,0.017239388
10,105,receive_authenticate_accumulate,0.017232236,0.017232686
10,105,receive_authenticate_accumulate,0.017289883,0.017247610
10,105,receive_authenticate_accumulate,0.017219201,0.017219333
10,105,round_coverage,0.000004148,0.000003574
10,106,round_reset,0.000008685,0.000007426
10,106,receive_authenticate_accumulate,0.017221101,0.017221389
10,106,receive_authenticate_accumulate,0.017219472,0.017219667
10,106,receive_authenticate_accumulate,0.017272748,0.017246074
10,106,receive_authenticate_accumulate,0.017224491,0.017224759
10,106,receive_authenticate_accumulate,0.017221676,0.017222000
10,106,receive_authenticate_accumulate,0.017230731,0.017231092
10,106,receive_authenticate_accumulate,0.017223825,0.017224056
10,106,receive_authenticate_accumulate,0.017226547,0.017226815
10,106,receive_authenticate_accumulate,0.017224492,0.017224833
10,106,reading_commitment_and_shares,0.026210496,0.026211240
10,106,receive_authenticate_accumulate,0.017289638,0.017256499
10,106,receive_authenticate_accumulate,0.017234659,0.017235148
10,106,receive_authenticate_accumulate,0.017227289,0.017227815
10,106,receive_authenticate_accumulate,0.017227974,0.017228259
10,106,receive_authenticate_accumulate,0.017222511,0.017222778
10,106,receive_authenticate_accumulate,0.017259270,0.017236149
10,106,receive_authenticate_accumulate,0.017225456,0.017225685
10,106,receive_authenticate_accumulate,0.017223735,0.017224074
10,106,receive_authenticate_accumulate,0.017220012,0.017220352
10,106,receive_authenticate_accumulate,0.017220957,0.017221203
10,106,receive_authenticate_accumulate,0.017226698,0.017226981
10,106,round_coverage,0.000004166,0.000003574
10,107,round_reset,0.000009833,0.000008482
10,107,receive_authenticate_accumulate,0.017235468,0.017235629
10,107,receive_authenticate_accumulate,0.017251172,0.017251722
10,107,receive_authenticate_accumulate,0.017258043,0.017258370
10,107,receive_authenticate_accumulate,0.017217378,0.017217555
10,107,receive_authenticate_accumulate,0.017231988,0.017232555
10,107,receive_authenticate_accumulate,0.017221025,0.017221241
10,107,receive_authenticate_accumulate,0.017262192,0.017239093
10,107,receive_authenticate_accumulate,0.017231803,0.017232129
10,107,receive_authenticate_accumulate,0.017236377,0.017236574
10,107,reading_commitment_and_shares,0.026223316,0.026223759
10,107,receive_authenticate_accumulate,0.017234674,0.017234389
10,107,receive_authenticate_accumulate,0.017227563,0.017227778
10,107,receive_authenticate_accumulate,0.017227952,0.017228166
10,107,receive_authenticate_accumulate,0.017279507,0.017250147
10,107,receive_authenticate_accumulate,0.017240305,0.017240593
10,107,receive_authenticate_accumulate,0.017233638,0.017233704
10,107,receive_authenticate_accumulate,0.017225286,0.017225556
10,107,receive_authenticate_accumulate,0.017236768,0.017237167
10,107,receive_authenticate_accumulate,0.017222528,0.017222797
10,107,receive_authenticate_accumulate,0.017223899,0.017224222
10,107,receive_authenticate_accumulate,0.017222140,0.017222352
10,107,round_coverage,0.000003981,0.000003204
10,108,round_reset,0.000020037,0.000009481
10,108,receive_authenticate_accumulate,0.017223076,0.017223463
10,108,receive_authenticate_accumulate,0.017231503,0.017231759
10,108,receive_authenticate_accumulate,0.017217799,0.017218018
10,108,receive_authenticate_accumulate,0.017218707,0.017219037
10,108,receive_authenticate_accumulate,0.017226651,0.017226852
10,108,receive_authenticate_accumulate,0.017273446,0.017246055
10,108,receive_authenticate_accumulate,0.017232985,0.017233352
10,108,receive_authenticate_accumulate,0.017233522,0.017233704
10,108,receive_authenticate_accumulate,0.017225689,0.017225926
10,108,reading_commitment_and_shares,0.026209098,0.026209574
10,108,receive_authenticate_accumulate,0.017239929,0.017228870
10,108,receive_authenticate_accumulate,0.017229226,0.017229482
10,108,receive_authenticate_accumulate,0.017220023,0.017220481
10,108,receive_authenticate_accumulate,0.017222523,0.017222981
10,108,receive_authenticate_accumulate,0.017233264,0.017233537
10,108,receive_authenticate_accumulate,0.017225764,0.017226130
10,108,receive_authenticate_accumulate,0.017226672,0.017226963
10,108,receive_authenticate_accumulate,0.017215783,0.017216018
10,108,receive_authenticate_accumulate,0.017227524,0.017227963
10,108,receive_authenticate_accumulate,0.017231117,0.017231333
10,108,receive_authenticate_accumulate,0.017232228,0.017232407
10,108,round_coverage,0.000003537,0.000002963
10,109,round_reset,0.000012351,0.000011037
10,109,receive_authenticate_accumulate,0.017226571,0.017226630
10,109,receive_authenticate_accumulate,0.017224535,0.017224722
10,109,receive_authenticate_accumulate,0.017227424,0.017227648
10,109,receive_authenticate_accumulate,0.017227683,0.017227926
10,109,receive_authenticate_accumulate,0.017218739,0.017219000
10,109,receive_authenticate_accumulate,0.017229572,0.017229851
10,109,receive_authenticate_accumulate,0.017227054,0.017227241
10,109,receive_authenticate_accumulate,0.017223999,0.017224240
10,109,receive_authenticate_accumulate,0.017235536,0.017236056
10,109,reading_commitment_and_shares,0.026261470,0.026248056
10,109,receive_authenticate_accumulate,0.017228555,0.017229019
10,109,receive_authenticate_accumulate,0.017230036,0.017230518
10,109,receive_authenticate_accumulate,0.017232258,0.017232537
10,109,receive_authenticate_accumulate,0.017224629,0.017225056
10,109,receive_authenticate_accumulate,0.017226667,0.017226760
10,109,receive_authenticate_accumulate,0.017227778,0.017228111
10,109,receive_authenticate_accumulate,0.017232389,0.017232741
10,109,receive_authenticate_accumulate,0.017221723,0.017222278
10,109,receive_authenticate_accumulate,0.017225056,0.017225223
10,109,receive_authenticate_accumulate,0.017216613,0.017216889
10,109,receive_authenticate_accumulate,0.017230149,0.017230389
10,109,round_coverage,0.000003555,0.000002852
11,110,period_reset,0.000035888,0.000025704
11,110,receive_authenticate_accumulate,0.000092313,0.000092333
11,110,receive_authenticate_accumulate,0.000090794,0.000090426
11,110,receive_authenticate_accumulate,0.000088461,0.000088555
11,110,receive_authenticate_accumulate,0.000087442,0.000087667
11,110,receive_authenticate_accumulate,0.000087313,0.000087259
11,110,receive_authenticate_accumulate,0.000084701,0.000084389
11,110,receive_authenticate_accumulate,0.000085516,0.000085481
11,110,receive_authenticate_accumulate,0.000087331,0.000087297
11,110,receive_authenticate_accumulate,0.000069572,0.000069185
11,110,randomness_commit,0.000638391,0.000637667
11,110,receive_authenticate_accumulate,0.000053480,0.000053796
11,110,receive_authenticate_accumulate,0.000065609,0.000065445
11,110,receive_authenticate_accumulate,0.000065091,0.000064778
11,110,receive_authenticate_accumulate,0.000065721,0.000065351
11,110,receive_authenticate_accumulate,0.000064109,0.000063963
11,110,receive_authenticate_accumulate,0.000066535,0.000066388
11,110,receive_authenticate_accumulate,0.000064665,0.000064481
11,110,receive_authenticate_accumulate,0.000065776,0.000064814
11,110,receive_authenticate_accumulate,0.000066647,0.000066592
11,110,receive_authenticate_accumulate,0.000065703,0.000065389
11,110,receive_authenticate_accumulate,0.000068073,0.000067982
11,110,receive_authenticate_accumulate,0.000080424,0.000080426
11,110,receive_authenticate_accumulate,0.000118960,0.000118723
11,110,receive_authenticate_accumulate,0.000081480,0.000081389
11,110,receive_authenticate_accumulate,0.000080516,0.000080426
11,110,receive_authenticate_accumulate,0.000080146,0.000080204
11,110,receive_authenticate_accumulate,0.000080627,0.000080463
11,110,receive_authenticate_accumulate,0.000081498,0.000081370
11,110,receive_authenticate_accumulate,0.000081312,0.000080518
11,110,receive_authenticate_accumulate,0.000079812,0.000079593
11,110,randomness_reveal,0.000559282,0.000559037
11,110,receive_authenticate_accumulate,0.000074146,0.000074093
11,110,receive_authenticate_accumulate,0.000066165,0.000065889
11,110,receive_authenticate_accumulate,0.000064257,0.000064092
11,110,receive_authenticate_accumulate,0.000065683,0.000064871
11,110,receive_authenticate_accumulate,0.000064628,0.000064037
11,110,receive_authenticate_accumulate,0.000064183,0.000063926
11,110,receive_authenticate_accumulate,0.000065331,0.000065129
11,110,receive_authenticate_accumulate,0.000065850,0.000065741
11,110,receive_authenticate_accumulate,0.000064221,0.000064074
11,110,receive_authenticate_accumulate,0.000088016,0.000087759
11,110,receive_authenticate_accumulate,0.000062332,0.000061963
11,110,committee_selection,0.000122626,0.000122259
11,110,round_reset,0.000004815,0.000004129
11,110,receive_authenticate_accumulate,0.017289676,0.017253593
11,110,receive_authenticate_accumulate,0.017224122,0.017224408
11,110,receive_authenticate_accumulate,0.017229622,0.017229814
11,110,receive_authenticate_accumulate,0.017256233,0.017242277
11,110,receive_authenticate_accumulate,0.017235808,0.017236018
11,110,receive_authenticate_accumulate,0.017221938,0.017222167
11,110,receive_authenticate_accumulate,0.017233512,0.017233815
11,110,receive_authenticate_accumulate,0.017222753,0.017223019
11,110,receive_authenticate_accumulate,0.017221327,0.017221592
11,110,reading_commitment_and_shares,0.026211861,0.026212370
11,110,receive_authenticate_accumulate,0.017221124,0.017221389
11,110,receive_authenticate_accumulate,0.017233864,0.017234074
11,110,receive_authenticate_accumulate,0.017229605,0.017229926
11,110,receive_authenticate_accumulate,0.025874629,0.025875667
11,110,receive_authenticate_accumulate,0.017236013,0.017236056
11,110,receive_authenticate_accumulate,0.017229865,0.017230037
11,110,receive_authenticate_accumulate,0.017230532,0.017230722
11,110,receive_authenticate_accumulate,0.017234291,0.017234481
11,110,receive_authenticate_accumulate,0.017265920,0.017236722
11,110,receive_authenticate_accumulate,0.017274235,0.017230112
11,110,receive_authenticate_accumulate,0.017223791,0.017224037
11,110,round_coverage,0.000003481,0.000002889
11,111,round_reset,0.000012796,0.000011518
11,111,receive_authenticate_accumulate,0.017225745,0.017225704
11,111,receive_authenticate_accumulate,0.017232264,0.017232500
11,111,receive_authenticate_accumulate,0.017228690,0.017228870
11,111,receive_authenticate_accumulate,0.017221227,0.017221389
11,111,receive_authenticate_accumulate,0.017225783,0.017225945
11,111,receive_authenticate_accumulate,0.017227561,0.017227871
11,111,receive_authenticate_accumulate,0.017250042,0.017241444
11,111,receive_authenticate_accumulate,0.017219765,0.017219907
11,111,receive_authenticate_accumulate,0.017219098,0.017219315
11,111,reading_commitment_and_shares,0.026211287,0.026211815
11,111,receive_authenticate_accumulate,0.017218432,0.017219148
11,111,receive_authenticate_accumulate,0.017273283,0.017240407
11,111,receive_authenticate_accumulate,0.017255821,0.017233666
11,111,receive_authenticate_accumulate,0.017244876,0.017245148
11,111,receive_authenticate_accumulate,0.017221840,0.017222148
11,111,receive_authenticate_accumulate,0.017206822,0.017207129
11,111,receive_authenticate_accumulate,0.017206785,0.017206999
11,111,receive_authenticate_accumulate,0.017260747,0.017245166
11,111,receive_authenticate_accumulate,0.017224155,0.017224352
11,111,receive_authenticate_accumulate,0.017222915,0.017222888
11,111,receive_authenticate_accumulate,0.017230693,0.017230834
11,111,round_coverage,0.000004370,0.000003741
11,112,round_reset,0.000022648,0.000012593
11,112,receive_authenticate_accumulate,0.017230276,0.017230685
11,112,receive_authenticate_accumulate,0.017236535,0.017236833
11,112,receive_authenticate_accumulate,0.017223627,0.017223963
11,112,receive_authenticate_accumulate,0.017224554,0.017224574
11,112,receive_authenticate_accumulate,0.017224387,0.017224519
11,112,receive_authenticate_accumulate,0.017226850,0.017227037
11,112,receive_authenticate_accumulate,0.017221796,0.017221963
11,112,receive_authenticate_accumulate,0.017227369,0.017227574
11,112,receive_authenticate_accumulate,0.017231925,0.017232018
11,112,reading_commitment_and_shares,0.026250822,0.026251129
11,112,receive_authenticate_accumulate,0.017217351,0.017217685
11,112,receive_authenticate_accumulate,0.017222296,0.017222574
11,112,receive_authenticate_accumulate,0.017230037,0.017230185
11,112,receive_authenticate_accumulate,0.017219814,0.017219962
11,112,receive_authenticate_accumulate,0.017230388,0.017230777
11,112,receive_authenticate_accumulate,0.017227777,0.017227982
11,112,receive_authenticate_accumulate,0.017228445,0.017228666
11,112,receive_authenticate_accumulate,0.017250277,0.017242223
11,112,receive_authenticate_accumulate,0.017219704,0.017220148
11,112,receive_authenticate_accumulate,0.017223778,0.017224019
11,112,receive_authenticate_accumulate,0.017230241,0.017230537
11,112,round_coverage,0.000003778,0.000003130
11,113,round_reset,0.000012389,0.000011130
11,113,receive_authenticate_accumulate,0.017238231,0.017238574
11,113,receive_authenticate_accumulate,0.017236175,0.017236685
11,113,receive_authenticate_accumulate,0.017229527,0.017229667
11,113,receive_authenticate_accumulate,0.017232713,0.017233167
11,113,receive_authenticate_accumulate,0.017231435,0.017231203
11,113,receive_authenticate_accumulate,0.017228325,0.017228444
11,113,receive_authenticate_accumulate,0.017224158,0.017224371
11,113,receive_authenticate_accumulate,0.017218824,0.017219074
11,113,receive_authenticate_accumulate,0.017224899,0.017225092
11,113,reading_commitment_and_shares,0.026218358,0.026218907
11,113,receive_authenticate_accumulate,0.017221713,0.017222186
11,113,receive_authenticate_accumulate,0.017223529,0.017223759
11,113,receive_authenticate_accumulate,0.017226788,0.017226777
11,113,receive_authenticate_accumulate,0.017229344,0.017229556
11,113,receive_authenticate_accumulate,0.017223881,0.017224204
11,113,receive_authenticate_accumulate,0.017286639,0.017243795
11,113,receive_authenticate_accumulate,0.017223252,0.017223314
11,113,receive_authenticate_accumulate,0.017254307,0.017244462
11,113,receive_authenticate_accumulate,0.017227326,0.017227537
11,113,receive_authenticate_accumulate,0.017220641,0.017220759
11,113,receive_authenticate_accumulate,0.017221308,0.017221333
11,113,round_coverage,0.000004074,0.000003333
11,114,round_reset,0.000009870,0.000008574
11,114,receive_authenticate_accumulate,0.017226889,0.017227000
11,114,receive_authenticate_accumulate,0.017225631,0.017225982
11,114,receive_authenticate_accumulate,0.017219982,0.017219963
11,114,receive_authenticate_accumulate,0.017250501,0.017240760
11,114,receive_authenticate_accumulate,0.017226020,0.017225981
11,114,receive_authenticate_accumulate,0.017267019,0.017240926
11,114,receive_authenticate_accumulate,0.017229039,0.017229074
11,114,receive_authenticate_accumulate,0.017220779,0.017221037
11,114,receive_authenticate_accumulate,0.017227150,0.017227222
11,114,reading_commitment_and_shares,0.026282058,0.026239647
11,114,receive_authenticate_accumulate,0.017212595,0.017212925
11,114,receive_authenticate_accumulate,0.017218835,0.017218945
11,114,receive_authenticate_accumulate,0.017252447,0.017241352
11,114,receive_authenticate_accumulate,0.017226854,0.017227111
11,114,receive_authenticate_accumulate,0.017226465,0.017226685
11,114,receive_authenticate_accumulate,0.017222225,0.017222408
11,114,receive_authenticate_accumulate,0.017230503,0.017230870
11,114,receive_authenticate_accumulate,0.017247891,0.017237241
11,114,receive_authenticate_accumulate,0.017230466,0.017230500
11,114,receive_authenticate_accumulate,0.017229633,0.017229741
11,114,receive_authenticate_accumulate,0.017236189,0.017236426
11,114,round_coverage,0.000003741,0.000002740
11,115,round_reset,0.000013111,0.000011778
11,115,receive_authenticate_accumulate,0.017230733,0.017230926
11,115,receive_authenticate_accumulate,0.017234918,0.017235111
11,115,receive_authenticate_accumulate,0.017229862,0.017230018
11,115,receive_authenticate_accumulate,0.017253270,0.017244852
11,115,receive_authenticate_accumulate,0.017219696,0.017219630
11,115,receive_authenticate_accumulate,0.017226419,0.017226852
11,115,receive_authenticate_accumulate,0.017221826,0.017222222
11,115,receive_authenticate_accumulate,0.017227937,0.017227908
11,115,receive_authenticate_accumulate,0.017217049,0.017217296
11,115,reading_commitment_and_shares,0.026224499,0.026224963
11,115,receive_authenticate_accumulate,0.017235623,0.017235926
11,115,receive_authenticate_accumulate,0.017222086,0.017222240
11,115,receive_authenticate_accumulate,0.017226272,0.017226444
11,115,receive_authenticate_accumulate,0.017226642,0.017226797
11,115,receive_authenticate_accumulate,0.017225178,0.017225445
11,115,receive_authenticate_accumulate,0.017273900,0.017252259
11,115,receive_authenticate_accumulate,0.017235382,0.017235555
11,115,receive_authenticate_accumulate,0.017247104,0.017237037
11,115,receive_authenticate_accumulate,0.017227512,0.017227556
11,115,receive_authenticate_accumulate,0.017225698,0.017225777
11,115,receive_authenticate_accumulate,0.017235068,0.017235222
11,115,round_coverage,0.000003500,0.000002833
11,116,round_reset,0.000013315,0.000011630
11,116,receive_authenticate_accumulate,0.017215076,0.017215129
11,116,receive_authenticate_accumulate,0.017207279,0.017207685
11,116,receive_authenticate_accumulate,0.017228872,0.017229074
11,116,receive_authenticate_accumulate,0.017228798,0.017228870
11,116,receive_authenticate_accumulate,0.017244446,0.017244870
11,116,receive_authenticate_accumulate,0.017220521,0.017220740
11,116,receive_authenticate_accumulate,0.017228205,0.017228333
11,116,receive_authenticate_accumulate,0.017230521,0.017230425
11,116,receive_authenticate_accumulate,0.017259946,0.017235074
11,116,reading_commitment_and_shares,0.026265957,0.026239278
11,116,receive_authenticate_accumulate,0.017223113,0.017223334
11,116,receive_authenticate_accumulate,0.017219244,0.017219407
11,116,receive_authenticate_accumulate,0.017228614,0.017228926
11,116,receive_authenticate_accumulate,0.017234983,0.017235037
11,116,receive_authenticate_accumulate,0.017256355,0.017247390
11,116,receive_authenticate_accumulate,0.017222614,0.017222925
11,116,receive_authenticate_accumulate,0.017226318,0.017226667
11,116,receive_authenticate_accumulate,0.017227318,0.017227685
11,116,receive_authenticate_accumulate,0.017224022,0.017224204
11,116,receive_authenticate_accumulate,0.017302261,0.017257258
11,116,receive_authenticate_accumulate,0.017235541,0.017236148
11,116,round_coverage,0.000003797,0.000003241
11,117,round_reset,0.000011704,0.000010500
11,117,receive_authenticate_accumulate,0.017233566,0.017233814
11,117,receive_authenticate_accumulate,0.017226343,0.017226556
11,117,receive_authenticate_accumulate,0.017224065,0.017223963
11,117,receive_authenticate_accumulate,0.017223714,0.017223944
11,117,receive_authenticate_accumulate,0.017218566,0.017218888
11,117,receive_authenticate_accumulate,0.017230492,0.017230686
11,117,receive_authenticate_accumulate,0.017228474,0.017228574
11,117,receive_authenticate_accumulate,0.017247954,0.017249000
11,117,receive_authenticate_accumulate,0.017252066,0.017242297
11,117,reading_commitment_and_shares,0.026280488,0.026250074
11,117,receive_authenticate_accumulate,0.017209289,0.017209555
11,117,receive_authenticate_accumulate,0.017238455,0.017238685
11,117,receive_authenticate_accumulate,0.017228289,0.017228426
11,117,receive_authenticate_accumulate,0.017221807,0.017221963
11,117,receive_authenticate_accumulate,0.017235215,0.017235388
11,117,receive_authenticate_accumulate,0.017232215,0.017232352
11,117,receive_authenticate_accumulate,0.017266214,0.017244758
11,117,receive_authenticate_accumulate,0.017230086,0.017230148
11,117,receive_authenticate_accumulate,0.017233438,0.017233574
11,117,receive_authenticate_accumulate,0.017231438,0.017231629
11,117,receive_authenticate_accumulate,0.017241086,0.017241185
11,117,round_coverage,0.000003833,0.000003241
11,118,round_reset,0.000010241,0.000009000
11,118,receive_authenticate_accumulate,0.017230703,0.017231186
11,118,receive_authenticate_accumulate,0.017227148,0.017227296
11,118,receive_authenticate_accumulate,0.017282721,0.017243166
11,118,receive_authenticate_accumulate,0.017219852,0.017219982
11,118,receive_authenticate_accumulate,0.017231259,0.017231259
11,118,receive_authenticate_accumulate,0.017235240,0.017235667
11,118,receive_authenticate_accumulate,0.017224333,0.017224444
11,118,receive_authenticate_accumulate,0.017224074,0.017224241
11,118,receive_authenticate_accumulate,0.017234815,0.017234963
11,118,reading_commitment_and_shares,0.026215558,0.026216111
11,118,receive_authenticate_accumulate,0.017226908,0.017227222
11,118,receive_authenticate_accumulate,0.017231093,0.017231241
11,118,receive_authenticate_accumulate,0.017233853,0.017234018
11,118,receive_authenticate_accumulate,0.017224519,0.017224703
11,118,receive_authenticate_accumulate,0.017224353,0.017224481
11,118,receive_authenticate_accumulate,0.017223520,0.017223630
11,118,receive_authenticate_accumulate,0.017215909,0.017215982
11,118,receive_authenticate_accumulate,0.017222205,0.017222333
11,118,receive_authenticate_accumulate,0.017230760,0.017230797
11,118,receive_authenticate_accumulate,0.017221706,0.017221926
11,118,receive_authenticate_accumulate,0.017237742,0.017237907
11,118,round_coverage,0.000004130,0.000003537
11,119,round_reset,0.000009222,0.000007667
11,119,receive_authenticate_accumulate,0.017239063,0.017238926
11,119,receive_authenticate_accumulate,0.017234229,0.017234129
11,119,receive_authenticate_accumulate,0.017273118,0.017244778
11,119,receive_authenticate_accumulate,0.017257452,0.017247889
11,119,receive_authenticate_accumulate,0.017225581,0.017225759
11,119,receive_authenticate_accumulate,0.017232100,0.017232222
11,119,receive_authenticate_accumulate,0.017228452,0.017228648
11,119,receive_authenticate_accumulate,0.017232249,0.017232500
11,119,receive_authenticate_accumulate,0.017232990,0.017233204
11,119,reading_commitment_and_shares,0.026222514,0.026223426
11,119,receive_authenticate_accumulate,0.017222712,0.017222963
11,119,receive_authenticate_accumulate,0.017229305,0.017229333
11,119,receive_authenticate_accumulate,0.017232471,0.017232667
11,119,receive_authenticate_accumulate,0.017298507,0.017272685
11,119,receive_authenticate_accumulate,0.017289304,0.017289630
11,119,receive_authenticate_accumulate,0.017248934,0.017249166
11,119,receive_authenticate_accumulate,0.017229916,0.017230111
11,119,receive_authenticate_accumulate,0.017225917,0.017226092
11,119,receive_authenticate_accumulate,0.017224861,0.017224981
11,119,receive_authenticate_accumulate,0.017261638,0.017238518
11,119,receive_authenticate_accumulate,0.017239120,0.017239389
11,119,round_coverage,0.000004093,0.000003500
12,120,period_reset,0.000064276,0.000063481
12,120,receive_authenticate_accumulate,0.000094572,0.000094629
12,120,receive_authenticate_accumulate,0.000093720,0.000093408
12,120,receive_authenticate_accumulate,0.000092684,0.000092796
12,120,receive_authenticate_accumulate,0.000094591,0.000094277
12,120,receive_authenticate_accumulate,0.000091461,0.000091056
12,120,receive_authenticate_accumulate,0.000091480,0.000091334
12,120,receive_authenticate_accumulate,0.000092035,0.000091889
12,120,receive_authenticate_accumulate,0.000092998,0.000092815
12,120,receive_authenticate_accumulate,0.000092147,0.000092037
12,120,randomness_commit,0.000815984,0.000815259
12,120,receive_authenticate_accumulate,0.000088184,0.000088296
12,120,receive_authenticate_accumulate,0.000090609,0.000090407
12,120,receive_authenticate_accumulate,0.000091202,0.000091093
12,120,receive_authenticate_accumulate,0.000093887,0.000093611
12,120,receive_authenticate_accumulate,0.000091999,0.000091648
12,120,receive_authenticate_accumulate,0.000090961,0.000090815
12,120,receive_authenticate_accumulate,0.000091850,0.000091574
12,120,receive_authenticate_accumulate,0.000058351,0.000058129
12,120,receive_authenticate_accumulate,0.000053165,0.000052722
12,120,receive_authenticate_accumulate,0.000056758,0.000056407
12,120,receive_authenticate_accumulate,0.000059239,0.000059037
12,120,receive_authenticate_accumulate,0.000068776,0.000068648
12,120,receive_authenticate_accumulate,0.000069592,0.000069407
12,120,receive_authenticate_accumulate,0.000068888,0.000068575
12,120,receive_authenticate_accumulate,0.000068424,0.000068185
12,120,receive_authenticate_accumulate,0.000070332,0.000070111
12,120,receive_authenticate_accumulate,0.000070757,0.000070519
12,120,receive_authenticate_accumulate,0.000070295,0.000070018
12,120,receive_authenticate_accumulate,0.000070072,0.000069926
12,120,receive_authenticate_accumulate,0.000069091,0.000068797
12,120,randomness_reveal,0.000450732,0.000450389
12,120,receive_authenticate_accumulate,0.000068535,0.000068444
12,120,receive_authenticate_accumulate,0.000070314,0.000070037
12,120,receive_authenticate_accumulate,0.000068481,0.000068333
12,120,receive_authenticate_accumulate,0.000094665,0.000094500
12,120,receive_authenticate_accumulate,0.000066480,0.000066371
12,120,receive_authenticate_accumulate,0.000066351,0.000066149
12,120,receive_authenticate_accumulate,0.000067258,0.000067167
12,120,receive_authenticate_accumulate,0.000058035,0.000057834
12,120,receive_authenticate_accumulate,0.000065721,0.000065537
12,120,receive_authenticate_accumulate,0.000065425,0.000065185
12,120,receive_authenticate_accumulate,0.000064646,0.000064371
12,120,committee_selection,0.000124257,0.000123889
12,120,round_reset,0.000006611,0.000005740
12,120,receive_authenticate_accumulate,0.017236904,0.017237112
12,120,receive_authenticate_accumulate,0.017228292,0.017228445
12,120,receive_authenticate_accumulate,0.017224459,0.017224463
12,120,receive_authenticate_accumulate,0.017246830,0.017247204
12,120,receive_authenticate_accumulate,0.017234404,0.017234463
12,120,receive_authenticate_accumulate,0.017225960,0.017226056
12,120,receive_authenticate_accumulate,0.017216293,0.017216445
12,120,receive_authenticate_accumulate,0.017264237,0.017245444
12,120,receive_authenticate_accumulate,0.017218108,0.017218259
12,120,reading_commitment_and_shares,0.026224858,0.026225037
12,120,receive_authenticate_accumulate,0.017218145,0.017218389
12,120,receive_authenticate_accumulate,0.017251052,0.017228797
12,120,receive_authenticate_accumulate,0.017240238,0.017240500
12,120,receive_authenticate_accumulate,0.017227905,0.017228056
12,120,receive_authenticate_accumulate,0.017226127,0.017226611
12,120,receive_authenticate_accumulate,0.017219498,0.017219574
12,120,receive_authenticate_accumulate,0.017229794,0.017229797
12,120,receive_authenticate_accumulate,0.017259478,0.017260055
12,120,receive_authenticate_accumulate,0.017229368,0.017229500
12,120,receive_authenticate_accumulate,0.017224017,0.017224111
12,120,receive_authenticate_accumulate,0.017233146,0.017233334
12,120,round_coverage,0.000004111,0.000003500
12,121,round_reset,0.000009259,0.000007982
12,121,receive_authenticate_accumulate,0.017264410,0.017240241
12,121,receive_authenticate_accumulate,0.017223947,0.017224055
12,121,receive_authenticate_accumulate,0.017224725,0.017224870
12,121,receive_authenticate_accumulate,0.017233040,0.017233111
12,121,receive_authenticate_accumulate,0.017270021,0.017246703
12,121,receive_authenticate_accumulate,0.017227651,0.017227814
12,121,receive_authenticate_accumulate,0.017220319,0.017220352
12,121,receive_authenticate_accumulate,0.017242522,0.017242407
12,121,receive_authenticate_accumulate,0.017229763,0.017229852
12,121,reading_commitment_and_shares,0.026273367,0.026244981
12,121,receive_authenticate_accumulate,0.017223985,0.017224000
12,121,receive_authenticate_accumulate,0.017225911,0.017226000
12,121,receive_authenticate_accumulate,0.017231986,0.017231944
12,121,receive_authenticate_accumulate,0.017233930,0.017233981
12,121,receive_authenticate_accumulate,0.017230300,0.017230389
12,121,receive_authenticate_accumulate,0.017232300,0.017232537
12,121,receive_authenticate_accumulate,0.017228911,0.017229241
12,121,receive_authenticate_accumulate,0.017228375,0.017228685
12,121,receive_authenticate_accumulate,0.017272522,0.017249389
12,121,receive_authenticate_accumulate,0.017227282,0.017227445
12,121,receive_authenticate_accumulate,0.017229338,0.017229611
12,121,round_coverage,0.000003870,0.000003240
12,122,round_reset,0.000010111,0.000008852
12,122,receive_authenticate_accumulate,0.017260787,0.017233852
12,122,receive_authenticate_accumulate,0.017232029,0.017232259
12,122,receive_authenticate_accumulate,0.017231640,0.017231741
12,122,receive_authenticate_accumulate,0.017238824,0.017239037
12,122,receive_authenticate_accumulate,0.017232472,0.017232074
12,122,receive_authenticate_accumulate,0.017272305,0.017247518
12,122,receive_authenticate_accumulate,0.017290620,0.017254833
12,122,receive_authenticate_accumulate,0.017229066,0.017229259
12,122,receive_authenticate_accumulate,0.017221251,0.017221370
12,122,reading_commitment_and_shares,0.026218305,0.026218629
12,122,receive_authenticate_accumulate,0.017223103,0.017223223
12,122,receive_authenticate_accumulate,0.017305620,0.017268482
12,122,receive_authenticate_accumulate,0.017232122,0.017232370
12,122,receive_authenticate_accumulate,0.017291491,0.017266129
12,122,receive_authenticate_accumulate,0.017230844,0.017230926
12,122,receive_authenticate_accumulate,0.017219918,0.017220074
12,122,receive_authenticate_accumulate,0.017230659,0.017230666
12,122,receive_authenticate_accumulate,0.017229289,0.017229389
12,122,receive_authenticate_accumulate,0.017232863,0.017233019
12,122,receive_authenticate_accumulate,0.017266344,0.017243018
12,122,receive_authenticate_accumulate,0.017224493,0.017224611
12,122,round_coverage,0.000003685,0.000002870
12,123,round_reset,0.000010185,0.000008833
12,123,receive_authenticate_accumulate,0.023715081,0.023650241
12,123,receive_authenticate_accumulate,0.017241331,0.017241481
12,123,receive_authenticate_accumulate,0.017222182,0.017222500
12,123,receive_authenticate_accumulate,0.017233442,0.017233481
12,123,receive_authenticate_accumulate,0.017233516,0.017233667
12,123,receive_authenticate_accumulate,0.017272682,0.017252055
12,123,receive_authenticate_accumulate,0.017225294,0.017225352
12,123,receive_authenticate_accumulate,0.017227423,0.017227648
12,123,receive_authenticate_accumulate,0.017281164,0.017252001
12,123,reading_commitment_and_shares,0.026268498,0.026239592
12,123,receive_authenticate_accumulate,0.017218461,0.017218314
12,123,receive_authenticate_accumulate,0.017274774,0.017251926
12,123,receive_authenticate_accumulate,0.017223146,0.017223000
12,123,receive_authenticate_accumulate,0.017233591,0.017233703
12,123,receive_authenticate_accumulate,0.017242091,0.017242481
12,123,receive_authenticate_accumulate,0.017225424,0.017225907
12,123,receive_authenticate_accumulate,0.017223387,0.017223481
12,123,receive_authenticate_accumulate,0.017229443,0.017229629
12,123,receive_authenticate_accumulate,0.017232591,0.017232889
12,123,receive_authenticate_accumulate,0.017223166,0.017223296
12,123,receive_authenticate_accumulate,0.017224073,0.017224204
12,123,round_coverage,0.000004296,0.000003667
12,124,round_reset,0.000009204,0.000007963
12,124,receive_authenticate_accumulate,0.023998899,0.023938537
12,124,receive_authenticate_accumulate,0.017231355,0.017231518
12,124,receive_authenticate_accumulate,0.017222022,0.017222204
12,124,receive_authenticate_accumulate,0.017254669,0.017256333
12,124,receive_authenticate_accumulate,0.017237484,0.017237574
12,124,receive_authenticate_accumulate,0.017233874,0.017234185
12,124,receive_authenticate_accumulate,0.017223189,0.017223129
12,124,receive_authenticate_accumulate,0.017231004,0.017231130
12,124,receive_authenticate_accumulate,0.017234781,0.017234833
12,124,reading_commitment_and_shares,0.026216471,0.026216907
12,124,receive_authenticate_accumulate,0.017259762,0.017236185
12,124,receive_authenticate_accumulate,0.017233818,0.017234056
12,124,receive_authenticate_accumulate,0.017227096,0.017227185
12,124,receive_authenticate_accumulate,0.017223171,0.017223333
12,124,receive_authenticate_accumulate,0.027636816,0.027592000
12,124,receive_authenticate_accumulate,0.017231745,0.017231907
12,124,receive_authenticate_accumulate,0.017234929,0.017234963
12,124,receive_authenticate_accumulate,0.017262022,0.017238741
12,124,receive_authenticate_accumulate,0.017251578,0.017252111
12,124,receive_authenticate_accumulate,0.017233190,0.017233241
12,124,receive_authenticate_accumulate,0.017223485,0.017223611
12,124,round_coverage,0.000004130,0.000003556
12,125,round_reset,0.000009222,0.000007685
12,125,receive_authenticate_accumulate,0.025894095,0.025864816
12,125,receive_authenticate_accumulate,0.017229509,0.017229667
12,125,receive_authenticate_accumulate,0.017222213,0.017222093
12,125,receive_authenticate_accumulate,0.017226860,0.017226963
12,125,receive_authenticate_accumulate,0.017226972,0.017227111
12,125,receive_authenticate_accumulate,0.017225213,0.017225278
12,125,receive_authenticate_accumulate,0.017283285,0.017284759
12,125,receive_authenticate_accumulate,0.017229046,0.017229333
12,125,receive_authenticate_accumulate,0.017226583,0.017226667
12,125,reading_commitment_and_shares,0.026230942,0.026231444
12,125,receive_authenticate_accumulate,0.017228435,0.017228592
12,125,receive_authenticate_accumulate,0.017228843,0.017229055
12,125,receive_authenticate_accumulate,0.017238731,0.017238777
12,125,receive_authenticate_accumulate,0.017234472,0.017234593
12,125,receive_authenticate_accumulate,0.025855893,0.025856074
12,125,receive_authenticate_accumulate,0.017233750,0.017233888
12,125,receive_authenticate_accumulate,0.017226713,0.017226833
12,125,receive_authenticate_accumulate,0.017226657,0.017226907
12,125,receive_authenticate_accumulate,0.017237880,0.017237982
12,125,receive_authenticate_accumulate,0.017221677,0.017221741
12,125,receive_authenticate_accumulate,0.017233102,0.017233074
12,125,round_coverage,0.000004463,0.000003833
12,126,round_reset,0.000009167,0.000007945
12,126,receive_authenticate_accumulate,0.017236680,0.017236759
12,126,receive_authenticate_accumulate,0.017232754,0.017232889
12,126,receive_authenticate_accumulate,0.017231273,0.017231370
12,126,receive_authenticate_accumulate,0.017231681,0.017231722
12,126,receive_authenticate_accumulate,0.017236051,0.017236148
12,126,receive_authenticate_accumulate,0.017263162,0.017242518
12,126,receive_authenticate_accumulate,0.017234865,0.017234981
12,126,receive_authenticate_accumulate,0.017226107,0.017226166
12,126,receive_authenticate_accumulate,0.017236718,0.017236463
12,126,reading_commitment_and_shares,0.026327744,0.026299648
12,126,receive_authenticate_accumulate,0.017257310,0.017232204
12,126,receive_authenticate_accumulate,0.017268995,0.017270407
12,126,receive_authenticate_accumulate,0.017229588,0.017229796
12,126,receive_authenticate_accumulate,0.017227385,0.017227537
12,126,receive_authenticate_accumulate,0.017223107,0.017223037
12,126,receive_authenticate_accumulate,0.017243458,0.017243611
12,126,receive_authenticate_accumulate,0.017231570,0.017231685
12,126,receive_authenticate_accumulate,0.017262551,0.017234537
12,126,receive_authenticate_accumulate,0.017225922,0.017226111
12,126,receive_authenticate_accumulate,0.017228959,0.017229260
12,126,receive_authenticate_accumulate,0.017238366,0.017238463
12,126,round_coverage,0.000004277,0.000003537
12,127,round_reset,0.000010129,0.000008852
12,127,receive_authenticate_accumulate,0.017218704,0.017218852
12,127,receive_authenticate_accumulate,0.017235333,0.017235481
12,127,receive_authenticate_accumulate,0.017231611,0.017231815
12,127,receive_authenticate_accumulate,0.017242704,0.017242704
12,127,receive_authenticate_accumulate,0.017233000,0.017233500
12,127,receive_authenticate_accumulate,0.017273129,0.017253129
12,127,receive_authenticate_accumulate,0.017237704,0.017237796
12,127,receive_authenticate_accumulate,0.017232797,0.017232889
12,127,receive_authenticate_accumulate,0.017223037,0.017223185
12,127,reading_commitment_and_shares,0.026211902,0.026212481
12,127,receive_authenticate_accumulate,0.017224297,0.017224222
12,127,receive_authenticate_accumulate,0.017229685,0.017229852
12,127,receive_authenticate_accumulate,0.017269778,0.017244240
12,127,receive_authenticate_accumulate,0.017224593,0.017224777
12,127,receive_authenticate_accumulate,0.017226056,0.017226222
12,127,receive_authenticate_accumulate,0.017287518,0.017260167
12,127,receive_authenticate_accumulate,0.017233334,0.017233463
12,127,receive_authenticate_accumulate,0.017234037,0.017234093
12,127,receive_authenticate_accumulate,0.017232482,0.017232667
12,127,receive_authenticate_accumulate,0.017226649,0.017226778
12,127,receive_authenticate_accumulate,0.017229241,0.017229556
12,127,round_coverage,0.000004223,0.000003445
12,128,round_reset,0.000008852,0.000007611
12,128,receive_authenticate_accumulate,0.017228819,0.017228889
12,128,receive_authenticate_accumulate,0.017231394,0.017231518
12,128,receive_authenticate_accumulate,0.017270967,0.017243093
12,128,receive_authenticate_accumulate,0.017285022,0.017286166
12,128,receive_authenticate_accumulate,0.017233689,0.017233889
12,128,receive_authenticate_accumulate,0.017228430,0.017228444
12,128,receive_authenticate_accumulate,0.017226227,0.017226389
12,128,receive_authenticate_accumulate,0.017218894,0.017218963
12,128,receive_authenticate_accumulate,0.017228228,0.017228296
12,128,reading_commitment_and_shares,0.026213705,0.026213945
12,128,receive_authenticate_accumulate,0.017230282,0.017230074
12,128,receive_authenticate_accumulate,0.017271523,0.017253093
12,128,receive_authenticate_accumulate,0.017229727,0.017229759
12,128,receive_authenticate_accumulate,0.017230579,0.017230611
12,128,receive_authenticate_accumulate,0.017219931,0.017219981
12,128,receive_authenticate_accumulate,0.017249801,0.017249870
12,128,receive_authenticate_accumulate,0.017234375,0.017234667
12,128,receive_authenticate_accumulate,0.017241634,0.017241833
12,128,receive_authenticate_accumulate,0.017320856,0.017271371
12,128,receive_authenticate_accumulate,0.017226876,0.017226945
12,128,receive_authenticate_accumulate,0.017225358,0.017225167
12,128,round_coverage,0.000004426,0.000003778
12,129,round_reset,0.000010370,0.000008889
12,129,receive_authenticate_accumulate,0.017240008,0.017240222
12,129,receive_authenticate_accumulate,0.017223564,0.017223445
12,129,receive_authenticate_accumulate,0.017230565,0.017230593
12,129,receive_authenticate_accumulate,0.017261027,0.017238055
12,129,receive_authenticate_accumulate,0.017224417,0.017224556
12,129,receive_authenticate_accumulate,0.017226047,0.017226036
12,129,receive_authenticate_accumulate,0.017228064,0.017228074
12,129,receive_authenticate_accumulate,0.017255009,0.017255315
12,129,receive_authenticate_accumulate,0.017232879,0.017233037
12,129,reading_commitment_and_shares,0.026220175,0.026220296
12,129,receive_authenticate_accumulate,0.017224084,0.017224240
12,129,receive_authenticate_accumulate,0.017287212,0.017272888
12,129,receive_authenticate_accumulate,0.017223176,0.017223351
12,129,receive_authenticate_accumulate,0.017218880,0.017218963
12,129,receive_authenticate_accumulate,0.017234139,0.017234148
12,129,receive_authenticate_accumulate,0.017239065,0.017239018
12,129,receive_authenticate_accumulate,0.017249083,0.017233815
12,129,receive_authenticate_accumulate,0.017223417,0.017223537
12,129,receive_authenticate_accumulate,0.017227714,0.017227741
12,129,receive_authenticate_accumulate,0.017238751,0.017239037
12,129,receive_authenticate_accumulate,0.017295250,0.017249815
12,129,round_coverage,0.000004370,0.000003833
13,130,period_reset,0.000025203,0.000024000
13,130,receive_authenticate_accumulate,0.000088573,0.000088463
13,130,receive_authenticate_accumulate,0.000089314,0.000088981
13,130,receive_authenticate_accumulate,0.000086925,0.000086704
13,130,receive_authenticate_accumulate,0.000090277,0.000090055
13,130,receive_authenticate_accumulate,0.000088943,0.000088649
13,130,receive_authenticate_accumulate,0.000087387,0.000086907
13,130,receive_authenticate_accumulate,0.000087091,0.000086926
13,130,receive_authenticate_accumulate,0.000088610,0.000088203
13,130,receive_authenticate_accumulate,0.000067628,0.000067351
13,130,randomness_commit,0.000617398,0.000616963
13,130,receive_authenticate_accumulate,0.000064573,0.000064463
13,130,receive_authenticate_accumulate,0.000068277,0.000067796
13,130,receive_authenticate_accumulate,0.000067036,0.000066703
13,130,receive_authenticate_accumulate,0.000068055,0.000067704
13,130,receive_authenticate_accumulate,0.000067424,0.000066741
13,130,receive_authenticate_accumulate,0.000067036,0.000066630
13,130,receive_authenticate_accumulate,0.000066443,0.000066075
13,130,receive_authenticate_accumulate,0.000068018,0.000067426
13,130,receive_authenticate_accumulate,0.000067795,0.000067425
13,130,receive_authenticate_accumulate,0.000067295,0.000067074
13,130,receive_authenticate_accumulate,0.000065684,0.000065334
13,130,receive_authenticate_accumulate,0.000080665,0.000080389
13,130,receive_authenticate_accumulate,0.000080276,0.000080037
13,130,receive_authenticate_accumulate,0.000080554,0.000080204
13,130,receive_authenticate_accumulate,0.000081629,0.000081352
13,130,receive_authenticate_accumulate,0.000082036,0.000081740
13,130,receive_authenticate_accumulate,0.000079776,0.000079593
13,130,receive_authenticate_accumulate,0.000081498,0.000081204
13,130,receive_authenticate_accumulate,0.000081980,0.000081778
13,130,receive_authenticate_accumulate,0.000082573,0.000082167
13,130,randomness_reveal,0.000565898,0.000565426
13,130,receive_authenticate_accumulate,0.000077443,0.000077370
13,130,receive_authenticate_accumulate,0.000065296,0.000065222
13,130,receive_authenticate_accumulate,0.000068462,0.000068222
13,130,receive_authenticate_accumulate,0.000065536,0.000065407
13,130,receive_authenticate_accumulate,0.000065277,0.000064834
13,130,receive_authenticate_accumulate,0.000067147,0.000066963
13,130,receive_authenticate_accumulate,0.000065370,0.000065204
13,130,receive_authenticate_accumulate,0.000066017,0.000065722
13,130,receive_authenticate_accumulate,0.000065980,0.000065796
13,130,receive_authenticate_accumulate,0.000066203,0.000066037
13,130,receive_authenticate_accumulate,0.000064906,0.000064704
13,130,committee_selection,0.000123683,0.000123408
13,130,round_reset,0.000005426,0.000004611
13,130,receive_authenticate_accumulate,0.017237291,0.017237333
13,130,receive_authenticate_accumulate,0.017222328,0.017222482
13,130,receive_authenticate_accumulate,0.017223346,0.017223574
13,130,receive_authenticate_accumulate,0.017264679,0.017237556
13,130,receive_authenticate_accumulate,0.017232513,0.017232556
13,130,receive_authenticate_accumulate,0.017219310,0.017219407
13,130,receive_authenticate_accumulate,0.017234347,0.017234462
13,130,receive_authenticate_accumulate,0.017225698,0.017225740
13,130,receive_authenticate_accumulate,0.017222994,0.017223000
13,130,reading_commitment_and_shares,0.026222180,0.026222259
13,130,receive_authenticate_accumulate,0.017219976,0.017220092
13,130,receive_authenticate_accumulate,0.017226402,0.017225999
13,130,receive_authenticate_accumulate,0.017240994,0.017241185
13,130,receive_authenticate_accumulate,0.017281049,0.017259279
13,130,receive_authenticate_accumulate,0.017230458,0.017230518
13,130,receive_authenticate_accumulate,0.017280531,0.017239371
13,130,receive_authenticate_accumulate,0.017230032,0.017229833
13,130,receive_authenticate_accumulate,0.017278754,0.017251537
13,130,receive_authenticate_accumulate,0.017254958,0.017238166
13,130,receive_authenticate_accumulate,0.017228051,0.017227871
13,130,receive_authenticate_accumulate,0.017228588,0.017228648
13,130,round_coverage,0.000003981,0.000003352
13,131,round_reset,0.000009463,0.000007574
13,131,receive_authenticate_accumulate,0.017245461,0.017245741
13,131,receive_authenticate_accumulate,0.017264572,0.017264740
13,131,receive_authenticate_accumulate,0.017269423,0.017247982
13,131,receive_authenticate_accumulate,0.017222295,0.017222407
13,131,receive_authenticate_accumulate,0.017234998,0.017235222
13,131,receive_authenticate_accumulate,0.017233795,0.017233870
13,131,receive_authenticate_accumulate,0.017247609,0.017247815
13,131,receive_authenticate_accumulate,0.017231572,0.017231630
13,131,receive_authenticate_accumulate,0.017229628,0.017229704
13,131,reading_commitment_and_shares,0.026249648,0.026227889
13,131,receive_authenticate_accumulate,0.017223240,0.017223352
13,131,receive_authenticate_accumulate,0.017275053,0.017249777
13,131,receive_authenticate_accumulate,0.017223517,0.017223666
13,131,receive_authenticate_accumulate,0.017234370,0.017234852
13,131,receive_authenticate_accumulate,0.017232221,0.017232204
13,131,receive_authenticate_accumulate,0.017251906,0.017252036
13,131,receive_authenticate_accumulate,0.017250295,0.017250444
13,131,receive_authenticate_accumulate,0.017229759,0.017229778
13,131,receive_authenticate_accumulate,0.017228444,0.017228408
13,131,receive_authenticate_accumulate,0.017222499,0.017222556
13,131,receive_authenticate_accumulate,0.017223499,0.017223722
13,131,round_coverage,0.000004148,0.000003426
13,132,round_reset,0.000009797,0.000008481
13,132,receive_authenticate_accumulate,0.017235520,0.017235611
13,132,receive_authenticate_accumulate,0.017236224,0.017236130
13,132,receive_authenticate_accumulate,0.017261594,0.017244129
13,132,receive_authenticate_accumulate,0.017239409,0.017239556
13,132,receive_authenticate_accumulate,0.017258020,0.017258166
13,132,receive_authenticate_accumulate,0.017241428,0.017241519
13,132,receive_authenticate_accumulate,0.017301074,0.017259427
13,132,receive_authenticate_accumulate,0.017270538,0.017248519
13,132,receive_authenticate_accumulate,0.017231706,0.017231852
13,132,reading_commitment_and_shares,0.026215784,0.026216148
13,132,receive_authenticate_accumulate,0.017220632,0.017220648
13,132,receive_authenticate_accumulate,0.017228484,0.017228611
13,132,receive_authenticate_accumulate,0.017223317,0.017223481
13,132,receive_authenticate_accumulate,0.017227503,0.017227741
13,132,receive_authenticate_accumulate,0.017233521,0.017233704
13,132,receive_authenticate_accumulate,0.017224484,0.017224574
13,132,receive_authenticate_accumulate,0.017247428,0.017247740
13,132,receive_authenticate_accumulate,0.017233836,0.017233982
13,132,receive_authenticate_accumulate,0.017232947,0.017233018
13,132,receive_authenticate_accumulate,0.017237317,0.017236981
13,132,receive_authenticate_accumulate,0.017227132,0.017227334
13,132,round_coverage,0.000003852,0.000003240
13,133,round_reset,0.000009166,0.000007852
13,133,receive_authenticate_accumulate,0.017231265,0.017231204
13,133,receive_authenticate_accumulate,0.017230523,0.017230630
13,133,receive_authenticate_accumulate,0.017260579,0.017241685
13,133,receive_authenticate_accumulate,0.017227783,0.017227870
13,133,receive_authenticate_accumulate,0.017229210,0.017229185
13,133,receive_authenticate_accumulate,0.017234802,0.017234889
13,133,receive_authenticate_accumulate,0.017235227,0.017235278
13,133,receive_authenticate_accumulate,0.017233358,0.017233444
13,133,receive_authenticate_accumulate,0.017275764,0.017249907
13,133,reading_commitment_and_shares,0.026264289,0.026234889
13,133,receive_authenticate_accumulate,0.017221487,0.017221630
13,133,receive_authenticate_accumulate,0.017293153,0.017258074
13,133,receive_authenticate_accumulate,0.017240376,0.017240426
13,133,receive_authenticate_accumulate,0.017224895,0.017225000
13,133,receive_authenticate_accumulate,0.017225561,0.017225685
13,133,receive_authenticate_accumulate,0.017227432,0.017227630
13,133,receive_authenticate_accumulate,0.017232450,0.017232537
13,133,receive_authenticate_accumulate,0.017224303,0.017224407
13,133,receive_authenticate_accumulate,0.017222876,0.017222944
13,133,receive_authenticate_accumulate,0.017229135,0.017229241
13,133,receive_authenticate_accumulate,0.017227062,0.017227055
13,133,round_coverage,0.000004056,0.000003426
13,134,round_reset,0.000009129,0.000007907
13,134,receive_authenticate_accumulate,0.017229897,0.017229944
13,134,receive_authenticate_accumulate,0.017236712,0.017236759
13,134,receive_authenticate_accumulate,0.017262786,0.017242519
13,134,receive_authenticate_accumulate,0.017231249,0.017231370
13,134,receive_authenticate_accumulate,0.017222675,0.017222796
13,134,receive_authenticate_accumulate,0.017233787,0.017233889
13,134,receive_authenticate_accumulate,0.017233915,0.017233944
13,134,receive_authenticate_accumulate,0.017260286,0.017239481
13,134,receive_authenticate_accumulate,0.017224712,0.017224777
13,134,reading_commitment_and_shares,0.026209146,0.026209555
13,134,receive_authenticate_accumulate,0.017229602,0.017229852
13,134,receive_authenticate_accumulate,0.017228305,0.017228426
13,134,receive_authenticate_accumulate,0.017226360,0.017226222
13,134,receive_authenticate_accumulate,0.017233231,0.017233333
13,134,receive_authenticate_accumulate,0.017235231,0.017235259
13,134,receive_authenticate_accumulate,0.017236860,0.017237111
13,134,receive_authenticate_accumulate,0.017273230,0.017242463
13,134,receive_authenticate_accumulate,0.017230750,0.017230704
13,134,receive_authenticate_accumulate,0.017238453,0.017238500
13,134,receive_authenticate_accumulate,0.017229750,0.017229796
13,134,receive_authenticate_accumulate,0.017233546,0.017233574
13,134,round_coverage,0.000004222,0.000003574
13,135,round_reset,0.000009222,0.000007740
13,135,receive_authenticate_accumulate,0.017227492,0.017227722
13,135,receive_authenticate_accumulate,0.017255993,0.017256204
13,135,receive_authenticate_accumulate,0.017270548,0.017246055
13,135,receive_authenticate_accumulate,0.017225734,0.017225833
13,135,receive_authenticate_accumulate,0.017236622,0.017236648
13,135,receive_authenticate_accumulate,0.017228493,0.017228723
13,135,receive_authenticate_accumulate,0.017231475,0.017231611
13,135,receive_authenticate_accumulate,0.017233271,0.017233315
13,135,receive_authenticate_accumulate,0.017217642,0.017217759
13,135,reading_commitment_and_shares,0.026220707,0.026220852
13,135,receive_authenticate_accumulate,0.017259863,0.017234371
13,135,receive_authenticate_accumulate,0.017229937,0.017230241
13,135,receive_authenticate_accumulate,0.017223142,0.017223055
13,135,receive_authenticate_accumulate,0.017230383,0.017230445
13,135,receive_authenticate_accumulate,0.017228568,0.017228537
13,135,receive_authenticate_accumulate,0.017232938,0.017232889
13,135,receive_authenticate_accumulate,0.017233790,0.017233796
13,135,receive_authenticate_accumulate,0.017226475,0.017226574
13,135,receive_authenticate_accumulate,0.017229104,0.017229092
13,135,receive_authenticate_accumulate,0.017230919,0.017231019
13,135,receive_authenticate_accumulate,0.017221846,0.017222074
13,135,round_coverage,0.000003759,0.000003074
13,136,round_reset,0.000011444,0.000010018
13,136,receive_authenticate_accumulate,0.017229329,0.017229426
13,136,receive_authenticate_accumulate,0.017228255,0.017228315
13,136,receive_authenticate_accumulate,0.017254329,0.017239611
13,136,receive_authenticate_accumulate,0.017227662,0.017227648
13,136,receive_authenticate_accumulate,0.017230144,0.017230167
13,136,receive_authenticate_accumulate,0.017244477,0.017244518
13,136,receive_authenticate_accumulate,0.017230774,0.017230796
13,136,receive_authenticate_accumulate,0.017263033,0.017247259
13,136,receive_authenticate_accumulate,0.017229700,0.017229834
13,136,reading_commitment_and_shares,0.026216859,0.026217333
13,136,receive_authenticate_accumulate,0.017225996,0.017226019
13,136,receive_authenticate_accumulate,0.017229589,0.017229574
13,136,receive_authenticate_accumulate,0.017227089,0.017227130
13,136,receive_authenticate_accumulate,0.017237367,0.017237500
13,136,receive_authenticate_accumulate,0.017225681,0.017225574
13,136,receive_authenticate_accumulate,0.017222330,0.017222333
13,136,receive_authenticate_accumulate,0.017270570,0.017245742
13,136,receive_authenticate_accumulate,0.017226737,0.017226796
13,136,receive_authenticate_accumulate,0.017230329,0.017230462
13,136,receive_authenticate_accumulate,0.017258200,0.017258481
13,136,receive_authenticate_accumulate,0.017231348,0.017231407
13,136,round_coverage,0.000004037,0.000003444
13,137,round_reset,0.000009315,0.000007982
13,137,receive_authenticate_accumulate,0.017238831,0.017238889
13,137,receive_authenticate_accumulate,0.017228795,0.017228944
13,137,receive_authenticate_accumulate,0.017258701,0.017239555
13,137,receive_authenticate_accumulate,0.017230443,0.017230555
13,137,receive_authenticate_accumulate,0.017235406,0.017235408
13,137,receive_authenticate_accumulate,0.017231406,0.017231556
13,137,receive_authenticate_accumulate,0.017229980,0.017229870
13,137,receive_authenticate_accumulate,0.017253739,0.017253722
13,137,receive_authenticate_accumulate,0.017252276,0.017252111
13,137,reading_commitment_and_shares,0.026232177,0.026232500
13,137,receive_authenticate_accumulate,0.017223832,0.017223982
13,137,receive_authenticate_accumulate,0.017267628,0.017239464
13,137,receive_authenticate_accumulate,0.017230276,0.017230314
13,137,receive_authenticate_accumulate,0.017229296,0.017229463
13,137,receive_authenticate_accumulate,0.017265887,0.017240685
13,137,receive_authenticate_accumulate,0.017228295,0.017228371
13,137,receive_authenticate_accumulate,0.017235425,0.017235592
13,137,receive_authenticate_accumulate,0.017226758,0.017226833
13,137,receive_authenticate_accumulate,0.017225425,0.017225500
13,137,receive_authenticate_accumulate,0.017225610,0.017225630
13,137,receive_authenticate_accumulate,0.017234907,0.017234889
13,137,round_coverage,0.000004093,0.000003426
13,138,round_reset,0.000008629,0.000007389
13,138,receive_authenticate_accumulate,0.017227760,0.017227944
13,138,receive_authenticate_accumulate,0.017237371,0.017237462
13,138,receive_authenticate_accumulate,0.017266315,0.017246296
13,138,receive_authenticate_accumulate,0.017232723,0.017232815
13,138,receive_authenticate_accumulate,0.017225724,0.017226222
13,138,receive_authenticate_accumulate,0.017239538,0.017239556
13,138,receive_authenticate_accumulate,0.017238205,0.017238259
13,138,receive_authenticate_accumulate,0.017259149,0.017246185
13,138,receive_authenticate_accumulate,0.017233835,0.017233704
13,138,reading_commitment_and_shares,0.026215034,0.026215277
13,138,receive_authenticate_accumulate,0.017234539,0.017234852
13,138,receive_authenticate_accumulate,0.017267001,0.017266945
13,138,receive_authenticate_accumulate,0.017234909,0.017234889
13,138,receive_authenticate_accumulate,0.017234057,0.017234111
13,138,receive_authenticate_accumulate,0.017230983,0.017231055
13,138,receive_authenticate_accumulate,0.017231835,0.017231852
13,138,receive_authenticate_accumulate,0.017233983,0.017234185
13,138,receive_authenticate_accumulate,0.017281760,0.017256073
13,138,receive_authenticate_accumulate,0.017258983,0.017237740
13,138,receive_authenticate_accumulate,0.017227372,0.017227371
13,138,receive_authenticate_accumulate,0.017224243,0.017224277
13,138,round_coverage,0.000003925,0.000003481
13,139,round_reset,0.000010130,0.000008888
13,139,receive_authenticate_accumulate,0.017257891,0.017258259
13,139,receive_authenticate_accumulate,0.017227596,0.017227574
13,139,receive_authenticate_accumulate,0.017231540,0.017231500
13,139,receive_authenticate_accumulate,0.017238207,0.017238333
13,139,receive_authenticate_accumulate,0.017224208,0.017224167
13,139,receive_authenticate_accumulate,0.017270243,0.017243963
13,139,receive_authenticate_accumulate,0.017230040,0.017230240
13,139,receive_authenticate_accumulate,0.017280855,0.017257241
13,139,receive_authenticate_accumulate,0.017224745,0.017224648
13,139,reading_commitment_and_shares,0.026228444,0.026228593
13,139,receive_authenticate_accumulate,0.017226689,0.017226648
13,139,receive_authenticate_accumulate,0.017235448,0.017235408
13,139,receive_authenticate_accumulate,0.017235523,0.017235445
13,139,receive_authenticate_accumulate,0.017264059,0.017250629
13,139,receive_authenticate_accumulate,0.017233930,0.017233907
13,139,receive_authenticate_accumulate,0.017251337,0.017251685
13,139,receive_authenticate_accumulate,0.017260041,0.017238147
13,139,receive_authenticate_accumulate,0.017242578,0.017242833
13,139,receive_authenticate_accumulate,0.017261170,0.017244129
13,139,receive_authenticate_accumulate,0.017230967,0.017231092
13,139,receive_authenticate_accumulate,0.017224134,0.017224426
13,139,round_coverage,0.000003982,0.000003389
14,140,period_reset,0.000024482,0.000023444
14,140,receive_authenticate_accumulate,0.000091314,0.000091037
14,140,receive_authenticate_accumulate,0.000093277,0.000092982
14,140,receive_authenticate_accumulate,0.000092554,0.000092371
14,140,receive_authenticate_accumulate,0.000092480,0.000092277
14,140,receive_authenticate_accumulate,0.000092184,0.000091852
14,140,receive_authenticate_accumulate,0.000091647,0.000091407
14,140,receive_authenticate_accumulate,0.000091535,0.000091241
14,140,receive_authenticate_accumulate,0.000093999,0.000093667
14,140,receive_authenticate_accumulate,0.000070185,0.000069852
14,140,randomness_commit,0.000619787,0.000619574
14,140,receive_authenticate_accumulate,0.000065925,0.000065759
14,140,receive_authenticate_accumulate,0.000069740,0.000069648
14,140,receive_authenticate_accumulate,0.000070647,0.000070351
14,140,receive_authenticate_accumulate,0.000070425,0.000070278
14,140,receive_authenticate_accumulate,0.000070962,0.000070796
14,140,receive_authenticate_accumulate,0.000069481,0.000069296
14,140,receive_authenticate_accumulate,0.000069036,0.000068907
14,140,receive_authenticate_accumulate,0.000070277,0.000070056
14,140,receive_authenticate_accumulate,0.000070981,0.000071019
14,140,receive_authenticate_accumulate,0.000070999,0.000070889
14,140,receive_authenticate_accumulate,0.000069684,0.000069334
14,140,receive_authenticate_accumulate,0.000084740,0.000084759
14,140,receive_authenticate_accumulate,0.000085369,0.000085259
14,140,receive_authenticate_accumulate,0.000084183,0.000084074
14,140,receive_authenticate_accumulate,0.000084980,0.000084815
14,140,receive_authenticate_accumulate,0.000084277,0.000084167
14,140,receive_authenticate_accumulate,0.000083258,0.000083111
14,140,receive_authenticate_accumulate,0.000082980,0.000082667
14,140,receive_authenticate_accumulate,0.000085239,0.000084037
14,140,receive_authenticate_accumulate,0.000085518,0.000085278
14,140,randomness_reveal,0.000594084,0.000593797
14,140,receive_authenticate_accumulate,0.000078962,0.000078797
14,140,receive_authenticate_accumulate,0.000067203,0.000066944
14,140,receive_authenticate_accumulate,0.000068610,0.000068444
14,140,receive_authenticate_accumulate,0.000068295,0.000067907
14,140,receive_authenticate_accumulate,0.000069851,0.000069148
14,140,receive_authenticate_accumulate,0.000066443,0.000066185
14,140,receive_authenticate_accumulate,0.000067444,0.000067315
14,140,receive_authenticate_accumulate,0.000068147,0.000067834
14,140,receive_authenticate_accumulate,0.000069499,0.000069371
14,140,receive_authenticate_accumulate,0.000069147,0.000068945
14,140,receive_authenticate_accumulate,0.000070129,0.000069963
14,140,committee_selection,0.000127517,0.000127129
14,140,round_reset,0.000006018,0.000005204
14,140,receive_authenticate_accumulate,0.017231802,0.017231852
14,140,receive_authenticate_accumulate,0.000061481,0.000061277
14,140,receive_authenticate_accumulate,0.017230653,0.017230815
14,140,receive_authenticate_accumulate,0.000059444,0.000059371
14,140,receive_authenticate_accumulate,0.017266412,0.017242092
14,140,receive_authenticate_accumulate,0.000060554,0.000060408
14,140,receive_authenticate_accumulate,0.017258635,0.017258722
14,140,receive_authenticate_accumulate,0.000060166,0.000060000
14,140,receive_authenticate_accumulate,0.017241099,0.017241315
14,140,receive_authenticate_accumulate,0.000059573,0.000059185
14,140,receive_authenticate_accumulate,0.017230098,0.017230278
14,140,receive_authenticate_accumulate,0.000058981,0.000058870
14,140,receive_authenticate_accumulate,0.017235061,0.017235167
14,140,receive_authenticate_accumulate,0.000059832,0.000059593
14,140,receive_authenticate_accumulate,0.017227784,0.017227981
14,140,receive_authenticate_accumulate,0.000057999,0.000057926
14,140,receive_authenticate_accumulate,0.017227025,0.017227055
14,140,receive_authenticate_accumulate,0.000058981,0.000058630
14,140,reading_commitment_and_shares,0.026254744,0.026255222
14,140,receive_authenticate_accumulate,0.017226469,0.017226518
14,140,receive_authenticate_accumulate,0.000058851,0.000058685
14,140,receive_authenticate_accumulate,0.017227265,0.017227278
14,140,receive_authenticate_accumulate,0.000058944,0.000058871
14,140,receive_authenticate_accumulate,0.017229765,0.017229797
14,140,receive_authenticate_accumulate,0.000058333,0.000058315
14,140,receive_authenticate_accumulate,0.017240932,0.017241000
14,140,receive_authenticate_accumulate,0.000083573,0.000083370
14,140,receive_authenticate_accumulate,0.017224858,0.017224797
14,140,receive_authenticate_accumulate,0.000058888,0.000058704
14,140,receive_authenticate_accumulate,0.017269117,0.017251685
14,140,receive_authenticate_accumulate,0.000064869,0.000064333
14,140,receive_authenticate_accumulate,0.017228432,0.017228500
14,140,receive_authenticate_accumulate,0.000057333,0.000057092
14,140,receive_authenticate_accumulate,0.017229395,0.017229352
14,140,receive_authenticate_accumulate,0.000066907,0.000066778
14,140,receive_authenticate_accumulate,0.017236154,0.017236055
14,140,receive_authenticate_accumulate,0.000061110,0.000060852
14,140,receive_authenticate_accumulate,0.017232488,0.017232574
14,140,receive_authenticate_accumulate,0.000059129,0.000058981
14,140,receive_authenticate_accumulate,0.017286746,0.017247852
14,140,receive_authenticate_accumulate,0.000058666,0.000058426
14,140,round_coverage,0.000003667,0.000003037
14,140,spatial_report,0.000065777,0.000065519
14,141,round_reset,0.000010445,0.000008982
14,141,receive_authenticate_accumulate,0.017230785,0.017230814
14,141,receive_authenticate_accumulate,0.000060110,0.000059889
14,141,receive_authenticate_accumulate,0.017234804,0.017234889
14,141,receive_authenticate_accumulate,0.000061388,0.000061166
14,141,receive_authenticate_accumulate,0.017222656,0.017222926
14,141,receive_authenticate_accumulate,0.000059351,0.000059223
14,141,receive_authenticate_accumulate,0.017229786,0.017229759
14,141,receive_authenticate_accumulate,0.000059333,0.000059167
14,141,receive_authenticate_accumulate,0.017222860,0.017222870
14,141,receive_authenticate_accumulate,0.000060221,0.000060018
14,141,receive_authenticate_accumulate,0.017232730,0.017232722
14,141,receive_authenticate_accumulate,0.000060295,0.000060093
14,141,receive_authenticate_accumulate,0.017227267,0.017227315
14,141,receive_authenticate_accumulate,0.000059000,0.000058815
14,141,receive_authenticate_accumulate,0.017251637,0.017251592
14,141,receive_authenticate_accumulate,0.000060591,0.000060389
14,141,receive_authenticate_accumulate,0.017227508,0.017227500
14,141,receive_authenticate_accumulate,0.000059092,0.000058889
14,141,reading_commitment_and_shares,0.026215673,0.026215907
14,141,receive_authenticate_accumulate,0.017224212,0.017224370
14,141,receive_authenticate_accumulate,0.000058647,0.000058555
14,141,receive_authenticate_accumulate,0.017267137,0.017240686
14,141,receive_authenticate_accumulate,0.000059017,0.000058741
14,141,receive_authenticate_accumulate,0.017224471,0.017224629
14,141,receive_authenticate_accumulate,0.000058981,0.000058852
14,141,receive_authenticate_accumulate,0.017228063,0.017228148
14,141,receive_authenticate_accumulate,0.000059629,0.000059389
14,141,receive_authenticate_accumulate,0.017227008,0.017227111
14,141,receive_authenticate_accumulate,0.000058796,0.000058778
14,141,receive_authenticate_accumulate,0.017220971,0.017221185
14,141,receive_authenticate_accumulate,0.000060222,0.000059963
14,141,receive_authenticate_accumulate,0.017229490,0.017229518
14,141,receive_authenticate_accumulate,0.000059185,0.000058963
14,141,receive_authenticate_accumulate,0.017242823,0.017243037
14,141,receive_authenticate_accumulate,0.000058629,0.000058352
14,141,receive_authenticate_accumulate,0.017224064,0.017224166
14,141,receive_authenticate_accumulate,0.000059573,0.000059278
14,141,receive_authenticate_accumulate,0.017231897,0.017231889
14,141,receive_authenticate_accumulate,0.000058962,0.000058814
14,141,receive_authenticate_accumulate,0.017232008,0.017232000
14,141,receive_authenticate_accumulate,0.000058499,0.000058389
14,141,round_coverage,0.000003926,0.000003203
14,141,spatial_report,0.000062628,0.000062408
14,142,round_reset,0.000009371,0.000008000
14,142,receive_authenticate_accumulate,0.017229028,0.017229315
14,142,receive_authenticate_accumulate,0.000060999,0.000060796
14,142,receive_authenticate_accumulate,0.017288065,0.017257019
14,142,receive_authenticate_accumulate,0.000058536,0.000058333
14,142,receive_authenticate_accumulate,0.017231418,0.017231482
14,142,receive_authenticate_accumulate,0.000061925,0.000061777
14,142,receive_authenticate_accumulate,0.017230121,0.017230185
14,142,receive_authenticate_accumulate,0.000060814,0.000060630
14,142,receive_authenticate_accumulate,0.017225899,0.017226037
14,142,receive_authenticate_accumulate,0.000060740,0.000060555
14,142,receive_authenticate_accumulate,0.017232843,0.017232778
14,142,receive_authenticate_accumulate,0.000060111,0.000059851
14,142,receive_authenticate_accumulate,0.017222065,0.017222111
14,142,receive_authenticate_accumulate,0.000061128,0.000060852
14,142,receive_authenticate_accumulate,0.017232918,0.017233000
14,142,receive_authenticate_accumulate,0.000058574,0.000058481
14,142,receive_authenticate_accumulate,0.017226992,0.017226944
14,142,receive_authenticate_accumulate,0.000059092,0.000058907
14,142,reading_commitment_and_shares,0.026210380,0.026210722
14,142,receive_authenticate_accumulate,0.017217695,0.017217815
14,142,receive_authenticate_accumulate,0.000060759,0.000060593
14,142,receive_authenticate_accumulate,0.017225658,0.017225630
14,142,receive_authenticate_accumulate,0.000063055,0.000062888
14,142,receive_authenticate_accumulate,0.017267954,0.017243427
14,142,receive_authenticate_accumulate,0.000059796,0.000059611
14,142,receive_authenticate_accumulate,0.017230343,0.017230277
14,142,receive_authenticate_accumulate,0.000094888,0.000094407
14,142,receive_authenticate_accumulate,0.017224529,0.017224611
14,142,receive_authenticate_accumulate,0.000058980,0.000058759
14,142,receive_authenticate_accumulate,0.017266658,0.017242944
14,142,receive_authenticate_accumulate,0.000058462,0.000058444
14,142,receive_authenticate_accumulate,0.017221418,0.017221463
14,142,receive_authenticate_accumulate,0.000058832,0.000058518
14,142,receive_authenticate_accumulate,0.017228566,0.017228556
14,142,receive_authenticate_accumulate,0.000058000,0.000057833
14,142,receive_authenticate_accumulate,0.017224769,0.017224796
14,142,receive_authenticate_accumulate,0.000058221,0.000057981
14,142,receive_authenticate_accumulate,0.017223454,0.017223482
14,142,receive_authenticate_accumulate,0.000057166,0.000057037
14,142,receive_authenticate_accumulate,0.017221343,0.017221574
14,142,receive_authenticate_accumulate,0.000056944,0.000056741
14,142,round_coverage,0.000004445,0.000003759
14,142,spatial_report,0.000063128,0.000062852
14,143,round_reset,0.000010278,0.000008945
14,143,receive_authenticate_accumulate,0.017292548,0.017257722
14,143,receive_authenticate_accumulate,0.000057962,0.000057889
14,143,receive_authenticate_accumulate,0.017229197,0.017229333
14,143,receive_authenticate_accumulate,0.000058999,0.000058797
14,143,receive_authenticate_accumulate,0.017262067,0.017232906
14,143,receive_authenticate_accumulate,0.000057555,0.000057370
14,143,receive_authenticate_accumulate,0.017230568,0.017230926
14,143,receive_authenticate_accumulate,0.000057277,0.000057111
14,143,receive_authenticate_accumulate,0.017259252,0.017243445
14,143,receive_authenticate_accumulate,0.000057852,0.000057648
14,143,receive_authenticate_accumulate,0.017217326,0.017217482
14,143,receive_authenticate_accumulate,0.000058925,0.000058852
14,143,receive_authenticate_accumulate,0.017226123,0.017226167
14,143,receive_authenticate_accumulate,0.000058018,0.000057630
14,143,receive_authenticate_accumulate,0.017238197,0.017238222
14,143,receive_authenticate_accumulate,0.000058425,0.000058426
14,143,receive_authenticate_accumulate,0.017225549,0.017225666
14,143,receive_authenticate_accumulate,0.000057296,0.000057203
14,143,reading_commitment_and_shares,0.026214846,0.026214852
14,143,receive_authenticate_accumulate,0.017216993,0.017217167
14,143,receive_authenticate_accumulate,0.000058055,0.000057778
14,143,receive_authenticate_accumulate,0.017229160,0.017229389
14,143,receive_authenticate_accumulate,0.000057166,0.000056963
14,143,receive_authenticate_accumulate,0.017234086,0.017234222
14,143,receive_authenticate_accumulate,0.000058499,0.000058352
14,143,receive_authenticate_accumulate,0.017228104,0.017228203
14,143,receive_authenticate_accumulate,0.000058388,0.000058240
14,143,receive_authenticate_accumulate,0.017232864,0.017232907
14,143,receive_authenticate_accumulate,0.000067462,0.000067149
14,143,receive_authenticate_accumulate,0.017258975,0.017258852
14,143,receive_authenticate_accumulate,0.000061036,0.000060815
14,143,receive_authenticate_accumulate,0.017232401,0.017232500
14,143,receive_authenticate_accumulate,0.000060926,0.000060723
14,143,receive_authenticate_accumulate,0.017234253,0.017234093
14,143,receive_authenticate_accumulate,0.000060351,0.000060166
14,143,receive_authenticate_accumulate,0.017282363,0.017255667
14,143,receive_authenticate_accumulate,0.000062462,0.000062370
14,143,receive_authenticate_accumulate,0.017230513,0.017230611
14,143,receive_authenticate_accumulate,0.000059833,0.000059759
14,143,receive_authenticate_accumulate,0.017228049,0.017228093
14,143,receive_authenticate_accumulate,0.000060314,0.000060204
14,143,round_coverage,0.000004074,0.000003408
14,143,spatial_report,0.000069332,0.000068926
14,144,round_reset,0.000009537,0.000008334
14,144,receive_authenticate_accumulate,0.025847539,0.025847796
14,144,receive_authenticate_accumulate,0.000062758,0.000062408
14,144,receive_authenticate_accumulate,0.017222477,0.017222593
14,144,receive_authenticate_accumulate,0.000060185,0.000059926
14,144,receive_authenticate_accumulate,0.017224365,0.017224574
14,144,receive_authenticate_accumulate,0.000061091,0.000060944
14,144,receive_authenticate_accumulate,0.017237755,0.017237723
14,144,receive_authenticate_accumulate,0.000063147,0.000062778
14,144,receive_authenticate_accumulate,0.017265735,0.017240741
14,144,receive_authenticate_accumulate,0.000061870,0.000061574
14,144,receive_authenticate_accumulate,0.017228310,0.017228352
14,144,receive_authenticate_accumulate,0.000059555,0.000059278
14,144,receive_authenticate_accumulate,0.017233866,0.017233870
14,144,receive_authenticate_accumulate,0.000059277,0.000059093
14,144,receive_authenticate_accumulate,0.017239125,0.017239240
14,144,receive_authenticate_accumulate,0.000059722,0.000059537
14,144,receive_authenticate_accumulate,0.017230828,0.017230907
14,144,receive_authenticate_accumulate,0.000058962,0.000058833
14,144,reading_commitment_and_shares,0.026218108,0.026218334
14,144,receive_authenticate_accumulate,0.017250606,0.017232444
14,144,receive_authenticate_accumulate,0.000058629,0.000058407
14,144,receive_authenticate_accumulate,0.017229217,0.017229314
14,144,receive_authenticate_accumulate,0.000059277,0.000059149
14,144,receive_authenticate_accumulate,0.017226440,0.017226519
14,144,receive_authenticate_accumulate,0.000058962,0.000058759
14,144,receive_authenticate_accumulate,0.017230940,0.017230963
14,144,receive_authenticate_accumulate,0.000061073,0.000060777
14,144,receive_authenticate_accumulate,0.017239162,0.017239611
14,144,receive_authenticate_accumulate,0.000059462,0.000059259
14,144,receive_authenticate_accumulate,0.017252421,0.017229629
14,144,receive_authenticate_accumulate,0.000059944,0.000059797
14,144,receive_authenticate_accumulate,0.017217106,0.017217074
14,144,receive_authenticate_accumulate,0.000059480,0.000059167
14,144,receive_authenticate_accumulate,0.017227755,0.017227778
14,144,receive_authenticate_accumulate,0.000060388,0.000060185
14,144,receive_authenticate_accumulate,0.017362105,0.017288980
14,144,receive_authenticate_accumulate,0.000062518,0.000062296
14,144,receive_authenticate_accumulate,0.017341975,0.017285352
14,144,receive_authenticate_accumulate,0.000060832,0.000060592
14,144,receive_authenticate_accumulate,0.017225588,0.017225666
14,144,receive_authenticate_accumulate,0.000058962,0.000058704
14,144,round_coverage,0.000003851,0.000003241
14,144,spatial_report,0.000066185,0.000066093
14,145,round_reset,0.000008963,0.000007833
14,145,receive_authenticate_accumulate,0.017272330,0.017248445
14,145,receive_authenticate_accumulate,0.000060443,0.000059926
14,145,receive_authenticate_accumulate,0.017235219,0.017235037
14,145,receive_authenticate_accumulate,0.000058833,0.000058648
14,145,receive_authenticate_accumulate,0.017219126,0.017219111
14,145,receive_authenticate_accumulate,0.000059888,0.000059685
14,145,receive_authenticate_accumulate,0.017225070,0.017225111
14,145,receive_authenticate_accumulate,0.000058462,0.000058278
14,145,receive_authenticate_accumulate,0.017221571,0.017221648
14,145,receive_authenticate_accumulate,0.000057332,0.000057056
14,145,receive_authenticate_accumulate,0.017262422,0.017242278
14,145,receive_authenticate_accumulate,0.000059091,0.000059000
14,145,receive_authenticate_accumulate,0.017227626,0.017227611
14,145,receive_authenticate_accumulate,0.000056999,0.000056907
14,145,receive_authenticate_accumulate,0.017296625,0.017259147
14,145,receive_authenticate_accumulate,0.000059925,0.000059593
14,145,receive_authenticate_accumulate,0.017264219,0.017264204
14,145,receive_authenticate_accumulate,0.000060444,0.000060259
14,145,reading_commitment_and_shares,0.026299609,0.026265685
14,145,receive_authenticate_accumulate,0.017223330,0.017223333
14,145,receive_authenticate_accumulate,0.000058111,0.000057963
14,145,receive_authenticate_accumulate,0.017222885,0.017222945
14,145,receive_authenticate_accumulate,0.000059499,0.000059111
14,145,receive_authenticate_accumulate,0.017224997,0.017224962
14,145,receive_authenticate_accumulate,0.000058147,0.000057945
14,145,receive_authenticate_accumulate,0.017263811,0.017237167
14,145,receive_authenticate_accumulate,0.000062573,0.000062389
14,145,receive_authenticate_accumulate,0.017227923,0.017227908
14,145,receive_authenticate_accumulate,0.000059481,0.000059296
14,145,receive_authenticate_accumulate,0.017267108,0.017239203
14,145,receive_authenticate_accumulate,0.000059869,0.000059759
14,145,receive_authenticate_accumulate,0.017225238,0.017224852
14,145,receive_authenticate_accumulate,0.000061406,0.000061241
14,145,receive_authenticate_accumulate,0.017223386,0.017223297
14,145,receive_authenticate_accumulate,0.000072758,0.000072648
14,145,receive_authenticate_accumulate,0.017218164,0.017218112
14,145,receive_authenticate_accumulate,0.000059833,0.000059722
14,145,receive_authenticate_accumulate,0.017219330,0.017219167
14,145,receive_authenticate_accumulate,0.000059037,0.000058796
14,145,receive_authenticate_accumulate,0.017226775,0.017226851
14,145,receive_authenticate_accumulate,0.000059980,0.000059870
14,145,round_coverage,0.000003871,0.000003241
14,145,spatial_report,0.000064907,0.000064463
14,146,round_reset,0.000009167,0.000007888
14,146,receive_authenticate_accumulate,0.025848859,0.025848926
14,146,receive_authenticate_accumulate,0.000060592,0.000060352
14,146,receive_authenticate_accumulate,0.017222424,0.017222481
14,146,receive_authenticate_accumulate,0.000058685,0.000058593
14,146,receive_authenticate_accumulate,0.017229776,0.017229648
14,146,receive_authenticate_accumulate,0.000058536,0.000058482
14,146,receive_authenticate_accumulate,0.017237665,0.017237555
14,146,receive_authenticate_accumulate,0.000061037,0.000060944
14,146,receive_authenticate_accumulate,0.017239202,0.017239185
14,146,receive_authenticate_accumulate,0.000059610,0.000059500
14,146,receive_authenticate_accumulate,0.017218887,0.017219519
14,146,receive_authenticate_accumulate,0.000058722,0.000058481
14,146,receive_authenticate_accumulate,0.017220313,0.017220537
14,146,receive_authenticate_accumulate,0.000058981,0.000058870
14,146,receive_authenticate_accumulate,0.017256869,0.017234814
14,146,receive_authenticate_accumulate,0.000059222,0.000059074
14,146,receive_authenticate_accumulate,0.017244146,0.017244185
14,146,receive_authenticate_accumulate,0.000059369,0.000059055
14,146,reading_commitment_and_shares,0.026212687,0.026213000
14,146,receive_authenticate_accumulate,0.017216313,0.017216389
14,146,receive_authenticate_accumulate,0.000059999,0.000059537
14,146,receive_authenticate_accumulate,0.017222239,0.017222314
14,146,receive_authenticate_accumulate,0.000058592,0.000058519
14,146,receive_authenticate_accumulate,0.017262091,0.017262426
14,146,receive_authenticate_accumulate,0.000061666,0.000061445
14,146,receive_authenticate_accumulate,0.017219943,0.017219815
14,146,receive_authenticate_accumulate,0.000061055,0.000061000
14,146,receive_authenticate_accumulate,0.017293572,0.017253019
14,146,receive_authenticate_accumulate,0.000060110,0.000059963
14,146,receive_authenticate_accumulate,0.017228591,0.017228759
14,146,receive_authenticate_accumulate,0.000061425,0.000061166
14,146,receive_authenticate_accumulate,0.017231109,0.017231277
14,146,receive_authenticate_accumulate,0.000060555,0.000060463
14,146,receive_authenticate_accumulate,0.017223462,0.017223407
14,146,receive_authenticate_accumulate,0.000061407,0.000061185
14,146,receive_authenticate_accumulate,0.017259553,0.017240574
14,146,receive_authenticate_accumulate,0.000060092,0.000059833
14,146,receive_authenticate_accumulate,0.017229776,0.017229741
14,146,receive_authenticate_accumulate,0.000061592,0.000061297
14,146,receive_authenticate_accumulate,0.017220147,0.017219908
14,146,receive_authenticate_accumulate,0.000059462,0.000059277
14,146,round_coverage,0.000004000,0.000003297
14,146,spatial_report,0.000063999,0.000063722
14,147,round_reset,0.000009223,0.000008000
14,147,receive_authenticate_accumulate,0.017227148,0.017227315
14,147,receive_authenticate_accumulate,0.000061073,0.000060981
14,147,receive_authenticate_accumulate,0.017213259,0.017213296
14,147,receive_authenticate_accumulate,0.000068888,0.000068722
14,147,receive_authenticate_accumulate,0.017230056,0.017230203
14,147,receive_authenticate_accumulate,0.000059684,0.000059314
14,147,receive_authenticate_accumulate,0.017270962,0.017244389
14,147,receive_authenticate_accumulate,0.000061018,0.000060908
14,147,receive_authenticate_accumulate,0.017218722,0.017218759
14,147,receive_authenticate_accumulate,0.000059722,0.000059445
14,147,receive_authenticate_accumulate,0.017225351,0.017225370
14,147,receive_authenticate_accumulate,0.000061944,0.000061796
14,147,receive_authenticate_accumulate,0.017267703,0.017246480
14,147,receive_authenticate_accumulate,0.000058629,0.000058296
14,147,receive_authenticate_accumulate,0.017225870,0.017225870
14,147,receive_authenticate_accumulate,0.000060351,0.000060055
14,147,receive_authenticate_accumulate,0.017223815,0.017223740
14,147,receive_authenticate_accumulate,0.000061074,0.000060981
14,147,reading_commitment_and_shares,0.026211448,0.026211648
14,147,receive_authenticate_accumulate,0.017250481,0.017232815
14,147,receive_authenticate_accumulate,0.000060370,0.000060204
14,147,receive_authenticate_accumulate,0.017236204,0.017236185
14,147,receive_authenticate_accumulate,0.000059036,0.000058871
14,147,receive_authenticate_accumulate,0.017220630,0.017220833
14,147,receive_authenticate_accumulate,0.000059814,0.000059649
14,147,receive_authenticate_accumulate,0.017227629,0.017227611
14,147,receive_authenticate_accumulate,0.000076129,0.000076074
14,147,receive_authenticate_accumulate,0.017216556,0.017216685
14,147,receive_authenticate_accumulate,0.000057332,0.000057296
14,147,receive_authenticate_accumulate,0.017225778,0.017225778
14,147,receive_authenticate_accumulate,0.000057629,0.000057463
14,147,receive_authenticate_accumulate,0.017249444,0.017249555
14,147,receive_authenticate_accumulate,0.000059666,0.000059518
14,147,receive_authenticate_accumulate,0.017217741,0.017217796
14,147,receive_authenticate_accumulate,0.000056796,0.000056555
14,147,receive_authenticate_accumulate,0.017254611,0.017228038
14,147,receive_authenticate_accumulate,0.000057666,0.000057611
14,147,receive_authenticate_accumulate,0.017218482,0.017218463
14,147,receive_authenticate_accumulate,0.000061129,0.000060981
14,147,receive_authenticate_accumulate,0.017256703,0.017239518
14,147,receive_authenticate_accumulate,0.000057295,0.000057185
14,147,round_coverage,0.000003982,0.000003204
14,147,spatial_report,0.000064295,0.000063982
14,148,round_reset,0.000008667,0.000007426
14,148,receive_authenticate_accumulate,0.017227741,0.017227796
14,148,receive_authenticate_accumulate,0.000057592,0.000057370
14,148,receive_authenticate_accumulate,0.017223445,0.017223852
14,148,receive_authenticate_accumulate,0.000057018,0.000056649
14,148,receive_authenticate_accumulate,0.017226316,0.017226388
14,148,receive_authenticate_accumulate,0.000058333,0.000058074
14,148,receive_authenticate_accumulate,0.017221297,0.017221278
14,148,receive_authenticate_accumulate,0.000058259,0.000057907
14,148,receive_authenticate_accumulate,0.017221168,0.017221352
14,148,receive_authenticate_accumulate,0.000058259,0.000058093
14,148,receive_authenticate_accumulate,0.017285407,0.017259944
14,148,receive_authenticate_accumulate,0.000065147,0.000064870
14,148,receive_authenticate_accumulate,0.017233705,0.017233741
14,148,receive_authenticate_accumulate,0.000061999,0.000061629
14,148,receive_authenticate_accumulate,0.017224224,0.017224111
14,148,receive_authenticate_accumulate,0.000058981,0.000058796
14,148,receive_authenticate_accumulate,0.017223834,0.017223926
14,148,receive_authenticate_accumulate,0.000072888,0.000072537
14,148,reading_commitment_and_shares,0.026204376,0.026204573
14,148,receive_authenticate_accumulate,0.017225964,0.017226000
14,148,receive_authenticate_accumulate,0.000058647,0.000058371
14,148,receive_authenticate_accumulate,0.017235224,0.017235352
14,148,receive_authenticate_accumulate,0.000061091,0.000060981
14,148,receive_authenticate_accumulate,0.017220798,0.017220815
14,148,receive_authenticate_accumulate,0.000059851,0.000059685
14,148,receive_authenticate_accumulate,0.017224168,0.017224130
14,148,receive_authenticate_accumulate,0.000062499,0.000062111
14,148,receive_authenticate_accumulate,0.017227372,0.017227352
14,148,receive_authenticate_accumulate,0.000060388,0.000060297
14,148,receive_authenticate_accumulate,0.017222501,0.017222537
14,148,receive_authenticate_accumulate,0.000064629,0.000064444
14,148,receive_authenticate_accumulate,0.017226668,0.017226760
14,148,receive_authenticate_accumulate,0.000059259,0.000059037
14,148,receive_authenticate_accumulate,0.017224705,0.017224741
14,148,receive_authenticate_accumulate,0.000059685,0.000059445
14,148,receive_authenticate_accumulate,0.017224446,0.017224630
14,148,receive_authenticate_accumulate,0.000058351,0.000058055
14,148,receive_authenticate_accumulate,0.017228797,0.017228796
14,148,receive_authenticate_accumulate,0.000057851,0.000057481
14,148,receive_authenticate_accumulate,0.017269149,0.017244167
14,148,receive_authenticate_accumulate,0.000061444,0.000061185
14,148,round_coverage,0.000003907,0.000003259
14,148,spatial_report,0.000066721,0.000066444
14,149,round_reset,0.000009833,0.000008129
14,149,receive_authenticate_accumulate,0.025895846,0.025864278
14,149,receive_authenticate_accumulate,0.000059054,0.000059074
14,149,receive_authenticate_accumulate,0.017229632,0.017229555
14,149,receive_authenticate_accumulate,0.000059851,0.000059833
14,149,receive_authenticate_accumulate,0.017228336,0.017228334
14,149,receive_authenticate_accumulate,0.000059128,0.000058815
14,149,receive_authenticate_accumulate,0.017217540,0.017217574
14,149,receive_authenticate_accumulate,0.000058962,0.000058815
14,149,receive_authenticate_accumulate,0.017221817,0.017221778
14,149,receive_authenticate_accumulate,0.000059666,0.000059426
14,149,receive_authenticate_accumulate,0.017218502,0.017218537
14,149,receive_authenticate_accumulate,0.000059666,0.000059592
14,149,receive_authenticate_accumulate,0.017231392,0.017231370
14,149,receive_authenticate_accumulate,0.000059240,0.000058870
14,149,receive_authenticate_accumulate,0.017256798,0.017240315
14,149,receive_authenticate_accumulate,0.000060110,0.000059907
14,149,receive_authenticate_accumulate,0.017241298,0.017241315
14,149,receive_authenticate_accumulate,0.000063110,0.000062907
14,149,reading_commitment_and_shares,0.026254118,0.026254796
14,149,receive_authenticate_accumulate,0.017216225,0.017216296
14,149,receive_authenticate_accumulate,0.000060314,0.000060074
14,149,receive_authenticate_accumulate,0.017227058,0.017226963
14,149,receive_authenticate_accumulate,0.000059518,0.000059408
14,149,receive_authenticate_accumulate,0.017217355,0.017217574
14,149,receive_authenticate_accumulate,0.000061999,0.000061796
14,149,receive_authenticate_accumulate,0.017225039,0.017224888
14,149,receive_authenticate_accumulate,0.000058536,0.000058389
14,149,receive_authenticate_accumulate,0.017221614,0.017221536
14,149,receive_authenticate_accumulate,0.000059370,0.000059259
14,149,receive_authenticate_accumulate,0.017225965,0.017225852
14,149,receive_authenticate_accumulate,0.000058999,0.000058666
14,149,receive_authenticate_accumulate,0.017264687,0.017241093
14,149,receive_authenticate_accumulate,0.000058407,0.000058259
14,149,receive_authenticate_accumulate,0.017228892,0.017229018
14,149,receive_authenticate_accumulate,0.000060444,0.000060223
14,149,receive_authenticate_accumulate,0.017225873,0.017225908
14,149,receive_authenticate_accumulate,0.000059184,0.000059000
14,149,receive_authenticate_accumulate,0.017230318,0.017230148
14,149,receive_authenticate_accumulate,0.000058925,0.000058778
14,149,receive_authenticate_accumulate,0.017219762,0.017219871
14,149,receive_authenticate_accumulate,0.000059870,0.000059685
14,149,round_coverage,0.000004148,0.000003667
14,149,spatial_report,0.000063203,0.000062944
14,149,billing_report,0.000426049,0.000425685
14,149,shutdown,0.000007648,0.000006056
