period,round,phase,wall_seconds,cpu_seconds
0,0,period_reset,0.000022073,0.000021463
0,0,receive_authenticate_accumulate,0.000080907,0.000080723
0,0,receive_authenticate_accumulate,0.000039499,0.000039129
0,0,receive_authenticate_accumulate,0.000038167,0.000037833
0,0,receive_authenticate_accumulate,0.000032111,0.000031666
0,0,receive_authenticate_accumulate,0.000037222,0.000036926
0,0,receive_authenticate_accumulate,0.000038944,0.000038111
0,0,receive_authenticate_accumulate,0.000032703,0.000032481
0,0,receive_authenticate_accumulate,0.000038352,0.000037481
0,0,receive_authenticate_accumulate,0.000038852,0.000038445
0,0,receive_authenticate_accumulate,0.000032408,0.000032111
0,0,receive_authenticate_accumulate,0.000039055,0.000038723
0,0,randomness_commit,0.000439404,0.000439241
0,0,receive_authenticate_accumulate,0.000028482,0.000028055
0,0,receive_authenticate_accumulate,0.000037500,0.000037112
0,0,receive_authenticate_accumulate,0.000038222,0.000037926
0,0,receive_authenticate_accumulate,0.000032240,0.000031889
0,0,receive_authenticate_accumulate,0.000038370,0.000038037
0,0,receive_authenticate_accumulate,0.000039018,0.000038703
0,0,receive_authenticate_accumulate,0.000032481,0.000032185
0,0,receive_authenticate_accumulate,0.000038500,0.000038186
0,0,receive_authenticate_accumulate,0.000031667,0.000031223
0,0,receive_authenticate_accumulate,0.000047352,0.000047056
0,0,receive_authenticate_accumulate,0.000046981,0.000046630
0,0,receive_authenticate_accumulate,0.000040833,0.000040592
0,0,receive_authenticate_accumulate,0.000047055,0.000046741
0,0,receive_authenticate_accumulate,0.000046518,0.000046167
0,0,receive_authenticate_accumulate,0.000040833,0.000040352
0,0,receive_authenticate_accumulate,0.000047389,0.000046852
0,0,receive_authenticate_accumulate,0.000039907,0.000039482
0,0,receive_authenticate_accumulate,0.000045833,0.000045574
0,0,receive_authenticate_accumulate,0.000047166,0.000046815
0,0,receive_authenticate_accumulate,0.000040259,0.000040074
0,0,randomness_reveal,0.000303943,0.000303463
0,0,receive_authenticate_accumulate,0.000044129,0.000043944
0,0,receive_authenticate_accumulate,0.000045555,0.000045240
0,0,receive_authenticate_accumulate,0.000040740,0.000040519
0,0,receive_authenticate_accumulate,0.000046296,0.000046037
0,0,receive_authenticate_accumulate,0.000039222,0.000039018
0,0,receive_authenticate_accumulate,0.000046055,0.000045500
0,0,receive_authenticate_accumulate,0.000046518,0.000046112
0,0,receive_authenticate_accumulate,0.000040240,0.000039981
0,0,receive_authenticate_accumulate,0.000046148,0.000045852
0,0,committee_selection,0.000088074,0.000087629
0,0,round_reset,0.000006074,0.000005371
0,0,receive_authenticate_accumulate,0.017277997,0.017277926
0,0,receive_authenticate_accumulate,0.017221645,0.017221426
0,0,receive_authenticate_accumulate,0.017228368,0.017228167
0,0,receive_authenticate_accumulate,0.017219368,0.017219241
0,0,receive_authenticate_accumulate,0.017225238,0.017225019
0,0,receive_authenticate_accumulate,0.017225553,0.017225334
0,0,receive_authenticate_accumulate,0.017225405,0.017225240
0,0,receive_authenticate_accumulate,0.017213313,0.017212648
0,0,receive_authenticate_accumulate,0.017222627,0.017222352
0,0,receive_authenticate_accumulate,0.017224590,0.017224389
0,0,receive_authenticate_accumulate,0.017241942,0.017241778
0,0,reading_commitment_and_shares,0.026257030,0.026256944
0,0,receive_authenticate_accumulate,0.017229202,0.017228926
0,0,receive_authenticate_accumulate,0.017263053,0.017235777
0,0,receive_authenticate_accumulate,0.017234016,0.017233759
0,0,receive_authenticate_accumulate,0.017279201,0.017244074
0,0,receive_authenticate_accumulate,0.017222147,0.017222111
0,0,receive_authenticate_accumulate,0.017233313,0.017233333
0,0,receive_authenticate_accumulate,0.017227368,0.017227074
0,0,receive_authenticate_accumulate,0.017224646,0.017224463
0,0,receive_authenticate_accumulate,0.017231035,0.017230834
0,0,round_coverage,0.000003889,0.000003148
0,1,round_reset,0.000010389,0.000008815
0,1,receive_authenticate_accumulate,0.017276444,0.017241761
0,1,receive_authenticate_accumulate,0.017231018,0.017230722
0,1,receive_authenticate_accumulate,0.017221981,0.017221722
0,1,receive_authenticate_accumulate,0.017228314,0.017228074
0,1,receive_authenticate_accumulate,0.017226944,0.017226722
0,1,receive_authenticate_accumulate,0.017220426,0.017220111
0,1,receive_authenticate_accumulate,0.017229240,0.017229130
0,1,receive_authenticate_accumulate,0.017219722,0.017219389
0,1,receive_authenticate_accumulate,0.017247351,0.017247334
0,1,receive_authenticate_accumulate,0.017265296,0.017236778
0,1,receive_authenticate_accumulate,0.017221981,0.017221796
0,1,reading_commitment_and_shares,0.026278793,0.026257388
0,1,receive_authenticate_accumulate,0.017220148,0.017219870
0,1,receive_authenticate_accumulate,0.017227240,0.017226981
0,1,receive_authenticate_accumulate,0.017264463,0.017244426
0,1,receive_authenticate_accumulate,0.017244518,0.017231500
0,1,receive_authenticate_accumulate,0.017226037,0.017225815
0,1,receive_authenticate_accumulate,0.017226889,0.017226352
0,1,receive_authenticate_accumulate,0.017225704,0.017225741
0,1,receive_authenticate_accumulate,0.017223944,0.017223814
0,1,receive_authenticate_accumulate,0.017220056,0.017219889
0,1,round_coverage,0.000003982,0.000003204
0,2,round_reset,0.000009963,0.000008444
0,2,receive_authenticate_accumulate,0.017222372,0.017222333
0,2,receive_authenticate_accumulate,0.017269779,0.017241555
0,2,receive_authenticate_accumulate,0.017240668,0.017240648
0,2,receive_authenticate_accumulate,0.017231187,0.017231000
0,2,receive_authenticate_accumulate,0.017219279,0.017219037
0,2,receive_authenticate_accumulate,0.017277686,0.017239073
0,2,receive_authenticate_accumulate,0.017215410,0.017215092
0,2,receive_authenticate_accumulate,0.017226316,0.017226352
0,2,receive_authenticate_accumulate,0.017230631,0.017230241
0,2,receive_authenticate_accumulate,0.017229853,0.017229648
0,2,receive_authenticate_accumulate,0.017221317,0.017221130
0,2,reading_commitment_and_shares,0.026269667,0.026241148
0,2,receive_authenticate_accumulate,0.017224483,0.017224408
0,2,receive_authenticate_accumulate,0.017228057,0.017227740
0,2,receive_authenticate_accumulate,0.017268650,0.017243630
0,2,receive_authenticate_accumulate,0.017219243,0.017219018
0,2,receive_authenticate_accumulate,0.017234761,0.017234444
0,2,receive_authenticate_accumulate,0.017221613,0.017221352
0,2,receive_authenticate_accumulate,0.017218280,0.017218148
0,2,receive_authenticate_accumulate,0.017218965,0.017218667
0,2,receive_authenticate_accumulate,0.017226206,0.017226056
0,2,round_coverage,0.000003685,0.000002889
0,3,round_reset,0.000009740,0.000007815
0,3,receive_authenticate_accumulate,0.017225837,0.017225648
0,3,receive_authenticate_accumulate,0.017226985,0.017226722
0,3,receive_authenticate_accumulate,0.017217226,0.017217333
0,3,receive_authenticate_accumulate,0.017222040,0.017221982
0,3,receive_authenticate_accumulate,0.017225281,0.017225149
0,3,receive_authenticate_accumulate,0.017228225,0.017227981
0,3,receive_authenticate_accumulate,0.017220763,0.017220703
0,3,receive_authenticate_accumulate,0.017218022,0.017217834
0,3,receive_authenticate_accumulate,0.017237707,0.017237574
0,3,receive_authenticate_accumulate,0.017221356,0.017221222
0,3,receive_authenticate_accumulate,0.017228078,0.017227944
0,3,reading_commitment_and_shares,0.026252558,0.026234908
0,3,receive_authenticate_accumulate,0.017228282,0.017228074
0,3,receive_authenticate_accumulate,0.017240170,0.017239908
0,3,receive_authenticate_accumulate,0.017221412,0.017221222
0,3,receive_authenticate_accumulate,0.017259355,0.017237000
0,3,receive_authenticate_accumulate,0.017232708,0.017232574
0,3,receive_authenticate_accumulate,0.017228615,0.017228148
0,3,receive_authenticate_accumulate,0.017220911,0.017220648
0,3,receive_authenticate_accumulate,0.017228744,0.017228593
0,3,receive_authenticate_accumulate,0.017218504,0.017218463
0,3,round_coverage,0.000003981,0.000003130
0,4,round_reset,0.000010093,0.000008500
0,4,receive_authenticate_accumulate,0.017259524,0.017242278
0,4,receive_authenticate_accumulate,0.017227450,0.017227259
0,4,receive_authenticate_accumulate,0.017233560,0.017233223
0,4,receive_authenticate_accumulate,0.017222709,0.017222444
0,4,receive_authenticate_accumulate,0.017220506,0.017220315
0,4,receive_authenticate_accumulate,0.017225320,0.017225037
0,4,receive_authenticate_accumulate,0.017288801,0.017246519
0,4,receive_authenticate_accumulate,0.017268079,0.017267778
0,4,receive_authenticate_accumulate,0.017218821,0.017218537
0,4,receive_authenticate_accumulate,0.017232320,0.017232074
0,4,receive_authenticate_accumulate,0.017225876,0.017225944
0,4,reading_commitment_and_shares,0.026213636,0.026213407
0,4,receive_authenticate_accumulate,0.017216968,0.017217000
0,4,receive_authenticate_accumulate,0.017235357,0.017235259
0,4,receive_authenticate_accumulate,0.017219858,0.017219815
0,4,receive_authenticate_accumulate,0.017220616,0.017220519
0,4,receive_authenticate_accumulate,0.017218376,0.017218129
0,4,receive_authenticate_accumulate,0.017298746,0.017264871
0,4,receive_authenticate_accumulate,0.017230099,0.017229796
0,4,receive_authenticate_accumulate,0.017214561,0.017214333
0,4,receive_authenticate_accumulate,0.017270431,0.017241630
0,4,round_coverage,0.000003871,0.000003074
0,5,round_reset,0.000009241,0.000007796
0,5,receive_authenticate_accumulate,0.017225562,0.017225333
0,5,receive_authenticate_accumulate,0.017230618,0.017230463
0,5,receive_authenticate_accumulate,0.017222100,0.017221777
0,5,receive_authenticate_accumulate,0.017226081,0.017225926
0,5,receive_authenticate_accumulate,0.017230544,0.017230148
0,5,receive_authenticate_accumulate,0.017222804,0.017222500
0,5,receive_authenticate_accumulate,0.017217859,0.017217592
0,5,receive_authenticate_accumulate,0.017217729,0.017217481
0,5,receive_authenticate_accumulate,0.017227266,0.017227037
0,5,receive_authenticate_accumulate,0.017225488,0.017225037
0,5,receive_authenticate_accumulate,0.017247729,0.017247389
0,5,reading_commitment_and_shares,0.026262138,0.026235666
0,5,receive_authenticate_accumulate,0.017217859,0.017217611
0,5,receive_authenticate_accumulate,0.017235563,0.017235426
0,5,receive_authenticate_accumulate,0.017222063,0.017221685
0,5,receive_authenticate_accumulate,0.017218359,0.017218074
0,5,receive_authenticate_accumulate,0.017249211,0.017228296
0,5,receive_authenticate_accumulate,0.017230100,0.017229778
0,5,receive_authenticate_accumulate,0.017219489,0.017219371
0,5,receive_authenticate_accumulate,0.017231100,0.017231018
0,5,receive_authenticate_accumulate,0.017222137,0.017221944
0,5,round_coverage,0.000004722,0.000003463
0,6,round_reset,0.000009537,0.000008018
0,6,receive_authenticate_accumulate,0.017223231,0.017222963
0,6,receive_authenticate_accumulate,0.017222620,0.017222315
0,6,receive_authenticate_accumulate,0.017224823,0.017224611
0,6,receive_authenticate_accumulate,0.017221582,0.017221352
0,6,receive_authenticate_accumulate,0.017305786,0.017251408
0,6,receive_authenticate_accumulate,0.017233601,0.017233611
0,6,receive_authenticate_accumulate,0.017220102,0.017219925
0,6,receive_authenticate_accumulate,0.017217694,0.017217500
0,6,receive_authenticate_accumulate,0.017280304,0.017239981
0,6,receive_authenticate_accumulate,0.017229009,0.017228685
0,6,receive_authenticate_accumulate,0.017228842,0.017228611
0,6,reading_commitment_and_shares,0.026227289,0.026227130
0,6,receive_authenticate_accumulate,0.017222805,0.017222611
0,6,receive_authenticate_accumulate,0.131511275,0.017266000
0,6,receive_authenticate_accumulate,0.017219787,0.017219537
0,6,receive_authenticate_accumulate,0.017218398,0.017218185
0,6,receive_authenticate_accumulate,0.017227490,0.017227278
0,6,receive_authenticate_accumulate,0.017230731,0.017230556
0,6,receive_authenticate_accumulate,0.017229249,0.017229111
0,6,receive_authenticate_accumulate,0.017228064,0.017227945
0,6,receive_authenticate_accumulate,0.017223286,0.017223093
0,6,round_coverage,0.000004148,0.000003333
0,7,round_reset,0.000009352,0.000007963
0,7,receive_authenticate_accumulate,0.017218566,0.017218315
0,7,receive_authenticate_accumulate,0.017221066,0.017220908
0,7,receive_authenticate_accumulate,0.017224344,0.017224111
0,7,receive_authenticate_accumulate,0.017277472,0.017240556
0,7,receive_authenticate_accumulate,0.017228140,0.017227851
0,7,receive_authenticate_accumulate,0.017238844,0.017238834
0,7,receive_authenticate_accumulate,0.017218399,0.017217944
0,7,receive_authenticate_accumulate,0.017228047,0.017227852
0,7,receive_authenticate_accumulate,0.017237862,0.017237630
0,7,receive_authenticate_accumulate,0.017271232,0.017245037
0,7,receive_authenticate_accumulate,0.017219454,0.017219222
0,7,reading_commitment_and_shares,0.026213846,0.026213759
0,7,receive_authenticate_accumulate,0.017219066,0.017219296
0,7,receive_authenticate_accumulate,0.017231214,0.017231203
0,7,receive_authenticate_accumulate,0.017223806,0.017223481
0,7,receive_authenticate_accumulate,0.017225177,0.017224926
0,7,receive_authenticate_accumulate,0.017225732,0.017225445
0,7,receive_authenticate_accumulate,0.017253733,0.017238129
0,7,receive_authenticate_accumulate,0.017225066,0.017224926
0,7,receive_authenticate_accumulate,0.017221363,0.017221093
0,7,receive_authenticate_accumulate,0.017226584,0.017226389
0,7,round_coverage,0.000003629,0.000002871
0,8,round_reset,0.000009889,0.000008334
0,8,receive_authenticate_accumulate,0.017282900,0.017240315
0,8,receive_authenticate_accumulate,0.017225141,0.017224815
0,8,receive_authenticate_accumulate,0.017219994,0.017219852
0,8,receive_authenticate_accumulate,0.017226289,0.017226259
0,8,receive_authenticate_accumulate,0.017220937,0.017220667
0,8,receive_authenticate_accumulate,0.017219216,0.017218908
0,8,receive_authenticate_accumulate,0.017227011,0.017226852
0,8,receive_authenticate_accumulate,0.017225994,0.017225852
0,8,receive_authenticate_accumulate,0.017220993,0.017220870
0,8,receive_authenticate_accumulate,0.017223475,0.017223241
0,8,receive_authenticate_accumulate,0.017267585,0.017236297
0,8,reading_commitment_and_shares,0.026210015,0.026209870
0,8,receive_authenticate_accumulate,0.017265382,0.017240001
0,8,receive_authenticate_accumulate,0.017270049,0.017246500
0,8,receive_authenticate_accumulate,0.017217345,0.017217056
0,8,receive_authenticate_accumulate,0.017227567,0.017227166
0,8,receive_authenticate_accumulate,0.017236623,0.017236351
0,8,receive_authenticate_accumulate,0.017227031,0.017226741
0,8,receive_authenticate_accumulate,0.017380807,0.017265074
0,8,receive_authenticate_accumulate,0.017276752,0.017239742
0,8,receive_authenticate_accumulate,0.017253734,0.017231723
0,8,round_coverage,0.000003612,0.000002833
0,9,round_reset,0.000009630,0.000007648
0,9,receive_authenticate_accumulate,0.017266975,0.017237888
0,9,receive_authenticate_accumulate,0.017219031,0.017218926
0,9,receive_authenticate_accumulate,0.017221625,0.017221518
0,9,receive_authenticate_accumulate,0.017225346,0.017225333
0,9,receive_authenticate_accumulate,0.017278364,0.017234554
0,9,receive_authenticate_accumulate,0.017223272,0.017223092
0,9,receive_authenticate_accumulate,0.017221105,0.017220852
0,9,receive_authenticate_accumulate,0.017228550,0.017228445
0,9,receive_authenticate_accumulate,0.017225402,0.017225167
0,9,receive_authenticate_accumulate,0.017225494,0.017225315
0,9,receive_authenticate_accumulate,0.017228550,0.017228518
0,9,reading_commitment_and_shares,0.026213332,0.026213222
0,9,receive_authenticate_accumulate,0.017262512,0.017234685
0,9,receive_authenticate_accumulate,0.017227587,0.017227537
0,9,receive_authenticate_accumulate,0.017221290,0.017221297
0,9,receive_authenticate_accumulate,0.017222698,0.017222463
0,9,receive_authenticate_accumulate,0.017227532,0.017227315
0,9,receive_authenticate_accumulate,0.017220902,0.017220629
0,9,receive_authenticate_accumulate,0.017279235,0.017233260
0,9,receive_authenticate_accumulate,0.017222717,0.017222649
0,9,receive_authenticate_accumulate,0.017240735,0.017240630
0,9,round_coverage,0.000004111,0.000003186
1,10,period_reset,0.000025833,0.000024259
1,10,receive_authenticate_accumulate,0.000093351,0.000093037
1,10,receive_authenticate_accumulate,0.000092499,0.000092130
1,10,receive_authenticate_accumulate,0.000092259,0.000091722
1,10,receive_authenticate_accumulate,0.000090963,0.000090593
1,10,receive_authenticate_accumulate,0.000092092,0.000091408
1,10,receive_authenticate_accumulate,0.000093370,0.000092907
1,10,receive_authenticate_accumulate,0.000092370,0.000091852
1,10,receive_authenticate_accumulate,0.000088925,0.000088630
1,10,receive_authenticate_accumulate,0.000069241,0.000068982
1,10,receive_authenticate_accumulate,0.000069203,0.000068667
1,10,receive_authenticate_accumulate,0.000068259,0.000067778
1,10,randomness_commit,0.000650996,0.000650630
1,10,receive_authenticate_accumulate,0.000066240,0.000064963
1,10,receive_authenticate_accumulate,0.000069241,0.000068814
1,10,receive_authenticate_accumulate,0.000068722,0.000068223
1,10,receive_authenticate_accumulate,0.000069944,0.000099592
1,10,receive_authenticate_accumulate,0.000068221,0.000067796
1,10,receive_authenticate_accumulate,0.000069500,0.000069037
1,10,receive_authenticate_accumulate,0.000069278,0.000068686
1,10,receive_authenticate_accumulate,0.000067944,0.000067408
1,10,receive_authenticate_accumulate,0.000068073,0.000067574
1,10,receive_authenticate_accumulate,0.000082740,0.000082481
1,10,receive_authenticate_accumulate,0.000084259,0.000083834
1,10,receive_authenticate_accumulate,0.000083018,0.000083000
1,10,receive_authenticate_accumulate,0.000081869,0.000081611
1,10,receive_authenticate_accumulate,0.000083074,0.000082870
1,10,receive_authenticate_accumulate,0.000081055,0.000080833
1,10,receive_authenticate_accumulate,0.000083278,0.000083129
1,10,receive_authenticate_accumulate,0.000083018,0.000082556
1,10,receive_authenticate_accumulate,0.000080685,0.000091149
1,10,receive_authenticate_accumulate,0.000083092,0.000082759
1,10,receive_authenticate_accumulate,0.000067796,0.000067518
1,10,randomness_reveal,0.000453701,0.000453259
1,10,receive_authenticate_accumulate,0.000065759,0.000065389
1,10,receive_authenticate_accumulate,0.000068426,0.000068277
1,10,receive_authenticate_accumulate,0.000064481,0.000063370
1,10,receive_authenticate_accumulate,0.000067926,0.000067352
1,10,receive_authenticate_accumulate,0.000067574,0.000067241
1,10,receive_authenticate_accumulate,0.000067351,0.000067074
1,10,receive_authenticate_accumulate,0.000068296,0.000067981
1,10,receive_authenticate_accumulate,0.000066518,0.000066185
1,10,receive_authenticate_accumulate,0.000068685,0.000068352
1,10,committee_selection,0.000126684,0.000126260
1,10,round_reset,0.000005741,0.000004852
1,10,receive_authenticate_accumulate,0.017221847,0.017221722
1,10,receive_authenticate_accumulate,0.017220829,0.017220611
1,10,receive_authenticate_accumulate,0.017223996,0.017223556
1,10,receive_authenticate_accumulate,0.017231088,0.017231037
1,10,receive_authenticate_accumulate,0.017224347,0.017224185
1,10,receive_authenticate_accumulate,0.017227144,0.017226963
1,10,receive_authenticate_accumulate,0.017220348,0.017220203
1,10,receive_authenticate_accumulate,0.017224699,0.017224759
1,10,receive_authenticate_accumulate,0.017218348,0.017217982
1,10,receive_authenticate_accumulate,0.017225700,0.017225778
1,10,receive_authenticate_accumulate,0.017264625,0.017238462
1,10,reading_commitment_and_shares,0.026214426,0.026214556
1,10,receive_authenticate_accumulate,0.017223996,0.017223981
1,10,receive_authenticate_accumulate,0.017234366,0.017234260
1,10,receive_authenticate_accumulate,0.017221218,0.017220740
1,10,receive_authenticate_accumulate,0.017218551,0.017218537
1,10,receive_authenticate_accumulate,0.017221125,0.017220889
1,10,receive_authenticate_accumulate,0.017216977,0.017216741
1,10,receive_authenticate_accumulate,0.017224607,0.017224240
1,10,receive_authenticate_accumulate,0.017226366,0.017226148
1,10,receive_authenticate_accumulate,0.017219607,0.017219260
1,10,round_coverage,0.000004148,0.000003500
1,11,round_reset,0.000009222,0.000007667
1,11,receive_authenticate_accumulate,0.017228626,0.017228425
1,11,receive_authenticate_accumulate,0.017227293,0.017226722
1,11,receive_authenticate_accumulate,0.017228941,0.017228537
1,11,receive_authenticate_accumulate,0.017234108,0.017233889
1,11,receive_authenticate_accumulate,0.017224108,0.017223907
1,11,receive_authenticate_accumulate,0.017230589,0.017230500
1,11,receive_authenticate_accumulate,0.017228626,0.017228537
1,11,receive_authenticate_accumulate,0.017262589,0.017235870
1,11,receive_authenticate_accumulate,0.017223386,0.017223166
1,11,receive_authenticate_accumulate,0.017219145,0.017218945
1,11,receive_authenticate_accumulate,0.017221645,0.017221426
1,11,reading_commitment_and_shares,0.026202428,0.026202186
1,11,receive_authenticate_accumulate,0.017220404,0.017220185
1,11,receive_authenticate_accumulate,0.017222589,0.017222666
1,11,receive_authenticate_accumulate,0.017229015,0.017229148
1,11,receive_authenticate_accumulate,0.017218460,0.017218463
1,11,receive_authenticate_accumulate,0.017225627,0.017225463
1,11,receive_authenticate_accumulate,0.017225756,0.017225574
1,11,receive_authenticate_accumulate,0.017225515,0.017225315
1,11,receive_authenticate_accumulate,0.017230422,0.017230315
1,11,receive_authenticate_accumulate,0.017257701,0.017230555
1,11,round_coverage,0.000003963,0.000003167
1,12,round_reset,0.000010111,0.000008593
1,12,receive_authenticate_accumulate,0.017220109,0.017219722
1,12,receive_authenticate_accumulate,0.017226350,0.017226111
1,12,receive_authenticate_accumulate,0.017270739,0.017231111
1,12,receive_authenticate_accumulate,0.017219591,0.017219111
1,12,receive_authenticate_accumulate,0.017260368,0.017236815
1,12,receive_authenticate_accumulate,0.017223109,0.017222852
1,12,receive_authenticate_accumulate,0.017224017,0.017223796
1,12,receive_authenticate_accumulate,0.017218257,0.017217667
1,12,receive_authenticate_accumulate,0.017219220,0.017218908
1,12,receive_authenticate_accumulate,0.017226702,0.017226518
1,12,receive_authenticate_accumulate,0.017227887,0.017227593
1,12,reading_commitment_and_shares,0.026220893,0.026221037
1,12,receive_authenticate_accumulate,0.017221980,0.017221907
1,12,receive_authenticate_accumulate,0.017276628,0.017244686
1,12,receive_authenticate_accumulate,0.017238479,0.017238500
1,12,receive_authenticate_accumulate,0.017222795,0.017222574
1,12,receive_authenticate_accumulate,0.017223610,0.017223370
1,12,receive_authenticate_accumulate,0.017223979,0.017223852
1,12,receive_authenticate_accumulate,0.017268887,0.017244074
1,12,receive_authenticate_accumulate,0.017225720,0.017225519
1,12,receive_authenticate_accumulate,0.017220554,0.017220649
1,12,round_coverage,0.000003611,0.000002777
1,13,round_reset,0.000009314,0.000007704
1,13,receive_authenticate_accumulate,0.017229722,0.017229648
1,13,receive_authenticate_accumulate,0.017227574,0.017227334
1,13,receive_authenticate_accumulate,0.017218388,0.017218148
1,13,receive_authenticate_accumulate,0.017350998,0.017303833
1,13,receive_authenticate_accumulate,0.017219962,0.017219760
1,13,receive_authenticate_accumulate,0.017234906,0.017234741
1,13,receive_authenticate_accumulate,0.017221499,0.017221166
1,13,receive_authenticate_accumulate,0.017231073,0.017230666
1,13,receive_authenticate_accumulate,0.017234832,0.017234333
1,13,receive_authenticate_accumulate,0.017234148,0.017233852
1,13,receive_authenticate_accumulate,0.017226296,0.017226241
1,13,reading_commitment_and_shares,0.026216913,0.026217074
1,13,receive_authenticate_accumulate,0.017228129,0.017227908
1,13,receive_authenticate_accumulate,0.017256517,0.017235611
1,13,receive_authenticate_accumulate,0.017221870,0.017221852
1,13,receive_authenticate_accumulate,0.017220554,0.017220241
1,13,receive_authenticate_accumulate,0.017229462,0.017229334
1,13,receive_authenticate_accumulate,0.017226240,0.017226037
1,13,receive_authenticate_accumulate,0.017225869,0.017225667
1,13,receive_authenticate_accumulate,0.017273573,0.017244592
1,13,receive_authenticate_accumulate,0.017288610,0.017253519
1,13,round_coverage,0.000004296,0.000003315
1,14,round_reset,0.000010240,0.000008815
1,14,receive_authenticate_accumulate,0.017223796,0.017223500
1,14,receive_authenticate_accumulate,0.017222926,0.017222518
1,14,receive_authenticate_accumulate,0.017224389,0.017224222
1,14,receive_authenticate_accumulate,0.017298148,0.017258222
1,14,receive_authenticate_accumulate,0.017227538,0.017227204
1,14,receive_authenticate_accumulate,0.017220241,0.017219944
1,14,receive_authenticate_accumulate,0.017272074,0.017272389
1,14,receive_authenticate_accumulate,0.017267056,0.017241278
1,14,receive_authenticate_accumulate,0.017224037,0.017223963
1,14,receive_authenticate_accumulate,0.017225371,0.017225130
1,14,receive_authenticate_accumulate,0.017218760,0.017218481
1,14,reading_commitment_and_shares,0.026257951,0.026258241
1,14,receive_authenticate_accumulate,0.017220500,0.017220333
1,14,receive_authenticate_accumulate,0.017231982,0.017231870
1,14,receive_authenticate_accumulate,0.017228574,0.017228482
1,14,receive_authenticate_accumulate,0.017232333,0.017231981
1,14,receive_authenticate_accumulate,0.017223982,0.017223574
1,14,receive_authenticate_accumulate,0.017230463,0.017230204
1,14,receive_authenticate_accumulate,0.017251352,0.017233796
1,14,receive_authenticate_accumulate,0.017218593,0.017218315
1,14,receive_authenticate_accumulate,0.017222945,0.017222666
1,14,round_coverage,0.000003723,0.000002982
1,15,round_reset,0.000009111,0.000007556
1,15,receive_authenticate_accumulate,0.017235205,0.017234889
1,15,receive_authenticate_accumulate,0.017229075,0.017228704
1,15,receive_authenticate_accumulate,0.017229149,0.017228833
1,15,receive_authenticate_accumulate,0.017223352,0.017223092
1,15,receive_authenticate_accumulate,0.017231927,0.017231519
1,15,receive_authenticate_accumulate,0.017221704,0.017221537
1,15,receive_authenticate_accumulate,0.017218687,0.017218444
1,15,receive_authenticate_accumulate,0.017225612,0.017225537
1,15,receive_authenticate_accumulate,0.017263667,0.017238278
1,15,receive_authenticate_accumulate,0.017252205,0.017251759
1,15,receive_authenticate_accumulate,0.017284483,0.017242834
1,15,reading_commitment_and_shares,0.026229509,0.026229518
1,15,receive_authenticate_accumulate,0.017230315,0.017230296
1,15,receive_authenticate_accumulate,0.017230705,0.017230518
1,15,receive_authenticate_accumulate,0.017230038,0.017229777
1,15,receive_authenticate_accumulate,0.017226001,0.017225314
1,15,receive_authenticate_accumulate,0.017226482,0.017226222
1,15,receive_authenticate_accumulate,0.017229815,0.017229537
1,15,receive_authenticate_accumulate,0.017232223,0.017232037
1,15,receive_authenticate_accumulate,0.017226020,0.017225741
1,15,receive_authenticate_accumulate,0.017226835,0.017226556
1,15,round_coverage,0.000004407,0.000003500
1,16,round_reset,0.000009593,0.000007851
1,16,receive_authenticate_accumulate,0.017260464,0.017236611
1,16,receive_authenticate_accumulate,0.017223391,0.017223167
1,16,receive_authenticate_accumulate,0.017234965,0.017234703
1,16,receive_authenticate_accumulate,0.017251687,0.017232222
1,16,receive_authenticate_accumulate,0.017252557,0.017237703
1,16,receive_authenticate_accumulate,0.017221798,0.017221037
1,16,receive_authenticate_accumulate,0.017230094,0.017230055
1,16,receive_authenticate_accumulate,0.017227076,0.017226555
1,16,receive_authenticate_accumulate,0.017231020,0.017230834
1,16,receive_authenticate_accumulate,0.017219761,0.017219611
1,16,receive_authenticate_accumulate,0.017224724,0.017224185
1,16,reading_commitment_and_shares,0.026268287,0.026238741
1,16,receive_authenticate_accumulate,0.017224705,0.017224611
1,16,receive_authenticate_accumulate,0.017234946,0.017234296
1,16,receive_authenticate_accumulate,0.017263928,0.017236259
1,16,receive_authenticate_accumulate,0.017222372,0.017222074
1,16,receive_authenticate_accumulate,0.017227539,0.017227296
1,16,receive_authenticate_accumulate,0.017224502,0.017224222
1,16,receive_authenticate_accumulate,0.017227873,0.017227519
1,16,receive_authenticate_accumulate,0.017222779,0.017222556
1,16,receive_authenticate_accumulate,0.017220632,0.017220222
1,16,round_coverage,0.000004389,0.000003685
1,17,round_reset,0.000009574,0.000008074
1,17,receive_authenticate_accumulate,0.017228836,0.017228593
1,17,receive_authenticate_accumulate,0.017238465,0.017238074
1,17,receive_authenticate_accumulate,0.017224077,0.017223704
1,17,receive_authenticate_accumulate,0.017219151,0.017218926
1,17,receive_authenticate_accumulate,0.017262503,0.017240092
1,17,receive_authenticate_accumulate,0.017217651,0.017217148
1,17,receive_authenticate_accumulate,0.017218873,0.017218444
1,17,receive_authenticate_accumulate,0.017224781,0.017224611
1,17,receive_authenticate_accumulate,0.017231873,0.017231703
1,17,receive_authenticate_accumulate,0.017219336,0.017219334
1,17,receive_authenticate_accumulate,0.017232651,0.017232500
1,17,reading_commitment_and_shares,0.026317548,0.026262167
1,17,receive_authenticate_accumulate,0.017219577,0.017219408
1,17,receive_authenticate_accumulate,0.017237059,0.017236851
1,17,receive_authenticate_accumulate,0.017310020,0.017259316
1,17,receive_authenticate_accumulate,0.017340447,0.017303572
1,17,receive_authenticate_accumulate,0.017227577,0.017227334
1,17,receive_authenticate_accumulate,0.017216818,0.017216407
1,17,receive_authenticate_accumulate,0.017219910,0.017219704
1,17,receive_authenticate_accumulate,0.017233225,0.017232999
1,17,receive_authenticate_accumulate,0.017221781,0.017221574
1,17,round_coverage,0.000004018,0.000003259
1,18,round_reset,0.000008945,0.000007296
1,18,receive_authenticate_accumulate,0.017226374,0.017226000
1,18,receive_authenticate_accumulate,0.017219337,0.017219037
1,18,receive_authenticate_accumulate,0.017260392,0.017231758
1,18,receive_authenticate_accumulate,0.017224336,0.017224111
1,18,receive_authenticate_accumulate,0.017223522,0.017223259
1,18,receive_authenticate_accumulate,0.017217281,0.017217204
1,18,receive_authenticate_accumulate,0.017228299,0.017228056
1,18,receive_authenticate_accumulate,0.017226930,0.017226870
1,18,receive_authenticate_accumulate,0.017224708,0.017224463
1,18,receive_authenticate_accumulate,0.017243577,0.017243352
1,18,receive_authenticate_accumulate,0.017229392,0.017229130
1,18,reading_commitment_and_shares,0.026220124,0.026219982
1,18,receive_authenticate_accumulate,0.017217707,0.017217592
1,18,receive_authenticate_accumulate,0.017230133,0.017229945
1,18,receive_authenticate_accumulate,0.017224448,0.017224259
1,18,receive_authenticate_accumulate,0.017226540,0.017226370
1,18,receive_authenticate_accumulate,0.017222467,0.017222444
1,18,receive_authenticate_accumulate,0.017225782,0.017225593
1,18,receive_authenticate_accumulate,0.017234207,0.017233981
1,18,receive_authenticate_accumulate,0.017224022,0.017223722
1,18,receive_authenticate_accumulate,0.017227003,0.017226963
1,18,round_coverage,0.000003723,0.000003130
1,19,round_reset,0.000009592,0.000007981
1,19,receive_authenticate_accumulate,0.017229689,0.017229482
1,19,receive_authenticate_accumulate,0.017220689,0.017220444
1,19,receive_authenticate_accumulate,0.017224819,0.017224667
1,19,receive_authenticate_accumulate,0.017234375,0.017234204
1,19,receive_authenticate_accumulate,0.017224597,0.017224203
1,19,receive_authenticate_accumulate,0.017221596,0.017221371
1,19,receive_authenticate_accumulate,0.017240856,0.017235111
1,19,receive_authenticate_accumulate,0.017230541,0.017230111
1,19,receive_authenticate_accumulate,0.017226930,0.017226629
1,19,receive_authenticate_accumulate,0.017227634,0.017227278
1,19,receive_authenticate_accumulate,0.017224023,0.017223722
1,19,reading_commitment_and_shares,0.026207106,0.026207130
1,19,receive_authenticate_accumulate,0.017216320,0.017215871
1,19,receive_authenticate_accumulate,0.017229616,0.017229260
1,19,receive_authenticate_accumulate,0.017221986,0.017221815
1,19,receive_authenticate_accumulate,0.017218319,0.017218019
1,19,receive_authenticate_accumulate,0.017272801,0.017244407
1,19,receive_authenticate_accumulate,0.017236856,0.017236722
1,19,receive_authenticate_accumulate,0.017230523,0.017230389
1,19,receive_authenticate_accumulate,0.017231745,0.017231352
1,19,receive_authenticate_accumulate,0.017229356,0.017228981
1,19,round_coverage,0.000004185,0.000003370
2,20,period_reset,0.000025222,0.000022963
2,20,receive_authenticate_accumulate,0.000098500,0.000097963
2,20,receive_authenticate_accumulate,0.000094630,0.000094000
2,20,receive_authenticate_accumulate,0.000091999,0.000091519
2,20,receive_authenticate_accumulate,0.000090240,0.000089778
2,20,receive_authenticate_accumulate,0.000090481,0.000089963
2,20,receive_authenticate_accumulate,0.000091259,0.000091093
2,20,receive_authenticate_accumulate,0.000092000,0.000091833
2,20,receive_authenticate_accumulate,0.000094296,0.000093944
2,20,receive_authenticate_accumulate,0.000091870,0.000091481
2,20,receive_authenticate_accumulate,0.000092092,0.000091629
2,20,receive_authenticate_accumulate,0.000091944,0.000091519
2,20,randomness_commit,0.000814421,0.000813704
2,20,receive_authenticate_accumulate,0.000126796,0.000126167
2,20,receive_authenticate_accumulate,0.000091629,0.000091167
2,20,receive_authenticate_accumulate,0.000092777,0.000091278
2,20,receive_authenticate_accumulate,0.000088666,0.000088296
2,20,receive_authenticate_accumulate,0.000091481,0.000090833
2,20,receive_authenticate_accumulate,0.000040778,0.000040426
2,20,receive_authenticate_accumulate,0.000038907,0.000038444
2,20,receive_authenticate_accumulate,0.000040445,0.000040130
2,20,receive_authenticate_accumulate,0.000037259,0.000036945
2,20,receive_authenticate_accumulate,0.000048222,0.000047889
2,20,receive_authenticate_accumulate,0.000048593,0.000048222
2,20,receive_authenticate_accumulate,0.000046148,0.000045759
2,20,receive_authenticate_accumulate,0.000048944,0.000048611
2,20,receive_authenticate_accumulate,0.000048036,0.000047630
2,20,receive_authenticate_accumulate,0.000047481,0.000047260
2,20,receive_authenticate_accumulate,0.000048648,0.000048315
2,20,receive_authenticate_accumulate,0.000048778,0.000048351
2,20,receive_authenticate_accumulate,0.000046111,0.000045796
2,20,receive_authenticate_accumulate,0.000048537,0.000048000
2,20,receive_authenticate_accumulate,0.000047037,0.000046741
2,20,randomness_reveal,0.000302887,0.000302333
2,20,receive_authenticate_accumulate,0.000047277,0.000046963
2,20,receive_authenticate_accumulate,0.000047352,0.000046981
2,20,receive_authenticate_accumulate,0.000046463,0.000046056
2,20,receive_authenticate_accumulate,0.000048500,0.000048370
2,20,receive_authenticate_accumulate,0.000048352,0.000048074
2,20,receive_authenticate_accumulate,0.000046426,0.000046000
2,20,receive_authenticate_accumulate,0.000048463,0.000048259
2,20,receive_authenticate_accumulate,0.000050518,0.000050241
2,20,receive_authenticate_accumulate,0.000046611,0.000046371
2,20,committee_selection,0.000086740,0.000086537
2,20,round_reset,0.000004388,0.000003740
2,20,receive_authenticate_accumulate,0.017250986,0.017227055
2,20,receive_authenticate_accumulate,0.000059611,0.000059500
2,20,receive_authenticate_accumulate,0.017271375,0.017235778
2,20,receive_authenticate_accumulate,0.000057741,0.000057425
2,20,receive_authenticate_accumulate,0.017231079,0.017230740
2,20,receive_authenticate_accumulate,0.000073259,0.000073055
2,20,receive_authenticate_accumulate,0.017221024,0.017220482
2,20,receive_authenticate_accumulate,0.000058315,0.000057815
2,20,receive_authenticate_accumulate,0.017219653,0.017219389
2,20,receive_authenticate_accumulate,0.000057222,0.000056870
2,20,receive_authenticate_accumulate,0.017283968,0.017250538
2,20,receive_authenticate_accumulate,0.000057888,0.000057574
2,20,receive_authenticate_accumulate,0.017233745,0.017233518
2,20,receive_authenticate_accumulate,0.000066518,0.000066241
2,20,receive_authenticate_accumulate,0.017222986,0.017222852
2,20,receive_authenticate_accumulate,0.000055278,0.000055074
2,20,receive_authenticate_accumulate,0.017219654,0.017219407
2,20,receive_authenticate_accumulate,0.000055981,0.000055574
2,20,receive_authenticate_accumulate,0.017217153,0.017217000
2,20,receive_authenticate_accumulate,0.000055593,0.000055222
2,20,receive_authenticate_accumulate,0.017235542,0.017235333
2,20,receive_authenticate_accumulate,0.000057018,0.000056630
2,20,reading_commitment_and_shares,0.026245293,0.026218630
2,20,receive_authenticate_accumulate,0.017224339,0.017224111
2,20,receive_authenticate_accumulate,0.000058408,0.000058259
2,20,receive_authenticate_accumulate,0.017260283,0.017244149
2,20,receive_authenticate_accumulate,0.000056036,0.000055648
2,20,receive_authenticate_accumulate,0.017222357,0.017222148
2,20,receive_authenticate_accumulate,0.000058370,0.000058056
2,20,receive_authenticate_accumulate,0.017230894,0.017230648
2,20,receive_authenticate_accumulate,0.000072277,0.000072019
2,20,receive_authenticate_accumulate,0.017224801,0.017224574
2,20,receive_authenticate_accumulate,0.000057056,0.000056778
2,20,receive_authenticate_accumulate,0.017220135,0.017219889
2,20,receive_authenticate_accumulate,0.000058351,0.000058019
2,20,receive_authenticate_accumulate,0.017224524,0.017224297
2,20,receive_authenticate_accumulate,0.000057685,0.000057407
2,20,receive_authenticate_accumulate,0.017224042,0.017223908
2,20,receive_authenticate_accumulate,0.000056704,0.000056408
2,20,receive_authenticate_accumulate,0.017220079,0.017219870
2,20,receive_authenticate_accumulate,0.000057629,0.000057334
2,20,round_coverage,0.000003944,0.000003000
2,20,spatial_report,0.000043240,0.000042778
2,21,round_reset,0.000009685,0.000008130
2,21,receive_authenticate_accumulate,0.017220376,0.017220111
2,21,receive_authenticate_accumulate,0.000056703,0.000056371
2,21,receive_authenticate_accumulate,0.017226080,0.017225870
2,21,receive_authenticate_accumulate,0.000055907,0.000055592
2,21,receive_authenticate_accumulate,0.017218005,0.017217704
2,21,receive_authenticate_accumulate,0.000057333,0.000057093
2,21,receive_authenticate_accumulate,0.017229376,0.017229129
2,21,receive_authenticate_accumulate,0.000055037,0.000054722
2,21,receive_authenticate_accumulate,0.017214561,0.017214371
2,21,receive_authenticate_accumulate,0.000055889,0.000055870
2,21,receive_authenticate_accumulate,0.017224524,0.017224778
2,21,receive_authenticate_accumulate,0.000055055,0.000054167
2,21,receive_authenticate_accumulate,0.017252969,0.017232740
2,21,receive_authenticate_accumulate,0.000054778,0.000054426
2,21,receive_authenticate_accumulate,0.017216580,0.017216482
2,21,receive_authenticate_accumulate,0.000056110,0.000055815
2,21,receive_authenticate_accumulate,0.017211135,0.017210870
2,21,receive_authenticate_accumulate,0.000056167,0.000055908
2,21,receive_authenticate_accumulate,0.017227487,0.017226833
2,21,receive_authenticate_accumulate,0.000056315,0.000056148
2,21,receive_authenticate_accumulate,0.017218784,0.017218555
2,21,receive_authenticate_accumulate,0.000055222,0.000055056
2,21,reading_commitment_and_shares,0.026205275,0.026205240
2,21,receive_authenticate_accumulate,0.017220580,0.017220481
2,21,receive_authenticate_accumulate,0.000055629,0.000055315
2,21,receive_authenticate_accumulate,0.017252765,0.017232685
2,21,receive_authenticate_accumulate,0.000055889,0.000055630
2,21,receive_authenticate_accumulate,0.017225598,0.017225500
2,21,receive_authenticate_accumulate,0.000055037,0.000054592
2,21,receive_authenticate_accumulate,0.017226228,0.017225797
2,21,receive_authenticate_accumulate,0.000055926,0.000055538
2,21,receive_authenticate_accumulate,0.017229432,0.017229241
2,21,receive_authenticate_accumulate,0.000057463,0.000057241
2,21,receive_authenticate_accumulate,0.017215727,0.017215500
2,21,receive_authenticate_accumulate,0.000055796,0.000055333
2,21,receive_authenticate_accumulate,0.017224320,0.017224129
2,21,receive_authenticate_accumulate,0.000056036,0.000055407
2,21,receive_authenticate_accumulate,0.017221543,0.017221259
2,21,receive_authenticate_accumulate,0.000056037,0.000055537
2,21,receive_authenticate_accumulate,0.017230210,0.017229926
2,21,receive_authenticate_accumulate,0.000055796,0.000055593
2,21,round_coverage,0.000003834,0.000003018
2,21,spatial_report,0.000039962,0.000039630
2,22,round_reset,0.000010166,0.000008630
2,22,receive_authenticate_accumulate,0.017221247,0.017221000
2,22,receive_authenticate_accumulate,0.000056778,0.000056334
2,22,receive_authenticate_accumulate,0.017248247,0.017247926
2,22,receive_authenticate_accumulate,0.000056370,0.000055925
2,22,receive_authenticate_accumulate,0.017236025,0.017235852
2,22,receive_authenticate_accumulate,0.000056203,0.000055944
2,22,receive_authenticate_accumulate,0.017223303,0.017223093
2,22,receive_authenticate_accumulate,0.000055907,0.000055555
2,22,receive_authenticate_accumulate,0.017226469,0.017226277
2,22,receive_authenticate_accumulate,0.000053889,0.000053556
2,22,receive_authenticate_accumulate,0.017219525,0.017219222
2,22,receive_authenticate_accumulate,0.000055777,0.000055444
2,22,receive_authenticate_accumulate,0.017226080,0.017225778
2,22,receive_authenticate_accumulate,0.000056203,0.000055889
2,22,receive_authenticate_accumulate,0.017216858,0.017216611
2,22,receive_authenticate_accumulate,0.000055018,0.000054648
2,22,receive_authenticate_accumulate,0.017219969,0.017219778
2,22,receive_authenticate_accumulate,0.000055537,0.000055203
2,22,receive_authenticate_accumulate,0.017252451,0.017228834
2,22,receive_authenticate_accumulate,0.000056055,0.000055797
2,22,receive_authenticate_accumulate,0.017228636,0.017228426
2,22,receive_authenticate_accumulate,0.000055815,0.000055167
2,22,reading_commitment_and_shares,0.026208573,0.026209185
2,22,receive_authenticate_accumulate,0.017224210,0.017223944
2,22,receive_authenticate_accumulate,0.000056129,0.000055648
2,22,receive_authenticate_accumulate,0.017222951,0.017222593
2,22,receive_authenticate_accumulate,0.000057166,0.000056796
2,22,receive_authenticate_accumulate,0.017223358,0.017223222
2,22,receive_authenticate_accumulate,0.000055907,0.000055556
2,22,receive_authenticate_accumulate,0.017298488,0.017255444
2,22,receive_authenticate_accumulate,0.000055815,0.000055556
2,22,receive_authenticate_accumulate,0.017222247,0.017221963
2,22,receive_authenticate_accumulate,0.000055611,0.000055241
2,22,receive_authenticate_accumulate,0.017251339,0.017237982
2,22,receive_authenticate_accumulate,0.000055333,0.000055037
2,22,receive_authenticate_accumulate,0.017220080,0.017219759
2,22,receive_authenticate_accumulate,0.000055925,0.000055574
2,22,receive_authenticate_accumulate,0.017218895,0.017218741
2,22,receive_authenticate_accumulate,0.000056148,0.000055426
2,22,receive_authenticate_accumulate,0.017249173,0.017228648
2,22,receive_authenticate_accumulate,0.000054944,0.000054629
2,22,round_coverage,0.000004000,0.000003352
2,22,spatial_report,0.000039740,0.000039241
2,23,round_reset,0.000010074,0.000008315
2,23,receive_authenticate_accumulate,0.017229711,0.017229481
2,23,receive_authenticate_accumulate,0.000055444,0.000055112
2,23,receive_authenticate_accumulate,0.017245636,0.017232389
2,23,receive_authenticate_accumulate,0.000055351,0.000055019
2,23,receive_authenticate_accumulate,0.017222321,0.017222037
2,23,receive_authenticate_accumulate,0.000056130,0.000055796
2,23,receive_authenticate_accumulate,0.017225080,0.017224796
2,23,receive_authenticate_accumulate,0.000056388,0.000056074
2,23,receive_authenticate_accumulate,0.017235821,0.017235556
2,23,receive_authenticate_accumulate,0.000055537,0.000055185
2,23,receive_authenticate_accumulate,0.017226729,0.017226500
2,23,receive_authenticate_accumulate,0.000055759,0.000055352
2,23,receive_authenticate_accumulate,0.017225766,0.017225574
2,23,receive_authenticate_accumulate,0.000056666,0.000056296
2,23,receive_authenticate_accumulate,0.017229988,0.017229815
2,23,receive_authenticate_accumulate,0.000055019,0.000054648
2,23,receive_authenticate_accumulate,0.017232062,0.017231963
2,23,receive_authenticate_accumulate,0.000055463,0.000055204
2,23,receive_authenticate_accumulate,0.017229600,0.017229445
2,23,receive_authenticate_accumulate,0.000056185,0.000055833
2,23,receive_authenticate_accumulate,0.017218192,0.017218018
2,23,receive_authenticate_accumulate,0.000055129,0.000054815
2,23,reading_commitment_and_shares,0.026215258,0.026215426
2,23,receive_authenticate_accumulate,0.017219359,0.017219463
2,23,receive_authenticate_accumulate,0.000055851,0.000055630
2,23,receive_authenticate_accumulate,0.017288488,0.017251240
2,23,receive_authenticate_accumulate,0.000056685,0.000056352
2,23,receive_authenticate_accumulate,0.017227081,0.017226833
2,23,receive_authenticate_accumulate,0.000056240,0.000056056
2,23,receive_authenticate_accumulate,0.017212859,0.017212666
2,23,receive_authenticate_accumulate,0.000069092,0.000068833
2,23,receive_authenticate_accumulate,0.017214229,0.017214074
2,23,receive_authenticate_accumulate,0.000052815,0.000052519
2,23,receive_authenticate_accumulate,0.017263229,0.017235722
2,23,receive_authenticate_accumulate,0.000054204,0.000053833
2,23,receive_authenticate_accumulate,0.017298284,0.017298278
2,23,receive_authenticate_accumulate,0.000056796,0.000056667
2,23,receive_authenticate_accumulate,0.017216137,0.017215963
2,23,receive_authenticate_accumulate,0.000055240,0.000054926
2,23,receive_authenticate_accumulate,0.017221007,0.017220796
2,23,receive_authenticate_accumulate,0.000054778,0.000054611
2,23,round_coverage,0.000003944,0.000003296
2,23,spatial_report,0.000041426,0.000041037
2,24,round_reset,0.000009129,0.000007723
2,24,receive_authenticate_accumulate,0.017224414,0.017223926
2,24,receive_authenticate_accumulate,0.000056222,0.000055907
2,24,receive_authenticate_accumulate,0.017254230,0.017240240
2,24,receive_authenticate_accumulate,0.000053870,0.000053556
2,24,receive_authenticate_accumulate,0.017223248,0.017222944
2,24,receive_authenticate_accumulate,0.000055592,0.000055222
2,24,receive_authenticate_accumulate,0.017219785,0.017219500
2,24,receive_authenticate_accumulate,0.000054407,0.000053833
2,24,receive_authenticate_accumulate,0.017225804,0.017225389
2,24,receive_authenticate_accumulate,0.000055296,0.000055092
2,24,receive_authenticate_accumulate,0.017230637,0.017230389
2,24,receive_authenticate_accumulate,0.000054593,0.000054352
2,24,receive_authenticate_accumulate,0.017227340,0.017227055
2,24,receive_authenticate_accumulate,0.000053944,0.000053519
2,24,receive_authenticate_accumulate,0.017246582,0.017246611
2,24,receive_authenticate_accumulate,0.000057796,0.000057445
2,24,receive_authenticate_accumulate,0.017223823,0.017223537
2,24,receive_authenticate_accumulate,0.000056296,0.000056129
2,24,receive_authenticate_accumulate,0.017222100,0.017222000
2,24,receive_authenticate_accumulate,0.000054389,0.000054111
2,24,receive_authenticate_accumulate,0.017226970,0.017226666
2,24,receive_authenticate_accumulate,0.000057036,0.000056574
2,24,reading_commitment_and_shares,0.026253666,0.026227445
2,24,receive_authenticate_accumulate,0.017213322,0.017213111
2,24,receive_authenticate_accumulate,0.000055185,0.000054889
2,24,receive_authenticate_accumulate,0.017228711,0.017228500
2,24,receive_authenticate_accumulate,0.000056555,0.000056222
2,24,receive_authenticate_accumulate,0.017223674,0.017223445
2,24,receive_authenticate_accumulate,0.000056184,0.000055907
2,24,receive_authenticate_accumulate,0.017222267,0.017221907
2,24,receive_authenticate_accumulate,0.000054981,0.000054630
2,24,receive_authenticate_accumulate,0.017239452,0.017239315
2,24,receive_authenticate_accumulate,0.000055685,0.000055500
2,24,receive_authenticate_accumulate,0.017223748,0.017223704
2,24,receive_authenticate_accumulate,0.000055148,0.000054907
2,24,receive_authenticate_accumulate,0.017226786,0.017226130
2,24,receive_authenticate_accumulate,0.000055222,0.000055000
2,24,receive_authenticate_accumulate,0.017222656,0.017222592
2,24,receive_authenticate_accumulate,0.000054666,0.000054407
2,24,receive_authenticate_accumulate,0.017227230,0.017227148
2,24,receive_authenticate_accumulate,0.000056184,0.000055759
2,24,round_coverage,0.000003889,0.000003167
2,24,spatial_report,0.000041296,0.000040833
2,25,round_reset,0.000010630,0.000009111
2,25,receive_authenticate_accumulate,0.017232508,0.017232297
2,25,receive_authenticate_accumulate,0.000057296,0.000056833
2,25,receive_authenticate_accumulate,0.017229286,0.017228833
2,25,receive_authenticate_accumulate,0.000054852,0.000054444
2,25,receive_authenticate_accumulate,0.017232433,0.017232297
2,25,receive_authenticate_accumulate,0.000055500,0.000055185
2,25,receive_authenticate_accumulate,0.017220712,0.017220463
2,25,receive_authenticate_accumulate,0.000054611,0.000054186
2,25,receive_authenticate_accumulate,0.017223045,0.017222796
2,25,receive_authenticate_accumulate,0.000056259,0.000055926
2,25,receive_authenticate_accumulate,0.017227841,0.017227574
2,25,receive_authenticate_accumulate,0.000056148,0.000055815
2,25,receive_authenticate_accumulate,0.017232081,0.017232000
2,25,receive_authenticate_accumulate,0.000055519,0.000055129
2,25,receive_authenticate_accumulate,0.017218452,0.017218241
2,25,receive_authenticate_accumulate,0.000056647,0.000056334
2,25,receive_authenticate_accumulate,0.017226248,0.017226092
2,25,receive_authenticate_accumulate,0.000054759,0.000054518
2,25,receive_authenticate_accumulate,0.017241286,0.017241370
2,25,receive_authenticate_accumulate,0.000058444,0.000058093
2,25,receive_authenticate_accumulate,0.017229063,0.017228945
2,25,receive_authenticate_accumulate,0.000055981,0.000055685
2,25,reading_commitment_and_shares,0.026207852,0.026207833
2,25,receive_authenticate_accumulate,0.017223823,0.017223666
2,25,receive_authenticate_accumulate,0.000054278,0.000053796
2,25,receive_authenticate_accumulate,0.017231305,0.017231185
2,25,receive_authenticate_accumulate,0.000055036,0.000054666
2,25,receive_authenticate_accumulate,0.017224100,0.017223852
2,25,receive_authenticate_accumulate,0.000057759,0.000057537
2,25,receive_authenticate_accumulate,0.017246267,0.017245907
2,25,receive_authenticate_accumulate,0.000055407,0.000055074
2,25,receive_authenticate_accumulate,0.017228619,0.017228463
2,25,receive_authenticate_accumulate,0.000055222,0.000054889
2,25,receive_authenticate_accumulate,0.017229008,0.017228759
2,25,receive_authenticate_accumulate,0.000055370,0.000054870
2,25,receive_authenticate_accumulate,0.017226378,0.017226037
2,25,receive_authenticate_accumulate,0.000055685,0.000055426
2,25,receive_authenticate_accumulate,0.017219230,0.017218889
2,25,receive_authenticate_accumulate,0.000056871,0.000056241
2,25,receive_authenticate_accumulate,0.017229526,0.017229333
2,25,receive_authenticate_accumulate,0.000055833,0.000055537
2,25,round_coverage,0.000003352,0.000002870
2,25,spatial_report,0.000039685,0.000039371
2,26,round_reset,0.000009259,0.000007870
2,26,receive_authenticate_accumulate,0.017228342,0.017228000
2,26,receive_authenticate_accumulate,0.000055389,0.000054926
2,26,receive_authenticate_accumulate,0.017218398,0.017218259
2,26,receive_authenticate_accumulate,0.000056000,0.000055574
2,26,receive_authenticate_accumulate,0.017229508,0.017229148
2,26,receive_authenticate_accumulate,0.000055796,0.000055519
2,26,receive_authenticate_accumulate,0.017224305,0.017224130
2,26,receive_authenticate_accumulate,0.000054444,0.000054241
2,26,receive_authenticate_accumulate,0.017222619,0.017222277
2,26,receive_authenticate_accumulate,0.000055167,0.000054870
2,26,receive_authenticate_accumulate,0.017229138,0.017228907
2,26,receive_authenticate_accumulate,0.000054370,0.000054092
2,26,receive_authenticate_accumulate,0.017253582,0.017232353
2,26,receive_authenticate_accumulate,0.000055463,0.000055167
2,26,receive_authenticate_accumulate,0.017223361,0.017223296
2,26,receive_authenticate_accumulate,0.000054963,0.000054555
2,26,receive_authenticate_accumulate,0.017234082,0.017233723
2,26,receive_authenticate_accumulate,0.000055241,0.000054944
2,26,receive_authenticate_accumulate,0.017245304,0.017244963
2,26,receive_authenticate_accumulate,0.000056185,0.000055852
2,26,receive_authenticate_accumulate,0.017228378,0.017228074
2,26,receive_authenticate_accumulate,0.000056740,0.000056482
2,26,reading_commitment_and_shares,0.026198169,0.026199333
2,26,receive_authenticate_accumulate,0.017228398,0.017228111
2,26,receive_authenticate_accumulate,0.000054963,0.000054574
2,26,receive_authenticate_accumulate,0.017313212,0.017274500
2,26,receive_authenticate_accumulate,0.000057759,0.000057463
2,26,receive_authenticate_accumulate,0.017240230,0.017239945
2,26,receive_authenticate_accumulate,0.000055018,0.000054759
2,26,receive_authenticate_accumulate,0.017216861,0.017216648
2,26,receive_authenticate_accumulate,0.000056129,0.000055908
2,26,receive_authenticate_accumulate,0.017226082,0.017225852
2,26,receive_authenticate_accumulate,0.000055259,0.000054870
2,26,receive_authenticate_accumulate,0.017218656,0.017218259
2,26,receive_authenticate_accumulate,0.000056204,0.000055945
2,26,receive_authenticate_accumulate,0.017220213,0.017219815
2,26,receive_authenticate_accumulate,0.000056074,0.000055722
2,26,receive_authenticate_accumulate,0.017244046,0.017226000
2,26,receive_authenticate_accumulate,0.000056129,0.000055778
2,26,receive_authenticate_accumulate,0.017219120,0.017218851
2,26,receive_authenticate_accumulate,0.000056814,0.000056111
2,26,round_coverage,0.000003445,0.000002778
2,26,spatial_report,0.000042166,0.000041704
2,27,round_reset,0.000010445,0.000009111
2,27,receive_authenticate_accumulate,0.017224046,0.017223926
2,27,receive_authenticate_accumulate,0.000056129,0.000056000
2,27,receive_authenticate_accumulate,0.017230194,0.017230148
2,27,receive_authenticate_accumulate,0.000056147,0.000055944
2,27,receive_authenticate_accumulate,0.017211787,0.017211815
2,27,receive_authenticate_accumulate,0.000055574,0.000055240
2,27,receive_authenticate_accumulate,0.017224564,0.017224167
2,27,receive_authenticate_accumulate,0.000053148,0.000052722
2,27,receive_authenticate_accumulate,0.017228676,0.017228296
2,27,receive_authenticate_accumulate,0.000055648,0.000055370
2,27,receive_authenticate_accumulate,0.017226565,0.017226463
2,27,receive_authenticate_accumulate,0.000056889,0.000056778
2,27,receive_authenticate_accumulate,0.017237694,0.017237574
2,27,receive_authenticate_accumulate,0.000056000,0.000055741
2,27,receive_authenticate_accumulate,0.017224879,0.017224796
2,27,receive_authenticate_accumulate,0.000055000,0.000054648
2,27,receive_authenticate_accumulate,0.017230009,0.017229537
2,27,receive_authenticate_accumulate,0.000056444,0.000056148
2,27,receive_authenticate_accumulate,0.017229768,0.017229519
2,27,receive_authenticate_accumulate,0.000055667,0.000055333
2,27,receive_authenticate_accumulate,0.017227268,0.017227000
2,27,receive_authenticate_accumulate,0.000055648,0.000055315
2,27,reading_commitment_and_shares,0.026201021,0.026201277
2,27,receive_authenticate_accumulate,0.017262379,0.017241574
2,27,receive_authenticate_accumulate,0.000056092,0.000055852
2,27,receive_authenticate_accumulate,0.017267750,0.017247760
2,27,receive_authenticate_accumulate,0.000056203,0.000055926
2,27,receive_authenticate_accumulate,0.017229212,0.017229056
2,27,receive_authenticate_accumulate,0.000072055,0.000071871
2,27,receive_authenticate_accumulate,0.017222083,0.017221852
2,27,receive_authenticate_accumulate,0.000060389,0.000060092
2,27,receive_authenticate_accumulate,0.017242028,0.017242056
2,27,receive_authenticate_accumulate,0.000057981,0.000057703
2,27,receive_authenticate_accumulate,0.017228675,0.017228388
2,27,receive_authenticate_accumulate,0.000055333,0.000055037
2,27,receive_authenticate_accumulate,0.017221528,0.017221407
2,27,receive_authenticate_accumulate,0.000056314,0.000055926
2,27,receive_authenticate_accumulate,0.017231324,0.017231112
2,27,receive_authenticate_accumulate,0.000056518,0.000056167
2,27,receive_authenticate_accumulate,0.017233490,0.017233203
2,27,receive_authenticate_accumulate,0.000055592,0.000055334
2,27,round_coverage,0.000004037,0.000003352
2,27,spatial_report,0.000040722,0.000040334
2,28,round_reset,0.000009204,0.000007500
2,28,receive_authenticate_accumulate,0.017239861,0.017239907
2,28,receive_authenticate_accumulate,0.000054518,0.000054241
2,28,receive_authenticate_accumulate,0.017219843,0.017219611
2,28,receive_authenticate_accumulate,0.000055111,0.000054852
2,28,receive_authenticate_accumulate,0.017218472,0.017218334
2,28,receive_authenticate_accumulate,0.000055667,0.000055333
2,28,receive_authenticate_accumulate,0.017225583,0.017225315
2,28,receive_authenticate_accumulate,0.000056093,0.000055814
2,28,receive_authenticate_accumulate,0.017224176,0.017223796
2,28,receive_authenticate_accumulate,0.000055907,0.000055648
2,28,receive_authenticate_accumulate,0.017221528,0.017221408
2,28,receive_authenticate_accumulate,0.000055981,0.000055593
2,28,receive_authenticate_accumulate,0.017222787,0.017222574
2,28,receive_authenticate_accumulate,0.000056314,0.000055963
2,28,receive_authenticate_accumulate,0.017234620,0.017234629
2,28,receive_authenticate_accumulate,0.000055370,0.000055018
2,28,receive_authenticate_accumulate,0.017227436,0.017227149
2,28,receive_authenticate_accumulate,0.000054871,0.000054667
2,28,receive_authenticate_accumulate,0.017229009,0.017228777
2,28,receive_authenticate_accumulate,0.000055185,0.000054907
2,28,receive_authenticate_accumulate,0.017224769,0.017224537
2,28,receive_authenticate_accumulate,0.000057518,0.000057093
2,28,reading_commitment_and_shares,0.026252818,0.026253185
2,28,receive_authenticate_accumulate,0.017223065,0.017222741
2,28,receive_authenticate_accumulate,0.000057297,0.000056593
2,28,receive_authenticate_accumulate,0.017226843,0.017226444
2,28,receive_authenticate_accumulate,0.000056778,0.000056537
2,28,receive_authenticate_accumulate,0.017282380,0.017241223
2,28,receive_authenticate_accumulate,0.000055685,0.000055407
2,28,receive_authenticate_accumulate,0.017220194,0.017219981
2,28,receive_authenticate_accumulate,0.000056463,0.000056222
2,28,receive_authenticate_accumulate,0.017230102,0.017229463
2,28,receive_authenticate_accumulate,0.000056759,0.000056611
2,28,receive_authenticate_accumulate,0.017229065,0.017228759
2,28,receive_authenticate_accumulate,0.000055759,0.000055426
2,28,receive_authenticate_accumulate,0.017224454,0.017224185
2,28,receive_authenticate_accumulate,0.000055055,0.000054667
2,28,receive_authenticate_accumulate,0.017224991,0.017224685
2,28,receive_authenticate_accumulate,0.000059147,0.000058778
2,28,receive_authenticate_accumulate,0.017246843,0.017246667
2,28,receive_authenticate_accumulate,0.000057796,0.000057518
2,28,round_coverage,0.000004185,0.000003444
2,28,spatial_report,0.000041389,0.000040666
2,29,round_reset,0.000010278,0.000008500
2,29,receive_authenticate_accumulate,0.017229436,0.017229296
2,29,receive_authenticate_accumulate,0.000071889,0.000071612
2,29,receive_authenticate_accumulate,0.017224528,0.017224407
2,29,receive_authenticate_accumulate,0.000055759,0.000055444
2,29,receive_authenticate_accumulate,0.017218232,0.017217981
2,29,receive_authenticate_accumulate,0.000054685,0.000054463
2,29,receive_authenticate_accumulate,0.017229417,0.017229241
2,29,receive_authenticate_accumulate,0.000055241,0.000054870
2,29,receive_authenticate_accumulate,0.017229861,0.017229704
2,29,receive_authenticate_accumulate,0.000054704,0.000054352
2,29,receive_authenticate_accumulate,0.017238436,0.017238278
2,29,receive_authenticate_accumulate,0.000055629,0.000054981
2,29,receive_authenticate_accumulate,0.017228213,0.017228074
2,29,receive_authenticate_accumulate,0.000055111,0.000054796
2,29,receive_authenticate_accumulate,0.017220899,0.017220648
2,29,receive_authenticate_accumulate,0.000054370,0.000054018
2,29,receive_authenticate_accumulate,0.017228102,0.017227926
2,29,receive_authenticate_accumulate,0.000055203,0.000054796
2,29,receive_authenticate_accumulate,0.017260806,0.017233981
2,29,receive_authenticate_accumulate,0.000052703,0.000052537
2,29,receive_authenticate_accumulate,0.017216140,0.017216018
2,29,receive_authenticate_accumulate,0.000052981,0.000052685
2,29,reading_commitment_and_shares,0.026215152,0.026215481
2,29,receive_authenticate_accumulate,0.017253898,0.017235777
2,29,receive_authenticate_accumulate,0.000053666,0.000053426
2,29,receive_authenticate_accumulate,0.017232917,0.017232648
2,29,receive_authenticate_accumulate,0.000054574,0.000054389
2,29,receive_authenticate_accumulate,0.017226232,0.017225907
2,29,receive_authenticate_accumulate,0.000052426,0.000052278
2,29,receive_authenticate_accumulate,0.017230139,0.017230111
2,29,receive_authenticate_accumulate,0.000053592,0.000053388
2,29,receive_authenticate_accumulate,0.017229973,0.017229741
2,29,receive_authenticate_accumulate,0.000052981,0.000052722
2,29,receive_authenticate_accumulate,0.017224621,0.017224407
2,29,receive_authenticate_accumulate,0.000052889,0.000052629
2,29,receive_authenticate_accumulate,0.017224250,0.017224037
2,29,receive_authenticate_accumulate,0.000053426,0.000053167
2,29,receive_authenticate_accumulate,0.017229231,0.017228982
2,29,receive_authenticate_accumulate,0.000053092,0.000052908
2,29,receive_authenticate_accumulate,0.017226325,0.017226166
2,29,receive_authenticate_accumulate,0.000053426,0.000053055
2,29,round_coverage,0.000003963,0.000003278
2,29,spatial_report,0.000041777,0.000041315
2,29,billing_report,0.000432368,0.000431889
3,30,period_reset,0.000027259,0.000025704
3,30,receive_authenticate_accumulate,0.000099870,0.000099371
3,30,receive_authenticate_accumulate,0.000094185,0.000094185
3,30,receive_authenticate_accumulate,0.000092537,0.000091796
3,30,receive_authenticate_accumulate,0.000091888,0.000091167
3,30,receive_authenticate_accumulate,0.000091610,0.000091093
3,30,receive_authenticate_accumulate,0.000089333,0.000088926
3,30,receive_authenticate_accumulate,0.000089944,0.000089314
3,30,receive_authenticate_accumulate,0.000092814,0.000092500
3,30,receive_authenticate_accumulate,0.000068148,0.000067741
3,30,receive_authenticate_accumulate,0.000070518,0.000069852
3,30,receive_authenticate_accumulate,0.000069222,0.000068740
3,30,randomness_commit,0.000615052,0.000614463
3,30,receive_authenticate_accumulate,0.000067778,0.000067351
3,30,receive_authenticate_accumulate,0.000068240,0.000067667
3,30,receive_authenticate_accumulate,0.000069407,0.000068907
3,30,receive_authenticate_accumulate,0.000069036,0.000068649
3,30,receive_authenticate_accumulate,0.000069833,0.000069611
3,30,receive_authenticate_accumulate,0.000068463,0.000068000
3,30,receive_authenticate_accumulate,0.000069759,0.000069426
3,30,receive_authenticate_accumulate,0.000070130,0.000069648
3,30,receive_authenticate_accumulate,0.000071351,0.000070611
3,30,receive_authenticate_accumulate,0.000082981,0.000082629
3,30,receive_authenticate_accumulate,0.000084907,0.000084463
3,30,receive_authenticate_accumulate,0.000082814,0.000082333
3,30,receive_authenticate_accumulate,0.000081685,0.000081407
3,30,receive_authenticate_accumulate,0.000084074,0.000083649
3,30,receive_authenticate_accumulate,0.000083666,0.000083296
3,30,receive_authenticate_accumulate,0.000083037,0.000082685
3,30,receive_authenticate_accumulate,0.000083666,0.000083167
3,30,receive_authenticate_accumulate,0.000081666,0.000081241
3,30,receive_authenticate_accumulate,0.000084444,0.000083926
3,30,receive_authenticate_accumulate,0.000049685,0.000049407
3,30,randomness_reveal,0.000269814,0.000269389
3,30,receive_authenticate_accumulate,0.000045666,0.000045481
3,30,receive_authenticate_accumulate,0.000045796,0.000045444
3,30,receive_authenticate_accumulate,0.000048648,0.000048222
3,30,receive_authenticate_accumulate,0.000047630,0.000047352
3,30,receive_authenticate_accumulate,0.000046944,0.000046500
3,30,receive_authenticate_accumulate,0.000047259,0.000047092
3,30,receive_authenticate_accumulate,0.000050093,0.000049444
3,30,receive_authenticate_accumulate,0.000046333,0.000045796
3,30,receive_authenticate_accumulate,0.000048130,0.000047685
3,30,committee_selection,0.000084148,0.000083741
3,30,round_reset,0.000004648,0.000003926
3,30,receive_authenticate_accumulate,0.017221880,0.017221500
3,30,receive_authenticate_accumulate,0.017226510,0.017226130
3,30,receive_authenticate_accumulate,0.017231213,0.017231000
3,30,receive_authenticate_accumulate,0.017226955,0.017226648
3,30,receive_authenticate_accumulate,0.017227806,0.017227425
3,30,receive_authenticate_accumulate,0.017237306,0.017237093
3,30,receive_authenticate_accumulate,0.017231214,0.017230908
3,30,receive_authenticate_accumulate,0.017231954,0.017231740
3,30,receive_authenticate_accumulate,0.017270417,0.017238408
3,30,receive_authenticate_accumulate,0.017231140,0.017230833
3,30,receive_authenticate_accumulate,0.017232936,0.017232741
3,30,reading_commitment_and_shares,0.026215763,0.026215796
3,30,receive_authenticate_accumulate,0.017228491,0.017228351
3,30,receive_authenticate_accumulate,0.017241251,0.017241037
3,30,receive_authenticate_accumulate,0.017208400,0.017208000
3,30,receive_authenticate_accumulate,0.017223713,0.017223148
3,30,receive_authenticate_accumulate,0.017230214,0.017229889
3,30,receive_authenticate_accumulate,0.017228287,0.017227982
3,30,receive_authenticate_accumulate,0.017233417,0.017232926
3,30,receive_authenticate_accumulate,0.017228177,0.017227759
3,30,receive_authenticate_accumulate,0.017270417,0.017242334
3,30,round_coverage,0.000004092,0.000003315
3,31,round_reset,0.000009482,0.000007704
3,31,receive_authenticate_accumulate,0.017240992,0.017240796
3,31,receive_authenticate_accumulate,0.017234899,0.017234685
3,31,receive_authenticate_accumulate,0.017231418,0.017231389
3,31,receive_authenticate_accumulate,0.017228140,0.017228149
3,31,receive_authenticate_accumulate,0.017228510,0.017228352
3,31,receive_authenticate_accumulate,0.017224621,0.017224278
3,31,receive_authenticate_accumulate,0.017222677,0.017222352
3,31,receive_authenticate_accumulate,0.017225029,0.017224722
3,31,receive_authenticate_accumulate,0.017224807,0.017224648
3,31,receive_authenticate_accumulate,0.017226918,0.017226740
3,31,receive_authenticate_accumulate,0.017229084,0.017228907
3,31,reading_commitment_and_shares,0.026210320,0.026210148
3,31,receive_authenticate_accumulate,0.017229696,0.017229333
3,31,receive_authenticate_accumulate,0.017231733,0.017231555
3,31,receive_authenticate_accumulate,0.017229880,0.017229537
3,31,receive_authenticate_accumulate,0.017226177,0.017226037
3,31,receive_authenticate_accumulate,0.017226307,0.017226092
3,31,receive_authenticate_accumulate,0.017230770,0.017230500
3,31,receive_authenticate_accumulate,0.017231066,0.017230759
3,31,receive_authenticate_accumulate,0.017219177,0.017218889
3,31,receive_authenticate_accumulate,0.017229548,0.017229314
3,31,round_coverage,0.000004241,0.000003611
3,32,round_reset,0.000009482,0.000008056
3,32,receive_authenticate_accumulate,0.017233289,0.017233019
3,32,receive_authenticate_accumulate,0.017226900,0.017226667
3,32,receive_authenticate_accumulate,0.017224529,0.017224500
3,32,receive_authenticate_accumulate,0.017272826,0.017272981
3,32,receive_authenticate_accumulate,0.017235363,0.017235112
3,32,receive_authenticate_accumulate,0.017216103,0.017215926
3,32,receive_authenticate_accumulate,0.017219363,0.017219111
3,32,receive_authenticate_accumulate,0.017266640,0.017238889
3,32,receive_authenticate_accumulate,0.017217937,0.017217611
3,32,receive_authenticate_accumulate,0.017227418,0.017227167
3,32,receive_authenticate_accumulate,0.017218363,0.017218055
3,32,reading_commitment_and_shares,0.026241338,0.026219056
3,32,receive_authenticate_accumulate,0.017288326,0.017246816
3,32,receive_authenticate_accumulate,0.017232326,0.017232129
3,32,receive_authenticate_accumulate,0.017221085,0.017220852
3,32,receive_authenticate_accumulate,0.017233455,0.017233203
3,32,receive_authenticate_accumulate,0.017224122,0.017223926
3,32,receive_authenticate_accumulate,0.017248029,0.017247926
3,32,receive_authenticate_accumulate,0.017230363,0.017230000
3,32,receive_authenticate_accumulate,0.017218159,0.017217944
3,32,receive_authenticate_accumulate,0.017280844,0.017244371
3,32,round_coverage,0.000004334,0.000003666
3,33,round_reset,0.000042517,0.000028833
3,33,receive_authenticate_accumulate,0.017225494,0.017225445
3,33,receive_authenticate_accumulate,0.017219976,0.017220315
3,33,receive_authenticate_accumulate,0.017228624,0.017229111
3,33,receive_authenticate_accumulate,0.017223663,0.017223982
3,33,receive_authenticate_accumulate,0.017223922,0.017224407
3,33,receive_authenticate_accumulate,0.017224867,0.017225222
3,33,receive_authenticate_accumulate,0.017259032,0.017259407
3,33,receive_authenticate_accumulate,0.017228293,0.017228648
3,33,receive_authenticate_accumulate,0.017225128,0.017225500
3,33,receive_authenticate_accumulate,0.017267847,0.017240259
3,33,receive_authenticate_accumulate,0.017219943,0.017220000
3,33,reading_commitment_and_shares,0.026279092,0.026238814
3,33,receive_authenticate_accumulate,0.017225147,0.017225649
3,33,receive_authenticate_accumulate,0.017229943,0.017230389
3,33,receive_authenticate_accumulate,0.017238129,0.017238315
3,33,receive_authenticate_accumulate,0.017224389,0.017224833
3,33,receive_authenticate_accumulate,0.017231760,0.017232186
3,33,receive_authenticate_accumulate,0.017222872,0.017223111
3,33,receive_authenticate_accumulate,0.017212946,0.017213297
3,33,receive_authenticate_accumulate,0.017224354,0.017224722
3,33,receive_authenticate_accumulate,0.017261056,0.017261704
3,33,round_coverage,0.000004148,0.000003444
3,34,round_reset,0.000009740,0.000007686
3,34,receive_authenticate_accumulate,0.017232581,0.017232889
3,34,receive_authenticate_accumulate,0.017247007,0.017226019
3,34,receive_authenticate_accumulate,0.017220564,0.017220889
3,34,receive_authenticate_accumulate,0.017221972,0.017222260
3,34,receive_authenticate_accumulate,0.017224342,0.017224370
3,34,receive_authenticate_accumulate,0.017230213,0.017230481
3,34,receive_authenticate_accumulate,0.017220547,0.017220852
3,34,receive_authenticate_accumulate,0.017222196,0.017222814
3,34,receive_authenticate_accumulate,0.017264824,0.017240982
3,34,receive_authenticate_accumulate,0.017251621,0.017252000
3,34,receive_authenticate_accumulate,0.017219549,0.017219945
3,34,reading_commitment_and_shares,0.026219271,0.026219815
3,34,receive_authenticate_accumulate,0.017228234,0.017228759
3,34,receive_authenticate_accumulate,0.017228549,0.017228944
3,34,receive_authenticate_accumulate,0.017224031,0.017224408
3,34,receive_authenticate_accumulate,0.017256974,0.017235963
3,34,receive_authenticate_accumulate,0.017230662,0.017230999
3,34,receive_authenticate_accumulate,0.017220403,0.017221055
3,34,receive_authenticate_accumulate,0.017219588,0.017219962
3,34,receive_authenticate_accumulate,0.017224238,0.017224555
3,34,receive_authenticate_accumulate,0.017232107,0.017232259
3,34,round_coverage,0.000004296,0.000003574
3,35,round_reset,0.000009333,0.000007871
3,35,receive_authenticate_accumulate,0.017228464,0.017228926
3,35,receive_authenticate_accumulate,0.017264888,0.017238296
3,35,receive_authenticate_accumulate,0.017216576,0.017216889
3,35,receive_authenticate_accumulate,0.017229613,0.017230204
3,35,receive_authenticate_accumulate,0.017226169,0.017226593
3,35,receive_authenticate_accumulate,0.017230985,0.017231445
3,35,receive_authenticate_accumulate,0.017231966,0.017232203
3,35,receive_authenticate_accumulate,0.017233484,0.017233796
3,35,receive_authenticate_accumulate,0.017229966,0.017230259
3,35,receive_authenticate_accumulate,0.017222005,0.017222296
3,35,receive_authenticate_accumulate,0.017220245,0.017220574
3,35,reading_commitment_and_shares,0.026264927,0.026239128
3,35,receive_authenticate_accumulate,0.017217728,0.017218000
3,35,receive_authenticate_accumulate,0.017272059,0.017272741
3,35,receive_authenticate_accumulate,0.017225858,0.017226148
3,35,receive_authenticate_accumulate,0.017223729,0.017224148
3,35,receive_authenticate_accumulate,0.017230266,0.017230667
3,35,receive_authenticate_accumulate,0.017220877,0.017221315
3,35,receive_authenticate_accumulate,0.017234545,0.017234871
3,35,receive_authenticate_accumulate,0.017223471,0.017223574
3,35,receive_authenticate_accumulate,0.017220860,0.017221241
3,35,round_coverage,0.000004907,0.000004111
3,36,round_reset,0.000009518,0.000007944
3,36,receive_authenticate_accumulate,0.017231140,0.017231426
3,36,receive_authenticate_accumulate,0.017234547,0.017234778
3,36,receive_authenticate_accumulate,0.017220697,0.017220981
3,36,receive_authenticate_accumulate,0.017217567,0.017217722
3,36,receive_authenticate_accumulate,0.017229308,0.017229537
3,36,receive_authenticate_accumulate,0.017224347,0.017224611
3,36,receive_authenticate_accumulate,0.017224698,0.017224888
3,36,receive_authenticate_accumulate,0.017228494,0.017228907
3,36,receive_authenticate_accumulate,0.017224736,0.017224889
3,36,receive_authenticate_accumulate,0.017217977,0.017218259
3,36,receive_authenticate_accumulate,0.017227903,0.017228278
3,36,reading_commitment_and_shares,0.026276303,0.026236445
3,36,receive_authenticate_accumulate,0.017218774,0.017219000
3,36,receive_authenticate_accumulate,0.017236700,0.017237000
3,36,receive_authenticate_accumulate,0.017256496,0.017234797
3,36,receive_authenticate_accumulate,0.017271476,0.017271851
3,36,receive_authenticate_accumulate,0.017278996,0.017279407
3,36,receive_authenticate_accumulate,0.017222332,0.017222648
3,36,receive_authenticate_accumulate,0.017219109,0.017219259
3,36,receive_authenticate_accumulate,0.017220906,0.017221278
3,36,receive_authenticate_accumulate,0.017228258,0.017228611
3,36,round_coverage,0.000004037,0.000003352
3,37,round_reset,0.000009444,0.000007778
3,37,receive_authenticate_accumulate,0.017222019,0.017222037
3,37,receive_authenticate_accumulate,0.017230334,0.017230648
3,37,receive_authenticate_accumulate,0.017255926,0.017229407
3,37,receive_authenticate_accumulate,0.017224094,0.017224482
3,37,receive_authenticate_accumulate,0.017294314,0.017258629
3,37,receive_authenticate_accumulate,0.017221762,0.017222000
3,37,receive_authenticate_accumulate,0.017220077,0.017220333
3,37,receive_authenticate_accumulate,0.017229448,0.017229592
3,37,receive_authenticate_accumulate,0.017243966,0.017244463
3,37,receive_authenticate_accumulate,0.017237818,0.017238129
3,37,receive_authenticate_accumulate,0.017220783,0.017220963
3,37,reading_commitment_and_shares,0.026255011,0.026233408
3,37,receive_authenticate_accumulate,0.017222264,0.017222482
3,37,receive_authenticate_accumulate,0.017228930,0.017229167
3,37,receive_authenticate_accumulate,0.017223653,0.017224111
3,37,receive_authenticate_accumulate,0.017267133,0.017239649
3,37,receive_authenticate_accumulate,0.017219136,0.017219222
3,37,receive_authenticate_accumulate,0.017224766,0.017224871
3,37,receive_authenticate_accumulate,0.017225506,0.017225611
3,37,receive_authenticate_accumulate,0.017369650,0.017290889
3,37,receive_authenticate_accumulate,0.017223840,0.017224204
3,37,round_coverage,0.000004574,0.000003334
3,38,round_reset,0.000009241,0.000007889
3,38,receive_authenticate_accumulate,0.017221342,0.017221648
3,38,receive_authenticate_accumulate,0.017232748,0.017232889
3,38,receive_authenticate_accumulate,0.017225712,0.017225945
3,38,receive_authenticate_accumulate,0.017221268,0.017221648
3,38,receive_authenticate_accumulate,0.017229101,0.017229352
3,38,receive_authenticate_accumulate,0.017236916,0.017237019
3,38,receive_authenticate_accumulate,0.017257379,0.017232315
3,38,receive_authenticate_accumulate,0.017244898,0.017245278
3,38,receive_authenticate_accumulate,0.017255546,0.017235259
3,38,receive_authenticate_accumulate,0.017227547,0.017227759
3,38,receive_authenticate_accumulate,0.017221696,0.017221982
3,38,reading_commitment_and_shares,0.026211087,0.026211667
3,38,receive_authenticate_accumulate,0.017227474,0.017227722
3,38,receive_authenticate_accumulate,0.017273065,0.017248074
3,38,receive_authenticate_accumulate,0.017226586,0.017226741
3,38,receive_authenticate_accumulate,0.017231234,0.017231444
3,38,receive_authenticate_accumulate,0.017221976,0.017222166
3,38,receive_authenticate_accumulate,0.017216864,0.017217204
3,38,receive_authenticate_accumulate,0.017218532,0.017218777
3,38,receive_authenticate_accumulate,0.017225698,0.017225945
3,38,receive_authenticate_accumulate,0.017223124,0.017223352
3,38,round_coverage,0.000004944,0.000004093
3,39,round_reset,0.000009241,0.000007852
3,39,receive_authenticate_accumulate,0.017231679,0.017231888
3,39,receive_authenticate_accumulate,0.017223439,0.017223907
3,39,receive_authenticate_accumulate,0.017230254,0.017230574
3,39,receive_authenticate_accumulate,0.017226162,0.017226389
3,39,receive_authenticate_accumulate,0.017221347,0.017221667
3,39,receive_authenticate_accumulate,0.017226385,0.017226815
3,39,receive_authenticate_accumulate,0.017231515,0.017231723
3,39,receive_authenticate_accumulate,0.017227163,0.017227296
3,39,receive_authenticate_accumulate,0.017230144,0.017230333
3,39,receive_authenticate_accumulate,0.017225367,0.017225537
3,39,receive_authenticate_accumulate,0.017304606,0.017273130
3,39,reading_commitment_and_shares,0.026269658,0.026226314
3,39,receive_authenticate_accumulate,0.017222645,0.017222925
3,39,receive_authenticate_accumulate,0.017231090,0.017231222
3,39,receive_authenticate_accumulate,0.017267034,0.017242277
3,39,receive_authenticate_accumulate,0.017224851,0.017225111
3,39,receive_authenticate_accumulate,0.017230740,0.017230907
3,39,receive_authenticate_accumulate,0.017226388,0.017226740
3,39,receive_authenticate_accumulate,0.017221666,0.017221982
3,39,receive_authenticate_accumulate,0.017218259,0.017218574
3,39,receive_authenticate_accumulate,0.017225129,0.017225444
3,39,round_coverage,0.000003778,0.000003111
4,40,period_reset,0.000025759,0.000025204
4,40,receive_authenticate_accumulate,0.000096275,0.000095944
4,40,receive_authenticate_accumulate,0.000092238,0.000091667
4,40,receive_authenticate_accumulate,0.000089720,0.000089463
4,40,receive_authenticate_accumulate,0.000093072,0.000092000
4,40,receive_authenticate_accumulate,0.000093460,0.000093037
4,40,receive_authenticate_accumulate,0.000092312,0.000091963
4,40,receive_authenticate_accumulate,0.000090960,0.000090611
4,40,receive_authenticate_accumulate,0.000091738,0.000090740
4,40,receive_authenticate_accumulate,0.000092701,0.000092000
4,40,receive_authenticate_accumulate,0.000091294,0.000090833
4,40,receive_authenticate_accumulate,0.000090034,0.000089685
4,40,randomness_commit,0.000812050,0.000811444
4,40,receive_authenticate_accumulate,0.000087256,0.000086908
4,40,receive_authenticate_accumulate,0.000089183,0.000088241
4,40,receive_authenticate_accumulate,0.000129422,0.000128518
4,40,receive_authenticate_accumulate,0.000091071,0.000090370
4,40,receive_authenticate_accumulate,0.000093664,0.000093019
4,40,receive_authenticate_accumulate,0.000057183,0.000056851
4,40,receive_authenticate_accumulate,0.000056350,0.000056037
4,40,receive_authenticate_accumulate,0.000058202,0.000057852
4,40,receive_authenticate_accumulate,0.000059313,0.000059037
4,40,receive_authenticate_accumulate,0.000065664,0.000065111
4,40,receive_authenticate_accumulate,0.000069775,0.000069278
4,40,receive_authenticate_accumulate,0.000068590,0.000068371
4,40,receive_authenticate_accumulate,0.000070405,0.000070093
4,40,receive_authenticate_accumulate,0.000069109,0.000068759
4,40,receive_authenticate_accumulate,0.000068757,0.000068352
4,40,receive_authenticate_accumulate,0.000068961,0.000068593
4,40,receive_authenticate_accumulate,0.000067850,0.000067334
4,40,receive_authenticate_accumulate,0.000068776,0.000068315
4,40,receive_authenticate_accumulate,0.000070331,0.000069944
4,40,receive_authenticate_accumulate,0.000068720,0.000068241
4,40,randomness_reveal,0.000441154,0.000440482
4,40,receive_authenticate_accumulate,0.000066757,0.000066370
4,40,receive_authenticate_accumulate,0.000068202,0.000067833
4,40,receive_authenticate_accumulate,0.000068479,0.000068111
4,40,receive_authenticate_accumulate,0.000068313,0.000067945
4,40,receive_authenticate_accumulate,0.000068998,0.000068685
4,40,receive_authenticate_accumulate,0.000061924,0.000061629
4,40,receive_authenticate_accumulate,0.000067850,0.000067556
4,40,receive_authenticate_accumulate,0.000067054,0.000066593
4,40,receive_authenticate_accumulate,0.000067479,0.000067166
4,40,committee_selection,0.000125330,0.000124834
4,40,round_reset,0.000006833,0.000005777
4,40,receive_authenticate_accumulate,0.017226962,0.017227186
4,40,receive_authenticate_accumulate,0.000055184,0.000055000
4,40,receive_authenticate_accumulate,0.017216517,0.017216611
4,40,receive_authenticate_accumulate,0.000053406,0.000053259
4,40,receive_authenticate_accumulate,0.017228888,0.017229148
4,40,receive_authenticate_accumulate,0.000054165,0.000053796
4,40,receive_authenticate_accumulate,0.017226925,0.017227074
4,40,receive_authenticate_accumulate,0.000053499,0.000053185
4,40,receive_authenticate_accumulate,0.017270795,0.017244703
4,40,receive_authenticate_accumulate,0.000053702,0.000053278
4,40,receive_authenticate_accumulate,0.017220889,0.017221111
4,40,receive_authenticate_accumulate,0.000053332,0.000052963
4,40,receive_authenticate_accumulate,0.017223778,0.017224092
4,40,receive_authenticate_accumulate,0.000053258,0.000052871
4,40,receive_authenticate_accumulate,0.017220389,0.017220611
4,40,receive_authenticate_accumulate,0.000054609,0.000054315
4,40,receive_authenticate_accumulate,0.017222482,0.017222759
4,40,receive_authenticate_accumulate,0.000054628,0.000054314
4,40,receive_authenticate_accumulate,0.017286018,0.017250796
4,40,receive_authenticate_accumulate,0.000053646,0.000053537
4,40,receive_authenticate_accumulate,0.017214039,0.017214185
4,40,receive_authenticate_accumulate,0.000054757,0.000054537
4,40,reading_commitment_and_shares,0.026202121,0.026202778
4,40,receive_authenticate_accumulate,0.017225390,0.017225574
4,40,receive_authenticate_accumulate,0.000052628,0.000052426
4,40,receive_authenticate_accumulate,0.017258816,0.017259297
4,40,receive_authenticate_accumulate,0.000056443,0.000055908
4,40,receive_authenticate_accumulate,0.017228761,0.017228963
4,40,receive_authenticate_accumulate,0.000054998,0.000054778
4,40,receive_authenticate_accumulate,0.017234946,0.017235092
4,40,receive_authenticate_accumulate,0.000054665,0.000054463
4,40,receive_authenticate_accumulate,0.017230392,0.017230555
4,40,receive_authenticate_accumulate,0.000053258,0.000052889
4,40,receive_authenticate_accumulate,0.017265613,0.017243575
4,40,receive_authenticate_accumulate,0.000054202,0.000053944
4,40,receive_authenticate_accumulate,0.017226633,0.017226833
4,40,receive_authenticate_accumulate,0.000054683,0.000054352
4,40,receive_authenticate_accumulate,0.017229522,0.017230055
4,40,receive_authenticate_accumulate,0.000055498,0.000055222
4,40,receive_authenticate_accumulate,0.017216245,0.017216759
4,40,receive_authenticate_accumulate,0.000054610,0.000054445
4,40,round_coverage,0.000003630,0.000002908
4,40,spatial_report,0.000040110,0.000039740
4,41,round_reset,0.000009944,0.000008574
4,41,receive_authenticate_accumulate,0.017268648,0.017240352
4,41,receive_authenticate_accumulate,0.000070479,0.000070278
4,41,receive_authenticate_accumulate,0.017234260,0.017234555
4,41,receive_authenticate_accumulate,0.000054443,0.000054130
4,41,receive_authenticate_accumulate,0.017221836,0.017222056
4,41,receive_authenticate_accumulate,0.000054184,0.000053759
4,41,receive_authenticate_accumulate,0.017230168,0.017230129
4,41,receive_authenticate_accumulate,0.000056628,0.000056204
4,41,receive_authenticate_accumulate,0.017227298,0.017227537
4,41,receive_authenticate_accumulate,0.000056146,0.000055908
4,41,receive_authenticate_accumulate,0.017236928,0.017237166
4,41,receive_authenticate_accumulate,0.000054165,0.000053944
4,41,receive_authenticate_accumulate,0.017228114,0.017228407
4,41,receive_authenticate_accumulate,0.000054239,0.000054185
4,41,receive_authenticate_accumulate,0.017223040,0.017223074
4,41,receive_authenticate_accumulate,0.000054646,0.000054426
4,41,receive_authenticate_accumulate,0.017275557,0.017248630
4,41,receive_authenticate_accumulate,0.000054906,0.000054814
4,41,receive_authenticate_accumulate,0.017230243,0.017230741
4,41,receive_authenticate_accumulate,0.000055147,0.000054833
4,41,receive_authenticate_accumulate,0.017229226,0.017229537
4,41,receive_authenticate_accumulate,0.000053980,0.000053630
4,41,reading_commitment_and_shares,0.026203079,0.026203796
4,41,receive_authenticate_accumulate,0.017221300,0.017221666
4,41,receive_authenticate_accumulate,0.000054646,0.000054592
4,41,receive_authenticate_accumulate,0.017237227,0.017237685
4,41,receive_authenticate_accumulate,0.000055628,0.000055740
4,41,receive_authenticate_accumulate,0.017225097,0.017225389
4,41,receive_authenticate_accumulate,0.000055073,0.000054833
4,41,receive_authenticate_accumulate,0.017231968,0.017232111
4,41,receive_authenticate_accumulate,0.000053369,0.000053222
4,41,receive_authenticate_accumulate,0.017224302,0.017224574
4,41,receive_authenticate_accumulate,0.000054498,0.000054315
4,41,receive_authenticate_accumulate,0.017240504,0.017240982
4,41,receive_authenticate_accumulate,0.000056665,0.000056426
4,41,receive_authenticate_accumulate,0.017239172,0.017239352
4,41,receive_authenticate_accumulate,0.000056091,0.000055574
4,41,receive_authenticate_accumulate,0.017238783,0.017239000
4,41,receive_authenticate_accumulate,0.000055091,0.000054963
4,41,receive_authenticate_accumulate,0.017232506,0.017233000
4,41,receive_authenticate_accumulate,0.000055276,0.000055149
4,41,round_coverage,0.000003611,0.000003056
4,41,spatial_report,0.000040073,0.000039778
4,42,round_reset,0.000010537,0.000008815
4,42,receive_authenticate_accumulate,0.017236669,0.017236870
4,42,receive_authenticate_accumulate,0.000054628,0.000054426
4,42,receive_authenticate_accumulate,0.017229781,0.017230019
4,42,receive_authenticate_accumulate,0.000054647,0.000054445
4,42,receive_authenticate_accumulate,0.017236021,0.017236240
4,42,receive_authenticate_accumulate,0.000053961,0.000053704
4,42,receive_authenticate_accumulate,0.017235706,0.017236000
4,42,receive_authenticate_accumulate,0.000055406,0.000055130
4,42,receive_authenticate_accumulate,0.017227503,0.017227685
4,42,receive_authenticate_accumulate,0.000053740,0.000053370
4,42,receive_authenticate_accumulate,0.017229040,0.017229426
4,42,receive_authenticate_accumulate,0.000054869,0.000054612
4,42,receive_authenticate_accumulate,0.017226726,0.017226870
4,42,receive_authenticate_accumulate,0.000055220,0.000054945
4,42,receive_authenticate_accumulate,0.017232616,0.017232704
4,42,receive_authenticate_accumulate,0.000054128,0.000053852
4,42,receive_authenticate_accumulate,0.017240060,0.017240333
4,42,receive_authenticate_accumulate,0.000053332,0.000053148
4,42,receive_authenticate_accumulate,0.017222542,0.017222740
4,42,receive_authenticate_accumulate,0.000053425,0.000053148
4,42,receive_authenticate_accumulate,0.017252542,0.017243315
4,42,receive_authenticate_accumulate,0.000053980,0.000053685
4,42,reading_commitment_and_shares,0.026235997,0.026236759
4,42,receive_authenticate_accumulate,0.017226487,0.017226500
4,42,receive_authenticate_accumulate,0.000053480,0.000053370
4,42,receive_authenticate_accumulate,0.017235894,0.017236296
4,42,receive_authenticate_accumulate,0.000054536,0.000054370
4,42,receive_authenticate_accumulate,0.017215247,0.017215889
4,42,receive_authenticate_accumulate,0.000052851,0.000052592
4,42,receive_authenticate_accumulate,0.017232006,0.017232463
4,42,receive_authenticate_accumulate,0.000053461,0.000053037
4,42,receive_authenticate_accumulate,0.017229136,0.017229463
4,42,receive_authenticate_accumulate,0.000053480,0.000053352
4,42,receive_authenticate_accumulate,0.017219747,0.017219944
4,42,receive_authenticate_accumulate,0.000053776,0.000053407
4,42,receive_authenticate_accumulate,0.017235211,0.017235481
4,42,receive_authenticate_accumulate,0.000052832,0.000052611
4,42,receive_authenticate_accumulate,0.017252581,0.017235852
4,42,receive_authenticate_accumulate,0.000054258,0.000054111
4,42,receive_authenticate_accumulate,0.017229562,0.017229889
4,42,receive_authenticate_accumulate,0.000054684,0.000054612
4,42,round_coverage,0.000004222,0.000003537
4,42,spatial_report,0.000039554,0.000038907
4,43,round_reset,0.000009370,0.000007759
4,43,receive_authenticate_accumulate,0.017227096,0.017226981
4,43,receive_authenticate_accumulate,0.000054110,0.000053871
4,43,receive_authenticate_accumulate,0.017229096,0.017229148
4,43,receive_authenticate_accumulate,0.000054369,0.000054148
4,43,receive_authenticate_accumulate,0.017218078,0.017218333
4,43,receive_authenticate_accumulate,0.000056721,0.000056222
4,43,receive_authenticate_accumulate,0.017230374,0.017230500
4,43,receive_authenticate_accumulate,0.000053665,0.000053222
4,43,receive_authenticate_accumulate,0.017256503,0.017256962
4,43,receive_authenticate_accumulate,0.000052036,0.000051889
4,43,receive_authenticate_accumulate,0.017227634,0.017227648
4,43,receive_authenticate_accumulate,0.000053869,0.000053519
4,43,receive_authenticate_accumulate,0.017225894,0.017226093
4,43,receive_authenticate_accumulate,0.000053869,0.000053518
4,43,receive_authenticate_accumulate,0.017225356,0.017225685
4,43,receive_authenticate_accumulate,0.000052924,0.000052722
4,43,receive_authenticate_accumulate,0.017228264,0.017228500
4,43,receive_authenticate_accumulate,0.000053832,0.000053759
4,43,receive_authenticate_accumulate,0.017223746,0.017223963
4,43,receive_authenticate_accumulate,0.000053776,0.000053593
4,43,receive_authenticate_accumulate,0.017230153,0.017230222
4,43,receive_authenticate_accumulate,0.000052591,0.000052260
4,43,reading_commitment_and_shares,0.026204823,0.026205352
4,43,receive_authenticate_accumulate,0.017224542,0.017224926
4,43,receive_authenticate_accumulate,0.000051813,0.000051593
4,43,receive_authenticate_accumulate,0.017233191,0.017233463
4,43,receive_authenticate_accumulate,0.000054221,0.000053982
4,43,receive_authenticate_accumulate,0.017233413,0.017233518
4,43,receive_authenticate_accumulate,0.000054554,0.000054241
4,43,receive_authenticate_accumulate,0.017221951,0.017222129
4,43,receive_authenticate_accumulate,0.000054702,0.000054648
4,43,receive_authenticate_accumulate,0.017227822,0.017227574
4,43,receive_authenticate_accumulate,0.000054054,0.000053871
4,43,receive_authenticate_accumulate,0.017227174,0.017227333
4,43,receive_authenticate_accumulate,0.000052943,0.000052777
4,43,receive_authenticate_accumulate,0.017235304,0.017235334
4,43,receive_authenticate_accumulate,0.000052721,0.000052388
4,43,receive_authenticate_accumulate,0.017234155,0.017234260
4,43,receive_authenticate_accumulate,0.000055906,0.000055555
4,43,receive_authenticate_accumulate,0.017229804,0.017230037
4,43,receive_authenticate_accumulate,0.000053276,0.000053037
4,43,round_coverage,0.000003704,0.000002908
4,43,spatial_report,0.000038999,0.000038796
4,44,round_reset,0.000010278,0.000008167
4,44,receive_authenticate_accumulate,0.017231336,0.017231556
4,44,receive_authenticate_accumulate,0.000053592,0.000053426
4,44,receive_authenticate_accumulate,0.017228762,0.017228852
4,44,receive_authenticate_accumulate,0.000052628,0.000052260
4,44,receive_authenticate_accumulate,0.017218374,0.017218482
4,44,receive_authenticate_accumulate,0.000052517,0.000052148
4,44,receive_authenticate_accumulate,0.017228763,0.017228889
4,44,receive_authenticate_accumulate,0.000054054,0.000053908
4,44,receive_authenticate_accumulate,0.017225855,0.017226111
4,44,receive_authenticate_accumulate,0.000052406,0.000052186
4,44,receive_authenticate_accumulate,0.017225818,0.017225796
4,44,receive_authenticate_accumulate,0.000053258,0.000053000
4,44,receive_authenticate_accumulate,0.017222374,0.017222778
4,44,receive_authenticate_accumulate,0.000053461,0.000053278
4,44,receive_authenticate_accumulate,0.017231134,0.017231018
4,44,receive_authenticate_accumulate,0.000052313,0.000052241
4,44,receive_authenticate_accumulate,0.017232041,0.017232092
4,44,receive_authenticate_accumulate,0.000050961,0.000050722
4,44,receive_authenticate_accumulate,0.017222078,0.017222222
4,44,receive_authenticate_accumulate,0.000052110,0.000052074
4,44,receive_authenticate_accumulate,0.017252930,0.017240370
4,44,receive_authenticate_accumulate,0.000052276,0.000052037
4,44,reading_commitment_and_shares,0.026222386,0.026223333
4,44,receive_authenticate_accumulate,0.017222283,0.017222407
4,44,receive_authenticate_accumulate,0.000052295,0.000051982
4,44,receive_authenticate_accumulate,0.017263468,0.017263778
4,44,receive_authenticate_accumulate,0.000078424,0.000077963
4,44,receive_authenticate_accumulate,0.017224247,0.017224537
4,44,receive_authenticate_accumulate,0.000055387,0.000055130
4,44,receive_authenticate_accumulate,0.017228894,0.017229148
4,44,receive_authenticate_accumulate,0.000056036,0.000055814
4,44,receive_authenticate_accumulate,0.017225209,0.017225444
4,44,receive_authenticate_accumulate,0.000055666,0.000055315
4,44,receive_authenticate_accumulate,0.017236820,0.017237000
4,44,receive_authenticate_accumulate,0.000054628,0.000054574
4,44,receive_authenticate_accumulate,0.017224080,0.017223871
4,44,receive_authenticate_accumulate,0.000054943,0.000054778
4,44,receive_authenticate_accumulate,0.017222099,0.017222130
4,44,receive_authenticate_accumulate,0.000054758,0.000054482
4,44,receive_authenticate_accumulate,0.017218877,0.017218963
4,44,receive_authenticate_accumulate,0.000053387,0.000053166
4,44,round_coverage,0.000003870,0.000003074
4,44,spatial_report,0.000039499,0.000039130
4,45,round_reset,0.000010481,0.000008870
4,45,receive_authenticate_accumulate,0.017233223,0.017233296
4,45,receive_authenticate_accumulate,0.000054721,0.000054408
4,45,receive_authenticate_accumulate,0.017217983,0.017218093
4,45,receive_authenticate_accumulate,0.000056591,0.000056444
4,45,receive_authenticate_accumulate,0.017237724,0.017237796
4,45,receive_authenticate_accumulate,0.000058017,0.000057741
4,45,receive_authenticate_accumulate,0.017236149,0.017236315
4,45,receive_authenticate_accumulate,0.000056480,0.000056500
4,45,receive_authenticate_accumulate,0.017218076,0.017218167
4,45,receive_authenticate_accumulate,0.000054258,0.000054222
4,45,receive_authenticate_accumulate,0.017227243,0.017227408
4,45,receive_authenticate_accumulate,0.000055906,0.000055574
4,45,receive_authenticate_accumulate,0.017229391,0.017229462
4,45,receive_authenticate_accumulate,0.000054424,0.000054204
4,45,receive_authenticate_accumulate,0.017271631,0.017243352
4,45,receive_authenticate_accumulate,0.000055109,0.000054926
4,45,receive_authenticate_accumulate,0.017231836,0.017231945
4,45,receive_authenticate_accumulate,0.000054332,0.000054093
4,45,receive_authenticate_accumulate,0.017228040,0.017228259
4,45,receive_authenticate_accumulate,0.000054554,0.000054204
4,45,receive_authenticate_accumulate,0.017224707,0.017224685
4,45,receive_authenticate_accumulate,0.000054239,0.000053815
4,45,reading_commitment_and_shares,0.026201615,0.026202166
4,45,receive_authenticate_accumulate,0.017235484,0.017235259
4,45,receive_authenticate_accumulate,0.000054443,0.000054148
4,45,receive_authenticate_accumulate,0.017244910,0.017244963
4,45,receive_authenticate_accumulate,0.000055740,0.000055463
4,45,receive_authenticate_accumulate,0.017227207,0.017227463
4,45,receive_authenticate_accumulate,0.000054387,0.000054111
4,45,receive_authenticate_accumulate,0.017228023,0.017228093
4,45,receive_authenticate_accumulate,0.000055758,0.000055408
4,45,receive_authenticate_accumulate,0.017243559,0.017243944
4,45,receive_authenticate_accumulate,0.000054647,0.000054519
4,45,receive_authenticate_accumulate,0.017229985,0.017229982
4,45,receive_authenticate_accumulate,0.000054369,0.000053982
4,45,receive_authenticate_accumulate,0.017223652,0.017223760
4,45,receive_authenticate_accumulate,0.000053314,0.000052963
4,45,receive_authenticate_accumulate,0.017276577,0.017243426
4,45,receive_authenticate_accumulate,0.000054517,0.000054204
4,45,receive_authenticate_accumulate,0.017219783,0.017219925
4,45,receive_authenticate_accumulate,0.000053628,0.000053241
4,45,round_coverage,0.000004037,0.000003315
4,45,spatial_report,0.000039018,0.000038704
4,46,round_reset,0.000010370,0.000007852
4,46,receive_authenticate_accumulate,0.017231072,0.017231389
4,46,receive_authenticate_accumulate,0.000053776,0.000053481
4,46,receive_authenticate_accumulate,0.017223924,0.017223667
4,46,receive_authenticate_accumulate,0.000054832,0.000054685
4,46,receive_authenticate_accumulate,0.017232183,0.017232111
4,46,receive_authenticate_accumulate,0.000055110,0.000054815
4,46,receive_authenticate_accumulate,0.017224462,0.017224703
4,46,receive_authenticate_accumulate,0.000052740,0.000052389
4,46,receive_authenticate_accumulate,0.017235517,0.017235760
4,46,receive_authenticate_accumulate,0.000055443,0.000055222
4,46,receive_authenticate_accumulate,0.017227850,0.017228037
4,46,receive_authenticate_accumulate,0.000054980,0.000054741
4,46,receive_authenticate_accumulate,0.017237832,0.017237722
4,46,receive_authenticate_accumulate,0.000052758,0.000052389
4,46,receive_authenticate_accumulate,0.017279406,0.017241334
4,46,receive_authenticate_accumulate,0.000054480,0.000054092
4,46,receive_authenticate_accumulate,0.017221536,0.017221648
4,46,receive_authenticate_accumulate,0.000054925,0.000054630
4,46,receive_authenticate_accumulate,0.017219389,0.017219612
4,46,receive_authenticate_accumulate,0.000055203,0.000054889
4,46,receive_authenticate_accumulate,0.017232000,0.017232056
4,46,receive_authenticate_accumulate,0.000055461,0.000054945
4,46,reading_commitment_and_shares,0.026193862,0.026194371
4,46,receive_authenticate_accumulate,0.017220833,0.017221315
4,46,receive_authenticate_accumulate,0.000055462,0.000055204
4,46,receive_authenticate_accumulate,0.017229778,0.017229741
4,46,receive_authenticate_accumulate,0.000055609,0.000055278
4,46,receive_authenticate_accumulate,0.017228852,0.017228852
4,46,receive_authenticate_accumulate,0.000052943,0.000052667
4,46,receive_authenticate_accumulate,0.017233686,0.017233703
4,46,receive_authenticate_accumulate,0.000055054,0.000054667
4,46,receive_authenticate_accumulate,0.017225408,0.017225574
4,46,receive_authenticate_accumulate,0.000054906,0.000054666
4,46,receive_authenticate_accumulate,0.017222482,0.017222611
4,46,receive_authenticate_accumulate,0.000055036,0.000054797
4,46,receive_authenticate_accumulate,0.017231075,0.017231185
4,46,receive_authenticate_accumulate,0.000054424,0.000054259
4,46,receive_authenticate_accumulate,0.017230335,0.017230741
4,46,receive_authenticate_accumulate,0.000056351,0.000055944
4,46,receive_authenticate_accumulate,0.017226835,0.017226870
4,46,receive_authenticate_accumulate,0.000052832,0.000052574
4,46,round_coverage,0.000004167,0.000003352
4,46,spatial_report,0.000042332,0.000041963
4,47,round_reset,0.000009833,0.000007630
4,47,receive_authenticate_accumulate,0.017235365,0.017235426
4,47,receive_authenticate_accumulate,0.000051647,0.000051611
4,47,receive_authenticate_accumulate,0.017232847,0.017232963
4,47,receive_authenticate_accumulate,0.000053739,0.000053704
4,47,receive_authenticate_accumulate,0.017228698,0.017228777
4,47,receive_authenticate_accumulate,0.000051962,0.000051907
4,47,receive_authenticate_accumulate,0.017229420,0.017229648
4,47,receive_authenticate_accumulate,0.000051591,0.000051315
4,47,receive_authenticate_accumulate,0.017233680,0.017233796
4,47,receive_authenticate_accumulate,0.000050665,0.000050629
4,47,receive_authenticate_accumulate,0.017228699,0.017228796
4,47,receive_authenticate_accumulate,0.000053165,0.000052944
4,47,receive_authenticate_accumulate,0.017271457,0.017246593
4,47,receive_authenticate_accumulate,0.000052351,0.000052259
4,47,receive_authenticate_accumulate,0.017249810,0.017250111
4,47,receive_authenticate_accumulate,0.000055221,0.000054945
4,47,receive_authenticate_accumulate,0.017225088,0.017225222
4,47,receive_authenticate_accumulate,0.000051961,0.000051944
4,47,receive_authenticate_accumulate,0.017222033,0.017222166
4,47,receive_authenticate_accumulate,0.000051573,0.000051463
4,47,receive_authenticate_accumulate,0.017219829,0.017220000
4,47,receive_authenticate_accumulate,0.000051610,0.000051500
4,47,reading_commitment_and_shares,0.026213514,0.026214056
4,47,receive_authenticate_accumulate,0.017227441,0.017227666
4,47,receive_authenticate_accumulate,0.000051610,0.000051315
4,47,receive_authenticate_accumulate,0.017233256,0.017233296
4,47,receive_authenticate_accumulate,0.000053702,0.000053500
4,47,receive_authenticate_accumulate,0.017233997,0.017234055
4,47,receive_authenticate_accumulate,0.000052869,0.000052648
4,47,receive_authenticate_accumulate,0.017229367,0.017229407
4,47,receive_authenticate_accumulate,0.000052055,0.000051852
4,47,receive_authenticate_accumulate,0.017219368,0.017219519
4,47,receive_authenticate_accumulate,0.000053128,0.000052815
4,47,receive_authenticate_accumulate,0.017227590,0.017227741
4,47,receive_authenticate_accumulate,0.000051609,0.000051500
4,47,receive_authenticate_accumulate,0.017229127,0.017229111
4,47,receive_authenticate_accumulate,0.000052166,0.000052148
4,47,receive_authenticate_accumulate,0.017232090,0.017232019
4,47,receive_authenticate_accumulate,0.000051165,0.000050981
4,47,receive_authenticate_accumulate,0.017225442,0.017225574
4,47,receive_authenticate_accumulate,0.000052813,0.000052537
4,47,round_coverage,0.000003814,0.000003092
4,47,spatial_report,0.000039425,0.000039111
4,48,round_reset,0.000010019,0.000008444
4,48,receive_authenticate_accumulate,0.017238194,0.017238407
4,48,receive_authenticate_accumulate,0.000052221,0.000051926
4,48,receive_authenticate_accumulate,0.017229453,0.017229630
4,48,receive_authenticate_accumulate,0.000051610,0.000051611
4,48,receive_authenticate_accumulate,0.017227471,0.017227537
4,48,receive_authenticate_accumulate,0.000052869,0.000052630
4,48,receive_authenticate_accumulate,0.017229490,0.017229704
4,48,receive_authenticate_accumulate,0.000052166,0.000052111
4,48,receive_authenticate_accumulate,0.017233379,0.017233389
4,48,receive_authenticate_accumulate,0.000050795,0.000050741
4,48,receive_authenticate_accumulate,0.017222898,0.017222982
4,48,receive_authenticate_accumulate,0.000051073,0.000051074
4,48,receive_authenticate_accumulate,0.017224768,0.017224870
4,48,receive_authenticate_accumulate,0.000050332,0.000050129
4,48,receive_authenticate_accumulate,0.017228991,0.017229019
4,48,receive_authenticate_accumulate,0.000057017,0.000056685
4,48,receive_authenticate_accumulate,0.017261528,0.017240538
4,48,receive_authenticate_accumulate,0.000054666,0.000054370
4,48,receive_authenticate_accumulate,0.017226195,0.017226352
4,48,receive_authenticate_accumulate,0.000053944,0.000053704
4,48,receive_authenticate_accumulate,0.017225066,0.017225167
4,48,receive_authenticate_accumulate,0.000054592,0.000054259
4,48,reading_commitment_and_shares,0.026209072,0.026209611
4,48,receive_authenticate_accumulate,0.017224510,0.017224982
4,48,receive_authenticate_accumulate,0.000058165,0.000057777
4,48,receive_authenticate_accumulate,0.017238788,0.017238685
4,48,receive_authenticate_accumulate,0.000057184,0.000056759
4,48,receive_authenticate_accumulate,0.017219919,0.017220370
4,48,receive_authenticate_accumulate,0.000054351,0.000054074
4,48,receive_authenticate_accumulate,0.017228734,0.017228741
4,48,receive_authenticate_accumulate,0.000066295,0.000066093
4,48,receive_authenticate_accumulate,0.017226549,0.017226481
4,48,receive_authenticate_accumulate,0.000051851,0.000051463
4,48,receive_authenticate_accumulate,0.017216771,0.017217018
4,48,receive_authenticate_accumulate,0.000052480,0.000052129
4,48,receive_authenticate_accumulate,0.017223197,0.017223370
4,48,receive_authenticate_accumulate,0.000052147,0.000051778
4,48,receive_authenticate_accumulate,0.017258529,0.017239371
4,48,receive_authenticate_accumulate,0.000054703,0.000054074
4,48,receive_authenticate_accumulate,0.017218846,0.017218889
4,48,receive_authenticate_accumulate,0.000051795,0.000051592
4,48,round_coverage,0.000003370,0.000002648
4,48,spatial_report,0.000040036,0.000039740
4,49,round_reset,0.000009982,0.000007611
4,49,receive_authenticate_accumulate,0.017230337,0.017230130
4,49,receive_authenticate_accumulate,0.000053277,0.000052945
4,49,receive_authenticate_accumulate,0.017227707,0.017227852
4,49,receive_authenticate_accumulate,0.000053296,0.000052871
4,49,receive_authenticate_accumulate,0.017221688,0.017221834
4,49,receive_authenticate_accumulate,0.000052110,0.000051611
4,49,receive_authenticate_accumulate,0.017227263,0.017227425
4,49,receive_authenticate_accumulate,0.000052795,0.000052130
4,49,receive_authenticate_accumulate,0.017225559,0.017225760
4,49,receive_authenticate_accumulate,0.000052962,0.000052648
4,49,receive_authenticate_accumulate,0.017223560,0.017223703
4,49,receive_authenticate_accumulate,0.000054184,0.000053889
4,49,receive_authenticate_accumulate,0.017223708,0.017223722
4,49,receive_authenticate_accumulate,0.000053147,0.000052833
4,49,receive_authenticate_accumulate,0.017223208,0.017223408
4,49,receive_authenticate_accumulate,0.000052628,0.000052333
4,49,receive_authenticate_accumulate,0.017223820,0.017223871
4,49,receive_authenticate_accumulate,0.000052925,0.000052667
4,49,receive_authenticate_accumulate,0.017228209,0.017228185
4,49,receive_authenticate_accumulate,0.000052314,0.000052000
4,49,receive_authenticate_accumulate,0.017261522,0.017235407
4,49,receive_authenticate_accumulate,0.000052202,0.000051852
4,49,reading_commitment_and_shares,0.026277369,0.026229980
4,49,receive_authenticate_accumulate,0.017271763,0.017227000
4,49,receive_authenticate_accumulate,0.000052276,0.000052222
4,49,receive_authenticate_accumulate,0.017275227,0.017252908
4,49,receive_authenticate_accumulate,0.000053795,0.000053463
4,49,receive_authenticate_accumulate,0.017263319,0.017263888
4,49,receive_authenticate_accumulate,0.000058703,0.000058056
4,49,receive_authenticate_accumulate,0.017226914,0.017226908
4,49,receive_authenticate_accumulate,0.000056351,0.000055907
4,49,receive_authenticate_accumulate,0.017224376,0.017224463
4,49,receive_authenticate_accumulate,0.000055999,0.000055723
4,49,receive_authenticate_accumulate,0.017222062,0.017221852
4,49,receive_authenticate_accumulate,0.000055777,0.000055388
4,49,receive_authenticate_accumulate,0.017224544,0.017224686
4,49,receive_authenticate_accumulate,0.000054851,0.000054574
4,49,receive_authenticate_accumulate,0.017228155,0.017228167
4,49,receive_authenticate_accumulate,0.000055499,0.000055185
4,49,receive_authenticate_accumulate,0.017217543,0.017217518
4,49,receive_authenticate_accumulate,0.000054277,0.000053907
4,49,round_coverage,0.000003926,0.000003241
4,49,spatial_report,0.000039017,0.000038722
4,49,billing_report,0.000428583,0.000428204
5,50,period_reset,0.000025777,0.000024425
5,50,receive_authenticate_accumulate,0.000093017,0.000092666
5,50,receive_authenticate_accumulate,0.000090313,0.000089481
5,50,receive_authenticate_accumulate,0.000092128,0.000090945
5,50,receive_authenticate_accumulate,0.000091961,0.000091315
5,50,receive_authenticate_accumulate,0.000090998,0.000090481
5,50,receive_authenticate_accumulate,0.000089535,0.000089111
5,50,receive_authenticate_accumulate,0.000092276,0.000091685
5,50,receive_authenticate_accumulate,0.000093090,0.000092592
5,50,receive_authenticate_accumulate,0.000090517,0.000090277
5,50,receive_authenticate_accumulate,0.000091758,0.000091204
5,50,receive_authenticate_accumulate,0.000091683,0.000091444
5,50,randomness_commit,0.000799798,0.000799444
5,50,receive_authenticate_accumulate,0.000087388,0.000086703
5,50,receive_authenticate_accumulate,0.000091813,0.000091259
5,50,receive_authenticate_accumulate,0.000090962,0.000090555
5,50,receive_authenticate_accumulate,0.000092165,0.000091334
5,50,receive_authenticate_accumulate,0.000089294,0.000088777
5,50,receive_authenticate_accumulate,0.000057739,0.000057333
5,50,receive_authenticate_accumulate,0.000058017,0.000057611
5,50,receive_authenticate_accumulate,0.000056647,0.000056389
5,50,receive_authenticate_accumulate,0.000057406,0.000056982
5,50,receive_authenticate_accumulate,0.000069295,0.000068870
5,50,receive_authenticate_accumulate,0.000069758,0.000069333
5,50,receive_authenticate_accumulate,0.000068350,0.000067370
5,50,receive_authenticate_accumulate,0.000070795,0.000070519
5,50,receive_authenticate_accumulate,0.000070665,0.000070055
5,50,receive_authenticate_accumulate,0.000068998,0.000068555
5,50,receive_authenticate_accumulate,0.000068850,0.000068445
5,50,receive_authenticate_accumulate,0.000069388,0.000068907
5,50,receive_authenticate_accumulate,0.000068925,0.000068389
5,50,receive_authenticate_accumulate,0.000069350,0.000068963
5,50,receive_authenticate_accumulate,0.000065369,0.000064926
5,50,randomness_reveal,0.000450824,0.000450575
5,50,receive_authenticate_accumulate,0.000066110,0.000065815
5,50,receive_authenticate_accumulate,0.000068406,0.000068111
5,50,receive_authenticate_accumulate,0.000069406,0.000069166
5,50,receive_authenticate_accumulate,0.000068425,0.000068056
5,50,receive_authenticate_accumulate,0.000068166,0.000067648
5,50,receive_authenticate_accumulate,0.000068257,0.000067963
5,50,receive_authenticate_accumulate,0.000068702,0.000068277
5,50,receive_authenticate_accumulate,0.000070091,0.000069722
5,50,receive_authenticate_accumulate,0.000069443,0.000069222
5,50,committee_selection,0.000125831,0.000125351
5,50,round_reset,0.000005889,0.000004852
5,50,receive_authenticate_accumulate,0.017227664,0.017227648
5,50,receive_authenticate_accumulate,0.000056740,0.000056463
5,50,receive_authenticate_accumulate,0.017216906,0.017216815
5,50,receive_authenticate_accumulate,0.000055943,0.000055685
5,50,receive_authenticate_accumulate,0.017226369,0.017226463
5,50,receive_authenticate_accumulate,0.000057259,0.000057056
5,50,receive_authenticate_accumulate,0.017232182,0.017232425
5,50,receive_authenticate_accumulate,0.000056610,0.000056444
5,50,receive_authenticate_accumulate,0.017223795,0.017224148
5,50,receive_authenticate_accumulate,0.000057332,0.000057055
5,50,receive_authenticate_accumulate,0.017221257,0.017221389
5,50,receive_authenticate_accumulate,0.000057610,0.000057314
5,50,receive_authenticate_accumulate,0.017220480,0.017220611
5,50,receive_authenticate_accumulate,0.000056499,0.000056297
5,50,receive_authenticate_accumulate,0.017230017,0.017230055
5,50,receive_authenticate_accumulate,0.000057296,0.000056667
5,50,receive_authenticate_accumulate,0.017269312,0.017230334
5,50,receive_authenticate_accumulate,0.000054647,0.000054185
5,50,receive_authenticate_accumulate,0.017255980,0.017231482
5,50,receive_authenticate_accumulate,0.000056406,0.000056037
5,50,receive_authenticate_accumulate,0.017220758,0.017220759
5,50,receive_authenticate_accumulate,0.000056406,0.000056038
5,50,reading_commitment_and_shares,0.026186834,0.026187333
5,50,receive_authenticate_accumulate,0.017223166,0.017223352
5,50,receive_authenticate_accumulate,0.000055148,0.000054908
5,50,receive_authenticate_accumulate,0.017227073,0.017227204
5,50,receive_authenticate_accumulate,0.000056147,0.000055852
5,50,receive_authenticate_accumulate,0.017214110,0.017214204
5,50,receive_authenticate_accumulate,0.000056647,0.000056426
5,50,receive_authenticate_accumulate,0.017221259,0.017221167
5,50,receive_authenticate_accumulate,0.000055703,0.000055297
5,50,receive_authenticate_accumulate,0.017220852,0.017221074
5,50,receive_authenticate_accumulate,0.000056628,0.000056592
5,50,receive_authenticate_accumulate,0.017266703,0.017248352
5,50,receive_authenticate_accumulate,0.000057351,0.000057074
5,50,receive_authenticate_accumulate,0.017227796,0.017227815
5,50,receive_authenticate_accumulate,0.000057740,0.000057370
5,50,receive_authenticate_accumulate,0.017216629,0.017216574
5,50,receive_authenticate_accumulate,0.000056981,0.000056463
5,50,receive_authenticate_accumulate,0.017273852,0.017235611
5,50,receive_authenticate_accumulate,0.000055962,0.000055574
5,50,round_coverage,0.000003574,0.000002648
5,50,spatial_report,0.000041443,0.000040963
5,51,round_reset,0.000009111,0.000007722
5,51,receive_authenticate_accumulate,0.017224806,0.017224815
5,51,receive_authenticate_accumulate,0.000056888,0.000056630
5,51,receive_authenticate_accumulate,0.017220491,0.017220463
5,51,receive_authenticate_accumulate,0.000056776,0.000056388
5,51,receive_authenticate_accumulate,0.017218399,0.017218686
5,51,receive_authenticate_accumulate,0.000055980,0.000055666
5,51,receive_authenticate_accumulate,0.017220528,0.017220536
5,51,receive_authenticate_accumulate,0.000057573,0.000057111
5,51,receive_authenticate_accumulate,0.017266305,0.017238631
5,51,receive_authenticate_accumulate,0.000074980,0.000074723
5,51,receive_authenticate_accumulate,0.017255491,0.017235888
5,51,receive_authenticate_accumulate,0.000056480,0.000056111
5,51,receive_authenticate_accumulate,0.017237694,0.017237685
5,51,receive_authenticate_accumulate,0.000056203,0.000055778
5,51,receive_authenticate_accumulate,0.017221659,0.017221704
5,51,receive_authenticate_accumulate,0.000055702,0.000055297
5,51,receive_authenticate_accumulate,0.017220973,0.017221074
5,51,receive_authenticate_accumulate,0.000056665,0.000056370
5,51,receive_authenticate_accumulate,0.017219714,0.017219851
5,51,receive_authenticate_accumulate,0.000057555,0.000057296
5,51,receive_authenticate_accumulate,0.017219937,0.017219889
5,51,receive_authenticate_accumulate,0.000055832,0.000055500
5,51,reading_commitment_and_shares,0.026202704,0.026203537
5,51,receive_authenticate_accumulate,0.017220011,0.017220129
5,51,receive_authenticate_accumulate,0.000055924,0.000055630
5,51,receive_authenticate_accumulate,0.017266437,0.017237445
5,51,receive_authenticate_accumulate,0.000110757,0.000110185
5,51,receive_authenticate_accumulate,0.017218603,0.017218592
5,51,receive_authenticate_accumulate,0.000056758,0.000056407
5,51,receive_authenticate_accumulate,0.017229844,0.017229815
5,51,receive_authenticate_accumulate,0.000056536,0.000056222
5,51,receive_authenticate_accumulate,0.017226548,0.017226537
5,51,receive_authenticate_accumulate,0.000056166,0.000055778
5,51,receive_authenticate_accumulate,0.017236585,0.017236555
5,51,receive_authenticate_accumulate,0.000055092,0.000054889
5,51,receive_authenticate_accumulate,0.017251974,0.017237925
5,51,receive_authenticate_accumulate,0.000055221,0.000054852
5,51,receive_authenticate_accumulate,0.017234253,0.017234314
5,51,receive_authenticate_accumulate,0.000054981,0.000054833
5,51,receive_authenticate_accumulate,0.017302825,0.017275759
5,51,receive_authenticate_accumulate,0.000055240,0.000055000
5,51,round_coverage,0.000003518,0.000002981
5,51,spatial_report,0.000039722,0.000039241
5,52,round_reset,0.000010203,0.000008593
5,52,receive_authenticate_accumulate,0.017231020,0.017231166
5,52,receive_authenticate_accumulate,0.000056351,0.000056018
5,52,receive_authenticate_accumulate,0.017227650,0.017227463
5,52,receive_authenticate_accumulate,0.000056036,0.000055667
5,52,receive_authenticate_accumulate,0.017228446,0.017228425
5,52,receive_authenticate_accumulate,0.000055147,0.000054833
5,52,receive_authenticate_accumulate,0.017225132,0.017225111
5,52,receive_authenticate_accumulate,0.000055147,0.000054796
5,52,receive_authenticate_accumulate,0.017221651,0.017221722
5,52,receive_authenticate_accumulate,0.000055647,0.000055333
5,52,receive_authenticate_accumulate,0.017218892,0.017218889
5,52,receive_authenticate_accumulate,0.000055666,0.000055500
5,52,receive_authenticate_accumulate,0.017215966,0.017216093
5,52,receive_authenticate_accumulate,0.000056684,0.000056296
5,52,receive_authenticate_accumulate,0.017283261,0.017253982
5,52,receive_authenticate_accumulate,0.000056202,0.000055852
5,52,receive_authenticate_accumulate,0.017266335,0.017238981
5,52,receive_authenticate_accumulate,0.000056351,0.000056037
5,52,receive_authenticate_accumulate,0.017223059,0.017223166
5,52,receive_authenticate_accumulate,0.000056370,0.000056000
5,52,receive_authenticate_accumulate,0.017227114,0.017227112
5,52,receive_authenticate_accumulate,0.000055333,0.000055000
5,52,reading_commitment_and_shares,0.026198183,0.026198611
5,52,receive_authenticate_accumulate,0.017228948,0.017229000
5,52,receive_authenticate_accumulate,0.000055702,0.000055389
5,52,receive_authenticate_accumulate,0.017233189,0.017233389
5,52,receive_authenticate_accumulate,0.000055221,0.000054944
5,52,receive_authenticate_accumulate,0.017229429,0.017229426
5,52,receive_authenticate_accumulate,0.000056221,0.000055834
5,52,receive_authenticate_accumulate,0.017228152,0.017228111
5,52,receive_authenticate_accumulate,0.000054795,0.000054481
5,52,receive_authenticate_accumulate,0.017228429,0.017228407
5,52,receive_authenticate_accumulate,0.000055332,0.000055056
5,52,receive_authenticate_accumulate,0.017226707,0.017226630
5,52,receive_authenticate_accumulate,0.000054851,0.000054593
5,52,receive_authenticate_accumulate,0.017266003,0.017248222
5,52,receive_authenticate_accumulate,0.000056221,0.000055908
5,52,receive_authenticate_accumulate,0.017221357,0.017221425
5,52,receive_authenticate_accumulate,0.000055906,0.000055648
5,52,receive_authenticate_accumulate,0.017221134,0.017221130
5,52,receive_authenticate_accumulate,0.000055536,0.000055260
5,52,round_coverage,0.000003926,0.000003223
5,52,spatial_report,0.000041258,0.000040704
5,53,round_reset,0.000009370,0.000007852
5,53,receive_authenticate_accumulate,0.017237123,0.017237129
5,53,receive_authenticate_accumulate,0.000054888,0.000054611
5,53,receive_authenticate_accumulate,0.017236901,0.017236907
5,53,receive_authenticate_accumulate,0.000054832,0.000054611
5,53,receive_authenticate_accumulate,0.017221328,0.017221111
5,53,receive_authenticate_accumulate,0.000054999,0.000054722
5,53,receive_authenticate_accumulate,0.017226680,0.017226740
5,53,receive_authenticate_accumulate,0.000054721,0.000054204
5,53,receive_authenticate_accumulate,0.017262383,0.017262074
5,53,receive_authenticate_accumulate,0.000055350,0.000054666
5,53,receive_authenticate_accumulate,0.017227143,0.017227352
5,53,receive_authenticate_accumulate,0.000054518,0.000054259
5,53,receive_authenticate_accumulate,0.017281160,0.017237370
5,53,receive_authenticate_accumulate,0.000052832,0.000052556
5,53,receive_authenticate_accumulate,0.017230458,0.017230722
5,53,receive_authenticate_accumulate,0.000053739,0.000053445
5,53,receive_authenticate_accumulate,0.017217958,0.017217926
5,53,receive_authenticate_accumulate,0.000054555,0.000054241
5,53,receive_authenticate_accumulate,0.017230958,0.017231000
5,53,receive_authenticate_accumulate,0.000053388,0.000053074
5,53,receive_authenticate_accumulate,0.017231846,0.017232129
5,53,receive_authenticate_accumulate,0.000055240,0.000054963
5,53,reading_commitment_and_shares,0.026227290,0.026227907
5,53,receive_authenticate_accumulate,0.017221995,0.017222018
5,53,receive_authenticate_accumulate,0.000052925,0.000052444
5,53,receive_authenticate_accumulate,0.017256106,0.017236074
5,53,receive_authenticate_accumulate,0.000054314,0.000053926
5,53,receive_authenticate_accumulate,0.017236569,0.017236518
5,53,receive_authenticate_accumulate,0.000055277,0.000055000
5,53,receive_authenticate_accumulate,0.017226607,0.017226611
5,53,receive_authenticate_accumulate,0.000051870,0.000051592
5,53,receive_authenticate_accumulate,0.017228162,0.017228111
5,53,receive_authenticate_accumulate,0.000054222,0.000053833
5,53,receive_authenticate_accumulate,0.017218478,0.017218426
5,53,receive_authenticate_accumulate,0.000053665,0.000053408
5,53,receive_authenticate_accumulate,0.017261977,0.017241204
5,53,receive_authenticate_accumulate,0.000070739,0.000070556
5,53,receive_authenticate_accumulate,0.017233422,0.017233389
5,53,receive_authenticate_accumulate,0.000054851,0.000054500
5,53,receive_authenticate_accumulate,0.017263922,0.017236852
5,53,receive_authenticate_accumulate,0.000054166,0.000053815
5,53,round_coverage,0.000004259,0.000003630
5,53,spatial_report,0.000040740,0.000040333
5,54,round_reset,0.000009444,0.000007834
5,54,receive_authenticate_accumulate,0.017233744,0.017233926
5,54,receive_authenticate_accumulate,0.000057795,0.000057223
5,54,receive_authenticate_accumulate,0.017240374,0.017240444
5,54,receive_authenticate_accumulate,0.000057610,0.000057333
5,54,receive_authenticate_accumulate,0.017224578,0.017225018
5,54,receive_authenticate_accumulate,0.000055814,0.000055481
5,54,receive_authenticate_accumulate,0.017216430,0.017216352
5,54,receive_authenticate_accumulate,0.000054518,0.000054482
5,54,receive_authenticate_accumulate,0.017225153,0.017225149
5,54,receive_authenticate_accumulate,0.000055813,0.000055314
5,54,receive_authenticate_accumulate,0.017226208,0.017226314
5,54,receive_authenticate_accumulate,0.000074462,0.000074185
5,54,receive_authenticate_accumulate,0.017229579,0.017229796
5,54,receive_authenticate_accumulate,0.000054036,0.000053760
5,54,receive_authenticate_accumulate,0.017224060,0.017224111
5,54,receive_authenticate_accumulate,0.000055925,0.000055574
5,54,receive_authenticate_accumulate,0.017222930,0.017222944
5,54,receive_authenticate_accumulate,0.000055110,0.000054833
5,54,receive_authenticate_accumulate,0.017294299,0.017253333
5,54,receive_authenticate_accumulate,0.000055721,0.000055500
5,54,receive_authenticate_accumulate,0.017226172,0.017226296
5,54,receive_authenticate_accumulate,0.000055333,0.000055186
5,54,reading_commitment_and_shares,0.026235583,0.026214445
5,54,receive_authenticate_accumulate,0.017228431,0.017228537
5,54,receive_authenticate_accumulate,0.000054017,0.000053722
5,54,receive_authenticate_accumulate,0.017229746,0.017229723
5,54,receive_authenticate_accumulate,0.000055370,0.000055037
5,54,receive_authenticate_accumulate,0.017223839,0.017223722
5,54,receive_authenticate_accumulate,0.000054444,0.000054296
5,54,receive_authenticate_accumulate,0.017242357,0.017242536
5,54,receive_authenticate_accumulate,0.000055684,0.000055426
5,54,receive_authenticate_accumulate,0.017230895,0.017230852
5,54,receive_authenticate_accumulate,0.000056221,0.000056130
5,54,receive_authenticate_accumulate,0.017228154,0.017228148
5,54,receive_authenticate_accumulate,0.000056943,0.000056666
5,54,receive_authenticate_accumulate,0.017221339,0.017221260
5,54,receive_authenticate_accumulate,0.000055184,0.000054945
5,54,receive_authenticate_accumulate,0.017218728,0.017218648
5,54,receive_authenticate_accumulate,0.000055703,0.000055463
5,54,receive_authenticate_accumulate,0.017226507,0.017226370
5,54,receive_authenticate_accumulate,0.000055536,0.000055074
5,54,round_coverage,0.000003611,0.000002833
5,54,spatial_report,0.000041129,0.000040759
5,55,round_reset,0.000010444,0.000007981
5,55,receive_authenticate_accumulate,0.017233976,0.017234000
5,55,receive_authenticate_accumulate,0.000072943,0.000072704
5,55,receive_authenticate_accumulate,0.017223420,0.017223685
5,55,receive_authenticate_accumulate,0.000055370,0.000055130
5,55,receive_authenticate_accumulate,0.017220903,0.017220814
5,55,receive_authenticate_accumulate,0.000054277,0.000054037
5,55,receive_authenticate_accumulate,0.017300734,0.017258667
5,55,receive_authenticate_accumulate,0.000059443,0.000059074
5,55,receive_authenticate_accumulate,0.017265253,0.017245593
5,55,receive_authenticate_accumulate,0.000055592,0.000055296
5,55,receive_authenticate_accumulate,0.017231606,0.017231629
5,55,receive_authenticate_accumulate,0.000054499,0.000054240
5,55,receive_authenticate_accumulate,0.017219810,0.017219926
5,55,receive_authenticate_accumulate,0.000055554,0.000055185
5,55,receive_authenticate_accumulate,0.017232162,0.017232222
5,55,receive_authenticate_accumulate,0.000053184,0.000052944
5,55,receive_authenticate_accumulate,0.017214125,0.017214389
5,55,receive_authenticate_accumulate,0.000053684,0.000053482
5,55,receive_authenticate_accumulate,0.017284106,0.017244148
5,55,receive_authenticate_accumulate,0.000053813,0.000053482
5,55,receive_authenticate_accumulate,0.017224477,0.017224314
5,55,receive_authenticate_accumulate,0.000055925,0.000055556
5,55,reading_commitment_and_shares,0.026254190,0.026224908
5,55,receive_authenticate_accumulate,0.017228496,0.017228537
5,55,receive_authenticate_accumulate,0.000055591,0.000054907
5,55,receive_authenticate_accumulate,0.017250237,0.017250185
5,55,receive_authenticate_accumulate,0.000054480,0.000054204
5,55,receive_authenticate_accumulate,0.017225663,0.017225611
5,55,receive_authenticate_accumulate,0.000055184,0.000054852
5,55,receive_authenticate_accumulate,0.017229348,0.017229314
5,55,receive_authenticate_accumulate,0.000055388,0.000055112
5,55,receive_authenticate_accumulate,0.017265255,0.017240500
5,55,receive_authenticate_accumulate,0.000055536,0.000055185
5,55,receive_authenticate_accumulate,0.017216868,0.017216926
5,55,receive_authenticate_accumulate,0.000054351,0.000054000
5,55,receive_authenticate_accumulate,0.017253274,0.017253277
5,55,receive_authenticate_accumulate,0.000055388,0.000054907
5,55,receive_authenticate_accumulate,0.017228145,0.017228148
5,55,receive_authenticate_accumulate,0.000055906,0.000055630
5,55,receive_authenticate_accumulate,0.017225849,0.017225888
5,55,receive_authenticate_accumulate,0.000054888,0.000054574
5,55,round_coverage,0.000003722,0.000003074
5,55,spatial_report,0.000041055,0.000040814
5,56,round_reset,0.000009518,0.000007778
5,56,receive_authenticate_accumulate,0.017235743,0.017235796
5,56,receive_authenticate_accumulate,0.000057481,0.000057056
5,56,receive_authenticate_accumulate,0.017227337,0.017227370
5,56,receive_authenticate_accumulate,0.000055481,0.000055204
5,56,receive_authenticate_accumulate,0.017228041,0.017228074
5,56,receive_authenticate_accumulate,0.000056277,0.000055852
5,56,receive_authenticate_accumulate,0.017225226,0.017225222
5,56,receive_authenticate_accumulate,0.000055943,0.000055611
5,56,receive_authenticate_accumulate,0.017236430,0.017236371
5,56,receive_authenticate_accumulate,0.000055573,0.000055333
5,56,receive_authenticate_accumulate,0.017227615,0.017227741
5,56,receive_authenticate_accumulate,0.000053851,0.000053611
5,56,receive_authenticate_accumulate,0.017222152,0.017222204
5,56,receive_authenticate_accumulate,0.000058055,0.000057704
5,56,receive_authenticate_accumulate,0.017243985,0.017243926
5,56,receive_authenticate_accumulate,0.000056573,0.000056334
5,56,receive_authenticate_accumulate,0.017228597,0.017228482
5,56,receive_authenticate_accumulate,0.000056573,0.000056241
5,56,receive_authenticate_accumulate,0.017300558,0.017268722
5,56,receive_authenticate_accumulate,0.000056406,0.000056315
5,56,receive_authenticate_accumulate,0.017228634,0.017228592
5,56,receive_authenticate_accumulate,0.000055258,0.000055019
5,56,reading_commitment_and_shares,0.026291351,0.026262444
5,56,receive_authenticate_accumulate,0.017219449,0.017219315
5,56,receive_authenticate_accumulate,0.000054277,0.000053944
5,56,receive_authenticate_accumulate,0.017269004,0.017241334
5,56,receive_authenticate_accumulate,0.000057166,0.000056889
5,56,receive_authenticate_accumulate,0.017225709,0.017225796
5,56,receive_authenticate_accumulate,0.000054869,0.000054574
5,56,receive_authenticate_accumulate,0.017226005,0.017225944
5,56,receive_authenticate_accumulate,0.000054610,0.000054296
5,56,receive_authenticate_accumulate,0.017259542,0.017236722
5,56,receive_authenticate_accumulate,0.000054239,0.000054000
5,56,receive_authenticate_accumulate,0.017226672,0.017226704
5,56,receive_authenticate_accumulate,0.000054907,0.000054593
5,56,receive_authenticate_accumulate,0.017230154,0.017230093
5,56,receive_authenticate_accumulate,0.000054259,0.000053963
5,56,receive_authenticate_accumulate,0.017227802,0.017227444
5,56,receive_authenticate_accumulate,0.000054388,0.000054186
5,56,receive_authenticate_accumulate,0.017274931,0.017251925
5,56,receive_authenticate_accumulate,0.000056222,0.000055963
5,56,round_coverage,0.000003537,0.000002833
5,56,spatial_report,0.000040740,0.000040389
5,57,round_reset,0.000009315,0.000007648
5,57,receive_authenticate_accumulate,0.017239122,0.017238982
5,57,receive_authenticate_accumulate,0.000054833,0.000054537
5,57,receive_authenticate_accumulate,0.017222012,0.017221945
5,57,receive_authenticate_accumulate,0.000055499,0.000055167
5,57,receive_authenticate_accumulate,0.017230975,0.017230852
5,57,receive_authenticate_accumulate,0.000055777,0.000055444
5,57,receive_authenticate_accumulate,0.017223123,0.017223074
5,57,receive_authenticate_accumulate,0.000053573,0.000053223
5,57,receive_authenticate_accumulate,0.017271845,0.017249370
5,57,receive_authenticate_accumulate,0.000054147,0.000053797
5,57,receive_authenticate_accumulate,0.017229808,0.017229760
5,57,receive_authenticate_accumulate,0.000053610,0.000053333
5,57,receive_authenticate_accumulate,0.017228586,0.017228611
5,57,receive_authenticate_accumulate,0.000055110,0.000054908
5,57,receive_authenticate_accumulate,0.017222142,0.017222018
5,57,receive_authenticate_accumulate,0.000055629,0.000055426
5,57,receive_authenticate_accumulate,0.017225290,0.017225352
5,57,receive_authenticate_accumulate,0.000055666,0.000055315
5,57,receive_authenticate_accumulate,0.017251975,0.017252296
5,57,receive_authenticate_accumulate,0.000056610,0.000056241
5,57,receive_authenticate_accumulate,0.017223327,0.017223185
5,57,receive_authenticate_accumulate,0.000054370,0.000053907
5,57,reading_commitment_and_shares,0.026258197,0.026228481
5,57,receive_authenticate_accumulate,0.017230161,0.017230482
5,57,receive_authenticate_accumulate,0.000055091,0.000054870
5,57,receive_authenticate_accumulate,0.017230346,0.017230241
5,57,receive_authenticate_accumulate,0.000089146,0.000088834
5,57,receive_authenticate_accumulate,0.017225383,0.017225352
5,57,receive_authenticate_accumulate,0.000056629,0.000056352
5,57,receive_authenticate_accumulate,0.017225532,0.017225648
5,57,receive_authenticate_accumulate,0.000055129,0.000054704
5,57,receive_authenticate_accumulate,0.017230568,0.017230389
5,57,receive_authenticate_accumulate,0.000054981,0.000054760
5,57,receive_authenticate_accumulate,0.017231921,0.017231889
5,57,receive_authenticate_accumulate,0.000056129,0.000055889
5,57,receive_authenticate_accumulate,0.017219495,0.017219481
5,57,receive_authenticate_accumulate,0.000054536,0.000054203
5,57,receive_authenticate_accumulate,0.017227365,0.017227389
5,57,receive_authenticate_accumulate,0.000055221,0.000054852
5,57,receive_authenticate_accumulate,0.017231328,0.017231389
5,57,receive_authenticate_accumulate,0.000055906,0.000055537
5,57,round_coverage,0.000003574,0.000002926
5,57,spatial_report,0.000039999,0.000039611
5,58,round_reset,0.000010463,0.000008926
5,58,receive_authenticate_accumulate,0.017222945,0.017222686
5,58,receive_authenticate_accumulate,0.000054184,0.000053870
5,58,receive_authenticate_accumulate,0.017226482,0.017226723
5,58,receive_authenticate_accumulate,0.000055425,0.000055056
5,58,receive_authenticate_accumulate,0.017224334,0.017224426
5,58,receive_authenticate_accumulate,0.000054554,0.000054463
5,58,receive_authenticate_accumulate,0.017238594,0.017238704
5,58,receive_authenticate_accumulate,0.000054814,0.000054667
5,58,receive_authenticate_accumulate,0.017230205,0.017230351
5,58,receive_authenticate_accumulate,0.000054907,0.000054685
5,58,receive_authenticate_accumulate,0.017225150,0.017225148
5,58,receive_authenticate_accumulate,0.000055166,0.000054963
5,58,receive_authenticate_accumulate,0.017226354,0.017226389
5,58,receive_authenticate_accumulate,0.000055536,0.000055444
5,58,receive_authenticate_accumulate,0.017270316,0.017243871
5,58,receive_authenticate_accumulate,0.000054906,0.000054612
5,58,receive_authenticate_accumulate,0.017221446,0.017221667
5,58,receive_authenticate_accumulate,0.000055703,0.000055370
5,58,receive_authenticate_accumulate,0.017232817,0.017232888
5,58,receive_authenticate_accumulate,0.000054721,0.000054426
5,58,receive_authenticate_accumulate,0.017225224,0.017225333
5,58,receive_authenticate_accumulate,0.000054758,0.000054407
5,58,reading_commitment_and_shares,0.026194302,0.026194944
5,58,receive_authenticate_accumulate,0.017231946,0.017231870
5,58,receive_authenticate_accumulate,0.000055888,0.000055611
5,58,receive_authenticate_accumulate,0.025911993,0.025912555
5,58,receive_authenticate_accumulate,0.000055610,0.000055166
5,58,receive_authenticate_accumulate,0.017223150,0.017223149
5,58,receive_authenticate_accumulate,0.000055314,0.000055129
5,58,receive_authenticate_accumulate,0.017235095,0.017235148
5,58,receive_authenticate_accumulate,0.000080314,0.000080019
5,58,receive_authenticate_accumulate,0.017218484,0.017218426
5,58,receive_authenticate_accumulate,0.000051759,0.000051426
5,58,receive_authenticate_accumulate,0.017223243,0.017223278
5,58,receive_authenticate_accumulate,0.000053907,0.000053574
5,58,receive_authenticate_accumulate,0.017231410,0.017231223
5,58,receive_authenticate_accumulate,0.000051962,0.000051370
5,58,receive_authenticate_accumulate,0.017225929,0.017225945
5,58,receive_authenticate_accumulate,0.000052777,0.000052611
5,58,receive_authenticate_accumulate,0.017221374,0.017221333
5,58,receive_authenticate_accumulate,0.000053925,0.000053204
5,58,round_coverage,0.000003408,0.000002667
5,58,spatial_report,0.000039555,0.000039037
5,59,round_reset,0.000009370,0.000007796
5,59,receive_authenticate_accumulate,0.017236564,0.017236482
5,59,receive_authenticate_accumulate,0.000053018,0.000052685
5,59,receive_authenticate_accumulate,0.017222508,0.017222445
5,59,receive_authenticate_accumulate,0.000053740,0.000053463
5,59,receive_authenticate_accumulate,0.017227398,0.017227666
5,59,receive_authenticate_accumulate,0.000052462,0.000052148
5,59,receive_authenticate_accumulate,0.017222083,0.017221926
5,59,receive_authenticate_accumulate,0.000052592,0.000052240
5,59,receive_authenticate_accumulate,0.017213954,0.017213833
5,59,receive_authenticate_accumulate,0.000053536,0.000053222
5,59,receive_authenticate_accumulate,0.017218397,0.017218278
5,59,receive_authenticate_accumulate,0.000052480,0.000052186
5,59,receive_authenticate_accumulate,0.017295341,0.017244945
5,59,receive_authenticate_accumulate,0.000053092,0.000052777
5,59,receive_authenticate_accumulate,0.017229991,0.017229963
5,59,receive_authenticate_accumulate,0.000053239,0.000052963
5,59,receive_authenticate_accumulate,0.017223972,0.017223833
5,59,receive_authenticate_accumulate,0.000053703,0.000053334
5,59,receive_authenticate_accumulate,0.017226102,0.017226093
5,59,receive_authenticate_accumulate,0.000052648,0.000052241
5,59,receive_authenticate_accumulate,0.017227713,0.017227592
5,59,receive_authenticate_accumulate,0.000051536,0.000051278
5,59,reading_commitment_and_shares,0.026201517,0.026202018
5,59,receive_authenticate_accumulate,0.017228231,0.017228185
5,59,receive_authenticate_accumulate,0.000053407,0.000053074
5,59,receive_authenticate_accumulate,0.017232342,0.017232407
5,59,receive_authenticate_accumulate,0.000052777,0.000052408
5,59,receive_authenticate_accumulate,0.017221362,0.017221407
5,59,receive_authenticate_accumulate,0.000053184,0.000052963
5,59,receive_authenticate_accumulate,0.017221621,0.017221463
5,59,receive_authenticate_accumulate,0.000057648,0.000057314
5,59,receive_authenticate_accumulate,0.017285138,0.017285315
5,59,receive_authenticate_accumulate,0.000055999,0.000055649
5,59,receive_authenticate_accumulate,0.017224936,0.017224908
5,59,receive_authenticate_accumulate,0.000054017,0.000053740
5,59,receive_authenticate_accumulate,0.017222029,0.017221945
5,59,receive_authenticate_accumulate,0.000055036,0.000054740
5,59,receive_authenticate_accumulate,0.017227066,0.017227019
5,59,receive_authenticate_accumulate,0.000056166,0.000055889
5,59,receive_authenticate_accumulate,0.017270602,0.017238648
5,59,receive_authenticate_accumulate,0.000055222,0.000054963
5,59,round_coverage,0.000003351,0.000002722
5,59,spatial_report,0.000040370,0.000039908
5,59,billing_report,0.000431789,0.000431278
6,60,period_reset,0.000024574,0.000023111
6,60,receive_authenticate_accumulate,0.000094480,0.000093055
6,60,receive_authenticate_accumulate,0.000092166,0.000091537
6,60,receive_authenticate_accumulate,0.000090573,0.000090000
6,60,receive_authenticate_accumulate,0.000090406,0.000089870
6,60,receive_authenticate_accumulate,0.000091184,0.000090685
6,60,receive_authenticate_accumulate,0.000091999,0.000091519
6,60,receive_authenticate_accumulate,0.000090443,0.000089741
6,60,receive_authenticate_accumulate,0.000093499,0.000092815
6,60,receive_authenticate_accumulate,0.000070258,0.000069889
6,60,receive_authenticate_accumulate,0.000071480,0.000071056
6,60,receive_authenticate_accumulate,0.000068832,0.000068371
6,60,randomness_commit,0.000643712,0.000643000
6,60,receive_authenticate_accumulate,0.000066851,0.000066297
6,60,receive_authenticate_accumulate,0.000067981,0.000067518
6,60,receive_authenticate_accumulate,0.000069240,0.000068797
6,60,receive_authenticate_accumulate,0.000068758,0.000068370
6,60,receive_authenticate_accumulate,0.000068554,0.000068092
6,60,receive_authenticate_accumulate,0.000068777,0.000068592
6,60,receive_authenticate_accumulate,0.000068554,0.000067963
6,60,receive_authenticate_accumulate,0.000069554,0.000069093
6,60,receive_authenticate_accumulate,0.000068462,0.000067685
6,60,receive_authenticate_accumulate,0.000084109,0.000083574
6,60,receive_authenticate_accumulate,0.000083536,0.000083185
6,60,receive_authenticate_accumulate,0.000083518,0.000083018
6,60,receive_authenticate_accumulate,0.000085184,0.000084963
6,60,receive_authenticate_accumulate,0.000084258,0.000083889
6,60,receive_authenticate_accumulate,0.000085424,0.000084833
6,60,receive_authenticate_accumulate,0.000083035,0.000082685
6,60,receive_authenticate_accumulate,0.000084999,0.000084704
6,60,receive_authenticate_accumulate,0.000085703,0.000085129
6,60,receive_authenticate_accumulate,0.000083388,0.000082833
6,60,receive_authenticate_accumulate,0.000068870,0.000068426
6,60,randomness_reveal,0.000449956,0.000449407
6,60,receive_authenticate_accumulate,0.000071295,0.000071000
6,60,receive_authenticate_accumulate,0.000071776,0.000071333
6,60,receive_authenticate_accumulate,0.000065777,0.000065296
6,60,receive_authenticate_accumulate,0.000068128,0.000067629
6,60,receive_authenticate_accumulate,0.000067277,0.000066889
6,60,receive_authenticate_accumulate,0.000067480,0.000067148
6,60,receive_authenticate_accumulate,0.000067258,0.000066796
6,60,receive_authenticate_accumulate,0.000068166,0.000067685
6,60,receive_authenticate_accumulate,0.000068295,0.000067796
6,60,committee_selection,0.000124924,0.000124370
6,60,round_reset,0.000005889,0.000005129
6,60,receive_authenticate_accumulate,0.017217886,0.017217889
6,60,receive_authenticate_accumulate,0.017226812,0.017226740
6,60,receive_authenticate_accumulate,0.017231682,0.017231667
6,60,receive_authenticate_accumulate,0.017218349,0.017218204
6,60,receive_authenticate_accumulate,0.017229664,0.017229629
6,60,receive_authenticate_accumulate,0.017231664,0.017231500
6,60,receive_authenticate_accumulate,0.017227460,0.017227315
6,60,receive_authenticate_accumulate,0.017264331,0.017239944
6,60,receive_authenticate_accumulate,0.017228257,0.017228241
6,60,receive_authenticate_accumulate,0.017234924,0.017234907
6,60,receive_authenticate_accumulate,0.017226164,0.017226185
6,60,reading_commitment_and_shares,0.026274953,0.026243444
6,60,receive_authenticate_accumulate,0.017255609,0.017236889
6,60,receive_authenticate_accumulate,0.017227423,0.017227371
6,60,receive_authenticate_accumulate,0.017291386,0.017259407
6,60,receive_authenticate_accumulate,0.017220239,0.017220259
6,60,receive_authenticate_accumulate,0.017226424,0.017226278
6,60,receive_authenticate_accumulate,0.017227165,0.017227148
6,60,receive_authenticate_accumulate,0.017261535,0.017261555
6,60,receive_authenticate_accumulate,0.017232147,0.017231981
6,60,receive_authenticate_accumulate,0.017230332,0.017230240
6,60,round_coverage,0.000004111,0.000003371
6,61,round_reset,0.000010667,0.000009241
6,61,receive_authenticate_accumulate,0.017263559,0.017238129
6,61,receive_authenticate_accumulate,0.017228281,0.017228259
6,61,receive_authenticate_accumulate,0.017223503,0.017223370
6,61,receive_authenticate_accumulate,0.017208133,0.017208111
6,61,receive_authenticate_accumulate,0.017232707,0.017232574
6,61,receive_authenticate_accumulate,0.017227893,0.017227815
6,61,receive_authenticate_accumulate,0.017221448,0.017221370
6,61,receive_authenticate_accumulate,0.017229893,0.017229740
6,61,receive_authenticate_accumulate,0.017229412,0.017229407
6,61,receive_authenticate_accumulate,0.017222856,0.017222667
6,61,receive_authenticate_accumulate,0.017231170,0.017231130
6,61,reading_commitment_and_shares,0.026266037,0.026235907
6,61,receive_authenticate_accumulate,0.017223838,0.017223777
6,61,receive_authenticate_accumulate,0.017240596,0.017240408
6,61,receive_authenticate_accumulate,0.017232653,0.017232500
6,61,receive_authenticate_accumulate,0.017219653,0.017219481
6,61,receive_authenticate_accumulate,0.017238560,0.017238592
6,61,receive_authenticate_accumulate,0.017227301,0.017227204
6,61,receive_authenticate_accumulate,0.017220616,0.017220611
6,61,receive_authenticate_accumulate,0.017230227,0.017230241
6,61,receive_authenticate_accumulate,0.017217671,0.017217592
6,61,round_coverage,0.000004204,0.000003463
6,62,round_reset,0.000009759,0.000008167
6,62,receive_authenticate_accumulate,0.017233287,0.017233240
6,62,receive_authenticate_accumulate,0.017225529,0.017225759
6,62,receive_authenticate_accumulate,0.017227566,0.017227537
6,62,receive_authenticate_accumulate,0.017217066,0.017217130
6,62,receive_authenticate_accumulate,0.017221177,0.017221185
6,62,receive_authenticate_accumulate,0.017237287,0.017237223
6,62,receive_authenticate_accumulate,0.017227029,0.017227111
6,62,receive_authenticate_accumulate,0.017223973,0.017224000
6,62,receive_authenticate_accumulate,0.017224140,0.017223889
6,62,receive_authenticate_accumulate,0.017219418,0.017219352
6,62,receive_authenticate_accumulate,0.017234455,0.017234296
6,62,reading_commitment_and_shares,0.026216621,0.026217056
6,62,receive_authenticate_accumulate,0.017219715,0.017219722
6,62,receive_authenticate_accumulate,0.017239511,0.017239574
6,62,receive_authenticate_accumulate,0.017220270,0.017220462
6,62,receive_authenticate_accumulate,0.017233547,0.017233407
6,62,receive_authenticate_accumulate,0.017222048,0.017221833
6,62,receive_authenticate_accumulate,0.017228159,0.017228223
6,62,receive_authenticate_accumulate,0.017250270,0.017236963
6,62,receive_authenticate_accumulate,0.017224845,0.017224759
6,62,receive_authenticate_accumulate,0.017251066,0.017238037
6,62,round_coverage,0.000004259,0.000003481
6,63,round_reset,0.000009593,0.000008130
6,63,receive_authenticate_accumulate,0.017264885,0.017264889
6,63,receive_authenticate_accumulate,0.017231108,0.017231130
6,63,receive_authenticate_accumulate,0.017269459,0.017240870
6,63,receive_authenticate_accumulate,0.017265756,0.017247852
6,63,receive_authenticate_accumulate,0.017232108,0.017232111
6,63,receive_authenticate_accumulate,0.017229238,0.017229296
6,63,receive_authenticate_accumulate,0.017221942,0.017221871
6,63,receive_authenticate_accumulate,0.017226109,0.017225889
6,63,receive_authenticate_accumulate,0.017234831,0.017234648
6,63,receive_authenticate_accumulate,0.017225461,0.017225333
6,63,receive_authenticate_accumulate,0.017224534,0.017224333
6,63,reading_commitment_and_shares,0.026214130,0.026214574
6,63,receive_authenticate_accumulate,0.017214553,0.017214722
6,63,receive_authenticate_accumulate,0.017231646,0.017231815
6,63,receive_authenticate_accumulate,0.017225054,0.017225148
6,63,receive_authenticate_accumulate,0.017231720,0.017231666
6,63,receive_authenticate_accumulate,0.017228313,0.017228148
6,63,receive_authenticate_accumulate,0.017265979,0.017241760
6,63,receive_authenticate_accumulate,0.017228331,0.017228426
6,63,receive_authenticate_accumulate,0.017228406,0.017228388
6,63,receive_authenticate_accumulate,0.017224035,0.017223851
6,63,round_coverage,0.000004167,0.000003371
6,64,round_reset,0.000009111,0.000007500
6,64,receive_authenticate_accumulate,0.017227687,0.017227667
6,64,receive_authenticate_accumulate,0.017273650,0.017243612
6,64,receive_authenticate_accumulate,0.017231170,0.017231000
6,64,receive_authenticate_accumulate,0.017281206,0.017281185
6,64,receive_authenticate_accumulate,0.017219743,0.017219666
6,64,receive_authenticate_accumulate,0.017225188,0.017225297
6,64,receive_authenticate_accumulate,0.017234965,0.017234926
6,64,receive_authenticate_accumulate,0.017229632,0.017229537
6,64,receive_authenticate_accumulate,0.017224207,0.017224278
6,64,receive_authenticate_accumulate,0.017224003,0.017223926
6,64,receive_authenticate_accumulate,0.017219485,0.017219556
6,64,reading_commitment_and_shares,0.026264841,0.026239816
6,64,receive_authenticate_accumulate,0.017217762,0.017217722
6,64,receive_authenticate_accumulate,0.017222707,0.017222463
6,64,receive_authenticate_accumulate,0.017225911,0.017225945
6,64,receive_authenticate_accumulate,0.017287003,0.017250203
6,64,receive_authenticate_accumulate,0.017221411,0.017221389
6,64,receive_authenticate_accumulate,0.017230633,0.017230667
6,64,receive_authenticate_accumulate,0.017220078,0.017219907
6,64,receive_authenticate_accumulate,0.017232466,0.017232518
6,64,receive_authenticate_accumulate,0.017228522,0.017228444
6,64,round_coverage,0.000004685,0.000003426
6,65,round_reset,0.000009648,0.000007907
6,65,receive_authenticate_accumulate,0.017223471,0.017223333
6,65,receive_authenticate_accumulate,0.017228786,0.017228741
6,65,receive_authenticate_accumulate,0.017219286,0.017219204
6,65,receive_authenticate_accumulate,0.017225990,0.017226074
6,65,receive_authenticate_accumulate,0.017224841,0.017224536
6,65,receive_authenticate_accumulate,0.017227230,0.017227259
6,65,receive_authenticate_accumulate,0.017228582,0.017228722
6,65,receive_authenticate_accumulate,0.017229434,0.017229425
6,65,receive_authenticate_accumulate,0.017227656,0.017227352
6,65,receive_authenticate_accumulate,0.017236712,0.017236759
6,65,receive_authenticate_accumulate,0.017231582,0.017231407
6,65,reading_commitment_and_shares,0.026218054,0.026218204
6,65,receive_authenticate_accumulate,0.017229471,0.017229611
6,65,receive_authenticate_accumulate,0.017229804,0.017229667
6,65,receive_authenticate_accumulate,0.017228453,0.017228315
6,65,receive_authenticate_accumulate,0.017224953,0.017224630
6,65,receive_authenticate_accumulate,0.017220656,0.017220611
6,65,receive_authenticate_accumulate,0.017224416,0.017224444
6,65,receive_authenticate_accumulate,0.017233601,0.017233407
6,65,receive_authenticate_accumulate,0.017226119,0.017225926
6,65,receive_authenticate_accumulate,0.017221972,0.017221833
6,65,round_coverage,0.000003574,0.000002963
6,66,round_reset,0.000009611,0.000007592
6,66,receive_authenticate_accumulate,0.017224920,0.017224852
6,66,receive_authenticate_accumulate,0.017229549,0.017229481
6,66,receive_authenticate_accumulate,0.017225513,0.017225481
6,66,receive_authenticate_accumulate,0.017224532,0.017224425
6,66,receive_authenticate_accumulate,0.017236124,0.017236074
6,66,receive_authenticate_accumulate,0.017263642,0.017240148
6,66,receive_authenticate_accumulate,0.017230032,0.017229945
6,66,receive_authenticate_accumulate,0.017221457,0.017221278
6,66,receive_authenticate_accumulate,0.017263920,0.017263777
6,66,receive_authenticate_accumulate,0.017231328,0.017231185
6,66,receive_authenticate_accumulate,0.017282050,0.017238260
6,66,reading_commitment_and_shares,0.026217450,0.026217592
6,66,receive_authenticate_accumulate,0.017216791,0.017216852
6,66,receive_authenticate_accumulate,0.017230495,0.017230518
6,66,receive_authenticate_accumulate,0.017220124,0.017219851
6,66,receive_authenticate_accumulate,0.017217866,0.017217667
6,66,receive_authenticate_accumulate,0.017284364,0.017240018
6,66,receive_authenticate_accumulate,0.017251032,0.017241297
6,66,receive_authenticate_accumulate,0.017220773,0.017220815
6,66,receive_authenticate_accumulate,0.017218106,0.017217926
6,66,receive_authenticate_accumulate,0.017226551,0.017226463
6,66,round_coverage,0.000003926,0.000003259
6,67,round_reset,0.000009204,0.000007685
6,67,receive_authenticate_accumulate,0.017237702,0.017237537
6,67,receive_authenticate_accumulate,0.017230610,0.017230426
6,67,receive_authenticate_accumulate,0.017224128,0.017224074
6,67,receive_authenticate_accumulate,0.017222740,0.017222408
6,67,receive_authenticate_accumulate,0.017231888,0.017231926
6,67,receive_authenticate_accumulate,0.017231073,0.017230740
6,67,receive_authenticate_accumulate,0.017227388,0.017227407
6,67,receive_authenticate_accumulate,0.017229703,0.017229629
6,67,receive_authenticate_accumulate,0.017220147,0.017219852
6,67,receive_authenticate_accumulate,0.017258165,0.017230648
6,67,receive_authenticate_accumulate,0.017221722,0.017221649
6,67,reading_commitment_and_shares,0.026212790,0.026212888
6,67,receive_authenticate_accumulate,0.017277610,0.017251352
6,67,receive_authenticate_accumulate,0.017304906,0.017304926
6,67,receive_authenticate_accumulate,0.017229073,0.017229074
6,67,receive_authenticate_accumulate,0.017233611,0.017233408
6,67,receive_authenticate_accumulate,0.017226851,0.017226963
6,67,receive_authenticate_accumulate,0.017224167,0.017224037
6,67,receive_authenticate_accumulate,0.017213277,0.017213537
6,67,receive_authenticate_accumulate,0.017228481,0.017228611
6,67,receive_authenticate_accumulate,0.017223111,0.017223148
6,67,round_coverage,0.000004241,0.000003481
6,68,round_reset,0.000009834,0.000008074
6,68,receive_authenticate_accumulate,0.017226207,0.017225704
6,68,receive_authenticate_accumulate,0.017225225,0.017225129
6,68,receive_authenticate_accumulate,0.017302873,0.017263591
6,68,receive_authenticate_accumulate,0.017231355,0.017231278
6,68,receive_authenticate_accumulate,0.017223762,0.017223666
6,68,receive_authenticate_accumulate,0.017229929,0.017229889
6,68,receive_authenticate_accumulate,0.017279133,0.017238851
6,68,receive_authenticate_accumulate,0.017268503,0.017243185
6,68,receive_authenticate_accumulate,0.017227818,0.017227741
6,68,receive_authenticate_accumulate,0.017227689,0.017227555
6,68,receive_authenticate_accumulate,0.017227540,0.017227500
6,68,reading_commitment_and_shares,0.026201816,0.026201815
6,68,receive_authenticate_accumulate,0.017279559,0.017249315
6,68,receive_authenticate_accumulate,0.017228263,0.017228277
6,68,receive_authenticate_accumulate,0.017231800,0.017231648
6,68,receive_authenticate_accumulate,0.017221189,0.017221166
6,68,receive_authenticate_accumulate,0.017263189,0.017263629
6,68,receive_authenticate_accumulate,0.017218134,0.017218037
6,68,receive_authenticate_accumulate,0.017227004,0.017226925
6,68,receive_authenticate_accumulate,0.017219319,0.017219222
6,68,receive_authenticate_accumulate,0.017219689,0.017219537
6,68,round_coverage,0.000004240,0.000003463
6,69,round_reset,0.000009333,0.000007667
6,69,receive_authenticate_accumulate,0.017253729,0.017230111
6,69,receive_authenticate_accumulate,0.017225859,0.017226037
6,69,receive_authenticate_accumulate,0.017227785,0.017227630
6,69,receive_authenticate_accumulate,0.017233136,0.017233018
6,69,receive_authenticate_accumulate,0.017217377,0.017217259
6,69,receive_authenticate_accumulate,0.017223655,0.017223611
6,69,receive_authenticate_accumulate,0.017222397,0.017222260
6,69,receive_authenticate_accumulate,0.017231915,0.017231796
6,69,receive_authenticate_accumulate,0.017222600,0.017222407
6,69,receive_authenticate_accumulate,0.017221359,0.017221314
6,69,receive_authenticate_accumulate,0.017226545,0.017226129
6,69,reading_commitment_and_shares,0.026205026,0.026205074
6,69,receive_authenticate_accumulate,0.017218767,0.017218185
6,69,receive_authenticate_accumulate,0.017272674,0.017247111
6,69,receive_authenticate_accumulate,0.017219637,0.017219685
6,69,receive_authenticate_accumulate,0.017217768,0.017217574
6,69,receive_authenticate_accumulate,0.017231841,0.017231759
6,69,receive_authenticate_accumulate,0.017250915,0.017233815
6,69,receive_authenticate_accumulate,0.017218860,0.017218740
6,69,receive_authenticate_accumulate,0.017252618,0.017252574
6,69,receive_authenticate_accumulate,0.017220990,0.017220814
6,69,round_coverage,0.000004074,0.000003407
7,70,period_reset,0.000024037,0.000022278
7,70,receive_authenticate_accumulate,0.000094943,0.000094352
7,70,receive_authenticate_accumulate,0.000090999,0.000089963
7,70,receive_authenticate_accumulate,0.000091239,0.000091000
7,70,receive_authenticate_accumulate,0.000088462,0.000087889
7,70,receive_authenticate_accumulate,0.000092351,0.000091851
7,70,receive_authenticate_accumulate,0.000091758,0.000091167
7,70,receive_authenticate_accumulate,0.000090647,0.000090130
7,70,receive_authenticate_accumulate,0.000088981,0.000088556
7,70,receive_authenticate_accumulate,0.000061777,0.000061223
7,70,receive_authenticate_accumulate,0.000061388,0.000060796
7,70,receive_authenticate_accumulate,0.000062832,0.000062463
7,70,randomness_commit,0.000550882,0.000550518
7,70,receive_authenticate_accumulate,0.000058869,0.000058482
7,70,receive_authenticate_accumulate,0.000062166,0.000061259
7,70,receive_authenticate_accumulate,0.000061166,0.000060889
7,70,receive_authenticate_accumulate,0.000062703,0.000062259
7,70,receive_authenticate_accumulate,0.000062833,0.000062296
7,70,receive_authenticate_accumulate,0.000061147,0.000060760
7,70,receive_authenticate_accumulate,0.000060259,0.000059889
7,70,receive_authenticate_accumulate,0.000061796,0.000061556
7,70,receive_authenticate_accumulate,0.000061351,0.000061000
7,70,receive_authenticate_accumulate,0.000074203,0.000073870
7,70,receive_authenticate_accumulate,0.000075647,0.000075351
7,70,receive_authenticate_accumulate,0.000072814,0.000072408
7,70,receive_authenticate_accumulate,0.000074665,0.000074167
7,70,receive_authenticate_accumulate,0.000073610,0.000073148
7,70,receive_authenticate_accumulate,0.000074407,0.000074111
7,70,receive_authenticate_accumulate,0.000073981,0.000073685
7,70,receive_authenticate_accumulate,0.000073147,0.000072945
7,70,receive_authenticate_accumulate,0.000075833,0.000075500
7,70,receive_authenticate_accumulate,0.000075999,0.000075907
7,70,receive_authenticate_accumulate,0.000074091,0.000073611
7,70,randomness_reveal,0.000497494,0.000496963
7,70,receive_authenticate_accumulate,0.000073425,0.000073074
7,70,receive_authenticate_accumulate,0.000049315,0.000049185
7,70,receive_authenticate_accumulate,0.000045703,0.000045445
7,70,receive_authenticate_accumulate,0.000047204,0.000046870
7,70,receive_authenticate_accumulate,0.000049055,0.000048889
7,70,receive_authenticate_accumulate,0.000046296,0.000046111
7,70,receive_authenticate_accumulate,0.000047814,0.000047592
7,70,receive_authenticate_accumulate,0.000045574,0.000045334
7,70,receive_authenticate_accumulate,0.000047296,0.000047056
7,70,committee_selection,0.000086443,0.000086130
7,70,round_reset,0.000004148,0.000003723
7,70,receive_authenticate_accumulate,0.017222678,0.017222592
7,70,receive_authenticate_accumulate,0.000055648,0.000055333
7,70,receive_authenticate_accumulate,0.017223900,0.017224129
7,70,receive_authenticate_accumulate,0.000054240,0.000053926
7,70,receive_authenticate_accumulate,0.017224974,0.017224963
7,70,receive_authenticate_accumulate,0.000054759,0.000054574
7,70,receive_authenticate_accumulate,0.017220326,0.017220185
7,70,receive_authenticate_accumulate,0.000053610,0.000053278
7,70,receive_authenticate_accumulate,0.017219326,0.017219129
7,70,receive_authenticate_accumulate,0.000054463,0.000054000
7,70,receive_authenticate_accumulate,0.017226697,0.017226519
7,70,receive_authenticate_accumulate,0.000053592,0.000053222
7,70,receive_authenticate_accumulate,0.017226437,0.017226315
7,70,receive_authenticate_accumulate,0.000053648,0.000053204
7,70,receive_authenticate_accumulate,0.017259437,0.017234000
7,70,receive_authenticate_accumulate,0.000053573,0.000053278
7,70,receive_authenticate_accumulate,0.017263011,0.017240796
7,70,receive_authenticate_accumulate,0.000055092,0.000054945
7,70,receive_authenticate_accumulate,0.017221326,0.017221333
7,70,receive_authenticate_accumulate,0.000053277,0.000053074
7,70,receive_authenticate_accumulate,0.017223845,0.017223741
7,70,receive_authenticate_accumulate,0.000051184,0.000050649
7,70,reading_commitment_and_shares,0.026241883,0.026241796
7,70,receive_authenticate_accumulate,0.017223492,0.017223426
7,70,receive_authenticate_accumulate,0.000055110,0.000054759
7,70,receive_authenticate_accumulate,0.017238364,0.017238296
7,70,receive_authenticate_accumulate,0.000055851,0.000055500
7,70,receive_authenticate_accumulate,0.017226937,0.017226907
7,70,receive_authenticate_accumulate,0.000054685,0.000054574
7,70,receive_authenticate_accumulate,0.017217790,0.017217741
7,70,receive_authenticate_accumulate,0.000054777,0.000054463
7,70,receive_authenticate_accumulate,0.017232512,0.017232463
7,70,receive_authenticate_accumulate,0.000053740,0.000053371
7,70,receive_authenticate_accumulate,0.017226604,0.017226482
7,70,receive_authenticate_accumulate,0.000055759,0.000055444
7,70,receive_authenticate_accumulate,0.017223623,0.017223629
7,70,receive_authenticate_accumulate,0.000055463,0.000055092
7,70,receive_authenticate_accumulate,0.017227253,0.017227148
7,70,receive_authenticate_accumulate,0.000053499,0.000053037
7,70,receive_authenticate_accumulate,0.017250789,0.017228945
7,70,receive_authenticate_accumulate,0.000053277,0.000052833
7,70,round_coverage,0.000004037,0.000003370
7,70,spatial_report,0.000040648,0.000040500
7,71,round_reset,0.000009703,0.000008204
7,71,receive_authenticate_accumulate,0.017221793,0.017221777
7,71,receive_authenticate_accumulate,0.000054999,0.000054611
7,71,receive_authenticate_accumulate,0.017217515,0.017217444
7,71,receive_authenticate_accumulate,0.000054277,0.000054278
7,71,receive_authenticate_accumulate,0.017220181,0.017219907
7,71,receive_authenticate_accumulate,0.000055258,0.000054944
7,71,receive_authenticate_accumulate,0.017248218,0.017231964
7,71,receive_authenticate_accumulate,0.000054666,0.000054259
7,71,receive_authenticate_accumulate,0.017222885,0.017222444
7,71,receive_authenticate_accumulate,0.000056333,0.000056093
7,71,receive_authenticate_accumulate,0.017263311,0.017234778
7,71,receive_authenticate_accumulate,0.000054259,0.000054019
7,71,receive_authenticate_accumulate,0.017228218,0.017228093
7,71,receive_authenticate_accumulate,0.000054610,0.000054222
7,71,receive_authenticate_accumulate,0.017226052,0.017225945
7,71,receive_authenticate_accumulate,0.000055129,0.000054815
7,71,receive_authenticate_accumulate,0.017280737,0.017240815
7,71,receive_authenticate_accumulate,0.000053684,0.000053185
7,71,receive_authenticate_accumulate,0.017222256,0.017222129
7,71,receive_authenticate_accumulate,0.000053463,0.000053352
7,71,receive_authenticate_accumulate,0.017220663,0.017220666
7,71,receive_authenticate_accumulate,0.000053426,0.000053204
7,71,reading_commitment_and_shares,0.026209574,0.026209870
7,71,receive_authenticate_accumulate,0.017216071,0.017216074
7,71,receive_authenticate_accumulate,0.000055814,0.000055519
7,71,receive_authenticate_accumulate,0.017237959,0.017237611
7,71,receive_authenticate_accumulate,0.000055129,0.000054778
7,71,receive_authenticate_accumulate,0.017225608,0.017225482
7,71,receive_authenticate_accumulate,0.000056814,0.000056389
7,71,receive_authenticate_accumulate,0.017221219,0.017221111
7,71,receive_authenticate_accumulate,0.000055703,0.000055408
7,71,receive_authenticate_accumulate,0.017208830,0.017209055
7,71,receive_authenticate_accumulate,0.000053537,0.000053351
7,71,receive_authenticate_accumulate,0.017227071,0.017226926
7,71,receive_authenticate_accumulate,0.000054000,0.000053685
7,71,receive_authenticate_accumulate,0.017221719,0.017221519
7,71,receive_authenticate_accumulate,0.000053907,0.000053722
7,71,receive_authenticate_accumulate,0.017250386,0.017226369
7,71,receive_authenticate_accumulate,0.000055315,0.000055074
7,71,receive_authenticate_accumulate,0.017216719,0.017216574
7,71,receive_authenticate_accumulate,0.000054481,0.000054037
7,71,round_coverage,0.000004333,0.000003518
7,71,spatial_report,0.000039074,0.000038852
7,72,round_reset,0.000009629,0.000007889
7,72,receive_authenticate_accumulate,0.017263351,0.017263500
7,72,receive_authenticate_accumulate,0.000055684,0.000055445
7,72,receive_authenticate_accumulate,0.017230018,0.017229926
7,72,receive_authenticate_accumulate,0.000055074,0.000054741
7,72,receive_authenticate_accumulate,0.017230796,0.017230722
7,72,receive_authenticate_accumulate,0.000055407,0.000055149
7,72,receive_authenticate_accumulate,0.017276036,0.017246611
7,72,receive_authenticate_accumulate,0.000055518,0.000055278
7,72,receive_authenticate_accumulate,0.017225259,0.017225130
7,72,receive_authenticate_accumulate,0.000054166,0.000053963
7,72,receive_authenticate_accumulate,0.017224907,0.017224777
7,72,receive_authenticate_accumulate,0.000054111,0.000053704
7,72,receive_authenticate_accumulate,0.017239333,0.017239388
7,72,receive_authenticate_accumulate,0.000055221,0.000055018
7,72,receive_authenticate_accumulate,0.017280981,0.017253797
7,72,receive_authenticate_accumulate,0.000053777,0.000053500
7,72,receive_authenticate_accumulate,0.017224889,0.017224778
7,72,receive_authenticate_accumulate,0.000054999,0.000054685
7,72,receive_authenticate_accumulate,0.017222166,0.017221981
7,72,receive_authenticate_accumulate,0.000055574,0.000055315
7,72,receive_authenticate_accumulate,0.017227722,0.017227537
7,72,receive_authenticate_accumulate,0.000054999,0.000055018
7,72,reading_commitment_and_shares,0.026197042,0.026197018
7,72,receive_authenticate_accumulate,0.017228222,0.017228018
7,72,receive_authenticate_accumulate,0.000055351,0.000055000
7,72,receive_authenticate_accumulate,0.017226426,0.017226222
7,72,receive_authenticate_accumulate,0.000056259,0.000055963
7,72,receive_authenticate_accumulate,0.017223834,0.017223759
7,72,receive_authenticate_accumulate,0.000058889,0.000058315
7,72,receive_authenticate_accumulate,0.017249148,0.017249000
7,72,receive_authenticate_accumulate,0.000054111,0.000053777
7,72,receive_authenticate_accumulate,0.017226815,0.017226667
7,72,receive_authenticate_accumulate,0.000053185,0.000052685
7,72,receive_authenticate_accumulate,0.017246722,0.017227333
7,72,receive_authenticate_accumulate,0.000053684,0.000053389
7,72,receive_authenticate_accumulate,0.017219704,0.017219536
7,72,receive_authenticate_accumulate,0.000052370,0.000051963
7,72,receive_authenticate_accumulate,0.017216037,0.017215907
7,72,receive_authenticate_accumulate,0.000054148,0.000053871
7,72,receive_authenticate_accumulate,0.017226222,0.017226093
7,72,receive_authenticate_accumulate,0.000053685,0.000053296
7,72,round_coverage,0.000004408,0.000003500
7,72,spatial_report,0.000039685,0.000039388
7,73,round_reset,0.000010241,0.000008796
7,73,receive_authenticate_accumulate,0.017218207,0.017218037
7,73,receive_authenticate_accumulate,0.000052685,0.000052278
7,73,receive_authenticate_accumulate,0.017224466,0.017224389
7,73,receive_authenticate_accumulate,0.000068221,0.000067908
7,73,receive_authenticate_accumulate,0.017214410,0.017214093
7,73,receive_authenticate_accumulate,0.000052129,0.000051815
7,73,receive_authenticate_accumulate,0.017248151,0.017247908
7,73,receive_authenticate_accumulate,0.000054036,0.000053833
7,73,receive_authenticate_accumulate,0.017220670,0.017220574
7,73,receive_authenticate_accumulate,0.000052092,0.000051796
7,73,receive_authenticate_accumulate,0.017218318,0.017218185
7,73,receive_authenticate_accumulate,0.000053648,0.000053426
7,73,receive_authenticate_accumulate,0.017229855,0.017229759
7,73,receive_authenticate_accumulate,0.000054241,0.000053981
7,73,receive_authenticate_accumulate,0.017220910,0.017220870
7,73,receive_authenticate_accumulate,0.000052129,0.000051871
7,73,receive_authenticate_accumulate,0.017257984,0.017232908
7,73,receive_authenticate_accumulate,0.000052369,0.000052000
7,73,receive_authenticate_accumulate,0.017226374,0.017226370
7,73,receive_authenticate_accumulate,0.000050851,0.000050667
7,73,receive_authenticate_accumulate,0.017267429,0.017244851
7,73,receive_authenticate_accumulate,0.000052943,0.000052556
7,73,reading_commitment_and_shares,0.026198769,0.026199074
7,73,receive_authenticate_accumulate,0.017218447,0.017218222
7,73,receive_authenticate_accumulate,0.000052592,0.000052223
7,73,receive_authenticate_accumulate,0.017229540,0.017229500
7,73,receive_authenticate_accumulate,0.000053259,0.000052982
7,73,receive_authenticate_accumulate,0.017223226,0.017223241
7,73,receive_authenticate_accumulate,0.000052629,0.000052426
7,73,receive_authenticate_accumulate,0.017229762,0.017229611
7,73,receive_authenticate_accumulate,0.000051795,0.000051555
7,73,receive_authenticate_accumulate,0.017218503,0.017218315
7,73,receive_authenticate_accumulate,0.000052592,0.000052148
7,73,receive_authenticate_accumulate,0.017218726,0.017218555
7,73,receive_authenticate_accumulate,0.000058258,0.000057908
7,73,receive_authenticate_accumulate,0.017227096,0.017226945
7,73,receive_authenticate_accumulate,0.000055592,0.000055185
7,73,receive_authenticate_accumulate,0.017226337,0.017226111
7,73,receive_authenticate_accumulate,0.000055814,0.000055167
7,73,receive_authenticate_accumulate,0.017220559,0.017220389
7,73,receive_authenticate_accumulate,0.000054647,0.000054407
7,73,round_coverage,0.000004074,0.000003167
7,73,spatial_report,0.000040814,0.000040593
7,74,round_reset,0.000010333,0.000008889
7,74,receive_authenticate_accumulate,0.017235321,0.017235277
7,74,receive_authenticate_accumulate,0.000055129,0.000054908
7,74,receive_authenticate_accumulate,0.017228728,0.017228629
7,74,receive_authenticate_accumulate,0.000055777,0.000055370
7,74,receive_authenticate_accumulate,0.017219339,0.017219297
7,74,receive_authenticate_accumulate,0.000054684,0.000054408
7,74,receive_authenticate_accumulate,0.017317597,0.017247667
7,74,receive_authenticate_accumulate,0.000055351,0.000055185
7,74,receive_authenticate_accumulate,0.017235543,0.017235426
7,74,receive_authenticate_accumulate,0.000054259,0.000053982
7,74,receive_authenticate_accumulate,0.017222988,0.017222537
7,74,receive_authenticate_accumulate,0.000055758,0.000055537
7,74,receive_authenticate_accumulate,0.017260969,0.017260907
7,74,receive_authenticate_accumulate,0.000056018,0.000055703
7,74,receive_authenticate_accumulate,0.017302561,0.017242499
7,74,receive_authenticate_accumulate,0.000054425,0.000054222
7,74,receive_authenticate_accumulate,0.017232654,0.017232482
7,74,receive_authenticate_accumulate,0.000055962,0.000055574
7,74,receive_authenticate_accumulate,0.017224766,0.017224685
7,74,receive_authenticate_accumulate,0.000056814,0.000056500
7,74,receive_authenticate_accumulate,0.017225969,0.017225833
7,74,receive_authenticate_accumulate,0.000052741,0.000052444
7,74,reading_commitment_and_shares,0.026215329,0.026215370
7,74,receive_authenticate_accumulate,0.017214451,0.017214241
7,74,receive_authenticate_accumulate,0.000053592,0.000053351
7,74,receive_authenticate_accumulate,0.017235617,0.017235556
7,74,receive_authenticate_accumulate,0.000057147,0.000056722
7,74,receive_authenticate_accumulate,0.017219858,0.017219797
7,74,receive_authenticate_accumulate,0.000054833,0.000054519
7,74,receive_authenticate_accumulate,0.017224654,0.017224296
7,74,receive_authenticate_accumulate,0.000056073,0.000055722
7,74,receive_authenticate_accumulate,0.017220043,0.017219981
7,74,receive_authenticate_accumulate,0.000055851,0.000054963
7,74,receive_authenticate_accumulate,0.017287636,0.017248667
7,74,receive_authenticate_accumulate,0.000054499,0.000054296
7,74,receive_authenticate_accumulate,0.017222525,0.017222334
7,74,receive_authenticate_accumulate,0.000054704,0.000054241
7,74,receive_authenticate_accumulate,0.017225062,0.017225092
7,74,receive_authenticate_accumulate,0.000055259,0.000055074
7,74,receive_authenticate_accumulate,0.017228507,0.017228315
7,74,receive_authenticate_accumulate,0.000057574,0.000057296
7,74,round_coverage,0.000003852,0.000003092
7,74,spatial_report,0.000041166,0.000040870
7,75,round_reset,0.000008777,0.000008204
7,75,receive_authenticate_accumulate,0.017264712,0.017238298
7,75,receive_authenticate_accumulate,0.000052703,0.000052500
7,75,receive_authenticate_accumulate,0.017222454,0.017222352
7,75,receive_authenticate_accumulate,0.000055704,0.000055389
7,75,receive_authenticate_accumulate,0.017301249,0.017257555
7,75,receive_authenticate_accumulate,0.000055796,0.000055555
7,75,receive_authenticate_accumulate,0.017224620,0.017224482
7,75,receive_authenticate_accumulate,0.000056555,0.000056185
7,75,receive_authenticate_accumulate,0.017227249,0.017227166
7,75,receive_authenticate_accumulate,0.000054500,0.000054149
7,75,receive_authenticate_accumulate,0.017222842,0.017222797
7,75,receive_authenticate_accumulate,0.000054851,0.000054667
7,75,receive_authenticate_accumulate,0.017282897,0.017249740
7,75,receive_authenticate_accumulate,0.000055278,0.000055055
7,75,receive_authenticate_accumulate,0.017215435,0.017215574
7,75,receive_authenticate_accumulate,0.000056741,0.000056444
7,75,receive_authenticate_accumulate,0.017265861,0.017267037
7,75,receive_authenticate_accumulate,0.000056425,0.000056112
7,75,receive_authenticate_accumulate,0.017221120,0.017221000
7,75,receive_authenticate_accumulate,0.000054148,0.000053833
7,75,receive_authenticate_accumulate,0.017229009,0.017228908
7,75,receive_authenticate_accumulate,0.000054110,0.000053926
7,75,reading_commitment_and_shares,0.026258648,0.026216981
7,75,receive_authenticate_accumulate,0.017222194,0.017222388
7,75,receive_authenticate_accumulate,0.000054259,0.000054093
7,75,receive_authenticate_accumulate,0.017225935,0.017226055
7,75,receive_authenticate_accumulate,0.000056407,0.000056130
7,75,receive_authenticate_accumulate,0.017227342,0.017227259
7,75,receive_authenticate_accumulate,0.000054648,0.000054259
7,75,receive_authenticate_accumulate,0.017221750,0.017221630
7,75,receive_authenticate_accumulate,0.000054222,0.000053908
7,75,receive_authenticate_accumulate,0.017216805,0.017216518
7,75,receive_authenticate_accumulate,0.000054314,0.000054185
7,75,receive_authenticate_accumulate,0.017220380,0.017220278
7,75,receive_authenticate_accumulate,0.000055758,0.000055444
7,75,receive_authenticate_accumulate,0.017227695,0.017227648
7,75,receive_authenticate_accumulate,0.000053629,0.000053222
7,75,receive_authenticate_accumulate,0.017221862,0.017222019
7,75,receive_authenticate_accumulate,0.000054592,0.000054166
7,75,receive_authenticate_accumulate,0.017224731,0.017224574
7,75,receive_authenticate_accumulate,0.000054074,0.000053833
7,75,round_coverage,0.000003704,0.000003018
7,75,spatial_report,0.000040277,0.000039926
7,76,round_reset,0.000009870,0.000007667
7,76,receive_authenticate_accumulate,0.017227715,0.017227703
7,76,receive_authenticate_accumulate,0.000056018,0.000055630
7,76,receive_authenticate_accumulate,0.017230178,0.017230056
7,76,receive_authenticate_accumulate,0.000055147,0.000054833
7,76,receive_authenticate_accumulate,0.017221734,0.017221592
7,76,receive_authenticate_accumulate,0.000053832,0.000053426
7,76,receive_authenticate_accumulate,0.017219771,0.017219593
7,76,receive_authenticate_accumulate,0.000056536,0.000056166
7,76,receive_authenticate_accumulate,0.017227400,0.017227408
7,76,receive_authenticate_accumulate,0.000055555,0.000055241
7,76,receive_authenticate_accumulate,0.017235567,0.017235370
7,76,receive_authenticate_accumulate,0.000055463,0.000055296
7,76,receive_authenticate_accumulate,0.017222567,0.017222407
7,76,receive_authenticate_accumulate,0.000055018,0.000054722
7,76,receive_authenticate_accumulate,0.017228789,0.017228704
7,76,receive_authenticate_accumulate,0.000055740,0.000055482
7,76,receive_authenticate_accumulate,0.017227808,0.017227741
7,76,receive_authenticate_accumulate,0.000055592,0.000055222
7,76,receive_authenticate_accumulate,0.017231660,0.017231759
7,76,receive_authenticate_accumulate,0.000057036,0.000056740
7,76,receive_authenticate_accumulate,0.017227937,0.017227834
7,76,receive_authenticate_accumulate,0.000054666,0.000054445
7,76,reading_commitment_and_shares,0.026209597,0.026209722
7,76,receive_authenticate_accumulate,0.017252400,0.017225796
7,76,receive_authenticate_accumulate,0.000057869,0.000057740
7,76,receive_authenticate_accumulate,0.017239568,0.017239740
7,76,receive_authenticate_accumulate,0.000057073,0.000056686
7,76,receive_authenticate_accumulate,0.017228198,0.017228037
7,76,receive_authenticate_accumulate,0.000054166,0.000053944
7,76,receive_authenticate_accumulate,0.017265345,0.017238704
7,76,receive_authenticate_accumulate,0.000053500,0.000053204
7,76,receive_authenticate_accumulate,0.017217587,0.017217519
7,76,receive_authenticate_accumulate,0.000053870,0.000053574
7,76,receive_authenticate_accumulate,0.017223716,0.017223592
7,76,receive_authenticate_accumulate,0.000053166,0.000052944
7,76,receive_authenticate_accumulate,0.017230124,0.017230111
7,76,receive_authenticate_accumulate,0.000054092,0.000053741
7,76,receive_authenticate_accumulate,0.017226086,0.017225926
7,76,receive_authenticate_accumulate,0.000055240,0.000054981
7,76,receive_authenticate_accumulate,0.017222216,0.017222056
7,76,receive_authenticate_accumulate,0.000054481,0.000054093
7,76,round_coverage,0.000003759,0.000003093
7,76,spatial_report,0.000041463,0.000041129
7,77,round_reset,0.000010481,0.000008112
7,77,receive_authenticate_accumulate,0.017227774,0.017227704
7,77,receive_authenticate_accumulate,0.000054573,0.000054278
7,77,receive_authenticate_accumulate,0.017222440,0.017222314
7,77,receive_authenticate_accumulate,0.000057518,0.000056852
7,77,receive_authenticate_accumulate,0.017253514,0.017228314
7,77,receive_authenticate_accumulate,0.000054017,0.000053889
7,77,receive_authenticate_accumulate,0.017218403,0.017218407
7,77,receive_authenticate_accumulate,0.000054222,0.000053703
7,77,receive_authenticate_accumulate,0.017231644,0.017231556
7,77,receive_authenticate_accumulate,0.000054314,0.000053982
7,77,receive_authenticate_accumulate,0.017229144,0.017229166
7,77,receive_authenticate_accumulate,0.000052944,0.000052519
7,77,receive_authenticate_accumulate,0.017218977,0.017218907
7,77,receive_authenticate_accumulate,0.000054685,0.000054333
7,77,receive_authenticate_accumulate,0.017269717,0.017237963
7,77,receive_authenticate_accumulate,0.000056296,0.000056074
7,77,receive_authenticate_accumulate,0.017225236,0.017225259
7,77,receive_authenticate_accumulate,0.000054907,0.000054667
7,77,receive_authenticate_accumulate,0.017230588,0.017230555
7,77,receive_authenticate_accumulate,0.000054666,0.000054278
7,77,receive_authenticate_accumulate,0.017223793,0.017223686
7,77,receive_authenticate_accumulate,0.000053999,0.000053463
7,77,reading_commitment_and_shares,0.026248637,0.026233538
7,77,receive_authenticate_accumulate,0.017220366,0.017220445
7,77,receive_authenticate_accumulate,0.000054814,0.000054518
7,77,receive_authenticate_accumulate,0.017232181,0.017232185
7,77,receive_authenticate_accumulate,0.000056925,0.000056741
7,77,receive_authenticate_accumulate,0.017233403,0.017233370
7,77,receive_authenticate_accumulate,0.000054814,0.000054686
7,77,receive_authenticate_accumulate,0.017281421,0.017246186
7,77,receive_authenticate_accumulate,0.000057741,0.000057426
7,77,receive_authenticate_accumulate,0.017241107,0.017241352
7,77,receive_authenticate_accumulate,0.000055815,0.000055537
7,77,receive_authenticate_accumulate,0.017219440,0.017219722
7,77,receive_authenticate_accumulate,0.000054962,0.000054685
7,77,receive_authenticate_accumulate,0.017225996,0.017225833
7,77,receive_authenticate_accumulate,0.000053740,0.000053426
7,77,receive_authenticate_accumulate,0.017264848,0.017238945
7,77,receive_authenticate_accumulate,0.000053833,0.000053537
7,77,receive_authenticate_accumulate,0.017223514,0.017223389
7,77,receive_authenticate_accumulate,0.000055185,0.000055000
7,77,round_coverage,0.000003981,0.000003352
7,77,spatial_report,0.000039666,0.000039426
7,78,round_reset,0.000009870,0.000008297
7,78,receive_authenticate_accumulate,0.017289219,0.017252111
7,78,receive_authenticate_accumulate,0.000054869,0.000054148
7,78,receive_authenticate_accumulate,0.017279813,0.017242408
7,78,receive_authenticate_accumulate,0.000054944,0.000054555
7,78,receive_authenticate_accumulate,0.017218943,0.017218686
7,78,receive_authenticate_accumulate,0.000054407,0.000053870
7,78,receive_authenticate_accumulate,0.017219331,0.017219240
7,78,receive_authenticate_accumulate,0.000054907,0.000054592
7,78,receive_authenticate_accumulate,0.017258553,0.017258333
7,78,receive_authenticate_accumulate,0.000054130,0.000053630
7,78,receive_authenticate_accumulate,0.017229869,0.017229667
7,78,receive_authenticate_accumulate,0.000054573,0.000054334
7,78,receive_authenticate_accumulate,0.017262961,0.017236722
7,78,receive_authenticate_accumulate,0.000053333,0.000053000
7,78,receive_authenticate_accumulate,0.017215498,0.017215389
7,78,receive_authenticate_accumulate,0.000053796,0.000053667
7,78,receive_authenticate_accumulate,0.017226091,0.017225926
7,78,receive_authenticate_accumulate,0.000052796,0.000052481
7,78,receive_authenticate_accumulate,0.017217739,0.017217649
7,78,receive_authenticate_accumulate,0.000052814,0.000052611
7,78,receive_authenticate_accumulate,0.017220573,0.017220556
7,78,receive_authenticate_accumulate,0.000054018,0.000053759
7,78,reading_commitment_and_shares,0.026209326,0.026209889
7,78,receive_authenticate_accumulate,0.017257146,0.017236056
7,78,receive_authenticate_accumulate,0.000052037,0.000051871
7,78,receive_authenticate_accumulate,0.017233776,0.017233630
7,78,receive_authenticate_accumulate,0.000053833,0.000053722
7,78,receive_authenticate_accumulate,0.017227054,0.017226815
7,78,receive_authenticate_accumulate,0.000052777,0.000052426
7,78,receive_authenticate_accumulate,0.017222813,0.017222537
7,78,receive_authenticate_accumulate,0.000066722,0.000066648
7,78,receive_authenticate_accumulate,0.017224554,0.017224463
7,78,receive_authenticate_accumulate,0.000051907,0.000051815
7,78,receive_authenticate_accumulate,0.017226758,0.017226593
7,78,receive_authenticate_accumulate,0.000053166,0.000052889
7,78,receive_authenticate_accumulate,0.017241369,0.017241389
7,78,receive_authenticate_accumulate,0.000056222,0.000055908
7,78,receive_authenticate_accumulate,0.017265628,0.017240352
7,78,receive_authenticate_accumulate,0.000055241,0.000054760
7,78,receive_authenticate_accumulate,0.017218240,0.017218203
7,78,receive_authenticate_accumulate,0.000053296,0.000053018
7,78,round_coverage,0.000004556,0.000003741
7,78,spatial_report,0.000040314,0.000039778
7,79,round_reset,0.000010556,0.000007889
7,79,receive_authenticate_accumulate,0.017221167,0.017221018
7,79,receive_authenticate_accumulate,0.000052814,0.000052277
7,79,receive_authenticate_accumulate,0.017232056,0.017231871
7,79,receive_authenticate_accumulate,0.000051888,0.000051518
7,79,receive_authenticate_accumulate,0.017226074,0.017225963
7,79,receive_authenticate_accumulate,0.000052352,0.000052111
7,79,receive_authenticate_accumulate,0.017220908,0.017220388
7,79,receive_authenticate_accumulate,0.000052463,0.000052185
7,79,receive_authenticate_accumulate,0.017225204,0.017225333
7,79,receive_authenticate_accumulate,0.000052833,0.000052500
7,79,receive_authenticate_accumulate,0.017228501,0.017228333
7,79,receive_authenticate_accumulate,0.000052222,0.000051944
7,79,receive_authenticate_accumulate,0.017302240,0.017278611
7,79,receive_authenticate_accumulate,0.000055110,0.000054926
7,79,receive_authenticate_accumulate,0.017220722,0.017220667
7,79,receive_authenticate_accumulate,0.000054722,0.000054463
7,79,receive_authenticate_accumulate,0.017220797,0.017220741
7,79,receive_authenticate_accumulate,0.000054814,0.000054555
7,79,receive_authenticate_accumulate,0.017223037,0.017222852
7,79,receive_authenticate_accumulate,0.000053444,0.000052815
7,79,receive_authenticate_accumulate,0.017220408,0.017220333
7,79,receive_authenticate_accumulate,0.000055111,0.000054796
7,79,reading_commitment_and_shares,0.026213182,0.026213148
7,79,receive_authenticate_accumulate,0.017219594,0.017219537
7,79,receive_authenticate_accumulate,0.000054073,0.000053703
7,79,receive_authenticate_accumulate,0.017222315,0.017222018
7,79,receive_authenticate_accumulate,0.000055759,0.000055259
7,79,receive_authenticate_accumulate,0.017227297,0.017227129
7,79,receive_authenticate_accumulate,0.000055277,0.000054963
7,79,receive_authenticate_accumulate,0.017220056,0.017219945
7,79,receive_authenticate_accumulate,0.000054833,0.000054574
7,79,receive_authenticate_accumulate,0.017228093,0.017227870
7,79,receive_authenticate_accumulate,0.000055536,0.000055185
7,79,receive_authenticate_accumulate,0.017220723,0.017220519
7,79,receive_authenticate_accumulate,0.000054648,0.000054333
7,79,receive_authenticate_accumulate,0.017283259,0.017241629
7,79,receive_authenticate_accumulate,0.000053444,0.000053167
7,79,receive_authenticate_accumulate,0.017254075,0.017238018
7,79,receive_authenticate_accumulate,0.000054055,0.000053592
7,79,receive_authenticate_accumulate,0.017321945,0.017298056
7,79,receive_authenticate_accumulate,0.000056592,0.000056463
7,79,round_coverage,0.000004037,0.000003315
7,79,spatial_report,0.000041703,0.000041389
7,79,billing_report,0.000431477,0.000430982
8,80,period_reset,0.000025815,0.000024296
8,80,receive_authenticate_accumulate,0.000095091,0.000094648
8,80,receive_authenticate_accumulate,0.000092999,0.000092685
8,80,receive_authenticate_accumulate,0.000091906,0.000091482
8,80,receive_authenticate_accumulate,0.000091944,0.000091445
8,80,receive_authenticate_accumulate,0.000091813,0.000091277
8,80,receive_authenticate_accumulate,0.000092147,0.000091815
8,80,receive_authenticate_accumulate,0.000092943,0.000092463
8,80,receive_authenticate_accumulate,0.000091591,0.000090852
8,80,receive_authenticate_accumulate,0.000088851,0.000088315
8,80,receive_authenticate_accumulate,0.000092332,0.000091833
8,80,receive_authenticate_accumulate,0.000089629,0.000089241
8,80,randomness_commit,0.000814825,0.000814111
8,80,receive_authenticate_accumulate,0.000089481,0.000088908
8,80,receive_authenticate_accumulate,0.000092944,0.000092370
8,80,receive_authenticate_accumulate,0.000091703,0.000091315
8,80,receive_authenticate_accumulate,0.000091036,0.000090667
8,80,receive_authenticate_accumulate,0.000091129,0.000090629
8,80,receive_authenticate_accumulate,0.000041833,0.000041463
8,80,receive_authenticate_accumulate,0.000041333,0.000041019
8,80,receive_authenticate_accumulate,0.000037777,0.000037241
8,80,receive_authenticate_accumulate,0.000040092,0.000039814
8,80,receive_authenticate_accumulate,0.000048295,0.000047945
8,80,receive_authenticate_accumulate,0.000046684,0.000046296
8,80,receive_authenticate_accumulate,0.000047963,0.000047648
8,80,receive_authenticate_accumulate,0.000048499,0.000048315
8,80,receive_authenticate_accumulate,0.000044926,0.000044555
8,80,receive_authenticate_accumulate,0.000049111,0.000048722
8,80,receive_authenticate_accumulate,0.000049258,0.000048982
8,80,receive_authenticate_accumulate,0.000046925,0.000046518
8,80,receive_authenticate_accumulate,0.000048778,0.000048333
8,80,receive_authenticate_accumulate,0.000050777,0.000049908
8,80,receive_authenticate_accumulate,0.000046407,0.000045926
8,80,randomness_reveal,0.000300682,0.000300315
8,80,receive_authenticate_accumulate,0.000046296,0.000046018
8,80,receive_authenticate_accumulate,0.000046629,0.000046352
8,80,receive_authenticate_accumulate,0.000047944,0.000047667
8,80,receive_authenticate_accumulate,0.000047925,0.000047593
8,80,receive_authenticate_accumulate,0.000045981,0.000045666
8,80,receive_authenticate_accumulate,0.000048759,0.000048482
8,80,receive_authenticate_accumulate,0.000047981,0.000047648
8,80,receive_authenticate_accumulate,0.000045610,0.000045223
8,80,receive_authenticate_accumulate,0.000049555,0.000049278
8,80,committee_selection,0.000087425,0.000087074
8,80,round_reset,0.000004425,0.000003703
8,80,receive_authenticate_accumulate,0.017224966,0.017224796
8,80,receive_authenticate_accumulate,0.017261872,0.017236259
8,80,receive_authenticate_accumulate,0.017230798,0.017230666
8,80,receive_authenticate_accumulate,0.017225003,0.017224889
8,80,receive_authenticate_accumulate,0.017226706,0.017226296
8,80,receive_authenticate_accumulate,0.017224188,0.017224000
8,80,receive_authenticate_accumulate,0.017302890,0.017258056
8,80,receive_authenticate_accumulate,0.017220484,0.017220407
8,80,receive_authenticate_accumulate,0.017227336,0.017227130
8,80,receive_authenticate_accumulate,0.017224206,0.017224463
8,80,receive_authenticate_accumulate,0.017232780,0.017232630
8,80,reading_commitment_and_shares,0.026245852,0.026219315
8,80,receive_authenticate_accumulate,0.017223947,0.017223574
8,80,receive_authenticate_accumulate,0.017275743,0.017244740
8,80,receive_authenticate_accumulate,0.017224596,0.017224463
8,80,receive_authenticate_accumulate,0.017269761,0.017245982
8,80,receive_authenticate_accumulate,0.017224169,0.017223981
8,80,receive_authenticate_accumulate,0.017227633,0.017227482
8,80,receive_authenticate_accumulate,0.017225374,0.017225278
8,80,receive_authenticate_accumulate,0.017224818,0.017224667
8,80,receive_authenticate_accumulate,0.017231391,0.017231407
8,80,round_coverage,0.000004500,0.000003777
8,81,round_reset,0.000010500,0.000009186
8,81,receive_authenticate_accumulate,0.017230096,0.017229870
8,81,receive_authenticate_accumulate,0.017283726,0.017247629
8,81,receive_authenticate_accumulate,0.017220801,0.017220981
8,81,receive_authenticate_accumulate,0.017254430,0.017241426
8,81,receive_authenticate_accumulate,0.017236449,0.017236185
8,81,receive_authenticate_accumulate,0.017226208,0.017226222
8,81,receive_authenticate_accumulate,0.017236060,0.017235889
8,81,receive_authenticate_accumulate,0.017227134,0.017226907
8,81,receive_authenticate_accumulate,0.017226672,0.017226630
8,81,receive_authenticate_accumulate,0.017237875,0.017237686
8,81,receive_authenticate_accumulate,0.017228005,0.017227740
8,81,reading_commitment_and_shares,0.026218132,0.026218037
8,81,receive_authenticate_accumulate,0.017226449,0.017226760
8,81,receive_authenticate_accumulate,0.017242875,0.017242722
8,81,receive_authenticate_accumulate,0.017234635,0.017234556
8,81,receive_authenticate_accumulate,0.017229449,0.017229314
8,81,receive_authenticate_accumulate,0.017226801,0.017226240
8,81,receive_authenticate_accumulate,0.017229579,0.017229388
8,81,receive_authenticate_accumulate,0.017224746,0.017224592
8,81,receive_authenticate_accumulate,0.017230356,0.017230167
8,81,receive_authenticate_accumulate,0.017226228,0.017226148
8,81,round_coverage,0.000004240,0.000003481
8,82,round_reset,0.000009723,0.000007796
8,82,receive_authenticate_accumulate,0.017222506,0.017222444
8,82,receive_authenticate_accumulate,0.017220821,0.017220759
8,82,receive_authenticate_accumulate,0.017223896,0.017223704
8,82,receive_authenticate_accumulate,0.017219395,0.017219259
8,82,receive_authenticate_accumulate,0.017225747,0.017225574
8,82,receive_authenticate_accumulate,0.017230062,0.017229630
8,82,receive_authenticate_accumulate,0.017224951,0.017224981
8,82,receive_authenticate_accumulate,0.017224803,0.017224519
8,82,receive_authenticate_accumulate,0.017260821,0.017244723
8,82,receive_authenticate_accumulate,0.017226932,0.017226778
8,82,receive_authenticate_accumulate,0.017226470,0.017226408
8,82,reading_commitment_and_shares,0.026219024,0.026218925
8,82,receive_authenticate_accumulate,0.017220618,0.017220630
8,82,receive_authenticate_accumulate,0.017230821,0.017230667
8,82,receive_authenticate_accumulate,0.017270339,0.017243296
8,82,receive_authenticate_accumulate,0.017232673,0.017232463
8,82,receive_authenticate_accumulate,0.017227970,0.017228277
8,82,receive_authenticate_accumulate,0.017228562,0.017228334
8,82,receive_authenticate_accumulate,0.017227248,0.017227240
8,82,receive_authenticate_accumulate,0.017224062,0.017223907
8,82,receive_authenticate_accumulate,0.017222970,0.017222833
8,82,round_coverage,0.000004018,0.000003278
8,83,round_reset,0.000010259,0.000008704
8,83,receive_authenticate_accumulate,0.017227712,0.017227500
8,83,receive_authenticate_accumulate,0.017224564,0.017224462
8,83,receive_authenticate_accumulate,0.017288767,0.017251777
8,83,receive_authenticate_accumulate,0.017225897,0.017225889
8,83,receive_authenticate_accumulate,0.017228156,0.017227981
8,83,receive_authenticate_accumulate,0.017224823,0.017224611
8,83,receive_authenticate_accumulate,0.017228897,0.017228685
8,83,receive_authenticate_accumulate,0.017227323,0.017226926
8,83,receive_authenticate_accumulate,0.017225768,0.017225593
8,83,receive_authenticate_accumulate,0.017223398,0.017223278
8,83,receive_authenticate_accumulate,0.017229046,0.017228963
8,83,reading_commitment_and_shares,0.026262323,0.026229611
8,83,receive_authenticate_accumulate,0.017225138,0.017224926
8,83,receive_authenticate_accumulate,0.017226786,0.017226833
8,83,receive_authenticate_accumulate,0.017233175,0.017233000
8,83,receive_authenticate_accumulate,0.017223508,0.017223426
8,83,receive_authenticate_accumulate,0.017285489,0.017242315
8,83,receive_authenticate_accumulate,0.017233953,0.017233704
8,83,receive_authenticate_accumulate,0.017253008,0.017252945
8,83,receive_authenticate_accumulate,0.017242860,0.017242703
8,83,receive_authenticate_accumulate,0.017222287,0.017222074
8,83,round_coverage,0.000004056,0.000003259
8,84,round_reset,0.000009704,0.000008130
8,84,receive_authenticate_accumulate,0.017232121,0.017232000
8,84,receive_authenticate_accumulate,0.017223472,0.017223519
8,84,receive_authenticate_accumulate,0.017232917,0.017232852
8,84,receive_authenticate_accumulate,0.017225898,0.017226074
8,84,receive_authenticate_accumulate,0.017234251,0.017234055
8,84,receive_authenticate_accumulate,0.017227084,0.017226852
8,84,receive_authenticate_accumulate,0.017231935,0.017231630
8,84,receive_authenticate_accumulate,0.017221787,0.017221667
8,84,receive_authenticate_accumulate,0.017231566,0.017231519
8,84,receive_authenticate_accumulate,0.017236139,0.017236149
8,84,receive_authenticate_accumulate,0.017228176,0.017228074
8,84,reading_commitment_and_shares,0.026259548,0.026259593
8,84,receive_authenticate_accumulate,0.017221066,0.017220666
8,84,receive_authenticate_accumulate,0.017236418,0.017236278
8,84,receive_authenticate_accumulate,0.017226251,0.017226241
8,84,receive_authenticate_accumulate,0.017234676,0.017234611
8,84,receive_authenticate_accumulate,0.017230899,0.017230815
8,84,receive_authenticate_accumulate,0.017228621,0.017228481
8,84,receive_authenticate_accumulate,0.017218121,0.017218240
8,84,receive_authenticate_accumulate,0.017237029,0.017236944
8,84,receive_authenticate_accumulate,0.017221862,0.017221666
8,84,round_coverage,0.000004037,0.000003352
8,85,round_reset,0.000009352,0.000007723
8,85,receive_authenticate_accumulate,0.017234160,0.017239352
8,85,receive_authenticate_accumulate,0.017230400,0.017230574
8,85,receive_authenticate_accumulate,0.017223678,0.017223741
8,85,receive_authenticate_accumulate,0.017235678,0.017235611
8,85,receive_authenticate_accumulate,0.017273696,0.017247852
8,85,receive_authenticate_accumulate,0.017228233,0.017228092
8,85,receive_authenticate_accumulate,0.017231307,0.017230981
8,85,receive_authenticate_accumulate,0.017232808,0.017232630
8,85,receive_authenticate_accumulate,0.017259919,0.017259852
8,85,receive_authenticate_accumulate,0.017226475,0.017226648
8,85,receive_authenticate_accumulate,0.017224956,0.017224833
8,85,reading_commitment_and_shares,0.026261939,0.026238870
8,85,receive_authenticate_accumulate,0.017217993,0.017217945
8,85,receive_authenticate_accumulate,0.017229568,0.017229407
8,85,receive_authenticate_accumulate,0.017221826,0.017221518
8,85,receive_authenticate_accumulate,0.017222974,0.017222611
8,85,receive_authenticate_accumulate,0.017228420,0.017228297
8,85,receive_authenticate_accumulate,0.017233438,0.017233407
8,85,receive_authenticate_accumulate,0.017221345,0.017221148
8,85,receive_authenticate_accumulate,0.017230549,0.017230426
8,85,receive_authenticate_accumulate,0.017225160,0.017225019
8,85,round_coverage,0.000004018,0.000003185
8,86,round_reset,0.000009796,0.000007223
8,86,receive_authenticate_accumulate,0.017227587,0.017227426
8,86,receive_authenticate_accumulate,0.017223753,0.017223537
8,86,receive_authenticate_accumulate,0.017220624,0.017220500
8,86,receive_authenticate_accumulate,0.017232772,0.017232370
8,86,receive_authenticate_accumulate,0.017224773,0.017224556
8,86,receive_authenticate_accumulate,0.017223327,0.017223000
8,86,receive_authenticate_accumulate,0.017230532,0.017230056
8,86,receive_authenticate_accumulate,0.017235847,0.017235722
8,86,receive_authenticate_accumulate,0.017219791,0.017219611
8,86,receive_authenticate_accumulate,0.017223476,0.017222889
8,86,receive_authenticate_accumulate,0.017214124,0.017214370
8,86,reading_commitment_and_shares,0.026209275,0.026209241
8,86,receive_authenticate_accumulate,0.017221809,0.017221777
8,86,receive_authenticate_accumulate,0.236368714,0.017269668
8,86,receive_authenticate_accumulate,0.017234291,0.017234093
8,86,receive_authenticate_accumulate,0.017229254,0.017229019
8,86,receive_authenticate_accumulate,0.017230643,0.017230537
8,86,receive_authenticate_accumulate,0.017227476,0.017227296
8,86,receive_authenticate_accumulate,0.017224588,0.017224500
8,86,receive_authenticate_accumulate,0.017223532,0.017223278
8,86,receive_authenticate_accumulate,0.017278512,0.017249871
8,86,round_coverage,0.000003629,0.000002889
8,87,round_reset,0.000009592,0.000008167
8,87,receive_authenticate_accumulate,0.017228625,0.017228462
8,87,receive_authenticate_accumulate,0.017225681,0.017225537
8,87,receive_authenticate_accumulate,0.017230551,0.017230500
8,87,receive_authenticate_accumulate,0.017222552,0.017222518
8,87,receive_authenticate_accumulate,0.017232940,0.017232945
8,87,receive_authenticate_accumulate,0.017235977,0.017235888
8,87,receive_authenticate_accumulate,0.017226459,0.017226296
8,87,receive_authenticate_accumulate,0.017223200,0.017223037
8,87,receive_authenticate_accumulate,0.017264199,0.017239778
8,87,receive_authenticate_accumulate,0.017224385,0.017224111
8,87,receive_authenticate_accumulate,0.017234921,0.017234703
8,87,reading_commitment_and_shares,0.026218426,0.026218204
8,87,receive_authenticate_accumulate,0.017220940,0.017220908
8,87,receive_authenticate_accumulate,0.017236681,0.017236037
8,87,receive_authenticate_accumulate,0.017229126,0.017228907
8,87,receive_authenticate_accumulate,0.017225681,0.017225593
8,87,receive_authenticate_accumulate,0.017243200,0.017243148
8,87,receive_authenticate_accumulate,0.017226459,0.017226278
8,87,receive_authenticate_accumulate,0.017231330,0.017231222
8,87,receive_authenticate_accumulate,0.017228922,0.017228722
8,87,receive_authenticate_accumulate,0.017237533,0.017237445
8,87,round_coverage,0.000003796,0.000003000
8,88,round_reset,0.000009241,0.000008851
8,88,receive_authenticate_accumulate,0.017231275,0.017231278
8,88,receive_authenticate_accumulate,0.017235608,0.017235352
8,88,receive_authenticate_accumulate,0.017223701,0.017223537
8,88,receive_authenticate_accumulate,0.017273182,0.017237928
8,88,receive_authenticate_accumulate,0.017230553,0.017230166
8,88,receive_authenticate_accumulate,0.017234423,0.017234277
8,88,receive_authenticate_accumulate,0.017227535,0.017227463
8,88,receive_authenticate_accumulate,0.017219701,0.017219648
8,88,receive_authenticate_accumulate,0.017233552,0.017233500
8,88,receive_authenticate_accumulate,0.017274090,0.017244500
8,88,receive_authenticate_accumulate,0.017222423,0.017222223
8,88,reading_commitment_and_shares,0.026220632,0.026220537
8,88,receive_authenticate_accumulate,0.017217442,0.017217463
8,88,receive_authenticate_accumulate,0.017237534,0.017237389
8,88,receive_authenticate_accumulate,0.017224219,0.017224056
8,88,receive_authenticate_accumulate,0.017227386,0.017227297
8,88,receive_authenticate_accumulate,0.017236386,0.017236259
8,88,receive_authenticate_accumulate,0.017222850,0.017222796
8,88,receive_authenticate_accumulate,0.017220276,0.017220055
8,88,receive_authenticate_accumulate,0.017241942,0.017241759
8,88,receive_authenticate_accumulate,0.017234109,0.017233555
8,88,round_coverage,0.000003833,0.000003092
8,89,round_reset,0.000009370,0.000007777
8,89,receive_authenticate_accumulate,0.017275572,0.017246518
8,89,receive_authenticate_accumulate,0.017221646,0.017221481
8,89,receive_authenticate_accumulate,0.017234332,0.017234333
8,89,receive_authenticate_accumulate,0.017216369,0.017216630
8,89,receive_authenticate_accumulate,0.017236461,0.017236259
8,89,receive_authenticate_accumulate,0.017223129,0.017222889
8,89,receive_authenticate_accumulate,0.017218295,0.017218074
8,89,receive_authenticate_accumulate,0.017231295,0.017231056
8,89,receive_authenticate_accumulate,0.017271758,0.017255055
8,89,receive_authenticate_accumulate,0.017222036,0.017221889
8,89,receive_authenticate_accumulate,0.017258517,0.017249204
8,89,reading_commitment_and_shares,0.026272115,0.026243555
8,89,receive_authenticate_accumulate,0.017229517,0.017229204
8,89,receive_authenticate_accumulate,0.017279054,0.017252093
8,89,receive_authenticate_accumulate,0.017220055,0.017219852
8,89,receive_authenticate_accumulate,0.017234572,0.017234278
8,89,receive_authenticate_accumulate,0.017265183,0.017240222
8,89,receive_authenticate_accumulate,0.017232480,0.017232408
8,89,receive_authenticate_accumulate,0.017230684,0.017230389
8,89,receive_authenticate_accumulate,0.017219276,0.017218944
8,89,receive_authenticate_accumulate,0.017225980,0.017225759
8,89,round_coverage,0.000003777,0.000003018
9,90,period_reset,0.000026166,0.000024648
9,90,receive_authenticate_accumulate,0.000098203,0.000098074
9,90,receive_authenticate_accumulate,0.000090481,0.000090037
9,90,receive_authenticate_accumulate,0.000091425,0.000090889
9,90,receive_authenticate_accumulate,0.000090370,0.000102408
9,90,receive_authenticate_accumulate,0.000092054,0.000091389
9,90,receive_authenticate_accumulate,0.000095444,0.000094944
9,90,receive_authenticate_accumulate,0.000090832,0.000090185
9,90,receive_authenticate_accumulate,0.000092240,0.000091852
9,90,receive_authenticate_accumulate,0.000062796,0.000061945
9,90,receive_authenticate_accumulate,0.000062666,0.000062223
9,90,receive_authenticate_accumulate,0.000061888,0.000061297
9,90,randomness_commit,0.000546532,0.000546185
9,90,receive_authenticate_accumulate,0.000059629,0.000059278
9,90,receive_authenticate_accumulate,0.000062444,0.000061944
9,90,receive_authenticate_accumulate,0.000062092,0.000061574
9,90,receive_authenticate_accumulate,0.000060852,0.000060407
9,90,receive_authenticate_accumulate,0.000061443,0.000061037
9,90,receive_authenticate_accumulate,0.000061203,0.000060963
9,90,receive_authenticate_accumulate,0.000061277,0.000060889
9,90,receive_authenticate_accumulate,0.000062518,0.000062000
9,90,receive_authenticate_accumulate,0.000061055,0.000060593
9,90,receive_authenticate_accumulate,0.000075980,0.000075222
9,90,receive_authenticate_accumulate,0.000076295,0.000076000
9,90,receive_authenticate_accumulate,0.000075129,0.000074704
9,90,receive_authenticate_accumulate,0.000075962,0.000075574
9,90,receive_authenticate_accumulate,0.000074870,0.000074519
9,90,receive_authenticate_accumulate,0.000074333,0.000074092
9,90,receive_authenticate_accumulate,0.000075536,0.000075240
9,90,receive_authenticate_accumulate,0.000074481,0.000074315
9,90,receive_authenticate_accumulate,0.000074851,0.000074500
9,90,receive_authenticate_accumulate,0.000075592,0.000075203
9,90,receive_authenticate_accumulate,0.000074407,0.000073908
9,90,randomness_reveal,0.000520347,0.000519815
9,90,receive_authenticate_accumulate,0.000071999,0.000071815
9,90,receive_authenticate_accumulate,0.000048185,0.000048111
9,90,receive_authenticate_accumulate,0.000048814,0.000048778
9,90,receive_authenticate_accumulate,0.000046667,0.000046445
9,90,receive_authenticate_accumulate,0.000048444,0.000048185
9,90,receive_authenticate_accumulate,0.000048370,0.000048093
9,90,receive_authenticate_accumulate,0.000046851,0.000046555
9,90,receive_authenticate_accumulate,0.000048277,0.000048037
9,90,receive_authenticate_accumulate,0.000048926,0.000048740
9,90,committee_selection,0.000083962,0.000083611
9,90,round_reset,0.000004204,0.000003555
9,90,receive_authenticate_accumulate,0.017231944,0.017231722
9,90,receive_authenticate_accumulate,0.017231666,0.017231629
9,90,receive_authenticate_accumulate,0.017228407,0.017228167
9,90,receive_authenticate_accumulate,0.017218536,0.017218426
9,90,receive_authenticate_accumulate,0.017224407,0.017224333
9,90,receive_authenticate_accumulate,0.017223907,0.017223740
9,90,receive_authenticate_accumulate,0.017229296,0.017229277
9,90,receive_authenticate_accumulate,0.017227592,0.017227537
9,90,receive_authenticate_accumulate,0.017221278,0.017221074
9,90,receive_authenticate_accumulate,0.017273518,0.017246518
9,90,receive_authenticate_accumulate,0.017221630,0.017221241
9,90,reading_commitment_and_shares,0.026221061,0.026221389
9,90,receive_authenticate_accumulate,0.017221944,0.017221982
9,90,receive_authenticate_accumulate,0.017232778,0.017232722
9,90,receive_authenticate_accumulate,0.017224778,0.017224648
9,90,receive_authenticate_accumulate,0.017225037,0.017224889
9,90,receive_authenticate_accumulate,0.017224871,0.017224759
9,90,receive_authenticate_accumulate,0.017223963,0.017223611
9,90,receive_authenticate_accumulate,0.017226537,0.017226333
9,90,receive_authenticate_accumulate,0.017224315,0.017223796
9,90,receive_authenticate_accumulate,0.017217778,0.017217592
9,90,round_coverage,0.000004333,0.000003574
9,91,round_reset,0.000009648,0.000007870
9,91,receive_authenticate_accumulate,0.017244186,0.017244223
9,91,receive_authenticate_accumulate,0.017229501,0.017229370
9,91,receive_authenticate_accumulate,0.017223686,0.017223593
9,91,receive_authenticate_accumulate,0.017223427,0.017223333
9,91,receive_authenticate_accumulate,0.017269538,0.017241778
9,91,receive_authenticate_accumulate,0.017230482,0.017230296
9,91,receive_authenticate_accumulate,0.017221612,0.017221426
9,91,receive_authenticate_accumulate,0.017217335,0.017217240
9,91,receive_authenticate_accumulate,0.017238279,0.017232555
9,91,receive_authenticate_accumulate,0.017225001,0.017224796
9,91,receive_authenticate_accumulate,0.017219538,0.017219481
9,91,reading_commitment_and_shares,0.026215229,0.026215204
9,91,receive_authenticate_accumulate,0.017219427,0.017218889
9,91,receive_authenticate_accumulate,0.017230593,0.017230556
9,91,receive_authenticate_accumulate,0.017217631,0.017217444
9,91,receive_authenticate_accumulate,0.017226372,0.017226241
9,91,receive_authenticate_accumulate,0.017227297,0.017227148
9,91,receive_authenticate_accumulate,0.017222927,0.017222777
9,91,receive_authenticate_accumulate,0.017251983,0.017233222
9,91,receive_authenticate_accumulate,0.017267278,0.017240666
9,91,receive_authenticate_accumulate,0.017298185,0.017259722
9,91,round_coverage,0.000004222,0.000003444
9,92,round_reset,0.000009925,0.000008445
9,92,receive_authenticate_accumulate,0.017223002,0.017222889
9,92,receive_authenticate_accumulate,0.017225947,0.017226111
9,92,receive_authenticate_accumulate,0.017227243,0.017227259
9,92,receive_authenticate_accumulate,0.017225150,0.017225074
9,92,receive_authenticate_accumulate,0.017242020,0.017241963
9,92,receive_authenticate_accumulate,0.017235650,0.017235389
9,92,receive_authenticate_accumulate,0.017226854,0.017226611
9,92,receive_authenticate_accumulate,0.017261817,0.017237110
9,92,receive_authenticate_accumulate,0.017225002,0.017224703
9,92,receive_authenticate_accumulate,0.017221094,0.017220963
9,92,receive_authenticate_accumulate,0.017295668,0.017262260
9,92,reading_commitment_and_shares,0.026211102,0.026211056
9,92,receive_authenticate_accumulate,0.017226965,0.017226926
9,92,receive_authenticate_accumulate,0.017228706,0.017228500
9,92,receive_authenticate_accumulate,0.017234632,0.017234519
9,92,receive_authenticate_accumulate,0.017218077,0.017217963
9,92,receive_authenticate_accumulate,0.017229909,0.017230074
9,92,receive_authenticate_accumulate,0.017223150,0.017222944
9,92,receive_authenticate_accumulate,0.017226762,0.017226574
9,92,receive_authenticate_accumulate,0.017215168,0.017215111
9,92,receive_authenticate_accumulate,0.017229725,0.017229259
9,92,round_coverage,0.000004445,0.000003592
9,93,round_reset,0.000009426,0.000007370
9,93,receive_authenticate_accumulate,0.017264966,0.017238223
9,93,receive_authenticate_accumulate,0.017230670,0.017230444
9,93,receive_authenticate_accumulate,0.017228003,0.017227852
9,93,receive_authenticate_accumulate,0.017228929,0.017228686
9,93,receive_authenticate_accumulate,0.017264373,0.017247648
9,93,receive_authenticate_accumulate,0.017228707,0.017228426
9,93,receive_authenticate_accumulate,0.017222040,0.017222000
9,93,receive_authenticate_accumulate,0.017254410,0.017254333
9,93,receive_authenticate_accumulate,0.017236040,0.017235870
9,93,receive_authenticate_accumulate,0.017217633,0.017217223
9,93,receive_authenticate_accumulate,0.017222874,0.017222685
9,93,reading_commitment_and_shares,0.026266435,0.026238982
9,93,receive_authenticate_accumulate,0.017225521,0.017225296
9,93,receive_authenticate_accumulate,0.017231540,0.017231352
9,93,receive_authenticate_accumulate,0.017225670,0.017225445
9,93,receive_authenticate_accumulate,0.017262428,0.017238647
9,93,receive_authenticate_accumulate,0.017223003,0.017222611
9,93,receive_authenticate_accumulate,0.017229447,0.017229166
9,93,receive_authenticate_accumulate,0.017232521,0.017232333
9,93,receive_authenticate_accumulate,0.017225966,0.017214371
9,93,receive_authenticate_accumulate,0.017227485,0.017227334
9,93,round_coverage,0.000003722,0.000002926
9,94,round_reset,0.000009703,0.000007889
9,94,receive_authenticate_accumulate,0.017276763,0.017248241
9,94,receive_authenticate_accumulate,0.017222356,0.017222074
9,94,receive_authenticate_accumulate,0.017221245,0.017220870
9,94,receive_authenticate_accumulate,0.017219985,0.017219870
9,94,receive_authenticate_accumulate,0.017236041,0.017235833
9,94,receive_authenticate_accumulate,0.017232504,0.017232260
9,94,receive_authenticate_accumulate,0.017230115,0.017230056
9,94,receive_authenticate_accumulate,0.017258282,0.017258167
9,94,receive_authenticate_accumulate,0.017234967,0.017234889
9,94,receive_authenticate_accumulate,0.017229486,0.017229463
9,94,receive_authenticate_accumulate,0.017229893,0.017229889
9,94,reading_commitment_and_shares,0.026334103,0.026304944
9,94,receive_authenticate_accumulate,0.017223226,0.017223000
9,94,receive_authenticate_accumulate,0.017269522,0.017245315
9,94,receive_authenticate_accumulate,0.017219059,0.017218907
9,94,receive_authenticate_accumulate,0.017229967,0.017229741
9,94,receive_authenticate_accumulate,0.017263634,0.017237685
9,94,receive_authenticate_accumulate,0.017232597,0.017232389
9,94,receive_authenticate_accumulate,0.017215282,0.017214926
9,94,receive_authenticate_accumulate,0.017218578,0.017218500
9,94,receive_authenticate_accumulate,0.017217245,0.017217185
9,94,round_coverage,0.000004704,0.000003945
9,95,round_reset,0.000008982,0.000007333
9,95,receive_authenticate_accumulate,0.017229394,0.017229223
9,95,receive_authenticate_accumulate,0.017231616,0.017231463
9,95,receive_authenticate_accumulate,0.017220967,0.017220815
9,95,receive_authenticate_accumulate,0.017262263,0.017233407
9,95,receive_authenticate_accumulate,0.017229023,0.017228889
9,95,receive_authenticate_accumulate,0.017224949,0.017224796
9,95,receive_authenticate_accumulate,0.017280263,0.017250611
9,95,receive_authenticate_accumulate,0.017204227,0.017203833
9,95,receive_authenticate_accumulate,0.017231727,0.017231463
9,95,receive_authenticate_accumulate,0.017224468,0.017232203
9,95,receive_authenticate_accumulate,0.017218172,0.017218000
9,95,reading_commitment_and_shares,0.026216013,0.026215833
9,95,receive_authenticate_accumulate,0.017215856,0.017215740
9,95,receive_authenticate_accumulate,0.017238820,0.017238889
9,95,receive_authenticate_accumulate,0.017228672,0.017228556
9,95,receive_authenticate_accumulate,0.017258801,0.017258426
9,95,receive_authenticate_accumulate,0.017282949,0.017258241
9,95,receive_authenticate_accumulate,0.017220023,0.017219833
9,95,receive_authenticate_accumulate,0.017230690,0.017230574
9,95,receive_authenticate_accumulate,0.017231098,0.017230981
9,95,receive_authenticate_accumulate,0.017225264,0.017225111
9,95,round_coverage,0.000004074,0.000003408
9,96,round_reset,0.000009537,0.000007889
9,96,receive_authenticate_accumulate,0.017231228,0.017231074
9,96,receive_authenticate_accumulate,0.017232172,0.017232019
9,96,receive_authenticate_accumulate,0.017219727,0.017219629
9,96,receive_authenticate_accumulate,0.017224857,0.017224703
9,96,receive_authenticate_accumulate,0.017231376,0.017230963
9,96,receive_authenticate_accumulate,0.017228172,0.017228055
9,96,receive_authenticate_accumulate,0.017220876,0.017220797
9,96,receive_authenticate_accumulate,0.017231265,0.017231111
9,96,receive_authenticate_accumulate,0.017221894,0.017221463
9,96,receive_authenticate_accumulate,0.017256264,0.017237814
9,96,receive_authenticate_accumulate,0.017229820,0.017229722
9,96,reading_commitment_and_shares,0.026265329,0.026236778
9,96,receive_authenticate_accumulate,0.017265301,0.017228148
9,96,receive_authenticate_accumulate,0.017265431,0.017242648
9,96,receive_authenticate_accumulate,0.017266690,0.017241111
9,96,receive_authenticate_accumulate,0.017233265,0.017233296
9,96,receive_authenticate_accumulate,0.017223784,0.017223500
9,96,receive_authenticate_accumulate,0.017224450,0.017224222
9,96,receive_authenticate_accumulate,0.017229542,0.017229074
9,96,receive_authenticate_accumulate,0.017239784,0.017239907
9,96,receive_authenticate_accumulate,0.017225247,0.017224963
9,96,round_coverage,0.000003889,0.000003037
9,97,round_reset,0.000009962,0.000008519
9,97,receive_authenticate_accumulate,0.017227506,0.017227370
9,97,receive_authenticate_accumulate,0.017221525,0.017220963
9,97,receive_authenticate_accumulate,0.017268098,0.017240333
9,97,receive_authenticate_accumulate,0.017224025,0.017223593
9,97,receive_authenticate_accumulate,0.017230080,0.017229945
9,97,receive_authenticate_accumulate,0.017221914,0.017221722
9,97,receive_authenticate_accumulate,0.017230358,0.017230204
9,97,receive_authenticate_accumulate,0.017223673,0.017223500
9,97,receive_authenticate_accumulate,0.017227137,0.017227074
9,97,receive_authenticate_accumulate,0.017228322,0.017228203
9,97,receive_authenticate_accumulate,0.017218933,0.017218704
9,97,reading_commitment_and_shares,0.026223385,0.026223185
9,97,receive_authenticate_accumulate,0.017218876,0.017218740
9,97,receive_authenticate_accumulate,0.017231210,0.017231240
9,97,receive_authenticate_accumulate,0.017230044,0.017229907
9,97,receive_authenticate_accumulate,0.017259321,0.017236630
9,97,receive_authenticate_accumulate,0.017265210,0.017238518
9,97,receive_authenticate_accumulate,0.017223247,0.017223037
9,97,receive_authenticate_accumulate,0.017230340,0.017229981
9,97,receive_authenticate_accumulate,0.017223488,0.017223297
9,97,receive_authenticate_accumulate,0.017236025,0.017235704
9,97,round_coverage,0.000004074,0.000003315
9,98,round_reset,0.000009870,0.000008018
9,98,receive_authenticate_accumulate,0.017225322,0.017225259
9,98,receive_authenticate_accumulate,0.017231211,0.017231093
9,98,receive_authenticate_accumulate,0.017225248,0.017225037
9,98,receive_authenticate_accumulate,0.017258044,0.017232018
9,98,receive_authenticate_accumulate,0.017224970,0.017224870
9,98,receive_authenticate_accumulate,0.017230730,0.017230481
9,98,receive_authenticate_accumulate,0.017230507,0.017230426
9,98,receive_authenticate_accumulate,0.017226507,0.017226296
9,98,receive_authenticate_accumulate,0.017220360,0.017220148
9,98,receive_authenticate_accumulate,0.017259266,0.017229833
9,98,receive_authenticate_accumulate,0.017255414,0.017236278
9,98,reading_commitment_and_shares,0.026255424,0.026255222
9,98,receive_authenticate_accumulate,0.017214693,0.017214370
9,98,receive_authenticate_accumulate,0.017227285,0.017227203
9,98,receive_authenticate_accumulate,0.017225840,0.017225685
9,98,receive_authenticate_accumulate,0.017297080,0.017261593
9,98,receive_authenticate_accumulate,0.017259062,0.017230908
9,98,receive_authenticate_accumulate,0.017226304,0.017226111
9,98,receive_authenticate_accumulate,0.017219193,0.017219037
9,98,receive_authenticate_accumulate,0.017225062,0.017225055
9,98,receive_authenticate_accumulate,0.017231766,0.017231759
9,98,round_coverage,0.000004222,0.000003574
9,99,round_reset,0.000010333,0.000009074
9,99,receive_authenticate_accumulate,0.017225822,0.017225630
9,99,receive_authenticate_accumulate,0.017265322,0.017266371
9,99,receive_authenticate_accumulate,0.017247100,0.017246982
9,99,receive_authenticate_accumulate,0.017263341,0.017238575
9,99,receive_authenticate_accumulate,0.017230471,0.017230352
9,99,receive_authenticate_accumulate,0.017221693,0.017221593
9,99,receive_authenticate_accumulate,0.017229193,0.017228981
9,99,receive_authenticate_accumulate,0.017231267,0.017231204
9,99,receive_authenticate_accumulate,0.017227267,0.017227111
9,99,receive_authenticate_accumulate,0.017228971,0.017228944
9,99,receive_authenticate_accumulate,0.017223674,0.017223500
9,99,reading_commitment_and_shares,0.026205444,0.026205389
9,99,receive_authenticate_accumulate,0.017214916,0.017214852
9,99,receive_authenticate_accumulate,0.017236915,0.017236629
9,99,receive_authenticate_accumulate,0.017228081,0.017227907
9,99,receive_authenticate_accumulate,0.017218749,0.017218426
9,99,receive_authenticate_accumulate,0.017229804,0.017229592
9,99,receive_authenticate_accumulate,0.017227453,0.017227315
9,99,receive_authenticate_accumulate,0.017263452,0.017239870
9,99,receive_authenticate_accumulate,0.017226453,0.017226407
9,99,receive_authenticate_accumulate,0.017222064,0.017221926
9,99,round_coverage,0.000003796,0.000002963
10,100,period_reset,0.000025481,0.000024037
10,100,receive_authenticate_accumulate,0.000093388,0.000092648
10,100,receive_authenticate_accumulate,0.000092388,0.000092000
10,100,receive_authenticate_accumulate,0.000091407,0.000090444
10,100,receive_authenticate_accumulate,0.000090889,0.000090223
10,100,receive_authenticate_accumulate,0.000092074,0.000091259
10,100,receive_authenticate_accumulate,0.000091017,0.000090445
10,100,receive_authenticate_accumulate,0.000089832,0.000089445
10,100,receive_authenticate_accumulate,0.000090666,0.000090000
10,100,receive_authenticate_accumulate,0.000060999,0.000060500
10,100,receive_authenticate_accumulate,0.000061259,0.000060871
10,100,receive_authenticate_accumulate,0.000061907,0.000061463
10,100,randomness_commit,0.000540051,0.000539407
10,100,receive_authenticate_accumulate,0.000058999,0.000058555
10,100,receive_authenticate_accumulate,0.000060851,0.000060462
10,100,receive_authenticate_accumulate,0.000062037,0.000061722
10,100,receive_authenticate_accumulate,0.000062832,0.000062352
10,100,receive_authenticate_accumulate,0.000061777,0.000061259
10,100,receive_authenticate_accumulate,0.000062296,0.000061778
10,100,receive_authenticate_accumulate,0.000061369,0.000061074
10,100,receive_authenticate_accumulate,0.000061703,0.000061111
10,100,receive_authenticate_accumulate,0.000060981,0.000060723
10,100,receive_authenticate_accumulate,0.000075981,0.000075555
10,100,receive_authenticate_accumulate,0.000074962,0.000074500
10,100,receive_authenticate_accumulate,0.000075999,0.000075648
10,100,receive_authenticate_accumulate,0.000075833,0.000075278
10,100,receive_authenticate_accumulate,0.000073869,0.000073297
10,100,receive_authenticate_accumulate,0.000074851,0.000074204
10,100,receive_authenticate_accumulate,0.000075295,0.000074982
10,100,receive_authenticate_accumulate,0.000075055,0.000074555
10,100,receive_authenticate_accumulate,0.000072333,0.000071907
10,100,receive_authenticate_accumulate,0.000074259,0.000073944
10,100,receive_authenticate_accumulate,0.000075907,0.000075500
10,100,randomness_reveal,0.000529347,0.000528723
10,100,receive_authenticate_accumulate,0.000072573,0.000072260
10,100,receive_authenticate_accumulate,0.000049092,0.000048648
10,100,receive_authenticate_accumulate,0.000047555,0.000047166
10,100,receive_authenticate_accumulate,0.000045833,0.000045426
10,100,receive_authenticate_accumulate,0.000048462,0.000048074
10,100,receive_authenticate_accumulate,0.000048259,0.000047870
10,100,receive_authenticate_accumulate,0.000047518,0.000047000
10,100,receive_authenticate_accumulate,0.000048926,0.000048556
10,100,receive_authenticate_accumulate,0.000048648,0.000048222
10,100,committee_selection,0.000083851,0.000083482
10,100,round_reset,0.000004611,0.000003926
10,100,receive_authenticate_accumulate,0.017226027,0.017225926
10,100,receive_authenticate_accumulate,0.017218934,0.017218815
10,100,receive_authenticate_accumulate,0.017218564,0.017218259
10,100,receive_authenticate_accumulate,0.017229730,0.017229463
10,100,receive_authenticate_accumulate,0.017248693,0.017248759
10,100,receive_authenticate_accumulate,0.017256694,0.017256556
10,100,receive_authenticate_accumulate,0.017227287,0.017227055
10,100,receive_authenticate_accumulate,0.017226027,0.017225833
10,100,receive_authenticate_accumulate,0.017225268,0.017225074
10,100,receive_authenticate_accumulate,0.017233416,0.017233185
10,100,receive_authenticate_accumulate,0.017222601,0.017222445
10,100,reading_commitment_and_shares,0.026235833,0.026235741
10,100,receive_authenticate_accumulate,0.017257693,0.017233611
10,100,receive_authenticate_accumulate,0.017236879,0.017237352
10,100,receive_authenticate_accumulate,0.017271063,0.017247444
10,100,receive_authenticate_accumulate,0.017225916,0.017225741
10,100,receive_authenticate_accumulate,0.017231860,0.017231778
10,100,receive_authenticate_accumulate,0.017230786,0.017230148
10,100,receive_authenticate_accumulate,0.017229768,0.017229444
10,100,receive_authenticate_accumulate,0.017225731,0.017225370
10,100,receive_authenticate_accumulate,0.017225101,0.017224925
10,100,round_coverage,0.000004259,0.000003555
10,101,round_reset,0.000009889,0.000008296
10,101,receive_authenticate_accumulate,0.017239509,0.017239407
10,101,receive_authenticate_accumulate,0.017231718,0.017231722
10,101,receive_authenticate_accumulate,0.017225792,0.017225315
10,101,receive_authenticate_accumulate,0.017218805,0.017219148
10,101,receive_authenticate_accumulate,0.017226472,0.017226649
10,101,receive_authenticate_accumulate,0.017221213,0.017221482
10,101,receive_authenticate_accumulate,0.017219602,0.017219925
10,101,receive_authenticate_accumulate,0.017221806,0.017222055
10,101,receive_authenticate_accumulate,0.017251990,0.017252278
10,101,receive_authenticate_accumulate,0.017256935,0.017257056
10,101,receive_authenticate_accumulate,0.017257287,0.017240889
10,101,reading_commitment_and_shares,0.026206669,0.026207055
10,101,receive_authenticate_accumulate,0.017265343,0.017237278
10,101,receive_authenticate_accumulate,0.017267028,0.017244148
10,101,receive_authenticate_accumulate,0.017226493,0.017226500
10,101,receive_authenticate_accumulate,0.017227234,0.017227741
10,101,receive_authenticate_accumulate,0.017228955,0.017229278
10,101,receive_authenticate_accumulate,0.017225456,0.017225833
10,101,receive_authenticate_accumulate,0.017227938,0.017228203
10,101,receive_authenticate_accumulate,0.017231142,0.017231260
10,101,receive_authenticate_accumulate,0.017218828,0.017219092
10,101,round_coverage,0.000004111,0.000003333
10,102,round_reset,0.000009444,0.000007759
10,102,receive_authenticate_accumulate,0.017220528,0.017220759
10,102,receive_authenticate_accumulate,0.017233344,0.017233593
10,102,receive_authenticate_accumulate,0.017219566,0.017219741
10,102,receive_authenticate_accumulate,0.017220863,0.017221203
10,102,receive_authenticate_accumulate,0.017225104,0.017225297
10,102,receive_authenticate_accumulate,0.017233011,0.017233278
10,102,receive_authenticate_accumulate,0.017220660,0.017220426
10,102,receive_authenticate_accumulate,0.017234493,0.017234685
10,102,receive_authenticate_accumulate,0.017232530,0.017232981
10,102,receive_authenticate_accumulate,0.017289380,0.017248223
10,102,receive_authenticate_accumulate,0.017273826,0.017247851
10,102,reading_commitment_and_shares,0.026216941,0.026217815
10,102,receive_authenticate_accumulate,0.017210384,0.017210926
10,102,receive_authenticate_accumulate,0.017239216,0.017239648
10,102,receive_authenticate_accumulate,0.017242365,0.017242722
10,102,receive_authenticate_accumulate,0.017243384,0.017243667
10,102,receive_authenticate_accumulate,0.017233680,0.017233908
10,102,receive_authenticate_accumulate,0.017285864,0.017274907
10,102,receive_authenticate_accumulate,0.017230977,0.017231074
10,102,receive_authenticate_accumulate,0.017249459,0.017237222
10,102,receive_authenticate_accumulate,0.017245292,0.017245685
10,102,round_coverage,0.000003871,0.000003148
10,103,round_reset,0.000009019,0.000007352
10,103,receive_authenticate_accumulate,0.017226474,0.017226760
10,103,receive_authenticate_accumulate,0.017217512,0.017217741
10,103,receive_authenticate_accumulate,0.017228882,0.017229259
10,103,receive_authenticate_accumulate,0.017225049,0.017225297
10,103,receive_authenticate_accumulate,0.017227864,0.017228037
10,103,receive_authenticate_accumulate,0.017218365,0.017218537
10,103,receive_authenticate_accumulate,0.017220717,0.017221074
10,103,receive_authenticate_accumulate,0.017229272,0.017229593
10,103,receive_authenticate_accumulate,0.017221551,0.017221685
10,103,receive_authenticate_accumulate,0.017217699,0.017218000
10,103,receive_authenticate_accumulate,0.017219365,0.017219686
10,103,reading_commitment_and_shares,0.026263637,0.026238334
10,103,receive_authenticate_accumulate,0.017218589,0.017218852
10,103,receive_authenticate_accumulate,0.017274087,0.017247093
10,103,receive_authenticate_accumulate,0.017215774,0.017216074
10,103,receive_authenticate_accumulate,0.017230052,0.017230129
10,103,receive_authenticate_accumulate,0.017246885,0.017247055
10,103,receive_authenticate_accumulate,0.017240312,0.017240722
10,103,receive_authenticate_accumulate,0.017227645,0.017227852
10,103,receive_authenticate_accumulate,0.017226164,0.017226425
10,103,receive_authenticate_accumulate,0.017224997,0.017225240
10,103,round_coverage,0.000003852,0.000003056
10,104,round_reset,0.000009926,0.000008222
10,104,receive_authenticate_accumulate,0.017338342,0.017259184
10,104,receive_authenticate_accumulate,0.017260048,0.017232444
10,104,receive_authenticate_accumulate,0.017221790,0.017221834
10,104,receive_authenticate_accumulate,0.017227642,0.017227908
10,104,receive_authenticate_accumulate,0.017231235,0.017231445
10,104,receive_authenticate_accumulate,0.017258085,0.017235925
10,104,receive_authenticate_accumulate,0.017227846,0.017228130
10,104,receive_authenticate_accumulate,0.017221588,0.017221797
10,104,receive_authenticate_accumulate,0.017223366,0.017223426
10,104,receive_authenticate_accumulate,0.017227273,0.017227167
10,104,receive_authenticate_accumulate,0.017221124,0.017221370
10,104,reading_commitment_and_shares,0.026257350,0.026229055
10,104,receive_authenticate_accumulate,0.017229348,0.017229611
10,104,receive_authenticate_accumulate,0.017232588,0.017232741
10,104,receive_authenticate_accumulate,0.017265921,0.017244019
10,104,receive_authenticate_accumulate,0.017257125,0.017234390
10,104,receive_authenticate_accumulate,0.017222126,0.017222277
10,104,receive_authenticate_accumulate,0.017227367,0.017227556
10,104,receive_authenticate_accumulate,0.017221979,0.017222167
10,104,receive_authenticate_accumulate,0.017247015,0.017247389
10,104,receive_authenticate_accumulate,0.017223072,0.017223222
10,104,round_coverage,0.000004333,0.000003537
10,105,round_reset,0.000009889,0.000007704
10,105,receive_authenticate_accumulate,0.017230585,0.017230796
10,105,receive_authenticate_accumulate,0.017224270,0.017224463
10,105,receive_authenticate_accumulate,0.017222733,0.017222907
10,105,receive_authenticate_accumulate,0.017215308,0.017215408
10,105,receive_authenticate_accumulate,0.017220475,0.017220741
10,105,receive_authenticate_accumulate,0.017262492,0.017239056
10,105,receive_authenticate_accumulate,0.017221364,0.017221611
10,105,receive_authenticate_accumulate,0.017276751,0.017241130
10,105,receive_authenticate_accumulate,0.017226975,0.017227407
10,105,receive_authenticate_accumulate,0.017235827,0.017236185
10,105,receive_authenticate_accumulate,0.017219253,0.017219500
10,105,reading_commitment_and_shares,0.026210657,0.026211074
10,105,receive_authenticate_accumulate,0.017219625,0.017219666
10,105,receive_authenticate_accumulate,0.017230847,0.017231129
10,105,receive_authenticate_accumulate,0.017223976,0.017224166
10,105,receive_authenticate_accumulate,0.017220496,0.017220796
10,105,receive_authenticate_accumulate,0.017227625,0.017227778
10,105,receive_authenticate_accumulate,0.017227218,0.017227370
10,105,receive_authenticate_accumulate,0.017219792,0.017219925
10,105,receive_authenticate_accumulate,0.017228626,0.017228500
10,105,receive_authenticate_accumulate,0.017218126,0.017218389
10,105,round_coverage,0.000004630,0.000003815
10,106,round_reset,0.000008851,0.000007296
10,106,receive_authenticate_accumulate,0.017222120,0.017222277
10,106,receive_authenticate_accumulate,0.017263379,0.017236167
10,106,receive_authenticate_accumulate,0.017218972,0.017219222
10,106,receive_authenticate_accumulate,0.017223454,0.017223518
10,106,receive_authenticate_accumulate,0.017273730,0.017246278
10,106,receive_authenticate_accumulate,0.017223824,0.017224018
10,106,receive_authenticate_accumulate,0.017218862,0.017219167
10,106,receive_authenticate_accumulate,0.017222695,0.017222981
10,106,receive_authenticate_accumulate,0.017222585,0.017222649
10,106,receive_authenticate_accumulate,0.017224159,0.017224296
10,106,receive_authenticate_accumulate,0.017221029,0.017221278
10,106,reading_commitment_and_shares,0.026206720,0.026207463
10,106,receive_authenticate_accumulate,0.017220493,0.017221037
10,106,receive_authenticate_accumulate,0.017224715,0.017225260
10,106,receive_authenticate_accumulate,0.017230197,0.017230334
10,106,receive_authenticate_accumulate,0.017218771,0.017218945
10,106,receive_authenticate_accumulate,0.017225234,0.017225407
10,106,receive_authenticate_accumulate,0.017264586,0.017241019
10,106,receive_authenticate_accumulate,0.017221401,0.017221722
10,106,receive_authenticate_accumulate,0.017231438,0.017231556
10,106,receive_authenticate_accumulate,0.017223476,0.017223667
10,106,round_coverage,0.000004685,0.000003889
10,107,round_reset,0.000009203,0.000007926
10,107,receive_authenticate_accumulate,0.017222802,0.017223000
10,107,receive_authenticate_accumulate,0.017256061,0.017256259
10,107,receive_authenticate_accumulate,0.017276986,0.017244240
10,107,receive_authenticate_accumulate,0.017229544,0.017229833
10,107,receive_authenticate_accumulate,0.017219618,0.017219963
10,107,receive_authenticate_accumulate,0.017218322,0.017218463
10,107,receive_authenticate_accumulate,0.017228970,0.017229259
10,107,receive_authenticate_accumulate,0.017229822,0.017230000
10,107,receive_authenticate_accumulate,0.017317765,0.017259981
10,107,receive_authenticate_accumulate,0.017230212,0.017230351
10,107,receive_authenticate_accumulate,0.017229304,0.017229481
10,107,reading_commitment_and_shares,0.026211688,0.026212019
10,107,receive_authenticate_accumulate,0.017232138,0.017232315
10,107,receive_authenticate_accumulate,0.017236397,0.017236500
10,107,receive_authenticate_accumulate,0.017227009,0.017227426
10,107,receive_authenticate_accumulate,0.017226731,0.017226611
10,107,receive_authenticate_accumulate,0.017234768,0.017234907
10,107,receive_authenticate_accumulate,0.017220527,0.017220759
10,107,receive_authenticate_accumulate,0.017277489,0.017232648
10,107,receive_authenticate_accumulate,0.017227269,0.017227407
10,107,receive_authenticate_accumulate,0.017225157,0.017225334
10,107,round_coverage,0.000003778,0.000003074
10,108,round_reset,0.000009222,0.000007722
10,108,receive_authenticate_accumulate,0.017227058,0.017227593
10,108,receive_authenticate_accumulate,0.017225447,0.017225722
10,108,receive_authenticate_accumulate,0.017223132,0.017223259
10,108,receive_authenticate_accumulate,0.017224355,0.017224555
10,108,receive_authenticate_accumulate,0.017228743,0.017228851
10,108,receive_authenticate_accumulate,0.017231243,0.017231482
10,108,receive_authenticate_accumulate,0.017246133,0.017229407
10,108,receive_authenticate_accumulate,0.017265576,0.017241241
10,108,receive_authenticate_accumulate,0.017225689,0.017225722
10,108,receive_authenticate_accumulate,0.017227226,0.017227445
10,108,receive_authenticate_accumulate,0.017225986,0.017226093
10,108,reading_commitment_and_shares,0.026225635,0.026225963
10,108,receive_authenticate_accumulate,0.017221856,0.017222000
10,108,receive_authenticate_accumulate,0.017236578,0.017236833
10,108,receive_authenticate_accumulate,0.017220671,0.017220944
10,108,receive_authenticate_accumulate,0.017220783,0.017220963
10,108,receive_authenticate_accumulate,0.017224357,0.017224481
10,108,receive_authenticate_accumulate,0.017235024,0.017235315
10,108,receive_authenticate_accumulate,0.017221190,0.017221463
10,108,receive_authenticate_accumulate,0.017222191,0.017222296
10,108,receive_authenticate_accumulate,0.017219635,0.017219907
10,108,round_coverage,0.000004185,0.000003389
10,109,round_reset,0.000009648,0.000008019
10,109,receive_authenticate_accumulate,0.017223776,0.017224093
10,109,receive_authenticate_accumulate,0.017232516,0.017232722
10,109,receive_authenticate_accumulate,0.017227258,0.017227463
10,109,receive_authenticate_accumulate,0.017219721,0.017219852
10,109,receive_authenticate_accumulate,0.017229128,0.017229371
10,109,receive_authenticate_accumulate,0.017231146,0.017231277
10,109,receive_authenticate_accumulate,0.017228999,0.017229148
10,109,receive_authenticate_accumulate,0.017218981,0.017219000
10,109,receive_authenticate_accumulate,0.017286720,0.017247870
10,109,receive_authenticate_accumulate,0.017272739,0.017246462
10,109,receive_authenticate_accumulate,0.017226092,0.017226574
10,109,reading_commitment_and_shares,0.026219805,0.026220389
10,109,receive_authenticate_accumulate,0.017243536,0.017227315
10,109,receive_authenticate_accumulate,0.017228130,0.017228185
10,109,receive_authenticate_accumulate,0.017277592,0.017236017
10,109,receive_authenticate_accumulate,0.017234018,0.017234370
10,109,receive_authenticate_accumulate,0.017229851,0.017230037
10,109,receive_authenticate_accumulate,0.017220593,0.017220777
10,109,receive_authenticate_accumulate,0.017218427,0.017218630
10,109,receive_authenticate_accumulate,0.017279444,0.017240333
10,109,receive_authenticate_accumulate,0.017227668,0.017227852
10,109,round_coverage,0.000003889,0.000003185
11,110,period_reset,0.000025222,0.000023037
11,110,receive_authenticate_accumulate,0.000092738,0.000092574
11,110,receive_authenticate_accumulate,0.000093683,0.000093500
11,110,receive_authenticate_accumulate,0.000091313,0.000090944
11,110,receive_authenticate_accumulate,0.000090572,0.000090037
11,110,receive_authenticate_accumulate,0.000090535,0.000089815
11,110,receive_authenticate_accumulate,0.000090368,0.000089889
11,110,receive_authenticate_accumulate,0.000092608,0.000092371
11,110,receive_authenticate_accumulate,0.000093571,0.000093407
11,110,receive_authenticate_accumulate,0.000068962,0.000068630
11,110,receive_authenticate_accumulate,0.000070202,0.000070074
11,110,receive_authenticate_accumulate,0.000070221,0.000069796
11,110,randomness_commit,0.000616725,0.000616092
11,110,receive_authenticate_accumulate,0.000066517,0.000066111
11,110,receive_authenticate_accumulate,0.000069850,0.000069555
11,110,receive_authenticate_accumulate,0.000070184,0.000069648
11,110,receive_authenticate_accumulate,0.000070017,0.000069555
11,110,receive_authenticate_accumulate,0.000069831,0.000069445
11,110,receive_authenticate_accumulate,0.000068794,0.000068500
11,110,receive_authenticate_accumulate,0.000069406,0.000069148
11,110,receive_authenticate_accumulate,0.000068832,0.000068482
11,110,receive_authenticate_accumulate,0.000070239,0.000069963
11,110,receive_authenticate_accumulate,0.000083831,0.000083389
11,110,receive_authenticate_accumulate,0.000084350,0.000083962
11,110,receive_authenticate_accumulate,0.000084886,0.000083759
11,110,receive_authenticate_accumulate,0.000085517,0.000085093
11,110,receive_authenticate_accumulate,0.000084535,0.000084315
11,110,receive_authenticate_accumulate,0.000085183,0.000084833
11,110,receive_authenticate_accumulate,0.000116997,0.000116629
11,110,receive_authenticate_accumulate,0.000082906,0.000082796
11,110,receive_authenticate_accumulate,0.000083072,0.000082851
11,110,receive_authenticate_accumulate,0.000084646,0.000084129
11,110,receive_authenticate_accumulate,0.000069424,0.000069000
11,110,randomness_reveal,0.000449082,0.000448574
11,110,receive_authenticate_accumulate,0.000067220,0.000067092
11,110,receive_authenticate_accumulate,0.000068795,0.000068371
11,110,receive_authenticate_accumulate,0.000067702,0.000067278
11,110,receive_authenticate_accumulate,0.000068925,0.000068667
11,110,receive_authenticate_accumulate,0.000068924,0.000068537
11,110,receive_authenticate_accumulate,0.000067850,0.000067574
11,110,receive_authenticate_accumulate,0.000069258,0.000068963
11,110,receive_authenticate_accumulate,0.000069091,0.000068629
11,110,receive_authenticate_accumulate,0.000070035,0.000070260
11,110,committee_selection,0.000122386,0.000121908
11,110,round_reset,0.000005648,0.000004851
11,110,receive_authenticate_accumulate,0.017225789,0.017225574
11,110,receive_authenticate_accumulate,0.017238863,0.017238945
11,110,receive_authenticate_accumulate,0.017219789,0.017219945
11,110,receive_authenticate_accumulate,0.017222937,0.017223148
11,110,receive_authenticate_accumulate,0.017228419,0.017228537
11,110,receive_authenticate_accumulate,0.017232401,0.017232686
11,110,receive_authenticate_accumulate,0.017227456,0.017227556
11,110,receive_authenticate_accumulate,0.017227864,0.017227777
11,110,receive_authenticate_accumulate,0.017226012,0.017226129
11,110,receive_authenticate_accumulate,0.017283455,0.017240388
11,110,receive_authenticate_accumulate,0.017227086,0.017227259
11,110,reading_commitment_and_shares,0.026215046,0.026215518
11,110,receive_authenticate_accumulate,0.017215753,0.017215926
11,110,receive_authenticate_accumulate,0.025874648,0.025875055
11,110,receive_authenticate_accumulate,0.017226791,0.017227000
11,110,receive_authenticate_accumulate,0.017251902,0.017252037
11,110,receive_authenticate_accumulate,0.017232847,0.017232945
11,110,receive_authenticate_accumulate,0.017210366,0.017210074
11,110,receive_authenticate_accumulate,0.017226125,0.017226167
11,110,receive_authenticate_accumulate,0.017209144,0.017209519
11,110,receive_authenticate_accumulate,0.017267143,0.017240574
11,110,round_coverage,0.000004315,0.000003666
11,111,round_reset,0.000010111,0.000008334
11,111,receive_authenticate_accumulate,0.017225264,0.017225352
11,111,receive_authenticate_accumulate,0.017269356,0.017241908
11,111,receive_authenticate_accumulate,0.017220672,0.017220981
11,111,receive_authenticate_accumulate,0.017219598,0.017219574
11,111,receive_authenticate_accumulate,0.017224635,0.017224815
11,111,receive_authenticate_accumulate,0.017230709,0.017230759
11,111,receive_authenticate_accumulate,0.017218376,0.017218519
11,111,receive_authenticate_accumulate,0.017223043,0.017223111
11,111,receive_authenticate_accumulate,0.017220377,0.017220518
11,111,receive_authenticate_accumulate,0.017227228,0.017227370
11,111,receive_authenticate_accumulate,0.017219043,0.017219167
11,111,reading_commitment_and_shares,0.026226361,0.026226963
11,111,receive_authenticate_accumulate,0.017229025,0.017229296
11,111,receive_authenticate_accumulate,0.017229117,0.017229241
11,111,receive_authenticate_accumulate,0.017225173,0.017225240
11,111,receive_authenticate_accumulate,0.017227618,0.017227685
11,111,receive_authenticate_accumulate,0.017228266,0.017228371
11,111,receive_authenticate_accumulate,0.017269858,0.017245981
11,111,receive_authenticate_accumulate,0.017232229,0.017232297
11,111,receive_authenticate_accumulate,0.017220471,0.017220351
11,111,receive_authenticate_accumulate,0.017225267,0.017225500
11,111,round_coverage,0.000003852,0.000002963
11,112,round_reset,0.000009333,0.000007870
11,112,receive_authenticate_accumulate,0.017224628,0.017224815
11,112,receive_authenticate_accumulate,0.017223943,0.017223981
11,112,receive_authenticate_accumulate,0.017220887,0.017220760
11,112,receive_authenticate_accumulate,0.017228239,0.017228481
11,112,receive_authenticate_accumulate,0.017262719,0.017237537
11,112,receive_authenticate_accumulate,0.017224555,0.017224741
11,112,receive_authenticate_accumulate,0.017225129,0.017225259
11,112,receive_authenticate_accumulate,0.017221592,0.017221704
11,112,receive_authenticate_accumulate,0.017225628,0.017225815
11,112,receive_authenticate_accumulate,0.017231147,0.017231333
11,112,receive_authenticate_accumulate,0.017222704,0.017222686
11,112,reading_commitment_and_shares,0.026269267,0.026269463
11,112,receive_authenticate_accumulate,0.017252961,0.017239741
11,112,receive_authenticate_accumulate,0.017237129,0.017237148
11,112,receive_authenticate_accumulate,0.017223963,0.017224056
11,112,receive_authenticate_accumulate,0.017228055,0.017228185
11,112,receive_authenticate_accumulate,0.017227130,0.017227092
11,112,receive_authenticate_accumulate,0.017224259,0.017224722
11,112,receive_authenticate_accumulate,0.017216427,0.017216407
11,112,receive_authenticate_accumulate,0.017226500,0.017226667
11,112,receive_authenticate_accumulate,0.017272832,0.017246185
11,112,round_coverage,0.000004167,0.000003352
11,113,round_reset,0.000009184,0.000007741
11,113,receive_authenticate_accumulate,0.017220046,0.017220222
11,113,receive_authenticate_accumulate,0.017274267,0.017233500
11,113,receive_authenticate_accumulate,0.017227138,0.017227166
11,113,receive_authenticate_accumulate,0.017298044,0.017257981
11,113,receive_authenticate_accumulate,0.017220010,0.017220093
11,113,receive_authenticate_accumulate,0.017252546,0.017231018
11,113,receive_authenticate_accumulate,0.017221825,0.017222037
11,113,receive_authenticate_accumulate,0.017220584,0.017220926
11,113,receive_authenticate_accumulate,0.017221269,0.017221481
11,113,receive_authenticate_accumulate,0.017222140,0.017222315
11,113,receive_authenticate_accumulate,0.017227492,0.017227666
11,113,reading_commitment_and_shares,0.026208192,0.026208759
11,113,receive_authenticate_accumulate,0.017216270,0.017216481
11,113,receive_authenticate_accumulate,0.017233547,0.017233778
11,113,receive_authenticate_accumulate,0.017254140,0.017234889
11,113,receive_authenticate_accumulate,0.017221511,0.017221481
11,113,receive_authenticate_accumulate,0.017229233,0.017229278
11,113,receive_authenticate_accumulate,0.017224159,0.017224296
11,113,receive_authenticate_accumulate,0.017227141,0.017227223
11,113,receive_authenticate_accumulate,0.017219067,0.017219223
11,113,receive_authenticate_accumulate,0.017228307,0.017228371
11,113,round_coverage,0.000004389,0.000003667
11,114,round_reset,0.000009926,0.000008315
11,114,receive_authenticate_accumulate,0.017226001,0.017226111
11,114,receive_authenticate_accumulate,0.017224575,0.017224500
11,114,receive_authenticate_accumulate,0.017227445,0.017227555
11,114,receive_authenticate_accumulate,0.017228483,0.017228556
11,114,receive_authenticate_accumulate,0.017221946,0.017221852
11,114,receive_authenticate_accumulate,0.017220891,0.017221037
11,114,receive_authenticate_accumulate,0.017228279,0.017228352
11,114,receive_authenticate_accumulate,0.017222965,0.017223222
11,114,receive_authenticate_accumulate,0.017251686,0.017236445
11,114,receive_authenticate_accumulate,0.017218391,0.017218481
11,114,receive_authenticate_accumulate,0.017283815,0.017250334
11,114,reading_commitment_and_shares,0.026227893,0.026228667
11,114,receive_authenticate_accumulate,0.017228040,0.017227963
11,114,receive_authenticate_accumulate,0.017228373,0.017228481
11,114,receive_authenticate_accumulate,0.017223540,0.017223537
11,114,receive_authenticate_accumulate,0.017219392,0.017219482
11,114,receive_authenticate_accumulate,0.017223355,0.017223519
11,114,receive_authenticate_accumulate,0.017226725,0.017226666
11,114,receive_authenticate_accumulate,0.017231317,0.017231370
11,114,receive_authenticate_accumulate,0.017226207,0.017225834
11,114,receive_authenticate_accumulate,0.017222466,0.017222574
11,114,round_coverage,0.000003741,0.000003092
11,115,round_reset,0.000009425,0.000007908
11,115,receive_authenticate_accumulate,0.017255732,0.017256889
11,115,receive_authenticate_accumulate,0.017223103,0.017223277
11,115,receive_authenticate_accumulate,0.017233159,0.017233185
11,115,receive_authenticate_accumulate,0.017222177,0.017222297
11,115,receive_authenticate_accumulate,0.017223214,0.017223352
11,115,receive_authenticate_accumulate,0.017235437,0.017235444
11,115,receive_authenticate_accumulate,0.017223955,0.017224018
11,115,receive_authenticate_accumulate,0.017221326,0.017221389
11,115,receive_authenticate_accumulate,0.017225401,0.017225833
11,115,receive_authenticate_accumulate,0.017225826,0.017225537
11,115,receive_authenticate_accumulate,0.017229586,0.017229667
11,115,reading_commitment_and_shares,0.026203816,0.026204518
11,115,receive_authenticate_accumulate,0.017224660,0.017225055
11,115,receive_authenticate_accumulate,0.017220753,0.017220870
11,115,receive_authenticate_accumulate,0.017232938,0.017232611
11,115,receive_authenticate_accumulate,0.017235993,0.017236241
11,115,receive_authenticate_accumulate,0.017218698,0.017218592
11,115,receive_authenticate_accumulate,0.017218939,0.017219018
11,115,receive_authenticate_accumulate,0.017227309,0.017227407
11,115,receive_authenticate_accumulate,0.017296085,0.017246500
11,115,receive_authenticate_accumulate,0.017230994,0.017231111
11,115,round_coverage,0.000003630,0.000002777
11,116,round_reset,0.000009333,0.000007629
11,116,receive_authenticate_accumulate,0.017221909,0.017221981
11,116,receive_authenticate_accumulate,0.017219279,0.017219333
11,116,receive_authenticate_accumulate,0.017225464,0.017225574
11,116,receive_authenticate_accumulate,0.017223261,0.017223296
11,116,receive_authenticate_accumulate,0.017233075,0.017233167
11,116,receive_authenticate_accumulate,0.017227780,0.017227630
11,116,receive_authenticate_accumulate,0.017214595,0.017214908
11,116,receive_authenticate_accumulate,0.017233872,0.017234000
11,116,receive_authenticate_accumulate,0.017258816,0.017240389
11,116,receive_authenticate_accumulate,0.017223688,0.017223666
11,116,receive_authenticate_accumulate,0.017221799,0.017222204
11,116,reading_commitment_and_shares,0.026216181,0.026216482
11,116,receive_authenticate_accumulate,0.017223039,0.017223166
11,116,receive_authenticate_accumulate,0.017227410,0.017227555
11,116,receive_authenticate_accumulate,0.017225280,0.017225463
11,116,receive_authenticate_accumulate,0.017262094,0.017234186
11,116,receive_authenticate_accumulate,0.017222614,0.017222833
11,116,receive_authenticate_accumulate,0.017224707,0.017224908
11,116,receive_authenticate_accumulate,0.017229410,0.017229574
11,116,receive_authenticate_accumulate,0.017232596,0.017232592
11,116,receive_authenticate_accumulate,0.017223467,0.017223463
11,116,round_coverage,0.000003926,0.000003000
11,117,round_reset,0.000009259,0.000007648
11,117,receive_authenticate_accumulate,0.017225048,0.017225111
11,117,receive_authenticate_accumulate,0.017232843,0.017232926
11,117,receive_authenticate_accumulate,0.017270324,0.017248296
11,117,receive_authenticate_accumulate,0.017231195,0.017231371
11,117,receive_authenticate_accumulate,0.017230010,0.017230018
11,117,receive_authenticate_accumulate,0.017230029,0.017230129
11,117,receive_authenticate_accumulate,0.017223344,0.017223481
11,117,receive_authenticate_accumulate,0.017238714,0.017238925
11,117,receive_authenticate_accumulate,0.017231714,0.017231852
11,117,receive_authenticate_accumulate,0.017240307,0.017240481
11,117,receive_authenticate_accumulate,0.017229918,0.017229926
11,117,reading_commitment_and_shares,0.026222527,0.026222982
11,117,receive_authenticate_accumulate,0.017239066,0.017238982
11,117,receive_authenticate_accumulate,0.017219993,0.017220352
11,117,receive_authenticate_accumulate,0.017227808,0.017227944
11,117,receive_authenticate_accumulate,0.017271066,0.017242518
11,117,receive_authenticate_accumulate,0.017234178,0.017234407
11,117,receive_authenticate_accumulate,0.017231956,0.017232037
11,117,receive_authenticate_accumulate,0.017222474,0.017222537
11,117,receive_authenticate_accumulate,0.017223457,0.017223611
11,117,receive_authenticate_accumulate,0.017231771,0.017232000
11,117,round_coverage,0.000003593,0.000002888
11,118,round_reset,0.000009648,0.000007889
11,118,receive_authenticate_accumulate,0.017266833,0.017238463
11,118,receive_authenticate_accumulate,0.017221611,0.017221666
11,118,receive_authenticate_accumulate,0.017217593,0.017217629
11,118,receive_authenticate_accumulate,0.017228426,0.017228426
11,118,receive_authenticate_accumulate,0.017224815,0.017224945
11,118,receive_authenticate_accumulate,0.017225778,0.017225815
11,118,receive_authenticate_accumulate,0.017218019,0.017218055
11,118,receive_authenticate_accumulate,0.017229982,0.017230018
11,118,receive_authenticate_accumulate,0.017227834,0.017227796
11,118,receive_authenticate_accumulate,0.017229426,0.017229518
11,118,receive_authenticate_accumulate,0.017219834,0.017220111
11,118,reading_commitment_and_shares,0.026223244,0.026223741
11,118,receive_authenticate_accumulate,0.017230334,0.017230463
11,118,receive_authenticate_accumulate,0.017234723,0.017234759
11,118,receive_authenticate_accumulate,0.017297944,0.017257073
11,118,receive_authenticate_accumulate,0.017222001,0.017221963
11,118,receive_authenticate_accumulate,0.017232186,0.017232259
11,118,receive_authenticate_accumulate,0.017243149,0.017243167
11,118,receive_authenticate_accumulate,0.017236334,0.017236352
11,118,receive_authenticate_accumulate,0.017239908,0.017239926
11,118,receive_authenticate_accumulate,0.017231742,0.017231704
11,118,round_coverage,0.000003814,0.000003000
11,119,round_reset,0.000009093,0.000007649
11,119,receive_authenticate_accumulate,0.017240396,0.017240592
11,119,receive_authenticate_accumulate,0.017232415,0.017232371
11,119,receive_authenticate_accumulate,0.017232396,0.017232426
11,119,receive_authenticate_accumulate,0.017229396,0.017229407
11,119,receive_authenticate_accumulate,0.017265692,0.017240723
11,119,receive_authenticate_accumulate,0.017231582,0.017231648
11,119,receive_authenticate_accumulate,0.017221972,0.017222037
11,119,receive_authenticate_accumulate,0.017224045,0.017224203
11,119,receive_authenticate_accumulate,0.017230304,0.017230334
11,119,receive_authenticate_accumulate,0.017231878,0.017231815
11,119,receive_authenticate_accumulate,0.017217712,0.017217796
11,119,reading_commitment_and_shares,0.026218774,0.026218593
11,119,receive_authenticate_accumulate,0.017279489,0.017247888
11,119,receive_authenticate_accumulate,0.017242398,0.017242500
11,119,receive_authenticate_accumulate,0.017250545,0.017250611
11,119,receive_authenticate_accumulate,0.017242415,0.017242519
11,119,receive_authenticate_accumulate,0.017226658,0.017226629
11,119,receive_authenticate_accumulate,0.017284267,0.017251925
11,119,receive_authenticate_accumulate,0.017235083,0.017235111
11,119,receive_authenticate_accumulate,0.017223991,0.017224055
11,119,receive_authenticate_accumulate,0.017222176,0.017222241
11,119,round_coverage,0.000004092,0.000003389
12,120,period_reset,0.000025759,0.000024241
12,120,receive_authenticate_accumulate,0.000093665,0.000093111
12,120,receive_authenticate_accumulate,0.000131793,0.000131037
12,120,receive_authenticate_accumulate,0.000091979,0.000091334
12,120,receive_authenticate_accumulate,0.000129312,0.000128666
12,120,receive_authenticate_accumulate,0.000088035,0.000087704
12,120,receive_authenticate_accumulate,0.000093257,0.000092833
12,120,receive_authenticate_accumulate,0.000092054,0.000091500
12,120,receive_authenticate_accumulate,0.000091331,0.000090796
12,120,receive_authenticate_accumulate,0.000089720,0.000089130
12,120,receive_authenticate_accumulate,0.000093665,0.000093093
12,120,receive_authenticate_accumulate,0.000090739,0.000090111
12,120,randomness_commit,0.000823817,0.000823314
12,120,receive_authenticate_accumulate,0.000088739,0.000088500
12,120,receive_authenticate_accumulate,0.000089257,0.000088575
12,120,receive_authenticate_accumulate,0.000134941,0.000134741
12,120,receive_authenticate_accumulate,0.000088573,0.000088370
12,120,receive_authenticate_accumulate,0.000087424,0.000086907
12,120,receive_authenticate_accumulate,0.000055166,0.000054833
12,120,receive_authenticate_accumulate,0.000053277,0.000052981
12,120,receive_authenticate_accumulate,0.000047166,0.000046704
12,120,receive_authenticate_accumulate,0.000055203,0.000055092
12,120,receive_authenticate_accumulate,0.000066109,0.000065778
12,120,receive_authenticate_accumulate,0.000067981,0.000067685
12,120,receive_authenticate_accumulate,0.000065628,0.000065296
12,120,receive_authenticate_accumulate,0.000066869,0.000066333
12,120,receive_authenticate_accumulate,0.000067110,0.000066908
12,120,receive_authenticate_accumulate,0.000066128,0.000065648
12,120,receive_authenticate_accumulate,0.000065628,0.000065333
12,120,receive_authenticate_accumulate,0.000061258,0.000060963
12,120,receive_authenticate_accumulate,0.000066906,0.000066426
12,120,receive_authenticate_accumulate,0.000066498,0.000066093
12,120,receive_authenticate_accumulate,0.000066147,0.000065703
12,120,randomness_reveal,0.000446881,0.000446426
12,120,receive_authenticate_accumulate,0.000066628,0.000066351
12,120,receive_authenticate_accumulate,0.000065591,0.000065352
12,120,receive_authenticate_accumulate,0.000067203,0.000067037
12,120,receive_authenticate_accumulate,0.000065165,0.000064833
12,120,receive_authenticate_accumulate,0.000066036,0.000065778
12,120,receive_authenticate_accumulate,0.000065925,0.000065759
12,120,receive_authenticate_accumulate,0.000098406,0.000097852
12,120,receive_authenticate_accumulate,0.000059036,0.000058297
12,120,receive_authenticate_accumulate,0.000064924,0.000064519
12,120,committee_selection,0.000124794,0.000124333
12,120,round_reset,0.000005963,0.000005111
12,120,receive_authenticate_accumulate,0.017258199,0.017230907
12,120,receive_authenticate_accumulate,0.017222534,0.017222333
12,120,receive_authenticate_accumulate,0.017301125,0.017266740
12,120,receive_authenticate_accumulate,0.017222422,0.017222463
12,120,receive_authenticate_accumulate,0.017224330,0.017224389
12,120,receive_authenticate_accumulate,0.017227423,0.017227518
12,120,receive_authenticate_accumulate,0.017226293,0.017226333
12,120,receive_authenticate_accumulate,0.017226608,0.017226667
12,120,receive_authenticate_accumulate,0.017221219,0.017221259
12,120,receive_authenticate_accumulate,0.017228330,0.017228482
12,120,receive_authenticate_accumulate,0.017225997,0.017226130
12,120,reading_commitment_and_shares,0.026210247,0.026210315
12,120,receive_authenticate_accumulate,0.017219941,0.017220074
12,120,receive_authenticate_accumulate,0.017270182,0.017241017
12,120,receive_authenticate_accumulate,0.017224349,0.017224056
12,120,receive_authenticate_accumulate,0.017225571,0.017225241
12,120,receive_authenticate_accumulate,0.017244961,0.017224927
12,120,receive_authenticate_accumulate,0.017286200,0.017273519
12,120,receive_authenticate_accumulate,0.017229331,0.017229426
12,120,receive_authenticate_accumulate,0.017225313,0.017225222
12,120,receive_authenticate_accumulate,0.017223979,0.017224037
12,120,round_coverage,0.000004333,0.000003704
12,121,round_reset,0.000010092,0.000008426
12,121,receive_authenticate_accumulate,0.017220948,0.017221240
12,121,receive_authenticate_accumulate,0.017226152,0.017226203
12,121,receive_authenticate_accumulate,0.017229114,0.017229241
12,121,receive_authenticate_accumulate,0.017234577,0.017234611
12,121,receive_authenticate_accumulate,0.017217577,0.017217574
12,121,receive_authenticate_accumulate,0.017230337,0.017230296
12,121,receive_authenticate_accumulate,0.017260743,0.017236425
12,121,receive_authenticate_accumulate,0.017283095,0.017249999
12,121,receive_authenticate_accumulate,0.017220300,0.017220278
12,121,receive_authenticate_accumulate,0.017257170,0.017234666
12,121,receive_authenticate_accumulate,0.017226542,0.017226574
12,121,reading_commitment_and_shares,0.026219999,0.026220445
12,121,receive_authenticate_accumulate,0.017232355,0.017232333
12,121,receive_authenticate_accumulate,0.017238560,0.017238481
12,121,receive_authenticate_accumulate,0.017229134,0.017229186
12,121,receive_authenticate_accumulate,0.017220023,0.017219981
12,121,receive_authenticate_accumulate,0.017229875,0.017229777
12,121,receive_authenticate_accumulate,0.017231968,0.017232093
12,121,receive_authenticate_accumulate,0.017220061,0.017220019
12,121,receive_authenticate_accumulate,0.017226597,0.017226463
12,121,receive_authenticate_accumulate,0.017266189,0.017242962
12,121,round_coverage,0.000004129,0.000003186
12,122,round_reset,0.000010277,0.000008666
12,122,receive_authenticate_accumulate,0.017222195,0.017222315
12,122,receive_authenticate_accumulate,0.017229380,0.017229556
12,122,receive_authenticate_accumulate,0.017218640,0.017218741
12,122,receive_authenticate_accumulate,0.017221584,0.017221648
12,122,receive_authenticate_accumulate,0.017221084,0.017221389
12,122,receive_authenticate_accumulate,0.017327805,0.017251037
12,122,receive_authenticate_accumulate,0.017219862,0.017220092
12,122,receive_authenticate_accumulate,0.017220880,0.017220945
12,122,receive_authenticate_accumulate,0.017223918,0.017224056
12,122,receive_authenticate_accumulate,0.017230936,0.017230685
12,122,receive_authenticate_accumulate,0.017236177,0.017236314
12,122,reading_commitment_and_shares,0.026219323,0.026219666
12,122,receive_authenticate_accumulate,0.017222492,0.017222574
12,122,receive_authenticate_accumulate,0.017221622,0.017221796
12,122,receive_authenticate_accumulate,0.017229158,0.017229204
12,122,receive_authenticate_accumulate,0.017225048,0.017225185
12,122,receive_authenticate_accumulate,0.017270659,0.017241667
12,122,receive_authenticate_accumulate,0.017255659,0.017236426
12,122,receive_authenticate_accumulate,0.017228344,0.017228426
12,122,receive_authenticate_accumulate,0.017227715,0.017227648
12,122,receive_authenticate_accumulate,0.017232011,0.017231722
12,122,round_coverage,0.000004352,0.000003592
12,123,round_reset,0.000008889,0.000007278
12,123,receive_authenticate_accumulate,0.017219220,0.017219185
12,123,receive_authenticate_accumulate,0.017222109,0.017222019
12,123,receive_authenticate_accumulate,0.017215202,0.017215277
12,123,receive_authenticate_accumulate,0.017236479,0.017236167
12,123,receive_authenticate_accumulate,0.017218812,0.017219037
12,123,receive_authenticate_accumulate,0.017290200,0.017260944
12,123,receive_authenticate_accumulate,0.017220590,0.017220555
12,123,receive_authenticate_accumulate,0.017222998,0.017222833
12,123,receive_authenticate_accumulate,0.017228757,0.017228685
12,123,receive_authenticate_accumulate,0.017219424,0.017219555
12,123,receive_authenticate_accumulate,0.017279275,0.017248315
12,123,reading_commitment_and_shares,0.026280128,0.026238056
12,123,receive_authenticate_accumulate,0.017227683,0.017227704
12,123,receive_authenticate_accumulate,0.017264183,0.017239778
12,123,receive_authenticate_accumulate,0.017244831,0.017244907
12,123,receive_authenticate_accumulate,0.017217276,0.017217074
12,123,receive_authenticate_accumulate,0.017236720,0.017236796
12,123,receive_authenticate_accumulate,0.017227943,0.017227759
12,123,receive_authenticate_accumulate,0.017224776,0.017224703
12,123,receive_authenticate_accumulate,0.017273683,0.017238315
12,123,receive_authenticate_accumulate,0.017226554,0.017226611
12,123,round_coverage,0.000003889,0.000003259
12,124,round_reset,0.000009278,0.000007722
12,124,receive_authenticate_accumulate,0.017221207,0.017221148
12,124,receive_authenticate_accumulate,0.017222114,0.017221834
12,124,receive_authenticate_accumulate,0.017225226,0.017225148
12,124,receive_authenticate_accumulate,0.017243614,0.017243944
12,124,receive_authenticate_accumulate,0.017231503,0.017231463
12,124,receive_authenticate_accumulate,0.017220708,0.017220797
12,124,receive_authenticate_accumulate,0.017228837,0.017228851
12,124,receive_authenticate_accumulate,0.017224207,0.017224129
12,124,receive_authenticate_accumulate,0.017219004,0.017219055
12,124,receive_authenticate_accumulate,0.017222875,0.017222796
12,124,receive_authenticate_accumulate,0.017242726,0.017230241
12,124,reading_commitment_and_shares,0.026208619,0.026208352
12,124,receive_authenticate_accumulate,0.017301762,0.017246242
12,124,receive_authenticate_accumulate,0.017236800,0.017236703
12,124,receive_authenticate_accumulate,0.017223800,0.017223796
12,124,receive_authenticate_accumulate,0.017227337,0.017227315
12,124,receive_authenticate_accumulate,0.017225819,0.017225796
12,124,receive_authenticate_accumulate,0.017231189,0.017231259
12,124,receive_authenticate_accumulate,0.017334132,0.017305371
12,124,receive_authenticate_accumulate,0.017269855,0.017241295
12,124,receive_authenticate_accumulate,0.017232838,0.017232944
12,124,round_coverage,0.000004149,0.000003370
12,125,round_reset,0.000010574,0.000008907
12,125,receive_authenticate_accumulate,0.017225675,0.017225797
12,125,receive_authenticate_accumulate,0.017223638,0.017223482
12,125,receive_authenticate_accumulate,0.017263952,0.017239444
12,125,receive_authenticate_accumulate,0.017222583,0.017222685
12,125,receive_authenticate_accumulate,0.017231176,0.017231167
12,125,receive_authenticate_accumulate,0.017222472,0.017222593
12,125,receive_authenticate_accumulate,0.017240805,0.017240685
12,125,receive_authenticate_accumulate,0.017237490,0.017237481
12,125,receive_authenticate_accumulate,0.017222750,0.017222741
12,125,receive_authenticate_accumulate,0.017234657,0.017234685
12,125,receive_authenticate_accumulate,0.017217991,0.017217981
12,125,reading_commitment_and_shares,0.026288237,0.026248519
12,125,receive_authenticate_accumulate,0.017227916,0.017227852
12,125,receive_authenticate_accumulate,0.017232324,0.017232315
12,125,receive_authenticate_accumulate,0.025883430,0.025867259
12,125,receive_authenticate_accumulate,0.017224066,0.017223425
12,125,receive_authenticate_accumulate,0.017227843,0.017227889
12,125,receive_authenticate_accumulate,0.017224843,0.017224871
12,125,receive_authenticate_accumulate,0.017225565,0.017225241
12,125,receive_authenticate_accumulate,0.017231824,0.017231815
12,125,receive_authenticate_accumulate,0.017224473,0.017224704
12,125,round_coverage,0.000004389,0.000003425
12,126,round_reset,0.000010296,0.000008963
12,126,receive_authenticate_accumulate,0.017232661,0.017232722
12,126,receive_authenticate_accumulate,0.017227643,0.017227704
12,126,receive_authenticate_accumulate,0.017221828,0.017221982
12,126,receive_authenticate_accumulate,0.017222162,0.017222167
12,126,receive_authenticate_accumulate,0.017231402,0.017231370
12,126,receive_authenticate_accumulate,0.017255477,0.017237703
12,126,receive_authenticate_accumulate,0.017234903,0.017234852
12,126,receive_authenticate_accumulate,0.017217699,0.017217648
12,126,receive_authenticate_accumulate,0.017224218,0.017224148
12,126,receive_authenticate_accumulate,0.017234051,0.017233871
12,126,receive_authenticate_accumulate,0.017258458,0.017258796
12,126,reading_commitment_and_shares,0.026257894,0.026258000
12,126,receive_authenticate_accumulate,0.017263495,0.017234648
12,126,receive_authenticate_accumulate,0.017224311,0.017224260
12,126,receive_authenticate_accumulate,0.017235200,0.017235370
12,126,receive_authenticate_accumulate,0.017220551,0.017220777
12,126,receive_authenticate_accumulate,0.017223867,0.017223944
12,126,receive_authenticate_accumulate,0.017218256,0.017218241
12,126,receive_authenticate_accumulate,0.017226496,0.017226519
12,126,receive_authenticate_accumulate,0.017276254,0.017251649
12,126,receive_authenticate_accumulate,0.017228552,0.017228481
12,126,round_coverage,0.000004833,0.000004185
12,127,round_reset,0.000010444,0.000009130
12,127,receive_authenticate_accumulate,0.017232315,0.017232130
12,127,receive_authenticate_accumulate,0.017270943,0.017242482
12,127,receive_authenticate_accumulate,0.017226277,0.017226204
12,127,receive_authenticate_accumulate,0.017226852,0.017226834
12,127,receive_authenticate_accumulate,0.017226574,0.017226574
12,127,receive_authenticate_accumulate,0.017228871,0.017228944
12,127,receive_authenticate_accumulate,0.017227556,0.017227574
12,127,receive_authenticate_accumulate,0.017220630,0.017220667
12,127,receive_authenticate_accumulate,0.017223723,0.017223593
12,127,receive_authenticate_accumulate,0.017217704,0.017217815
12,127,receive_authenticate_accumulate,0.017225500,0.017225592
12,127,reading_commitment_and_shares,0.026290827,0.026254832
12,127,receive_authenticate_accumulate,0.017216649,0.017216760
12,127,receive_authenticate_accumulate,0.017258426,0.017241204
12,127,receive_authenticate_accumulate,0.017225908,0.017225852
12,127,receive_authenticate_accumulate,0.017266834,0.017267240
12,127,receive_authenticate_accumulate,0.017222019,0.017222037
12,127,receive_authenticate_accumulate,0.017274000,0.017245963
12,127,receive_authenticate_accumulate,0.017228649,0.017228574
12,127,receive_authenticate_accumulate,0.017235390,0.017235297
12,127,receive_authenticate_accumulate,0.017221131,0.017221037
12,127,round_coverage,0.000004203,0.000003408
12,128,round_reset,0.000010370,0.000008852
12,128,receive_authenticate_accumulate,0.017238653,0.017238556
12,128,receive_authenticate_accumulate,0.017227578,0.017227667
12,128,receive_authenticate_accumulate,0.017226542,0.017226648
12,128,receive_authenticate_accumulate,0.017309966,0.017273964
12,128,receive_authenticate_accumulate,0.017267856,0.017238499
12,128,receive_authenticate_accumulate,0.017225690,0.017225648
12,128,receive_authenticate_accumulate,0.017225690,0.017225537
12,128,receive_authenticate_accumulate,0.017223209,0.017222926
12,128,receive_authenticate_accumulate,0.017225505,0.017225592
12,128,receive_authenticate_accumulate,0.017230450,0.017230407
12,128,receive_authenticate_accumulate,0.017223135,0.017223074
12,128,reading_commitment_and_shares,0.026210279,0.026210389
12,128,receive_authenticate_accumulate,0.017242542,0.017242203
12,128,receive_authenticate_accumulate,0.017231801,0.017231833
12,128,receive_authenticate_accumulate,0.017216987,0.017217185
12,128,receive_authenticate_accumulate,0.017223968,0.017223648
12,128,receive_authenticate_accumulate,0.017233264,0.017233296
12,128,receive_authenticate_accumulate,0.017220968,0.017221037
12,128,receive_authenticate_accumulate,0.017258301,0.017258462
12,128,receive_authenticate_accumulate,0.017302189,0.017267223
12,128,receive_authenticate_accumulate,0.017261986,0.017235388
12,128,round_coverage,0.000004148,0.000003519
12,129,round_reset,0.000009000,0.000007685
12,129,receive_authenticate_accumulate,0.017227916,0.017228185
12,129,receive_authenticate_accumulate,0.017234065,0.017234092
12,129,receive_authenticate_accumulate,0.017227102,0.017227018
12,129,receive_authenticate_accumulate,0.017221694,0.017221667
12,129,receive_authenticate_accumulate,0.017226768,0.017226834
12,129,receive_authenticate_accumulate,0.017263471,0.017238870
12,129,receive_authenticate_accumulate,0.017223527,0.017223463
12,129,receive_authenticate_accumulate,0.017247620,0.017247963
12,129,receive_authenticate_accumulate,0.017221139,0.017221204
12,129,receive_authenticate_accumulate,0.017221676,0.017221593
12,129,receive_authenticate_accumulate,0.017229676,0.017229574
12,129,reading_commitment_and_shares,0.026218378,0.026218740
12,129,receive_authenticate_accumulate,0.017223269,0.017223371
12,129,receive_authenticate_accumulate,0.017233491,0.017233445
12,129,receive_authenticate_accumulate,0.017221936,0.017221870
12,129,receive_authenticate_accumulate,0.017225565,0.017225463
12,129,receive_authenticate_accumulate,0.017218732,0.017218722
12,129,receive_authenticate_accumulate,0.017225825,0.017225777
12,129,receive_authenticate_accumulate,0.017219676,0.017219611
12,129,receive_authenticate_accumulate,0.017227361,0.017227574
12,129,receive_authenticate_accumulate,0.017226640,0.017226704
12,129,round_coverage,0.000004018,0.000003037
13,130,period_reset,0.000025110,0.000023778
13,130,receive_authenticate_accumulate,0.000094795,0.000094278
13,130,receive_authenticate_accumulate,0.000091369,0.000090944
13,130,receive_authenticate_accumulate,0.000090443,0.000089852
13,130,receive_authenticate_accumulate,0.000091961,0.000091352
13,130,receive_authenticate_accumulate,0.000089591,0.000089148
13,130,receive_authenticate_accumulate,0.000091387,0.000090574
13,130,receive_authenticate_accumulate,0.000091795,0.000091130
13,130,receive_authenticate_accumulate,0.000092665,0.000092092
13,130,receive_authenticate_accumulate,0.000068647,0.000068296
13,130,receive_authenticate_accumulate,0.000069498,0.000069037
13,130,receive_authenticate_accumulate,0.000070351,0.000070019
13,130,randomness_commit,0.000613879,0.000613574
13,130,receive_authenticate_accumulate,0.000066813,0.000066333
13,130,receive_authenticate_accumulate,0.000069481,0.000069111
13,130,receive_authenticate_accumulate,0.000069647,0.000069149
13,130,receive_authenticate_accumulate,0.000069073,0.000068630
13,130,receive_authenticate_accumulate,0.000069203,0.000068740
13,130,receive_authenticate_accumulate,0.000101628,0.000101352
13,130,receive_authenticate_accumulate,0.000069518,0.000069074
13,130,receive_authenticate_accumulate,0.000069055,0.000068556
13,130,receive_authenticate_accumulate,0.000069258,0.000068741
13,130,receive_authenticate_accumulate,0.000082369,0.000081944
13,130,receive_authenticate_accumulate,0.000082739,0.000082333
13,130,receive_authenticate_accumulate,0.000082573,0.000082241
13,130,receive_authenticate_accumulate,0.000086629,0.000086130
13,130,receive_authenticate_accumulate,0.000081092,0.000080889
13,130,receive_authenticate_accumulate,0.000082462,0.000081759
13,130,receive_authenticate_accumulate,0.000082461,0.000082130
13,130,receive_authenticate_accumulate,0.000082851,0.000082444
13,130,receive_authenticate_accumulate,0.000084073,0.000083667
13,130,receive_authenticate_accumulate,0.000083869,0.000082685
13,130,receive_authenticate_accumulate,0.000068314,0.000068278
13,130,randomness_reveal,0.000448122,0.000447463
13,130,receive_authenticate_accumulate,0.000062295,0.000062037
13,130,receive_authenticate_accumulate,0.000067480,0.000067148
13,130,receive_authenticate_accumulate,0.000070018,0.000069723
13,130,receive_authenticate_accumulate,0.000068295,0.000067574
13,130,receive_authenticate_accumulate,0.000068221,0.000067667
13,130,receive_authenticate_accumulate,0.000068610,0.000068297
13,130,receive_authenticate_accumulate,0.000069314,0.000069037
13,130,receive_authenticate_accumulate,0.000068480,0.000068278
13,130,receive_authenticate_accumulate,0.000067091,0.000066722
13,130,committee_selection,0.000128090,0.000127649
13,130,round_reset,0.000006148,0.000005000
13,130,receive_authenticate_accumulate,0.017230754,0.017230445
13,130,receive_authenticate_accumulate,0.017226625,0.017226537
13,130,receive_authenticate_accumulate,0.017227162,0.017227074
13,130,receive_authenticate_accumulate,0.017237198,0.017237055
13,130,receive_authenticate_accumulate,0.017218439,0.017218370
13,130,receive_authenticate_accumulate,0.017259142,0.017230149
13,130,receive_authenticate_accumulate,0.017229791,0.017229740
13,130,receive_authenticate_accumulate,0.017226050,0.017225963
13,130,receive_authenticate_accumulate,0.017214383,0.017214444
13,130,receive_authenticate_accumulate,0.017222328,0.017222204
13,130,receive_authenticate_accumulate,0.017226717,0.017226740
13,130,reading_commitment_and_shares,0.026244088,0.026244555
13,130,receive_authenticate_accumulate,0.017222458,0.017222444
13,130,receive_authenticate_accumulate,0.017234791,0.017234463
13,130,receive_authenticate_accumulate,0.017221106,0.017221111
13,130,receive_authenticate_accumulate,0.017232513,0.017232796
13,130,receive_authenticate_accumulate,0.017230865,0.017230833
13,130,receive_authenticate_accumulate,0.017224866,0.017224852
13,130,receive_authenticate_accumulate,0.017220310,0.017220277
13,130,receive_authenticate_accumulate,0.017281809,0.017254370
13,130,receive_authenticate_accumulate,0.017228773,0.017228797
13,130,round_coverage,0.000004019,0.000003352
13,131,round_reset,0.000010093,0.000007945
13,131,receive_authenticate_accumulate,0.017291830,0.017264556
13,131,receive_authenticate_accumulate,0.017230702,0.017230686
13,131,receive_authenticate_accumulate,0.017235090,0.017234962
13,131,receive_authenticate_accumulate,0.017216665,0.017216611
13,131,receive_authenticate_accumulate,0.017233646,0.017228500
13,131,receive_authenticate_accumulate,0.017233943,0.017233814
13,131,receive_authenticate_accumulate,0.017221240,0.017221296
13,131,receive_authenticate_accumulate,0.017225703,0.017225425
13,131,receive_authenticate_accumulate,0.017226592,0.017226611
13,131,receive_authenticate_accumulate,0.017231073,0.017231018
13,131,receive_authenticate_accumulate,0.017234536,0.017234815
13,131,reading_commitment_and_shares,0.026252241,0.026222630
13,131,receive_authenticate_accumulate,0.017222536,0.017222482
13,131,receive_authenticate_accumulate,0.017227573,0.017227759
13,131,receive_authenticate_accumulate,0.017223888,0.017223815
13,131,receive_authenticate_accumulate,0.017241962,0.017242259
13,131,receive_authenticate_accumulate,0.017235110,0.017235167
13,131,receive_authenticate_accumulate,0.017227888,0.017227722
13,131,receive_authenticate_accumulate,0.017220499,0.017220537
13,131,receive_authenticate_accumulate,0.017228073,0.017228203
13,131,receive_authenticate_accumulate,0.017233537,0.017233518
13,131,round_coverage,0.000004241,0.000003444
13,132,round_reset,0.000009445,0.000007945
13,132,receive_authenticate_accumulate,0.017266112,0.017245778
13,132,receive_authenticate_accumulate,0.017224409,0.017224315
13,132,receive_authenticate_accumulate,0.017221446,0.017221408
13,132,receive_authenticate_accumulate,0.017221131,0.017221241
13,132,receive_authenticate_accumulate,0.017237576,0.017237444
13,132,receive_authenticate_accumulate,0.017223409,0.017223296
13,132,receive_authenticate_accumulate,0.017220780,0.017220796
13,132,receive_authenticate_accumulate,0.017221854,0.017221648
13,132,receive_authenticate_accumulate,0.017290353,0.017259409
13,132,receive_authenticate_accumulate,0.017235131,0.017235130
13,132,receive_authenticate_accumulate,0.017233187,0.017233092
13,132,reading_commitment_and_shares,0.026264746,0.026234926
13,132,receive_authenticate_accumulate,0.017228743,0.017228611
13,132,receive_authenticate_accumulate,0.017267020,0.017245796
13,132,receive_authenticate_accumulate,0.017225687,0.017225759
13,132,receive_authenticate_accumulate,0.017228354,0.017228407
13,132,receive_authenticate_accumulate,0.017284057,0.017261778
13,132,receive_authenticate_accumulate,0.017228096,0.017228074
13,132,receive_authenticate_accumulate,0.017297039,0.017276260
13,132,receive_authenticate_accumulate,0.017231670,0.017231703
13,132,receive_authenticate_accumulate,0.017219207,0.017219111
13,132,round_coverage,0.000003871,0.000003148
13,133,round_reset,0.000009981,0.000008463
13,133,receive_authenticate_accumulate,0.017282320,0.017252574
13,133,receive_authenticate_accumulate,0.017231913,0.017231815
13,133,receive_authenticate_accumulate,0.017218061,0.017217926
13,133,receive_authenticate_accumulate,0.017226042,0.017225889
13,133,receive_authenticate_accumulate,0.017237413,0.017237445
13,133,receive_authenticate_accumulate,0.017241802,0.017241870
13,133,receive_authenticate_accumulate,0.017222246,0.017222314
13,133,receive_authenticate_accumulate,0.017220765,0.017220778
13,133,receive_authenticate_accumulate,0.017227524,0.017227518
13,133,receive_authenticate_accumulate,0.017232561,0.017232630
13,133,receive_authenticate_accumulate,0.017261653,0.017237666
13,133,reading_commitment_and_shares,0.026219771,0.026219945
13,133,receive_authenticate_accumulate,0.017295449,0.017255963
13,133,receive_authenticate_accumulate,0.017228802,0.017228777
13,133,receive_authenticate_accumulate,0.017265690,0.017246611
13,133,receive_authenticate_accumulate,0.017223525,0.017223778
13,133,receive_authenticate_accumulate,0.017289301,0.017256870
13,133,receive_authenticate_accumulate,0.017285912,0.017242962
13,133,receive_authenticate_accumulate,0.017239914,0.017240018
13,133,receive_authenticate_accumulate,0.017230265,0.017230204
13,133,receive_authenticate_accumulate,0.017227432,0.017227260
13,133,round_coverage,0.000004092,0.000003426
13,134,round_reset,0.000009981,0.000008370
13,134,receive_authenticate_accumulate,0.017240637,0.017240611
13,134,receive_authenticate_accumulate,0.017233120,0.017233129
13,134,receive_authenticate_accumulate,0.017222582,0.017222499
13,134,receive_authenticate_accumulate,0.017217842,0.017217926
13,134,receive_authenticate_accumulate,0.017228342,0.017228315
13,134,receive_authenticate_accumulate,0.017225916,0.017225796
13,134,receive_authenticate_accumulate,0.017224194,0.017224222
13,134,receive_authenticate_accumulate,0.017223509,0.017223482
13,134,receive_authenticate_accumulate,0.017239139,0.017238926
13,134,receive_authenticate_accumulate,0.017256064,0.017239851
13,134,receive_authenticate_accumulate,0.017228491,0.017228519
13,134,reading_commitment_and_shares,0.026262756,0.026263000
13,134,receive_authenticate_accumulate,0.017222269,0.017222074
13,134,receive_authenticate_accumulate,0.017225546,0.017225648
13,134,receive_authenticate_accumulate,0.017221713,0.017222000
13,134,receive_authenticate_accumulate,0.017225342,0.017225241
13,134,receive_authenticate_accumulate,0.017227657,0.017227537
13,134,receive_authenticate_accumulate,0.017226102,0.017231259
13,134,receive_authenticate_accumulate,0.017229731,0.017229648
13,134,receive_authenticate_accumulate,0.017228083,0.017228000
13,134,receive_authenticate_accumulate,0.017262842,0.017239389
13,134,round_coverage,0.000004259,0.000003555
13,135,round_reset,0.000009500,0.000007796
13,135,receive_authenticate_accumulate,0.017229826,0.017229741
13,135,receive_authenticate_accumulate,0.017256992,0.017256888
13,135,receive_authenticate_accumulate,0.017224641,0.017224630
13,135,receive_authenticate_accumulate,0.017224938,0.017225092
13,135,receive_authenticate_accumulate,0.017242418,0.017242408
13,135,receive_authenticate_accumulate,0.017227030,0.017226888
13,135,receive_authenticate_accumulate,0.017218327,0.017218185
13,135,receive_authenticate_accumulate,0.017293863,0.017238777
13,135,receive_authenticate_accumulate,0.017265252,0.017244648
13,135,receive_authenticate_accumulate,0.017288011,0.017250908
13,135,receive_authenticate_accumulate,0.017235734,0.017235797
13,135,reading_commitment_and_shares,0.026224576,0.026224537
13,135,receive_authenticate_accumulate,0.017260882,0.017238018
13,135,receive_authenticate_accumulate,0.017239308,0.017239389
13,135,receive_authenticate_accumulate,0.017235308,0.017235222
13,135,receive_authenticate_accumulate,0.017277030,0.017250369
13,135,receive_authenticate_accumulate,0.017231049,0.017230981
13,135,receive_authenticate_accumulate,0.017226530,0.017226037
13,135,receive_authenticate_accumulate,0.017222327,0.017222315
13,135,receive_authenticate_accumulate,0.017227753,0.017227815
13,135,receive_authenticate_accumulate,0.017222346,0.017222407
13,135,round_coverage,0.000003944,0.000003111
13,136,round_reset,0.000009333,0.000007834
13,136,receive_authenticate_accumulate,0.017225644,0.017225445
13,136,receive_authenticate_accumulate,0.017230051,0.017229870
13,136,receive_authenticate_accumulate,0.017259070,0.017237055
13,136,receive_authenticate_accumulate,0.017236107,0.017236056
13,136,receive_authenticate_accumulate,0.017222182,0.017222037
13,136,receive_authenticate_accumulate,0.017227163,0.017227092
13,136,receive_authenticate_accumulate,0.017235719,0.017235296
13,136,receive_authenticate_accumulate,0.017232329,0.017232185
13,136,receive_authenticate_accumulate,0.017229403,0.017229167
13,136,receive_authenticate_accumulate,0.017250219,0.017250370
13,136,receive_authenticate_accumulate,0.017215848,0.017216129
13,136,reading_commitment_and_shares,0.026218211,0.026218537
13,136,receive_authenticate_accumulate,0.017217163,0.017217481
13,136,receive_authenticate_accumulate,0.017237607,0.017237556
13,136,receive_authenticate_accumulate,0.017224867,0.017224648
13,136,receive_authenticate_accumulate,0.017227496,0.017227370
13,136,receive_authenticate_accumulate,0.017225811,0.017225834
13,136,receive_authenticate_accumulate,0.017223293,0.017223314
13,136,receive_authenticate_accumulate,0.017263348,0.017243000
13,136,receive_authenticate_accumulate,0.017247922,0.017247833
13,136,receive_authenticate_accumulate,0.017222941,0.017222833
13,136,round_coverage,0.000004000,0.000003352
13,137,round_reset,0.000009499,0.000007777
13,137,receive_authenticate_accumulate,0.017273683,0.017244296
13,137,receive_authenticate_accumulate,0.017239998,0.017240092
13,137,receive_authenticate_accumulate,0.017228795,0.017228797
13,137,receive_authenticate_accumulate,0.017227647,0.017227500
13,137,receive_authenticate_accumulate,0.017232443,0.017227149
13,137,receive_authenticate_accumulate,0.017225183,0.017225130
13,137,receive_authenticate_accumulate,0.017228314,0.017228296
13,137,receive_authenticate_accumulate,0.017262313,0.017238425
13,137,receive_authenticate_accumulate,0.017250017,0.017250093
13,137,receive_authenticate_accumulate,0.017234573,0.017234519
13,137,receive_authenticate_accumulate,0.017312479,0.017272001
13,137,reading_commitment_and_shares,0.026261603,0.026233722
13,137,receive_authenticate_accumulate,0.017218851,0.017219037
13,137,receive_authenticate_accumulate,0.017320794,0.017265297
13,137,receive_authenticate_accumulate,0.017232295,0.017232240
13,137,receive_authenticate_accumulate,0.017228295,0.017228203
13,137,receive_authenticate_accumulate,0.017272739,0.017249111
13,137,receive_authenticate_accumulate,0.017231407,0.017231333
13,137,receive_authenticate_accumulate,0.017242332,0.017242148
13,137,receive_authenticate_accumulate,0.017230795,0.017230815
13,137,receive_authenticate_accumulate,0.017229388,0.017229407
13,137,round_coverage,0.000004167,0.000003407
13,138,round_reset,0.000009445,0.000007908
13,138,receive_authenticate_accumulate,0.017233130,0.017233259
13,138,receive_authenticate_accumulate,0.017236593,0.017236611
13,138,receive_authenticate_accumulate,0.017229779,0.017229555
13,138,receive_authenticate_accumulate,0.017263889,0.017238778
13,138,receive_authenticate_accumulate,0.017226557,0.017226352
13,138,receive_authenticate_accumulate,0.017222613,0.017222463
13,138,receive_authenticate_accumulate,0.017226409,0.017226333
13,138,receive_authenticate_accumulate,0.017222834,0.017222851
13,138,receive_authenticate_accumulate,0.017229983,0.017229907
13,138,receive_authenticate_accumulate,0.017220928,0.017220945
13,138,receive_authenticate_accumulate,0.017255372,0.017255278
13,138,reading_commitment_and_shares,0.026297013,0.026297630
13,138,receive_authenticate_accumulate,0.017221706,0.017221833
13,138,receive_authenticate_accumulate,0.017232853,0.017232870
13,138,receive_authenticate_accumulate,0.017227464,0.017227407
13,138,receive_authenticate_accumulate,0.017222150,0.017222204
13,138,receive_authenticate_accumulate,0.017226595,0.017226537
13,138,receive_authenticate_accumulate,0.017220927,0.017220777
13,138,receive_authenticate_accumulate,0.017220150,0.017220055
13,138,receive_authenticate_accumulate,0.017225205,0.017224796
13,138,receive_authenticate_accumulate,0.017260779,0.017235296
13,138,round_coverage,0.000004370,0.000003556
13,139,round_reset,0.000010036,0.000008629
13,139,receive_authenticate_accumulate,0.017265170,0.017265481
13,139,receive_authenticate_accumulate,0.017238707,0.017238703
13,139,receive_authenticate_accumulate,0.017268243,0.017247223
13,139,receive_authenticate_accumulate,0.017217411,0.017217407
13,139,receive_authenticate_accumulate,0.017219986,0.017219981
13,139,receive_authenticate_accumulate,0.017232837,0.017232833
13,139,receive_authenticate_accumulate,0.017226133,0.017226334
13,139,receive_authenticate_accumulate,0.017261818,0.017240093
13,139,receive_authenticate_accumulate,0.017227356,0.017227407
13,139,receive_authenticate_accumulate,0.017232152,0.017232278
13,139,receive_authenticate_accumulate,0.017237745,0.017237722
13,139,reading_commitment_and_shares,0.026222537,0.026222759
13,139,receive_authenticate_accumulate,0.017220226,0.017220259
13,139,receive_authenticate_accumulate,0.017233744,0.017233352
13,139,receive_authenticate_accumulate,0.017219689,0.017219703
13,139,receive_authenticate_accumulate,0.017277429,0.017277185
13,139,receive_authenticate_accumulate,0.017223430,0.017223407
13,139,receive_authenticate_accumulate,0.017224374,0.017224426
13,139,receive_authenticate_accumulate,0.017222430,0.017222463
13,139,receive_authenticate_accumulate,0.017221300,0.017221204
13,139,receive_authenticate_accumulate,0.017224690,0.017224778
13,139,round_coverage,0.000004185,0.000003481
14,140,period_reset,0.000024925,0.000023352
14,140,receive_authenticate_accumulate,0.000093814,0.000093556
14,140,receive_authenticate_accumulate,0.000091647,0.000091500
14,140,receive_authenticate_accumulate,0.000092535,0.000092166
14,140,receive_authenticate_accumulate,0.000090258,0.000089944
14,140,receive_authenticate_accumulate,0.000126294,0.000125574
14,140,receive_authenticate_accumulate,0.000089888,0.000089630
14,140,receive_authenticate_accumulate,0.000092091,0.000091685
14,140,receive_authenticate_accumulate,0.000091498,0.000091000
14,140,receive_authenticate_accumulate,0.000069666,0.000069278
14,140,receive_authenticate_accumulate,0.000070684,0.000070519
14,140,receive_authenticate_accumulate,0.000068184,0.000068111
14,140,randomness_commit,0.000609195,0.000608962
14,140,receive_authenticate_accumulate,0.000067702,0.000067537
14,140,receive_authenticate_accumulate,0.000070592,0.000070315
14,140,receive_authenticate_accumulate,0.000069443,0.000069000
14,140,receive_authenticate_accumulate,0.000069722,0.000069351
14,140,receive_authenticate_accumulate,0.000067165,0.000066797
14,140,receive_authenticate_accumulate,0.000069462,0.000069186
14,140,receive_authenticate_accumulate,0.000069351,0.000068981
14,140,receive_authenticate_accumulate,0.000069722,0.000069425
14,140,receive_authenticate_accumulate,0.000068332,0.000068018
14,140,receive_authenticate_accumulate,0.000084554,0.000084277
14,140,receive_authenticate_accumulate,0.000084851,0.000084649
14,140,receive_authenticate_accumulate,0.000085055,0.000084852
14,140,receive_authenticate_accumulate,0.000084036,0.000083703
14,140,receive_authenticate_accumulate,0.000084258,0.000083852
14,140,receive_authenticate_accumulate,0.000084184,0.000083759
14,140,receive_authenticate_accumulate,0.000083684,0.000083241
14,140,receive_authenticate_accumulate,0.000085406,0.000085019
14,140,receive_authenticate_accumulate,0.000085462,0.000085038
14,140,receive_authenticate_accumulate,0.000070018,0.000069723
14,140,receive_authenticate_accumulate,0.000069573,0.000069260
14,140,randomness_reveal,0.000452568,0.000452019
14,140,receive_authenticate_accumulate,0.000066685,0.000066445
14,140,receive_authenticate_accumulate,0.000067480,0.000067222
14,140,receive_authenticate_accumulate,0.000069240,0.000068870
14,140,receive_authenticate_accumulate,0.000069092,0.000068555
14,140,receive_authenticate_accumulate,0.000068536,0.000068056
14,140,receive_authenticate_accumulate,0.000068851,0.000068722
14,140,receive_authenticate_accumulate,0.000068850,0.000068371
14,140,receive_authenticate_accumulate,0.000070591,0.000070241
14,140,receive_authenticate_accumulate,0.000070314,0.000070075
14,140,committee_selection,0.000128091,0.000127741
14,140,round_reset,0.000006482,0.000005741
14,140,receive_authenticate_accumulate,0.017229450,0.017229537
14,140,receive_authenticate_accumulate,0.000057536,0.000057334
14,140,receive_authenticate_accumulate,0.017228265,0.017228333
14,140,receive_authenticate_accumulate,0.000056407,0.000056018
14,140,receive_authenticate_accumulate,0.017230506,0.017230333
14,140,receive_authenticate_accumulate,0.000057185,0.000056815
14,140,receive_authenticate_accumulate,0.017241783,0.017242037
14,140,receive_authenticate_accumulate,0.000056573,0.000056259
14,140,receive_authenticate_accumulate,0.017263154,0.017237519
14,140,receive_authenticate_accumulate,0.000057888,0.000057592
14,140,receive_authenticate_accumulate,0.017218746,0.017218778
14,140,receive_authenticate_accumulate,0.000056037,0.000055648
14,140,receive_authenticate_accumulate,0.017228598,0.017228704
14,140,receive_authenticate_accumulate,0.000055518,0.000055185
14,140,receive_authenticate_accumulate,0.017226210,0.017226111
14,140,receive_authenticate_accumulate,0.000059000,0.000058796
14,140,receive_authenticate_accumulate,0.017217858,0.017218018
14,140,receive_authenticate_accumulate,0.000056833,0.000056629
14,140,receive_authenticate_accumulate,0.017265746,0.017235425
14,140,receive_authenticate_accumulate,0.000057388,0.000057111
14,140,receive_authenticate_accumulate,0.017223488,0.017223296
14,140,receive_authenticate_accumulate,0.000056425,0.000056167
14,140,reading_commitment_and_shares,0.026236985,0.026237426
14,140,receive_authenticate_accumulate,0.017225691,0.017225871
14,140,receive_authenticate_accumulate,0.000055203,0.000054778
14,140,receive_authenticate_accumulate,0.017229432,0.017229426
14,140,receive_authenticate_accumulate,0.000079480,0.000079297
14,140,receive_authenticate_accumulate,0.017220969,0.017220685
14,140,receive_authenticate_accumulate,0.000056314,0.000056018
14,140,receive_authenticate_accumulate,0.017217210,0.017217352
14,140,receive_authenticate_accumulate,0.000056073,0.000055759
14,140,receive_authenticate_accumulate,0.017221747,0.017221500
14,140,receive_authenticate_accumulate,0.000056166,0.000055815
14,140,receive_authenticate_accumulate,0.017225433,0.017225574
14,140,receive_authenticate_accumulate,0.000060091,0.000059760
14,140,receive_authenticate_accumulate,0.017229506,0.017229444
14,140,receive_authenticate_accumulate,0.000056628,0.000056167
14,140,receive_authenticate_accumulate,0.017235747,0.017235945
14,140,receive_authenticate_accumulate,0.000057073,0.000056760
14,140,receive_authenticate_accumulate,0.017225118,0.017225222
14,140,receive_authenticate_accumulate,0.000055648,0.000055333
14,140,round_coverage,0.000003277,0.000002630
14,140,spatial_report,0.000040777,0.000040056
14,141,round_reset,0.000010019,0.000008630
14,141,receive_authenticate_accumulate,0.017269285,0.017244611
14,141,receive_authenticate_accumulate,0.000057055,0.000056760
14,141,receive_authenticate_accumulate,0.017222360,0.017222296
14,141,receive_authenticate_accumulate,0.000058184,0.000057611
14,141,receive_authenticate_accumulate,0.017217138,0.017217018
14,141,receive_authenticate_accumulate,0.000057314,0.000057111
14,141,receive_authenticate_accumulate,0.017232175,0.017232092
14,141,receive_authenticate_accumulate,0.000058407,0.000058092
14,141,receive_authenticate_accumulate,0.017230601,0.017230593
14,141,receive_authenticate_accumulate,0.000057555,0.000057333
14,141,receive_authenticate_accumulate,0.017223934,0.017223944
14,141,receive_authenticate_accumulate,0.000057425,0.000057297
14,141,receive_authenticate_accumulate,0.017223934,0.017223926
14,141,receive_authenticate_accumulate,0.000056185,0.000055666
14,141,receive_authenticate_accumulate,0.017324359,0.017267204
14,141,receive_authenticate_accumulate,0.000057925,0.000057482
14,141,receive_authenticate_accumulate,0.017236730,0.017236814
14,141,receive_authenticate_accumulate,0.000056703,0.000056222
14,141,receive_authenticate_accumulate,0.017217860,0.017217981
14,141,receive_authenticate_accumulate,0.000057795,0.000057352
14,141,receive_authenticate_accumulate,0.017224934,0.017224871
14,141,receive_authenticate_accumulate,0.000057110,0.000056833
14,141,reading_commitment_and_shares,0.026239099,0.026213555
14,141,receive_authenticate_accumulate,0.017220601,0.017220425
14,141,receive_authenticate_accumulate,0.000056814,0.000056389
14,141,receive_authenticate_accumulate,0.017226953,0.017226926
14,141,receive_authenticate_accumulate,0.000057739,0.000057370
14,141,receive_authenticate_accumulate,0.017220897,0.017220870
14,141,receive_authenticate_accumulate,0.000057851,0.000057408
14,141,receive_authenticate_accumulate,0.017227582,0.017227481
14,141,receive_authenticate_accumulate,0.000056536,0.000056185
14,141,receive_authenticate_accumulate,0.017273100,0.017246703
14,141,receive_authenticate_accumulate,0.000058240,0.000057908
14,141,receive_authenticate_accumulate,0.017212897,0.017212926
14,141,receive_authenticate_accumulate,0.000056536,0.000056370
14,141,receive_authenticate_accumulate,0.017226452,0.017226204
14,141,receive_authenticate_accumulate,0.000056184,0.000055852
14,141,receive_authenticate_accumulate,0.017227175,0.017227111
14,141,receive_authenticate_accumulate,0.000057684,0.000057278
14,141,receive_authenticate_accumulate,0.017235527,0.017235444
14,141,receive_authenticate_accumulate,0.000056314,0.000056000
14,141,round_coverage,0.000003037,0.000002537
14,141,spatial_report,0.000039777,0.000039186
14,142,round_reset,0.000010092,0.000008759
14,142,receive_authenticate_accumulate,0.017240694,0.017240481
14,142,receive_authenticate_accumulate,0.000056980,0.000056611
14,142,receive_authenticate_accumulate,0.017220306,0.017220352
14,142,receive_authenticate_accumulate,0.000057240,0.000057167
14,142,receive_authenticate_accumulate,0.017220344,0.017220203
14,142,receive_authenticate_accumulate,0.000056222,0.000055852
14,142,receive_authenticate_accumulate,0.017226399,0.017226500
14,142,receive_authenticate_accumulate,0.000078073,0.000077629
14,142,receive_authenticate_accumulate,0.017227362,0.017227389
14,142,receive_authenticate_accumulate,0.000055702,0.000055389
14,142,receive_authenticate_accumulate,0.017222177,0.017222148
14,142,receive_authenticate_accumulate,0.000054666,0.000054426
14,142,receive_authenticate_accumulate,0.017216121,0.017216037
14,142,receive_authenticate_accumulate,0.000057018,0.000056500
14,142,receive_authenticate_accumulate,0.017221269,0.017221296
14,142,receive_authenticate_accumulate,0.000055425,0.000055111
14,142,receive_authenticate_accumulate,0.017221991,0.017222185
14,142,receive_authenticate_accumulate,0.000054889,0.000054649
14,142,receive_authenticate_accumulate,0.017219825,0.017219778
14,142,receive_authenticate_accumulate,0.000054758,0.000054389
14,142,receive_authenticate_accumulate,0.017233640,0.017233407
14,142,receive_authenticate_accumulate,0.000057832,0.000057592
14,142,reading_commitment_and_shares,0.026269879,0.026246500
14,142,receive_authenticate_accumulate,0.017220288,0.017220278
14,142,receive_authenticate_accumulate,0.000055110,0.000054611
14,142,receive_authenticate_accumulate,0.017227566,0.017227703
14,142,receive_authenticate_accumulate,0.000056481,0.000056111
14,142,receive_authenticate_accumulate,0.017226436,0.017226444
14,142,receive_authenticate_accumulate,0.000055351,0.000054945
14,142,receive_authenticate_accumulate,0.017220344,0.017220240
14,142,receive_authenticate_accumulate,0.000053240,0.000053222
14,142,receive_authenticate_accumulate,0.017251306,0.017234722
14,142,receive_authenticate_accumulate,0.000055851,0.000055592
14,142,receive_authenticate_accumulate,0.017220603,0.017220649
14,142,receive_authenticate_accumulate,0.000053555,0.000053426
14,142,receive_authenticate_accumulate,0.017217714,0.017217908
14,142,receive_authenticate_accumulate,0.000054074,0.000053741
14,142,receive_authenticate_accumulate,0.017217936,0.017218018
14,142,receive_authenticate_accumulate,0.000055518,0.000055092
14,142,receive_authenticate_accumulate,0.017220862,0.017220889
14,142,receive_authenticate_accumulate,0.000054314,0.000053963
14,142,round_coverage,0.000003408,0.000002945
14,142,spatial_report,0.000039092,0.000038352
14,143,round_reset,0.000008926,0.000007574
14,143,receive_authenticate_accumulate,0.017227864,0.017227852
14,143,receive_authenticate_accumulate,0.000055017,0.000054630
14,143,receive_authenticate_accumulate,0.017282344,0.017243295
14,143,receive_authenticate_accumulate,0.000055221,0.000054926
14,143,receive_authenticate_accumulate,0.017214604,0.017214685
14,143,receive_authenticate_accumulate,0.000054258,0.000053981
14,143,receive_authenticate_accumulate,0.017228234,0.017228111
14,143,receive_authenticate_accumulate,0.000055370,0.000055074
14,143,receive_authenticate_accumulate,0.017252327,0.017230315
14,143,receive_authenticate_accumulate,0.000055703,0.000055222
14,143,receive_authenticate_accumulate,0.017220420,0.017220408
14,143,receive_authenticate_accumulate,0.000054518,0.000054259
14,143,receive_authenticate_accumulate,0.017221587,0.017221629
14,143,receive_authenticate_accumulate,0.000055758,0.000055445
14,143,receive_authenticate_accumulate,0.017223141,0.017223074
14,143,receive_authenticate_accumulate,0.000055240,0.000054963
14,143,receive_authenticate_accumulate,0.017215567,0.017215537
14,143,receive_authenticate_accumulate,0.000056221,0.000055833
14,143,receive_authenticate_accumulate,0.017220086,0.017219926
14,143,receive_authenticate_accumulate,0.000054555,0.000054167
14,143,receive_authenticate_accumulate,0.017220086,0.017220056
14,143,receive_authenticate_accumulate,0.000054351,0.000054111
14,143,reading_commitment_and_shares,0.026206031,0.026206759
14,143,receive_authenticate_accumulate,0.017216735,0.017216888
14,143,receive_authenticate_accumulate,0.000055314,0.000054889
14,143,receive_authenticate_accumulate,0.017211586,0.017211389
14,143,receive_authenticate_accumulate,0.000053296,0.000053111
14,143,receive_authenticate_accumulate,0.017231123,0.017231093
14,143,receive_authenticate_accumulate,0.000060592,0.000060074
14,143,receive_authenticate_accumulate,0.017237512,0.017237370
14,143,receive_authenticate_accumulate,0.000058370,0.000057926
14,143,receive_authenticate_accumulate,0.017233901,0.017233852
14,143,receive_authenticate_accumulate,0.000056499,0.000056240
14,143,receive_authenticate_accumulate,0.017228604,0.017228611
14,143,receive_authenticate_accumulate,0.000055833,0.000055481
14,143,receive_authenticate_accumulate,0.017216882,0.017216759
14,143,receive_authenticate_accumulate,0.000056740,0.000056537
14,143,receive_authenticate_accumulate,0.017217735,0.017217704
14,143,receive_authenticate_accumulate,0.000057128,0.000056834
14,143,receive_authenticate_accumulate,0.017299067,0.017254184
14,143,receive_authenticate_accumulate,0.000055759,0.000055444
14,143,round_coverage,0.000003500,0.000002814
14,143,spatial_report,0.000040944,0.000040574
14,144,round_reset,0.000009537,0.000007852
14,144,receive_authenticate_accumulate,0.017222107,0.017222037
14,144,receive_authenticate_accumulate,0.000056055,0.000055704
14,144,receive_authenticate_accumulate,0.017216347,0.017216537
14,144,receive_authenticate_accumulate,0.000054851,0.000054963
14,144,receive_authenticate_accumulate,0.017223347,0.017223592
14,144,receive_authenticate_accumulate,0.000055443,0.000055407
14,144,receive_authenticate_accumulate,0.017226680,0.017226666
14,144,receive_authenticate_accumulate,0.000056166,0.000055889
14,144,receive_authenticate_accumulate,0.017219662,0.017219593
14,144,receive_authenticate_accumulate,0.000057240,0.000056981
14,144,receive_authenticate_accumulate,0.017228681,0.017228648
14,144,receive_authenticate_accumulate,0.000056758,0.000056537
14,144,receive_authenticate_accumulate,0.017270476,0.017248296
14,144,receive_authenticate_accumulate,0.000057018,0.000056815
14,144,receive_authenticate_accumulate,0.017284532,0.017245815
14,144,receive_authenticate_accumulate,0.000055351,0.000054889
14,144,receive_authenticate_accumulate,0.017219070,0.017219037
14,144,receive_authenticate_accumulate,0.000054554,0.000054334
14,144,receive_authenticate_accumulate,0.017221921,0.017221889
14,144,receive_authenticate_accumulate,0.000055795,0.000055555
14,144,receive_authenticate_accumulate,0.017228477,0.017228407
14,144,receive_authenticate_accumulate,0.000056036,0.000055370
14,144,reading_commitment_and_shares,0.026184756,0.026185296
14,144,receive_authenticate_accumulate,0.017221810,0.017221759
14,144,receive_authenticate_accumulate,0.000056221,0.000056000
14,144,receive_authenticate_accumulate,0.017221995,0.017222111
14,144,receive_authenticate_accumulate,0.000057814,0.000057240
14,144,receive_authenticate_accumulate,0.017228070,0.017227963
14,144,receive_authenticate_accumulate,0.000057406,0.000057000
14,144,receive_authenticate_accumulate,0.017219366,0.017219259
14,144,receive_authenticate_accumulate,0.000056203,0.000055963
14,144,receive_authenticate_accumulate,0.017222477,0.017222556
14,144,receive_authenticate_accumulate,0.000056239,0.000055907
14,144,receive_authenticate_accumulate,0.017218866,0.017218759
14,144,receive_authenticate_accumulate,0.000055240,0.000054685
14,144,receive_authenticate_accumulate,0.017246959,0.017247167
14,144,receive_authenticate_accumulate,0.000057537,0.000057426
14,144,receive_authenticate_accumulate,0.017217144,0.017217092
14,144,receive_authenticate_accumulate,0.000057018,0.000056815
14,144,receive_authenticate_accumulate,0.017253181,0.017230240
14,144,receive_authenticate_accumulate,0.000055684,0.000055371
14,144,round_coverage,0.000003314,0.000002741
14,144,spatial_report,0.000040870,0.000040407
14,145,round_reset,0.000008611,0.000007297
14,145,receive_authenticate_accumulate,0.017261755,0.017245981
14,145,receive_authenticate_accumulate,0.000056703,0.000056667
14,145,receive_authenticate_accumulate,0.017224089,0.017224037
14,145,receive_authenticate_accumulate,0.000056444,0.000056148
14,145,receive_authenticate_accumulate,0.017253570,0.017230278
14,145,receive_authenticate_accumulate,0.000056259,0.000056000
14,145,receive_authenticate_accumulate,0.017226237,0.017226241
14,145,receive_authenticate_accumulate,0.000055610,0.000055371
14,145,receive_authenticate_accumulate,0.017230015,0.017230019
14,145,receive_authenticate_accumulate,0.000056537,0.000056222
14,145,receive_authenticate_accumulate,0.017233663,0.017233703
14,145,receive_authenticate_accumulate,0.000055629,0.000055334
14,145,receive_authenticate_accumulate,0.017222238,0.017222037
14,145,receive_authenticate_accumulate,0.000058184,0.000057592
14,145,receive_authenticate_accumulate,0.017222478,0.017222315
14,145,receive_authenticate_accumulate,0.000056740,0.000056482
14,145,receive_authenticate_accumulate,0.017262626,0.017262259
14,145,receive_authenticate_accumulate,0.000056906,0.000056519
14,145,receive_authenticate_accumulate,0.017232182,0.017232185
14,145,receive_authenticate_accumulate,0.000055481,0.000055278
14,145,receive_authenticate_accumulate,0.017227626,0.017227722
14,145,receive_authenticate_accumulate,0.000057518,0.000057203
14,145,reading_commitment_and_shares,0.026204074,0.026204537
14,145,receive_authenticate_accumulate,0.017218701,0.017218648
14,145,receive_authenticate_accumulate,0.000057573,0.000056889
14,145,receive_authenticate_accumulate,0.017238312,0.017238056
14,145,receive_authenticate_accumulate,0.000057165,0.000056852
14,145,receive_authenticate_accumulate,0.017233108,0.017233037
14,145,receive_authenticate_accumulate,0.000056629,0.000056278
14,145,receive_authenticate_accumulate,0.017227404,0.017227204
14,145,receive_authenticate_accumulate,0.000054462,0.000054056
14,145,receive_authenticate_accumulate,0.017226460,0.017226371
14,145,receive_authenticate_accumulate,0.000057258,0.000056871
14,145,receive_authenticate_accumulate,0.017260978,0.017234833
14,145,receive_authenticate_accumulate,0.000055814,0.000055537
14,145,receive_authenticate_accumulate,0.017223145,0.017223148
14,145,receive_authenticate_accumulate,0.000056999,0.000056760
14,145,receive_authenticate_accumulate,0.017215201,0.017215185
14,145,receive_authenticate_accumulate,0.000056814,0.000056519
14,145,receive_authenticate_accumulate,0.017214850,0.017214815
14,145,receive_authenticate_accumulate,0.000056222,0.000055759
14,145,round_coverage,0.000003297,0.000002648
14,145,spatial_report,0.000040129,0.000039592
14,146,round_reset,0.000009907,0.000008352
14,146,receive_authenticate_accumulate,0.017232313,0.017232240
14,146,receive_authenticate_accumulate,0.000057110,0.000056852
14,146,receive_authenticate_accumulate,0.017231795,0.017231741
14,146,receive_authenticate_accumulate,0.000056091,0.000055815
14,146,receive_authenticate_accumulate,0.017220276,0.017220222
14,146,receive_authenticate_accumulate,0.000056240,0.000055963
14,146,receive_authenticate_accumulate,0.017221017,0.017220685
14,146,receive_authenticate_accumulate,0.000056722,0.000056334
14,146,receive_authenticate_accumulate,0.017226091,0.017226000
14,146,receive_authenticate_accumulate,0.000056925,0.000056630
14,146,receive_authenticate_accumulate,0.017227184,0.017227500
14,146,receive_authenticate_accumulate,0.000055351,0.000054945
14,146,receive_authenticate_accumulate,0.017226276,0.017226333
14,146,receive_authenticate_accumulate,0.000055777,0.000055519
14,146,receive_authenticate_accumulate,0.017225035,0.017224981
14,146,receive_authenticate_accumulate,0.000054555,0.000054222
14,146,receive_authenticate_accumulate,0.017220387,0.017220074
14,146,receive_authenticate_accumulate,0.000055574,0.000055204
14,146,receive_authenticate_accumulate,0.017259887,0.017235741
14,146,receive_authenticate_accumulate,0.000055518,0.000055259
14,146,receive_authenticate_accumulate,0.017225572,0.017225370
14,146,receive_authenticate_accumulate,0.000055443,0.000055278
14,146,reading_commitment_and_shares,0.026183299,0.026183797
14,146,receive_authenticate_accumulate,0.017247332,0.017247370
14,146,receive_authenticate_accumulate,0.000056777,0.000056500
14,146,receive_authenticate_accumulate,0.017292257,0.017260203
14,146,receive_authenticate_accumulate,0.000056481,0.000056223
14,146,receive_authenticate_accumulate,0.017222684,0.017222722
14,146,receive_authenticate_accumulate,0.000055185,0.000054778
14,146,receive_authenticate_accumulate,0.017227258,0.017227296
14,146,receive_authenticate_accumulate,0.000056221,0.000055870
14,146,receive_authenticate_accumulate,0.017223184,0.017222981
14,146,receive_authenticate_accumulate,0.000056055,0.000055723
14,146,receive_authenticate_accumulate,0.017232017,0.017231888
14,146,receive_authenticate_accumulate,0.000056462,0.000056130
14,146,receive_authenticate_accumulate,0.017234017,0.017234074
14,146,receive_authenticate_accumulate,0.000055110,0.000055000
14,146,receive_authenticate_accumulate,0.017226980,0.017226833
14,146,receive_authenticate_accumulate,0.000055480,0.000055074
14,146,receive_authenticate_accumulate,0.017224703,0.017224648
14,146,receive_authenticate_accumulate,0.000056055,0.000055759
14,146,round_coverage,0.000003408,0.000002741
14,146,spatial_report,0.000040130,0.000039648
14,147,round_reset,0.000009425,0.000007889
14,147,receive_authenticate_accumulate,0.017235462,0.017234926
14,147,receive_authenticate_accumulate,0.000055999,0.000055667
14,147,receive_authenticate_accumulate,0.017289981,0.017291260
14,147,receive_authenticate_accumulate,0.000057147,0.000056611
14,147,receive_authenticate_accumulate,0.017225888,0.017225778
14,147,receive_authenticate_accumulate,0.000057222,0.000056889
14,147,receive_authenticate_accumulate,0.017253203,0.017253185
14,147,receive_authenticate_accumulate,0.000055352,0.000054944
14,147,receive_authenticate_accumulate,0.017219260,0.017219056
14,147,receive_authenticate_accumulate,0.000054332,0.000054056
14,147,receive_authenticate_accumulate,0.017267721,0.017240500
14,147,receive_authenticate_accumulate,0.000053999,0.000053666
14,147,receive_authenticate_accumulate,0.017224000,0.017223944
14,147,receive_authenticate_accumulate,0.000053926,0.000053648
14,147,receive_authenticate_accumulate,0.017224833,0.017224852
14,147,receive_authenticate_accumulate,0.000053870,0.000053574
14,147,receive_authenticate_accumulate,0.017226667,0.017226685
14,147,receive_authenticate_accumulate,0.000054425,0.000054186
14,147,receive_authenticate_accumulate,0.017233778,0.017233722
14,147,receive_authenticate_accumulate,0.000054018,0.000053518
14,147,receive_authenticate_accumulate,0.017217870,0.017217741
14,147,receive_authenticate_accumulate,0.000054647,0.000054370
14,147,reading_commitment_and_shares,0.026198968,0.026199481
14,147,receive_authenticate_accumulate,0.017226908,0.017226648
14,147,receive_authenticate_accumulate,0.000055684,0.000055333
14,147,receive_authenticate_accumulate,0.017225797,0.017225704
14,147,receive_authenticate_accumulate,0.000055092,0.000054759
14,147,receive_authenticate_accumulate,0.017219352,0.017219296
14,147,receive_authenticate_accumulate,0.000053962,0.000053518
14,147,receive_authenticate_accumulate,0.017309721,0.017249519
14,147,receive_authenticate_accumulate,0.000055110,0.000054593
14,147,receive_authenticate_accumulate,0.017234426,0.017234370
14,147,receive_authenticate_accumulate,0.000053388,0.000053093
14,147,receive_authenticate_accumulate,0.017215297,0.017215296
14,147,receive_authenticate_accumulate,0.000054999,0.000054500
14,147,receive_authenticate_accumulate,0.017229167,0.017229185
14,147,receive_authenticate_accumulate,0.000054462,0.000054148
14,147,receive_authenticate_accumulate,0.017221556,0.017221500
14,147,receive_authenticate_accumulate,0.000054962,0.000054666
14,147,receive_authenticate_accumulate,0.017263370,0.017239888
14,147,receive_authenticate_accumulate,0.000053296,0.000052963
14,147,round_coverage,0.000003630,0.000002963
14,147,spatial_report,0.000041092,0.000040611
14,148,round_reset,0.000009314,0.000007685
14,148,receive_authenticate_accumulate,0.017223408,0.017223278
14,148,receive_authenticate_accumulate,0.000054851,0.000054556
14,148,receive_authenticate_accumulate,0.017212335,0.017212222
14,148,receive_authenticate_accumulate,0.000053703,0.000053203
14,148,receive_authenticate_accumulate,0.017215409,0.017215315
14,148,receive_authenticate_accumulate,0.000055073,0.000054704
14,148,receive_authenticate_accumulate,0.017225575,0.017225500
14,148,receive_authenticate_accumulate,0.000054462,0.000054055
14,148,receive_authenticate_accumulate,0.017273723,0.017236315
14,148,receive_authenticate_accumulate,0.000055110,0.000054815
14,148,receive_authenticate_accumulate,0.017267297,0.017267555
14,148,receive_authenticate_accumulate,0.000057129,0.000056926
14,148,receive_authenticate_accumulate,0.017227964,0.017228148
14,148,receive_authenticate_accumulate,0.000056128,0.000055741
14,148,receive_authenticate_accumulate,0.017269075,0.017243962
14,148,receive_authenticate_accumulate,0.000056277,0.000055963
14,148,receive_authenticate_accumulate,0.017239724,0.017239537
14,148,receive_authenticate_accumulate,0.000056073,0.000055759
14,148,receive_authenticate_accumulate,0.017223428,0.017223241
14,148,receive_authenticate_accumulate,0.000057795,0.000057537
14,148,receive_authenticate_accumulate,0.017222075,0.017222037
14,148,receive_authenticate_accumulate,0.000056092,0.000055796
14,148,reading_commitment_and_shares,0.026198450,0.026198797
14,148,receive_authenticate_accumulate,0.017227298,0.017227166
14,148,receive_authenticate_accumulate,0.000056611,0.000056185
14,148,receive_authenticate_accumulate,0.017228279,0.017228537
14,148,receive_authenticate_accumulate,0.000058018,0.000057704
14,148,receive_authenticate_accumulate,0.017222280,0.017222277
14,148,receive_authenticate_accumulate,0.000055647,0.000055371
14,148,receive_authenticate_accumulate,0.017231149,0.017231092
14,148,receive_authenticate_accumulate,0.000056702,0.000056408
14,148,receive_authenticate_accumulate,0.017224205,0.017223648
14,148,receive_authenticate_accumulate,0.000055110,0.000054778
14,148,receive_authenticate_accumulate,0.017218686,0.017218518
14,148,receive_authenticate_accumulate,0.000055722,0.000055482
14,148,receive_authenticate_accumulate,0.017226335,0.017226407
14,148,receive_authenticate_accumulate,0.000056073,0.000055833
14,148,receive_authenticate_accumulate,0.017233223,0.017233277
14,148,receive_authenticate_accumulate,0.000056795,0.000056463
14,148,receive_authenticate_accumulate,0.017219428,0.017219278
14,148,receive_authenticate_accumulate,0.000057573,0.000057222
14,148,round_coverage,0.000003444,0.000002777
14,148,spatial_report,0.000041277,0.000040482
14,149,round_reset,0.000009315,0.000008463
14,149,receive_authenticate_accumulate,0.017228651,0.017228777
14,149,receive_authenticate_accumulate,0.000056462,0.000056166
14,149,receive_authenticate_accumulate,0.017223781,0.017223777
14,149,receive_authenticate_accumulate,0.000057165,0.000056815
14,149,receive_authenticate_accumulate,0.017268947,0.017243444
14,149,receive_authenticate_accumulate,0.000056981,0.000056722
14,149,receive_authenticate_accumulate,0.017224040,0.017224000
14,149,receive_authenticate_accumulate,0.000056351,0.000056037
14,149,receive_authenticate_accumulate,0.017259188,0.017238888
14,149,receive_authenticate_accumulate,0.000056721,0.000056389
14,149,receive_authenticate_accumulate,0.017229744,0.017229648
14,149,receive_authenticate_accumulate,0.000055665,0.000055351
14,149,receive_authenticate_accumulate,0.017218021,0.017218000
14,149,receive_authenticate_accumulate,0.000055629,0.000055259
14,149,receive_authenticate_accumulate,0.017231873,0.017231740
14,149,receive_authenticate_accumulate,0.000055906,0.000055482
14,149,receive_authenticate_accumulate,0.017253373,0.017253352
14,149,receive_authenticate_accumulate,0.000056499,0.000056222
14,149,receive_authenticate_accumulate,0.017226744,0.017226630
14,149,receive_authenticate_accumulate,0.000057351,0.000057185
14,149,receive_authenticate_accumulate,0.017223929,0.017223833
14,149,receive_authenticate_accumulate,0.000055981,0.000055629
14,149,reading_commitment_and_shares,0.026198582,0.026199129
14,149,receive_authenticate_accumulate,0.017223410,0.017223370
14,149,receive_authenticate_accumulate,0.000055332,0.000054907
14,149,receive_authenticate_accumulate,0.017225318,0.017225277
14,149,receive_authenticate_accumulate,0.000056814,0.000056278
14,149,receive_authenticate_accumulate,0.017232003,0.017231981
14,149,receive_authenticate_accumulate,0.000057740,0.000057426
14,149,receive_authenticate_accumulate,0.017218874,0.017218852
14,149,receive_authenticate_accumulate,0.000054647,0.000054093
14,149,receive_authenticate_accumulate,0.017222077,0.017221760
14,149,receive_authenticate_accumulate,0.000056703,0.000056445
14,149,receive_authenticate_accumulate,0.017224392,0.017224519
14,149,receive_authenticate_accumulate,0.000055777,0.000055500
14,149,receive_authenticate_accumulate,0.017253651,0.017231648
14,149,receive_authenticate_accumulate,0.000055184,0.000054704
14,149,receive_authenticate_accumulate,0.017221743,0.017221537
14,149,receive_authenticate_accumulate,0.000055832,0.000055500
14,149,receive_authenticate_accumulate,0.017225595,0.017225482
14,149,receive_authenticate_accumulate,0.000053833,0.000053445
14,149,round_coverage,0.000003352,0.000002759
14,149,spatial_report,0.000041388,0.000040963
14,149,billing_report,0.000446031,0.000445648
14,149,shutdown,0.000008944,0.000007167
