period,round,phase,wall_seconds,cpu_seconds
0,0,period_reset,0.000022851,0.000022315
0,0,receive_authenticate_accumulate,0.000080333,0.000080277
0,0,receive_authenticate_accumulate,0.000032203,0.000032148
0,0,receive_authenticate_accumulate,0.000037388,0.000037351
0,0,receive_authenticate_accumulate,0.000038536,0.000038574
0,0,receive_authenticate_accumulate,0.000030926,0.000030852
0,0,receive_authenticate_accumulate,0.000038185,0.000038148
0,0,receive_authenticate_accumulate,0.000032852,0.000032759
0,0,receive_authenticate_accumulate,0.000038555,0.000038481
0,0,receive_authenticate_accumulate,0.000037315,0.000037315
0,0,receive_authenticate_accumulate,0.000031814,0.000031704
0,0,receive_authenticate_accumulate,0.000036611,0.000036537
0,0,receive_authenticate_accumulate,0.000037981,0.000038037
0,0,receive_authenticate_accumulate,0.000033333,0.000033240
0,0,receive_authenticate_accumulate,0.000037852,0.000037797
0,0,receive_authenticate_accumulate,0.000030814,0.000030796
0,0,receive_authenticate_accumulate,0.000037408,0.000037371
0,0,receive_authenticate_accumulate,0.000038388,0.000038481
0,0,randomness_commit,0.000447923,0.000447907
0,0,receive_authenticate_accumulate,0.000031203,0.000031167
0,0,receive_authenticate_accumulate,0.000038425,0.000038407
0,0,receive_authenticate_accumulate,0.000039204,0.000039241
0,0,receive_authenticate_accumulate,0.000042000,0.000042000
0,0,receive_authenticate_accumulate,0.000043962,0.000043945
0,0,receive_authenticate_accumulate,0.000038999,0.000038889
0,0,receive_authenticate_accumulate,0.000044703,0.000044722
0,0,receive_authenticate_accumulate,0.000045111,0.000045185
0,0,receive_authenticate_accumulate,0.000040814,0.000040759
0,0,receive_authenticate_accumulate,0.000045148,0.000045148
0,0,receive_authenticate_accumulate,0.000046573,0.000046630
0,0,receive_authenticate_accumulate,0.000039592,0.000039463
0,0,receive_authenticate_accumulate,0.000045185,0.000045130
0,0,receive_authenticate_accumulate,0.000040630,0.000040574
0,0,receive_authenticate_accumulate,0.000046222,0.000046296
0,0,receive_authenticate_accumulate,0.000046278,0.000046296
0,0,receive_authenticate_accumulate,0.000040629,0.000040555
0,0,receive_authenticate_accumulate,0.000046425,0.000046463
0,0,receive_authenticate_accumulate,0.000045648,0.000045667
0,0,receive_authenticate_accumulate,0.000039981,0.000039963
0,0,randomness_reveal,0.000297516,0.000297370
0,0,receive_authenticate_accumulate,0.000044389,0.000044352
0,0,receive_authenticate_accumulate,0.000039630,0.000039537
0,0,receive_authenticate_accumulate,0.000045073,0.000045055
0,0,committee_selection,0.000087240,0.000087222
0,0,round_reset,0.000005222,0.000004815
0,0,receive_authenticate_accumulate,0.017293942,0.017294019
0,0,receive_authenticate_accumulate,0.000059166,0.000059241
0,0,receive_authenticate_accumulate,0.017215516,0.017215666
0,0,receive_authenticate_accumulate,0.000044222,0.000044241
0,0,receive_authenticate_accumulate,0.017225275,0.017225445
0,0,receive_authenticate_accumulate,0.000046499,0.000046555
0,0,receive_authenticate_accumulate,0.017221479,0.017221444
0,0,receive_authenticate_accumulate,0.000046111,0.000046148
0,0,receive_authenticate_accumulate,0.017231979,0.017232111
0,0,receive_authenticate_accumulate,0.000053704,0.000053704
0,0,receive_authenticate_accumulate,0.017261719,0.017237797
0,0,receive_authenticate_accumulate,0.000046759,0.000046648
0,0,receive_authenticate_accumulate,0.017232757,0.017232703
0,0,receive_authenticate_accumulate,0.000045593,0.000045649
0,0,receive_authenticate_accumulate,0.017226572,0.017226667
0,0,receive_authenticate_accumulate,0.000044944,0.000045038
0,0,receive_authenticate_accumulate,0.017217461,0.017217667
0,0,receive_authenticate_accumulate,0.000044851,0.000044852
0,0,receive_authenticate_accumulate,0.017222739,0.017222796
0,0,receive_authenticate_accumulate,0.000045037,0.000045019
0,0,receive_authenticate_accumulate,0.017219738,0.017219833
0,0,receive_authenticate_accumulate,0.000044963,0.000045056
0,0,receive_authenticate_accumulate,0.017218886,0.017219074
0,0,receive_authenticate_accumulate,0.000046852,0.000046778
0,0,receive_authenticate_accumulate,0.017238460,0.017238426
0,0,receive_authenticate_accumulate,0.000038610,0.000038759
0,0,receive_authenticate_accumulate,0.017216609,0.017216630
0,0,receive_authenticate_accumulate,0.000039944,0.000039889
0,0,receive_authenticate_accumulate,0.017227053,0.017227093
0,0,receive_authenticate_accumulate,0.000041463,0.000041537
0,0,receive_authenticate_accumulate,0.017226035,0.017226315
0,0,receive_authenticate_accumulate,0.000040796,0.000040834
0,0,receive_authenticate_accumulate,0.017227517,0.017227519
0,0,receive_authenticate_accumulate,0.000040629,0.000040759
0,0,reading_commitment_and_shares,0.026243680,0.026244204
0,0,receive_authenticate_accumulate,0.017219424,0.017219630
0,0,receive_authenticate_accumulate,0.000041555,0.000041592
0,0,receive_authenticate_accumulate,0.017223646,0.017223759
0,0,receive_authenticate_accumulate,0.000040815,0.000040815
0,0,receive_authenticate_accumulate,0.017225220,0.017225204
0,0,receive_authenticate_accumulate,0.000039926,0.000040000
0,0,round_coverage,0.000003685,0.000003259
0,0,spatial_report,0.000039036,0.000039019
0,1,round_reset,0.000009000,0.000008074
0,1,receive_authenticate_accumulate,0.017246369,0.017247056
0,1,receive_authenticate_accumulate,0.000044722,0.000044648
0,1,receive_authenticate_accumulate,0.017229500,0.017229370
0,1,receive_authenticate_accumulate,0.000041778,0.000041797
0,1,receive_authenticate_accumulate,0.017233925,0.017233537
0,1,receive_authenticate_accumulate,0.000039685,0.000039778
0,1,receive_authenticate_accumulate,0.017300906,0.017249444
0,1,receive_authenticate_accumulate,0.000042741,0.000042778
0,1,receive_authenticate_accumulate,0.017232221,0.017232389
0,1,receive_authenticate_accumulate,0.000040870,0.000040889
0,1,receive_authenticate_accumulate,0.017234593,0.017234611
0,1,receive_authenticate_accumulate,0.000040796,0.000040889
0,1,receive_authenticate_accumulate,0.017219907,0.017219871
0,1,receive_authenticate_accumulate,0.000040815,0.000040908
0,1,receive_authenticate_accumulate,0.017222036,0.017222092
0,1,receive_authenticate_accumulate,0.000038944,0.000038981
0,1,receive_authenticate_accumulate,0.017237093,0.017237055
0,1,receive_authenticate_accumulate,0.000040351,0.000040408
0,1,receive_authenticate_accumulate,0.017228889,0.017228814
0,1,receive_authenticate_accumulate,0.000041333,0.000041315
0,1,receive_authenticate_accumulate,0.017222815,0.017222852
0,1,receive_authenticate_accumulate,0.000041111,0.000041204
0,1,receive_authenticate_accumulate,0.017218296,0.017218186
0,1,receive_authenticate_accumulate,0.000039833,0.000039833
0,1,receive_authenticate_accumulate,0.017253018,0.017240630
0,1,receive_authenticate_accumulate,0.000040703,0.000040778
0,1,receive_authenticate_accumulate,0.017220796,0.017220944
0,1,receive_authenticate_accumulate,0.000049556,0.000049593
0,1,receive_authenticate_accumulate,0.017217926,0.017218000
0,1,receive_authenticate_accumulate,0.000045036,0.000045130
0,1,receive_authenticate_accumulate,0.017262908,0.017242388
0,1,receive_authenticate_accumulate,0.000046629,0.000046593
0,1,receive_authenticate_accumulate,0.017226500,0.017226537
0,1,receive_authenticate_accumulate,0.000046333,0.000046352
0,1,reading_commitment_and_shares,0.026203220,0.026203185
0,1,receive_authenticate_accumulate,0.017227426,0.017227463
0,1,receive_authenticate_accumulate,0.000047092,0.000047148
0,1,receive_authenticate_accumulate,0.017216759,0.017216685
0,1,receive_authenticate_accumulate,0.000047315,0.000047352
0,1,receive_authenticate_accumulate,0.017219797,0.017219852
0,1,receive_authenticate_accumulate,0.000045925,0.000045963
0,1,round_coverage,0.000004204,0.000003815
0,1,spatial_report,0.000039351,0.000039204
0,2,round_reset,0.000009204,0.000008037
0,2,receive_authenticate_accumulate,0.017221372,0.017221296
0,2,receive_authenticate_accumulate,0.000046111,0.000046148
0,2,receive_authenticate_accumulate,0.017223149,0.017223314
0,2,receive_authenticate_accumulate,0.000045981,0.000045982
0,2,receive_authenticate_accumulate,0.017233483,0.017233537
0,2,receive_authenticate_accumulate,0.000049667,0.000049648
0,2,receive_authenticate_accumulate,0.017225817,0.017225814
0,2,receive_authenticate_accumulate,0.000046684,0.000046778
0,2,receive_authenticate_accumulate,0.017228390,0.017228204
0,2,receive_authenticate_accumulate,0.000046204,0.000046223
0,2,receive_authenticate_accumulate,0.017232761,0.017232685
0,2,receive_authenticate_accumulate,0.000045722,0.000045815
0,2,receive_authenticate_accumulate,0.017221261,0.017221259
0,2,receive_authenticate_accumulate,0.000045129,0.000045148
0,2,receive_authenticate_accumulate,0.017261594,0.017239203
0,2,receive_authenticate_accumulate,0.000045926,0.000045963
0,2,receive_authenticate_accumulate,0.017237021,0.017237203
0,2,receive_authenticate_accumulate,0.000044482,0.000044537
0,2,receive_authenticate_accumulate,0.017223538,0.017223630
0,2,receive_authenticate_accumulate,0.000046740,0.000046833
0,2,receive_authenticate_accumulate,0.017229021,0.017229166
0,2,receive_authenticate_accumulate,0.000045037,0.000045074
0,2,receive_authenticate_accumulate,0.017226039,0.017226074
0,2,receive_authenticate_accumulate,0.000044963,0.000045075
0,2,receive_authenticate_accumulate,0.017218391,0.017218352
0,2,receive_authenticate_accumulate,0.000045704,0.000045575
0,2,receive_authenticate_accumulate,0.017225872,0.017225833
0,2,receive_authenticate_accumulate,0.000045481,0.000045370
0,2,receive_authenticate_accumulate,0.017223687,0.017223722
0,2,receive_authenticate_accumulate,0.000044408,0.000044500
0,2,receive_authenticate_accumulate,0.017228021,0.017227963
0,2,receive_authenticate_accumulate,0.000045944,0.000045907
0,2,receive_authenticate_accumulate,0.017229743,0.017229926
0,2,receive_authenticate_accumulate,0.000044499,0.000044500
0,2,reading_commitment_and_shares,0.026199352,0.026199574
0,2,receive_authenticate_accumulate,0.017223132,0.017223148
0,2,receive_authenticate_accumulate,0.000048925,0.000048926
0,2,receive_authenticate_accumulate,0.017226539,0.017226481
0,2,receive_authenticate_accumulate,0.000045962,0.000045944
0,2,receive_authenticate_accumulate,0.017280558,0.017253388
0,2,receive_authenticate_accumulate,0.000047296,0.000047296
0,2,round_coverage,0.000003685,0.000003203
0,2,spatial_report,0.000040481,0.000040259
0,3,round_reset,0.000009851,0.000007907
0,3,receive_authenticate_accumulate,0.017228541,0.017228389
0,3,receive_authenticate_accumulate,0.000046111,0.000046240
0,3,receive_authenticate_accumulate,0.017259521,0.017227963
0,3,receive_authenticate_accumulate,0.000045703,0.000045667
0,3,receive_authenticate_accumulate,0.017218393,0.017218204
0,3,receive_authenticate_accumulate,0.000046667,0.000046740
0,3,receive_authenticate_accumulate,0.017221392,0.017221463
0,3,receive_authenticate_accumulate,0.000046111,0.000046148
0,3,receive_authenticate_accumulate,0.017219300,0.017219314
0,3,receive_authenticate_accumulate,0.000044518,0.000044481
0,3,receive_authenticate_accumulate,0.017220596,0.017220593
0,3,receive_authenticate_accumulate,0.000046407,0.000046482
0,3,receive_authenticate_accumulate,0.017235763,0.017235759
0,3,receive_authenticate_accumulate,0.000046944,0.000046982
0,3,receive_authenticate_accumulate,0.017226319,0.017225926
0,3,receive_authenticate_accumulate,0.000044926,0.000044982
0,3,receive_authenticate_accumulate,0.017223911,0.017223888
0,3,receive_authenticate_accumulate,0.000045629,0.000045741
0,3,receive_authenticate_accumulate,0.017226911,0.017226778
0,3,receive_authenticate_accumulate,0.000044796,0.000044871
0,3,receive_authenticate_accumulate,0.017222300,0.017222426
0,3,receive_authenticate_accumulate,0.000045315,0.000045426
0,3,receive_authenticate_accumulate,0.017220911,0.017220981
0,3,receive_authenticate_accumulate,0.000043833,0.000043889
0,3,receive_authenticate_accumulate,0.017227411,0.017227296
0,3,receive_authenticate_accumulate,0.000045074,0.000045092
0,3,receive_authenticate_accumulate,0.017228208,0.017228130
0,3,receive_authenticate_accumulate,0.000045148,0.000045222
0,3,receive_authenticate_accumulate,0.017228893,0.017228963
0,3,receive_authenticate_accumulate,0.000045944,0.000046000
0,3,receive_authenticate_accumulate,0.017225022,0.017225037
0,3,receive_authenticate_accumulate,0.000046833,0.000046907
0,3,receive_authenticate_accumulate,0.017229893,0.017229926
0,3,receive_authenticate_accumulate,0.000044574,0.000044722
0,3,reading_commitment_and_shares,0.026199837,0.026200000
0,3,receive_authenticate_accumulate,0.017256948,0.017234982
0,3,receive_authenticate_accumulate,0.000047704,0.000047667
0,3,receive_authenticate_accumulate,0.017219985,0.017220333
0,3,receive_authenticate_accumulate,0.000046203,0.000046259
0,3,receive_authenticate_accumulate,0.017224893,0.017224629
0,3,receive_authenticate_accumulate,0.000046740,0.000046741
0,3,round_coverage,0.000003334,0.000002944
0,3,spatial_report,0.000039592,0.000039518
0,4,round_reset,0.000009333,0.000008148
0,4,receive_authenticate_accumulate,0.017217542,0.017217389
0,4,receive_authenticate_accumulate,0.000046778,0.000046796
0,4,receive_authenticate_accumulate,0.017228154,0.017228167
0,4,receive_authenticate_accumulate,0.000045629,0.000045722
0,4,receive_authenticate_accumulate,0.017219709,0.017219722
0,4,receive_authenticate_accumulate,0.000047074,0.000047222
0,4,receive_authenticate_accumulate,0.017222635,0.017222630
0,4,receive_authenticate_accumulate,0.000048018,0.000048074
0,4,receive_authenticate_accumulate,0.017220598,0.017220555
0,4,receive_authenticate_accumulate,0.000046759,0.000046870
0,4,receive_authenticate_accumulate,0.017221450,0.017221315
0,4,receive_authenticate_accumulate,0.000045407,0.000045519
0,4,receive_authenticate_accumulate,0.017222210,0.017222074
0,4,receive_authenticate_accumulate,0.000043722,0.000043722
0,4,receive_authenticate_accumulate,0.017222839,0.017222333
0,4,receive_authenticate_accumulate,0.000049037,0.000049185
0,4,receive_authenticate_accumulate,0.017218247,0.017218204
0,4,receive_authenticate_accumulate,0.000046278,0.000046297
0,4,receive_authenticate_accumulate,0.017224821,0.017224796
0,4,receive_authenticate_accumulate,0.000046018,0.000045926
0,4,receive_authenticate_accumulate,0.017231747,0.017231740
0,4,receive_authenticate_accumulate,0.000047833,0.000047944
0,4,receive_authenticate_accumulate,0.017223654,0.017223630
0,4,receive_authenticate_accumulate,0.000045889,0.000045963
0,4,receive_authenticate_accumulate,0.017232301,0.017232389
0,4,receive_authenticate_accumulate,0.000046963,0.000047055
0,4,receive_authenticate_accumulate,0.017223191,0.017223315
0,4,receive_authenticate_accumulate,0.000045629,0.000045648
0,4,receive_authenticate_accumulate,0.017219172,0.017219204
0,4,receive_authenticate_accumulate,0.000046000,0.000046093
0,4,receive_authenticate_accumulate,0.017233654,0.017233760
0,4,receive_authenticate_accumulate,0.000044203,0.000044241
0,4,receive_authenticate_accumulate,0.017230783,0.017230703
0,4,receive_authenticate_accumulate,0.000043889,0.000043907
0,4,reading_commitment_and_shares,0.026191210,0.026191555
0,4,receive_authenticate_accumulate,0.017221505,0.017221426
0,4,receive_authenticate_accumulate,0.000043999,0.000044167
0,4,receive_authenticate_accumulate,0.017247913,0.017228056
0,4,receive_authenticate_accumulate,0.000044555,0.000044574
0,4,receive_authenticate_accumulate,0.017219765,0.017219740
0,4,receive_authenticate_accumulate,0.000044592,0.000044574
0,4,round_coverage,0.000003093,0.000002648
0,4,spatial_report,0.000039926,0.000039833
0,5,round_reset,0.000008945,0.000007834
0,5,receive_authenticate_accumulate,0.017221044,0.017221037
0,5,receive_authenticate_accumulate,0.000044574,0.000044630
0,5,receive_authenticate_accumulate,0.017217600,0.017217648
0,5,receive_authenticate_accumulate,0.000043740,0.000043740
0,5,receive_authenticate_accumulate,0.017223989,0.017223870
0,5,receive_authenticate_accumulate,0.000045166,0.000045148
0,5,receive_authenticate_accumulate,0.017223451,0.017223482
0,5,receive_authenticate_accumulate,0.000044222,0.000044352
0,5,receive_authenticate_accumulate,0.017224007,0.017224000
0,5,receive_authenticate_accumulate,0.000043852,0.000043926
0,5,receive_authenticate_accumulate,0.017269118,0.017228722
0,5,receive_authenticate_accumulate,0.000046685,0.000046704
0,5,receive_authenticate_accumulate,0.017216100,0.017216203
0,5,receive_authenticate_accumulate,0.000044444,0.000044445
0,5,receive_authenticate_accumulate,0.017220192,0.017220426
0,5,receive_authenticate_accumulate,0.000043426,0.000043407
0,5,receive_authenticate_accumulate,0.017233989,0.017234093
0,5,receive_authenticate_accumulate,0.000045037,0.000045111
0,5,receive_authenticate_accumulate,0.017215378,0.017215482
0,5,receive_authenticate_accumulate,0.000045630,0.000045611
0,5,receive_authenticate_accumulate,0.017222026,0.017222000
0,5,receive_authenticate_accumulate,0.000046111,0.000046111
0,5,receive_authenticate_accumulate,0.017227711,0.017227740
0,5,receive_authenticate_accumulate,0.000045963,0.000046037
0,5,receive_authenticate_accumulate,0.017221489,0.017221481
0,5,receive_authenticate_accumulate,0.000045499,0.000045519
0,5,receive_authenticate_accumulate,0.017221526,0.017221537
0,5,receive_authenticate_accumulate,0.000045259,0.000045333
0,5,receive_authenticate_accumulate,0.017223341,0.017223389
0,5,receive_authenticate_accumulate,0.000045222,0.000045204
0,5,receive_authenticate_accumulate,0.017265822,0.017234110
0,5,receive_authenticate_accumulate,0.000045389,0.000045463
0,5,receive_authenticate_accumulate,0.017228378,0.017228518
0,5,receive_authenticate_accumulate,0.000044889,0.000044963
0,5,reading_commitment_and_shares,0.026205990,0.026205963
0,5,receive_authenticate_accumulate,0.017225026,0.017225148
0,5,receive_authenticate_accumulate,0.000045407,0.000045426
0,5,receive_authenticate_accumulate,0.017228730,0.017228778
0,5,receive_authenticate_accumulate,0.000045926,0.000045925
0,5,receive_authenticate_accumulate,0.017220897,0.017220944
0,5,receive_authenticate_accumulate,0.000045963,0.000045981
0,5,round_coverage,0.000003574,0.000003111
0,5,spatial_report,0.000040370,0.000040148
0,6,round_reset,0.000009834,0.000007629
0,6,receive_authenticate_accumulate,0.017228027,0.017227981
0,6,receive_authenticate_accumulate,0.000045722,0.000045833
0,6,receive_authenticate_accumulate,0.017220601,0.017220593
0,6,receive_authenticate_accumulate,0.000045703,0.000045778
0,6,receive_authenticate_accumulate,0.017216694,0.017216796
0,6,receive_authenticate_accumulate,0.000045351,0.000045463
0,6,receive_authenticate_accumulate,0.017223453,0.017223407
0,6,receive_authenticate_accumulate,0.000046537,0.000046592
0,6,receive_authenticate_accumulate,0.017226342,0.017226370
0,6,receive_authenticate_accumulate,0.000045426,0.000045445
0,6,receive_authenticate_accumulate,0.017223286,0.017223296
0,6,receive_authenticate_accumulate,0.000046407,0.000046334
0,6,receive_authenticate_accumulate,0.017227638,0.017227592
0,6,receive_authenticate_accumulate,0.000045463,0.000045463
0,6,receive_authenticate_accumulate,0.017225546,0.017225797
0,6,receive_authenticate_accumulate,0.000056999,0.000057037
0,6,receive_authenticate_accumulate,0.017232620,0.017232685
0,6,receive_authenticate_accumulate,0.000044537,0.000044630
0,6,receive_authenticate_accumulate,0.017258712,0.017237241
0,6,receive_authenticate_accumulate,0.000045925,0.000046018
0,6,receive_authenticate_accumulate,0.017227342,0.017227408
0,6,receive_authenticate_accumulate,0.000049445,0.000049333
0,6,receive_authenticate_accumulate,0.017225176,0.017225259
0,6,receive_authenticate_accumulate,0.000045388,0.000045445
0,6,receive_authenticate_accumulate,0.017229712,0.017229814
0,6,receive_authenticate_accumulate,0.000045962,0.000046037
0,6,receive_authenticate_accumulate,0.017221953,0.017221685
0,6,receive_authenticate_accumulate,0.000044704,0.000044759
0,6,receive_authenticate_accumulate,0.017225842,0.017225463
0,6,receive_authenticate_accumulate,0.000045907,0.000045889
0,6,receive_authenticate_accumulate,0.017221602,0.017221537
0,6,receive_authenticate_accumulate,0.000046537,0.000046500
0,6,receive_authenticate_accumulate,0.017230027,0.017229814
0,6,receive_authenticate_accumulate,0.000044574,0.000044574
0,6,reading_commitment_and_shares,0.026230122,0.026209499
0,6,receive_authenticate_accumulate,0.017232286,0.017232315
0,6,receive_authenticate_accumulate,0.000047389,0.000047334
0,6,receive_authenticate_accumulate,0.017258027,0.017230926
0,6,receive_authenticate_accumulate,0.000046203,0.000046296
0,6,receive_authenticate_accumulate,0.017222194,0.017222278
0,6,receive_authenticate_accumulate,0.000046204,0.000046260
0,6,round_coverage,0.000003315,0.000002796
0,6,spatial_report,0.000040185,0.000040092
0,7,round_reset,0.000007852,0.000006945
0,7,receive_authenticate_accumulate,0.017228955,0.017228851
0,7,receive_authenticate_accumulate,0.000045611,0.000045630
0,7,receive_authenticate_accumulate,0.017227936,0.017227944
0,7,receive_authenticate_accumulate,0.000047907,0.000047908
0,7,receive_authenticate_accumulate,0.017227251,0.017227185
0,7,receive_authenticate_accumulate,0.000046111,0.000046167
0,7,receive_authenticate_accumulate,0.017276750,0.017248203
0,7,receive_authenticate_accumulate,0.000048500,0.000048574
0,7,receive_authenticate_accumulate,0.017225528,0.017225592
0,7,receive_authenticate_accumulate,0.000045925,0.000045963
0,7,receive_authenticate_accumulate,0.017223621,0.017223519
0,7,receive_authenticate_accumulate,0.000046314,0.000046371
0,7,receive_authenticate_accumulate,0.017232232,0.017232296
0,7,receive_authenticate_accumulate,0.000046018,0.000045982
0,7,receive_authenticate_accumulate,0.017236232,0.017236129
0,7,receive_authenticate_accumulate,0.000046704,0.000046741
0,7,receive_authenticate_accumulate,0.017224029,0.017223944
0,7,receive_authenticate_accumulate,0.000045944,0.000045945
0,7,receive_authenticate_accumulate,0.017230325,0.017230352
0,7,receive_authenticate_accumulate,0.000046074,0.000046037
0,7,receive_authenticate_accumulate,0.017214640,0.017214630
0,7,receive_authenticate_accumulate,0.000045314,0.000045260
0,7,receive_authenticate_accumulate,0.017232510,0.017232482
0,7,receive_authenticate_accumulate,0.000046759,0.000046778
0,7,receive_authenticate_accumulate,0.017224048,0.017224093
0,7,receive_authenticate_accumulate,0.000045908,0.000045870
0,7,receive_authenticate_accumulate,0.017226807,0.017226926
0,7,receive_authenticate_accumulate,0.000045351,0.000045370
0,7,receive_authenticate_accumulate,0.017232973,0.017232962
0,7,receive_authenticate_accumulate,0.000048481,0.000048518
0,7,receive_authenticate_accumulate,0.017231510,0.017231389
0,7,receive_authenticate_accumulate,0.000046055,0.000045944
0,7,receive_authenticate_accumulate,0.017216789,0.017216722
0,7,receive_authenticate_accumulate,0.000044759,0.000044741
0,7,reading_commitment_and_shares,0.026211661,0.026211796
0,7,receive_authenticate_accumulate,0.017253844,0.017232630
0,7,receive_authenticate_accumulate,0.000046018,0.000045981
0,7,receive_authenticate_accumulate,0.017223992,0.017224092
0,7,receive_authenticate_accumulate,0.000046167,0.000046000
0,7,receive_authenticate_accumulate,0.017227066,0.017226981
0,7,receive_authenticate_accumulate,0.000045685,0.000045648
0,7,round_coverage,0.000003314,0.000002870
0,7,spatial_report,0.000038519,0.000038389
0,8,round_reset,0.000009037,0.000007870
0,8,receive_authenticate_accumulate,0.017226475,0.017226388
0,8,receive_authenticate_accumulate,0.000045611,0.000045704
0,8,receive_authenticate_accumulate,0.017227975,0.017228037
0,8,receive_authenticate_accumulate,0.000046667,0.000046630
0,8,receive_authenticate_accumulate,0.017220067,0.017220093
0,8,receive_authenticate_accumulate,0.000046500,0.000046555
0,8,receive_authenticate_accumulate,0.017227567,0.017227592
0,8,receive_authenticate_accumulate,0.000045870,0.000045926
0,8,receive_authenticate_accumulate,0.017225178,0.017225259
0,8,receive_authenticate_accumulate,0.000045370,0.000045426
0,8,receive_authenticate_accumulate,0.017315011,0.017254573
0,8,receive_authenticate_accumulate,0.000046666,0.000046778
0,8,receive_authenticate_accumulate,0.017203105,0.017203074
0,8,receive_authenticate_accumulate,0.000046352,0.000046444
0,8,receive_authenticate_accumulate,0.017221919,0.017222000
0,8,receive_authenticate_accumulate,0.000045500,0.000045463
0,8,receive_authenticate_accumulate,0.017224530,0.017224555
0,8,receive_authenticate_accumulate,0.000045055,0.000045130
0,8,receive_authenticate_accumulate,0.017226271,0.017226315
0,8,receive_authenticate_accumulate,0.000046425,0.000046408
0,8,receive_authenticate_accumulate,0.017230882,0.017230926
0,8,receive_authenticate_accumulate,0.000046074,0.000046000
0,8,receive_authenticate_accumulate,0.017228753,0.017228797
0,8,receive_authenticate_accumulate,0.000045740,0.000045796
0,8,receive_authenticate_accumulate,0.017256604,0.017238296
0,8,receive_authenticate_accumulate,0.000046648,0.000046648
0,8,receive_authenticate_accumulate,0.017219234,0.017219444
0,8,receive_authenticate_accumulate,0.000045500,0.000045556
0,8,receive_authenticate_accumulate,0.017227753,0.017227722
0,8,receive_authenticate_accumulate,0.000045277,0.000045241
0,8,receive_authenticate_accumulate,0.017242863,0.017242926
0,8,receive_authenticate_accumulate,0.000045000,0.000045093
0,8,receive_authenticate_accumulate,0.017221679,0.017221851
0,8,receive_authenticate_accumulate,0.000045278,0.000045222
0,8,reading_commitment_and_shares,0.026196998,0.026197055
0,8,receive_authenticate_accumulate,0.017245660,0.017245759
0,8,receive_authenticate_accumulate,0.000046536,0.000046537
0,8,receive_authenticate_accumulate,0.017229475,0.017229296
0,8,receive_authenticate_accumulate,0.000045555,0.000045592
0,8,receive_authenticate_accumulate,0.017229197,0.017229185
0,8,receive_authenticate_accumulate,0.000046741,0.000046797
0,8,round_coverage,0.000003222,0.000002741
0,8,spatial_report,0.000038185,0.000038074
0,9,round_reset,0.000009741,0.000008741
0,9,receive_authenticate_accumulate,0.017229994,0.017230074
0,9,receive_authenticate_accumulate,0.000045593,0.000045667
0,9,receive_authenticate_accumulate,0.017220272,0.017220296
0,9,receive_authenticate_accumulate,0.000045722,0.000045796
0,9,receive_authenticate_accumulate,0.017216846,0.017216723
0,9,receive_authenticate_accumulate,0.000045241,0.000045333
0,9,receive_authenticate_accumulate,0.017230938,0.017231167
0,9,receive_authenticate_accumulate,0.000045592,0.000045555
0,9,receive_authenticate_accumulate,0.017220032,0.017220019
0,9,receive_authenticate_accumulate,0.000046982,0.000047074
0,9,receive_authenticate_accumulate,0.017221735,0.017221833
0,9,receive_authenticate_accumulate,0.000046018,0.000046000
0,9,receive_authenticate_accumulate,0.017218143,0.017218093
0,9,receive_authenticate_accumulate,0.000046981,0.000046944
0,9,receive_authenticate_accumulate,0.017230420,0.017230555
0,9,receive_authenticate_accumulate,0.000046741,0.000046703
0,9,receive_authenticate_accumulate,0.017222402,0.017222481
0,9,receive_authenticate_accumulate,0.000046333,0.000046388
0,9,receive_authenticate_accumulate,0.017220643,0.017220741
0,9,receive_authenticate_accumulate,0.000046389,0.000046407
0,9,receive_authenticate_accumulate,0.017225457,0.017225556
0,9,receive_authenticate_accumulate,0.000047796,0.000047907
0,9,receive_authenticate_accumulate,0.017223254,0.017223482
0,9,receive_authenticate_accumulate,0.000046000,0.000046037
0,9,receive_authenticate_accumulate,0.024244936,0.024245555
0,9,receive_authenticate_accumulate,0.000068277,0.000068371
0,9,receive_authenticate_accumulate,0.017220069,0.017220148
0,9,receive_authenticate_accumulate,0.000045963,0.000046019
0,9,receive_authenticate_accumulate,0.017223365,0.017223204
0,9,receive_authenticate_accumulate,0.000046425,0.000046407
0,9,receive_authenticate_accumulate,0.017227883,0.017227889
0,9,receive_authenticate_accumulate,0.000045925,0.000045907
0,9,receive_authenticate_accumulate,0.017222383,0.017222500
0,9,receive_authenticate_accumulate,0.000045796,0.000045871
0,9,reading_commitment_and_shares,0.026202814,0.026202963
0,9,receive_authenticate_accumulate,0.017228439,0.017228500
0,9,receive_authenticate_accumulate,0.000045204,0.000045296
0,9,receive_authenticate_accumulate,0.017227920,0.017227944
0,9,receive_authenticate_accumulate,0.000046518,0.000046518
0,9,receive_authenticate_accumulate,0.017274680,0.017247685
0,9,receive_authenticate_accumulate,0.000049370,0.000049389
0,9,round_coverage,0.000003129,0.000002722
0,9,spatial_report,0.000039018,0.000038833
0,9,billing_report,0.000425423,0.000425185
1,10,period_reset,0.000026333,0.000025260
1,10,receive_authenticate_accumulate,0.000095555,0.000095519
1,10,receive_authenticate_accumulate,0.000094129,0.000094037
1,10,receive_authenticate_accumulate,0.000091203,0.000090945
1,10,receive_authenticate_accumulate,0.000093037,0.000093111
1,10,receive_authenticate_accumulate,0.000094296,0.000094315
1,10,receive_authenticate_accumulate,0.000091240,0.000091111
1,10,receive_authenticate_accumulate,0.000089500,0.000089259
1,10,receive_authenticate_accumulate,0.000068241,0.000068370
1,10,receive_authenticate_accumulate,0.000067925,0.000067760
1,10,receive_authenticate_accumulate,0.000068333,0.000068351
1,10,receive_authenticate_accumulate,0.000068074,0.000068111
1,10,receive_authenticate_accumulate,0.000068425,0.000068463
1,10,receive_authenticate_accumulate,0.000068555,0.000068481
1,10,receive_authenticate_accumulate,0.000069907,0.000069796
1,10,receive_authenticate_accumulate,0.000069000,0.000068981
1,10,receive_authenticate_accumulate,0.000068241,0.000068278
1,10,receive_authenticate_accumulate,0.000067963,0.000067981
1,10,randomness_commit,0.000596163,0.000596019
1,10,receive_authenticate_accumulate,0.000065889,0.000065982
1,10,receive_authenticate_accumulate,0.000067333,0.000067407
1,10,receive_authenticate_accumulate,0.000067185,0.000067074
1,10,receive_authenticate_accumulate,0.000080203,0.000080296
1,10,receive_authenticate_accumulate,0.000102018,0.000102111
1,10,receive_authenticate_accumulate,0.000078889,0.000078945
1,10,receive_authenticate_accumulate,0.000078481,0.000078574
1,10,receive_authenticate_accumulate,0.000078278,0.000078333
1,10,receive_authenticate_accumulate,0.000077592,0.000077704
1,10,receive_authenticate_accumulate,0.000078703,0.000078630
1,10,receive_authenticate_accumulate,0.000081555,0.000081593
1,10,receive_authenticate_accumulate,0.000079036,0.000079130
1,10,receive_authenticate_accumulate,0.000066147,0.000066074
1,10,receive_authenticate_accumulate,0.000065037,0.000064871
1,10,receive_authenticate_accumulate,0.000064092,0.000063907
1,10,receive_authenticate_accumulate,0.000062796,0.000062815
1,10,receive_authenticate_accumulate,0.000064000,0.000064055
1,10,receive_authenticate_accumulate,0.000064666,0.000064648
1,10,receive_authenticate_accumulate,0.000065407,0.000065482
1,10,receive_authenticate_accumulate,0.000055407,0.000055278
1,10,randomness_reveal,0.000448627,0.000448352
1,10,receive_authenticate_accumulate,0.000065092,0.000065055
1,10,receive_authenticate_accumulate,0.000063407,0.000063462
1,10,receive_authenticate_accumulate,0.000064407,0.000064370
1,10,committee_selection,0.000122333,0.000122222
1,10,round_reset,0.000005092,0.000004519
1,10,receive_authenticate_accumulate,0.017232755,0.017232852
1,10,receive_authenticate_accumulate,0.000065426,0.000052092
1,10,receive_authenticate_accumulate,0.017229236,0.017229204
1,10,receive_authenticate_accumulate,0.000047759,0.000047797
1,10,receive_authenticate_accumulate,0.017224458,0.017224518
1,10,receive_authenticate_accumulate,0.000049278,0.000049204
1,10,receive_authenticate_accumulate,0.017277458,0.017239778
1,10,receive_authenticate_accumulate,0.000047444,0.000047408
1,10,receive_authenticate_accumulate,0.017263939,0.017238165
1,10,receive_authenticate_accumulate,0.000049278,0.000049296
1,10,receive_authenticate_accumulate,0.017221441,0.017221500
1,10,receive_authenticate_accumulate,0.000048741,0.000048722
1,10,receive_authenticate_accumulate,0.017220255,0.017220240
1,10,receive_authenticate_accumulate,0.000049222,0.000049167
1,10,receive_authenticate_accumulate,0.017227237,0.017227259
1,10,receive_authenticate_accumulate,0.000048741,0.000048777
1,10,receive_authenticate_accumulate,0.017228052,0.017228074
1,10,receive_authenticate_accumulate,0.000048425,0.000048426
1,10,receive_authenticate_accumulate,0.017223588,0.017223685
1,10,receive_authenticate_accumulate,0.000048407,0.000048315
1,10,receive_authenticate_accumulate,0.017233051,0.017232945
1,10,receive_authenticate_accumulate,0.000048425,0.000048444
1,10,receive_authenticate_accumulate,0.017227274,0.017227333
1,10,receive_authenticate_accumulate,0.000049037,0.000049000
1,10,receive_authenticate_accumulate,0.021593767,0.021504704
1,10,receive_authenticate_accumulate,0.000069500,0.000069444
1,10,receive_authenticate_accumulate,0.017227607,0.017227685
1,10,receive_authenticate_accumulate,0.000049092,0.000049000
1,10,receive_authenticate_accumulate,0.017230329,0.017230351
1,10,receive_authenticate_accumulate,0.000049037,0.000049055
1,10,receive_authenticate_accumulate,0.017220459,0.017220537
1,10,receive_authenticate_accumulate,0.000047018,0.000046981
1,10,receive_authenticate_accumulate,0.017263366,0.017235833
1,10,receive_authenticate_accumulate,0.000047963,0.000047908
1,10,reading_commitment_and_shares,0.026198038,0.026198463
1,10,receive_authenticate_accumulate,0.017222551,0.017222574
1,10,receive_authenticate_accumulate,0.000047925,0.000047982
1,10,receive_authenticate_accumulate,0.017261347,0.017236203
1,10,receive_authenticate_accumulate,0.000047222,0.000047166
1,10,receive_authenticate_accumulate,0.017229181,0.017229296
1,10,receive_authenticate_accumulate,0.000050222,0.000050185
1,10,round_coverage,0.000003092,0.000002740
1,10,spatial_report,0.000038814,0.000038685
1,11,round_reset,0.000009351,0.000008186
1,11,receive_authenticate_accumulate,0.017229200,0.017229056
1,11,receive_authenticate_accumulate,0.000050444,0.000050445
1,11,receive_authenticate_accumulate,0.017231941,0.017232000
1,11,receive_authenticate_accumulate,0.000050296,0.000050315
1,11,receive_authenticate_accumulate,0.017224664,0.017224630
1,11,receive_authenticate_accumulate,0.000050944,0.000050889
1,11,receive_authenticate_accumulate,0.017236478,0.017236574
1,11,receive_authenticate_accumulate,0.000051111,0.000051166
1,11,receive_authenticate_accumulate,0.017220941,0.017221018
1,11,receive_authenticate_accumulate,0.000049833,0.000049908
1,11,receive_authenticate_accumulate,0.017229034,0.017228888
1,11,receive_authenticate_accumulate,0.000051241,0.000051241
1,11,receive_authenticate_accumulate,0.017225941,0.017225815
1,11,receive_authenticate_accumulate,0.000050037,0.000050037
1,11,receive_authenticate_accumulate,0.017246830,0.017246703
1,11,receive_authenticate_accumulate,0.000050148,0.000050148
1,11,receive_authenticate_accumulate,0.017228904,0.017228703
1,11,receive_authenticate_accumulate,0.000050388,0.000050371
1,11,receive_authenticate_accumulate,0.017224386,0.017224277
1,11,receive_authenticate_accumulate,0.000050222,0.000050111
1,11,receive_authenticate_accumulate,0.017218441,0.017218537
1,11,receive_authenticate_accumulate,0.000050815,0.000050926
1,11,receive_authenticate_accumulate,0.017232441,0.017232555
1,11,receive_authenticate_accumulate,0.000053259,0.000053204
1,11,receive_authenticate_accumulate,0.017228460,0.017228408
1,11,receive_authenticate_accumulate,0.000050167,0.000050093
1,11,receive_authenticate_accumulate,0.017267960,0.017244222
1,11,receive_authenticate_accumulate,0.000051352,0.000051407
1,11,receive_authenticate_accumulate,0.017226922,0.017226999
1,11,receive_authenticate_accumulate,0.000051278,0.000051278
1,11,receive_authenticate_accumulate,0.017269848,0.017235204
1,11,receive_authenticate_accumulate,0.000050463,0.000050444
1,11,receive_authenticate_accumulate,0.017220201,0.017220130
1,11,receive_authenticate_accumulate,0.000050055,0.000050000
1,11,reading_commitment_and_shares,0.026239132,0.026209926
1,11,receive_authenticate_accumulate,0.017227645,0.017227648
1,11,receive_authenticate_accumulate,0.000050147,0.000050074
1,11,receive_authenticate_accumulate,0.017229053,0.017229037
1,11,receive_authenticate_accumulate,0.000051074,0.000051056
1,11,receive_authenticate_accumulate,0.017229293,0.017229371
1,11,receive_authenticate_accumulate,0.000050499,0.000050500
1,11,round_coverage,0.000003111,0.000002630
1,11,spatial_report,0.000040389,0.000040185
1,12,round_reset,0.000008982,0.000008093
1,12,receive_authenticate_accumulate,0.017257646,0.017257333
1,12,receive_authenticate_accumulate,0.000052518,0.000052500
1,12,receive_authenticate_accumulate,0.017240517,0.017240518
1,12,receive_authenticate_accumulate,0.000050018,0.000049926
1,12,receive_authenticate_accumulate,0.017225294,0.017225241
1,12,receive_authenticate_accumulate,0.000050351,0.000050314
1,12,receive_authenticate_accumulate,0.017217998,0.017217981
1,12,receive_authenticate_accumulate,0.000050981,0.000050944
1,12,receive_authenticate_accumulate,0.017220349,0.017220407
1,12,receive_authenticate_accumulate,0.000050944,0.000050982
1,12,receive_authenticate_accumulate,0.017230776,0.017230722
1,12,receive_authenticate_accumulate,0.000051592,0.000051518
1,12,receive_authenticate_accumulate,0.017221035,0.017220981
1,12,receive_authenticate_accumulate,0.000050982,0.000050944
1,12,receive_authenticate_accumulate,0.017231461,0.017231648
1,12,receive_authenticate_accumulate,0.000049870,0.000049889
1,12,receive_authenticate_accumulate,0.017227832,0.017227852
1,12,receive_authenticate_accumulate,0.000050481,0.000050537
1,12,receive_authenticate_accumulate,0.017233424,0.017233333
1,12,receive_authenticate_accumulate,0.000050963,0.000050926
1,12,receive_authenticate_accumulate,0.017235184,0.017235093
1,12,receive_authenticate_accumulate,0.000049981,0.000049963
1,12,receive_authenticate_accumulate,0.017229165,0.017229222
1,12,receive_authenticate_accumulate,0.000050240,0.000050296
1,12,receive_authenticate_accumulate,0.017229665,0.017229574
1,12,receive_authenticate_accumulate,0.000051073,0.000051092
1,12,receive_authenticate_accumulate,0.017237313,0.017237259
1,12,receive_authenticate_accumulate,0.000049500,0.000049519
1,12,receive_authenticate_accumulate,0.017264683,0.017244925
1,12,receive_authenticate_accumulate,0.000050944,0.000051000
1,12,receive_authenticate_accumulate,0.017233683,0.017233685
1,12,receive_authenticate_accumulate,0.000051259,0.000051222
1,12,receive_authenticate_accumulate,0.017224999,0.017224889
1,12,receive_authenticate_accumulate,0.000050796,0.000050834
1,12,reading_commitment_and_shares,0.026187597,0.026187889
1,12,receive_authenticate_accumulate,0.017227443,0.017227500
1,12,receive_authenticate_accumulate,0.000050963,0.000050981
1,12,receive_authenticate_accumulate,0.017225313,0.017225408
1,12,receive_authenticate_accumulate,0.000050204,0.000050259
1,12,receive_authenticate_accumulate,0.017216442,0.017216537
1,12,receive_authenticate_accumulate,0.000049926,0.000049870
1,12,round_coverage,0.000003166,0.000002704
1,12,spatial_report,0.000040426,0.000040296
1,13,round_reset,0.000009222,0.000008000
1,13,receive_authenticate_accumulate,0.017272999,0.017247017
1,13,receive_authenticate_accumulate,0.000051148,0.000051148
1,13,receive_authenticate_accumulate,0.017219869,0.017219852
1,13,receive_authenticate_accumulate,0.000049167,0.000049204
1,13,receive_authenticate_accumulate,0.017226407,0.017226426
1,13,receive_authenticate_accumulate,0.000049777,0.000049796
1,13,receive_authenticate_accumulate,0.017232907,0.017232796
1,13,receive_authenticate_accumulate,0.000051500,0.000051574
1,13,receive_authenticate_accumulate,0.017224573,0.017224537
1,13,receive_authenticate_accumulate,0.000051166,0.000051278
1,13,receive_authenticate_accumulate,0.017229166,0.017229333
1,13,receive_authenticate_accumulate,0.000051093,0.000051129
1,13,receive_authenticate_accumulate,0.017224370,0.017224277
1,13,receive_authenticate_accumulate,0.000049981,0.000049981
1,13,receive_authenticate_accumulate,0.017229795,0.017229889
1,13,receive_authenticate_accumulate,0.000050722,0.000050722
1,13,receive_authenticate_accumulate,0.017225610,0.017225685
1,13,receive_authenticate_accumulate,0.000050277,0.000050204
1,13,receive_authenticate_accumulate,0.017234906,0.017234852
1,13,receive_authenticate_accumulate,0.000048796,0.000048834
1,13,receive_authenticate_accumulate,0.017229388,0.017229426
1,13,receive_authenticate_accumulate,0.000049741,0.000049722
1,13,receive_authenticate_accumulate,0.017220851,0.017220796
1,13,receive_authenticate_accumulate,0.000049037,0.000048982
1,13,receive_authenticate_accumulate,0.017268647,0.017242814
1,13,receive_authenticate_accumulate,0.000063945,0.000063908
1,13,receive_authenticate_accumulate,0.017223389,0.017223277
1,13,receive_authenticate_accumulate,0.000048370,0.000048426
1,13,receive_authenticate_accumulate,0.017289888,0.017248221
1,13,receive_authenticate_accumulate,0.000048352,0.000048389
1,13,receive_authenticate_accumulate,0.017220925,0.017220889
1,13,receive_authenticate_accumulate,0.000050148,0.000050222
1,13,receive_authenticate_accumulate,0.017230759,0.017230815
1,13,receive_authenticate_accumulate,0.000078815,0.000078778
1,13,reading_commitment_and_shares,0.026203173,0.026203648
1,13,receive_authenticate_accumulate,0.017230166,0.017230203
1,13,receive_authenticate_accumulate,0.000050389,0.000050314
1,13,receive_authenticate_accumulate,0.017221981,0.017222018
1,13,receive_authenticate_accumulate,0.000049166,0.000049185
1,13,receive_authenticate_accumulate,0.017231629,0.017231666
1,13,receive_authenticate_accumulate,0.000050055,0.000050019
1,13,round_coverage,0.000002926,0.000002463
1,13,spatial_report,0.000038888,0.000038666
1,14,round_reset,0.000009056,0.000008037
1,14,receive_authenticate_accumulate,0.017228685,0.017228722
1,14,receive_authenticate_accumulate,0.000064499,0.000064500
1,14,receive_authenticate_accumulate,0.017233389,0.017233555
1,14,receive_authenticate_accumulate,0.000049129,0.000049129
1,14,receive_authenticate_accumulate,0.017230778,0.017230871
1,14,receive_authenticate_accumulate,0.000051370,0.000051407
1,14,receive_authenticate_accumulate,0.017223611,0.017223611
1,14,receive_authenticate_accumulate,0.000049741,0.000049667
1,14,receive_authenticate_accumulate,0.017232204,0.017232259
1,14,receive_authenticate_accumulate,0.000051925,0.000052055
1,14,receive_authenticate_accumulate,0.017227630,0.017227629
1,14,receive_authenticate_accumulate,0.000050593,0.000050612
1,14,receive_authenticate_accumulate,0.017221611,0.017221574
1,14,receive_authenticate_accumulate,0.000051778,0.000051870
1,14,receive_authenticate_accumulate,0.017230334,0.017230277
1,14,receive_authenticate_accumulate,0.000050000,0.000050000
1,14,receive_authenticate_accumulate,0.017230592,0.017230704
1,14,receive_authenticate_accumulate,0.000050222,0.000050241
1,14,receive_authenticate_accumulate,0.017234352,0.017234444
1,14,receive_authenticate_accumulate,0.000048537,0.000048574
1,14,receive_authenticate_accumulate,0.017219111,0.017219112
1,14,receive_authenticate_accumulate,0.000051278,0.000051277
1,14,receive_authenticate_accumulate,0.017224278,0.017224314
1,14,receive_authenticate_accumulate,0.000049907,0.000050000
1,14,receive_authenticate_accumulate,0.017232389,0.017232389
1,14,receive_authenticate_accumulate,0.000051833,0.000051852
1,14,receive_authenticate_accumulate,0.017227463,0.017227407
1,14,receive_authenticate_accumulate,0.000049352,0.000049407
1,14,receive_authenticate_accumulate,0.017227297,0.017227315
1,14,receive_authenticate_accumulate,0.000050425,0.000050444
1,14,receive_authenticate_accumulate,0.017224963,0.017225148
1,14,receive_authenticate_accumulate,0.000049666,0.000049704
1,14,receive_authenticate_accumulate,0.017229186,0.017229277
1,14,receive_authenticate_accumulate,0.000049574,0.000049704
1,14,reading_commitment_and_shares,0.026228803,0.026229018
1,14,receive_authenticate_accumulate,0.017247074,0.017236296
1,14,receive_authenticate_accumulate,0.000049444,0.000049426
1,14,receive_authenticate_accumulate,0.017224704,0.017224722
1,14,receive_authenticate_accumulate,0.000048592,0.000048648
1,14,receive_authenticate_accumulate,0.017237093,0.017237018
1,14,receive_authenticate_accumulate,0.000049962,0.000050018
1,14,round_coverage,0.000003389,0.000002907
1,14,spatial_report,0.000039222,0.000039037
1,15,round_reset,0.000009815,0.000008481
1,15,receive_authenticate_accumulate,0.017227686,0.017227797
1,15,receive_authenticate_accumulate,0.000076481,0.000076444
1,15,receive_authenticate_accumulate,0.017220760,0.017220814
1,15,receive_authenticate_accumulate,0.000047759,0.000047870
1,15,receive_authenticate_accumulate,0.017220779,0.017220926
1,15,receive_authenticate_accumulate,0.000046573,0.000046574
1,15,receive_authenticate_accumulate,0.017224353,0.017224315
1,15,receive_authenticate_accumulate,0.000048593,0.000048685
1,15,receive_authenticate_accumulate,0.017248020,0.017237796
1,15,receive_authenticate_accumulate,0.000047833,0.000047944
1,15,receive_authenticate_accumulate,0.017229686,0.017229703
1,15,receive_authenticate_accumulate,0.000048981,0.000049055
1,15,receive_authenticate_accumulate,0.017224797,0.017224833
1,15,receive_authenticate_accumulate,0.000048074,0.000048111
1,15,receive_authenticate_accumulate,0.017232593,0.017232592
1,15,receive_authenticate_accumulate,0.000049852,0.000049871
1,15,receive_authenticate_accumulate,0.017215224,0.017215259
1,15,receive_authenticate_accumulate,0.000048185,0.000048222
1,15,receive_authenticate_accumulate,0.017262038,0.017250297
1,15,receive_authenticate_accumulate,0.000050518,0.000050500
1,15,receive_authenticate_accumulate,0.017218130,0.017218204
1,15,receive_authenticate_accumulate,0.000048315,0.000048315
1,15,receive_authenticate_accumulate,0.017221687,0.017221722
1,15,receive_authenticate_accumulate,0.000049351,0.000049389
1,15,receive_authenticate_accumulate,0.017228020,0.017227870
1,15,receive_authenticate_accumulate,0.000048999,0.000048982
1,15,receive_authenticate_accumulate,0.017221853,0.017221833
1,15,receive_authenticate_accumulate,0.000049333,0.000049315
1,15,receive_authenticate_accumulate,0.017231297,0.017231389
1,15,receive_authenticate_accumulate,0.000049630,0.000049629
1,15,receive_authenticate_accumulate,0.017230371,0.017230407
1,15,receive_authenticate_accumulate,0.000049370,0.000049408
1,15,receive_authenticate_accumulate,0.017272075,0.017242648
1,15,receive_authenticate_accumulate,0.000049555,0.000049629
1,15,reading_commitment_and_shares,0.026189732,0.026190000
1,15,receive_authenticate_accumulate,0.017221501,0.017221556
1,15,receive_authenticate_accumulate,0.000052425,0.000052482
1,15,receive_authenticate_accumulate,0.017222557,0.017222555
1,15,receive_authenticate_accumulate,0.000050259,0.000050204
1,15,receive_authenticate_accumulate,0.017231538,0.017231518
1,15,receive_authenticate_accumulate,0.000049685,0.000049629
1,15,round_coverage,0.000003389,0.000002852
1,15,spatial_report,0.000039185,0.000039000
1,16,round_reset,0.000008759,0.000007426
1,16,receive_authenticate_accumulate,0.017226243,0.017226314
1,16,receive_authenticate_accumulate,0.000049444,0.000049407
1,16,receive_authenticate_accumulate,0.017223372,0.017223241
1,16,receive_authenticate_accumulate,0.000049315,0.000049445
1,16,receive_authenticate_accumulate,0.017230224,0.017230111
1,16,receive_authenticate_accumulate,0.000049926,0.000049870
1,16,receive_authenticate_accumulate,0.017226243,0.017226093
1,16,receive_authenticate_accumulate,0.000049463,0.000049426
1,16,receive_authenticate_accumulate,0.017232409,0.017232407
1,16,receive_authenticate_accumulate,0.000062851,0.000062963
1,16,receive_authenticate_accumulate,0.017220631,0.017220444
1,16,receive_authenticate_accumulate,0.000049241,0.000049259
1,16,receive_authenticate_accumulate,0.017230391,0.017230445
1,16,receive_authenticate_accumulate,0.000050555,0.000050593
1,16,receive_authenticate_accumulate,0.017224520,0.017224592
1,16,receive_authenticate_accumulate,0.000049389,0.000049389
1,16,receive_authenticate_accumulate,0.017228446,0.017228555
1,16,receive_authenticate_accumulate,0.000048833,0.000048926
1,16,receive_authenticate_accumulate,0.017220095,0.017220203
1,16,receive_authenticate_accumulate,0.000052092,0.000052167
1,16,receive_authenticate_accumulate,0.017222743,0.017222852
1,16,receive_authenticate_accumulate,0.000050426,0.000050315
1,16,receive_authenticate_accumulate,0.017250039,0.017250074
1,16,receive_authenticate_accumulate,0.000051037,0.000051074
1,16,receive_authenticate_accumulate,0.017226373,0.017226111
1,16,receive_authenticate_accumulate,0.000049815,0.000049963
1,16,receive_authenticate_accumulate,0.017225576,0.017225630
1,16,receive_authenticate_accumulate,0.000050241,0.000050185
1,16,receive_authenticate_accumulate,0.017251557,0.017243315
1,16,receive_authenticate_accumulate,0.000048963,0.000048870
1,16,receive_authenticate_accumulate,0.017229595,0.017229648
1,16,receive_authenticate_accumulate,0.000048647,0.000048685
1,16,receive_authenticate_accumulate,0.017228335,0.017228352
1,16,receive_authenticate_accumulate,0.000048647,0.000048685
1,16,reading_commitment_and_shares,0.026258603,0.026221221
1,16,receive_authenticate_accumulate,0.017226984,0.017227148
1,16,receive_authenticate_accumulate,0.000050408,0.000050445
1,16,receive_authenticate_accumulate,0.017226280,0.017226204
1,16,receive_authenticate_accumulate,0.000049500,0.000049518
1,16,receive_authenticate_accumulate,0.017234724,0.017234722
1,16,receive_authenticate_accumulate,0.000050462,0.000050518
1,16,round_coverage,0.000003482,0.000003055
1,16,spatial_report,0.000038426,0.000038296
1,17,round_reset,0.000008963,0.000007815
1,17,receive_authenticate_accumulate,0.017225984,0.017226056
1,17,receive_authenticate_accumulate,0.000049926,0.000050018
1,17,receive_authenticate_accumulate,0.017229003,0.017229055
1,17,receive_authenticate_accumulate,0.000050074,0.000050148
1,17,receive_authenticate_accumulate,0.017231687,0.017231722
1,17,receive_authenticate_accumulate,0.000049314,0.000049296
1,17,receive_authenticate_accumulate,0.017221577,0.017221537
1,17,receive_authenticate_accumulate,0.000049148,0.000049259
1,17,receive_authenticate_accumulate,0.017237688,0.017237648
1,17,receive_authenticate_accumulate,0.000050426,0.000050445
1,17,receive_authenticate_accumulate,0.017228891,0.017229037
1,17,receive_authenticate_accumulate,0.000050407,0.000050500
1,17,receive_authenticate_accumulate,0.017225225,0.017225333
1,17,receive_authenticate_accumulate,0.000050148,0.000050185
1,17,receive_authenticate_accumulate,0.017228299,0.017228204
1,17,receive_authenticate_accumulate,0.000049148,0.000049222
1,17,receive_authenticate_accumulate,0.017285299,0.017242148
1,17,receive_authenticate_accumulate,0.000064722,0.000064741
1,17,receive_authenticate_accumulate,0.017228670,0.017228796
1,17,receive_authenticate_accumulate,0.000051499,0.000051481
1,17,receive_authenticate_accumulate,0.017234076,0.017234203
1,17,receive_authenticate_accumulate,0.000050574,0.000050630
1,17,receive_authenticate_accumulate,0.017230780,0.017230815
1,17,receive_authenticate_accumulate,0.000049370,0.000049444
1,17,receive_authenticate_accumulate,0.017260873,0.017247018
1,17,receive_authenticate_accumulate,0.000049870,0.000049908
1,17,receive_authenticate_accumulate,0.017226076,0.017226093
1,17,receive_authenticate_accumulate,0.000049278,0.000049333
1,17,receive_authenticate_accumulate,0.017220651,0.017220685
1,17,receive_authenticate_accumulate,0.000049667,0.000049704
1,17,receive_authenticate_accumulate,0.017232892,0.017232870
1,17,receive_authenticate_accumulate,0.000050352,0.000050426
1,17,receive_authenticate_accumulate,0.017219429,0.017219518
1,17,receive_authenticate_accumulate,0.000048592,0.000048630
1,17,reading_commitment_and_shares,0.026197104,0.026197167
1,17,receive_authenticate_accumulate,0.017239854,0.017240037
1,17,receive_authenticate_accumulate,0.000049555,0.000049556
1,17,receive_authenticate_accumulate,0.017240169,0.017240260
1,17,receive_authenticate_accumulate,0.000050777,0.000050814
1,17,receive_authenticate_accumulate,0.017222484,0.017222537
1,17,receive_authenticate_accumulate,0.000049167,0.000049130
1,17,round_coverage,0.000003167,0.000002722
1,17,spatial_report,0.000039148,0.000038981
1,18,round_reset,0.000010166,0.000008723
1,18,receive_authenticate_accumulate,0.017229189,0.017229204
1,18,receive_authenticate_accumulate,0.000050370,0.000050371
1,18,receive_authenticate_accumulate,0.017220781,0.017220834
1,18,receive_authenticate_accumulate,0.000050296,0.000050297
1,18,receive_authenticate_accumulate,0.017223300,0.017223370
1,18,receive_authenticate_accumulate,0.000050518,0.000050556
1,18,receive_authenticate_accumulate,0.017238892,0.017238870
1,18,receive_authenticate_accumulate,0.000048981,0.000049037
1,18,receive_authenticate_accumulate,0.017283689,0.017239186
1,18,receive_authenticate_accumulate,0.000049370,0.000049482
1,18,receive_authenticate_accumulate,0.017227152,0.017227185
1,18,receive_authenticate_accumulate,0.000049981,0.000050037
1,18,receive_authenticate_accumulate,0.017232873,0.017232833
1,18,receive_authenticate_accumulate,0.000050647,0.000050741
1,18,receive_authenticate_accumulate,0.017220763,0.017220741
1,18,receive_authenticate_accumulate,0.000048999,0.000049130
1,18,receive_authenticate_accumulate,0.017263188,0.017237001
1,18,receive_authenticate_accumulate,0.000050740,0.000050796
1,18,receive_authenticate_accumulate,0.017227059,0.017227260
1,18,receive_authenticate_accumulate,0.000051259,0.000051167
1,18,receive_authenticate_accumulate,0.017223022,0.017222945
1,18,receive_authenticate_accumulate,0.000050203,0.000050240
1,18,receive_authenticate_accumulate,0.017225374,0.017225296
1,18,receive_authenticate_accumulate,0.000049963,0.000049982
1,18,receive_authenticate_accumulate,0.017227114,0.017226889
1,18,receive_authenticate_accumulate,0.000050351,0.000050389
1,18,receive_authenticate_accumulate,0.017221744,0.017221796
1,18,receive_authenticate_accumulate,0.000049740,0.000049778
1,18,receive_authenticate_accumulate,0.017229855,0.017229870
1,18,receive_authenticate_accumulate,0.000050000,0.000050000
1,18,receive_authenticate_accumulate,0.017276059,0.017233407
1,18,receive_authenticate_accumulate,0.000049981,0.000050019
1,18,receive_authenticate_accumulate,0.017219152,0.017219259
1,18,receive_authenticate_accumulate,0.000049222,0.000049241
1,18,reading_commitment_and_shares,0.026199272,0.026199537
1,18,receive_authenticate_accumulate,0.017242485,0.017242315
1,18,receive_authenticate_accumulate,0.000051740,0.000051722
1,18,receive_authenticate_accumulate,0.017223189,0.017223167
1,18,receive_authenticate_accumulate,0.000049815,0.000049833
1,18,receive_authenticate_accumulate,0.017234262,0.017234204
1,18,receive_authenticate_accumulate,0.000050759,0.000050703
1,18,round_coverage,0.000003371,0.000002852
1,18,spatial_report,0.000040056,0.000039926
1,19,round_reset,0.000009592,0.000007797
1,19,receive_authenticate_accumulate,0.017228764,0.017228834
1,19,receive_authenticate_accumulate,0.000049629,0.000049704
1,19,receive_authenticate_accumulate,0.017280411,0.017234760
1,19,receive_authenticate_accumulate,0.000052130,0.000052129
1,19,receive_authenticate_accumulate,0.017226356,0.017226203
1,19,receive_authenticate_accumulate,0.000049037,0.000049093
1,19,receive_authenticate_accumulate,0.017233486,0.017233315
1,19,receive_authenticate_accumulate,0.000050000,0.000049981
1,19,receive_authenticate_accumulate,0.017230356,0.017230500
1,19,receive_authenticate_accumulate,0.000049333,0.000049389
1,19,receive_authenticate_accumulate,0.017227208,0.017227130
1,19,receive_authenticate_accumulate,0.000049351,0.000049426
1,19,receive_authenticate_accumulate,0.017226301,0.017226203
1,19,receive_authenticate_accumulate,0.000049777,0.000049777
1,19,receive_authenticate_accumulate,0.017227356,0.017227203
1,19,receive_authenticate_accumulate,0.000050296,0.000050333
1,19,receive_authenticate_accumulate,0.017223189,0.017223222
1,19,receive_authenticate_accumulate,0.000048241,0.000048222
1,19,receive_authenticate_accumulate,0.017219986,0.017219907
1,19,receive_authenticate_accumulate,0.000049407,0.000049425
1,19,receive_authenticate_accumulate,0.017225616,0.017225314
1,19,receive_authenticate_accumulate,0.000050444,0.000050463
1,19,receive_authenticate_accumulate,0.017228041,0.017228167
1,19,receive_authenticate_accumulate,0.000048259,0.000048315
1,19,receive_authenticate_accumulate,0.017269819,0.017246315
1,19,receive_authenticate_accumulate,0.000049851,0.000049814
1,19,receive_authenticate_accumulate,0.017221300,0.017221204
1,19,receive_authenticate_accumulate,0.000047981,0.000047981
1,19,receive_authenticate_accumulate,0.017229356,0.017229481
1,19,receive_authenticate_accumulate,0.000049259,0.000049278
1,19,receive_authenticate_accumulate,0.017226245,0.017226167
1,19,receive_authenticate_accumulate,0.000047944,0.000047982
1,19,receive_authenticate_accumulate,0.017236578,0.017236426
1,19,receive_authenticate_accumulate,0.000047481,0.000047500
1,19,reading_commitment_and_shares,0.026229773,0.026201907
1,19,receive_authenticate_accumulate,0.017228411,0.017228222
1,19,receive_authenticate_accumulate,0.000049092,0.000049037
1,19,receive_authenticate_accumulate,0.017222615,0.017222481
1,19,receive_authenticate_accumulate,0.000049759,0.000049815
1,19,receive_authenticate_accumulate,0.017293689,0.017256555
1,19,receive_authenticate_accumulate,0.000054019,0.000053944
1,19,round_coverage,0.000003407,0.000002908
1,19,spatial_report,0.000040555,0.000040444
1,19,billing_report,0.000443239,0.000443111
2,20,period_reset,0.000025241,0.000023574
2,20,receive_authenticate_accumulate,0.000094296,0.000094111
2,20,receive_authenticate_accumulate,0.000092500,0.000092389
2,20,receive_authenticate_accumulate,0.000091277,0.000091166
2,20,receive_authenticate_accumulate,0.000091295,0.000091185
2,20,receive_authenticate_accumulate,0.000088758,0.000088722
2,20,receive_authenticate_accumulate,0.000088907,0.000088741
2,20,receive_authenticate_accumulate,0.000089426,0.000089315
2,20,receive_authenticate_accumulate,0.000093832,0.000093722
2,20,receive_authenticate_accumulate,0.000128869,0.000128759
2,20,receive_authenticate_accumulate,0.000089722,0.000089574
2,20,receive_authenticate_accumulate,0.000088444,0.000087889
2,20,receive_authenticate_accumulate,0.000088759,0.000088556
2,20,receive_authenticate_accumulate,0.000089999,0.000089593
2,20,receive_authenticate_accumulate,0.000089648,0.000089426
2,20,receive_authenticate_accumulate,0.000090685,0.000090371
2,20,receive_authenticate_accumulate,0.000091777,0.000091611
2,20,receive_authenticate_accumulate,0.000041370,0.000041296
2,20,randomness_commit,0.000296369,0.000296000
2,20,receive_authenticate_accumulate,0.000035667,0.000035593
2,20,receive_authenticate_accumulate,0.000038129,0.000038093
2,20,receive_authenticate_accumulate,0.000040167,0.000040186
2,20,receive_authenticate_accumulate,0.000046055,0.000046000
2,20,receive_authenticate_accumulate,0.000048185,0.000048148
2,20,receive_authenticate_accumulate,0.000059629,0.000059593
2,20,receive_authenticate_accumulate,0.000041352,0.000041241
2,20,receive_authenticate_accumulate,0.000046277,0.000046315
2,20,receive_authenticate_accumulate,0.000040722,0.000040686
2,20,receive_authenticate_accumulate,0.000046259,0.000046296
2,20,receive_authenticate_accumulate,0.000046444,0.000046445
2,20,receive_authenticate_accumulate,0.000039463,0.000039315
2,20,receive_authenticate_accumulate,0.000045815,0.000045889
2,20,receive_authenticate_accumulate,0.000045666,0.000045667
2,20,receive_authenticate_accumulate,0.000040556,0.000040426
2,20,receive_authenticate_accumulate,0.000045370,0.000045277
2,20,receive_authenticate_accumulate,0.000046796,0.000046778
2,20,receive_authenticate_accumulate,0.000039833,0.000039722
2,20,receive_authenticate_accumulate,0.000045926,0.000045907
2,20,receive_authenticate_accumulate,0.000042185,0.000042148
2,20,randomness_reveal,0.000311961,0.000311907
2,20,receive_authenticate_accumulate,0.000045167,0.000045130
2,20,receive_authenticate_accumulate,0.000045278,0.000045240
2,20,receive_authenticate_accumulate,0.000039000,0.000038963
2,20,committee_selection,0.000084499,0.000084371
2,20,round_reset,0.000003241,0.000002815
2,20,receive_authenticate_accumulate,0.017224042,0.017224037
2,20,receive_authenticate_accumulate,0.017237838,0.017237852
2,20,receive_authenticate_accumulate,0.017230579,0.017230370
2,20,receive_authenticate_accumulate,0.017224117,0.017224111
2,20,receive_authenticate_accumulate,0.017232764,0.017232629
2,20,receive_authenticate_accumulate,0.017221060,0.017221093
2,20,receive_authenticate_accumulate,0.017233282,0.017233259
2,20,receive_authenticate_accumulate,0.017236486,0.017236407
2,20,receive_authenticate_accumulate,0.017241634,0.017241574
2,20,receive_authenticate_accumulate,0.017231486,0.017231407
2,20,receive_authenticate_accumulate,0.017239301,0.017239204
2,20,receive_authenticate_accumulate,0.017225301,0.017225333
2,20,receive_authenticate_accumulate,0.017263542,0.017245223
2,20,receive_authenticate_accumulate,0.017232671,0.017232611
2,20,receive_authenticate_accumulate,0.017229616,0.017229574
2,20,receive_authenticate_accumulate,0.017231339,0.017231296
2,20,receive_authenticate_accumulate,0.017232727,0.017232574
2,20,reading_commitment_and_shares,0.026207774,0.026208407
2,20,receive_authenticate_accumulate,0.017234857,0.017234760
2,20,receive_authenticate_accumulate,0.017231209,0.017231185
2,20,receive_authenticate_accumulate,0.017222209,0.017222019
2,20,round_coverage,0.000003982,0.000003407
2,21,round_reset,0.000009519,0.000008334
2,21,receive_authenticate_accumulate,0.017237413,0.017237277
2,21,receive_authenticate_accumulate,0.017281987,0.017253314
2,21,receive_authenticate_accumulate,0.017229561,0.017229537
2,21,receive_authenticate_accumulate,0.017253746,0.017241593
2,21,receive_authenticate_accumulate,0.017250302,0.017237037
2,21,receive_authenticate_accumulate,0.017232747,0.017232741
2,21,receive_authenticate_accumulate,0.017236394,0.017241167
2,21,receive_authenticate_accumulate,0.017236302,0.017236222
2,21,receive_authenticate_accumulate,0.017221376,0.017221389
2,21,receive_authenticate_accumulate,0.017227506,0.017227537
2,21,receive_authenticate_accumulate,0.017224173,0.017224037
2,21,receive_authenticate_accumulate,0.017227783,0.017227815
2,21,receive_authenticate_accumulate,0.017224987,0.017225056
2,21,receive_authenticate_accumulate,0.017251764,0.017241760
2,21,receive_authenticate_accumulate,0.017222413,0.017222370
2,21,receive_authenticate_accumulate,0.017241413,0.017241445
2,21,receive_authenticate_accumulate,0.017258190,0.017249166
2,21,reading_commitment_and_shares,0.026203127,0.026203463
2,21,receive_authenticate_accumulate,0.017231802,0.017231759
2,21,receive_authenticate_accumulate,0.017234247,0.017234222
2,21,receive_authenticate_accumulate,0.017233339,0.017233334
2,21,round_coverage,0.000003352,0.000002889
2,22,round_reset,0.000009778,0.000008685
2,22,receive_authenticate_accumulate,0.017217117,0.017217315
2,22,receive_authenticate_accumulate,0.017237062,0.017236888
2,22,receive_authenticate_accumulate,0.017223581,0.017223648
2,22,receive_authenticate_accumulate,0.017263709,0.017244981
2,22,receive_authenticate_accumulate,0.017235951,0.017236092
2,22,receive_authenticate_accumulate,0.017263024,0.017246001
2,22,receive_authenticate_accumulate,0.017230691,0.017230722
2,22,receive_authenticate_accumulate,0.017228265,0.017228240
2,22,receive_authenticate_accumulate,0.017234895,0.017235037
2,22,receive_authenticate_accumulate,0.017233192,0.017233388
2,22,receive_authenticate_accumulate,0.017223006,0.017223111
2,22,receive_authenticate_accumulate,0.017232561,0.017232611
2,22,receive_authenticate_accumulate,0.017229710,0.017229574
2,22,receive_authenticate_accumulate,0.017236913,0.017236945
2,22,receive_authenticate_accumulate,0.017226729,0.017226814
2,22,receive_authenticate_accumulate,0.017234822,0.017234815
2,22,receive_authenticate_accumulate,0.017233488,0.017233518
2,22,reading_commitment_and_shares,0.026210016,0.026210111
2,22,receive_authenticate_accumulate,0.017269432,0.017242481
2,22,receive_authenticate_accumulate,0.017236747,0.017236778
2,22,receive_authenticate_accumulate,0.017232469,0.017221056
2,22,round_coverage,0.000003426,0.000003019
2,23,round_reset,0.000009500,0.000008315
2,23,receive_authenticate_accumulate,0.017235025,0.017235037
2,23,receive_authenticate_accumulate,0.017226488,0.017226445
2,23,receive_authenticate_accumulate,0.017236877,0.017236815
2,23,receive_authenticate_accumulate,0.017240507,0.017240574
2,23,receive_authenticate_accumulate,0.017230488,0.017230296
2,23,receive_authenticate_accumulate,0.017234154,0.017234314
2,23,receive_authenticate_accumulate,0.017250359,0.017239926
2,23,receive_authenticate_accumulate,0.017222952,0.017222871
2,23,receive_authenticate_accumulate,0.017226340,0.017226278
2,23,receive_authenticate_accumulate,0.017233896,0.017233833
2,23,receive_authenticate_accumulate,0.017224803,0.017224833
2,23,receive_authenticate_accumulate,0.017221173,0.017221129
2,23,receive_authenticate_accumulate,0.017231636,0.017231555
2,23,receive_authenticate_accumulate,0.017230137,0.017230166
2,23,receive_authenticate_accumulate,0.017220951,0.017220889
2,23,receive_authenticate_accumulate,0.017229007,0.017228963
2,23,receive_authenticate_accumulate,0.017249747,0.017242481
2,23,reading_commitment_and_shares,0.026199611,0.026199592
2,23,receive_authenticate_accumulate,0.017237136,0.017237074
2,23,receive_authenticate_accumulate,0.017278081,0.017242388
2,23,receive_authenticate_accumulate,0.017224451,0.017224463
2,23,round_coverage,0.000004056,0.000003556
2,24,round_reset,0.000008629,0.000007352
2,24,receive_authenticate_accumulate,0.017234230,0.017234222
2,24,receive_authenticate_accumulate,0.017232341,0.017232315
2,24,receive_authenticate_accumulate,0.017227359,0.017227408
2,24,receive_authenticate_accumulate,0.017225619,0.017225759
2,24,receive_authenticate_accumulate,0.017235711,0.017235796
2,24,receive_authenticate_accumulate,0.017232044,0.017232185
2,24,receive_authenticate_accumulate,0.017233063,0.017233093
2,24,receive_authenticate_accumulate,0.017236082,0.017235982
2,24,receive_authenticate_accumulate,0.017228082,0.017228000
2,24,receive_authenticate_accumulate,0.017229600,0.017229556
2,24,receive_authenticate_accumulate,0.017232026,0.017232167
2,24,receive_authenticate_accumulate,0.017249118,0.017237352
2,24,receive_authenticate_accumulate,0.017221915,0.017221760
2,24,receive_authenticate_accumulate,0.017229804,0.017229686
2,24,receive_authenticate_accumulate,0.017239137,0.017239037
2,24,receive_authenticate_accumulate,0.017219063,0.017218962
2,24,receive_authenticate_accumulate,0.017222544,0.017222463
2,24,reading_commitment_and_shares,0.026199945,0.026200000
2,24,receive_authenticate_accumulate,0.017226378,0.017226166
2,24,receive_authenticate_accumulate,0.017217230,0.017217241
2,24,receive_authenticate_accumulate,0.017237785,0.017238055
2,24,round_coverage,0.000003389,0.000002852
2,25,round_reset,0.000008797,0.000007537
2,25,receive_authenticate_accumulate,0.017231600,0.017231704
2,25,receive_authenticate_accumulate,0.017227952,0.017227963
2,25,receive_authenticate_accumulate,0.017223674,0.017223703
2,25,receive_authenticate_accumulate,0.017229582,0.017229555
2,25,receive_authenticate_accumulate,0.017224582,0.017224444
2,25,receive_authenticate_accumulate,0.017227564,0.017227463
2,25,receive_authenticate_accumulate,0.017235675,0.017235722
2,25,receive_authenticate_accumulate,0.017223841,0.017223815
2,25,receive_authenticate_accumulate,0.017232156,0.017232074
2,25,receive_authenticate_accumulate,0.017236119,0.017235889
2,25,receive_authenticate_accumulate,0.017229323,0.017229167
2,25,receive_authenticate_accumulate,0.017246878,0.017237667
2,25,receive_authenticate_accumulate,0.017221508,0.017221481
2,25,receive_authenticate_accumulate,0.017232211,0.017232111
2,25,receive_authenticate_accumulate,0.017233841,0.017233741
2,25,receive_authenticate_accumulate,0.017225008,0.017224945
2,25,receive_authenticate_accumulate,0.017223063,0.017222926
2,25,reading_commitment_and_shares,0.026213908,0.026213908
2,25,receive_authenticate_accumulate,0.017218767,0.017218703
2,25,receive_authenticate_accumulate,0.017235619,0.017235630
2,25,receive_authenticate_accumulate,0.017231416,0.017231314
2,25,round_coverage,0.000003518,0.000003000
2,26,round_reset,0.000009852,0.000008704
2,26,receive_authenticate_accumulate,0.017264138,0.017240684
2,26,receive_authenticate_accumulate,0.017222879,0.017222981
2,26,receive_authenticate_accumulate,0.017217212,0.017217334
2,26,receive_authenticate_accumulate,0.017226638,0.017226814
2,26,receive_authenticate_accumulate,0.017220527,0.017220611
2,26,receive_authenticate_accumulate,0.017222342,0.017222499
2,26,receive_authenticate_accumulate,0.017228212,0.017228333
2,26,receive_authenticate_accumulate,0.017224638,0.017224740
2,26,receive_authenticate_accumulate,0.017229934,0.017230093
2,26,receive_authenticate_accumulate,0.017219101,0.017219129
2,26,receive_authenticate_accumulate,0.017226694,0.017226759
2,26,receive_authenticate_accumulate,0.017265101,0.017240167
2,26,receive_authenticate_accumulate,0.017225638,0.017225722
2,26,receive_authenticate_accumulate,0.017219861,0.017219889
2,26,receive_authenticate_accumulate,0.017217064,0.017216963
2,26,receive_authenticate_accumulate,0.017229638,0.017229555
2,26,receive_authenticate_accumulate,0.017218897,0.017218833
2,26,reading_commitment_and_shares,0.026263667,0.026223945
2,26,receive_authenticate_accumulate,0.017220435,0.017220611
2,26,receive_authenticate_accumulate,0.017261490,0.017237538
2,26,receive_authenticate_accumulate,0.017218971,0.017218833
2,26,round_coverage,0.000003778,0.000003314
2,27,round_reset,0.000009667,0.000008537
2,27,receive_authenticate_accumulate,0.017223268,0.017223333
2,27,receive_authenticate_accumulate,0.017219250,0.017219278
2,27,receive_authenticate_accumulate,0.017219490,0.017219277
2,27,receive_authenticate_accumulate,0.017257008,0.017235851
2,27,receive_authenticate_accumulate,0.017221287,0.017220981
2,27,receive_authenticate_accumulate,0.017224065,0.017223981
2,27,receive_authenticate_accumulate,0.017231546,0.017231537
2,27,receive_authenticate_accumulate,0.017229582,0.017229518
2,27,receive_authenticate_accumulate,0.017219953,0.017220037
2,27,receive_authenticate_accumulate,0.017225768,0.017225556
2,27,receive_authenticate_accumulate,0.017222657,0.017222593
2,27,receive_authenticate_accumulate,0.017231064,0.017230908
2,27,receive_authenticate_accumulate,0.017229416,0.017229315
2,27,receive_authenticate_accumulate,0.017224046,0.017223945
2,27,receive_authenticate_accumulate,0.017221139,0.017221074
2,27,receive_authenticate_accumulate,0.017226805,0.017226666
2,27,receive_authenticate_accumulate,0.017275786,0.017236944
2,27,reading_commitment_and_shares,0.026213743,0.026213926
2,27,receive_authenticate_accumulate,0.017259379,0.017239353
2,27,receive_authenticate_accumulate,0.017221064,0.017221055
2,27,receive_authenticate_accumulate,0.017223657,0.017223704
2,27,round_coverage,0.000003537,0.000003056
2,28,round_reset,0.000010056,0.000008981
2,28,receive_authenticate_accumulate,0.017223713,0.017223834
2,28,receive_authenticate_accumulate,0.017230787,0.017231111
2,28,receive_authenticate_accumulate,0.017228268,0.017228388
2,28,receive_authenticate_accumulate,0.017225880,0.017225982
2,28,receive_authenticate_accumulate,0.017230120,0.017230260
2,28,receive_authenticate_accumulate,0.017227231,0.017227352
2,28,receive_authenticate_accumulate,0.017224769,0.017224760
2,28,receive_authenticate_accumulate,0.017228805,0.017228796
2,28,receive_authenticate_accumulate,0.017225398,0.017225370
2,28,receive_authenticate_accumulate,0.017227195,0.017227278
2,28,receive_authenticate_accumulate,0.017219861,0.017219870
2,28,receive_authenticate_accumulate,0.017227102,0.017227203
2,28,receive_authenticate_accumulate,0.017227010,0.017227056
2,28,receive_authenticate_accumulate,0.017216379,0.017216482
2,28,receive_authenticate_accumulate,0.017254898,0.017232481
2,28,receive_authenticate_accumulate,0.017229287,0.017229389
2,28,receive_authenticate_accumulate,0.017224898,0.017224944
2,28,reading_commitment_and_shares,0.026238928,0.026239074
2,28,receive_authenticate_accumulate,0.017216102,0.017216222
2,28,receive_authenticate_accumulate,0.017246213,0.017236592
2,28,receive_authenticate_accumulate,0.017225287,0.017225296
2,28,round_coverage,0.000003667,0.000003185
2,29,round_reset,0.000010037,0.000009000
2,29,receive_authenticate_accumulate,0.017229361,0.017229463
2,29,receive_authenticate_accumulate,0.017214547,0.017214555
2,29,receive_authenticate_accumulate,0.017226435,0.017226574
2,29,receive_authenticate_accumulate,0.017226991,0.017227111
2,29,receive_authenticate_accumulate,0.017223565,0.017223629
2,29,receive_authenticate_accumulate,0.017250676,0.017231389
2,29,receive_authenticate_accumulate,0.017222158,0.017222148
2,29,receive_authenticate_accumulate,0.017227769,0.017227518
2,29,receive_authenticate_accumulate,0.017238602,0.017238629
2,29,receive_authenticate_accumulate,0.017237714,0.017237537
2,29,receive_authenticate_accumulate,0.017215491,0.017215574
2,29,receive_authenticate_accumulate,0.017219639,0.017219666
2,29,receive_authenticate_accumulate,0.017228454,0.017228556
2,29,receive_authenticate_accumulate,0.017274231,0.017235091
2,29,receive_authenticate_accumulate,0.017217658,0.017217648
2,29,receive_authenticate_accumulate,0.017228269,0.017228297
2,29,receive_authenticate_accumulate,0.017249010,0.017223851
2,29,reading_commitment_and_shares,0.026199930,0.026200092
2,29,receive_authenticate_accumulate,0.017221917,0.017221981
2,29,receive_authenticate_accumulate,0.017220232,0.017220296
2,29,receive_authenticate_accumulate,0.017219880,0.017219981
2,29,round_coverage,0.000004166,0.000003760
3,30,period_reset,0.000026074,0.000024889
3,30,receive_authenticate_accumulate,0.000097259,0.000097370
3,30,receive_authenticate_accumulate,0.000112573,0.000112759
3,30,receive_authenticate_accumulate,0.000084556,0.000084519
3,30,receive_authenticate_accumulate,0.000083851,0.000083704
3,30,receive_authenticate_accumulate,0.000085944,0.000085759
3,30,receive_authenticate_accumulate,0.000085500,0.000085407
3,30,receive_authenticate_accumulate,0.000084518,0.000084259
3,30,receive_authenticate_accumulate,0.000065592,0.000065629
3,30,receive_authenticate_accumulate,0.000064537,0.000064500
3,30,receive_authenticate_accumulate,0.000065685,0.000065630
3,30,receive_authenticate_accumulate,0.000064963,0.000064926
3,30,receive_authenticate_accumulate,0.000063167,0.000063019
3,30,receive_authenticate_accumulate,0.000063889,0.000063908
3,30,receive_authenticate_accumulate,0.000064204,0.000064259
3,30,receive_authenticate_accumulate,0.000064870,0.000064963
3,30,receive_authenticate_accumulate,0.000064999,0.000065000
3,30,receive_authenticate_accumulate,0.000066333,0.000066297
3,30,randomness_commit,0.000592572,0.000592445
3,30,receive_authenticate_accumulate,0.000063778,0.000063908
3,30,receive_authenticate_accumulate,0.000064481,0.000064685
3,30,receive_authenticate_accumulate,0.000065851,0.000065889
3,30,receive_authenticate_accumulate,0.000079518,0.000079519
3,30,receive_authenticate_accumulate,0.000077907,0.000077926
3,30,receive_authenticate_accumulate,0.000106518,0.000106797
3,30,receive_authenticate_accumulate,0.000079296,0.000079278
3,30,receive_authenticate_accumulate,0.000077610,0.000077593
3,30,receive_authenticate_accumulate,0.000077611,0.000077723
3,30,receive_authenticate_accumulate,0.000078315,0.000078389
3,30,receive_authenticate_accumulate,0.000080351,0.000080130
3,30,receive_authenticate_accumulate,0.000079185,0.000078981
3,30,receive_authenticate_accumulate,0.000047148,0.000047111
3,30,receive_authenticate_accumulate,0.000040185,0.000040278
3,30,receive_authenticate_accumulate,0.000045222,0.000045204
3,30,receive_authenticate_accumulate,0.000073259,0.000073296
3,30,receive_authenticate_accumulate,0.000039185,0.000039130
3,30,receive_authenticate_accumulate,0.000045963,0.000046018
3,30,receive_authenticate_accumulate,0.000039667,0.000039704
3,30,receive_authenticate_accumulate,0.000045240,0.000045278
3,30,randomness_reveal,0.000296054,0.000295944
3,30,receive_authenticate_accumulate,0.000044537,0.000044574
3,30,receive_authenticate_accumulate,0.000038648,0.000038667
3,30,receive_authenticate_accumulate,0.000045167,0.000045074
3,30,committee_selection,0.000082037,0.000082018
3,30,round_reset,0.000003500,0.000003111
3,30,receive_authenticate_accumulate,0.017224140,0.017224130
3,30,receive_authenticate_accumulate,0.000046185,0.000046185
3,30,receive_authenticate_accumulate,0.017267065,0.017241759
3,30,receive_authenticate_accumulate,0.000045815,0.000045834
3,30,receive_authenticate_accumulate,0.017221529,0.017221759
3,30,receive_authenticate_accumulate,0.000045018,0.000044963
3,30,receive_authenticate_accumulate,0.017214399,0.017214537
3,30,receive_authenticate_accumulate,0.000045518,0.000045555
3,30,receive_authenticate_accumulate,0.017275566,0.017236222
3,30,receive_authenticate_accumulate,0.000044074,0.000044093
3,30,receive_authenticate_accumulate,0.017225528,0.017225592
3,30,receive_authenticate_accumulate,0.000042167,0.000042130
3,30,receive_authenticate_accumulate,0.017215640,0.017215722
3,30,receive_authenticate_accumulate,0.000045222,0.000045351
3,30,receive_authenticate_accumulate,0.017222122,0.017222315
3,30,receive_authenticate_accumulate,0.000044352,0.000044351
3,30,receive_authenticate_accumulate,0.017223677,0.017223796
3,30,receive_authenticate_accumulate,0.000044074,0.000044074
3,30,receive_authenticate_accumulate,0.017226288,0.017226592
3,30,receive_authenticate_accumulate,0.000044666,0.000044703
3,30,receive_authenticate_accumulate,0.017231214,0.017231259
3,30,receive_authenticate_accumulate,0.000043796,0.000043778
3,30,receive_authenticate_accumulate,0.017223788,0.017223925
3,30,receive_authenticate_accumulate,0.000044111,0.000044018
3,30,receive_authenticate_accumulate,0.017224695,0.017224814
3,30,receive_authenticate_accumulate,0.000045907,0.000045889
3,30,receive_authenticate_accumulate,0.017261417,0.017239723
3,30,receive_authenticate_accumulate,0.000045167,0.000045204
3,30,receive_authenticate_accumulate,0.017215417,0.017215537
3,30,receive_authenticate_accumulate,0.000044629,0.000044592
3,30,receive_authenticate_accumulate,0.017226343,0.017226500
3,30,receive_authenticate_accumulate,0.000044407,0.000044463
3,30,receive_authenticate_accumulate,0.017213991,0.017214000
3,30,receive_authenticate_accumulate,0.000044759,0.000044796
3,30,reading_commitment_and_shares,0.026192097,0.026192315
3,30,receive_authenticate_accumulate,0.017219751,0.017219796
3,30,receive_authenticate_accumulate,0.000045352,0.000045333
3,30,receive_authenticate_accumulate,0.017213103,0.017213204
3,30,receive_authenticate_accumulate,0.000044092,0.000044093
3,30,receive_authenticate_accumulate,0.017212529,0.017212648
3,30,receive_authenticate_accumulate,0.000042796,0.000042741
3,30,round_coverage,0.000003333,0.000002907
3,30,spatial_report,0.000039815,0.000039685
3,31,round_reset,0.000008852,0.000007722
3,31,receive_authenticate_accumulate,0.017219344,0.017219259
3,31,receive_authenticate_accumulate,0.000047759,0.000047796
3,31,receive_authenticate_accumulate,0.017223047,0.017222981
3,31,receive_authenticate_accumulate,0.000046055,0.000046092
3,31,receive_authenticate_accumulate,0.017217177,0.017217148
3,31,receive_authenticate_accumulate,0.000046685,0.000046722
3,31,receive_authenticate_accumulate,0.017228214,0.017228204
3,31,receive_authenticate_accumulate,0.000046037,0.000046018
3,31,receive_authenticate_accumulate,0.017228881,0.017229037
3,31,receive_authenticate_accumulate,0.000046574,0.000046593
3,31,receive_authenticate_accumulate,0.017222752,0.017222796
3,31,receive_authenticate_accumulate,0.000045833,0.000045871
3,31,receive_authenticate_accumulate,0.017220585,0.017220611
3,31,receive_authenticate_accumulate,0.000047241,0.000047241
3,31,receive_authenticate_accumulate,0.017229936,0.017230092
3,31,receive_authenticate_accumulate,0.000046204,0.000046204
3,31,receive_authenticate_accumulate,0.017261751,0.017237889
3,31,receive_authenticate_accumulate,0.000045370,0.000045407
3,31,receive_authenticate_accumulate,0.017221140,0.017221204
3,31,receive_authenticate_accumulate,0.000048129,0.000048148
3,31,receive_authenticate_accumulate,0.017224418,0.017224445
3,31,receive_authenticate_accumulate,0.000046500,0.000046389
3,31,receive_authenticate_accumulate,0.017226603,0.017226723
3,31,receive_authenticate_accumulate,0.000045185,0.000045167
3,31,receive_authenticate_accumulate,0.017222659,0.017222556
3,31,receive_authenticate_accumulate,0.000047055,0.000047111
3,31,receive_authenticate_accumulate,0.017225381,0.017225389
3,31,receive_authenticate_accumulate,0.000046278,0.000046297
3,31,receive_authenticate_accumulate,0.017268380,0.017235445
3,31,receive_authenticate_accumulate,0.000045722,0.000045722
3,31,receive_authenticate_accumulate,0.017222048,0.017222093
3,31,receive_authenticate_accumulate,0.000045833,0.000045852
3,31,receive_authenticate_accumulate,0.017234751,0.017234814
3,31,receive_authenticate_accumulate,0.000046908,0.000046981
3,31,reading_commitment_and_shares,0.026206061,0.026206018
3,31,receive_authenticate_accumulate,0.017214270,0.017214315
3,31,receive_authenticate_accumulate,0.000046870,0.000046889
3,31,receive_authenticate_accumulate,0.017221881,0.017222019
3,31,receive_authenticate_accumulate,0.000045519,0.000045537
3,31,receive_authenticate_accumulate,0.017232844,0.017232945
3,31,receive_authenticate_accumulate,0.000046482,0.000046444
3,31,round_coverage,0.000003611,0.000003223
3,31,spatial_report,0.000039352,0.000039074
3,32,round_reset,0.000009797,0.000007926
3,32,receive_authenticate_accumulate,0.017226345,0.017226352
3,32,receive_authenticate_accumulate,0.000046907,0.000046908
3,32,receive_authenticate_accumulate,0.017228085,0.017228093
3,32,receive_authenticate_accumulate,0.000046407,0.000046407
3,32,receive_authenticate_accumulate,0.017298695,0.017270537
3,32,receive_authenticate_accumulate,0.000047722,0.000047667
3,32,receive_authenticate_accumulate,0.017228881,0.017228851
3,32,receive_authenticate_accumulate,0.000047648,0.000047537
3,32,receive_authenticate_accumulate,0.017243973,0.017244019
3,32,receive_authenticate_accumulate,0.000047037,0.000047130
3,32,receive_authenticate_accumulate,0.017231862,0.017231926
3,32,receive_authenticate_accumulate,0.000046111,0.000046148
3,32,receive_authenticate_accumulate,0.017227456,0.017227426
3,32,receive_authenticate_accumulate,0.000045630,0.000045630
3,32,receive_authenticate_accumulate,0.017231141,0.017231129
3,32,receive_authenticate_accumulate,0.000046315,0.000046241
3,32,receive_authenticate_accumulate,0.017229103,0.017229185
3,32,receive_authenticate_accumulate,0.000047962,0.000048075
3,32,receive_authenticate_accumulate,0.017228067,0.017227944
3,32,receive_authenticate_accumulate,0.000045722,0.000045759
3,32,receive_authenticate_accumulate,0.017225456,0.017225481
3,32,receive_authenticate_accumulate,0.000046704,0.000046704
3,32,receive_authenticate_accumulate,0.017239011,0.017238963
3,32,receive_authenticate_accumulate,0.000047500,0.000047500
3,32,receive_authenticate_accumulate,0.017243196,0.017243204
3,32,receive_authenticate_accumulate,0.000046963,0.000047000
3,32,receive_authenticate_accumulate,0.017226140,0.017226130
3,32,receive_authenticate_accumulate,0.000045926,0.000046037
3,32,receive_authenticate_accumulate,0.017218103,0.017218148
3,32,receive_authenticate_accumulate,0.000045740,0.000045741
3,32,receive_authenticate_accumulate,0.017291585,0.017263258
3,32,receive_authenticate_accumulate,0.000046222,0.000046259
3,32,receive_authenticate_accumulate,0.017223104,0.017223055
3,32,receive_authenticate_accumulate,0.000048871,0.000048944
3,32,reading_commitment_and_shares,0.026207487,0.026207889
3,32,receive_authenticate_accumulate,0.017234955,0.017235037
3,32,receive_authenticate_accumulate,0.000045648,0.000045592
3,32,receive_authenticate_accumulate,0.017229418,0.017229463
3,32,receive_authenticate_accumulate,0.000046278,0.000046204
3,32,receive_authenticate_accumulate,0.017259733,0.017242575
3,32,receive_authenticate_accumulate,0.000045777,0.000045760
3,32,round_coverage,0.000003574,0.000003111
3,32,spatial_report,0.000039482,0.000039334
3,33,round_reset,0.000009389,0.000007907
3,33,receive_authenticate_accumulate,0.017230364,0.017231093
3,33,receive_authenticate_accumulate,0.000046591,0.000046592
3,33,receive_authenticate_accumulate,0.017236160,0.017236722
3,33,receive_authenticate_accumulate,0.000045016,0.000045056
3,33,receive_authenticate_accumulate,0.017237402,0.017238111
3,33,receive_authenticate_accumulate,0.000044702,0.000044759
3,33,receive_authenticate_accumulate,0.017265938,0.017239093
3,33,receive_authenticate_accumulate,0.000048775,0.000048852
3,33,receive_authenticate_accumulate,0.017234681,0.017235407
3,33,receive_authenticate_accumulate,0.000047739,0.000047722
3,33,receive_authenticate_accumulate,0.017234311,0.017234944
3,33,receive_authenticate_accumulate,0.000053331,0.000053167
3,33,receive_authenticate_accumulate,0.017235718,0.017236222
3,33,receive_authenticate_accumulate,0.000062442,0.000062500
3,33,receive_authenticate_accumulate,0.017283347,0.017250389
3,33,receive_authenticate_accumulate,0.000047665,0.000047630
3,33,receive_authenticate_accumulate,0.017260051,0.017244964
3,33,receive_authenticate_accumulate,0.000046165,0.000046129
3,33,receive_authenticate_accumulate,0.017235423,0.017236148
3,33,receive_authenticate_accumulate,0.000046721,0.000046722
3,33,receive_authenticate_accumulate,0.017230443,0.017231037
3,33,receive_authenticate_accumulate,0.000045794,0.000045759
3,33,receive_authenticate_accumulate,0.017226962,0.017227611
3,33,receive_authenticate_accumulate,0.000045684,0.000045704
3,33,receive_authenticate_accumulate,0.017231796,0.017232389
3,33,receive_authenticate_accumulate,0.000047091,0.000046963
3,33,receive_authenticate_accumulate,0.017261147,0.017251906
3,33,receive_authenticate_accumulate,0.000046906,0.000046926
3,33,receive_authenticate_accumulate,0.017225204,0.017225537
3,33,receive_authenticate_accumulate,0.000046998,0.000047056
3,33,receive_authenticate_accumulate,0.017226149,0.017226871
3,33,receive_authenticate_accumulate,0.000046332,0.000046297
3,33,receive_authenticate_accumulate,0.017226538,0.017227148
3,33,receive_authenticate_accumulate,0.000047665,0.000047741
3,33,reading_commitment_and_shares,0.026197524,0.026198518
3,33,receive_authenticate_accumulate,0.017232964,0.017233649
3,33,receive_authenticate_accumulate,0.000045128,0.000045092
3,33,receive_authenticate_accumulate,0.017242391,0.017233944
3,33,receive_authenticate_accumulate,0.000046294,0.000046370
3,33,receive_authenticate_accumulate,0.017227113,0.017227648
3,33,receive_authenticate_accumulate,0.000046239,0.000046315
3,33,round_coverage,0.000003370,0.000002741
3,33,spatial_report,0.000039036,0.000038889
3,34,round_reset,0.000008796,0.000007518
3,34,receive_authenticate_accumulate,0.017230507,0.017231167
3,34,receive_authenticate_accumulate,0.000046239,0.000046185
3,34,receive_authenticate_accumulate,0.017226489,0.017227092
3,34,receive_authenticate_accumulate,0.000047906,0.000047870
3,34,receive_authenticate_accumulate,0.017233731,0.017234333
3,34,receive_authenticate_accumulate,0.000045553,0.000045444
3,34,receive_authenticate_accumulate,0.017229842,0.017230482
3,34,receive_authenticate_accumulate,0.000048257,0.000048278
3,34,receive_authenticate_accumulate,0.017237120,0.017237722
3,34,receive_authenticate_accumulate,0.000047850,0.000047815
3,34,receive_authenticate_accumulate,0.017227380,0.017228000
3,34,receive_authenticate_accumulate,0.000046443,0.000046370
3,34,receive_authenticate_accumulate,0.017231250,0.017231759
3,34,receive_authenticate_accumulate,0.000046665,0.000046630
3,34,receive_authenticate_accumulate,0.017229770,0.017230389
3,34,receive_authenticate_accumulate,0.000047202,0.000047167
3,34,receive_authenticate_accumulate,0.017237510,0.017238296
3,34,receive_authenticate_accumulate,0.000045184,0.000045204
3,34,receive_authenticate_accumulate,0.017233270,0.017234019
3,34,receive_authenticate_accumulate,0.000049665,0.000049704
3,34,receive_authenticate_accumulate,0.017234437,0.017234926
3,34,receive_authenticate_accumulate,0.000067535,0.000067556
3,34,receive_authenticate_accumulate,0.017234030,0.017234574
3,34,receive_authenticate_accumulate,0.000044998,0.000044982
3,34,receive_authenticate_accumulate,0.017222735,0.017223222
3,34,receive_authenticate_accumulate,0.000044350,0.000044352
3,34,receive_authenticate_accumulate,0.017257215,0.017244796
3,34,receive_authenticate_accumulate,0.000043887,0.000043760
3,34,receive_authenticate_accumulate,0.017233512,0.017234148
3,34,receive_authenticate_accumulate,0.000043924,0.000043963
3,34,receive_authenticate_accumulate,0.017230033,0.017230463
3,34,receive_authenticate_accumulate,0.000044295,0.000044333
3,34,receive_authenticate_accumulate,0.017235792,0.017236333
3,34,receive_authenticate_accumulate,0.000044128,0.000044241
3,34,reading_commitment_and_shares,0.026194498,0.026195648
3,34,receive_authenticate_accumulate,0.017220052,0.017220592
3,34,receive_authenticate_accumulate,0.000045276,0.000045315
3,34,receive_authenticate_accumulate,0.017231718,0.017232296
3,34,receive_authenticate_accumulate,0.000043739,0.000043741
3,34,receive_authenticate_accumulate,0.017226163,0.017226667
3,34,receive_authenticate_accumulate,0.000046017,0.000046074
3,34,round_coverage,0.000003648,0.000003019
3,34,spatial_report,0.000039072,0.000038926
3,35,round_reset,0.000008426,0.000007185
3,35,receive_authenticate_accumulate,0.017223445,0.017224037
3,35,receive_authenticate_accumulate,0.000045776,0.000045833
3,35,receive_authenticate_accumulate,0.017227908,0.017228519
3,35,receive_authenticate_accumulate,0.000043036,0.000043056
3,35,receive_authenticate_accumulate,0.017222742,0.017223167
3,35,receive_authenticate_accumulate,0.000044832,0.000044796
3,35,receive_authenticate_accumulate,0.017217484,0.017218037
3,35,receive_authenticate_accumulate,0.000044517,0.000044703
3,35,receive_authenticate_accumulate,0.017222428,0.017222870
3,35,receive_authenticate_accumulate,0.000044869,0.000044944
3,35,receive_authenticate_accumulate,0.017247539,0.017239277
3,35,receive_authenticate_accumulate,0.000045276,0.000045185
3,35,receive_authenticate_accumulate,0.017225040,0.017225556
3,35,receive_authenticate_accumulate,0.000044832,0.000044722
3,35,receive_authenticate_accumulate,0.017269484,0.017241536
3,35,receive_authenticate_accumulate,0.000045202,0.000045148
3,35,receive_authenticate_accumulate,0.017229133,0.017229667
3,35,receive_authenticate_accumulate,0.000045090,0.000045093
3,35,receive_authenticate_accumulate,0.017233171,0.017233629
3,35,receive_authenticate_accumulate,0.000046906,0.000046926
3,35,receive_authenticate_accumulate,0.017225524,0.017226167
3,35,receive_authenticate_accumulate,0.000044998,0.000045055
3,35,receive_authenticate_accumulate,0.017224487,0.017224945
3,35,receive_authenticate_accumulate,0.000045387,0.000045481
3,35,receive_authenticate_accumulate,0.017239227,0.017239963
3,35,receive_authenticate_accumulate,0.000063479,0.000063555
3,35,receive_authenticate_accumulate,0.017238875,0.017239407
3,35,receive_authenticate_accumulate,0.000048091,0.000048037
3,35,receive_authenticate_accumulate,0.017224413,0.017225019
3,35,receive_authenticate_accumulate,0.000046999,0.000047018
3,35,receive_authenticate_accumulate,0.017251136,0.017236574
3,35,receive_authenticate_accumulate,0.000046572,0.000046648
3,35,receive_authenticate_accumulate,0.017230599,0.017231166
3,35,receive_authenticate_accumulate,0.000059257,0.000059222
3,35,reading_commitment_and_shares,0.026199024,0.026200185
3,35,receive_authenticate_accumulate,0.017241599,0.017242148
3,35,receive_authenticate_accumulate,0.000046128,0.000046185
3,35,receive_authenticate_accumulate,0.017228341,0.017229055
3,35,receive_authenticate_accumulate,0.000048554,0.000048555
3,35,receive_authenticate_accumulate,0.017233749,0.017234370
3,35,receive_authenticate_accumulate,0.000046776,0.000046815
3,35,round_coverage,0.000003093,0.000002629
3,35,spatial_report,0.000039036,0.000038870
3,36,round_reset,0.000009314,0.000008352
3,36,receive_authenticate_accumulate,0.017235289,0.017235629
3,36,receive_authenticate_accumulate,0.000044887,0.000044778
3,36,receive_authenticate_accumulate,0.017236326,0.017236796
3,36,receive_authenticate_accumulate,0.000045109,0.000045111
3,36,receive_authenticate_accumulate,0.017224753,0.017225185
3,36,receive_authenticate_accumulate,0.000046795,0.000046871
3,36,receive_authenticate_accumulate,0.017225641,0.017226093
3,36,receive_authenticate_accumulate,0.000045646,0.000045667
3,36,receive_authenticate_accumulate,0.017231382,0.017231907
3,36,receive_authenticate_accumulate,0.000046665,0.000046592
3,36,receive_authenticate_accumulate,0.017227920,0.017228407
3,36,receive_authenticate_accumulate,0.000046776,0.000046852
3,36,receive_authenticate_accumulate,0.017228920,0.017229297
3,36,receive_authenticate_accumulate,0.000046739,0.000046797
3,36,receive_authenticate_accumulate,0.017232199,0.017232426
3,36,receive_authenticate_accumulate,0.000046720,0.000046778
3,36,receive_authenticate_accumulate,0.017233606,0.017234315
3,36,receive_authenticate_accumulate,0.000047183,0.000047186
3,36,receive_authenticate_accumulate,0.017229069,0.017229629
3,36,receive_authenticate_accumulate,0.000045887,0.000045962
3,36,receive_authenticate_accumulate,0.017227477,0.017228074
3,36,receive_authenticate_accumulate,0.000047073,0.000047185
3,36,receive_authenticate_accumulate,0.017225330,0.017225907
3,36,receive_authenticate_accumulate,0.000046146,0.000046185
3,36,receive_authenticate_accumulate,0.017254904,0.017242130
3,36,receive_authenticate_accumulate,0.000046314,0.000046389
3,36,receive_authenticate_accumulate,0.017232349,0.017232777
3,36,receive_authenticate_accumulate,0.000046424,0.000046388
3,36,receive_authenticate_accumulate,0.017234478,0.017235037
3,36,receive_authenticate_accumulate,0.000049165,0.000049111
3,36,receive_authenticate_accumulate,0.017240053,0.017240759
3,36,receive_authenticate_accumulate,0.000051054,0.000051037
3,36,receive_authenticate_accumulate,0.017235682,0.017236185
3,36,receive_authenticate_accumulate,0.000046758,0.000046796
3,36,reading_commitment_and_shares,0.026198864,0.026199833
3,36,receive_authenticate_accumulate,0.017217962,0.017218482
3,36,receive_authenticate_accumulate,0.000046331,0.000046297
3,36,receive_authenticate_accumulate,0.017254368,0.017243685
3,36,receive_authenticate_accumulate,0.000048091,0.000048166
3,36,receive_authenticate_accumulate,0.017227536,0.017227963
3,36,receive_authenticate_accumulate,0.000046035,0.000045963
3,36,round_coverage,0.000003889,0.000003463
3,36,spatial_report,0.000040443,0.000040315
3,37,round_reset,0.000008981,0.000007760
3,37,receive_authenticate_accumulate,0.017237019,0.017237445
3,37,receive_authenticate_accumulate,0.000047850,0.000047796
3,37,receive_authenticate_accumulate,0.017224537,0.017225112
3,37,receive_authenticate_accumulate,0.000045869,0.000045852
3,37,receive_authenticate_accumulate,0.017227372,0.017227870
3,37,receive_authenticate_accumulate,0.000045109,0.000045148
3,37,receive_authenticate_accumulate,0.017228076,0.017228592
3,37,receive_authenticate_accumulate,0.000046591,0.000046592
3,37,receive_authenticate_accumulate,0.017226279,0.017226722
3,37,receive_authenticate_accumulate,0.000047795,0.000047760
3,37,receive_authenticate_accumulate,0.017253594,0.017241611
3,37,receive_authenticate_accumulate,0.000047054,0.000047074
3,37,receive_authenticate_accumulate,0.017226835,0.017227352
3,37,receive_authenticate_accumulate,0.000046406,0.000046426
3,37,receive_authenticate_accumulate,0.017230818,0.017231574
3,37,receive_authenticate_accumulate,0.000045628,0.000045593
3,37,receive_authenticate_accumulate,0.017231003,0.017231611
3,37,receive_authenticate_accumulate,0.000046091,0.000046074
3,37,receive_authenticate_accumulate,0.017225503,0.017226074
3,37,receive_authenticate_accumulate,0.000049295,0.000049259
3,37,receive_authenticate_accumulate,0.017227745,0.017228334
3,37,receive_authenticate_accumulate,0.000048461,0.000048388
3,37,receive_authenticate_accumulate,0.017233541,0.017234130
3,37,receive_authenticate_accumulate,0.000045591,0.000045666
3,37,receive_authenticate_accumulate,0.017233024,0.017233611
3,37,receive_authenticate_accumulate,0.000045961,0.000045871
3,37,receive_authenticate_accumulate,0.017240134,0.017240704
3,37,receive_authenticate_accumulate,0.000047091,0.000047130
3,37,receive_authenticate_accumulate,0.017231320,0.017231851
3,37,receive_authenticate_accumulate,0.000046961,0.000047018
3,37,receive_authenticate_accumulate,0.017227672,0.017228278
3,37,receive_authenticate_accumulate,0.000047499,0.000047482
3,37,receive_authenticate_accumulate,0.017228062,0.017228722
3,37,receive_authenticate_accumulate,0.000045276,0.000045223
3,37,reading_commitment_and_shares,0.026199478,0.026200333
3,37,receive_authenticate_accumulate,0.017239396,0.017240037
3,37,receive_authenticate_accumulate,0.000049572,0.000049518
3,37,receive_authenticate_accumulate,0.017237099,0.017237519
3,37,receive_authenticate_accumulate,0.000046239,0.000046185
3,37,receive_authenticate_accumulate,0.017224044,0.017224499
3,37,receive_authenticate_accumulate,0.000046406,0.000046407
3,37,round_coverage,0.000003463,0.000002981
3,37,spatial_report,0.000039794,0.000039574
3,38,round_reset,0.000009462,0.000008148
3,38,receive_authenticate_accumulate,0.017290764,0.017258815
3,38,receive_authenticate_accumulate,0.000046647,0.000046666
3,38,receive_authenticate_accumulate,0.017231526,0.017232092
3,38,receive_authenticate_accumulate,0.000046684,0.000046814
3,38,receive_authenticate_accumulate,0.017229638,0.017230166
3,38,receive_authenticate_accumulate,0.000046628,0.000046630
3,38,receive_authenticate_accumulate,0.017227083,0.017227630
3,38,receive_authenticate_accumulate,0.000044887,0.000044963
3,38,receive_authenticate_accumulate,0.017237378,0.017237722
3,38,receive_authenticate_accumulate,0.000047258,0.000047241
3,38,receive_authenticate_accumulate,0.017228694,0.017229056
3,38,receive_authenticate_accumulate,0.000046739,0.000046740
3,38,receive_authenticate_accumulate,0.017230324,0.017230796
3,38,receive_authenticate_accumulate,0.000047702,0.000047722
3,38,receive_authenticate_accumulate,0.017225806,0.017226277
3,38,receive_authenticate_accumulate,0.000046758,0.000046722
3,38,receive_authenticate_accumulate,0.017225695,0.017226092
3,38,receive_authenticate_accumulate,0.000047610,0.000047703
3,38,receive_authenticate_accumulate,0.017234362,0.017234685
3,38,receive_authenticate_accumulate,0.000048165,0.000048111
3,38,receive_authenticate_accumulate,0.017225585,0.017225889
3,38,receive_authenticate_accumulate,0.000047091,0.000047074
3,38,receive_authenticate_accumulate,0.017232418,0.017232407
3,38,receive_authenticate_accumulate,0.000047054,0.000047037
3,38,receive_authenticate_accumulate,0.017230196,0.017230426
3,38,receive_authenticate_accumulate,0.000048554,0.000048556
3,38,receive_authenticate_accumulate,0.017224511,0.017224907
3,38,receive_authenticate_accumulate,0.000046628,0.000046666
3,38,receive_authenticate_accumulate,0.017282084,0.017255908
3,38,receive_authenticate_accumulate,0.000047294,0.000047333
3,38,receive_authenticate_accumulate,0.017247586,0.017236778
3,38,receive_authenticate_accumulate,0.000047313,0.000047240
3,38,receive_authenticate_accumulate,0.017225457,0.017225963
3,38,receive_authenticate_accumulate,0.000045720,0.000045667
3,38,reading_commitment_and_shares,0.026209868,0.026210722
3,38,receive_authenticate_accumulate,0.017223069,0.017223741
3,38,receive_authenticate_accumulate,0.000046906,0.000046888
3,38,receive_authenticate_accumulate,0.017229013,0.017229852
3,38,receive_authenticate_accumulate,0.000046369,0.000046426
3,38,receive_authenticate_accumulate,0.017223643,0.017223629
3,38,receive_authenticate_accumulate,0.000046480,0.000046482
3,38,round_coverage,0.000003351,0.000002834
3,38,spatial_report,0.000038814,0.000038611
3,39,round_reset,0.000010092,0.000008944
3,39,receive_authenticate_accumulate,0.017223050,0.017223463
3,39,receive_authenticate_accumulate,0.000045925,0.000045908
3,39,receive_authenticate_accumulate,0.017220291,0.017220740
3,39,receive_authenticate_accumulate,0.000046813,0.000046685
3,39,receive_authenticate_accumulate,0.017227125,0.017227648
3,39,receive_authenticate_accumulate,0.000047924,0.000047777
3,39,receive_authenticate_accumulate,0.017236199,0.017236685
3,39,receive_authenticate_accumulate,0.000047832,0.000047871
3,39,receive_authenticate_accumulate,0.017269588,0.017242130
3,39,receive_authenticate_accumulate,0.000046165,0.000046222
3,39,receive_authenticate_accumulate,0.017232292,0.017232704
3,39,receive_authenticate_accumulate,0.000046832,0.000046833
3,39,receive_authenticate_accumulate,0.017230774,0.017231222
3,39,receive_authenticate_accumulate,0.000047240,0.000047314
3,39,receive_authenticate_accumulate,0.017220515,0.017220944
3,39,receive_authenticate_accumulate,0.000046461,0.000046500
3,39,receive_authenticate_accumulate,0.017231737,0.017232111
3,39,receive_authenticate_accumulate,0.000047147,0.000047167
3,39,receive_authenticate_accumulate,0.017222534,0.017222982
3,39,receive_authenticate_accumulate,0.000046091,0.000046074
3,39,receive_authenticate_accumulate,0.017218905,0.017219426
3,39,receive_authenticate_accumulate,0.000047258,0.000047222
3,39,receive_authenticate_accumulate,0.017222405,0.017222963
3,39,receive_authenticate_accumulate,0.000046961,0.000046908
3,39,receive_authenticate_accumulate,0.017228479,0.017228945
3,39,receive_authenticate_accumulate,0.000045813,0.000045889
3,39,receive_authenticate_accumulate,0.017220647,0.017221203
3,39,receive_authenticate_accumulate,0.000045276,0.000045333
3,39,receive_authenticate_accumulate,0.017227648,0.017228130
3,39,receive_authenticate_accumulate,0.000047165,0.000047222
3,39,receive_authenticate_accumulate,0.017246239,0.017235815
3,39,receive_authenticate_accumulate,0.000046776,0.000046889
3,39,receive_authenticate_accumulate,0.017273164,0.017231889
3,39,receive_authenticate_accumulate,0.000046832,0.000046759
3,39,reading_commitment_and_shares,0.026204255,0.026205093
3,39,receive_authenticate_accumulate,0.017221778,0.017222185
3,39,receive_authenticate_accumulate,0.000046573,0.000046500
3,39,receive_authenticate_accumulate,0.017232611,0.017233222
3,39,receive_authenticate_accumulate,0.000046573,0.000046593
3,39,receive_authenticate_accumulate,0.017274332,0.017246426
3,39,receive_authenticate_accumulate,0.000045628,0.000045667
3,39,round_coverage,0.000003278,0.000002852
3,39,spatial_report,0.000039110,0.000038889
3,39,billing_report,0.000421524,0.000421389
4,40,period_reset,0.000025221,0.000024074
4,40,receive_authenticate_accumulate,0.000093553,0.000093093
4,40,receive_authenticate_accumulate,0.000117238,0.000117278
4,40,receive_authenticate_accumulate,0.000083923,0.000083981
4,40,receive_authenticate_accumulate,0.000085627,0.000085629
4,40,receive_authenticate_accumulate,0.000085571,0.000085463
4,40,receive_authenticate_accumulate,0.000087145,0.000087148
4,40,receive_authenticate_accumulate,0.000085424,0.000085148
4,40,receive_authenticate_accumulate,0.000087090,0.000086925
4,40,receive_authenticate_accumulate,0.000085923,0.000085482
4,40,receive_authenticate_accumulate,0.000085757,0.000085445
4,40,receive_authenticate_accumulate,0.000084442,0.000084574
4,40,receive_authenticate_accumulate,0.000084738,0.000084888
4,40,receive_authenticate_accumulate,0.000082868,0.000082759
4,40,receive_authenticate_accumulate,0.000083775,0.000083648
4,40,receive_authenticate_accumulate,0.000085497,0.000085408
4,40,receive_authenticate_accumulate,0.000084405,0.000084056
4,40,receive_authenticate_accumulate,0.000057072,0.000056907
4,40,randomness_commit,0.000493152,0.000493166
4,40,receive_authenticate_accumulate,0.000054720,0.000054611
4,40,receive_authenticate_accumulate,0.000053647,0.000053518
4,40,receive_authenticate_accumulate,0.000053943,0.000053926
4,40,receive_authenticate_accumulate,0.000065313,0.000065370
4,40,receive_authenticate_accumulate,0.000064350,0.000064370
4,40,receive_authenticate_accumulate,0.000064165,0.000064111
4,40,receive_authenticate_accumulate,0.000095146,0.000095260
4,40,receive_authenticate_accumulate,0.000055516,0.000055481
4,40,receive_authenticate_accumulate,0.000064924,0.000064944
4,40,receive_authenticate_accumulate,0.000064091,0.000064185
4,40,receive_authenticate_accumulate,0.000063184,0.000063185
4,40,receive_authenticate_accumulate,0.000063405,0.000063334
4,40,receive_authenticate_accumulate,0.000066202,0.000066240
4,40,receive_authenticate_accumulate,0.000064720,0.000064574
4,40,receive_authenticate_accumulate,0.000062646,0.000062778
4,40,receive_authenticate_accumulate,0.000062443,0.000062500
4,40,receive_authenticate_accumulate,0.000063498,0.000063370
4,40,receive_authenticate_accumulate,0.000064628,0.000064814
4,40,receive_authenticate_accumulate,0.000063461,0.000063203
4,40,receive_authenticate_accumulate,0.000062554,0.000062463
4,40,randomness_reveal,0.000442764,0.000442685
4,40,receive_authenticate_accumulate,0.000062998,0.000062963
4,40,receive_authenticate_accumulate,0.000064201,0.000064241
4,40,receive_authenticate_accumulate,0.000057091,0.000057056
4,40,committee_selection,0.000120663,0.000120592
4,40,round_reset,0.000004834,0.000004148
4,40,receive_authenticate_accumulate,0.017225554,0.017225907
4,40,receive_authenticate_accumulate,0.000048036,0.000048037
4,40,receive_authenticate_accumulate,0.017220869,0.017221371
4,40,receive_authenticate_accumulate,0.000046629,0.000046555
4,40,receive_authenticate_accumulate,0.017277850,0.017238388
4,40,receive_authenticate_accumulate,0.000046869,0.000046871
4,40,receive_authenticate_accumulate,0.017225184,0.017225574
4,40,receive_authenticate_accumulate,0.000046610,0.000046685
4,40,receive_authenticate_accumulate,0.017259128,0.017249259
4,40,receive_authenticate_accumulate,0.000047462,0.000047370
4,40,receive_authenticate_accumulate,0.017235259,0.017235537
4,40,receive_authenticate_accumulate,0.000045776,0.000045796
4,40,receive_authenticate_accumulate,0.017229963,0.017230204
4,40,receive_authenticate_accumulate,0.000048369,0.000048352
4,40,receive_authenticate_accumulate,0.017230593,0.017231018
4,40,receive_authenticate_accumulate,0.000047202,0.000047223
4,40,receive_authenticate_accumulate,0.017230945,0.017231222
4,40,receive_authenticate_accumulate,0.000045999,0.000046018
4,40,receive_authenticate_accumulate,0.017221039,0.017221407
4,40,receive_authenticate_accumulate,0.000045739,0.000045760
4,40,receive_authenticate_accumulate,0.017226076,0.017226407
4,40,receive_authenticate_accumulate,0.000048406,0.000048445
4,40,receive_authenticate_accumulate,0.017262666,0.017241537
4,40,receive_authenticate_accumulate,0.000047128,0.000047074
4,40,receive_authenticate_accumulate,0.017231928,0.017232186
4,40,receive_authenticate_accumulate,0.000057331,0.000057185
4,40,receive_authenticate_accumulate,0.017229724,0.017230111
4,40,receive_authenticate_accumulate,0.000048072,0.000048166
4,40,receive_authenticate_accumulate,0.017225077,0.017225463
4,40,receive_authenticate_accumulate,0.000048962,0.000048945
4,40,receive_authenticate_accumulate,0.017221577,0.017221963
4,40,receive_authenticate_accumulate,0.000048387,0.000048463
4,40,receive_authenticate_accumulate,0.017226985,0.017227519
4,40,receive_authenticate_accumulate,0.000047166,0.000047204
4,40,reading_commitment_and_shares,0.026194419,0.026195111
4,40,receive_authenticate_accumulate,0.017229652,0.017229981
4,40,receive_authenticate_accumulate,0.000048629,0.000048704
4,40,receive_authenticate_accumulate,0.017232244,0.017232482
4,40,receive_authenticate_accumulate,0.000048795,0.000048704
4,40,receive_authenticate_accumulate,0.017226041,0.017226074
4,40,receive_authenticate_accumulate,0.000047535,0.000047685
4,40,round_coverage,0.000003944,0.000003407
4,40,spatial_report,0.000064591,0.000064389
4,41,round_reset,0.000009018,0.000007815
4,41,receive_authenticate_accumulate,0.017235704,0.017235963
4,41,receive_authenticate_accumulate,0.000048110,0.000048166
4,41,receive_authenticate_accumulate,0.017231945,0.017232222
4,41,receive_authenticate_accumulate,0.000048536,0.000048537
4,41,receive_authenticate_accumulate,0.017266816,0.017239888
4,41,receive_authenticate_accumulate,0.000049147,0.000049093
4,41,receive_authenticate_accumulate,0.017226113,0.017226370
4,41,receive_authenticate_accumulate,0.000049202,0.000049259
4,41,receive_authenticate_accumulate,0.017232113,0.017232351
4,41,receive_authenticate_accumulate,0.000048387,0.000048426
4,41,receive_authenticate_accumulate,0.017224225,0.017224537
4,41,receive_authenticate_accumulate,0.000048572,0.000048556
4,41,receive_authenticate_accumulate,0.017227984,0.017228315
4,41,receive_authenticate_accumulate,0.000047351,0.000047296
4,41,receive_authenticate_accumulate,0.017226262,0.017226518
4,41,receive_authenticate_accumulate,0.000047572,0.000047574
4,41,receive_authenticate_accumulate,0.017241873,0.017242092
4,41,receive_authenticate_accumulate,0.000048018,0.000047945
4,41,receive_authenticate_accumulate,0.017228947,0.017229167
4,41,receive_authenticate_accumulate,0.000048203,0.000048129
4,41,receive_authenticate_accumulate,0.017226078,0.017226518
4,41,receive_authenticate_accumulate,0.000047869,0.000047815
4,41,receive_authenticate_accumulate,0.017228560,0.017228907
4,41,receive_authenticate_accumulate,0.000048498,0.000048463
4,41,receive_authenticate_accumulate,0.017260985,0.017249185
4,41,receive_authenticate_accumulate,0.000048517,0.000048537
4,41,receive_authenticate_accumulate,0.017220357,0.017220704
4,41,receive_authenticate_accumulate,0.000047406,0.000047371
4,41,receive_authenticate_accumulate,0.017268355,0.017241537
4,41,receive_authenticate_accumulate,0.000047554,0.000047537
4,41,receive_authenticate_accumulate,0.017223672,0.017224056
4,41,receive_authenticate_accumulate,0.000049276,0.000049278
4,41,receive_authenticate_accumulate,0.017228580,0.017229056
4,41,receive_authenticate_accumulate,0.000054221,0.000054241
4,41,reading_commitment_and_shares,0.026257209,0.026223370
4,41,receive_authenticate_accumulate,0.017233858,0.017234204
4,41,receive_authenticate_accumulate,0.000049498,0.000049556
4,41,receive_authenticate_accumulate,0.017228673,0.017228963
4,41,receive_authenticate_accumulate,0.000047869,0.000047907
4,41,receive_authenticate_accumulate,0.017230931,0.017231222
4,41,receive_authenticate_accumulate,0.000049221,0.000049259
4,41,round_coverage,0.000003759,0.000003314
4,41,spatial_report,0.000063665,0.000063518
4,42,round_reset,0.000009500,0.000008296
4,42,receive_authenticate_accumulate,0.017236318,0.017236814
4,42,receive_authenticate_accumulate,0.000050369,0.000050278
4,42,receive_authenticate_accumulate,0.017230854,0.017231111
4,42,receive_authenticate_accumulate,0.000048054,0.000048018
4,42,receive_authenticate_accumulate,0.017222522,0.017222908
4,42,receive_authenticate_accumulate,0.000049184,0.000049203
4,42,receive_authenticate_accumulate,0.017222689,0.017222926
4,42,receive_authenticate_accumulate,0.000048813,0.000048796
4,42,receive_authenticate_accumulate,0.017224078,0.017224296
4,42,receive_authenticate_accumulate,0.000049035,0.000048963
4,42,receive_authenticate_accumulate,0.017230467,0.017230500
4,42,receive_authenticate_accumulate,0.000048832,0.000048851
4,42,receive_authenticate_accumulate,0.017225819,0.017226092
4,42,receive_authenticate_accumulate,0.000050591,0.000050574
4,42,receive_authenticate_accumulate,0.017221246,0.017221240
4,42,receive_authenticate_accumulate,0.000048795,0.000048777
4,42,receive_authenticate_accumulate,0.017225115,0.017225426
4,42,receive_authenticate_accumulate,0.000049017,0.000048926
4,42,receive_authenticate_accumulate,0.017227487,0.017227852
4,42,receive_authenticate_accumulate,0.000048869,0.000048852
4,42,receive_authenticate_accumulate,0.017227135,0.017227444
4,42,receive_authenticate_accumulate,0.000048054,0.000048056
4,42,receive_authenticate_accumulate,0.017225579,0.017225852
4,42,receive_authenticate_accumulate,0.000047998,0.000047963
4,42,receive_authenticate_accumulate,0.017246024,0.017246352
4,42,receive_authenticate_accumulate,0.000048499,0.000048482
4,42,receive_authenticate_accumulate,0.017227877,0.017228075
4,42,receive_authenticate_accumulate,0.000048314,0.000048296
4,42,receive_authenticate_accumulate,0.017233877,0.017234129
4,42,receive_authenticate_accumulate,0.000048684,0.000048666
4,42,receive_authenticate_accumulate,0.017228932,0.017229166
4,42,receive_authenticate_accumulate,0.000047721,0.000047667
4,42,receive_authenticate_accumulate,0.017229321,0.017229463
4,42,receive_authenticate_accumulate,0.000047739,0.000047741
4,42,reading_commitment_and_shares,0.026236333,0.026237019
4,42,receive_authenticate_accumulate,0.017285857,0.017242296
4,42,receive_authenticate_accumulate,0.000049554,0.000049500
4,42,receive_authenticate_accumulate,0.017232914,0.017233203
4,42,receive_authenticate_accumulate,0.000049720,0.000049759
4,42,receive_authenticate_accumulate,0.017278876,0.017243964
4,42,receive_authenticate_accumulate,0.000056666,0.000056778
4,42,round_coverage,0.000003630,0.000003259
4,42,spatial_report,0.000068498,0.000068315
4,43,round_reset,0.000009685,0.000008352
4,43,receive_authenticate_accumulate,0.017229891,0.017230352
4,43,receive_authenticate_accumulate,0.000050258,0.000050352
4,43,receive_authenticate_accumulate,0.017229669,0.017230093
4,43,receive_authenticate_accumulate,0.000050240,0.000050296
4,43,receive_authenticate_accumulate,0.017248077,0.017239612
4,43,receive_authenticate_accumulate,0.000049721,0.000049648
4,43,receive_authenticate_accumulate,0.017240818,0.017241222
4,43,receive_authenticate_accumulate,0.000046943,0.000046963
4,43,receive_authenticate_accumulate,0.017222819,0.017223222
4,43,receive_authenticate_accumulate,0.000049313,0.000049315
4,43,receive_authenticate_accumulate,0.017220226,0.017220667
4,43,receive_authenticate_accumulate,0.000048332,0.000048371
4,43,receive_authenticate_accumulate,0.017224116,0.017224629
4,43,receive_authenticate_accumulate,0.000048480,0.000048481
4,43,receive_authenticate_accumulate,0.017266004,0.017246667
4,43,receive_authenticate_accumulate,0.000048517,0.000048648
4,43,receive_authenticate_accumulate,0.017231652,0.017231870
4,43,receive_authenticate_accumulate,0.000047795,0.000047777
4,43,receive_authenticate_accumulate,0.017229117,0.017229426
4,43,receive_authenticate_accumulate,0.000049777,0.000049760
4,43,receive_authenticate_accumulate,0.017221988,0.017222185
4,43,receive_authenticate_accumulate,0.000066220,0.000066315
4,43,receive_authenticate_accumulate,0.017220820,0.017221167
4,43,receive_authenticate_accumulate,0.000048055,0.000048130
4,43,receive_authenticate_accumulate,0.017227710,0.017228111
4,43,receive_authenticate_accumulate,0.000049054,0.000049093
4,43,receive_authenticate_accumulate,0.017274264,0.017248982
4,43,receive_authenticate_accumulate,0.000048703,0.000048797
4,43,receive_authenticate_accumulate,0.017221432,0.017221851
4,43,receive_authenticate_accumulate,0.000049110,0.000049186
4,43,receive_authenticate_accumulate,0.017220303,0.017220629
4,43,receive_authenticate_accumulate,0.000052981,0.000052870
4,43,receive_authenticate_accumulate,0.017230988,0.017231370
4,43,receive_authenticate_accumulate,0.000058369,0.000058407
4,43,reading_commitment_and_shares,0.026250897,0.026223500
4,43,receive_authenticate_accumulate,0.017229600,0.017230074
4,43,receive_authenticate_accumulate,0.000046740,0.000046815
4,43,receive_authenticate_accumulate,0.017226581,0.017226944
4,43,receive_authenticate_accumulate,0.000049147,0.000049241
4,43,receive_authenticate_accumulate,0.017232082,0.017232370
4,43,receive_authenticate_accumulate,0.000048092,0.000048093
4,43,round_coverage,0.000003851,0.000003445
4,43,spatial_report,0.000062962,0.000062889
4,44,round_reset,0.000008796,0.000007815
4,44,receive_authenticate_accumulate,0.017239057,0.017239241
4,44,receive_authenticate_accumulate,0.000048832,0.000048945
4,44,receive_authenticate_accumulate,0.017221336,0.017221777
4,44,receive_authenticate_accumulate,0.000046906,0.000046889
4,44,receive_authenticate_accumulate,0.017217521,0.017217852
4,44,receive_authenticate_accumulate,0.000048258,0.000048222
4,44,receive_authenticate_accumulate,0.017226429,0.017226815
4,44,receive_authenticate_accumulate,0.000048795,0.000048815
4,44,receive_authenticate_accumulate,0.017228559,0.017229000
4,44,receive_authenticate_accumulate,0.000047592,0.000047574
4,44,receive_authenticate_accumulate,0.017220319,0.017220815
4,44,receive_authenticate_accumulate,0.000046684,0.000046685
4,44,receive_authenticate_accumulate,0.017223189,0.017223500
4,44,receive_authenticate_accumulate,0.000049295,0.000049371
4,44,receive_authenticate_accumulate,0.017272891,0.017247556
4,44,receive_authenticate_accumulate,0.000050184,0.000050223
4,44,receive_authenticate_accumulate,0.017288558,0.017241002
4,44,receive_authenticate_accumulate,0.000049036,0.000049056
4,44,receive_authenticate_accumulate,0.017227449,0.017227722
4,44,receive_authenticate_accumulate,0.000048350,0.000048371
4,44,receive_authenticate_accumulate,0.017217986,0.017218278
4,44,receive_authenticate_accumulate,0.000080831,0.000080889
4,44,receive_authenticate_accumulate,0.017228153,0.017228648
4,44,receive_authenticate_accumulate,0.000046536,0.000046556
4,44,receive_authenticate_accumulate,0.025929672,0.025874037
4,44,receive_authenticate_accumulate,0.000071554,0.000071593
4,44,receive_authenticate_accumulate,0.017223598,0.017223889
4,44,receive_authenticate_accumulate,0.000048036,0.000048019
4,44,receive_authenticate_accumulate,0.017219173,0.017219463
4,44,receive_authenticate_accumulate,0.000047406,0.000047444
4,44,receive_authenticate_accumulate,0.017222209,0.017222426
4,44,receive_authenticate_accumulate,0.000048573,0.000048444
4,44,receive_authenticate_accumulate,0.017271079,0.017246592
4,44,receive_authenticate_accumulate,0.000048906,0.000048944
4,44,reading_commitment_and_shares,0.026185241,0.026185944
4,44,receive_authenticate_accumulate,0.017217062,0.017217389
4,44,receive_authenticate_accumulate,0.000048165,0.000048296
4,44,receive_authenticate_accumulate,0.017226747,0.017227111
4,44,receive_authenticate_accumulate,0.000050573,0.000050556
4,44,receive_authenticate_accumulate,0.017224173,0.017224666
4,44,receive_authenticate_accumulate,0.000047554,0.000047574
4,44,round_coverage,0.000003889,0.000003445
4,44,spatial_report,0.000061850,0.000061630
4,45,round_reset,0.000010018,0.000008037
4,45,receive_authenticate_accumulate,0.017224686,0.017224907
4,45,receive_authenticate_accumulate,0.000048628,0.000048667
4,45,receive_authenticate_accumulate,0.017268444,0.017240518
4,45,receive_authenticate_accumulate,0.000050647,0.000050592
4,45,receive_authenticate_accumulate,0.017231446,0.017231685
4,45,receive_authenticate_accumulate,0.000050350,0.000050352
4,45,receive_authenticate_accumulate,0.017234631,0.017234796
4,45,receive_authenticate_accumulate,0.000050017,0.000050037
4,45,receive_authenticate_accumulate,0.017230057,0.017230297
4,45,receive_authenticate_accumulate,0.000048129,0.000048111
4,45,receive_authenticate_accumulate,0.017237557,0.017237815
4,45,receive_authenticate_accumulate,0.000050276,0.000050371
4,45,receive_authenticate_accumulate,0.017230631,0.017230814
4,45,receive_authenticate_accumulate,0.000048591,0.000048574
4,45,receive_authenticate_accumulate,0.017255613,0.017247630
4,45,receive_authenticate_accumulate,0.000050517,0.000050444
4,45,receive_authenticate_accumulate,0.017228540,0.017228852
4,45,receive_authenticate_accumulate,0.000048165,0.000048223
4,45,receive_authenticate_accumulate,0.017224576,0.017224704
4,45,receive_authenticate_accumulate,0.000050092,0.000050074
4,45,receive_authenticate_accumulate,0.017228188,0.017228537
4,45,receive_authenticate_accumulate,0.000060184,0.000060185
4,45,receive_authenticate_accumulate,0.017238466,0.017238685
4,45,receive_authenticate_accumulate,0.000049295,0.000049296
4,45,receive_authenticate_accumulate,0.017238466,0.017238649
4,45,receive_authenticate_accumulate,0.000049407,0.000049463
4,45,receive_authenticate_accumulate,0.017221707,0.017221945
4,45,receive_authenticate_accumulate,0.000046573,0.000046537
4,45,receive_authenticate_accumulate,0.017230263,0.017230611
4,45,receive_authenticate_accumulate,0.000049129,0.000049092
4,45,receive_authenticate_accumulate,0.017229041,0.017229333
4,45,receive_authenticate_accumulate,0.000050665,0.000050685
4,45,receive_authenticate_accumulate,0.017220337,0.017220592
4,45,receive_authenticate_accumulate,0.000047962,0.000047963
4,45,reading_commitment_and_shares,0.026204376,0.026205130
4,45,receive_authenticate_accumulate,0.017254171,0.017239352
4,45,receive_authenticate_accumulate,0.000050054,0.000050037
4,45,receive_authenticate_accumulate,0.017236930,0.017237148
4,45,receive_authenticate_accumulate,0.000051054,0.000051037
4,45,receive_authenticate_accumulate,0.017222913,0.017223037
4,45,receive_authenticate_accumulate,0.000048924,0.000048796
4,45,round_coverage,0.000003796,0.000003407
4,45,spatial_report,0.000064424,0.000064259
4,46,round_reset,0.000009944,0.000008797
4,46,receive_authenticate_accumulate,0.017221813,0.017222074
4,46,receive_authenticate_accumulate,0.000050813,0.000050759
4,46,receive_authenticate_accumulate,0.017232997,0.017233315
4,46,receive_authenticate_accumulate,0.000049092,0.000048945
4,46,receive_authenticate_accumulate,0.017240461,0.017240759
4,46,receive_authenticate_accumulate,0.000048017,0.000048111
4,46,receive_authenticate_accumulate,0.017228350,0.017228722
4,46,receive_authenticate_accumulate,0.000049462,0.000049408
4,46,receive_authenticate_accumulate,0.017222554,0.017222759
4,46,receive_authenticate_accumulate,0.000058369,0.000058278
4,46,receive_authenticate_accumulate,0.017227443,0.017227666
4,46,receive_authenticate_accumulate,0.000049092,0.000049093
4,46,receive_authenticate_accumulate,0.017227314,0.017227518
4,46,receive_authenticate_accumulate,0.000048518,0.000048519
4,46,receive_authenticate_accumulate,0.017224759,0.017224944
4,46,receive_authenticate_accumulate,0.000048055,0.000048018
4,46,receive_authenticate_accumulate,0.017226870,0.017226944
4,46,receive_authenticate_accumulate,0.000048814,0.000048778
4,46,receive_authenticate_accumulate,0.017274499,0.017240204
4,46,receive_authenticate_accumulate,0.000048443,0.000048370
4,46,receive_authenticate_accumulate,0.017244741,0.017244778
4,46,receive_authenticate_accumulate,0.000048981,0.000049019
4,46,receive_authenticate_accumulate,0.017227556,0.017227778
4,46,receive_authenticate_accumulate,0.000049610,0.000049574
4,46,receive_authenticate_accumulate,0.017248629,0.017239185
4,46,receive_authenticate_accumulate,0.000050702,0.000050704
4,46,receive_authenticate_accumulate,0.017230686,0.017231018
4,46,receive_authenticate_accumulate,0.000047962,0.000047944
4,46,receive_authenticate_accumulate,0.017237353,0.017237629
4,46,receive_authenticate_accumulate,0.000048017,0.000048037
4,46,receive_authenticate_accumulate,0.017264981,0.017238167
4,46,receive_authenticate_accumulate,0.000048832,0.000048815
4,46,receive_authenticate_accumulate,0.017225334,0.017225481
4,46,receive_authenticate_accumulate,0.000047573,0.000047574
4,46,reading_commitment_and_shares,0.026208474,0.026209167
4,46,receive_authenticate_accumulate,0.017224186,0.017224463
4,46,receive_authenticate_accumulate,0.000054980,0.000055055
4,46,receive_authenticate_accumulate,0.017230575,0.017230833
4,46,receive_authenticate_accumulate,0.000050166,0.000050185
4,46,receive_authenticate_accumulate,0.017255334,0.017237833
4,46,receive_authenticate_accumulate,0.000049591,0.000049612
4,46,round_coverage,0.000003537,0.000003075
4,46,spatial_report,0.000064332,0.000064167
4,47,round_reset,0.000009852,0.000007963
4,47,receive_authenticate_accumulate,0.017233384,0.017233518
4,47,receive_authenticate_accumulate,0.000050184,0.000050148
4,47,receive_authenticate_accumulate,0.017221773,0.017221981
4,47,receive_authenticate_accumulate,0.000049110,0.000048963
4,47,receive_authenticate_accumulate,0.017249902,0.017235370
4,47,receive_authenticate_accumulate,0.000049221,0.000049186
4,47,receive_authenticate_accumulate,0.017223828,0.017224037
4,47,receive_authenticate_accumulate,0.000049036,0.000049019
4,47,receive_authenticate_accumulate,0.017231181,0.017231352
4,47,receive_authenticate_accumulate,0.000048314,0.000048315
4,47,receive_authenticate_accumulate,0.017230458,0.017230574
4,47,receive_authenticate_accumulate,0.000048573,0.000048592
4,47,receive_authenticate_accumulate,0.017229199,0.017229259
4,47,receive_authenticate_accumulate,0.000049222,0.000049222
4,47,receive_authenticate_accumulate,0.017258458,0.017245759
4,47,receive_authenticate_accumulate,0.000050684,0.000050574
4,47,receive_authenticate_accumulate,0.017226922,0.017227092
4,47,receive_authenticate_accumulate,0.000049999,0.000050018
4,47,receive_authenticate_accumulate,0.017227033,0.017227426
4,47,receive_authenticate_accumulate,0.000048073,0.000048130
4,47,receive_authenticate_accumulate,0.017229496,0.017229870
4,47,receive_authenticate_accumulate,0.000049573,0.000049500
4,47,receive_authenticate_accumulate,0.017221533,0.017221741
4,47,receive_authenticate_accumulate,0.000048648,0.000048703
4,47,receive_authenticate_accumulate,0.017226571,0.017226852
4,47,receive_authenticate_accumulate,0.000048462,0.000048463
4,47,receive_authenticate_accumulate,0.017233830,0.017234130
4,47,receive_authenticate_accumulate,0.000047129,0.000047074
4,47,receive_authenticate_accumulate,0.017227497,0.017227703
4,47,receive_authenticate_accumulate,0.000047777,0.000047778
4,47,receive_authenticate_accumulate,0.017221294,0.017221593
4,47,receive_authenticate_accumulate,0.000052128,0.000052166
4,47,receive_authenticate_accumulate,0.017265403,0.017243370
4,47,receive_authenticate_accumulate,0.000049110,0.000049056
4,47,reading_commitment_and_shares,0.026199164,0.026199685
4,47,receive_authenticate_accumulate,0.017229553,0.017229630
4,47,receive_authenticate_accumulate,0.000047814,0.000047797
4,47,receive_authenticate_accumulate,0.017225239,0.017225611
4,47,receive_authenticate_accumulate,0.000047481,0.000047537
4,47,receive_authenticate_accumulate,0.017225480,0.017225723
4,47,receive_authenticate_accumulate,0.000048647,0.000048593
4,47,round_coverage,0.000003259,0.000002815
4,47,spatial_report,0.000065350,0.000065167
4,48,round_reset,0.000009277,0.000007981
4,48,receive_authenticate_accumulate,0.017229638,0.017229963
4,48,receive_authenticate_accumulate,0.000049943,0.000049926
4,48,receive_authenticate_accumulate,0.017228971,0.017229333
4,48,receive_authenticate_accumulate,0.000047666,0.000047629
4,48,receive_authenticate_accumulate,0.017220176,0.017220371
4,48,receive_authenticate_accumulate,0.000047814,0.000047759
4,48,receive_authenticate_accumulate,0.017268563,0.017240870
4,48,receive_authenticate_accumulate,0.000051740,0.000051740
4,48,receive_authenticate_accumulate,0.017231046,0.017231334
4,48,receive_authenticate_accumulate,0.000049554,0.000049574
4,48,receive_authenticate_accumulate,0.017220640,0.017220944
4,48,receive_authenticate_accumulate,0.000053036,0.000053037
4,48,receive_authenticate_accumulate,0.017228436,0.017228556
4,48,receive_authenticate_accumulate,0.000047573,0.000047593
4,48,receive_authenticate_accumulate,0.017231806,0.017232037
4,48,receive_authenticate_accumulate,0.000047814,0.000047833
4,48,receive_authenticate_accumulate,0.017235306,0.017235611
4,48,receive_authenticate_accumulate,0.000049147,0.000049130
4,48,receive_authenticate_accumulate,0.017231991,0.017232351
4,48,receive_authenticate_accumulate,0.000048629,0.000048722
4,48,receive_authenticate_accumulate,0.017231547,0.017231759
4,48,receive_authenticate_accumulate,0.000049203,0.000049167
4,48,receive_authenticate_accumulate,0.017235603,0.017235778
4,48,receive_authenticate_accumulate,0.000053962,0.000054018
4,48,receive_authenticate_accumulate,0.017229455,0.017229500
4,48,receive_authenticate_accumulate,0.000048091,0.000048129
4,48,receive_authenticate_accumulate,0.017235937,0.017236055
4,48,receive_authenticate_accumulate,0.000048369,0.000048370
4,48,receive_authenticate_accumulate,0.017237437,0.017237574
4,48,receive_authenticate_accumulate,0.000048424,0.000048481
4,48,receive_authenticate_accumulate,0.017231715,0.017231852
4,48,receive_authenticate_accumulate,0.000049018,0.000048982
4,48,receive_authenticate_accumulate,0.017273714,0.017245945
4,48,receive_authenticate_accumulate,0.000049147,0.000049111
4,48,reading_commitment_and_shares,0.026206333,0.026206834
4,48,receive_authenticate_accumulate,0.017234845,0.017235092
4,48,receive_authenticate_accumulate,0.000049184,0.000049166
4,48,receive_authenticate_accumulate,0.017233123,0.017233370
4,48,receive_authenticate_accumulate,0.000050925,0.000050908
4,48,receive_authenticate_accumulate,0.017223938,0.017224241
4,48,receive_authenticate_accumulate,0.000048925,0.000048852
4,48,round_coverage,0.000003833,0.000003260
4,48,spatial_report,0.000064924,0.000064704
4,49,round_reset,0.000008611,0.000007278
4,49,receive_authenticate_accumulate,0.017235003,0.017235148
4,49,receive_authenticate_accumulate,0.000049073,0.000049075
4,49,receive_authenticate_accumulate,0.017234355,0.017234556
4,49,receive_authenticate_accumulate,0.000048277,0.000048296
4,49,receive_authenticate_accumulate,0.017230578,0.017230982
4,49,receive_authenticate_accumulate,0.000048721,0.000048741
4,49,receive_authenticate_accumulate,0.017229633,0.017229685
4,49,receive_authenticate_accumulate,0.000049296,0.000049296
4,49,receive_authenticate_accumulate,0.017233504,0.017233815
4,49,receive_authenticate_accumulate,0.000049296,0.000049352
4,49,receive_authenticate_accumulate,0.017228837,0.017229037
4,49,receive_authenticate_accumulate,0.000049091,0.000049148
4,49,receive_authenticate_accumulate,0.017232244,0.017232648
4,49,receive_authenticate_accumulate,0.000049443,0.000049463
4,49,receive_authenticate_accumulate,0.017226820,0.017227111
4,49,receive_authenticate_accumulate,0.000047665,0.000047685
4,49,receive_authenticate_accumulate,0.017231152,0.017231462
4,49,receive_authenticate_accumulate,0.000047906,0.000047944
4,49,receive_authenticate_accumulate,0.017229394,0.017229685
4,49,receive_authenticate_accumulate,0.000049591,0.000049722
4,49,receive_authenticate_accumulate,0.017218783,0.017219148
4,49,receive_authenticate_accumulate,0.000048443,0.000048334
4,49,receive_authenticate_accumulate,0.017223931,0.017224185
4,49,receive_authenticate_accumulate,0.000048980,0.000049037
4,49,receive_authenticate_accumulate,0.017261764,0.017249482
4,49,receive_authenticate_accumulate,0.000049739,0.000049722
4,49,receive_authenticate_accumulate,0.017229023,0.017229166
4,49,receive_authenticate_accumulate,0.000051462,0.000051481
4,49,receive_authenticate_accumulate,0.017236042,0.017236296
4,49,receive_authenticate_accumulate,0.000052499,0.000052445
4,49,receive_authenticate_accumulate,0.017246320,0.017246370
4,49,receive_authenticate_accumulate,0.000049165,0.000049185
4,49,receive_authenticate_accumulate,0.017224061,0.017224333
4,49,receive_authenticate_accumulate,0.000057851,0.000057814
4,49,reading_commitment_and_shares,0.026200779,0.026201389
4,49,receive_authenticate_accumulate,0.017236525,0.017236537
4,49,receive_authenticate_accumulate,0.000049517,0.000049518
4,49,receive_authenticate_accumulate,0.017230988,0.017231074
4,49,receive_authenticate_accumulate,0.000049221,0.000049167
4,49,receive_authenticate_accumulate,0.017224210,0.017224222
4,49,receive_authenticate_accumulate,0.000048314,0.000048352
4,49,round_coverage,0.000003704,0.000003204
4,49,spatial_report,0.000066573,0.000066407
4,49,billing_report,0.000422065,0.000421945
5,50,period_reset,0.000025055,0.000023907
5,50,receive_authenticate_accumulate,0.000092369,0.000092278
5,50,receive_authenticate_accumulate,0.000128257,0.000128389
5,50,receive_authenticate_accumulate,0.000089369,0.000089148
5,50,receive_authenticate_accumulate,0.000087905,0.000087666
5,50,receive_authenticate_accumulate,0.000088405,0.000088278
5,50,receive_authenticate_accumulate,0.000084683,0.000084445
5,50,receive_authenticate_accumulate,0.000086146,0.000086129
5,50,receive_authenticate_accumulate,0.000089128,0.000088760
5,50,receive_authenticate_accumulate,0.000088073,0.000087963
5,50,receive_authenticate_accumulate,0.000087461,0.000087426
5,50,receive_authenticate_accumulate,0.000087276,0.000087056
5,50,receive_authenticate_accumulate,0.000089016,0.000088704
5,50,receive_authenticate_accumulate,0.000088739,0.000088538
5,50,receive_authenticate_accumulate,0.000092590,0.000092852
5,50,receive_authenticate_accumulate,0.000085368,0.000085334
5,50,receive_authenticate_accumulate,0.000088220,0.000088204
5,50,receive_authenticate_accumulate,0.000054147,0.000053963
5,50,randomness_commit,0.000482360,0.000482260
5,50,receive_authenticate_accumulate,0.000053332,0.000053241
5,50,receive_authenticate_accumulate,0.000045221,0.000045074
5,50,receive_authenticate_accumulate,0.000054295,0.000054185
5,50,receive_authenticate_accumulate,0.000066295,0.000066259
5,50,receive_authenticate_accumulate,0.000065443,0.000065407
5,50,receive_authenticate_accumulate,0.000064628,0.000064500
5,50,receive_authenticate_accumulate,0.000067406,0.000067389
5,50,receive_authenticate_accumulate,0.000064813,0.000064907
5,50,receive_authenticate_accumulate,0.000064425,0.000064463
5,50,receive_authenticate_accumulate,0.000063610,0.000063556
5,50,receive_authenticate_accumulate,0.000065258,0.000065240
5,50,receive_authenticate_accumulate,0.000064406,0.000064352
5,50,receive_authenticate_accumulate,0.000065313,0.000065241
5,50,receive_authenticate_accumulate,0.000064110,0.000064074
5,50,receive_authenticate_accumulate,0.000065054,0.000065000
5,50,receive_authenticate_accumulate,0.000064721,0.000064611
5,50,receive_authenticate_accumulate,0.000065665,0.000065667
5,50,receive_authenticate_accumulate,0.000087832,0.000087722
5,50,receive_authenticate_accumulate,0.000056906,0.000056648
5,50,receive_authenticate_accumulate,0.000065665,0.000065630
5,50,randomness_reveal,0.000461064,0.000460889
5,50,receive_authenticate_accumulate,0.000063424,0.000063315
5,50,receive_authenticate_accumulate,0.000063962,0.000063852
5,50,receive_authenticate_accumulate,0.000063314,0.000063203
5,50,committee_selection,0.000123256,0.000123056
5,50,round_reset,0.000004981,0.000004314
5,50,receive_authenticate_accumulate,0.017222052,0.017222352
5,50,receive_authenticate_accumulate,0.000047721,0.000047685
5,50,receive_authenticate_accumulate,0.017227498,0.017227685
5,50,receive_authenticate_accumulate,0.000044536,0.000044593
5,50,receive_authenticate_accumulate,0.017234572,0.017234760
5,50,receive_authenticate_accumulate,0.000044499,0.000044463
5,50,receive_authenticate_accumulate,0.017234757,0.017234944
5,50,receive_authenticate_accumulate,0.000047573,0.000047556
5,50,receive_authenticate_accumulate,0.017227683,0.017227963
5,50,receive_authenticate_accumulate,0.000047443,0.000047389
5,50,receive_authenticate_accumulate,0.017223110,0.017223370
5,50,receive_authenticate_accumulate,0.000046462,0.000046426
5,50,receive_authenticate_accumulate,0.017230572,0.017230760
5,50,receive_authenticate_accumulate,0.000045036,0.000045019
5,50,receive_authenticate_accumulate,0.017228535,0.017228870
5,50,receive_authenticate_accumulate,0.000046313,0.000046370
5,50,receive_authenticate_accumulate,0.017225369,0.017225556
5,50,receive_authenticate_accumulate,0.000044944,0.000044963
5,50,receive_authenticate_accumulate,0.017205666,0.017205982
5,50,receive_authenticate_accumulate,0.000046258,0.000046241
5,50,receive_authenticate_accumulate,0.017227203,0.017227388
5,50,receive_authenticate_accumulate,0.000046629,0.000046592
5,50,receive_authenticate_accumulate,0.017226703,0.017227000
5,50,receive_authenticate_accumulate,0.000046314,0.000046278
5,50,receive_authenticate_accumulate,0.017228074,0.017228389
5,50,receive_authenticate_accumulate,0.000045277,0.000045222
5,50,receive_authenticate_accumulate,0.017215963,0.017216204
5,50,receive_authenticate_accumulate,0.000045814,0.000045852
5,50,receive_authenticate_accumulate,0.017217778,0.017218019
5,50,receive_authenticate_accumulate,0.000045184,0.000045186
5,50,receive_authenticate_accumulate,0.017233092,0.017233445
5,50,receive_authenticate_accumulate,0.000046147,0.000046056
5,50,receive_authenticate_accumulate,0.017229093,0.017229167
5,50,receive_authenticate_accumulate,0.000053610,0.000053407
5,50,reading_commitment_and_shares,0.026207372,0.026208333
5,50,receive_authenticate_accumulate,0.017226574,0.017226851
5,50,receive_authenticate_accumulate,0.000049796,0.000049759
5,50,receive_authenticate_accumulate,0.017256833,0.017239925
5,50,receive_authenticate_accumulate,0.000047222,0.000047204
5,50,receive_authenticate_accumulate,0.017227167,0.017227333
5,50,receive_authenticate_accumulate,0.000047610,0.000047500
5,50,round_coverage,0.000003555,0.000003019
5,50,spatial_report,0.000041703,0.000041518
5,51,round_reset,0.000009962,0.000008630
5,51,receive_authenticate_accumulate,0.017224695,0.017224815
5,51,receive_authenticate_accumulate,0.000047332,0.000047277
5,51,receive_authenticate_accumulate,0.017234324,0.017234463
5,51,receive_authenticate_accumulate,0.000048444,0.000048167
5,51,receive_authenticate_accumulate,0.017223898,0.017224019
5,51,receive_authenticate_accumulate,0.000047666,0.000047611
5,51,receive_authenticate_accumulate,0.017232213,0.017232444
5,51,receive_authenticate_accumulate,0.000048777,0.000048796
5,51,receive_authenticate_accumulate,0.017229473,0.017229759
5,51,receive_authenticate_accumulate,0.000047721,0.000047666
5,51,receive_authenticate_accumulate,0.017235010,0.017235166
5,51,receive_authenticate_accumulate,0.000048869,0.000048870
5,51,receive_authenticate_accumulate,0.017230177,0.017230389
5,51,receive_authenticate_accumulate,0.000047629,0.000047518
5,51,receive_authenticate_accumulate,0.017234214,0.017234222
5,51,receive_authenticate_accumulate,0.000047296,0.000047278
5,51,receive_authenticate_accumulate,0.017223917,0.017224018
5,51,receive_authenticate_accumulate,0.000046388,0.000046408
5,51,receive_authenticate_accumulate,0.017225362,0.017225444
5,51,receive_authenticate_accumulate,0.000046870,0.000046870
5,51,receive_authenticate_accumulate,0.017223566,0.017223889
5,51,receive_authenticate_accumulate,0.000047629,0.000047611
5,51,receive_authenticate_accumulate,0.017219363,0.017219556
5,51,receive_authenticate_accumulate,0.000047648,0.000047611
5,51,receive_authenticate_accumulate,0.025853896,0.025854278
5,51,receive_authenticate_accumulate,0.000072461,0.000072371
5,51,receive_authenticate_accumulate,0.017226140,0.017226370
5,51,receive_authenticate_accumulate,0.000047869,0.000047851
5,51,receive_authenticate_accumulate,0.017227141,0.017227315
5,51,receive_authenticate_accumulate,0.000047648,0.000047667
5,51,receive_authenticate_accumulate,0.017222937,0.017223185
5,51,receive_authenticate_accumulate,0.000048758,0.000048741
5,51,receive_authenticate_accumulate,0.017230919,0.017231074
5,51,receive_authenticate_accumulate,0.000048777,0.000048852
5,51,reading_commitment_and_shares,0.026191557,0.026192185
5,51,receive_authenticate_accumulate,0.017224030,0.017224259
5,51,receive_authenticate_accumulate,0.000049277,0.000049315
5,51,receive_authenticate_accumulate,0.017230234,0.017230592
5,51,receive_authenticate_accumulate,0.000047647,0.000047648
5,51,receive_authenticate_accumulate,0.017230290,0.017230759
5,51,receive_authenticate_accumulate,0.000050240,0.000050277
5,51,round_coverage,0.000003462,0.000003056
5,51,spatial_report,0.000042091,0.000041944
5,52,round_reset,0.000008963,0.000007722
5,52,receive_authenticate_accumulate,0.017226427,0.017226297
5,52,receive_authenticate_accumulate,0.000047721,0.000047741
5,52,receive_authenticate_accumulate,0.017223298,0.017223389
5,52,receive_authenticate_accumulate,0.000046703,0.000046796
5,52,receive_authenticate_accumulate,0.017270205,0.017245222
5,52,receive_authenticate_accumulate,0.000047444,0.000047537
5,52,receive_authenticate_accumulate,0.017229262,0.017229463
5,52,receive_authenticate_accumulate,0.000048147,0.000048222
5,52,receive_authenticate_accumulate,0.017243576,0.017234111
5,52,receive_authenticate_accumulate,0.000047795,0.000047852
5,52,receive_authenticate_accumulate,0.017229688,0.017229797
5,52,receive_authenticate_accumulate,0.000046906,0.000046963
5,52,receive_authenticate_accumulate,0.017226854,0.017227111
5,52,receive_authenticate_accumulate,0.000047740,0.000047814
5,52,receive_authenticate_accumulate,0.017235095,0.017235444
5,52,receive_authenticate_accumulate,0.000047555,0.000047537
5,52,receive_authenticate_accumulate,0.017229429,0.017229704
5,52,receive_authenticate_accumulate,0.000047832,0.000047815
5,52,receive_authenticate_accumulate,0.017224503,0.017224685
5,52,receive_authenticate_accumulate,0.000048499,0.000048555
5,52,receive_authenticate_accumulate,0.017281391,0.017240369
5,52,receive_authenticate_accumulate,0.000048036,0.000048092
5,52,receive_authenticate_accumulate,0.017232337,0.017232370
5,52,receive_authenticate_accumulate,0.000047240,0.000047296
5,52,receive_authenticate_accumulate,0.017229336,0.017229482
5,52,receive_authenticate_accumulate,0.000046425,0.000046407
5,52,receive_authenticate_accumulate,0.017242577,0.017242778
5,52,receive_authenticate_accumulate,0.000046259,0.000046204
5,52,receive_authenticate_accumulate,0.017228041,0.017228445
5,52,receive_authenticate_accumulate,0.000046944,0.000046797
5,52,receive_authenticate_accumulate,0.017219504,0.017219703
5,52,receive_authenticate_accumulate,0.000047332,0.000047352
5,52,receive_authenticate_accumulate,0.017231448,0.017231704
5,52,receive_authenticate_accumulate,0.000047369,0.000047388
5,52,reading_commitment_and_shares,0.026188111,0.026188592
5,52,receive_authenticate_accumulate,0.017221171,0.017221296
5,52,receive_authenticate_accumulate,0.000047759,0.000047722
5,52,receive_authenticate_accumulate,0.017227967,0.017228185
5,52,receive_authenticate_accumulate,0.000047647,0.000047611
5,52,receive_authenticate_accumulate,0.017222726,0.017222907
5,52,receive_authenticate_accumulate,0.000046221,0.000046185
5,52,round_coverage,0.000003297,0.000002741
5,52,spatial_report,0.000038425,0.000038259
5,53,round_reset,0.000009019,0.000007685
5,53,receive_authenticate_accumulate,0.017233771,0.017233871
5,53,receive_authenticate_accumulate,0.000047110,0.000047092
5,53,receive_authenticate_accumulate,0.017227272,0.017227537
5,53,receive_authenticate_accumulate,0.000047017,0.000047000
5,53,receive_authenticate_accumulate,0.017222198,0.017222334
5,53,receive_authenticate_accumulate,0.000046943,0.000046926
5,53,receive_authenticate_accumulate,0.017230808,0.017230593
5,53,receive_authenticate_accumulate,0.000046684,0.000046703
5,53,receive_authenticate_accumulate,0.017222642,0.017222722
5,53,receive_authenticate_accumulate,0.000047888,0.000047963
5,53,receive_authenticate_accumulate,0.017235272,0.017235426
5,53,receive_authenticate_accumulate,0.000046185,0.000046092
5,53,receive_authenticate_accumulate,0.017223810,0.017224074
5,53,receive_authenticate_accumulate,0.000046277,0.000046278
5,53,receive_authenticate_accumulate,0.017227458,0.017227555
5,53,receive_authenticate_accumulate,0.000046721,0.000046685
5,53,receive_authenticate_accumulate,0.017223977,0.017224129
5,53,receive_authenticate_accumulate,0.000045703,0.000045667
5,53,receive_authenticate_accumulate,0.017224273,0.017224463
5,53,receive_authenticate_accumulate,0.000047351,0.000047296
5,53,receive_authenticate_accumulate,0.017240698,0.017241500
5,53,receive_authenticate_accumulate,0.000049221,0.000049204
5,53,receive_authenticate_accumulate,0.017228736,0.017228944
5,53,receive_authenticate_accumulate,0.000046722,0.000046760
5,53,receive_authenticate_accumulate,0.017224829,0.017224759
5,53,receive_authenticate_accumulate,0.000049148,0.000049167
5,53,receive_authenticate_accumulate,0.017230236,0.017230352
5,53,receive_authenticate_accumulate,0.000047073,0.000047111
5,53,receive_authenticate_accumulate,0.017231681,0.017231925
5,53,receive_authenticate_accumulate,0.000047000,0.000046962
5,53,receive_authenticate_accumulate,0.017222755,0.017222760
5,53,receive_authenticate_accumulate,0.000046129,0.000046204
5,53,receive_authenticate_accumulate,0.017222626,0.017222778
5,53,receive_authenticate_accumulate,0.000046462,0.000046481
5,53,reading_commitment_and_shares,0.026202015,0.026202444
5,53,receive_authenticate_accumulate,0.017261606,0.017250963
5,53,receive_authenticate_accumulate,0.000046888,0.000046945
5,53,receive_authenticate_accumulate,0.017229163,0.017229277
5,53,receive_authenticate_accumulate,0.000047388,0.000047500
5,53,receive_authenticate_accumulate,0.017221311,0.017221537
5,53,receive_authenticate_accumulate,0.000047814,0.000047796
5,53,round_coverage,0.000003704,0.000003129
5,53,spatial_report,0.000039500,0.000039278
5,54,round_reset,0.000009018,0.000007796
5,54,receive_authenticate_accumulate,0.017252244,0.017253574
5,54,receive_authenticate_accumulate,0.000050018,0.000050056
5,54,receive_authenticate_accumulate,0.017228096,0.017228370
5,54,receive_authenticate_accumulate,0.000050073,0.000050055
5,54,receive_authenticate_accumulate,0.017232245,0.017232593
5,54,receive_authenticate_accumulate,0.000046944,0.000046944
5,54,receive_authenticate_accumulate,0.017217022,0.017217241
5,54,receive_authenticate_accumulate,0.000047610,0.000047759
5,54,receive_authenticate_accumulate,0.017250245,0.017240260
5,54,receive_authenticate_accumulate,0.000047073,0.000047111
5,54,receive_authenticate_accumulate,0.017226856,0.017226908
5,54,receive_authenticate_accumulate,0.000046147,0.000046186
5,54,receive_authenticate_accumulate,0.017221079,0.017221074
5,54,receive_authenticate_accumulate,0.000046870,0.000046871
5,54,receive_authenticate_accumulate,0.017232634,0.017232926
5,54,receive_authenticate_accumulate,0.000046925,0.000046944
5,54,receive_authenticate_accumulate,0.017220505,0.017220685
5,54,receive_authenticate_accumulate,0.000047110,0.000047037
5,54,receive_authenticate_accumulate,0.017228023,0.017228222
5,54,receive_authenticate_accumulate,0.000048925,0.000048889
5,54,receive_authenticate_accumulate,0.017221950,0.017222241
5,54,receive_authenticate_accumulate,0.000079498,0.000079537
5,54,receive_authenticate_accumulate,0.017230283,0.017230463
5,54,receive_authenticate_accumulate,0.000044852,0.000044834
5,54,receive_authenticate_accumulate,0.017228839,0.017228889
5,54,receive_authenticate_accumulate,0.000045129,0.000045092
5,54,receive_authenticate_accumulate,0.017222857,0.017223000
5,54,receive_authenticate_accumulate,0.000044869,0.000044982
5,54,receive_authenticate_accumulate,0.017248579,0.017230536
5,54,receive_authenticate_accumulate,0.000045888,0.000045907
5,54,receive_authenticate_accumulate,0.017229080,0.017229259
5,54,receive_authenticate_accumulate,0.000045128,0.000045166
5,54,receive_authenticate_accumulate,0.017233617,0.017233648
5,54,receive_authenticate_accumulate,0.000045037,0.000044982
5,54,reading_commitment_and_shares,0.026197715,0.026198129
5,54,receive_authenticate_accumulate,0.017228710,0.017228815
5,54,receive_authenticate_accumulate,0.000048425,0.000048352
5,54,receive_authenticate_accumulate,0.017223154,0.017223092
5,54,receive_authenticate_accumulate,0.000046555,0.000046611
5,54,receive_authenticate_accumulate,0.017228969,0.017229074
5,54,receive_authenticate_accumulate,0.000047406,0.000047352
5,54,round_coverage,0.000003556,0.000003167
5,54,spatial_report,0.000040277,0.000040037
5,55,round_reset,0.000009222,0.000008074
5,55,receive_authenticate_accumulate,0.017237476,0.017237648
5,55,receive_authenticate_accumulate,0.000046129,0.000046112
5,55,receive_authenticate_accumulate,0.017221143,0.017221259
5,55,receive_authenticate_accumulate,0.000045259,0.000045278
5,55,receive_authenticate_accumulate,0.017230772,0.017230963
5,55,receive_authenticate_accumulate,0.000045480,0.000045370
5,55,receive_authenticate_accumulate,0.017235180,0.017235463
5,55,receive_authenticate_accumulate,0.000048591,0.000048629
5,55,receive_authenticate_accumulate,0.017265309,0.017255833
5,55,receive_authenticate_accumulate,0.000060018,0.000060130
5,55,receive_authenticate_accumulate,0.017226236,0.017226407
5,55,receive_authenticate_accumulate,0.000047407,0.000047426
5,55,receive_authenticate_accumulate,0.017232124,0.017232204
5,55,receive_authenticate_accumulate,0.000047518,0.000047500
5,55,receive_authenticate_accumulate,0.017238588,0.017238814
5,55,receive_authenticate_accumulate,0.000047536,0.000047426
5,55,receive_authenticate_accumulate,0.017229847,0.017230092
5,55,receive_authenticate_accumulate,0.000047833,0.000047851
5,55,receive_authenticate_accumulate,0.017235773,0.017235945
5,55,receive_authenticate_accumulate,0.000048425,0.000048426
5,55,receive_authenticate_accumulate,0.017221792,0.017221889
5,55,receive_authenticate_accumulate,0.000046962,0.000046926
5,55,receive_authenticate_accumulate,0.017223588,0.017223685
5,55,receive_authenticate_accumulate,0.000047129,0.000047000
5,55,receive_authenticate_accumulate,0.017230440,0.017230537
5,55,receive_authenticate_accumulate,0.000047518,0.000047482
5,55,receive_authenticate_accumulate,0.017228959,0.017229297
5,55,receive_authenticate_accumulate,0.000046980,0.000047037
5,55,receive_authenticate_accumulate,0.017248755,0.017237796
5,55,receive_authenticate_accumulate,0.000046518,0.000046463
5,55,receive_authenticate_accumulate,0.017229200,0.017229389
5,55,receive_authenticate_accumulate,0.000046370,0.000046389
5,55,receive_authenticate_accumulate,0.017219478,0.017219778
5,55,receive_authenticate_accumulate,0.000047036,0.000047129
5,55,reading_commitment_and_shares,0.026206489,0.026206962
5,55,receive_authenticate_accumulate,0.017232533,0.017232833
5,55,receive_authenticate_accumulate,0.000047036,0.000047074
5,55,receive_authenticate_accumulate,0.017232849,0.017233166
5,55,receive_authenticate_accumulate,0.000046611,0.000046611
5,55,receive_authenticate_accumulate,0.017231330,0.017231666
5,55,receive_authenticate_accumulate,0.000061185,0.000061167
5,55,round_coverage,0.000003408,0.000003000
5,55,spatial_report,0.000039536,0.000039463
5,56,round_reset,0.000010000,0.000008648
5,56,receive_authenticate_accumulate,0.017233929,0.017233944
5,56,receive_authenticate_accumulate,0.000047000,0.000046944
5,56,receive_authenticate_accumulate,0.017222318,0.017222593
5,56,receive_authenticate_accumulate,0.000046370,0.000046389
5,56,receive_authenticate_accumulate,0.017274743,0.017232925
5,56,receive_authenticate_accumulate,0.000047499,0.000047555
5,56,receive_authenticate_accumulate,0.017221744,0.017221926
5,56,receive_authenticate_accumulate,0.000047370,0.000047296
5,56,receive_authenticate_accumulate,0.017224949,0.017225055
5,56,receive_authenticate_accumulate,0.000046463,0.000046426
5,56,receive_authenticate_accumulate,0.017223670,0.017223907
5,56,receive_authenticate_accumulate,0.000045926,0.000045908
5,56,receive_authenticate_accumulate,0.017228893,0.017229111
5,56,receive_authenticate_accumulate,0.000055943,0.000055833
5,56,receive_authenticate_accumulate,0.017228504,0.017228667
5,56,receive_authenticate_accumulate,0.000047129,0.000047241
5,56,receive_authenticate_accumulate,0.017214208,0.017214481
5,56,receive_authenticate_accumulate,0.000048740,0.000048666
5,56,receive_authenticate_accumulate,0.017255097,0.017246315
5,56,receive_authenticate_accumulate,0.000047814,0.000047833
5,56,receive_authenticate_accumulate,0.017222615,0.017222741
5,56,receive_authenticate_accumulate,0.000047795,0.000047740
5,56,receive_authenticate_accumulate,0.017261411,0.017238778
5,56,receive_authenticate_accumulate,0.000048425,0.000048407
5,56,receive_authenticate_accumulate,0.025858747,0.025859130
5,56,receive_authenticate_accumulate,0.000048647,0.000048538
5,56,receive_authenticate_accumulate,0.017226820,0.017227074
5,56,receive_authenticate_accumulate,0.000046851,0.000046907
5,56,receive_authenticate_accumulate,0.017251097,0.017240963
5,56,receive_authenticate_accumulate,0.000047333,0.000047370
5,56,receive_authenticate_accumulate,0.017226023,0.017226426
5,56,receive_authenticate_accumulate,0.000046128,0.000046260
5,56,receive_authenticate_accumulate,0.017238949,0.017239351
5,56,receive_authenticate_accumulate,0.000047221,0.000047296
5,56,reading_commitment_and_shares,0.026249760,0.026250222
5,56,receive_authenticate_accumulate,0.017233172,0.017233408
5,56,receive_authenticate_accumulate,0.000047425,0.000047463
5,56,receive_authenticate_accumulate,0.017226783,0.017227111
5,56,receive_authenticate_accumulate,0.000045869,0.000045889
5,56,receive_authenticate_accumulate,0.017224080,0.017224407
5,56,receive_authenticate_accumulate,0.000047517,0.000047667
5,56,round_coverage,0.000003352,0.000002981
5,56,spatial_report,0.000038314,0.000038204
5,57,round_reset,0.000009741,0.000008593
5,57,receive_authenticate_accumulate,0.017238345,0.017238629
5,57,receive_authenticate_accumulate,0.000046648,0.000046704
5,57,receive_authenticate_accumulate,0.017226808,0.017227056
5,57,receive_authenticate_accumulate,0.000047425,0.000047500
5,57,receive_authenticate_accumulate,0.017222308,0.017222630
5,57,receive_authenticate_accumulate,0.000047221,0.000047204
5,57,receive_authenticate_accumulate,0.017225383,0.017225611
5,57,receive_authenticate_accumulate,0.000045943,0.000045907
5,57,receive_authenticate_accumulate,0.017247197,0.017238167
5,57,receive_authenticate_accumulate,0.000047888,0.000047908
5,57,receive_authenticate_accumulate,0.017230271,0.017230555
5,57,receive_authenticate_accumulate,0.000046407,0.000046371
5,57,receive_authenticate_accumulate,0.017224772,0.017224888
5,57,receive_authenticate_accumulate,0.000047518,0.000047537
5,57,receive_authenticate_accumulate,0.017231938,0.017232203
5,57,receive_authenticate_accumulate,0.000046240,0.000046278
5,57,receive_authenticate_accumulate,0.017216365,0.017216500
5,57,receive_authenticate_accumulate,0.000047889,0.000047889
5,57,receive_authenticate_accumulate,0.017238624,0.017238870
5,57,receive_authenticate_accumulate,0.000050073,0.000050130
5,57,receive_authenticate_accumulate,0.017228439,0.017228778
5,57,receive_authenticate_accumulate,0.000047629,0.000047574
5,57,receive_authenticate_accumulate,0.017229198,0.017229444
5,57,receive_authenticate_accumulate,0.000048963,0.000049056
5,57,receive_authenticate_accumulate,0.025851945,0.025852352
5,57,receive_authenticate_accumulate,0.000077665,0.000077482
5,57,receive_authenticate_accumulate,0.017225402,0.017225556
5,57,receive_authenticate_accumulate,0.000046610,0.000046592
5,57,receive_authenticate_accumulate,0.017250105,0.017239260
5,57,receive_authenticate_accumulate,0.000049073,0.000049166
5,57,receive_authenticate_accumulate,0.017228643,0.017228778
5,57,receive_authenticate_accumulate,0.000046610,0.000046667
5,57,receive_authenticate_accumulate,0.017222384,0.017222519
5,57,receive_authenticate_accumulate,0.000047721,0.000047778
5,57,reading_commitment_and_shares,0.026214069,0.026214611
5,57,receive_authenticate_accumulate,0.017223346,0.017223685
5,57,receive_authenticate_accumulate,0.000046851,0.000046851
5,57,receive_authenticate_accumulate,0.017223773,0.017223778
5,57,receive_authenticate_accumulate,0.000047795,0.000047870
5,57,receive_authenticate_accumulate,0.017225644,0.017225926
5,57,receive_authenticate_accumulate,0.000046629,0.000046630
5,57,round_coverage,0.000003166,0.000002666
5,57,spatial_report,0.000038684,0.000038537
5,58,round_reset,0.000009500,0.000008333
5,58,receive_authenticate_accumulate,0.017229723,0.017229815
5,58,receive_authenticate_accumulate,0.000047537,0.000047574
5,58,receive_authenticate_accumulate,0.017228038,0.017228092
5,58,receive_authenticate_accumulate,0.000046351,0.000046389
5,58,receive_authenticate_accumulate,0.017227316,0.017227334
5,58,receive_authenticate_accumulate,0.000048037,0.000048111
5,58,receive_authenticate_accumulate,0.017222557,0.017222740
5,58,receive_authenticate_accumulate,0.000046129,0.000046130
5,58,receive_authenticate_accumulate,0.017223594,0.017223722
5,58,receive_authenticate_accumulate,0.000046740,0.000046796
5,58,receive_authenticate_accumulate,0.017218613,0.017218815
5,58,receive_authenticate_accumulate,0.000046962,0.000046797
5,58,receive_authenticate_accumulate,0.017256260,0.017234556
5,58,receive_authenticate_accumulate,0.000061259,0.000061296
5,58,receive_authenticate_accumulate,0.017234612,0.017234741
5,58,receive_authenticate_accumulate,0.000047425,0.000047425
5,58,receive_authenticate_accumulate,0.017226576,0.017226629
5,58,receive_authenticate_accumulate,0.000045906,0.000045870
5,58,receive_authenticate_accumulate,0.017222169,0.017222277
5,58,receive_authenticate_accumulate,0.000049092,0.000049167
5,58,receive_authenticate_accumulate,0.017223521,0.017223704
5,58,receive_authenticate_accumulate,0.000046370,0.000046389
5,58,receive_authenticate_accumulate,0.017230409,0.017230630
5,58,receive_authenticate_accumulate,0.000046962,0.000046926
5,58,receive_authenticate_accumulate,0.017232576,0.017232648
5,58,receive_authenticate_accumulate,0.000046758,0.000046889
5,58,receive_authenticate_accumulate,0.017231020,0.017231296
5,58,receive_authenticate_accumulate,0.000046611,0.000046611
5,58,receive_authenticate_accumulate,0.017221317,0.017221593
5,58,receive_authenticate_accumulate,0.000046554,0.000046518
5,58,receive_authenticate_accumulate,0.017220540,0.017220833
5,58,receive_authenticate_accumulate,0.000046684,0.000046759
5,58,receive_authenticate_accumulate,0.017245613,0.017234148
5,58,receive_authenticate_accumulate,0.000049055,0.000049074
5,58,reading_commitment_and_shares,0.026200156,0.026200667
5,58,receive_authenticate_accumulate,0.017228207,0.017228630
5,58,receive_authenticate_accumulate,0.000046277,0.000046204
5,58,receive_authenticate_accumulate,0.017226225,0.017226500
5,58,receive_authenticate_accumulate,0.000047685,0.000047797
5,58,receive_authenticate_accumulate,0.017220651,0.017220778
5,58,receive_authenticate_accumulate,0.000047388,0.000047408
5,58,round_coverage,0.000003518,0.000003204
5,58,spatial_report,0.000037389,0.000037315
5,59,round_reset,0.000008870,0.000007463
5,59,receive_authenticate_accumulate,0.017279322,0.017237703
5,59,receive_authenticate_accumulate,0.000047055,0.000047111
5,59,receive_authenticate_accumulate,0.017228082,0.017228259
5,59,receive_authenticate_accumulate,0.000045369,0.000045389
5,59,receive_authenticate_accumulate,0.017223620,0.017223760
5,59,receive_authenticate_accumulate,0.000046481,0.000046500
5,59,receive_authenticate_accumulate,0.017234064,0.017234204
5,59,receive_authenticate_accumulate,0.000045647,0.000045648
5,59,receive_authenticate_accumulate,0.017218120,0.017218111
5,59,receive_authenticate_accumulate,0.000046981,0.000047019
5,59,receive_authenticate_accumulate,0.017229176,0.017229204
5,59,receive_authenticate_accumulate,0.000046147,0.000046185
5,59,receive_authenticate_accumulate,0.017220861,0.017220963
5,59,receive_authenticate_accumulate,0.000048073,0.000047982
5,59,receive_authenticate_accumulate,0.017225805,0.017225852
5,59,receive_authenticate_accumulate,0.000046907,0.000046907
5,59,receive_authenticate_accumulate,0.017218194,0.017218296
5,59,receive_authenticate_accumulate,0.000046648,0.000046741
5,59,receive_authenticate_accumulate,0.017220991,0.017221018
5,59,receive_authenticate_accumulate,0.000046018,0.000046000
5,59,receive_authenticate_accumulate,0.017227046,0.017227240
5,59,receive_authenticate_accumulate,0.000046740,0.000046815
5,59,receive_authenticate_accumulate,0.017223825,0.017224000
5,59,receive_authenticate_accumulate,0.000047351,0.000047334
5,59,receive_authenticate_accumulate,0.017231602,0.017231760
5,59,receive_authenticate_accumulate,0.000047684,0.000047686
5,59,receive_authenticate_accumulate,0.017235306,0.017235482
5,59,receive_authenticate_accumulate,0.000046555,0.000046630
5,59,receive_authenticate_accumulate,0.017236954,0.017237074
5,59,receive_authenticate_accumulate,0.000048777,0.000048667
5,59,receive_authenticate_accumulate,0.017227843,0.017228129
5,59,receive_authenticate_accumulate,0.000048703,0.000048815
5,59,receive_authenticate_accumulate,0.017223472,0.017223593
5,59,receive_authenticate_accumulate,0.000047574,0.000047556
5,59,reading_commitment_and_shares,0.026210555,0.026210963
5,59,receive_authenticate_accumulate,0.017225935,0.017226148
5,59,receive_authenticate_accumulate,0.000047426,0.000047463
5,59,receive_authenticate_accumulate,0.017220621,0.017220852
5,59,receive_authenticate_accumulate,0.000048258,0.000048240
5,59,receive_authenticate_accumulate,0.017229936,0.017230149
5,59,receive_authenticate_accumulate,0.000046665,0.000046686
5,59,round_coverage,0.000003315,0.000002926
5,59,spatial_report,0.000039147,0.000039000
5,59,billing_report,0.000421346,0.000421203
6,60,period_reset,0.000025111,0.000024037
6,60,receive_authenticate_accumulate,0.000095480,0.000095370
6,60,receive_authenticate_accumulate,0.000127110,0.000127222
6,60,receive_authenticate_accumulate,0.000087128,0.000086963
6,60,receive_authenticate_accumulate,0.000083980,0.000083741
6,60,receive_authenticate_accumulate,0.000118739,0.000118741
6,60,receive_authenticate_accumulate,0.000084943,0.000084908
6,60,receive_authenticate_accumulate,0.000083240,0.000083334
6,60,receive_authenticate_accumulate,0.000068647,0.000068555
6,60,receive_authenticate_accumulate,0.000066073,0.000066037
6,60,receive_authenticate_accumulate,0.000064480,0.000064537
6,60,receive_authenticate_accumulate,0.000062722,0.000062741
6,60,receive_authenticate_accumulate,0.000062444,0.000062259
6,60,receive_authenticate_accumulate,0.000064407,0.000064352
6,60,receive_authenticate_accumulate,0.000064425,0.000064130
6,60,receive_authenticate_accumulate,0.000063388,0.000063223
6,60,receive_authenticate_accumulate,0.000064517,0.000064482
6,60,receive_authenticate_accumulate,0.000063203,0.000063185
6,60,randomness_commit,0.000595232,0.000595093
6,60,receive_authenticate_accumulate,0.000062017,0.000062185
6,60,receive_authenticate_accumulate,0.000066758,0.000066648
6,60,receive_authenticate_accumulate,0.000064443,0.000064333
6,60,receive_authenticate_accumulate,0.000079721,0.000079648
6,60,receive_authenticate_accumulate,0.000079295,0.000079260
6,60,receive_authenticate_accumulate,0.000078221,0.000078148
6,60,receive_authenticate_accumulate,0.000078517,0.000078555
6,60,receive_authenticate_accumulate,0.000077055,0.000077222
6,60,receive_authenticate_accumulate,0.000075203,0.000075019
6,60,receive_authenticate_accumulate,0.000078684,0.000078500
6,60,receive_authenticate_accumulate,0.000077739,0.000077574
6,60,receive_authenticate_accumulate,0.000078776,0.000078666
6,60,receive_authenticate_accumulate,0.000066054,0.000065593
6,60,receive_authenticate_accumulate,0.000063739,0.000063686
6,60,receive_authenticate_accumulate,0.000063555,0.000063463
6,60,receive_authenticate_accumulate,0.000063054,0.000063074
6,60,receive_authenticate_accumulate,0.000063073,0.000063037
6,60,receive_authenticate_accumulate,0.000063388,0.000063352
6,60,receive_authenticate_accumulate,0.000063703,0.000063611
6,60,receive_authenticate_accumulate,0.000064240,0.000064223
6,60,randomness_reveal,0.000443048,0.000442852
6,60,receive_authenticate_accumulate,0.000054129,0.000053981
6,60,receive_authenticate_accumulate,0.000062980,0.000062148
6,60,receive_authenticate_accumulate,0.000062444,0.000062371
6,60,committee_selection,0.000121073,0.000120963
6,60,round_reset,0.000004740,0.000004111
6,60,receive_authenticate_accumulate,0.017226682,0.017226871
6,60,receive_authenticate_accumulate,0.017280478,0.017251704
6,60,receive_authenticate_accumulate,0.017240775,0.017240870
6,60,receive_authenticate_accumulate,0.017254367,0.017240038
6,60,receive_authenticate_accumulate,0.017222775,0.017222908
6,60,receive_authenticate_accumulate,0.017235756,0.017235797
6,60,receive_authenticate_accumulate,0.017224423,0.017224408
6,60,receive_authenticate_accumulate,0.017233497,0.017233629
6,60,receive_authenticate_accumulate,0.017246367,0.017234020
6,60,receive_authenticate_accumulate,0.017241293,0.017241370
6,60,receive_authenticate_accumulate,0.017228294,0.017228481
6,60,receive_authenticate_accumulate,0.017224831,0.017224963
6,60,receive_authenticate_accumulate,0.017224312,0.017224407
6,60,receive_authenticate_accumulate,0.017231424,0.017231260
6,60,receive_authenticate_accumulate,0.017224998,0.017225093
6,60,receive_authenticate_accumulate,0.017232220,0.017232277
6,60,receive_authenticate_accumulate,0.017217943,0.017218185
6,60,reading_commitment_and_shares,0.026236214,0.026207537
6,60,receive_authenticate_accumulate,0.017235646,0.017236056
6,60,receive_authenticate_accumulate,0.017228332,0.017228389
6,60,receive_authenticate_accumulate,0.017230054,0.017230148
6,60,round_coverage,0.000003723,0.000003204
6,61,round_reset,0.000010296,0.000009000
6,61,receive_authenticate_accumulate,0.017232522,0.017232741
6,61,receive_authenticate_accumulate,0.017230837,0.017231019
6,61,receive_authenticate_accumulate,0.017224485,0.017224797
6,61,receive_authenticate_accumulate,0.017230022,0.017230148
6,61,receive_authenticate_accumulate,0.017229115,0.017229240
6,61,receive_authenticate_accumulate,0.017232059,0.017232222
6,61,receive_authenticate_accumulate,0.017248041,0.017237037
6,61,receive_authenticate_accumulate,0.017238041,0.017238519
6,61,receive_authenticate_accumulate,0.017235060,0.017235315
6,61,receive_authenticate_accumulate,0.017220208,0.017220204
6,61,receive_authenticate_accumulate,0.017226893,0.017227130
6,61,receive_authenticate_accumulate,0.017229763,0.017229963
6,61,receive_authenticate_accumulate,0.017238078,0.017238334
6,61,receive_authenticate_accumulate,0.017220505,0.017221000
6,61,receive_authenticate_accumulate,0.017233116,0.017233222
6,61,receive_authenticate_accumulate,0.017224801,0.017224925
6,61,receive_authenticate_accumulate,0.017226301,0.017226500
6,61,reading_commitment_and_shares,0.026203428,0.026203741
6,61,receive_authenticate_accumulate,0.017217597,0.017217759
6,61,receive_authenticate_accumulate,0.017226042,0.017226130
6,61,receive_authenticate_accumulate,0.017217209,0.017217203
6,61,round_coverage,0.000003537,0.000002889
6,62,round_reset,0.000008963,0.000007759
6,62,receive_authenticate_accumulate,0.017233583,0.017233722
6,62,receive_authenticate_accumulate,0.017227954,0.017228130
6,62,receive_authenticate_accumulate,0.017227806,0.017228018
6,62,receive_authenticate_accumulate,0.017229010,0.017229277
6,62,receive_authenticate_accumulate,0.017225917,0.017226241
6,62,receive_authenticate_accumulate,0.017237861,0.017238130
6,62,receive_authenticate_accumulate,0.017251824,0.017235334
6,62,receive_authenticate_accumulate,0.017227843,0.017228037
6,62,receive_authenticate_accumulate,0.017222510,0.017222741
6,62,receive_authenticate_accumulate,0.017224954,0.017225149
6,62,receive_authenticate_accumulate,0.017231992,0.017232241
6,62,receive_authenticate_accumulate,0.017227936,0.017228222
6,62,receive_authenticate_accumulate,0.017258306,0.017245482
6,62,receive_authenticate_accumulate,0.017217437,0.017217537
6,62,receive_authenticate_accumulate,0.017234659,0.017234871
6,62,receive_authenticate_accumulate,0.017226418,0.017226685
6,62,receive_authenticate_accumulate,0.017222215,0.017222519
6,62,reading_commitment_and_shares,0.026204641,0.026204962
6,62,receive_authenticate_accumulate,0.017263010,0.017235741
6,62,receive_authenticate_accumulate,0.017215659,0.017215871
6,62,receive_authenticate_accumulate,0.017232122,0.017232371
6,62,round_coverage,0.000003204,0.000002741
6,63,round_reset,0.000008944,0.000007834
6,63,receive_authenticate_accumulate,0.017239737,0.017240092
6,63,receive_authenticate_accumulate,0.017230849,0.017230777
6,63,receive_authenticate_accumulate,0.017221404,0.017221426
6,63,receive_authenticate_accumulate,0.017221367,0.017221352
6,63,receive_authenticate_accumulate,0.017224812,0.017224759
6,63,receive_authenticate_accumulate,0.017226498,0.017226537
6,63,receive_authenticate_accumulate,0.017250126,0.017241185
6,63,receive_authenticate_accumulate,0.017225534,0.017225759
6,63,receive_authenticate_accumulate,0.017230219,0.017230408
6,63,receive_authenticate_accumulate,0.017232386,0.017232444
6,63,receive_authenticate_accumulate,0.017220405,0.017220556
6,63,receive_authenticate_accumulate,0.017248404,0.017238555
6,63,receive_authenticate_accumulate,0.017231386,0.017231463
6,63,receive_authenticate_accumulate,0.017227572,0.017227759
6,63,receive_authenticate_accumulate,0.017227034,0.017227129
6,63,receive_authenticate_accumulate,0.017224738,0.017224852
6,63,receive_authenticate_accumulate,0.017281664,0.017242555
6,63,reading_commitment_and_shares,0.026200150,0.026200407
6,63,receive_authenticate_accumulate,0.017224683,0.017224778
6,63,receive_authenticate_accumulate,0.017221295,0.017221444
6,63,receive_authenticate_accumulate,0.017221850,0.017221907
6,63,round_coverage,0.000003389,0.000002852
6,64,round_reset,0.000010722,0.000009481
6,64,receive_authenticate_accumulate,0.017230909,0.017230778
6,64,receive_authenticate_accumulate,0.017228632,0.017228686
6,64,receive_authenticate_accumulate,0.017220206,0.017220445
6,64,receive_authenticate_accumulate,0.017232688,0.017232704
6,64,receive_authenticate_accumulate,0.017223003,0.017223000
6,64,receive_authenticate_accumulate,0.017233354,0.017233334
6,64,receive_authenticate_accumulate,0.017255169,0.017246333
6,64,receive_authenticate_accumulate,0.017239540,0.017239833
6,64,receive_authenticate_accumulate,0.017222873,0.017223074
6,64,receive_authenticate_accumulate,0.017234337,0.017234592
6,64,receive_authenticate_accumulate,0.017217763,0.017217833
6,64,receive_authenticate_accumulate,0.017229244,0.017229444
6,64,receive_authenticate_accumulate,0.017230262,0.017230463
6,64,receive_authenticate_accumulate,0.017228096,0.017228148
6,64,receive_authenticate_accumulate,0.017232818,0.017232907
6,64,receive_authenticate_accumulate,0.017216245,0.017216408
6,64,receive_authenticate_accumulate,0.017225763,0.017225871
6,64,reading_commitment_and_shares,0.026204547,0.026205259
6,64,receive_authenticate_accumulate,0.017227688,0.017227888
6,64,receive_authenticate_accumulate,0.017212319,0.017212592
6,64,receive_authenticate_accumulate,0.017244337,0.017244389
6,64,round_coverage,0.000003852,0.000003388
6,65,round_reset,0.000010259,0.000009092
6,65,receive_authenticate_accumulate,0.017240489,0.017240723
6,65,receive_authenticate_accumulate,0.017238785,0.017239074
6,65,receive_authenticate_accumulate,0.017234137,0.017234111
6,65,receive_authenticate_accumulate,0.017225730,0.017225851
6,65,receive_authenticate_accumulate,0.017225415,0.017225703
6,65,receive_authenticate_accumulate,0.017243267,0.017243444
6,65,receive_authenticate_accumulate,0.017235397,0.017235759
6,65,receive_authenticate_accumulate,0.017220971,0.017221074
6,65,receive_authenticate_accumulate,0.017231157,0.017231334
6,65,receive_authenticate_accumulate,0.017239322,0.017239481
6,65,receive_authenticate_accumulate,0.017226842,0.017226760
6,65,receive_authenticate_accumulate,0.017231045,0.017231203
6,65,receive_authenticate_accumulate,0.028740131,0.028740278
6,65,receive_authenticate_accumulate,0.017235452,0.017235648
6,65,receive_authenticate_accumulate,0.017227675,0.017227888
6,65,receive_authenticate_accumulate,0.017217972,0.017218185
6,65,receive_authenticate_accumulate,0.017234453,0.017234519
6,65,reading_commitment_and_shares,0.026202388,0.026202666
6,65,receive_authenticate_accumulate,0.017224823,0.017225037
6,65,receive_authenticate_accumulate,0.017228102,0.017228296
6,65,receive_authenticate_accumulate,0.017230916,0.017231074
6,65,round_coverage,0.000003426,0.000002982
6,66,round_reset,0.000008926,0.000007981
6,66,receive_authenticate_accumulate,0.017237142,0.017237388
6,66,receive_authenticate_accumulate,0.017231901,0.017231908
6,66,receive_authenticate_accumulate,0.017229309,0.017229407
6,66,receive_authenticate_accumulate,0.017223438,0.017223370
6,66,receive_authenticate_accumulate,0.017243253,0.017243241
6,66,receive_authenticate_accumulate,0.017226958,0.017226925
6,66,receive_authenticate_accumulate,0.017226587,0.017226000
6,66,receive_authenticate_accumulate,0.017225235,0.017225351
6,66,receive_authenticate_accumulate,0.017238679,0.017238741
6,66,receive_authenticate_accumulate,0.017231532,0.017231649
6,66,receive_authenticate_accumulate,0.017237439,0.017237482
6,66,receive_authenticate_accumulate,0.017234994,0.017235018
6,66,receive_authenticate_accumulate,0.025873677,0.025856278
6,66,receive_authenticate_accumulate,0.017228661,0.017229056
6,66,receive_authenticate_accumulate,0.017229754,0.017229777
6,66,receive_authenticate_accumulate,0.017269235,0.017243722
6,66,receive_authenticate_accumulate,0.017224477,0.017224463
6,66,reading_commitment_and_shares,0.026202395,0.026202648
6,66,receive_authenticate_accumulate,0.017228606,0.017228741
6,66,receive_authenticate_accumulate,0.017223903,0.017223963
6,66,receive_authenticate_accumulate,0.017227106,0.017227500
6,66,round_coverage,0.000003852,0.000003334
6,67,round_reset,0.000008963,0.000007796
6,67,receive_authenticate_accumulate,0.017235943,0.017236074
6,67,receive_authenticate_accumulate,0.017231739,0.017231834
6,67,receive_authenticate_accumulate,0.017233351,0.017233445
6,67,receive_authenticate_accumulate,0.017270794,0.017245407
6,67,receive_authenticate_accumulate,0.017232665,0.017232741
6,67,receive_authenticate_accumulate,0.017220203,0.017220371
6,67,receive_authenticate_accumulate,0.017219166,0.017219408
6,67,receive_authenticate_accumulate,0.017230925,0.017231055
6,67,receive_authenticate_accumulate,0.017228647,0.017228759
6,67,receive_authenticate_accumulate,0.017232166,0.017232315
6,67,receive_authenticate_accumulate,0.017227888,0.017228074
6,67,receive_authenticate_accumulate,0.017238221,0.017238518
6,67,receive_authenticate_accumulate,0.021271707,0.021196556
6,67,receive_authenticate_accumulate,0.017237036,0.017237000
6,67,receive_authenticate_accumulate,0.017229018,0.017229204
6,67,receive_authenticate_accumulate,0.017220833,0.017220833
6,67,receive_authenticate_accumulate,0.017217907,0.017218111
6,67,reading_commitment_and_shares,0.026213605,0.026213963
6,67,receive_authenticate_accumulate,0.017223055,0.017223278
6,67,receive_authenticate_accumulate,0.017231944,0.017232186
6,67,receive_authenticate_accumulate,0.017223444,0.017223592
6,67,round_coverage,0.000003833,0.000003537
6,68,round_reset,0.000010518,0.000009481
6,68,receive_authenticate_accumulate,0.017234484,0.017234629
6,68,receive_authenticate_accumulate,0.017222966,0.017222851
6,68,receive_authenticate_accumulate,0.017231688,0.017231648
6,68,receive_authenticate_accumulate,0.017228744,0.017228871
6,68,receive_authenticate_accumulate,0.017219336,0.017219426
6,68,receive_authenticate_accumulate,0.017240559,0.017240611
6,68,receive_authenticate_accumulate,0.017230577,0.017230759
6,68,receive_authenticate_accumulate,0.017227948,0.017227945
6,68,receive_authenticate_accumulate,0.017219522,0.017219574
6,68,receive_authenticate_accumulate,0.017222948,0.017223037
6,68,receive_authenticate_accumulate,0.017223929,0.017224000
6,68,receive_authenticate_accumulate,0.017227282,0.017227426
6,68,receive_authenticate_accumulate,0.017225726,0.017225815
6,68,receive_authenticate_accumulate,0.017231929,0.017231945
6,68,receive_authenticate_accumulate,0.017227837,0.017228055
6,68,receive_authenticate_accumulate,0.017286928,0.017260574
6,68,receive_authenticate_accumulate,0.017225874,0.017226111
6,68,reading_commitment_and_shares,0.026201409,0.026201611
6,68,receive_authenticate_accumulate,0.017228948,0.017229092
6,68,receive_authenticate_accumulate,0.017220985,0.017221055
6,68,receive_authenticate_accumulate,0.017229948,0.017229962
6,68,round_coverage,0.000003148,0.000002630
6,69,round_reset,0.000008907,0.000007648
6,69,receive_authenticate_accumulate,0.017266747,0.017267018
6,69,receive_authenticate_accumulate,0.017277525,0.017236925
6,69,receive_authenticate_accumulate,0.017226878,0.017226981
6,69,receive_authenticate_accumulate,0.017250878,0.017239389
6,69,receive_authenticate_accumulate,0.017226545,0.017226741
6,69,receive_authenticate_accumulate,0.017222155,0.017222203
6,69,receive_authenticate_accumulate,0.017259970,0.017231869
6,69,receive_authenticate_accumulate,0.017230081,0.017229815
6,69,receive_authenticate_accumulate,0.017207063,0.017207129
6,69,receive_authenticate_accumulate,0.017219767,0.017219759
6,69,receive_authenticate_accumulate,0.017223322,0.017223333
6,69,receive_authenticate_accumulate,0.017219212,0.017219296
6,69,receive_authenticate_accumulate,0.017230175,0.017230222
6,69,receive_authenticate_accumulate,0.017225545,0.017225518
6,69,receive_authenticate_accumulate,0.017215970,0.017216148
6,69,receive_authenticate_accumulate,0.017227138,0.017227000
6,69,receive_authenticate_accumulate,0.017228563,0.017228648
6,69,reading_commitment_and_shares,0.026208119,0.026208537
6,69,receive_authenticate_accumulate,0.017210026,0.017209981
6,69,receive_authenticate_accumulate,0.017394747,0.017265853
6,69,receive_authenticate_accumulate,0.017234027,0.017234074
6,69,round_coverage,0.000002908,0.000002481
7,70,period_reset,0.000028537,0.000027389
7,70,receive_authenticate_accumulate,0.000091739,0.000091648
7,70,receive_authenticate_accumulate,0.000087055,0.000086852
7,70,receive_authenticate_accumulate,0.000084980,0.000085000
7,70,receive_authenticate_accumulate,0.000084462,0.000084426
7,70,receive_authenticate_accumulate,0.000086388,0.000086241
7,70,receive_authenticate_accumulate,0.000082740,0.000082593
7,70,receive_authenticate_accumulate,0.000084499,0.000084426
7,70,receive_authenticate_accumulate,0.000059129,0.000059185
7,70,receive_authenticate_accumulate,0.000060722,0.000060722
7,70,receive_authenticate_accumulate,0.000057110,0.000057148
7,70,receive_authenticate_accumulate,0.000057407,0.000057370
7,70,receive_authenticate_accumulate,0.000057740,0.000057686
7,70,receive_authenticate_accumulate,0.000058277,0.000058112
7,70,receive_authenticate_accumulate,0.000056240,0.000056241
7,70,receive_authenticate_accumulate,0.000056259,0.000056259
7,70,receive_authenticate_accumulate,0.000057185,0.000057222
7,70,receive_authenticate_accumulate,0.000059110,0.000059296
7,70,randomness_commit,0.000541660,0.000541445
7,70,receive_authenticate_accumulate,0.000047703,0.000047778
7,70,receive_authenticate_accumulate,0.000061240,0.000061222
7,70,receive_authenticate_accumulate,0.000060537,0.000060648
7,70,receive_authenticate_accumulate,0.000074147,0.000074297
7,70,receive_authenticate_accumulate,0.000076406,0.000076463
7,70,receive_authenticate_accumulate,0.000072184,0.000072278
7,70,receive_authenticate_accumulate,0.000073332,0.000073315
7,70,receive_authenticate_accumulate,0.000072296,0.000072148
7,70,receive_authenticate_accumulate,0.000073184,0.000073333
7,70,receive_authenticate_accumulate,0.000071351,0.000071167
7,70,receive_authenticate_accumulate,0.000072814,0.000072888
7,70,receive_authenticate_accumulate,0.000073518,0.000073463
7,70,receive_authenticate_accumulate,0.000072370,0.000072426
7,70,receive_authenticate_accumulate,0.000071925,0.000071871
7,70,receive_authenticate_accumulate,0.000072388,0.000072278
7,70,receive_authenticate_accumulate,0.000047389,0.000047278
7,70,receive_authenticate_accumulate,0.000044796,0.000044870
7,70,receive_authenticate_accumulate,0.000048481,0.000048537
7,70,receive_authenticate_accumulate,0.000046870,0.000046852
7,70,receive_authenticate_accumulate,0.000042537,0.000042370
7,70,randomness_reveal,0.000297497,0.000297334
7,70,receive_authenticate_accumulate,0.000039925,0.000039963
7,70,receive_authenticate_accumulate,0.000046722,0.000046722
7,70,receive_authenticate_accumulate,0.000042759,0.000042797
7,70,committee_selection,0.000085647,0.000085648
7,70,round_reset,0.000003537,0.000003111
7,70,receive_authenticate_accumulate,0.017231548,0.017231704
7,70,receive_authenticate_accumulate,0.000051592,0.000051575
7,70,receive_authenticate_accumulate,0.017208289,0.017208537
7,70,receive_authenticate_accumulate,0.000052352,0.000052333
7,70,receive_authenticate_accumulate,0.017214048,0.017214333
7,70,receive_authenticate_accumulate,0.000053332,0.000053241
7,70,receive_authenticate_accumulate,0.017235585,0.017226296
7,70,receive_authenticate_accumulate,0.000052240,0.000052223
7,70,receive_authenticate_accumulate,0.017219918,0.017220222
7,70,receive_authenticate_accumulate,0.000051370,0.000051389
7,70,receive_authenticate_accumulate,0.017223715,0.017224000
7,70,receive_authenticate_accumulate,0.000052295,0.000052352
7,70,receive_authenticate_accumulate,0.017217566,0.017217722
7,70,receive_authenticate_accumulate,0.000052166,0.000052259
7,70,receive_authenticate_accumulate,0.017208271,0.017208444
7,70,receive_authenticate_accumulate,0.000050573,0.000050518
7,70,receive_authenticate_accumulate,0.017233844,0.017221797
7,70,receive_authenticate_accumulate,0.000051277,0.000051315
7,70,receive_authenticate_accumulate,0.017232586,0.017232574
7,70,receive_authenticate_accumulate,0.000054407,0.000054500
7,70,receive_authenticate_accumulate,0.017219419,0.017219611
7,70,receive_authenticate_accumulate,0.000054203,0.000054240
7,70,receive_authenticate_accumulate,0.017220234,0.017220130
7,70,receive_authenticate_accumulate,0.000052870,0.000052834
7,70,receive_authenticate_accumulate,0.017223104,0.017223278
7,70,receive_authenticate_accumulate,0.000054518,0.000054463
7,70,receive_authenticate_accumulate,0.017225364,0.017217000
7,70,receive_authenticate_accumulate,0.000052907,0.000052907
7,70,receive_authenticate_accumulate,0.017220049,0.017220278
7,70,receive_authenticate_accumulate,0.000052259,0.000052167
7,70,receive_authenticate_accumulate,0.017210456,0.017210722
7,70,receive_authenticate_accumulate,0.000052796,0.000052889
7,70,receive_authenticate_accumulate,0.017209272,0.017209518
7,70,receive_authenticate_accumulate,0.000054499,0.000054463
7,70,reading_commitment_and_shares,0.026218143,0.026218648
7,70,receive_authenticate_accumulate,0.017209383,0.017209648
7,70,receive_authenticate_accumulate,0.000053166,0.000052889
7,70,receive_authenticate_accumulate,0.017231419,0.017231556
7,70,receive_authenticate_accumulate,0.000051906,0.000051852
7,70,receive_authenticate_accumulate,0.017227605,0.017227722
7,70,receive_authenticate_accumulate,0.000052889,0.000052888
7,70,round_coverage,0.000002592,0.000002277
7,70,spatial_report,0.000038499,0.000038371
7,71,round_reset,0.000011315,0.000010297
7,71,receive_authenticate_accumulate,0.017229199,0.017228871
7,71,receive_authenticate_accumulate,0.000051740,0.000051760
7,71,receive_authenticate_accumulate,0.017223089,0.017223222
7,71,receive_authenticate_accumulate,0.000052703,0.000052667
7,71,receive_authenticate_accumulate,0.017225292,0.017225277
7,71,receive_authenticate_accumulate,0.000053536,0.000053519
7,71,receive_authenticate_accumulate,0.017250978,0.017235018
7,71,receive_authenticate_accumulate,0.000053870,0.000053833
7,71,receive_authenticate_accumulate,0.017224792,0.017224981
7,71,receive_authenticate_accumulate,0.000052351,0.000052278
7,71,receive_authenticate_accumulate,0.017212293,0.017212481
7,71,receive_authenticate_accumulate,0.000053611,0.000053629
7,71,receive_authenticate_accumulate,0.017224700,0.017224815
7,71,receive_authenticate_accumulate,0.000052610,0.000052667
7,71,receive_authenticate_accumulate,0.017217441,0.017217611
7,71,receive_authenticate_accumulate,0.000053000,0.000053019
7,71,receive_authenticate_accumulate,0.017241219,0.017231297
7,71,receive_authenticate_accumulate,0.000053258,0.000053241
7,71,receive_authenticate_accumulate,0.017202053,0.017202167
7,71,receive_authenticate_accumulate,0.000053980,0.000053963
7,71,receive_authenticate_accumulate,0.017219552,0.017219685
7,71,receive_authenticate_accumulate,0.000052481,0.000052500
7,71,receive_authenticate_accumulate,0.017216756,0.017216741
7,71,receive_authenticate_accumulate,0.000054277,0.000054315
7,71,receive_authenticate_accumulate,0.017226552,0.017226981
7,71,receive_authenticate_accumulate,0.000052370,0.000052296
7,71,receive_authenticate_accumulate,0.017205441,0.017205426
7,71,receive_authenticate_accumulate,0.000053462,0.000053500
7,71,receive_authenticate_accumulate,0.017228460,0.017228537
7,71,receive_authenticate_accumulate,0.000052888,0.000052759
7,71,receive_authenticate_accumulate,0.017212294,0.017212426
7,71,receive_authenticate_accumulate,0.000053611,0.000053555
7,71,receive_authenticate_accumulate,0.017231756,0.017231370
7,71,receive_authenticate_accumulate,0.000051907,0.000051963
7,71,reading_commitment_and_shares,0.026202389,0.026202741
7,71,receive_authenticate_accumulate,0.017217645,0.017217740
7,71,receive_authenticate_accumulate,0.000053315,0.000053351
7,71,receive_authenticate_accumulate,0.017229330,0.017229537
7,71,receive_authenticate_accumulate,0.000052703,0.000052703
7,71,receive_authenticate_accumulate,0.017216015,0.017216185
7,71,receive_authenticate_accumulate,0.000051277,0.000051259
7,71,round_coverage,0.000002648,0.000002333
7,71,spatial_report,0.000038703,0.000038556
7,72,round_reset,0.000012870,0.000011760
7,72,receive_authenticate_accumulate,0.017242518,0.017242648
7,72,receive_authenticate_accumulate,0.000053314,0.000053185
7,72,receive_authenticate_accumulate,0.017254037,0.017227686
7,72,receive_authenticate_accumulate,0.000054166,0.000054148
7,72,receive_authenticate_accumulate,0.017221277,0.017221500
7,72,receive_authenticate_accumulate,0.000053981,0.000053963
7,72,receive_authenticate_accumulate,0.017226648,0.017226796
7,72,receive_authenticate_accumulate,0.000052925,0.000052907
7,72,receive_authenticate_accumulate,0.017220685,0.017220889
7,72,receive_authenticate_accumulate,0.000052166,0.000052093
7,72,receive_authenticate_accumulate,0.017213111,0.017213259
7,72,receive_authenticate_accumulate,0.000052018,0.000051908
7,72,receive_authenticate_accumulate,0.017206204,0.017206426
7,72,receive_authenticate_accumulate,0.000051963,0.000051907
7,72,receive_authenticate_accumulate,0.017229074,0.017229185
7,72,receive_authenticate_accumulate,0.000072425,0.000072500
7,72,receive_authenticate_accumulate,0.017226111,0.017226204
7,72,receive_authenticate_accumulate,0.000053147,0.000053130
7,72,receive_authenticate_accumulate,0.017220111,0.017220055
7,72,receive_authenticate_accumulate,0.000053203,0.000053241
7,72,receive_authenticate_accumulate,0.017222537,0.017222667
7,72,receive_authenticate_accumulate,0.000051444,0.000051444
7,72,receive_authenticate_accumulate,0.017226185,0.017226333
7,72,receive_authenticate_accumulate,0.000052092,0.000052093
7,72,receive_authenticate_accumulate,0.017216333,0.017216315
7,72,receive_authenticate_accumulate,0.000052018,0.000052111
7,72,receive_authenticate_accumulate,0.017225963,0.017225889
7,72,receive_authenticate_accumulate,0.000054647,0.000054500
7,72,receive_authenticate_accumulate,0.017228167,0.017228037
7,72,receive_authenticate_accumulate,0.000052074,0.000052019
7,72,receive_authenticate_accumulate,0.017224537,0.017224703
7,72,receive_authenticate_accumulate,0.000052610,0.000052592
7,72,receive_authenticate_accumulate,0.017220741,0.017220814
7,72,receive_authenticate_accumulate,0.000055796,0.000055833
7,72,reading_commitment_and_shares,0.026181062,0.026181926
7,72,receive_authenticate_accumulate,0.017235296,0.017235314
7,72,receive_authenticate_accumulate,0.000052944,0.000052981
7,72,receive_authenticate_accumulate,0.017220926,0.017221093
7,72,receive_authenticate_accumulate,0.000053314,0.000053370
7,72,receive_authenticate_accumulate,0.017224149,0.017224167
7,72,receive_authenticate_accumulate,0.000052592,0.000052537
7,72,round_coverage,0.000003000,0.000002611
7,72,spatial_report,0.000038833,0.000038704
7,73,round_reset,0.000008833,0.000007685
7,73,receive_authenticate_accumulate,0.017226058,0.017226222
7,73,receive_authenticate_accumulate,0.000052592,0.000052556
7,73,receive_authenticate_accumulate,0.017229151,0.017229388
7,73,receive_authenticate_accumulate,0.000054018,0.000054074
7,73,receive_authenticate_accumulate,0.017223318,0.017223500
7,73,receive_authenticate_accumulate,0.000051610,0.000051593
7,73,receive_authenticate_accumulate,0.017231096,0.017231259
7,73,receive_authenticate_accumulate,0.000055129,0.000055037
7,73,receive_authenticate_accumulate,0.017219874,0.017220056
7,73,receive_authenticate_accumulate,0.000055018,0.000054981
7,73,receive_authenticate_accumulate,0.017223633,0.017223833
7,73,receive_authenticate_accumulate,0.000052462,0.000052426
7,73,receive_authenticate_accumulate,0.017225780,0.017225945
7,73,receive_authenticate_accumulate,0.000052074,0.000052037
7,73,receive_authenticate_accumulate,0.017225373,0.017225592
7,73,receive_authenticate_accumulate,0.000052907,0.000052685
7,73,receive_authenticate_accumulate,0.017220410,0.017220592
7,73,receive_authenticate_accumulate,0.000053203,0.000053056
7,73,receive_authenticate_accumulate,0.017226577,0.017226777
7,73,receive_authenticate_accumulate,0.000053314,0.000053223
7,73,receive_authenticate_accumulate,0.017227596,0.017227759
7,73,receive_authenticate_accumulate,0.000054074,0.000054074
7,73,receive_authenticate_accumulate,0.017224521,0.017224667
7,73,receive_authenticate_accumulate,0.000052740,0.000052722
7,73,receive_authenticate_accumulate,0.017217725,0.017217889
7,73,receive_authenticate_accumulate,0.000052907,0.000052945
7,73,receive_authenticate_accumulate,0.017227318,0.017227352
7,73,receive_authenticate_accumulate,0.000054388,0.000054426
7,73,receive_authenticate_accumulate,0.017227615,0.017227611
7,73,receive_authenticate_accumulate,0.000052944,0.000052907
7,73,receive_authenticate_accumulate,0.017230244,0.017230407
7,73,receive_authenticate_accumulate,0.000054759,0.000054796
7,73,receive_authenticate_accumulate,0.017271743,0.017244037
7,73,receive_authenticate_accumulate,0.000056166,0.000056000
7,73,reading_commitment_and_shares,0.026214103,0.026214648
7,73,receive_authenticate_accumulate,0.017227448,0.017227555
7,73,receive_authenticate_accumulate,0.000053703,0.000053778
7,73,receive_authenticate_accumulate,0.017232744,0.017232852
7,73,receive_authenticate_accumulate,0.000054944,0.000055019
7,73,receive_authenticate_accumulate,0.017226911,0.017227055
7,73,receive_authenticate_accumulate,0.000053777,0.000053797
7,73,round_coverage,0.000003018,0.000002574
7,73,spatial_report,0.000038129,0.000037963
7,74,round_reset,0.000009871,0.000008611
7,74,receive_authenticate_accumulate,0.017269154,0.017269203
7,74,receive_authenticate_accumulate,0.000052166,0.000052166
7,74,receive_authenticate_accumulate,0.017219210,0.017219148
7,74,receive_authenticate_accumulate,0.000050740,0.000050778
7,74,receive_authenticate_accumulate,0.017217784,0.017217851
7,74,receive_authenticate_accumulate,0.000051129,0.000051185
7,74,receive_authenticate_accumulate,0.017242357,0.017230630
7,74,receive_authenticate_accumulate,0.000051944,0.000051871
7,74,receive_authenticate_accumulate,0.017218988,0.017219148
7,74,receive_authenticate_accumulate,0.000050388,0.000050389
7,74,receive_authenticate_accumulate,0.017215839,0.017215370
7,74,receive_authenticate_accumulate,0.000051573,0.000051630
7,74,receive_authenticate_accumulate,0.017246876,0.017247241
7,74,receive_authenticate_accumulate,0.000051296,0.000051371
7,74,receive_authenticate_accumulate,0.017217376,0.017217500
7,74,receive_authenticate_accumulate,0.000051240,0.000051149
7,74,receive_authenticate_accumulate,0.017219932,0.017220074
7,74,receive_authenticate_accumulate,0.000050759,0.000050722
7,74,receive_authenticate_accumulate,0.017224636,0.017224815
7,74,receive_authenticate_accumulate,0.000051221,0.000051259
7,74,receive_authenticate_accumulate,0.017214655,0.017214926
7,74,receive_authenticate_accumulate,0.000051610,0.000051593
7,74,receive_authenticate_accumulate,0.017218765,0.017218815
7,74,receive_authenticate_accumulate,0.000051555,0.000051574
7,74,receive_authenticate_accumulate,0.017242321,0.017230871
7,74,receive_authenticate_accumulate,0.000051592,0.000051648
7,74,receive_authenticate_accumulate,0.017220729,0.017220981
7,74,receive_authenticate_accumulate,0.000050462,0.000050462
7,74,receive_authenticate_accumulate,0.017224266,0.017224481
7,74,receive_authenticate_accumulate,0.000051036,0.000051019
7,74,receive_authenticate_accumulate,0.017219099,0.017219314
7,74,receive_authenticate_accumulate,0.000050203,0.000050149
7,74,receive_authenticate_accumulate,0.017218766,0.017218944
7,74,receive_authenticate_accumulate,0.000051204,0.000051167
7,74,reading_commitment_and_shares,0.026202533,0.026202889
7,74,receive_authenticate_accumulate,0.017217192,0.017217277
7,74,receive_authenticate_accumulate,0.000050463,0.000050482
7,74,receive_authenticate_accumulate,0.017233636,0.017233555
7,74,receive_authenticate_accumulate,0.000051148,0.000051111
7,74,receive_authenticate_accumulate,0.017239284,0.017239259
7,74,receive_authenticate_accumulate,0.000055055,0.000054963
7,74,round_coverage,0.000002518,0.000002278
7,74,spatial_report,0.000038778,0.000038648
7,75,round_reset,0.000010685,0.000009611
7,75,receive_authenticate_accumulate,0.017228323,0.017228111
7,75,receive_authenticate_accumulate,0.000052036,0.000052037
7,75,receive_authenticate_accumulate,0.017247545,0.017233036
7,75,receive_authenticate_accumulate,0.000053333,0.000053315
7,75,receive_authenticate_accumulate,0.017204787,0.017204981
7,75,receive_authenticate_accumulate,0.000054037,0.000054019
7,75,receive_authenticate_accumulate,0.017221583,0.017221723
7,75,receive_authenticate_accumulate,0.000053370,0.000053222
7,75,receive_authenticate_accumulate,0.017204361,0.017204556
7,75,receive_authenticate_accumulate,0.000053295,0.000053241
7,75,receive_authenticate_accumulate,0.017218638,0.017218945
7,75,receive_authenticate_accumulate,0.000053759,0.000053574
7,75,receive_authenticate_accumulate,0.017222249,0.017222481
7,75,receive_authenticate_accumulate,0.000054332,0.000054222
7,75,receive_authenticate_accumulate,0.017219935,0.017220148
7,75,receive_authenticate_accumulate,0.000052980,0.000052963
7,75,receive_authenticate_accumulate,0.017227416,0.017227537
7,75,receive_authenticate_accumulate,0.000053092,0.000052851
7,75,receive_authenticate_accumulate,0.017226713,0.017226556
7,75,receive_authenticate_accumulate,0.000051333,0.000051296
7,75,receive_authenticate_accumulate,0.017226694,0.017226759
7,75,receive_authenticate_accumulate,0.000053962,0.000053907
7,75,receive_authenticate_accumulate,0.017270564,0.017235038
7,75,receive_authenticate_accumulate,0.000052129,0.000052129
7,75,receive_authenticate_accumulate,0.017223342,0.017223277
7,75,receive_authenticate_accumulate,0.000053629,0.000053685
7,75,receive_authenticate_accumulate,0.017216435,0.017216648
7,75,receive_authenticate_accumulate,0.000053333,0.000053277
7,75,receive_authenticate_accumulate,0.017215287,0.017215518
7,75,receive_authenticate_accumulate,0.000052981,0.000052981
7,75,receive_authenticate_accumulate,0.017212139,0.017212370
7,75,receive_authenticate_accumulate,0.000052277,0.000052222
7,75,receive_authenticate_accumulate,0.017201991,0.017202186
7,75,receive_authenticate_accumulate,0.000052518,0.000052407
7,75,reading_commitment_and_shares,0.026246797,0.026209314
7,75,receive_authenticate_accumulate,0.017216083,0.017216315
7,75,receive_authenticate_accumulate,0.000052629,0.000052537
7,75,receive_authenticate_accumulate,0.017229417,0.017229741
7,75,receive_authenticate_accumulate,0.000052277,0.000052260
7,75,receive_authenticate_accumulate,0.017226195,0.017226055
7,75,receive_authenticate_accumulate,0.000051370,0.000051370
7,75,round_coverage,0.000002852,0.000002555
7,75,spatial_report,0.000037666,0.000037426
7,76,round_reset,0.000011945,0.000010592
7,76,receive_authenticate_accumulate,0.017241456,0.017241555
7,76,receive_authenticate_accumulate,0.000051888,0.000051778
7,76,receive_authenticate_accumulate,0.017278918,0.017237444
7,76,receive_authenticate_accumulate,0.000053703,0.000053611
7,76,receive_authenticate_accumulate,0.017213308,0.017213371
7,76,receive_authenticate_accumulate,0.000054073,0.000053963
7,76,receive_authenticate_accumulate,0.017221585,0.017221851
7,76,receive_authenticate_accumulate,0.000050796,0.000050759
7,76,receive_authenticate_accumulate,0.017212660,0.017213000
7,76,receive_authenticate_accumulate,0.000052943,0.000052907
7,76,receive_authenticate_accumulate,0.017262437,0.017242834
7,76,receive_authenticate_accumulate,0.000052518,0.000052463
7,76,receive_authenticate_accumulate,0.017223141,0.017223463
7,76,receive_authenticate_accumulate,0.000052018,0.000052093
7,76,receive_authenticate_accumulate,0.017224456,0.017224686
7,76,receive_authenticate_accumulate,0.000053203,0.000053167
7,76,receive_authenticate_accumulate,0.017219826,0.017219834
7,76,receive_authenticate_accumulate,0.000052814,0.000052778
7,76,receive_authenticate_accumulate,0.017221882,0.017222130
7,76,receive_authenticate_accumulate,0.000053370,0.000053389
7,76,receive_authenticate_accumulate,0.017214123,0.017214371
7,76,receive_authenticate_accumulate,0.000054777,0.000054796
7,76,receive_authenticate_accumulate,0.017226864,0.017227148
7,76,receive_authenticate_accumulate,0.000052888,0.000052926
7,76,receive_authenticate_accumulate,0.017230752,0.017230685
7,76,receive_authenticate_accumulate,0.000051778,0.000051815
7,76,receive_authenticate_accumulate,0.017226420,0.017226648
7,76,receive_authenticate_accumulate,0.000050944,0.000050926
7,76,receive_authenticate_accumulate,0.017220512,0.017220722
7,76,receive_authenticate_accumulate,0.000051518,0.000051518
7,76,receive_authenticate_accumulate,0.017224864,0.017225074
7,76,receive_authenticate_accumulate,0.000051425,0.000051444
7,76,receive_authenticate_accumulate,0.017220068,0.017220278
7,76,receive_authenticate_accumulate,0.000051573,0.000051593
7,76,reading_commitment_and_shares,0.026193986,0.026194315
7,76,receive_authenticate_accumulate,0.017224845,0.017224945
7,76,receive_authenticate_accumulate,0.000050703,0.000050704
7,76,receive_authenticate_accumulate,0.017266975,0.017233703
7,76,receive_authenticate_accumulate,0.000052018,0.000052000
7,76,receive_authenticate_accumulate,0.017242549,0.017242926
7,76,receive_authenticate_accumulate,0.000052036,0.000052111
7,76,round_coverage,0.000002759,0.000002389
7,76,spatial_report,0.000037629,0.000037481
7,77,round_reset,0.000009074,0.000007778
7,77,receive_authenticate_accumulate,0.017340087,0.017340185
7,77,receive_authenticate_accumulate,0.000051907,0.000051888
7,77,receive_authenticate_accumulate,0.017339253,0.017339519
7,77,receive_authenticate_accumulate,0.000052555,0.000052481
7,77,receive_authenticate_accumulate,0.017212570,0.017212777
7,77,receive_authenticate_accumulate,0.000049999,0.000050018
7,77,receive_authenticate_accumulate,0.017208995,0.017209240
7,77,receive_authenticate_accumulate,0.000050851,0.000050814
7,77,receive_authenticate_accumulate,0.017217348,0.017217685
7,77,receive_authenticate_accumulate,0.000049851,0.000049870
7,77,receive_authenticate_accumulate,0.017239328,0.017232000
7,77,receive_authenticate_accumulate,0.000051166,0.000051111
7,77,receive_authenticate_accumulate,0.017220070,0.017220277
7,77,receive_authenticate_accumulate,0.000050758,0.000050741
7,77,receive_authenticate_accumulate,0.017212014,0.017212222
7,77,receive_authenticate_accumulate,0.000049296,0.000049370
7,77,receive_authenticate_accumulate,0.017191182,0.017191408
7,77,receive_authenticate_accumulate,0.000049481,0.000049482
7,77,receive_authenticate_accumulate,0.017208644,0.017208815
7,77,receive_authenticate_accumulate,0.000050499,0.000050574
7,77,receive_authenticate_accumulate,0.017220514,0.017220888
7,77,receive_authenticate_accumulate,0.000050629,0.000050629
7,77,receive_authenticate_accumulate,0.017225626,0.017225833
7,77,receive_authenticate_accumulate,0.000048944,0.000048944
7,77,receive_authenticate_accumulate,0.017200293,0.017200556
7,77,receive_authenticate_accumulate,0.000049815,0.000049759
7,77,receive_authenticate_accumulate,0.017221829,0.017222055
7,77,receive_authenticate_accumulate,0.000051444,0.000051482
7,77,receive_authenticate_accumulate,0.017224385,0.017224296
7,77,receive_authenticate_accumulate,0.000051573,0.000051500
7,77,receive_authenticate_accumulate,0.017211274,0.017211500
7,77,receive_authenticate_accumulate,0.000050703,0.000050741
7,77,receive_authenticate_accumulate,0.017218237,0.017218667
7,77,receive_authenticate_accumulate,0.000049222,0.000049204
7,77,reading_commitment_and_shares,0.026202787,0.026203222
7,77,receive_authenticate_accumulate,0.017206849,0.017207093
7,77,receive_authenticate_accumulate,0.000051814,0.000051815
7,77,receive_authenticate_accumulate,0.017239644,0.017230426
7,77,receive_authenticate_accumulate,0.000051185,0.000051259
7,77,receive_authenticate_accumulate,0.017225681,0.017225963
7,77,receive_authenticate_accumulate,0.000050777,0.000050833
7,77,round_coverage,0.000002926,0.000002592
7,77,spatial_report,0.000037537,0.000037333
7,78,round_reset,0.000012574,0.000011444
7,78,receive_authenticate_accumulate,0.017272146,0.017261074
7,78,receive_authenticate_accumulate,0.000070222,0.000070167
7,78,receive_authenticate_accumulate,0.017211646,0.017211740
7,78,receive_authenticate_accumulate,0.000051555,0.000051574
7,78,receive_authenticate_accumulate,0.017216924,0.017217129
7,78,receive_authenticate_accumulate,0.000050722,0.000050741
7,78,receive_authenticate_accumulate,0.017212294,0.017212481
7,78,receive_authenticate_accumulate,0.000051443,0.000051352
7,78,receive_authenticate_accumulate,0.017226943,0.017226704
7,78,receive_authenticate_accumulate,0.000071870,0.000071926
7,78,receive_authenticate_accumulate,0.017273238,0.017234036
7,78,receive_authenticate_accumulate,0.000051500,0.000051500
7,78,receive_authenticate_accumulate,0.017211961,0.017212167
7,78,receive_authenticate_accumulate,0.000049981,0.000050074
7,78,receive_authenticate_accumulate,0.017200406,0.017200592
7,78,receive_authenticate_accumulate,0.000049481,0.000049426
7,78,receive_authenticate_accumulate,0.017234609,0.017234777
7,78,receive_authenticate_accumulate,0.000052240,0.000052278
7,78,receive_authenticate_accumulate,0.017217462,0.017217297
7,78,receive_authenticate_accumulate,0.000051351,0.000051352
7,78,receive_authenticate_accumulate,0.017213313,0.017213445
7,78,receive_authenticate_accumulate,0.000051259,0.000051426
7,78,receive_authenticate_accumulate,0.017218591,0.017218703
7,78,receive_authenticate_accumulate,0.000050314,0.000050333
7,78,receive_authenticate_accumulate,0.017223462,0.017223555
7,78,receive_authenticate_accumulate,0.000050203,0.000050074
7,78,receive_authenticate_accumulate,0.017220609,0.017220630
7,78,receive_authenticate_accumulate,0.000051166,0.000051203
7,78,receive_authenticate_accumulate,0.017220554,0.017220851
7,78,receive_authenticate_accumulate,0.000051333,0.000051315
7,78,receive_authenticate_accumulate,0.017212165,0.017212370
7,78,receive_authenticate_accumulate,0.000051259,0.000051223
7,78,receive_authenticate_accumulate,0.017202869,0.017203019
7,78,receive_authenticate_accumulate,0.000050611,0.000050574
7,78,reading_commitment_and_shares,0.026200531,0.026201111
7,78,receive_authenticate_accumulate,0.017202888,0.017203111
7,78,receive_authenticate_accumulate,0.000051574,0.000051574
7,78,receive_authenticate_accumulate,0.017225035,0.017224963
7,78,receive_authenticate_accumulate,0.000053648,0.000053666
7,78,receive_authenticate_accumulate,0.017228054,0.017228148
7,78,receive_authenticate_accumulate,0.000051425,0.000051482
7,78,round_coverage,0.000002537,0.000002018
7,78,spatial_report,0.000036351,0.000036130
7,79,round_reset,0.000009111,0.000007981
7,79,receive_authenticate_accumulate,0.017234463,0.017234574
7,79,receive_authenticate_accumulate,0.000049704,0.000049704
7,79,receive_authenticate_accumulate,0.017252333,0.017228630
7,79,receive_authenticate_accumulate,0.000050203,0.000050185
7,79,receive_authenticate_accumulate,0.017242167,0.017231111
7,79,receive_authenticate_accumulate,0.000051573,0.000051500
7,79,receive_authenticate_accumulate,0.017223945,0.017224092
7,79,receive_authenticate_accumulate,0.000051721,0.000051722
7,79,receive_authenticate_accumulate,0.017218686,0.017219037
7,79,receive_authenticate_accumulate,0.000051388,0.000051389
7,79,receive_authenticate_accumulate,0.017273555,0.017237019
7,79,receive_authenticate_accumulate,0.000051426,0.000051296
7,79,receive_authenticate_accumulate,0.017227982,0.017228112
7,79,receive_authenticate_accumulate,0.000053611,0.000053407
7,79,receive_authenticate_accumulate,0.017216389,0.017216704
7,79,receive_authenticate_accumulate,0.000049999,0.000050018
7,79,receive_authenticate_accumulate,0.017223778,0.017223963
7,79,receive_authenticate_accumulate,0.000050925,0.000051019
7,79,receive_authenticate_accumulate,0.017212519,0.017212611
7,79,receive_authenticate_accumulate,0.000052851,0.000052889
7,79,receive_authenticate_accumulate,0.017231982,0.017223925
7,79,receive_authenticate_accumulate,0.000066277,0.000066241
7,79,receive_authenticate_accumulate,0.017210223,0.017210444
7,79,receive_authenticate_accumulate,0.000048981,0.000048944
7,79,receive_authenticate_accumulate,0.017216445,0.017216648
7,79,receive_authenticate_accumulate,0.000048074,0.000048074
7,79,receive_authenticate_accumulate,0.017219760,0.017219908
7,79,receive_authenticate_accumulate,0.000051629,0.000051704
7,79,receive_authenticate_accumulate,0.017259889,0.017231500
7,79,receive_authenticate_accumulate,0.000049444,0.000049463
7,79,receive_authenticate_accumulate,0.017234612,0.017227129
7,79,receive_authenticate_accumulate,0.000050277,0.000050333
7,79,receive_authenticate_accumulate,0.017214946,0.017215148
7,79,receive_authenticate_accumulate,0.000048648,0.000048574
7,79,reading_commitment_and_shares,0.026194886,0.026195296
7,79,receive_authenticate_accumulate,0.017208390,0.017208611
7,79,receive_authenticate_accumulate,0.000048055,0.000048074
7,79,receive_authenticate_accumulate,0.017206872,0.017206870
7,79,receive_authenticate_accumulate,0.000048888,0.000048907
7,79,receive_authenticate_accumulate,0.017234852,0.017234925
7,79,receive_authenticate_accumulate,0.000051444,0.000051389
7,79,round_coverage,0.000002537,0.000002037
7,79,spatial_report,0.000036537,0.000036463
7,79,billing_report,0.000434810,0.000434834
8,80,period_reset,0.000030296,0.000029333
8,80,receive_authenticate_accumulate,0.000083648,0.000083833
8,80,receive_authenticate_accumulate,0.000068981,0.000069074
8,80,receive_authenticate_accumulate,0.000067981,0.000067963
8,80,receive_authenticate_accumulate,0.000065833,0.000065889
8,80,receive_authenticate_accumulate,0.000065462,0.000065463
8,80,receive_authenticate_accumulate,0.000064684,0.000064796
8,80,receive_authenticate_accumulate,0.000065018,0.000064963
8,80,receive_authenticate_accumulate,0.000065536,0.000065759
8,80,receive_authenticate_accumulate,0.000066758,0.000066908
8,80,receive_authenticate_accumulate,0.000065166,0.000065241
8,80,receive_authenticate_accumulate,0.000063629,0.000063908
8,80,receive_authenticate_accumulate,0.000062036,0.000062148
8,80,receive_authenticate_accumulate,0.000066073,0.000066056
8,80,receive_authenticate_accumulate,0.000065573,0.000065407
8,80,receive_authenticate_accumulate,0.000063277,0.000063222
8,80,receive_authenticate_accumulate,0.000065277,0.000065463
8,80,receive_authenticate_accumulate,0.000028036,0.000028038
8,80,randomness_commit,0.000351403,0.000351426
8,80,receive_authenticate_accumulate,0.000027574,0.000027574
8,80,receive_authenticate_accumulate,0.000029296,0.000029222
8,80,receive_authenticate_accumulate,0.000022629,0.000022741
8,80,receive_authenticate_accumulate,0.000035222,0.000035259
8,80,receive_authenticate_accumulate,0.000034148,0.000034166
8,80,receive_authenticate_accumulate,0.000028852,0.000028889
8,80,receive_authenticate_accumulate,0.000034759,0.000034760
8,80,receive_authenticate_accumulate,0.000027667,0.000027666
8,80,receive_authenticate_accumulate,0.000034092,0.000034130
8,80,receive_authenticate_accumulate,0.000033925,0.000033944
8,80,receive_authenticate_accumulate,0.000027445,0.000027518
8,80,receive_authenticate_accumulate,0.000032981,0.000032982
8,80,receive_authenticate_accumulate,0.000034018,0.000034074
8,80,receive_authenticate_accumulate,0.000028574,0.000028667
8,80,receive_authenticate_accumulate,0.000034426,0.000034426
8,80,receive_authenticate_accumulate,0.000033759,0.000033834
8,80,receive_authenticate_accumulate,0.000027741,0.000027889
8,80,receive_authenticate_accumulate,0.000034574,0.000034740
8,80,receive_authenticate_accumulate,0.000033352,0.000033371
8,80,receive_authenticate_accumulate,0.000028351,0.000028482
8,80,randomness_reveal,0.000285497,0.000285574
8,80,receive_authenticate_accumulate,0.000034926,0.000035000
8,80,receive_authenticate_accumulate,0.000029166,0.000029222
8,80,receive_authenticate_accumulate,0.000034314,0.000034352
8,80,committee_selection,0.000075259,0.000075148
8,80,round_reset,0.000002871,0.000002500
8,80,receive_authenticate_accumulate,0.017222558,0.017222889
8,80,receive_authenticate_accumulate,0.017249669,0.017228981
8,80,receive_authenticate_accumulate,0.017245261,0.017232555
8,80,receive_authenticate_accumulate,0.017205854,0.017205999
8,80,receive_authenticate_accumulate,0.017237354,0.017226889
8,80,receive_authenticate_accumulate,0.017229484,0.017229630
8,80,receive_authenticate_accumulate,0.017224244,0.017224555
8,80,receive_authenticate_accumulate,0.017210818,0.017211074
8,80,receive_authenticate_accumulate,0.017227040,0.017227148
8,80,receive_authenticate_accumulate,0.017224465,0.017224611
8,80,receive_authenticate_accumulate,0.017226484,0.017226778
8,80,receive_authenticate_accumulate,0.017272891,0.017231481
8,80,receive_authenticate_accumulate,0.017209133,0.017209297
8,80,receive_authenticate_accumulate,0.017208540,0.017208777
8,80,receive_authenticate_accumulate,0.017211595,0.017211815
8,80,receive_authenticate_accumulate,0.017213096,0.017213370
8,80,receive_authenticate_accumulate,0.017209077,0.017209333
8,80,reading_commitment_and_shares,0.026256277,0.026216666
8,80,receive_authenticate_accumulate,0.017219725,0.017209184
8,80,receive_authenticate_accumulate,0.017223818,0.017223852
8,80,receive_authenticate_accumulate,0.017222762,0.017223092
8,80,round_coverage,0.000004555,0.000004204
8,81,round_reset,0.000009481,0.000008259
8,81,receive_authenticate_accumulate,0.017226356,0.017226425
8,81,receive_authenticate_accumulate,0.017238005,0.017238019
8,81,receive_authenticate_accumulate,0.017227986,0.017228148
8,81,receive_authenticate_accumulate,0.017237005,0.017237018
8,81,receive_authenticate_accumulate,0.017239430,0.017239352
8,81,receive_authenticate_accumulate,0.017232097,0.017232092
8,81,receive_authenticate_accumulate,0.017228264,0.017228296
8,81,receive_authenticate_accumulate,0.017222153,0.017222278
8,81,receive_authenticate_accumulate,0.017233968,0.017234092
8,81,receive_authenticate_accumulate,0.017231468,0.017231519
8,81,receive_authenticate_accumulate,0.017230430,0.017230537
8,81,receive_authenticate_accumulate,0.017228578,0.017228667
8,81,receive_authenticate_accumulate,0.017228301,0.017228277
8,81,receive_authenticate_accumulate,0.017236023,0.017235963
8,81,receive_authenticate_accumulate,0.017223449,0.017223351
8,81,receive_authenticate_accumulate,0.017237931,0.017238056
8,81,receive_authenticate_accumulate,0.017235412,0.017235351
8,81,reading_commitment_and_shares,0.026203929,0.026204037
8,81,receive_authenticate_accumulate,0.017221597,0.017221740
8,81,receive_authenticate_accumulate,0.017220246,0.017220130
8,81,receive_authenticate_accumulate,0.017225134,0.017225074
8,81,round_coverage,0.000003593,0.000003185
8,82,round_reset,0.000009148,0.000007834
8,82,receive_authenticate_accumulate,0.017233247,0.017233463
8,82,receive_authenticate_accumulate,0.017229470,0.017229537
8,82,receive_authenticate_accumulate,0.017229710,0.017229741
8,82,receive_authenticate_accumulate,0.017232636,0.017232815
8,82,receive_authenticate_accumulate,0.017235784,0.017235889
8,82,receive_authenticate_accumulate,0.017233599,0.017233685
8,82,receive_authenticate_accumulate,0.017222340,0.017222482
8,82,receive_authenticate_accumulate,0.017229599,0.017229777
8,82,receive_authenticate_accumulate,0.017234710,0.017234926
8,82,receive_authenticate_accumulate,0.017235692,0.017235797
8,82,receive_authenticate_accumulate,0.017227932,0.017228204
8,82,receive_authenticate_accumulate,0.017235377,0.017235463
8,82,receive_authenticate_accumulate,0.017218914,0.017219111
8,82,receive_authenticate_accumulate,0.017263784,0.017252889
8,82,receive_authenticate_accumulate,0.017227692,0.017227722
8,82,receive_authenticate_accumulate,0.017229543,0.017229778
8,82,receive_authenticate_accumulate,0.017233710,0.017233814
8,82,reading_commitment_and_shares,0.026205321,0.026205537
8,82,receive_authenticate_accumulate,0.017227803,0.017227796
8,82,receive_authenticate_accumulate,0.017229322,0.017229370
8,82,receive_authenticate_accumulate,0.017274987,0.017247852
8,82,round_coverage,0.000003852,0.000003370
8,83,round_reset,0.000009611,0.000007759
8,83,receive_authenticate_accumulate,0.017223841,0.017223889
8,83,receive_authenticate_accumulate,0.017236934,0.017236852
8,83,receive_authenticate_accumulate,0.017228064,0.017228018
8,83,receive_authenticate_accumulate,0.017231508,0.017231592
8,83,receive_authenticate_accumulate,0.017252564,0.017233778
8,83,receive_authenticate_accumulate,0.017225656,0.017225703
8,83,receive_authenticate_accumulate,0.017241323,0.017241333
8,83,receive_authenticate_accumulate,0.017228805,0.017228944
8,83,receive_authenticate_accumulate,0.017227064,0.017227111
8,83,receive_authenticate_accumulate,0.017224620,0.017224685
8,83,receive_authenticate_accumulate,0.017229675,0.017229648
8,83,receive_authenticate_accumulate,0.017229990,0.017230037
8,83,receive_authenticate_accumulate,0.017228619,0.017228315
8,83,receive_authenticate_accumulate,0.017239878,0.017239926
8,83,receive_authenticate_accumulate,0.017235471,0.017235444
8,83,receive_authenticate_accumulate,0.017235694,0.017235648
8,83,receive_authenticate_accumulate,0.017235527,0.017235537
8,83,reading_commitment_and_shares,0.026197564,0.026197777
8,83,receive_authenticate_accumulate,0.017236416,0.017236426
8,83,receive_authenticate_accumulate,0.017231268,0.017231204
8,83,receive_authenticate_accumulate,0.017283619,0.017245982
8,83,round_coverage,0.000003296,0.000002815
8,84,round_reset,0.000009519,0.000007685
8,84,receive_authenticate_accumulate,0.017227455,0.017227537
8,84,receive_authenticate_accumulate,0.017226713,0.017226907
8,84,receive_authenticate_accumulate,0.017232324,0.017232352
8,84,receive_authenticate_accumulate,0.017226214,0.017226185
8,84,receive_authenticate_accumulate,0.017227584,0.017227667
8,84,receive_authenticate_accumulate,0.017237917,0.017238056
8,84,receive_authenticate_accumulate,0.017227732,0.017227870
8,84,receive_authenticate_accumulate,0.017228121,0.017228111
8,84,receive_authenticate_accumulate,0.017273417,0.017245334
8,84,receive_authenticate_accumulate,0.017230103,0.017230203
8,84,receive_authenticate_accumulate,0.017224418,0.017224370
8,84,receive_authenticate_accumulate,0.017270102,0.017247537
8,84,receive_authenticate_accumulate,0.017253566,0.017241778
8,84,receive_authenticate_accumulate,0.017229732,0.017229815
8,84,receive_authenticate_accumulate,0.017240714,0.017240760
8,84,receive_authenticate_accumulate,0.017222955,0.017222944
8,84,receive_authenticate_accumulate,0.017232862,0.017232888
8,84,reading_commitment_and_shares,0.026283788,0.026261333
8,84,receive_authenticate_accumulate,0.017226158,0.017226500
8,84,receive_authenticate_accumulate,0.017226510,0.017226463
8,84,receive_authenticate_accumulate,0.017222862,0.017222926
8,84,round_coverage,0.000003500,0.000002926
8,85,round_reset,0.000009723,0.000008463
8,85,receive_authenticate_accumulate,0.017302566,0.017261370
8,85,receive_authenticate_accumulate,0.017231882,0.017231963
8,85,receive_authenticate_accumulate,0.017230289,0.017230389
8,85,receive_authenticate_accumulate,0.017228511,0.017228648
8,85,receive_authenticate_accumulate,0.017239993,0.017240111
8,85,receive_authenticate_accumulate,0.017234771,0.017234777
8,85,receive_authenticate_accumulate,0.017233493,0.017233611
8,85,receive_authenticate_accumulate,0.017235160,0.017227481
8,85,receive_authenticate_accumulate,0.017231938,0.017231945
8,85,receive_authenticate_accumulate,0.017232160,0.017232130
8,85,receive_authenticate_accumulate,0.017264993,0.017239370
8,85,receive_authenticate_accumulate,0.017222234,0.017222111
8,85,receive_authenticate_accumulate,0.017262289,0.017238963
8,85,receive_authenticate_accumulate,0.017229012,0.017229019
8,85,receive_authenticate_accumulate,0.017227845,0.017227796
8,85,receive_authenticate_accumulate,0.017230790,0.017230815
8,85,receive_authenticate_accumulate,0.017227993,0.017228019
8,85,reading_commitment_and_shares,0.026202662,0.026202796
8,85,receive_authenticate_accumulate,0.017226660,0.017226741
8,85,receive_authenticate_accumulate,0.017235012,0.017235018
8,85,receive_authenticate_accumulate,0.017228216,0.017228185
8,85,round_coverage,0.000003407,0.000002778
8,86,round_reset,0.000009092,0.000008000
8,86,receive_authenticate_accumulate,0.017230180,0.017230148
8,86,receive_authenticate_accumulate,0.017233920,0.017233907
8,86,receive_authenticate_accumulate,0.017236105,0.017236056
8,86,receive_authenticate_accumulate,0.017234384,0.017234314
8,86,receive_authenticate_accumulate,0.017216328,0.017216352
8,86,receive_authenticate_accumulate,0.017228494,0.017228426
8,86,receive_authenticate_accumulate,0.017222920,0.017222963
8,86,receive_authenticate_accumulate,0.017277235,0.017245129
8,86,receive_authenticate_accumulate,0.017226328,0.017226351
8,86,receive_authenticate_accumulate,0.017225883,0.017225833
8,86,receive_authenticate_accumulate,0.017230735,0.017230759
8,86,receive_authenticate_accumulate,0.017229827,0.017229704
8,86,receive_authenticate_accumulate,0.017232494,0.017232536
8,86,receive_authenticate_accumulate,0.017235569,0.017235500
8,86,receive_authenticate_accumulate,0.017238161,0.017238259
8,86,receive_authenticate_accumulate,0.017225124,0.017225093
8,86,receive_authenticate_accumulate,0.017223735,0.017223852
8,86,reading_commitment_and_shares,0.026240719,0.026210425
8,86,receive_authenticate_accumulate,0.017232624,0.017232648
8,86,receive_authenticate_accumulate,0.017231013,0.017231000
8,86,receive_authenticate_accumulate,0.017229032,0.017228982
8,86,round_coverage,0.000003352,0.000002815
8,87,round_reset,0.000009278,0.000008241
8,87,receive_authenticate_accumulate,0.017231847,0.017232000
8,87,receive_authenticate_accumulate,0.017227255,0.017227352
8,87,receive_authenticate_accumulate,0.017274829,0.017250314
8,87,receive_authenticate_accumulate,0.017231236,0.017231315
8,87,receive_authenticate_accumulate,0.017232477,0.017232277
8,87,receive_authenticate_accumulate,0.017240070,0.017239777
8,87,receive_authenticate_accumulate,0.017221663,0.017221629
8,87,receive_authenticate_accumulate,0.017222607,0.017222518
8,87,receive_authenticate_accumulate,0.017231422,0.017231426
8,87,receive_authenticate_accumulate,0.017231404,0.017231296
8,87,receive_authenticate_accumulate,0.017223162,0.017223167
8,87,receive_authenticate_accumulate,0.017225792,0.017225704
8,87,receive_authenticate_accumulate,0.017225292,0.017225315
8,87,receive_authenticate_accumulate,0.017233125,0.017233129
8,87,receive_authenticate_accumulate,0.017278644,0.017262314
8,87,receive_authenticate_accumulate,0.017230144,0.017230148
8,87,receive_authenticate_accumulate,0.017233070,0.017232833
8,87,reading_commitment_and_shares,0.026219611,0.026219685
8,87,receive_authenticate_accumulate,0.017217033,0.017217204
8,87,receive_authenticate_accumulate,0.017240385,0.017240388
8,87,receive_authenticate_accumulate,0.017238293,0.017238537
8,87,round_coverage,0.000003889,0.000003426
8,88,round_reset,0.000008870,0.000007630
8,88,receive_authenticate_accumulate,0.017264367,0.017264481
8,88,receive_authenticate_accumulate,0.017225460,0.017225592
8,88,receive_authenticate_accumulate,0.017280423,0.017245168
8,88,receive_authenticate_accumulate,0.017220738,0.017220648
8,88,receive_authenticate_accumulate,0.017225572,0.017225574
8,88,receive_authenticate_accumulate,0.017232404,0.017232296
8,88,receive_authenticate_accumulate,0.017228404,0.017228352
8,88,receive_authenticate_accumulate,0.017221367,0.017221315
8,88,receive_authenticate_accumulate,0.017247497,0.017238722
8,88,receive_authenticate_accumulate,0.017229276,0.017234593
8,88,receive_authenticate_accumulate,0.017228923,0.017228907
8,88,receive_authenticate_accumulate,0.017225127,0.017225167
8,88,receive_authenticate_accumulate,0.022895868,0.022810778
8,88,receive_authenticate_accumulate,0.017210646,0.017210740
8,88,receive_authenticate_accumulate,0.017222812,0.017222852
8,88,receive_authenticate_accumulate,0.017288534,0.017248519
8,88,receive_authenticate_accumulate,0.017221127,0.017221074
8,88,reading_commitment_and_shares,0.026204724,0.026204852
8,88,receive_authenticate_accumulate,0.017224350,0.017224426
8,88,receive_authenticate_accumulate,0.017236127,0.017236277
8,88,receive_authenticate_accumulate,0.017228219,0.017228185
8,88,round_coverage,0.000003370,0.000002908
8,89,round_reset,0.000008111,0.000006963
8,89,receive_authenticate_accumulate,0.017240554,0.017240500
8,89,receive_authenticate_accumulate,0.017226684,0.017226667
8,89,receive_authenticate_accumulate,0.017229313,0.017229222
8,89,receive_authenticate_accumulate,0.017228925,0.017229000
8,89,receive_authenticate_accumulate,0.017232054,0.017232093
8,89,receive_authenticate_accumulate,0.017225054,0.017225056
8,89,receive_authenticate_accumulate,0.017228239,0.017228111
8,89,receive_authenticate_accumulate,0.017231165,0.017231018
8,89,receive_authenticate_accumulate,0.017241795,0.017241685
8,89,receive_authenticate_accumulate,0.017225646,0.017225685
8,89,receive_authenticate_accumulate,0.017224480,0.017224352
8,89,receive_authenticate_accumulate,0.017232054,0.017232111
8,89,receive_authenticate_accumulate,0.025872081,0.025872037
8,89,receive_authenticate_accumulate,0.017223961,0.017223926
8,89,receive_authenticate_accumulate,0.017228832,0.017228741
8,89,receive_authenticate_accumulate,0.017226610,0.017226593
8,89,receive_authenticate_accumulate,0.017240684,0.017240500
8,89,reading_commitment_and_shares,0.026195764,0.026195888
8,89,receive_authenticate_accumulate,0.017229091,0.017228963
8,89,receive_authenticate_accumulate,0.017224943,0.017225000
8,89,receive_authenticate_accumulate,0.017226998,0.017226982
8,89,round_coverage,0.000003852,0.000003222
9,90,period_reset,0.000025944,0.000024760
9,90,receive_authenticate_accumulate,0.000095388,0.000095315
9,90,receive_authenticate_accumulate,0.000087740,0.000087815
9,90,receive_authenticate_accumulate,0.000084351,0.000084259
9,90,receive_authenticate_accumulate,0.000083351,0.000083185
9,90,receive_authenticate_accumulate,0.000082314,0.000082611
9,90,receive_authenticate_accumulate,0.000082036,0.000082037
9,90,receive_authenticate_accumulate,0.000084407,0.000084074
9,90,receive_authenticate_accumulate,0.000056907,0.000056796
9,90,receive_authenticate_accumulate,0.000055999,0.000056018
9,90,receive_authenticate_accumulate,0.000056407,0.000056370
9,90,receive_authenticate_accumulate,0.000056444,0.000056407
9,90,receive_authenticate_accumulate,0.000055185,0.000055037
9,90,receive_authenticate_accumulate,0.000058722,0.000058741
9,90,receive_authenticate_accumulate,0.000057722,0.000057741
9,90,receive_authenticate_accumulate,0.000054666,0.000054592
9,90,receive_authenticate_accumulate,0.000055055,0.000055093
9,90,receive_authenticate_accumulate,0.000055481,0.000055426
9,90,randomness_commit,0.000523828,0.000523944
9,90,receive_authenticate_accumulate,0.000056129,0.000056056
9,90,receive_authenticate_accumulate,0.000055314,0.000055351
9,90,receive_authenticate_accumulate,0.000056036,0.000055870
9,90,receive_authenticate_accumulate,0.000068981,0.000068851
9,90,receive_authenticate_accumulate,0.000069647,0.000069686
9,90,receive_authenticate_accumulate,0.000068536,0.000068556
9,90,receive_authenticate_accumulate,0.000067907,0.000067870
9,90,receive_authenticate_accumulate,0.000069166,0.000069111
9,90,receive_authenticate_accumulate,0.000067925,0.000067926
9,90,receive_authenticate_accumulate,0.000068480,0.000068463
9,90,receive_authenticate_accumulate,0.000069314,0.000069463
9,90,receive_authenticate_accumulate,0.000067703,0.000067741
9,90,receive_authenticate_accumulate,0.000067259,0.000067370
9,90,receive_authenticate_accumulate,0.000069611,0.000069500
9,90,receive_authenticate_accumulate,0.000072092,0.000071926
9,90,receive_authenticate_accumulate,0.000044870,0.000044815
9,90,receive_authenticate_accumulate,0.000042981,0.000043000
9,90,receive_authenticate_accumulate,0.000040833,0.000040851
9,90,receive_authenticate_accumulate,0.000045370,0.000045315
9,90,receive_authenticate_accumulate,0.000042647,0.000042722
9,90,randomness_reveal,0.000291830,0.000291797
9,90,receive_authenticate_accumulate,0.000040573,0.000040575
9,90,receive_authenticate_accumulate,0.000043907,0.000043870
9,90,receive_authenticate_accumulate,0.000042685,0.000042667
9,90,committee_selection,0.000078962,0.000078962
9,90,round_reset,0.000003315,0.000002944
9,90,receive_authenticate_accumulate,0.017230814,0.017230907
9,90,receive_authenticate_accumulate,0.000042129,0.000042222
9,90,receive_authenticate_accumulate,0.017226241,0.017226426
9,90,receive_authenticate_accumulate,0.000041000,0.000041074
9,90,receive_authenticate_accumulate,0.017222074,0.017222111
9,90,receive_authenticate_accumulate,0.000041741,0.000041796
9,90,receive_authenticate_accumulate,0.017225518,0.017225537
9,90,receive_authenticate_accumulate,0.000040333,0.000040407
9,90,receive_authenticate_accumulate,0.017223352,0.017223297
9,90,receive_authenticate_accumulate,0.000041537,0.000041463
9,90,receive_authenticate_accumulate,0.017221574,0.017221555
9,90,receive_authenticate_accumulate,0.000041241,0.000041278
9,90,receive_authenticate_accumulate,0.017216462,0.017216481
9,90,receive_authenticate_accumulate,0.000040352,0.000040389
9,90,receive_authenticate_accumulate,0.017216259,0.017216408
9,90,receive_authenticate_accumulate,0.000041870,0.000041945
9,90,receive_authenticate_accumulate,0.017222426,0.017222445
9,90,receive_authenticate_accumulate,0.000039481,0.000039537
9,90,receive_authenticate_accumulate,0.017241166,0.017232166
9,90,receive_authenticate_accumulate,0.000042444,0.000042463
9,90,receive_authenticate_accumulate,0.017216944,0.017216666
9,90,receive_authenticate_accumulate,0.000040870,0.000040870
9,90,receive_authenticate_accumulate,0.017279666,0.017238091
9,90,receive_authenticate_accumulate,0.000040074,0.000040148
9,90,receive_authenticate_accumulate,0.017226963,0.017226740
9,90,receive_authenticate_accumulate,0.000041574,0.000041704
9,90,receive_authenticate_accumulate,0.017225019,0.017224926
9,90,receive_authenticate_accumulate,0.000040703,0.000040759
9,90,receive_authenticate_accumulate,0.017222777,0.017222834
9,90,receive_authenticate_accumulate,0.000042258,0.000042204
9,90,receive_authenticate_accumulate,0.017221852,0.017222019
9,90,receive_authenticate_accumulate,0.000042574,0.000042593
9,90,receive_authenticate_accumulate,0.017259629,0.017232795
9,90,receive_authenticate_accumulate,0.000040721,0.000040704
9,90,reading_commitment_and_shares,0.026184173,0.026184500
9,90,receive_authenticate_accumulate,0.017230018,0.017230222
9,90,receive_authenticate_accumulate,0.000042037,0.000042111
9,90,receive_authenticate_accumulate,0.017225148,0.017225333
9,90,receive_authenticate_accumulate,0.000047111,0.000047167
9,90,receive_authenticate_accumulate,0.017270407,0.017235869
9,90,receive_authenticate_accumulate,0.000042130,0.000042204
9,90,round_coverage,0.000003019,0.000002685
9,90,spatial_report,0.000036907,0.000036740
9,91,round_reset,0.000008352,0.000007166
9,91,receive_authenticate_accumulate,0.017232556,0.017233074
9,91,receive_authenticate_accumulate,0.000044426,0.000044444
9,91,receive_authenticate_accumulate,0.017231001,0.017231055
9,91,receive_authenticate_accumulate,0.000040388,0.000040463
9,91,receive_authenticate_accumulate,0.017223186,0.017223223
9,91,receive_authenticate_accumulate,0.000041815,0.000041815
9,91,receive_authenticate_accumulate,0.017224001,0.017223945
9,91,receive_authenticate_accumulate,0.000042555,0.000042500
9,91,receive_authenticate_accumulate,0.017246390,0.017234963
9,91,receive_authenticate_accumulate,0.000041093,0.000041129
9,91,receive_authenticate_accumulate,0.017230446,0.017230370
9,91,receive_authenticate_accumulate,0.000041166,0.000041203
9,91,receive_authenticate_accumulate,0.017220630,0.017220778
9,91,receive_authenticate_accumulate,0.000041444,0.000041463
9,91,receive_authenticate_accumulate,0.017223723,0.017223760
9,91,receive_authenticate_accumulate,0.000040018,0.000040074
9,91,receive_authenticate_accumulate,0.017229260,0.017229259
9,91,receive_authenticate_accumulate,0.000040147,0.000040260
9,91,receive_authenticate_accumulate,0.017230982,0.017230944
9,91,receive_authenticate_accumulate,0.000041111,0.000041093
9,91,receive_authenticate_accumulate,0.017227335,0.017227352
9,91,receive_authenticate_accumulate,0.000041814,0.000041982
9,91,receive_authenticate_accumulate,0.017226408,0.017226370
9,91,receive_authenticate_accumulate,0.000042203,0.000042185
9,91,receive_authenticate_accumulate,0.017223427,0.017223500
9,91,receive_authenticate_accumulate,0.000042777,0.000042815
9,91,receive_authenticate_accumulate,0.017227556,0.017227574
9,91,receive_authenticate_accumulate,0.000042315,0.000042426
9,91,receive_authenticate_accumulate,0.017222538,0.017222537
9,91,receive_authenticate_accumulate,0.000039295,0.000039240
9,91,receive_authenticate_accumulate,0.017230409,0.017230704
9,91,receive_authenticate_accumulate,0.000041184,0.000041297
9,91,receive_authenticate_accumulate,0.017223760,0.017223963
9,91,receive_authenticate_accumulate,0.000039648,0.000039667
9,91,reading_commitment_and_shares,0.026241970,0.026213425
9,91,receive_authenticate_accumulate,0.017216446,0.017216648
9,91,receive_authenticate_accumulate,0.000041370,0.000041463
9,91,receive_authenticate_accumulate,0.017227186,0.017227259
9,91,receive_authenticate_accumulate,0.000042055,0.000042093
9,91,receive_authenticate_accumulate,0.017227149,0.017227408
9,91,receive_authenticate_accumulate,0.000040593,0.000040722
9,91,round_coverage,0.000003407,0.000003018
9,91,spatial_report,0.000037500,0.000037408
9,92,round_reset,0.000008408,0.000007297
9,92,receive_authenticate_accumulate,0.017223854,0.017224019
9,92,receive_authenticate_accumulate,0.000040666,0.000040704
9,92,receive_authenticate_accumulate,0.017230483,0.017230667
9,92,receive_authenticate_accumulate,0.000041574,0.000041611
9,92,receive_authenticate_accumulate,0.017220780,0.017220648
9,92,receive_authenticate_accumulate,0.000040203,0.000040222
9,92,receive_authenticate_accumulate,0.017224002,0.017224148
9,92,receive_authenticate_accumulate,0.000041536,0.000041592
9,92,receive_authenticate_accumulate,0.017249335,0.017249241
9,92,receive_authenticate_accumulate,0.000043000,0.000043111
9,92,receive_authenticate_accumulate,0.017236853,0.017236944
9,92,receive_authenticate_accumulate,0.000041295,0.000041500
9,92,receive_authenticate_accumulate,0.017226946,0.017227037
9,92,receive_authenticate_accumulate,0.000040610,0.000040611
9,92,receive_authenticate_accumulate,0.017227261,0.017226944
9,92,receive_authenticate_accumulate,0.000040685,0.000040741
9,92,receive_authenticate_accumulate,0.017222891,0.017222833
9,92,receive_authenticate_accumulate,0.000040296,0.000040315
9,92,receive_authenticate_accumulate,0.017234576,0.017234593
9,92,receive_authenticate_accumulate,0.000041019,0.000041111
9,92,receive_authenticate_accumulate,0.017221558,0.017221593
9,92,receive_authenticate_accumulate,0.000042037,0.000042074
9,92,receive_authenticate_accumulate,0.017227946,0.017227908
9,92,receive_authenticate_accumulate,0.000041666,0.000041685
9,92,receive_authenticate_accumulate,0.017225909,0.017225888
9,92,receive_authenticate_accumulate,0.000041314,0.000041241
9,92,receive_authenticate_accumulate,0.017226298,0.017226333
9,92,receive_authenticate_accumulate,0.000040037,0.000039926
9,92,receive_authenticate_accumulate,0.017223577,0.017223574
9,92,receive_authenticate_accumulate,0.000041667,0.000041648
9,92,receive_authenticate_accumulate,0.017233594,0.017233723
9,92,receive_authenticate_accumulate,0.000040574,0.000040648
9,92,receive_authenticate_accumulate,0.017232873,0.017232871
9,92,receive_authenticate_accumulate,0.000040667,0.000040760
9,92,reading_commitment_and_shares,0.026183824,0.026184093
9,92,receive_authenticate_accumulate,0.017224558,0.017224611
9,92,receive_authenticate_accumulate,0.000049222,0.000049203
9,92,receive_authenticate_accumulate,0.017213724,0.017213556
9,92,receive_authenticate_accumulate,0.000042611,0.000042556
9,92,receive_authenticate_accumulate,0.017232872,0.017232963
9,92,receive_authenticate_accumulate,0.000040852,0.000040945
9,92,round_coverage,0.000003203,0.000002760
9,92,spatial_report,0.000037222,0.000037166
9,93,round_reset,0.000009556,0.000007760
9,93,receive_authenticate_accumulate,0.017222485,0.017222630
9,93,receive_authenticate_accumulate,0.000041629,0.000041667
9,93,receive_authenticate_accumulate,0.017217762,0.017217833
9,93,receive_authenticate_accumulate,0.000040314,0.000040351
9,93,receive_authenticate_accumulate,0.017222317,0.017222389
9,93,receive_authenticate_accumulate,0.000040759,0.000040778
9,93,receive_authenticate_accumulate,0.017226429,0.017226519
9,93,receive_authenticate_accumulate,0.000039852,0.000039908
9,93,receive_authenticate_accumulate,0.017228984,0.017228907
9,93,receive_authenticate_accumulate,0.000040593,0.000040426
9,93,receive_authenticate_accumulate,0.017220689,0.017220778
9,93,receive_authenticate_accumulate,0.000040685,0.000040704
9,93,receive_authenticate_accumulate,0.017226873,0.017227037
9,93,receive_authenticate_accumulate,0.000041055,0.000041111
9,93,receive_authenticate_accumulate,0.017231447,0.017231574
9,93,receive_authenticate_accumulate,0.000045999,0.000045889
9,93,receive_authenticate_accumulate,0.017228873,0.017228870
9,93,receive_authenticate_accumulate,0.000041333,0.000041444
9,93,receive_authenticate_accumulate,0.017215058,0.017215167
9,93,receive_authenticate_accumulate,0.000040536,0.000040518
9,93,receive_authenticate_accumulate,0.017239670,0.017239648
9,93,receive_authenticate_accumulate,0.000039555,0.000039611
9,93,receive_authenticate_accumulate,0.017219596,0.017219723
9,93,receive_authenticate_accumulate,0.000039815,0.000039741
9,93,receive_authenticate_accumulate,0.017226985,0.017227055
9,93,receive_authenticate_accumulate,0.000040518,0.000040574
9,93,receive_authenticate_accumulate,0.017225929,0.017226074
9,93,receive_authenticate_accumulate,0.000038944,0.000039000
9,93,receive_authenticate_accumulate,0.017230521,0.017230685
9,93,receive_authenticate_accumulate,0.000038370,0.000038371
9,93,receive_authenticate_accumulate,0.017223355,0.017223555
9,93,receive_authenticate_accumulate,0.000039907,0.000039963
9,93,receive_authenticate_accumulate,0.017225226,0.017225352
9,93,receive_authenticate_accumulate,0.000038204,0.000038278
9,93,reading_commitment_and_shares,0.026202714,0.026202981
9,93,receive_authenticate_accumulate,0.017223818,0.017223741
9,93,receive_authenticate_accumulate,0.000038962,0.000038945
9,93,receive_authenticate_accumulate,0.017220540,0.017220630
9,93,receive_authenticate_accumulate,0.000039073,0.000039019
9,93,receive_authenticate_accumulate,0.017230485,0.017230556
9,93,receive_authenticate_accumulate,0.000041370,0.000041445
9,93,round_coverage,0.000003481,0.000003018
9,93,spatial_report,0.000037426,0.000037223
9,94,round_reset,0.000010222,0.000009074
9,94,receive_authenticate_accumulate,0.017227301,0.017227426
9,94,receive_authenticate_accumulate,0.000040240,0.000040407
9,94,receive_authenticate_accumulate,0.017224727,0.017224888
9,94,receive_authenticate_accumulate,0.000040185,0.000040334
9,94,receive_authenticate_accumulate,0.017223078,0.017223204
9,94,receive_authenticate_accumulate,0.000039851,0.000039871
9,94,receive_authenticate_accumulate,0.017226633,0.017226759
9,94,receive_authenticate_accumulate,0.000039389,0.000039500
9,94,receive_authenticate_accumulate,0.017224041,0.017224222
9,94,receive_authenticate_accumulate,0.000039648,0.000039741
9,94,receive_authenticate_accumulate,0.017218170,0.017218333
9,94,receive_authenticate_accumulate,0.000038962,0.000039018
9,94,receive_authenticate_accumulate,0.017227152,0.017227111
9,94,receive_authenticate_accumulate,0.000039036,0.000039074
9,94,receive_authenticate_accumulate,0.017219596,0.017219630
9,94,receive_authenticate_accumulate,0.000039167,0.000039222
9,94,receive_authenticate_accumulate,0.017212301,0.017212407
9,94,receive_authenticate_accumulate,0.000040666,0.000040667
9,94,receive_authenticate_accumulate,0.017217745,0.017217796
9,94,receive_authenticate_accumulate,0.000040593,0.000040592
9,94,receive_authenticate_accumulate,0.017258411,0.017260241
9,94,receive_authenticate_accumulate,0.000045462,0.000045500
9,94,receive_authenticate_accumulate,0.017232726,0.017232852
9,94,receive_authenticate_accumulate,0.000050684,0.000050759
9,94,receive_authenticate_accumulate,0.017239466,0.017239592
9,94,receive_authenticate_accumulate,0.000045074,0.000045167
9,94,receive_authenticate_accumulate,0.017220115,0.017220259
9,94,receive_authenticate_accumulate,0.000045777,0.000045686
9,94,receive_authenticate_accumulate,0.017229134,0.017229185
9,94,receive_authenticate_accumulate,0.000047185,0.000047259
9,94,receive_authenticate_accumulate,0.017232078,0.017232167
9,94,receive_authenticate_accumulate,0.000045870,0.000045925
9,94,receive_authenticate_accumulate,0.017227300,0.017227481
9,94,receive_authenticate_accumulate,0.000045296,0.000045259
9,94,reading_commitment_and_shares,0.026189068,0.026189241
9,94,receive_authenticate_accumulate,0.017217800,0.017217722
9,94,receive_authenticate_accumulate,0.000046610,0.000046537
9,94,receive_authenticate_accumulate,0.017227578,0.017227685
9,94,receive_authenticate_accumulate,0.000047296,0.000047315
9,94,receive_authenticate_accumulate,0.017221300,0.017221630
9,94,receive_authenticate_accumulate,0.000046222,0.000046222
9,94,round_coverage,0.000003259,0.000002833
9,94,spatial_report,0.000040204,0.000040037
9,95,round_reset,0.000009167,0.000007870
9,95,receive_authenticate_accumulate,0.017221171,0.017221149
9,95,receive_authenticate_accumulate,0.000046055,0.000046074
9,95,receive_authenticate_accumulate,0.017223857,0.017223870
9,95,receive_authenticate_accumulate,0.000047426,0.000047407
9,95,receive_authenticate_accumulate,0.017226931,0.017227018
9,95,receive_authenticate_accumulate,0.000047852,0.000047796
9,95,receive_authenticate_accumulate,0.017219060,0.017219111
9,95,receive_authenticate_accumulate,0.000045129,0.000045167
9,95,receive_authenticate_accumulate,0.017221152,0.017221223
9,95,receive_authenticate_accumulate,0.000045833,0.000045870
9,95,receive_authenticate_accumulate,0.017232801,0.017232907
9,95,receive_authenticate_accumulate,0.000045481,0.000045555
9,95,receive_authenticate_accumulate,0.017233597,0.017233667
9,95,receive_authenticate_accumulate,0.000046685,0.000046686
9,95,receive_authenticate_accumulate,0.017227301,0.017227352
9,95,receive_authenticate_accumulate,0.000047241,0.000047203
9,95,receive_authenticate_accumulate,0.017229949,0.017230148
9,95,receive_authenticate_accumulate,0.000045555,0.000045518
9,95,receive_authenticate_accumulate,0.017230450,0.017230574
9,95,receive_authenticate_accumulate,0.000048592,0.000048612
9,95,receive_authenticate_accumulate,0.017281597,0.017241407
9,95,receive_authenticate_accumulate,0.000046574,0.000046611
9,95,receive_authenticate_accumulate,0.017228320,0.017228574
9,95,receive_authenticate_accumulate,0.000045203,0.000045075
9,95,receive_authenticate_accumulate,0.017232487,0.017232389
9,95,receive_authenticate_accumulate,0.000046833,0.000046889
9,95,receive_authenticate_accumulate,0.017229208,0.017229204
9,95,receive_authenticate_accumulate,0.000045759,0.000045777
9,95,receive_authenticate_accumulate,0.017228301,0.017228445
9,95,receive_authenticate_accumulate,0.000048889,0.000048889
9,95,receive_authenticate_accumulate,0.017234598,0.017234648
9,95,receive_authenticate_accumulate,0.000045611,0.000045649
9,95,receive_authenticate_accumulate,0.017227561,0.017227592
9,95,receive_authenticate_accumulate,0.000047074,0.000047018
9,95,reading_commitment_and_shares,0.026199495,0.026199703
9,95,receive_authenticate_accumulate,0.017223338,0.017223462
9,95,receive_authenticate_accumulate,0.000046481,0.000046481
9,95,receive_authenticate_accumulate,0.017224597,0.017224555
9,95,receive_authenticate_accumulate,0.000046907,0.000046852
9,95,receive_authenticate_accumulate,0.017218987,0.017219093
9,95,receive_authenticate_accumulate,0.000046406,0.000046388
9,95,round_coverage,0.000003425,0.000002963
9,95,spatial_report,0.000039277,0.000039204
9,96,round_reset,0.000009500,0.000008148
9,96,receive_authenticate_accumulate,0.017230987,0.017231000
9,96,receive_authenticate_accumulate,0.000041574,0.000041630
9,96,receive_authenticate_accumulate,0.017227024,0.017227074
9,96,receive_authenticate_accumulate,0.000042462,0.000042518
9,96,receive_authenticate_accumulate,0.017224024,0.017224148
9,96,receive_authenticate_accumulate,0.000041518,0.000041556
9,96,receive_authenticate_accumulate,0.017228542,0.017228611
9,96,receive_authenticate_accumulate,0.000041203,0.000041222
9,96,receive_authenticate_accumulate,0.017228653,0.017228574
9,96,receive_authenticate_accumulate,0.000042851,0.000042833
9,96,receive_authenticate_accumulate,0.017220931,0.017221037
9,96,receive_authenticate_accumulate,0.000040407,0.000040296
9,96,receive_authenticate_accumulate,0.017225043,0.017225296
9,96,receive_authenticate_accumulate,0.000041593,0.000041593
9,96,receive_authenticate_accumulate,0.017220079,0.017220222
9,96,receive_authenticate_accumulate,0.000041518,0.000041574
9,96,receive_authenticate_accumulate,0.017222691,0.017222797
9,96,receive_authenticate_accumulate,0.000040907,0.000040908
9,96,receive_authenticate_accumulate,0.017229394,0.017229278
9,96,receive_authenticate_accumulate,0.000040703,0.000040759
9,96,receive_authenticate_accumulate,0.017214654,0.017214629
9,96,receive_authenticate_accumulate,0.000041240,0.000041259
9,96,receive_authenticate_accumulate,0.017216746,0.017216814
9,96,receive_authenticate_accumulate,0.000040981,0.000041000
9,96,receive_authenticate_accumulate,0.017232542,0.017232648
9,96,receive_authenticate_accumulate,0.000042296,0.000042296
9,96,receive_authenticate_accumulate,0.017221932,0.017221871
9,96,receive_authenticate_accumulate,0.000040148,0.000040222
9,96,receive_authenticate_accumulate,0.017252301,0.017242704
9,96,receive_authenticate_accumulate,0.000041815,0.000041926
9,96,receive_authenticate_accumulate,0.017226321,0.017226462
9,96,receive_authenticate_accumulate,0.000040629,0.000040704
9,96,receive_authenticate_accumulate,0.017216210,0.017216167
9,96,receive_authenticate_accumulate,0.000041740,0.000041759
9,96,reading_commitment_and_shares,0.026187589,0.026187925
9,96,receive_authenticate_accumulate,0.017230209,0.017230389
9,96,receive_authenticate_accumulate,0.000042037,0.000042111
9,96,receive_authenticate_accumulate,0.017229746,0.017230148
9,96,receive_authenticate_accumulate,0.000043555,0.000043592
9,96,receive_authenticate_accumulate,0.017227172,0.017227130
9,96,receive_authenticate_accumulate,0.000042277,0.000042371
9,96,round_coverage,0.000002797,0.000002407
9,96,spatial_report,0.000035296,0.000035260
9,97,round_reset,0.000010407,0.000009315
9,97,receive_authenticate_accumulate,0.017236284,0.017236482
9,97,receive_authenticate_accumulate,0.000042703,0.000042740
9,97,receive_authenticate_accumulate,0.017217654,0.017217760
9,97,receive_authenticate_accumulate,0.000041037,0.000041296
9,97,receive_authenticate_accumulate,0.017227710,0.017227851
9,97,receive_authenticate_accumulate,0.000041278,0.000041334
9,97,receive_authenticate_accumulate,0.017282691,0.017241408
9,97,receive_authenticate_accumulate,0.000041685,0.000041740
9,97,receive_authenticate_accumulate,0.017226081,0.017226148
9,97,receive_authenticate_accumulate,0.000041926,0.000042074
9,97,receive_authenticate_accumulate,0.017227247,0.017227297
9,97,receive_authenticate_accumulate,0.000041407,0.000041426
9,97,receive_authenticate_accumulate,0.017223840,0.017223926
9,97,receive_authenticate_accumulate,0.000040962,0.000041037
9,97,receive_authenticate_accumulate,0.017224025,0.017224093
9,97,receive_authenticate_accumulate,0.000041999,0.000042185
9,97,receive_authenticate_accumulate,0.017236192,0.017236185
9,97,receive_authenticate_accumulate,0.000041129,0.000041204
9,97,receive_authenticate_accumulate,0.017222506,0.017222648
9,97,receive_authenticate_accumulate,0.000040740,0.000040685
9,97,receive_authenticate_accumulate,0.017223673,0.017223834
9,97,receive_authenticate_accumulate,0.000043241,0.000043296
9,97,receive_authenticate_accumulate,0.017220673,0.017220741
9,97,receive_authenticate_accumulate,0.000040759,0.000040778
9,97,receive_authenticate_accumulate,0.017250155,0.017235482
9,97,receive_authenticate_accumulate,0.000041685,0.000041741
9,97,receive_authenticate_accumulate,0.017224988,0.017225092
9,97,receive_authenticate_accumulate,0.000042129,0.000042222
9,97,receive_authenticate_accumulate,0.017223914,0.017223888
9,97,receive_authenticate_accumulate,0.000040129,0.000040000
9,97,receive_authenticate_accumulate,0.017213062,0.017213167
9,97,receive_authenticate_accumulate,0.000039999,0.000040074
9,97,receive_authenticate_accumulate,0.017223396,0.017223500
9,97,receive_authenticate_accumulate,0.000040666,0.000040666
9,97,reading_commitment_and_shares,0.026223349,0.026211000
9,97,receive_authenticate_accumulate,0.017227469,0.017227500
9,97,receive_authenticate_accumulate,0.000041777,0.000041759
9,97,receive_authenticate_accumulate,0.017226673,0.017226593
9,97,receive_authenticate_accumulate,0.000041537,0.000041500
9,97,receive_authenticate_accumulate,0.017224007,0.017224092
9,97,receive_authenticate_accumulate,0.000041611,0.000041722
9,97,round_coverage,0.000002889,0.000002537
9,97,spatial_report,0.000035574,0.000035481
9,98,round_reset,0.000009704,0.000008481
9,98,receive_authenticate_accumulate,0.017233803,0.017233778
9,98,receive_authenticate_accumulate,0.000043796,0.000043852
9,98,receive_authenticate_accumulate,0.017226544,0.017226611
9,98,receive_authenticate_accumulate,0.000041778,0.000041759
9,98,receive_authenticate_accumulate,0.017215693,0.017215740
9,98,receive_authenticate_accumulate,0.000041610,0.000041760
9,98,receive_authenticate_accumulate,0.017222841,0.017222926
9,98,receive_authenticate_accumulate,0.000041500,0.000041537
9,98,receive_authenticate_accumulate,0.017223285,0.017223148
9,98,receive_authenticate_accumulate,0.000041982,0.000041796
9,98,receive_authenticate_accumulate,0.017245933,0.017237093
9,98,receive_authenticate_accumulate,0.000040629,0.000040703
9,98,receive_authenticate_accumulate,0.017224766,0.017224722
9,98,receive_authenticate_accumulate,0.000040129,0.000040240
9,98,receive_authenticate_accumulate,0.017224693,0.017224834
9,98,receive_authenticate_accumulate,0.000040740,0.000040722
9,98,receive_authenticate_accumulate,0.017227099,0.017227297
9,98,receive_authenticate_accumulate,0.000041740,0.000041760
9,98,receive_authenticate_accumulate,0.017226655,0.017226648
9,98,receive_authenticate_accumulate,0.000043055,0.000043000
9,98,receive_authenticate_accumulate,0.017220933,0.017221019
9,98,receive_authenticate_accumulate,0.000041907,0.000041981
9,98,receive_authenticate_accumulate,0.017214341,0.017214408
9,98,receive_authenticate_accumulate,0.000041445,0.000041593
9,98,receive_authenticate_accumulate,0.017225174,0.017225167
9,98,receive_authenticate_accumulate,0.000041074,0.000041074
9,98,receive_authenticate_accumulate,0.017217155,0.017217185
9,98,receive_authenticate_accumulate,0.000040759,0.000040797
9,98,receive_authenticate_accumulate,0.017232618,0.017232704
9,98,receive_authenticate_accumulate,0.000041445,0.000041519
9,98,receive_authenticate_accumulate,0.017225729,0.017225815
9,98,receive_authenticate_accumulate,0.000042055,0.000042093
9,98,receive_authenticate_accumulate,0.017214600,0.017214685
9,98,receive_authenticate_accumulate,0.000040537,0.000040518
9,98,reading_commitment_and_shares,0.026238258,0.026238666
9,98,receive_authenticate_accumulate,0.017282654,0.017240036
9,98,receive_authenticate_accumulate,0.000041389,0.000041408
9,98,receive_authenticate_accumulate,0.017251747,0.017240926
9,98,receive_authenticate_accumulate,0.000041925,0.000041907
9,98,receive_authenticate_accumulate,0.017236896,0.017236963
9,98,receive_authenticate_accumulate,0.000040870,0.000040870
9,98,round_coverage,0.000002907,0.000002500
9,98,spatial_report,0.000035314,0.000035296
9,99,round_reset,0.000008944,0.000007944
9,99,receive_authenticate_accumulate,0.017256878,0.017256833
9,99,receive_authenticate_accumulate,0.000039463,0.000039500
9,99,receive_authenticate_accumulate,0.017240878,0.017240740
9,99,receive_authenticate_accumulate,0.000041536,0.000041593
9,99,receive_authenticate_accumulate,0.017226193,0.017226222
9,99,receive_authenticate_accumulate,0.000043184,0.000043185
9,99,receive_authenticate_accumulate,0.017230619,0.017230575
9,99,receive_authenticate_accumulate,0.000041333,0.000041352
9,99,receive_authenticate_accumulate,0.017269618,0.017231446
9,99,receive_authenticate_accumulate,0.000042833,0.000042889
9,99,receive_authenticate_accumulate,0.017224007,0.017223870
9,99,receive_authenticate_accumulate,0.000042055,0.000042093
9,99,receive_authenticate_accumulate,0.017228212,0.017228203
9,99,receive_authenticate_accumulate,0.000041648,0.000041630
9,99,receive_authenticate_accumulate,0.017229693,0.017229778
9,99,receive_authenticate_accumulate,0.000040926,0.000040963
9,99,receive_authenticate_accumulate,0.017224193,0.017224222
9,99,receive_authenticate_accumulate,0.000040518,0.000040463
9,99,receive_authenticate_accumulate,0.017234582,0.017234722
9,99,receive_authenticate_accumulate,0.000041185,0.000041259
9,99,receive_authenticate_accumulate,0.017268396,0.017240740
9,99,receive_authenticate_accumulate,0.000041481,0.000041500
9,99,receive_authenticate_accumulate,0.017227156,0.017227296
9,99,receive_authenticate_accumulate,0.000041574,0.000041593
9,99,receive_authenticate_accumulate,0.017227841,0.017227926
9,99,receive_authenticate_accumulate,0.000043074,0.000043185
9,99,receive_authenticate_accumulate,0.017225231,0.017225296
9,99,receive_authenticate_accumulate,0.000041204,0.000041222
9,99,receive_authenticate_accumulate,0.017220656,0.017220555
9,99,receive_authenticate_accumulate,0.000041499,0.000041611
9,99,receive_authenticate_accumulate,0.017231860,0.017232056
9,99,receive_authenticate_accumulate,0.000044166,0.000044204
9,99,receive_authenticate_accumulate,0.017220490,0.017220611
9,99,receive_authenticate_accumulate,0.000041277,0.000041352
9,99,reading_commitment_and_shares,0.026201759,0.026201981
9,99,receive_authenticate_accumulate,0.017224638,0.017224815
9,99,receive_authenticate_accumulate,0.000041851,0.000041963
9,99,receive_authenticate_accumulate,0.017227545,0.017227592
9,99,receive_authenticate_accumulate,0.000041592,0.000041648
9,99,receive_authenticate_accumulate,0.017220249,0.017220240
9,99,receive_authenticate_accumulate,0.000042370,0.000042370
9,99,round_coverage,0.000003185,0.000002611
9,99,spatial_report,0.000037333,0.000037112
9,99,billing_report,0.000422515,0.000422352
10,100,period_reset,0.000025666,0.000024685
10,100,receive_authenticate_accumulate,0.000095888,0.000095426
10,100,receive_authenticate_accumulate,0.000091537,0.000091296
10,100,receive_authenticate_accumulate,0.000090258,0.000090019
10,100,receive_authenticate_accumulate,0.000091906,0.000091852
10,100,receive_authenticate_accumulate,0.000091777,0.000091648
10,100,receive_authenticate_accumulate,0.000089684,0.000089352
10,100,receive_authenticate_accumulate,0.000091537,0.000091334
10,100,receive_authenticate_accumulate,0.000060536,0.000060500
10,100,receive_authenticate_accumulate,0.000061259,0.000061129
10,100,receive_authenticate_accumulate,0.000061944,0.000062019
10,100,receive_authenticate_accumulate,0.000060185,0.000060092
10,100,receive_authenticate_accumulate,0.000059814,0.000059686
10,100,receive_authenticate_accumulate,0.000060018,0.000059926
10,100,receive_authenticate_accumulate,0.000062258,0.000062278
10,100,receive_authenticate_accumulate,0.000060074,0.000059888
10,100,receive_authenticate_accumulate,0.000061111,0.000061018
10,100,receive_authenticate_accumulate,0.000061055,0.000060982
10,100,randomness_commit,0.000534051,0.000534056
10,100,receive_authenticate_accumulate,0.000060555,0.000060648
10,100,receive_authenticate_accumulate,0.000060925,0.000060777
10,100,receive_authenticate_accumulate,0.000061370,0.000061333
10,100,receive_authenticate_accumulate,0.000074407,0.000074333
10,100,receive_authenticate_accumulate,0.000074204,0.000074148
10,100,receive_authenticate_accumulate,0.000072647,0.000072685
10,100,receive_authenticate_accumulate,0.000074777,0.000074926
10,100,receive_authenticate_accumulate,0.000072110,0.000072204
10,100,receive_authenticate_accumulate,0.000073296,0.000073296
10,100,receive_authenticate_accumulate,0.000075092,0.000074945
10,100,receive_authenticate_accumulate,0.000074240,0.000074185
10,100,receive_authenticate_accumulate,0.000074277,0.000074240
10,100,receive_authenticate_accumulate,0.000074740,0.000074593
10,100,receive_authenticate_accumulate,0.000074462,0.000074463
10,100,receive_authenticate_accumulate,0.000073684,0.000073611
10,100,receive_authenticate_accumulate,0.000048740,0.000048667
10,100,receive_authenticate_accumulate,0.000046333,0.000046315
10,100,receive_authenticate_accumulate,0.000046666,0.000046685
10,100,receive_authenticate_accumulate,0.000044444,0.000044389
10,100,receive_authenticate_accumulate,0.000047018,0.000046981
10,100,randomness_reveal,0.000287294,0.000287204
10,100,receive_authenticate_accumulate,0.000044963,0.000044870
10,100,receive_authenticate_accumulate,0.000047482,0.000047445
10,100,receive_authenticate_accumulate,0.000046907,0.000046870
10,100,committee_selection,0.000081610,0.000081574
10,100,round_reset,0.000003444,0.000002963
10,100,receive_authenticate_accumulate,0.017233841,0.017233648
10,100,receive_authenticate_accumulate,0.017218398,0.017218296
10,100,receive_authenticate_accumulate,0.017229638,0.017229704
10,100,receive_authenticate_accumulate,0.017228101,0.017228074
10,100,receive_authenticate_accumulate,0.017238194,0.017238148
10,100,receive_authenticate_accumulate,0.017225805,0.017225777
10,100,receive_authenticate_accumulate,0.017228564,0.017228537
10,100,receive_authenticate_accumulate,0.017226249,0.017226167
10,100,receive_authenticate_accumulate,0.017229786,0.017229777
10,100,receive_authenticate_accumulate,0.017225527,0.017225611
10,100,receive_authenticate_accumulate,0.017223083,0.017223018
10,100,receive_authenticate_accumulate,0.017218824,0.017218852
10,100,receive_authenticate_accumulate,0.017225657,0.017225574
10,100,receive_authenticate_accumulate,0.017235657,0.017235648
10,100,receive_authenticate_accumulate,0.017233212,0.017233037
10,100,receive_authenticate_accumulate,0.017220805,0.017220629
10,100,receive_authenticate_accumulate,0.017221120,0.017221185
10,100,reading_commitment_and_shares,0.026210592,0.026210686
10,100,receive_authenticate_accumulate,0.017236509,0.017236482
10,100,receive_authenticate_accumulate,0.017235564,0.017235593
10,100,receive_authenticate_accumulate,0.017223268,0.017223370
10,100,round_coverage,0.000003685,0.000003240
10,101,round_reset,0.000008741,0.000007648
10,101,receive_authenticate_accumulate,0.017241417,0.017241482
10,101,receive_authenticate_accumulate,0.017232051,0.017232037
10,101,receive_authenticate_accumulate,0.017234551,0.017234667
10,101,receive_authenticate_accumulate,0.017217528,0.017218074
10,101,receive_authenticate_accumulate,0.017226786,0.017227222
10,101,receive_authenticate_accumulate,0.017260897,0.017234388
10,101,receive_authenticate_accumulate,0.017222806,0.017223278
10,101,receive_authenticate_accumulate,0.017223898,0.017224389
10,101,receive_authenticate_accumulate,0.017243306,0.017243982
10,101,receive_authenticate_accumulate,0.017235621,0.017235926
10,101,receive_authenticate_accumulate,0.017226788,0.017227371
10,101,receive_authenticate_accumulate,0.017225382,0.017225871
10,101,receive_authenticate_accumulate,0.017227344,0.017227666
10,101,receive_authenticate_accumulate,0.017227253,0.017227796
10,101,receive_authenticate_accumulate,0.017233678,0.017233889
10,101,receive_authenticate_accumulate,0.017219383,0.017219704
10,101,receive_authenticate_accumulate,0.017217012,0.017217575
10,101,reading_commitment_and_shares,0.026209950,0.026211130
10,101,receive_authenticate_accumulate,0.017226846,0.017227259
10,101,receive_authenticate_accumulate,0.017222494,0.017222889
10,101,receive_authenticate_accumulate,0.017226383,0.017226777
10,101,round_coverage,0.000003129,0.000002760
10,102,round_reset,0.000008666,0.000007407
10,102,receive_authenticate_accumulate,0.017224769,0.017225259
10,102,receive_authenticate_accumulate,0.017233047,0.017233518
10,102,receive_authenticate_accumulate,0.017227326,0.017227778
10,102,receive_authenticate_accumulate,0.017226048,0.017226667
10,102,receive_authenticate_accumulate,0.017221956,0.017222482
10,102,receive_authenticate_accumulate,0.017222159,0.017222611
10,102,receive_authenticate_accumulate,0.017218475,0.017218759
10,102,receive_authenticate_accumulate,0.017231771,0.017232260
10,102,receive_authenticate_accumulate,0.017226420,0.017226944
10,102,receive_authenticate_accumulate,0.017267567,0.017249167
10,102,receive_authenticate_accumulate,0.017228290,0.017228629
10,102,receive_authenticate_accumulate,0.017220476,0.017220907
10,102,receive_authenticate_accumulate,0.017236087,0.017236667
10,102,receive_authenticate_accumulate,0.017230439,0.017230796
10,102,receive_authenticate_accumulate,0.017234347,0.017234722
10,102,receive_authenticate_accumulate,0.017225181,0.017225519
10,102,receive_authenticate_accumulate,0.017227830,0.017228111
10,102,reading_commitment_and_shares,0.026201093,0.026202055
10,102,receive_authenticate_accumulate,0.017226625,0.017227037
10,102,receive_authenticate_accumulate,0.017242125,0.017242593
10,102,receive_authenticate_accumulate,0.017229682,0.017230018
10,102,round_coverage,0.000003334,0.000002926
10,103,round_reset,0.000009759,0.000008648
10,103,receive_authenticate_accumulate,0.017231438,0.017231945
10,103,receive_authenticate_accumulate,0.017217216,0.017217556
10,103,receive_authenticate_accumulate,0.017222290,0.017222574
10,103,receive_authenticate_accumulate,0.017228271,0.017228667
10,103,receive_authenticate_accumulate,0.017232660,0.017232981
10,103,receive_authenticate_accumulate,0.017221068,0.017221574
10,103,receive_authenticate_accumulate,0.017254123,0.017244092
10,103,receive_authenticate_accumulate,0.017219421,0.017219815
10,103,receive_authenticate_accumulate,0.017225254,0.017225685
10,103,receive_authenticate_accumulate,0.017222476,0.017222593
10,103,receive_authenticate_accumulate,0.017227718,0.017228167
10,103,receive_authenticate_accumulate,0.017227477,0.017227833
10,103,receive_authenticate_accumulate,0.017254088,0.017239352
10,103,receive_authenticate_accumulate,0.017214867,0.017215333
10,103,receive_authenticate_accumulate,0.017222441,0.017222833
10,103,receive_authenticate_accumulate,0.017232811,0.017233167
10,103,receive_authenticate_accumulate,0.017265625,0.017249741
10,103,reading_commitment_and_shares,0.026221400,0.026222462
10,103,receive_authenticate_accumulate,0.017226627,0.017227074
10,103,receive_authenticate_accumulate,0.017235757,0.017236111
10,103,receive_authenticate_accumulate,0.017222146,0.017222555
10,103,round_coverage,0.000003278,0.000002796
10,104,round_reset,0.000009611,0.000008537
10,104,receive_authenticate_accumulate,0.017236363,0.017236908
10,104,receive_authenticate_accumulate,0.017223790,0.017224352
10,104,receive_authenticate_accumulate,0.017225216,0.017225593
10,104,receive_authenticate_accumulate,0.017223642,0.017224018
10,104,receive_authenticate_accumulate,0.017229013,0.017229389
10,104,receive_authenticate_accumulate,0.017224809,0.017225260
10,104,receive_authenticate_accumulate,0.017221273,0.017221556
10,104,receive_authenticate_accumulate,0.017223161,0.017223537
10,104,receive_authenticate_accumulate,0.017230402,0.017230648
10,104,receive_authenticate_accumulate,0.017231014,0.017231370
10,104,receive_authenticate_accumulate,0.017226310,0.017226667
10,104,receive_authenticate_accumulate,0.017227200,0.017227518
10,104,receive_authenticate_accumulate,0.017230051,0.017230334
10,104,receive_authenticate_accumulate,0.017230867,0.017231074
10,104,receive_authenticate_accumulate,0.017224385,0.017224741
10,104,receive_authenticate_accumulate,0.017223960,0.017224314
10,104,receive_authenticate_accumulate,0.017215997,0.017216259
10,104,reading_commitment_and_shares,0.026218966,0.026206222
10,104,receive_authenticate_accumulate,0.017231275,0.017231611
10,104,receive_authenticate_accumulate,0.017232387,0.017232685
10,104,receive_authenticate_accumulate,0.017236497,0.017236796
10,104,round_coverage,0.000003167,0.000002704
10,105,round_reset,0.000008704,0.000007426
10,105,receive_authenticate_accumulate,0.017223715,0.017224111
10,105,receive_authenticate_accumulate,0.017223215,0.017223759
10,105,receive_authenticate_accumulate,0.017227696,0.017227981
10,105,receive_authenticate_accumulate,0.017221512,0.017221889
10,105,receive_authenticate_accumulate,0.017224345,0.017224777
10,105,receive_authenticate_accumulate,0.017222419,0.017222852
10,105,receive_authenticate_accumulate,0.017230975,0.017231240
10,105,receive_authenticate_accumulate,0.017227734,0.017228074
10,105,receive_authenticate_accumulate,0.017228420,0.017228759
10,105,receive_authenticate_accumulate,0.017224864,0.017225241
10,105,receive_authenticate_accumulate,0.017216605,0.017217018
10,105,receive_authenticate_accumulate,0.017255586,0.017244834
10,105,receive_authenticate_accumulate,0.017243938,0.017244240
10,105,receive_authenticate_accumulate,0.017235199,0.017235611
10,105,receive_authenticate_accumulate,0.017217866,0.017218370
10,105,receive_authenticate_accumulate,0.017219144,0.017219445
10,105,receive_authenticate_accumulate,0.017224514,0.017224555
10,105,reading_commitment_and_shares,0.026238380,0.026211223
10,105,receive_authenticate_accumulate,0.017218329,0.017218722
10,105,receive_authenticate_accumulate,0.017218886,0.017219240
10,105,receive_authenticate_accumulate,0.017221774,0.017221926
10,105,round_coverage,0.000002926,0.000002500
10,106,round_reset,0.000008852,0.000007611
10,106,receive_authenticate_accumulate,0.017230176,0.017230648
10,106,receive_authenticate_accumulate,0.017222286,0.017222703
10,106,receive_authenticate_accumulate,0.017246638,0.017247056
10,106,receive_authenticate_accumulate,0.017215269,0.017215630
10,106,receive_authenticate_accumulate,0.017221473,0.017222018
10,106,receive_authenticate_accumulate,0.017223659,0.017224055
10,106,receive_authenticate_accumulate,0.017217214,0.017217278
10,106,receive_authenticate_accumulate,0.017230565,0.017230814
10,106,receive_authenticate_accumulate,0.017222251,0.017222555
10,106,receive_authenticate_accumulate,0.017223937,0.017224093
10,106,receive_authenticate_accumulate,0.017221844,0.017222037
10,106,receive_authenticate_accumulate,0.017220178,0.017220389
10,106,receive_authenticate_accumulate,0.017218529,0.017218815
10,106,receive_authenticate_accumulate,0.017222308,0.017222537
10,106,receive_authenticate_accumulate,0.017223993,0.017224204
10,106,receive_authenticate_accumulate,0.017215734,0.017216130
10,106,receive_authenticate_accumulate,0.017255474,0.017243297
10,106,reading_commitment_and_shares,0.026230350,0.026211204
10,106,receive_authenticate_accumulate,0.017278640,0.017240408
10,106,receive_authenticate_accumulate,0.017232772,0.017233018
10,106,receive_authenticate_accumulate,0.017220902,0.017221222
10,106,round_coverage,0.000003278,0.000002815
10,107,round_reset,0.000008982,0.000007704
10,107,receive_authenticate_accumulate,0.017250153,0.017240148
10,107,receive_authenticate_accumulate,0.017240451,0.017241185
10,107,receive_authenticate_accumulate,0.017227136,0.017227408
10,107,receive_authenticate_accumulate,0.017226562,0.017226944
10,107,receive_authenticate_accumulate,0.017221840,0.017222093
10,107,receive_authenticate_accumulate,0.017225748,0.017226000
10,107,receive_authenticate_accumulate,0.017224934,0.017225240
10,107,receive_authenticate_accumulate,0.017231526,0.017231796
10,107,receive_authenticate_accumulate,0.017228767,0.017229000
10,107,receive_authenticate_accumulate,0.017229748,0.017230056
10,107,receive_authenticate_accumulate,0.017226193,0.017226444
10,107,receive_authenticate_accumulate,0.017227045,0.017227315
10,107,receive_authenticate_accumulate,0.017234212,0.017234537
10,107,receive_authenticate_accumulate,0.017248248,0.017237945
10,107,receive_authenticate_accumulate,0.017227805,0.017228111
10,107,receive_authenticate_accumulate,0.017235398,0.017235518
10,107,receive_authenticate_accumulate,0.017232379,0.017232630
10,107,reading_commitment_and_shares,0.026246373,0.026231000
10,107,receive_authenticate_accumulate,0.017232972,0.017233278
10,107,receive_authenticate_accumulate,0.017229436,0.017229648
10,107,receive_authenticate_accumulate,0.017229806,0.017230111
10,107,round_coverage,0.000003797,0.000003241
10,108,round_reset,0.000008944,0.000007723
10,108,receive_authenticate_accumulate,0.017229058,0.017229241
10,108,receive_authenticate_accumulate,0.017277964,0.017252944
10,108,receive_authenticate_accumulate,0.017232966,0.017233259
10,108,receive_authenticate_accumulate,0.017232077,0.017232519
10,108,receive_authenticate_accumulate,0.017231799,0.017232241
10,108,receive_authenticate_accumulate,0.017238540,0.017238833
10,108,receive_authenticate_accumulate,0.017239947,0.017240370
10,108,receive_authenticate_accumulate,0.017229744,0.017229944
10,108,receive_authenticate_accumulate,0.017239171,0.017239463
10,108,receive_authenticate_accumulate,0.017226003,0.017226000
10,108,receive_authenticate_accumulate,0.017225153,0.017225537
10,108,receive_authenticate_accumulate,0.017231244,0.017231426
10,108,receive_authenticate_accumulate,0.025852478,0.025852982
10,108,receive_authenticate_accumulate,0.017227079,0.017227222
10,108,receive_authenticate_accumulate,0.017224468,0.017224741
10,108,receive_authenticate_accumulate,0.017235930,0.017236240
10,108,receive_authenticate_accumulate,0.017238301,0.017238500
10,108,reading_commitment_and_shares,0.026202674,0.026203500
10,108,receive_authenticate_accumulate,0.017261634,0.017242277
10,108,receive_authenticate_accumulate,0.017233080,0.017233204
10,108,receive_authenticate_accumulate,0.017227024,0.017227259
10,108,round_coverage,0.000003778,0.000003259
10,109,round_reset,0.000009815,0.000007870
10,109,receive_authenticate_accumulate,0.017229998,0.017230296
10,109,receive_authenticate_accumulate,0.017245108,0.017249444
10,109,receive_authenticate_accumulate,0.017227405,0.017227686
10,109,receive_authenticate_accumulate,0.017260219,0.017235075
10,109,receive_authenticate_accumulate,0.017232183,0.017232519
10,109,receive_authenticate_accumulate,0.017234980,0.017235296
10,109,receive_authenticate_accumulate,0.017229480,0.017229704
10,109,receive_authenticate_accumulate,0.017227314,0.017227556
10,109,receive_authenticate_accumulate,0.017227999,0.017228445
10,109,receive_authenticate_accumulate,0.017228295,0.017228630
10,109,receive_authenticate_accumulate,0.017285979,0.017245130
10,109,receive_authenticate_accumulate,0.017225518,0.017225629
10,109,receive_authenticate_accumulate,0.017240740,0.017240981
10,109,receive_authenticate_accumulate,0.017229556,0.017229759
10,109,receive_authenticate_accumulate,0.017226740,0.017227037
10,109,receive_authenticate_accumulate,0.017232704,0.017232926
10,109,receive_authenticate_accumulate,0.017222223,0.017222426
10,109,reading_commitment_and_shares,0.026248786,0.026226611
10,109,receive_authenticate_accumulate,0.017232093,0.017232481
10,109,receive_authenticate_accumulate,0.017236538,0.017236518
10,109,receive_authenticate_accumulate,0.017232241,0.017232555
10,109,round_coverage,0.000003908,0.000003500
11,110,period_reset,0.000024963,0.000023740
11,110,receive_authenticate_accumulate,0.000092775,0.000092334
11,110,receive_authenticate_accumulate,0.000090942,0.000090537
11,110,receive_authenticate_accumulate,0.000089813,0.000089537
11,110,receive_authenticate_accumulate,0.000089405,0.000089167
11,110,receive_authenticate_accumulate,0.000090720,0.000090407
11,110,receive_authenticate_accumulate,0.000089572,0.000089222
11,110,receive_authenticate_accumulate,0.000091035,0.000090833
11,110,receive_authenticate_accumulate,0.000069962,0.000069796
11,110,receive_authenticate_accumulate,0.000069480,0.000069426
11,110,receive_authenticate_accumulate,0.000069016,0.000068888
11,110,receive_authenticate_accumulate,0.000068924,0.000068852
11,110,receive_authenticate_accumulate,0.000068961,0.000068926
11,110,receive_authenticate_accumulate,0.000067869,0.000067685
11,110,receive_authenticate_accumulate,0.000067368,0.000067315
11,110,receive_authenticate_accumulate,0.000070332,0.000070222
11,110,receive_authenticate_accumulate,0.000068924,0.000068722
11,110,receive_authenticate_accumulate,0.000069017,0.000068778
11,110,randomness_commit,0.000609948,0.000609759
11,110,receive_authenticate_accumulate,0.000069147,0.000068834
11,110,receive_authenticate_accumulate,0.000069498,0.000069389
11,110,receive_authenticate_accumulate,0.000072331,0.000072129
11,110,receive_authenticate_accumulate,0.000083498,0.000083260
11,110,receive_authenticate_accumulate,0.000083591,0.000083648
11,110,receive_authenticate_accumulate,0.000080349,0.000080149
11,110,receive_authenticate_accumulate,0.000082312,0.000082315
11,110,receive_authenticate_accumulate,0.000082869,0.000082723
11,110,receive_authenticate_accumulate,0.000084239,0.000084092
11,110,receive_authenticate_accumulate,0.000081053,0.000080741
11,110,receive_authenticate_accumulate,0.000080221,0.000080093
11,110,receive_authenticate_accumulate,0.000081276,0.000081370
11,110,receive_authenticate_accumulate,0.000069072,0.000069056
11,110,receive_authenticate_accumulate,0.000067980,0.000067926
11,110,receive_authenticate_accumulate,0.000069258,0.000069241
11,110,receive_authenticate_accumulate,0.000067758,0.000067537
11,110,receive_authenticate_accumulate,0.000068110,0.000068019
11,110,receive_authenticate_accumulate,0.000065887,0.000065685
11,110,receive_authenticate_accumulate,0.000067017,0.000066962
11,110,receive_authenticate_accumulate,0.000066665,0.000066574
11,110,randomness_reveal,0.000444637,0.000444334
11,110,receive_authenticate_accumulate,0.000067461,0.000067463
11,110,receive_authenticate_accumulate,0.000070257,0.000070259
11,110,receive_authenticate_accumulate,0.000068850,0.000068722
11,110,committee_selection,0.000125423,0.000125260
11,110,round_reset,0.000004778,0.000004093
11,110,receive_authenticate_accumulate,0.017228677,0.017229111
11,110,receive_authenticate_accumulate,0.000046813,0.000046778
11,110,receive_authenticate_accumulate,0.017237251,0.017237500
11,110,receive_authenticate_accumulate,0.000047203,0.000047129
11,110,receive_authenticate_accumulate,0.017230345,0.017230592
11,110,receive_authenticate_accumulate,0.000047758,0.000047815
11,110,receive_authenticate_accumulate,0.017229640,0.017229556
11,110,receive_authenticate_accumulate,0.000049887,0.000049926
11,110,receive_authenticate_accumulate,0.017235289,0.017235500
11,110,receive_authenticate_accumulate,0.000047480,0.000047482
11,110,receive_authenticate_accumulate,0.017250974,0.017240556
11,110,receive_authenticate_accumulate,0.000048610,0.000048574
11,110,receive_authenticate_accumulate,0.017229493,0.017229593
11,110,receive_authenticate_accumulate,0.000047591,0.000047592
11,110,receive_authenticate_accumulate,0.017229660,0.017229870
11,110,receive_authenticate_accumulate,0.000047924,0.000047944
11,110,receive_authenticate_accumulate,0.017222604,0.017222722
11,110,receive_authenticate_accumulate,0.000048036,0.000048056
11,110,receive_authenticate_accumulate,0.017230752,0.017230945
11,110,receive_authenticate_accumulate,0.000046702,0.000046740
11,110,receive_authenticate_accumulate,0.017232198,0.017232426
11,110,receive_authenticate_accumulate,0.000047147,0.000047185
11,110,receive_authenticate_accumulate,0.017242456,0.017242722
11,110,receive_authenticate_accumulate,0.000049944,0.000049815
11,110,receive_authenticate_accumulate,0.017226921,0.017227222
11,110,receive_authenticate_accumulate,0.000048258,0.000048203
11,110,receive_authenticate_accumulate,0.017223994,0.017224297
11,110,receive_authenticate_accumulate,0.000046925,0.000046907
11,110,receive_authenticate_accumulate,0.017227254,0.017227611
11,110,receive_authenticate_accumulate,0.000047536,0.000047518
11,110,receive_authenticate_accumulate,0.017231773,0.017231945
11,110,receive_authenticate_accumulate,0.000048073,0.000048130
11,110,receive_authenticate_accumulate,0.017227218,0.017227648
11,110,receive_authenticate_accumulate,0.000046499,0.000046481
11,110,reading_commitment_and_shares,0.026199863,0.026200704
11,110,receive_authenticate_accumulate,0.017228921,0.017229129
11,110,receive_authenticate_accumulate,0.000047869,0.000047833
11,110,receive_authenticate_accumulate,0.017219070,0.017219278
11,110,receive_authenticate_accumulate,0.000046906,0.000046963
11,110,receive_authenticate_accumulate,0.017230014,0.017230314
11,110,receive_authenticate_accumulate,0.000047425,0.000047407
11,110,round_coverage,0.000003444,0.000002945
11,110,spatial_report,0.000039536,0.000039426
11,111,round_reset,0.000009259,0.000008074
11,111,receive_authenticate_accumulate,0.017235116,0.017235407
11,111,receive_authenticate_accumulate,0.000047351,0.000047371
11,111,receive_authenticate_accumulate,0.017225894,0.017226204
11,111,receive_authenticate_accumulate,0.000046999,0.000047074
11,111,receive_authenticate_accumulate,0.017226634,0.017226981
11,111,receive_authenticate_accumulate,0.000047406,0.000047334
11,111,receive_authenticate_accumulate,0.017232505,0.017232629
11,111,receive_authenticate_accumulate,0.000049814,0.000049778
11,111,receive_authenticate_accumulate,0.017236338,0.017236685
11,111,receive_authenticate_accumulate,0.000047832,0.000047852
11,111,receive_authenticate_accumulate,0.017230394,0.017230611
11,111,receive_authenticate_accumulate,0.000048221,0.000048203
11,111,receive_authenticate_accumulate,0.017223024,0.017223519
11,111,receive_authenticate_accumulate,0.000047147,0.000047223
11,111,receive_authenticate_accumulate,0.017223783,0.017223926
11,111,receive_authenticate_accumulate,0.000048165,0.000048259
11,111,receive_authenticate_accumulate,0.017254875,0.017244870
11,111,receive_authenticate_accumulate,0.000047684,0.000047649
11,111,receive_authenticate_accumulate,0.017227839,0.017228037
11,111,receive_authenticate_accumulate,0.000047721,0.000047704
11,111,receive_authenticate_accumulate,0.017226562,0.017226741
11,111,receive_authenticate_accumulate,0.000048555,0.000048648
11,111,receive_authenticate_accumulate,0.017229618,0.017229852
11,111,receive_authenticate_accumulate,0.000048665,0.000048667
11,111,receive_authenticate_accumulate,0.025860852,0.025861296
11,111,receive_authenticate_accumulate,0.000070202,0.000070074
11,111,receive_authenticate_accumulate,0.017251451,0.017241074
11,111,receive_authenticate_accumulate,0.000047035,0.000046963
11,111,receive_authenticate_accumulate,0.017230173,0.017230426
11,111,receive_authenticate_accumulate,0.000047665,0.000047593
11,111,receive_authenticate_accumulate,0.017230119,0.017230481
11,111,receive_authenticate_accumulate,0.000049480,0.000049500
11,111,receive_authenticate_accumulate,0.017237396,0.017237833
11,111,receive_authenticate_accumulate,0.000048610,0.000048555
11,111,reading_commitment_and_shares,0.026207456,0.026208148
11,111,receive_authenticate_accumulate,0.017226822,0.017227166
11,111,receive_authenticate_accumulate,0.000047646,0.000047649
11,111,receive_authenticate_accumulate,0.017225248,0.017225629
11,111,receive_authenticate_accumulate,0.000047499,0.000047481
11,111,receive_authenticate_accumulate,0.017224304,0.017224648
11,111,receive_authenticate_accumulate,0.000048333,0.000048426
11,111,round_coverage,0.000003556,0.000003130
11,111,spatial_report,0.000039962,0.000039815
11,112,round_reset,0.000010315,0.000009315
11,112,receive_authenticate_accumulate,0.017264590,0.017264926
11,112,receive_authenticate_accumulate,0.000046962,0.000046778
11,112,receive_authenticate_accumulate,0.017220572,0.017220945
11,112,receive_authenticate_accumulate,0.000045592,0.000045518
11,112,receive_authenticate_accumulate,0.017222314,0.017222500
11,112,receive_authenticate_accumulate,0.000046499,0.000046481
11,112,receive_authenticate_accumulate,0.017213073,0.017213519
11,112,receive_authenticate_accumulate,0.000045054,0.000045018
11,112,receive_authenticate_accumulate,0.017234832,0.017235000
11,112,receive_authenticate_accumulate,0.000047425,0.000047463
11,112,receive_authenticate_accumulate,0.017230332,0.017230556
11,112,receive_authenticate_accumulate,0.000044758,0.000044759
11,112,receive_authenticate_accumulate,0.017220258,0.017220648
11,112,receive_authenticate_accumulate,0.000044721,0.000044666
11,112,receive_authenticate_accumulate,0.017228351,0.017228611
11,112,receive_authenticate_accumulate,0.000043981,0.000043981
11,112,receive_authenticate_accumulate,0.017229870,0.017230111
11,112,receive_authenticate_accumulate,0.000045739,0.000045704
11,112,receive_authenticate_accumulate,0.017226518,0.017226870
11,112,receive_authenticate_accumulate,0.000044740,0.000044741
11,112,receive_authenticate_accumulate,0.017230962,0.017231371
11,112,receive_authenticate_accumulate,0.000044888,0.000044944
11,112,receive_authenticate_accumulate,0.017225481,0.017225889
11,112,receive_authenticate_accumulate,0.000047091,0.000046945
11,112,receive_authenticate_accumulate,0.025911017,0.025880760
11,112,receive_authenticate_accumulate,0.000067109,0.000067130
11,112,receive_authenticate_accumulate,0.017225648,0.017226018
11,112,receive_authenticate_accumulate,0.000045740,0.000045760
11,112,receive_authenticate_accumulate,0.017263684,0.017240074
11,112,receive_authenticate_accumulate,0.000047277,0.000047203
11,112,receive_authenticate_accumulate,0.017227148,0.017227351
11,112,receive_authenticate_accumulate,0.000044980,0.000045019
11,112,receive_authenticate_accumulate,0.017230018,0.017230278
11,112,receive_authenticate_accumulate,0.000046350,0.000046314
11,112,reading_commitment_and_shares,0.026286101,0.026265185
11,112,receive_authenticate_accumulate,0.017226370,0.017226667
11,112,receive_authenticate_accumulate,0.000045425,0.000045408
11,112,receive_authenticate_accumulate,0.017253722,0.017244685
11,112,receive_authenticate_accumulate,0.000047258,0.000047241
11,112,receive_authenticate_accumulate,0.017274703,0.017263278
11,112,receive_authenticate_accumulate,0.000049647,0.000049611
11,112,round_coverage,0.000003241,0.000002722
11,112,spatial_report,0.000040499,0.000040334
11,113,round_reset,0.000009037,0.000007574
11,113,receive_authenticate_accumulate,0.017234213,0.017234556
11,113,receive_authenticate_accumulate,0.000048962,0.000049000
11,113,receive_authenticate_accumulate,0.017224786,0.017225148
11,113,receive_authenticate_accumulate,0.000047684,0.000047685
11,113,receive_authenticate_accumulate,0.017237787,0.017238129
11,113,receive_authenticate_accumulate,0.000046887,0.000046815
11,113,receive_authenticate_accumulate,0.017232065,0.017232148
11,113,receive_authenticate_accumulate,0.000048240,0.000048203
11,113,receive_authenticate_accumulate,0.017230250,0.017230500
11,113,receive_authenticate_accumulate,0.000046906,0.000046926
11,113,receive_authenticate_accumulate,0.017229750,0.017230037
11,113,receive_authenticate_accumulate,0.000047129,0.000047130
11,113,receive_authenticate_accumulate,0.017278582,0.017236352
11,113,receive_authenticate_accumulate,0.000046721,0.000046760
11,113,receive_authenticate_accumulate,0.017229103,0.017228981
11,113,receive_authenticate_accumulate,0.000046462,0.000046500
11,113,receive_authenticate_accumulate,0.017231102,0.017231315
11,113,receive_authenticate_accumulate,0.000046073,0.000046130
11,113,receive_authenticate_accumulate,0.017235935,0.017235981
11,113,receive_authenticate_accumulate,0.000048110,0.000048129
11,113,receive_authenticate_accumulate,0.017234362,0.017234463
11,113,receive_authenticate_accumulate,0.000049110,0.000049259
11,113,receive_authenticate_accumulate,0.017225047,0.017225222
11,113,receive_authenticate_accumulate,0.000048925,0.000048982
11,113,receive_authenticate_accumulate,0.017282417,0.017255537
11,113,receive_authenticate_accumulate,0.000069758,0.000069741
11,113,receive_authenticate_accumulate,0.017244714,0.017232037
11,113,receive_authenticate_accumulate,0.000046943,0.000046944
11,113,receive_authenticate_accumulate,0.017225363,0.017225370
11,113,receive_authenticate_accumulate,0.000047258,0.000047278
11,113,receive_authenticate_accumulate,0.017232474,0.017232629
11,113,receive_authenticate_accumulate,0.000046870,0.000046870
11,113,receive_authenticate_accumulate,0.017227437,0.017227667
11,113,receive_authenticate_accumulate,0.000046184,0.000046203
11,113,reading_commitment_and_shares,0.026204026,0.026204408
11,113,receive_authenticate_accumulate,0.017238640,0.017238982
11,113,receive_authenticate_accumulate,0.000047203,0.000047241
11,113,receive_authenticate_accumulate,0.017233919,0.017234166
11,113,receive_authenticate_accumulate,0.000047165,0.000047167
11,113,receive_authenticate_accumulate,0.017238567,0.017238741
11,113,receive_authenticate_accumulate,0.000046221,0.000046222
11,113,round_coverage,0.000003315,0.000002889
11,113,spatial_report,0.000040277,0.000039926
11,114,round_reset,0.000010685,0.000009130
11,114,receive_authenticate_accumulate,0.017243797,0.017243944
11,114,receive_authenticate_accumulate,0.000046684,0.000046685
11,114,receive_authenticate_accumulate,0.017227816,0.017228000
11,114,receive_authenticate_accumulate,0.000045647,0.000045667
11,114,receive_authenticate_accumulate,0.017229798,0.017229925
11,114,receive_authenticate_accumulate,0.000046925,0.000046944
11,114,receive_authenticate_accumulate,0.017226019,0.017226407
11,114,receive_authenticate_accumulate,0.000048239,0.000048222
11,114,receive_authenticate_accumulate,0.017232631,0.017232778
11,114,receive_authenticate_accumulate,0.000047406,0.000047351
11,114,receive_authenticate_accumulate,0.017224224,0.017224278
11,114,receive_authenticate_accumulate,0.000046554,0.000046463
11,114,receive_authenticate_accumulate,0.017235557,0.017235704
11,114,receive_authenticate_accumulate,0.000046055,0.000046019
11,114,receive_authenticate_accumulate,0.017228372,0.017228593
11,114,receive_authenticate_accumulate,0.000047591,0.000047630
11,114,receive_authenticate_accumulate,0.017239428,0.017239593
11,114,receive_authenticate_accumulate,0.000047258,0.000047223
11,114,receive_authenticate_accumulate,0.017232094,0.017232334
11,114,receive_authenticate_accumulate,0.000046999,0.000046963
11,114,receive_authenticate_accumulate,0.017233150,0.017232982
11,114,receive_authenticate_accumulate,0.000050832,0.000050834
11,114,receive_authenticate_accumulate,0.017229132,0.017229445
11,114,receive_authenticate_accumulate,0.000046462,0.000046426
11,114,receive_authenticate_accumulate,0.025874400,0.025874778
11,114,receive_authenticate_accumulate,0.000047554,0.000047537
11,114,receive_authenticate_accumulate,0.017231632,0.017231870
11,114,receive_authenticate_accumulate,0.000046943,0.000046870
11,114,receive_authenticate_accumulate,0.017232243,0.017232611
11,114,receive_authenticate_accumulate,0.000048036,0.000047944
11,114,receive_authenticate_accumulate,0.017222780,0.017222981
11,114,receive_authenticate_accumulate,0.000046795,0.000046796
11,114,receive_authenticate_accumulate,0.017225521,0.017225741
11,114,receive_authenticate_accumulate,0.000046369,0.000046371
11,114,reading_commitment_and_shares,0.026190691,0.026191186
11,114,receive_authenticate_accumulate,0.017275353,0.017248592
11,114,receive_authenticate_accumulate,0.000047925,0.000047889
11,114,receive_authenticate_accumulate,0.017235892,0.017236000
11,114,receive_authenticate_accumulate,0.000047740,0.000047759
11,114,receive_authenticate_accumulate,0.017233281,0.017233537
11,114,receive_authenticate_accumulate,0.000047851,0.000047870
11,114,round_coverage,0.000003297,0.000002815
11,114,spatial_report,0.000041018,0.000040796
11,115,round_reset,0.000009222,0.000008055
11,115,receive_authenticate_accumulate,0.017228622,0.017228704
11,115,receive_authenticate_accumulate,0.000047591,0.000047611
11,115,receive_authenticate_accumulate,0.017234566,0.017234981
11,115,receive_authenticate_accumulate,0.000049888,0.000049907
11,115,receive_authenticate_accumulate,0.017238974,0.017239222
11,115,receive_authenticate_accumulate,0.000046370,0.000046388
11,115,receive_authenticate_accumulate,0.017256585,0.017241481
11,115,receive_authenticate_accumulate,0.000047444,0.000047463
11,115,receive_authenticate_accumulate,0.017225474,0.017225815
11,115,receive_authenticate_accumulate,0.000047277,0.000047389
11,115,receive_authenticate_accumulate,0.017230789,0.017231000
11,115,receive_authenticate_accumulate,0.000047258,0.000047186
11,115,receive_authenticate_accumulate,0.017225734,0.017225963
11,115,receive_authenticate_accumulate,0.000046222,0.000046241
11,115,receive_authenticate_accumulate,0.017233808,0.017234167
11,115,receive_authenticate_accumulate,0.000045666,0.000045649
11,115,receive_authenticate_accumulate,0.017219919,0.017220148
11,115,receive_authenticate_accumulate,0.000046221,0.000046240
11,115,receive_authenticate_accumulate,0.017231345,0.017231611
11,115,receive_authenticate_accumulate,0.000047314,0.000047240
11,115,receive_authenticate_accumulate,0.017231623,0.017231908
11,115,receive_authenticate_accumulate,0.000047129,0.000047093
11,115,receive_authenticate_accumulate,0.017219604,0.017219907
11,115,receive_authenticate_accumulate,0.000048203,0.000048148
11,115,receive_authenticate_accumulate,0.017229123,0.017229352
11,115,receive_authenticate_accumulate,0.000070165,0.000069944
11,115,receive_authenticate_accumulate,0.017230660,0.017230833
11,115,receive_authenticate_accumulate,0.000047314,0.000047352
11,115,receive_authenticate_accumulate,0.017241160,0.017241962
11,115,receive_authenticate_accumulate,0.000051814,0.000051778
11,115,receive_authenticate_accumulate,0.017225661,0.017225834
11,115,receive_authenticate_accumulate,0.000047962,0.000047926
11,115,receive_authenticate_accumulate,0.017228735,0.017229000
11,115,receive_authenticate_accumulate,0.000047461,0.000047500
11,115,reading_commitment_and_shares,0.026215131,0.026215908
11,115,receive_authenticate_accumulate,0.017226087,0.017226204
11,115,receive_authenticate_accumulate,0.000048647,0.000048685
11,115,receive_authenticate_accumulate,0.017265549,0.017240982
11,115,receive_authenticate_accumulate,0.000047074,0.000047074
11,115,receive_authenticate_accumulate,0.017228957,0.017229166
11,115,receive_authenticate_accumulate,0.000048425,0.000048407
11,115,round_coverage,0.000003426,0.000002981
11,115,spatial_report,0.000041166,0.000040982
11,116,round_reset,0.000008981,0.000008314
11,116,receive_authenticate_accumulate,0.017223464,0.017223648
11,116,receive_authenticate_accumulate,0.000047870,0.000047685
11,116,receive_authenticate_accumulate,0.017221964,0.017221796
11,116,receive_authenticate_accumulate,0.000046906,0.000046889
11,116,receive_authenticate_accumulate,0.017228428,0.017228611
11,116,receive_authenticate_accumulate,0.000046054,0.000046019
11,116,receive_authenticate_accumulate,0.017219039,0.017219204
11,116,receive_authenticate_accumulate,0.000050424,0.000050426
11,116,receive_authenticate_accumulate,0.017231890,0.017232241
11,116,receive_authenticate_accumulate,0.000050425,0.000050445
11,116,receive_authenticate_accumulate,0.017222242,0.017222518
11,116,receive_authenticate_accumulate,0.000047758,0.000047685
11,116,receive_authenticate_accumulate,0.017218946,0.017219204
11,116,receive_authenticate_accumulate,0.000046814,0.000046852
11,116,receive_authenticate_accumulate,0.017230188,0.017230425
11,116,receive_authenticate_accumulate,0.000047240,0.000047315
11,116,receive_authenticate_accumulate,0.017224891,0.017225185
11,116,receive_authenticate_accumulate,0.000047277,0.000047296
11,116,receive_authenticate_accumulate,0.017223909,0.017224074
11,116,receive_authenticate_accumulate,0.000046851,0.000046815
11,116,receive_authenticate_accumulate,0.017220744,0.017220963
11,116,receive_authenticate_accumulate,0.000047165,0.000047204
11,116,receive_authenticate_accumulate,0.017225780,0.017226074
11,116,receive_authenticate_accumulate,0.000046203,0.000046223
11,116,receive_authenticate_accumulate,0.017259057,0.017245259
11,116,receive_authenticate_accumulate,0.000072387,0.000072426
11,116,receive_authenticate_accumulate,0.017222800,0.017223130
11,116,receive_authenticate_accumulate,0.000049462,0.000049445
11,116,receive_authenticate_accumulate,0.017224929,0.017225092
11,116,receive_authenticate_accumulate,0.000046407,0.000046370
11,116,receive_authenticate_accumulate,0.017224763,0.017224852
11,116,receive_authenticate_accumulate,0.000046684,0.000046648
11,116,receive_authenticate_accumulate,0.017227170,0.017227592
11,116,receive_authenticate_accumulate,0.000046592,0.000046574
11,116,reading_commitment_and_shares,0.026204145,0.026204648
11,116,receive_authenticate_accumulate,0.017219355,0.017219519
11,116,receive_authenticate_accumulate,0.000052777,0.000052796
11,116,receive_authenticate_accumulate,0.017218855,0.017219148
11,116,receive_authenticate_accumulate,0.000049147,0.000049166
11,116,receive_authenticate_accumulate,0.017222226,0.017222463
11,116,receive_authenticate_accumulate,0.000082813,0.000082815
11,116,round_coverage,0.000003611,0.000003130
11,116,spatial_report,0.000038647,0.000038463
11,117,round_reset,0.000010444,0.000009296
11,117,receive_authenticate_accumulate,0.017232177,0.017232407
11,117,receive_authenticate_accumulate,0.000045129,0.000045130
11,117,receive_authenticate_accumulate,0.017229324,0.017229555
11,117,receive_authenticate_accumulate,0.000046203,0.000046259
11,117,receive_authenticate_accumulate,0.017229214,0.017229426
11,117,receive_authenticate_accumulate,0.000046166,0.000046129
11,117,receive_authenticate_accumulate,0.017231899,0.017232130
11,117,receive_authenticate_accumulate,0.000046036,0.000045944
11,117,receive_authenticate_accumulate,0.017262603,0.017236907
11,117,receive_authenticate_accumulate,0.000044999,0.000045019
11,117,receive_authenticate_accumulate,0.017229140,0.017229315
11,117,receive_authenticate_accumulate,0.000045295,0.000045296
11,117,receive_authenticate_accumulate,0.017218177,0.017218167
11,117,receive_authenticate_accumulate,0.000045925,0.000045851
11,117,receive_authenticate_accumulate,0.017229936,0.017230167
11,117,receive_authenticate_accumulate,0.000047851,0.000047796
11,117,receive_authenticate_accumulate,0.017227660,0.017227908
11,117,receive_authenticate_accumulate,0.000046165,0.000046148
11,117,receive_authenticate_accumulate,0.017237548,0.017237852
11,117,receive_authenticate_accumulate,0.000045296,0.000045333
11,117,receive_authenticate_accumulate,0.017220826,0.017221056
11,117,receive_authenticate_accumulate,0.000047684,0.000047722
11,117,receive_authenticate_accumulate,0.017224845,0.017224963
11,117,receive_authenticate_accumulate,0.000044795,0.000044685
11,117,receive_authenticate_accumulate,0.025907238,0.025869111
11,117,receive_authenticate_accumulate,0.000046739,0.000046815
11,117,receive_authenticate_accumulate,0.017232141,0.017232426
11,117,receive_authenticate_accumulate,0.000046518,0.000046518
11,117,receive_authenticate_accumulate,0.017236159,0.017236481
11,117,receive_authenticate_accumulate,0.000045073,0.000045092
11,117,receive_authenticate_accumulate,0.017223289,0.017223481
11,117,receive_authenticate_accumulate,0.000045018,0.000044981
11,117,receive_authenticate_accumulate,0.017225271,0.017225592
11,117,receive_authenticate_accumulate,0.000046388,0.000046481
11,117,reading_commitment_and_shares,0.026197843,0.026198445
11,117,receive_authenticate_accumulate,0.017231586,0.017231907
11,117,receive_authenticate_accumulate,0.000045685,0.000045685
11,117,receive_authenticate_accumulate,0.017235475,0.017235722
11,117,receive_authenticate_accumulate,0.000044554,0.000044592
11,117,receive_authenticate_accumulate,0.017232382,0.017232704
11,117,receive_authenticate_accumulate,0.000045536,0.000045574
11,117,round_coverage,0.000003667,0.000003129
11,117,spatial_report,0.000040277,0.000040111
11,118,round_reset,0.000008926,0.000007667
11,118,receive_authenticate_accumulate,0.017234074,0.017234259
11,118,receive_authenticate_accumulate,0.000047388,0.000047426
11,118,receive_authenticate_accumulate,0.017225000,0.017225129
11,118,receive_authenticate_accumulate,0.000048277,0.000048185
11,118,receive_authenticate_accumulate,0.017227481,0.017227722
11,118,receive_authenticate_accumulate,0.000046869,0.000046519
11,118,receive_authenticate_accumulate,0.017242055,0.017242463
11,118,receive_authenticate_accumulate,0.000048480,0.000048500
11,118,receive_authenticate_accumulate,0.017230129,0.017230241
11,118,receive_authenticate_accumulate,0.000047314,0.000047351
11,118,receive_authenticate_accumulate,0.017277629,0.017255315
11,118,receive_authenticate_accumulate,0.000046925,0.000047074
11,118,receive_authenticate_accumulate,0.017232167,0.017232352
11,118,receive_authenticate_accumulate,0.000048036,0.000048000
11,118,receive_authenticate_accumulate,0.017224927,0.017225240
11,118,receive_authenticate_accumulate,0.000049258,0.000049297
11,118,receive_authenticate_accumulate,0.017224853,0.017224981
11,118,receive_authenticate_accumulate,0.000047888,0.000047852
11,118,receive_authenticate_accumulate,0.017227278,0.017227500
11,118,receive_authenticate_accumulate,0.000048869,0.000048926
11,118,receive_authenticate_accumulate,0.017230871,0.017230889
11,118,receive_authenticate_accumulate,0.000046332,0.000046444
11,118,receive_authenticate_accumulate,0.017232297,0.017232463
11,118,receive_authenticate_accumulate,0.000050666,0.000050648
11,118,receive_authenticate_accumulate,0.017237593,0.017237759
11,118,receive_authenticate_accumulate,0.000050037,0.000050093
11,118,receive_authenticate_accumulate,0.017228297,0.017228389
11,118,receive_authenticate_accumulate,0.000047851,0.000047852
11,118,receive_authenticate_accumulate,0.017237501,0.017237407
11,118,receive_authenticate_accumulate,0.000047036,0.000047093
11,118,receive_authenticate_accumulate,0.017221038,0.017221315
11,118,receive_authenticate_accumulate,0.000047258,0.000047278
11,118,receive_authenticate_accumulate,0.017223575,0.017223722
11,118,receive_authenticate_accumulate,0.000049166,0.000049185
11,118,reading_commitment_and_shares,0.026189874,0.026190315
11,118,receive_authenticate_accumulate,0.017234909,0.017235055
11,118,receive_authenticate_accumulate,0.000047277,0.000047333
11,118,receive_authenticate_accumulate,0.017255241,0.017236796
11,118,receive_authenticate_accumulate,0.000047981,0.000048019
11,118,receive_authenticate_accumulate,0.017232983,0.017233167
11,118,receive_authenticate_accumulate,0.000048759,0.000048722
11,118,round_coverage,0.000003463,0.000003037
11,118,spatial_report,0.000039444,0.000039333
11,119,round_reset,0.000009518,0.000008518
11,119,receive_authenticate_accumulate,0.017232340,0.017232704
11,119,receive_authenticate_accumulate,0.000046907,0.000046926
11,119,receive_authenticate_accumulate,0.017232526,0.017232685
11,119,receive_authenticate_accumulate,0.000047165,0.000047186
11,119,receive_authenticate_accumulate,0.017231378,0.017231611
11,119,receive_authenticate_accumulate,0.000045999,0.000046018
11,119,receive_authenticate_accumulate,0.017227526,0.017227703
11,119,receive_authenticate_accumulate,0.000045128,0.000045037
11,119,receive_authenticate_accumulate,0.017227322,0.017227536
11,119,receive_authenticate_accumulate,0.000046481,0.000046518
11,119,receive_authenticate_accumulate,0.017225619,0.017225944
11,119,receive_authenticate_accumulate,0.000046055,0.000046185
11,119,receive_authenticate_accumulate,0.017224305,0.017224592
11,119,receive_authenticate_accumulate,0.000045277,0.000045222
11,119,receive_authenticate_accumulate,0.017224805,0.017225092
11,119,receive_authenticate_accumulate,0.000045351,0.000045333
11,119,receive_authenticate_accumulate,0.017235916,0.017236093
11,119,receive_authenticate_accumulate,0.000047277,0.000047278
11,119,receive_authenticate_accumulate,0.017227934,0.017228277
11,119,receive_authenticate_accumulate,0.000045110,0.000045093
11,119,receive_authenticate_accumulate,0.017256249,0.017243851
11,119,receive_authenticate_accumulate,0.000046702,0.000046760
11,119,receive_authenticate_accumulate,0.017228249,0.017228556
11,119,receive_authenticate_accumulate,0.000046184,0.000046148
11,119,receive_authenticate_accumulate,0.017227009,0.017227111
11,119,receive_authenticate_accumulate,0.000057184,0.000057166
11,119,receive_authenticate_accumulate,0.017238990,0.017239315
11,119,receive_authenticate_accumulate,0.000048647,0.000048666
11,119,receive_authenticate_accumulate,0.017231657,0.017231981
11,119,receive_authenticate_accumulate,0.000045110,0.000045055
11,119,receive_authenticate_accumulate,0.017220843,0.017221222
11,119,receive_authenticate_accumulate,0.000046499,0.000046630
11,119,receive_authenticate_accumulate,0.017225416,0.017225629
11,119,receive_authenticate_accumulate,0.000057239,0.000057389
11,119,reading_commitment_and_shares,0.026193553,0.026194055
11,119,receive_authenticate_accumulate,0.017218195,0.017218519
11,119,receive_authenticate_accumulate,0.000045425,0.000045407
11,119,receive_authenticate_accumulate,0.017226157,0.017226333
11,119,receive_authenticate_accumulate,0.000048666,0.000048722
11,119,receive_authenticate_accumulate,0.017228231,0.017228518
11,119,receive_authenticate_accumulate,0.000045776,0.000045815
11,119,round_coverage,0.000003500,0.000003000
11,119,spatial_report,0.000038240,0.000038019
11,119,billing_report,0.000423436,0.000423259
12,120,period_reset,0.000026000,0.000024722
12,120,receive_authenticate_accumulate,0.000092813,0.000092630
12,120,receive_authenticate_accumulate,0.000088257,0.000088241
12,120,receive_authenticate_accumulate,0.000089591,0.000089389
12,120,receive_authenticate_accumulate,0.000088202,0.000088259
12,120,receive_authenticate_accumulate,0.000090850,0.000090908
12,120,receive_authenticate_accumulate,0.000087295,0.000087186
12,120,receive_authenticate_accumulate,0.000087517,0.000087333
12,120,receive_authenticate_accumulate,0.000088480,0.000088500
12,120,receive_authenticate_accumulate,0.000086720,0.000086611
12,120,receive_authenticate_accumulate,0.000086832,0.000086741
12,120,receive_authenticate_accumulate,0.000085794,0.000085852
12,120,receive_authenticate_accumulate,0.000087702,0.000087445
12,120,receive_authenticate_accumulate,0.000089943,0.000089852
12,120,receive_authenticate_accumulate,0.000087350,0.000087278
12,120,receive_authenticate_accumulate,0.000088479,0.000088481
12,120,receive_authenticate_accumulate,0.000087684,0.000087760
12,120,receive_authenticate_accumulate,0.000054629,0.000054685
12,120,randomness_commit,0.000474990,0.000475055
12,120,receive_authenticate_accumulate,0.000054888,0.000054796
12,120,receive_authenticate_accumulate,0.000054092,0.000053982
12,120,receive_authenticate_accumulate,0.000052480,0.000052537
12,120,receive_authenticate_accumulate,0.000067313,0.000067352
12,120,receive_authenticate_accumulate,0.000068147,0.000067870
12,120,receive_authenticate_accumulate,0.000062110,0.000062074
12,120,receive_authenticate_accumulate,0.000065609,0.000065537
12,120,receive_authenticate_accumulate,0.000065499,0.000065407
12,120,receive_authenticate_accumulate,0.000067832,0.000067759
12,120,receive_authenticate_accumulate,0.000065684,0.000065648
12,120,receive_authenticate_accumulate,0.000065591,0.000065574
12,120,receive_authenticate_accumulate,0.000066221,0.000066149
12,120,receive_authenticate_accumulate,0.000065146,0.000065148
12,120,receive_authenticate_accumulate,0.000067017,0.000067018
12,120,receive_authenticate_accumulate,0.000067073,0.000067055
12,120,receive_authenticate_accumulate,0.000066388,0.000066371
12,120,receive_authenticate_accumulate,0.000067258,0.000067241
12,120,receive_authenticate_accumulate,0.000066629,0.000066630
12,120,receive_authenticate_accumulate,0.000067517,0.000067518
12,120,receive_authenticate_accumulate,0.000066350,0.000066482
12,120,randomness_reveal,0.000427362,0.000427185
12,120,receive_authenticate_accumulate,0.000065443,0.000065481
12,120,receive_authenticate_accumulate,0.000066406,0.000066333
12,120,receive_authenticate_accumulate,0.000065702,0.000065704
12,120,committee_selection,0.000124997,0.000124815
12,120,round_reset,0.000005426,0.000004796
12,120,receive_authenticate_accumulate,0.017221626,0.017222019
12,120,receive_authenticate_accumulate,0.000050276,0.000050278
12,120,receive_authenticate_accumulate,0.017227774,0.017228055
12,120,receive_authenticate_accumulate,0.000050462,0.000050481
12,120,receive_authenticate_accumulate,0.017224811,0.017224963
12,120,receive_authenticate_accumulate,0.000049980,0.000050000
12,120,receive_authenticate_accumulate,0.017229570,0.017229870
12,120,receive_authenticate_accumulate,0.000050517,0.000050518
12,120,receive_authenticate_accumulate,0.017231811,0.017231963
12,120,receive_authenticate_accumulate,0.000050777,0.000050796
12,120,receive_authenticate_accumulate,0.017232848,0.017233167
12,120,receive_authenticate_accumulate,0.000050925,0.000050963
12,120,receive_authenticate_accumulate,0.017270959,0.017244055
12,120,receive_authenticate_accumulate,0.000052128,0.000052111
12,120,receive_authenticate_accumulate,0.017232960,0.017233130
12,120,receive_authenticate_accumulate,0.000049443,0.000049445
12,120,receive_authenticate_accumulate,0.017220016,0.017220371
12,120,receive_authenticate_accumulate,0.000049739,0.000049703
12,120,receive_authenticate_accumulate,0.017222923,0.017223166
12,120,receive_authenticate_accumulate,0.000050092,0.000050092
12,120,receive_authenticate_accumulate,0.017232886,0.017233130
12,120,receive_authenticate_accumulate,0.000051129,0.000051241
12,120,receive_authenticate_accumulate,0.017215757,0.017215870
12,120,receive_authenticate_accumulate,0.000050610,0.000050574
12,120,receive_authenticate_accumulate,0.017221738,0.017221852
12,120,receive_authenticate_accumulate,0.000051314,0.000051370
12,120,receive_authenticate_accumulate,0.017226627,0.017226852
12,120,receive_authenticate_accumulate,0.000050499,0.000050444
12,120,receive_authenticate_accumulate,0.017217313,0.017217611
12,120,receive_authenticate_accumulate,0.000050406,0.000050500
12,120,receive_authenticate_accumulate,0.017216868,0.017217111
12,120,receive_authenticate_accumulate,0.000050388,0.000050370
12,120,receive_authenticate_accumulate,0.017230165,0.017230425
12,120,receive_authenticate_accumulate,0.000051759,0.000051759
12,120,reading_commitment_and_shares,0.026187360,0.026188129
12,120,receive_authenticate_accumulate,0.017278979,0.017249241
12,120,receive_authenticate_accumulate,0.000052147,0.000052166
12,120,receive_authenticate_accumulate,0.017228534,0.017228796
12,120,receive_authenticate_accumulate,0.000071740,0.000071797
12,120,receive_authenticate_accumulate,0.017223998,0.017224167
12,120,receive_authenticate_accumulate,0.000048518,0.000048537
12,120,round_coverage,0.000003074,0.000002648
12,120,spatial_report,0.000038054,0.000037888
12,121,round_reset,0.000009352,0.000008167
12,121,receive_authenticate_accumulate,0.017267410,0.017240277
12,121,receive_authenticate_accumulate,0.000048165,0.000048167
12,121,receive_authenticate_accumulate,0.017221300,0.017221574
12,121,receive_authenticate_accumulate,0.000048314,0.000048296
12,121,receive_authenticate_accumulate,0.017222485,0.017222667
12,121,receive_authenticate_accumulate,0.000049351,0.000049426
12,121,receive_authenticate_accumulate,0.017230744,0.017230981
12,121,receive_authenticate_accumulate,0.000047721,0.000047760
12,121,receive_authenticate_accumulate,0.017218726,0.017218999
12,121,receive_authenticate_accumulate,0.000048777,0.000048834
12,121,receive_authenticate_accumulate,0.017226577,0.017226926
12,121,receive_authenticate_accumulate,0.000049296,0.000049241
12,121,receive_authenticate_accumulate,0.017219819,0.017220055
12,121,receive_authenticate_accumulate,0.000048647,0.000048667
12,121,receive_authenticate_accumulate,0.017234745,0.017234999
12,121,receive_authenticate_accumulate,0.000049222,0.000049277
12,121,receive_authenticate_accumulate,0.017218912,0.017219186
12,121,receive_authenticate_accumulate,0.000049536,0.000049463
12,121,receive_authenticate_accumulate,0.017220412,0.017220796
12,121,receive_authenticate_accumulate,0.000049554,0.000049593
12,121,receive_authenticate_accumulate,0.017224763,0.017225129
12,121,receive_authenticate_accumulate,0.000049647,0.000049630
12,121,receive_authenticate_accumulate,0.017226764,0.017226963
12,121,receive_authenticate_accumulate,0.000050999,0.000050870
12,121,receive_authenticate_accumulate,0.017232745,0.017232945
12,121,receive_authenticate_accumulate,0.000049480,0.000049444
12,121,receive_authenticate_accumulate,0.017235097,0.017235408
12,121,receive_authenticate_accumulate,0.000049444,0.000049371
12,121,receive_authenticate_accumulate,0.017232226,0.017232593
12,121,receive_authenticate_accumulate,0.000049758,0.000049722
12,121,receive_authenticate_accumulate,0.017250374,0.017240815
12,121,receive_authenticate_accumulate,0.000048536,0.000048519
12,121,receive_authenticate_accumulate,0.017227801,0.017228074
12,121,receive_authenticate_accumulate,0.000048555,0.000048556
12,121,reading_commitment_and_shares,0.026183704,0.026184352
12,121,receive_authenticate_accumulate,0.017213338,0.017213575
12,121,receive_authenticate_accumulate,0.000050295,0.000050240
12,121,receive_authenticate_accumulate,0.017237652,0.017237981
12,121,receive_authenticate_accumulate,0.000051480,0.000051537
12,121,receive_authenticate_accumulate,0.017217431,0.017217704
12,121,receive_authenticate_accumulate,0.000048480,0.000048500
12,121,round_coverage,0.000003037,0.000002574
12,121,spatial_report,0.000037018,0.000036870
12,122,round_reset,0.000010037,0.000008759
12,122,receive_authenticate_accumulate,0.017229009,0.017229241
12,122,receive_authenticate_accumulate,0.000051518,0.000051500
12,122,receive_authenticate_accumulate,0.017227806,0.017228037
12,122,receive_authenticate_accumulate,0.000050018,0.000050037
12,122,receive_authenticate_accumulate,0.017218343,0.017218518
12,122,receive_authenticate_accumulate,0.000049666,0.000049704
12,122,receive_authenticate_accumulate,0.017253454,0.017236649
12,122,receive_authenticate_accumulate,0.000051425,0.000051444
12,122,receive_authenticate_accumulate,0.017229084,0.017229370
12,122,receive_authenticate_accumulate,0.000050332,0.000050352
12,122,receive_authenticate_accumulate,0.017226732,0.017226944
12,122,receive_authenticate_accumulate,0.000050851,0.000050797
12,122,receive_authenticate_accumulate,0.017224899,0.017225278
12,122,receive_authenticate_accumulate,0.000051314,0.000051334
12,122,receive_authenticate_accumulate,0.017220381,0.017220649
12,122,receive_authenticate_accumulate,0.000050073,0.000050129
12,122,receive_authenticate_accumulate,0.017223603,0.017224037
12,122,receive_authenticate_accumulate,0.000050295,0.000050297
12,122,receive_authenticate_accumulate,0.017223529,0.017223703
12,122,receive_authenticate_accumulate,0.000051314,0.000051259
12,122,receive_authenticate_accumulate,0.017218251,0.017218482
12,122,receive_authenticate_accumulate,0.000051703,0.000051741
12,122,receive_authenticate_accumulate,0.017218511,0.017218778
12,122,receive_authenticate_accumulate,0.000050906,0.000050889
12,122,receive_authenticate_accumulate,0.017220085,0.017220111
12,122,receive_authenticate_accumulate,0.000050759,0.000050685
12,122,receive_authenticate_accumulate,0.017228122,0.017228259
12,122,receive_authenticate_accumulate,0.000051055,0.000051149
12,122,receive_authenticate_accumulate,0.017223826,0.017224129
12,122,receive_authenticate_accumulate,0.000051388,0.000051370
12,122,receive_authenticate_accumulate,0.017228493,0.017228611
12,122,receive_authenticate_accumulate,0.000049758,0.000049704
12,122,receive_authenticate_accumulate,0.017222308,0.017222685
12,122,receive_authenticate_accumulate,0.000052462,0.000052593
12,122,reading_commitment_and_shares,0.026191102,0.026191612
12,122,receive_authenticate_accumulate,0.017221789,0.017221888
12,122,receive_authenticate_accumulate,0.000050185,0.000050222
12,122,receive_authenticate_accumulate,0.017222603,0.017222796
12,122,receive_authenticate_accumulate,0.000051684,0.000051704
12,122,receive_authenticate_accumulate,0.017222567,0.017222852
12,122,receive_authenticate_accumulate,0.000049999,0.000050000
12,122,round_coverage,0.000003297,0.000002740
12,122,spatial_report,0.000037832,0.000037722
12,123,round_reset,0.000008703,0.000008241
12,123,receive_authenticate_accumulate,0.017233052,0.017233314
12,123,receive_authenticate_accumulate,0.000051758,0.000051834
12,123,receive_authenticate_accumulate,0.017221460,0.017221889
12,123,receive_authenticate_accumulate,0.000050759,0.000050759
12,123,receive_authenticate_accumulate,0.017220479,0.017220648
12,123,receive_authenticate_accumulate,0.000052055,0.000052056
12,123,receive_authenticate_accumulate,0.017228738,0.017229111
12,123,receive_authenticate_accumulate,0.000051721,0.000051667
12,123,receive_authenticate_accumulate,0.017221924,0.017222241
12,123,receive_authenticate_accumulate,0.000052351,0.000052370
12,123,receive_authenticate_accumulate,0.017224719,0.017225000
12,123,receive_authenticate_accumulate,0.000051407,0.000051351
12,123,receive_authenticate_accumulate,0.017224239,0.017224593
12,123,receive_authenticate_accumulate,0.000051165,0.000051056
12,123,receive_authenticate_accumulate,0.017260238,0.017237704
12,123,receive_authenticate_accumulate,0.000053499,0.000053500
12,123,receive_authenticate_accumulate,0.017228609,0.017228945
12,123,receive_authenticate_accumulate,0.000051388,0.000051445
12,123,receive_authenticate_accumulate,0.017222702,0.017223055
12,123,receive_authenticate_accumulate,0.000051647,0.000051629
12,123,receive_authenticate_accumulate,0.017233424,0.017233648
12,123,receive_authenticate_accumulate,0.000051295,0.000051333
12,123,receive_authenticate_accumulate,0.017229794,0.017230148
12,123,receive_authenticate_accumulate,0.000051684,0.000051704
12,123,receive_authenticate_accumulate,0.017225720,0.017225796
12,123,receive_authenticate_accumulate,0.000051888,0.000051889
12,123,receive_authenticate_accumulate,0.017224683,0.017224945
12,123,receive_authenticate_accumulate,0.000052721,0.000052704
12,123,receive_authenticate_accumulate,0.017225498,0.017225611
12,123,receive_authenticate_accumulate,0.000051999,0.000052037
12,123,receive_authenticate_accumulate,0.017230628,0.017230723
12,123,receive_authenticate_accumulate,0.000051222,0.000051186
12,123,receive_authenticate_accumulate,0.017226999,0.017227111
12,123,receive_authenticate_accumulate,0.000049629,0.000049666
12,123,reading_commitment_and_shares,0.026190630,0.026191241
12,123,receive_authenticate_accumulate,0.017231462,0.017231629
12,123,receive_authenticate_accumulate,0.000050814,0.000050833
12,123,receive_authenticate_accumulate,0.017257887,0.017230889
12,123,receive_authenticate_accumulate,0.000051110,0.000051074
12,123,receive_authenticate_accumulate,0.017223277,0.017223333
12,123,receive_authenticate_accumulate,0.000051703,0.000051723
12,123,round_coverage,0.000002963,0.000002556
12,123,spatial_report,0.000038610,0.000038463
12,124,round_reset,0.000008537,0.000007426
12,124,receive_authenticate_accumulate,0.017223151,0.017223426
12,124,receive_authenticate_accumulate,0.000050814,0.000050852
12,124,receive_authenticate_accumulate,0.017223874,0.017224056
12,124,receive_authenticate_accumulate,0.000051203,0.000051204
12,124,receive_authenticate_accumulate,0.017229374,0.017229630
12,124,receive_authenticate_accumulate,0.000052536,0.000052667
12,124,receive_authenticate_accumulate,0.017219133,0.017219296
12,124,receive_authenticate_accumulate,0.000052425,0.000052426
12,124,receive_authenticate_accumulate,0.017229485,0.017229778
12,124,receive_authenticate_accumulate,0.000050110,0.000050167
12,124,receive_authenticate_accumulate,0.017222263,0.017222389
12,124,receive_authenticate_accumulate,0.000051536,0.000051463
12,124,receive_authenticate_accumulate,0.017266947,0.017241037
12,124,receive_authenticate_accumulate,0.000051147,0.000051055
12,124,receive_authenticate_accumulate,0.017227782,0.017227907
12,124,receive_authenticate_accumulate,0.000052296,0.000052297
12,124,receive_authenticate_accumulate,0.017221578,0.017221852
12,124,receive_authenticate_accumulate,0.000051907,0.000051871
12,124,receive_authenticate_accumulate,0.017223523,0.017223685
12,124,receive_authenticate_accumulate,0.000050536,0.000050518
12,124,receive_authenticate_accumulate,0.017225523,0.017225612
12,124,receive_authenticate_accumulate,0.000052665,0.000052685
12,124,receive_authenticate_accumulate,0.017227133,0.017227223
12,124,receive_authenticate_accumulate,0.000052073,0.000052129
12,124,receive_authenticate_accumulate,0.017227393,0.017227500
12,124,receive_authenticate_accumulate,0.000053444,0.000053370
12,124,receive_authenticate_accumulate,0.017229522,0.017229593
12,124,receive_authenticate_accumulate,0.000053128,0.000053092
12,124,receive_authenticate_accumulate,0.017226985,0.017227222
12,124,receive_authenticate_accumulate,0.000051703,0.000051593
12,124,receive_authenticate_accumulate,0.017240467,0.017240629
12,124,receive_authenticate_accumulate,0.000052110,0.000052111
12,124,receive_authenticate_accumulate,0.017291077,0.017250889
12,124,receive_authenticate_accumulate,0.000056424,0.000056352
12,124,reading_commitment_and_shares,0.026208546,0.026209277
12,124,receive_authenticate_accumulate,0.017217690,0.017217740
12,124,receive_authenticate_accumulate,0.000053388,0.000053426
12,124,receive_authenticate_accumulate,0.017224616,0.017224907
12,124,receive_authenticate_accumulate,0.000052370,0.000052370
12,124,receive_authenticate_accumulate,0.017256245,0.017235889
12,124,receive_authenticate_accumulate,0.000052370,0.000052426
12,124,round_coverage,0.000002982,0.000002556
12,124,spatial_report,0.000039537,0.000039445
12,125,round_reset,0.000009166,0.000008018
12,125,receive_authenticate_accumulate,0.017230378,0.017230482
12,125,receive_authenticate_accumulate,0.000051518,0.000051407
12,125,receive_authenticate_accumulate,0.017215249,0.017215685
12,125,receive_authenticate_accumulate,0.000052277,0.000052185
12,125,receive_authenticate_accumulate,0.017223750,0.017224092
12,125,receive_authenticate_accumulate,0.000051536,0.000051519
12,125,receive_authenticate_accumulate,0.017221064,0.017221426
12,125,receive_authenticate_accumulate,0.000053980,0.000053963
12,125,receive_authenticate_accumulate,0.017222120,0.017222352
12,125,receive_authenticate_accumulate,0.000053091,0.000053167
12,125,receive_authenticate_accumulate,0.017228620,0.017228926
12,125,receive_authenticate_accumulate,0.000051981,0.000051963
12,125,receive_authenticate_accumulate,0.017236379,0.017236704
12,125,receive_authenticate_accumulate,0.000073924,0.000074000
12,125,receive_authenticate_accumulate,0.017222176,0.017222333
12,125,receive_authenticate_accumulate,0.000052240,0.000052241
12,125,receive_authenticate_accumulate,0.017261768,0.017240333
12,125,receive_authenticate_accumulate,0.000052388,0.000052389
12,125,receive_authenticate_accumulate,0.017223250,0.017223518
12,125,receive_authenticate_accumulate,0.000052276,0.000052296
12,125,receive_authenticate_accumulate,0.017227973,0.017228352
12,125,receive_authenticate_accumulate,0.000054907,0.000054852
12,125,receive_authenticate_accumulate,0.017219342,0.017219500
12,125,receive_authenticate_accumulate,0.000051870,0.000051870
12,125,receive_authenticate_accumulate,0.017230065,0.017230277
12,125,receive_authenticate_accumulate,0.000052110,0.000052185
12,125,receive_authenticate_accumulate,0.017225416,0.017225667
12,125,receive_authenticate_accumulate,0.000052240,0.000052185
12,125,receive_authenticate_accumulate,0.017231991,0.017232185
12,125,receive_authenticate_accumulate,0.000051666,0.000051630
12,125,receive_authenticate_accumulate,0.017228639,0.017228796
12,125,receive_authenticate_accumulate,0.000051555,0.000051537
12,125,receive_authenticate_accumulate,0.017261249,0.017236352
12,125,receive_authenticate_accumulate,0.000051111,0.000051055
12,125,reading_commitment_and_shares,0.026188907,0.026189426
12,125,receive_authenticate_accumulate,0.017223065,0.017223278
12,125,receive_authenticate_accumulate,0.000052758,0.000052741
12,125,receive_authenticate_accumulate,0.017247676,0.017247981
12,125,receive_authenticate_accumulate,0.000051314,0.000051426
12,125,receive_authenticate_accumulate,0.017224084,0.017224148
12,125,receive_authenticate_accumulate,0.000054851,0.000054889
12,125,round_coverage,0.000003130,0.000002740
12,125,spatial_report,0.000037425,0.000037296
12,126,round_reset,0.000009889,0.000008815
12,126,receive_authenticate_accumulate,0.017227810,0.017227944
12,126,receive_authenticate_accumulate,0.000051758,0.000051722
12,126,receive_authenticate_accumulate,0.017226162,0.017226407
12,126,receive_authenticate_accumulate,0.000052888,0.000052963
12,126,receive_authenticate_accumulate,0.017221995,0.017221759
12,126,receive_authenticate_accumulate,0.000050351,0.000050352
12,126,receive_authenticate_accumulate,0.017221939,0.017222129
12,126,receive_authenticate_accumulate,0.000049869,0.000049851
12,126,receive_authenticate_accumulate,0.017227366,0.017227630
12,126,receive_authenticate_accumulate,0.000050074,0.000050037
12,126,receive_authenticate_accumulate,0.017271513,0.017247462
12,126,receive_authenticate_accumulate,0.000053259,0.000053019
12,126,receive_authenticate_accumulate,0.017223773,0.017224018
12,126,receive_authenticate_accumulate,0.000051536,0.000051500
12,126,receive_authenticate_accumulate,0.017262457,0.017233093
12,126,receive_authenticate_accumulate,0.000051185,0.000051185
12,126,receive_authenticate_accumulate,0.017221051,0.017221278
12,126,receive_authenticate_accumulate,0.000050277,0.000050315
12,126,receive_authenticate_accumulate,0.017225310,0.017225648
12,126,receive_authenticate_accumulate,0.000050017,0.000049925
12,126,receive_authenticate_accumulate,0.017237162,0.017237500
12,126,receive_authenticate_accumulate,0.000051184,0.000051240
12,126,receive_authenticate_accumulate,0.017214292,0.017214371
12,126,receive_authenticate_accumulate,0.000050981,0.000050926
12,126,receive_authenticate_accumulate,0.025850475,0.025850963
12,126,receive_authenticate_accumulate,0.000072480,0.000072500
12,126,receive_authenticate_accumulate,0.017235292,0.017235592
12,126,receive_authenticate_accumulate,0.000050795,0.000050667
12,126,receive_authenticate_accumulate,0.017219237,0.017219463
12,126,receive_authenticate_accumulate,0.000051110,0.000051204
12,126,receive_authenticate_accumulate,0.017228422,0.017228630
12,126,receive_authenticate_accumulate,0.000051351,0.000051370
12,126,receive_authenticate_accumulate,0.017239589,0.017239833
12,126,receive_authenticate_accumulate,0.000051073,0.000051056
12,126,reading_commitment_and_shares,0.026286820,0.026257129
12,126,receive_authenticate_accumulate,0.017233255,0.017233537
12,126,receive_authenticate_accumulate,0.000069128,0.000069093
12,126,receive_authenticate_accumulate,0.017219515,0.017219777
12,126,receive_authenticate_accumulate,0.000050832,0.000050871
12,126,receive_authenticate_accumulate,0.017219571,0.017219944
12,126,receive_authenticate_accumulate,0.000049425,0.000049445
12,126,round_coverage,0.000003074,0.000002685
12,126,spatial_report,0.000039092,0.000038963
12,127,round_reset,0.000010315,0.000009185
12,127,receive_authenticate_accumulate,0.017239389,0.017239666
12,127,receive_authenticate_accumulate,0.000051165,0.000051166
12,127,receive_authenticate_accumulate,0.017253018,0.017238592
12,127,receive_authenticate_accumulate,0.000050518,0.000050592
12,127,receive_authenticate_accumulate,0.017237833,0.017227889
12,127,receive_authenticate_accumulate,0.000050591,0.000050500
12,127,receive_authenticate_accumulate,0.017232111,0.017232296
12,127,receive_authenticate_accumulate,0.000050221,0.000050278
12,127,receive_authenticate_accumulate,0.017228074,0.017228315
12,127,receive_authenticate_accumulate,0.000051296,0.000051351
12,127,receive_authenticate_accumulate,0.017221889,0.017222167
12,127,receive_authenticate_accumulate,0.000051611,0.000051575
12,127,receive_authenticate_accumulate,0.017229148,0.017229352
12,127,receive_authenticate_accumulate,0.000050092,0.000050130
12,127,receive_authenticate_accumulate,0.017231334,0.017231685
12,127,receive_authenticate_accumulate,0.000049722,0.000049667
12,127,receive_authenticate_accumulate,0.017222870,0.017222982
12,127,receive_authenticate_accumulate,0.000050721,0.000050740
12,127,receive_authenticate_accumulate,0.017221686,0.017221889
12,127,receive_authenticate_accumulate,0.000050536,0.000050537
12,127,receive_authenticate_accumulate,0.017225834,0.017226092
12,127,receive_authenticate_accumulate,0.000049907,0.000049926
12,127,receive_authenticate_accumulate,0.017226408,0.017226648
12,127,receive_authenticate_accumulate,0.000048425,0.000048519
12,127,receive_authenticate_accumulate,0.025844242,0.025844537
12,127,receive_authenticate_accumulate,0.000073721,0.000073741
12,127,receive_authenticate_accumulate,0.017226871,0.017227056
12,127,receive_authenticate_accumulate,0.000050444,0.000050519
12,127,receive_authenticate_accumulate,0.017224742,0.017225000
12,127,receive_authenticate_accumulate,0.000049703,0.000049629
12,127,receive_authenticate_accumulate,0.017204761,0.017204945
12,127,receive_authenticate_accumulate,0.000049777,0.000049834
12,127,receive_authenticate_accumulate,0.017217335,0.017217574
12,127,receive_authenticate_accumulate,0.000049962,0.000049963
12,127,reading_commitment_and_shares,0.026195810,0.026196370
12,127,receive_authenticate_accumulate,0.017230019,0.017230167
12,127,receive_authenticate_accumulate,0.000050555,0.000050574
12,127,receive_authenticate_accumulate,0.017222871,0.017223093
12,127,receive_authenticate_accumulate,0.000050963,0.000051037
12,127,receive_authenticate_accumulate,0.017221150,0.017221537
12,127,receive_authenticate_accumulate,0.000049388,0.000049426
12,127,round_coverage,0.000003018,0.000002592
12,127,spatial_report,0.000040166,0.000040037
12,128,round_reset,0.000013648,0.000012407
12,128,receive_authenticate_accumulate,0.017240764,0.017241167
12,128,receive_authenticate_accumulate,0.000047203,0.000047333
12,128,receive_authenticate_accumulate,0.017219708,0.017220130
12,128,receive_authenticate_accumulate,0.000043592,0.000043741
12,128,receive_authenticate_accumulate,0.017213116,0.017213481
12,128,receive_authenticate_accumulate,0.000042852,0.000042944
12,128,receive_authenticate_accumulate,0.017235653,0.017235815
12,128,receive_authenticate_accumulate,0.000047610,0.000047704
12,128,receive_authenticate_accumulate,0.017222949,0.017223204
12,128,receive_authenticate_accumulate,0.000044814,0.000044944
12,128,receive_authenticate_accumulate,0.017228653,0.017228740
12,128,receive_authenticate_accumulate,0.000045406,0.000045426
12,128,receive_authenticate_accumulate,0.017217728,0.017218037
12,128,receive_authenticate_accumulate,0.000044036,0.000044055
12,128,receive_authenticate_accumulate,0.017238227,0.017227036
12,128,receive_authenticate_accumulate,0.000043573,0.000043629
12,128,receive_authenticate_accumulate,0.017233486,0.017224128
12,128,receive_authenticate_accumulate,0.000043129,0.000043222
12,128,receive_authenticate_accumulate,0.017214394,0.017214833
12,128,receive_authenticate_accumulate,0.000043296,0.000043333
12,128,receive_authenticate_accumulate,0.017207061,0.017207388
12,128,receive_authenticate_accumulate,0.000042684,0.000042722
12,128,receive_authenticate_accumulate,0.017209617,0.017209870
12,128,receive_authenticate_accumulate,0.000042703,0.000042759
12,128,receive_authenticate_accumulate,0.017262301,0.017246982
12,128,receive_authenticate_accumulate,0.000047758,0.000047815
12,128,receive_authenticate_accumulate,0.017225450,0.017225685
12,128,receive_authenticate_accumulate,0.000044518,0.000044555
12,128,receive_authenticate_accumulate,0.017248671,0.017220704
12,128,receive_authenticate_accumulate,0.000044369,0.000044445
12,128,receive_authenticate_accumulate,0.017206987,0.017207351
12,128,receive_authenticate_accumulate,0.000043963,0.000044092
12,128,receive_authenticate_accumulate,0.017207469,0.017207925
12,128,receive_authenticate_accumulate,0.000051851,0.000051907
12,128,reading_commitment_and_shares,0.026187280,0.026187852
12,128,receive_authenticate_accumulate,0.017230765,0.017230963
12,128,receive_authenticate_accumulate,0.000045796,0.000045723
12,128,receive_authenticate_accumulate,0.017214210,0.017214482
12,128,receive_authenticate_accumulate,0.000044092,0.000044093
12,128,receive_authenticate_accumulate,0.017204247,0.017204537
12,128,receive_authenticate_accumulate,0.000044073,0.000044092
12,128,round_coverage,0.000002574,0.000002203
12,128,spatial_report,0.000031685,0.000031592
12,129,round_reset,0.000012555,0.000011222
12,129,receive_authenticate_accumulate,0.017231269,0.017231537
12,129,receive_authenticate_accumulate,0.000046369,0.000046481
12,129,receive_authenticate_accumulate,0.017220879,0.017221222
12,129,receive_authenticate_accumulate,0.000044629,0.000044685
12,129,receive_authenticate_accumulate,0.017209417,0.017209778
12,129,receive_authenticate_accumulate,0.000043795,0.000043833
12,129,receive_authenticate_accumulate,0.017207510,0.017207889
12,129,receive_authenticate_accumulate,0.000042796,0.000042852
12,129,receive_authenticate_accumulate,0.017209491,0.017209963
12,129,receive_authenticate_accumulate,0.000042518,0.000042519
12,129,receive_authenticate_accumulate,0.017204158,0.017204500
12,129,receive_authenticate_accumulate,0.000042203,0.000042315
12,129,receive_authenticate_accumulate,0.017199751,0.017199963
12,129,receive_authenticate_accumulate,0.000044036,0.000044037
12,129,receive_authenticate_accumulate,0.017222620,0.017222944
12,129,receive_authenticate_accumulate,0.000056518,0.000056592
12,129,receive_authenticate_accumulate,0.017207250,0.017207519
12,129,receive_authenticate_accumulate,0.000044481,0.000044537
12,129,receive_authenticate_accumulate,0.017216843,0.017217092
12,129,receive_authenticate_accumulate,0.000042740,0.000042833
12,129,receive_authenticate_accumulate,0.017235213,0.017217685
12,129,receive_authenticate_accumulate,0.000043703,0.000043685
12,129,receive_authenticate_accumulate,0.017240250,0.017214277
12,129,receive_authenticate_accumulate,0.000045055,0.000045056
12,129,receive_authenticate_accumulate,0.025858959,0.025859499
12,129,receive_authenticate_accumulate,0.000048555,0.000048703
12,129,receive_authenticate_accumulate,0.017195640,0.017196093
12,129,receive_authenticate_accumulate,0.000044573,0.000044667
12,129,receive_authenticate_accumulate,0.017209380,0.017209723
12,129,receive_authenticate_accumulate,0.000043592,0.000043648
12,129,receive_authenticate_accumulate,0.017228028,0.017218167
12,129,receive_authenticate_accumulate,0.000042647,0.000042796
12,129,receive_authenticate_accumulate,0.017210750,0.017211074
12,129,receive_authenticate_accumulate,0.000057369,0.000057519
12,129,reading_commitment_and_shares,0.026182991,0.026183500
12,129,receive_authenticate_accumulate,0.017212732,0.017213111
12,129,receive_authenticate_accumulate,0.000045000,0.000045074
12,129,receive_authenticate_accumulate,0.017228565,0.017228908
12,129,receive_authenticate_accumulate,0.000047055,0.000047093
12,129,receive_authenticate_accumulate,0.017208770,0.017209204
12,129,receive_authenticate_accumulate,0.000043722,0.000043797
12,129,round_coverage,0.000002500,0.000002203
12,129,spatial_report,0.000031351,0.000031315
12,129,billing_report,0.000414956,0.000414815
13,130,period_reset,0.000024796,0.000023704
13,130,receive_authenticate_accumulate,0.000089332,0.000089555
13,130,receive_authenticate_accumulate,0.000072388,0.000072556
13,130,receive_authenticate_accumulate,0.000074647,0.000074704
13,130,receive_authenticate_accumulate,0.000071943,0.000072148
13,130,receive_authenticate_accumulate,0.000068481,0.000068352
13,130,receive_authenticate_accumulate,0.000068961,0.000069129
13,130,receive_authenticate_accumulate,0.000068814,0.000069018
13,130,receive_authenticate_accumulate,0.000053444,0.000053500
13,130,receive_authenticate_accumulate,0.000052202,0.000052241
13,130,receive_authenticate_accumulate,0.000052665,0.000052630
13,130,receive_authenticate_accumulate,0.000049814,0.000049852
13,130,receive_authenticate_accumulate,0.000050425,0.000050537
13,130,receive_authenticate_accumulate,0.000054110,0.000054111
13,130,receive_authenticate_accumulate,0.000051629,0.000051500
13,130,receive_authenticate_accumulate,0.000052425,0.000052334
13,130,receive_authenticate_accumulate,0.000052888,0.000052871
13,130,receive_authenticate_accumulate,0.000051629,0.000051630
13,130,randomness_commit,0.000593472,0.000593371
13,130,receive_authenticate_accumulate,0.000052777,0.000052926
13,130,receive_authenticate_accumulate,0.000052462,0.000052463
13,130,receive_authenticate_accumulate,0.000053036,0.000052908
13,130,receive_authenticate_accumulate,0.000064314,0.000064296
13,130,receive_authenticate_accumulate,0.000061906,0.000061852
13,130,receive_authenticate_accumulate,0.000062684,0.000062926
13,130,receive_authenticate_accumulate,0.000064591,0.000064667
13,130,receive_authenticate_accumulate,0.000062906,0.000063241
13,130,receive_authenticate_accumulate,0.000061239,0.000061259
13,130,receive_authenticate_accumulate,0.000061536,0.000061833
13,130,receive_authenticate_accumulate,0.000091943,0.000092129
13,130,receive_authenticate_accumulate,0.000062333,0.000062463
13,130,receive_authenticate_accumulate,0.000049869,0.000049833
13,130,receive_authenticate_accumulate,0.000050629,0.000050593
13,130,receive_authenticate_accumulate,0.000050518,0.000050518
13,130,receive_authenticate_accumulate,0.000049647,0.000049630
13,130,receive_authenticate_accumulate,0.000049277,0.000049482
13,130,receive_authenticate_accumulate,0.000050666,0.000050704
13,130,receive_authenticate_accumulate,0.000070702,0.000070926
13,130,receive_authenticate_accumulate,0.000049666,0.000049667
13,130,randomness_reveal,0.000430956,0.000430722
13,130,receive_authenticate_accumulate,0.000047814,0.000048018
13,130,receive_authenticate_accumulate,0.000048832,0.000048889
13,130,receive_authenticate_accumulate,0.000047370,0.000047407
13,130,committee_selection,0.000111758,0.000111666
13,130,round_reset,0.000005000,0.000004593
13,130,receive_authenticate_accumulate,0.017223161,0.017223574
13,130,receive_authenticate_accumulate,0.017218272,0.017218685
13,130,receive_authenticate_accumulate,0.017227532,0.017227648
13,130,receive_authenticate_accumulate,0.017214643,0.017215018
13,130,receive_authenticate_accumulate,0.017234068,0.017224685
13,130,receive_authenticate_accumulate,0.017222680,0.017222926
13,130,receive_authenticate_accumulate,0.017218235,0.017218463
13,130,receive_authenticate_accumulate,0.017207736,0.017208018
13,130,receive_authenticate_accumulate,0.017198903,0.017199241
13,130,receive_authenticate_accumulate,0.017198884,0.017199185
13,130,receive_authenticate_accumulate,0.017228847,0.017229241
13,130,receive_authenticate_accumulate,0.017219940,0.017220296
13,130,receive_authenticate_accumulate,0.025828557,0.025828981
13,130,receive_authenticate_accumulate,0.017268901,0.017241611
13,130,receive_authenticate_accumulate,0.017243273,0.017231000
13,130,receive_authenticate_accumulate,0.017218033,0.017218333
13,130,receive_authenticate_accumulate,0.017226810,0.017227186
13,130,reading_commitment_and_shares,0.026245162,0.026216740
13,130,receive_authenticate_accumulate,0.017211977,0.017212407
13,130,receive_authenticate_accumulate,0.017217254,0.017217241
13,130,receive_authenticate_accumulate,0.017201718,0.017202018
13,130,round_coverage,0.000004259,0.000003925
13,131,round_reset,0.000013778,0.000012685
13,131,receive_authenticate_accumulate,0.017236368,0.017236537
13,131,receive_authenticate_accumulate,0.017244257,0.017233629
13,131,receive_authenticate_accumulate,0.017220221,0.017220537
13,131,receive_authenticate_accumulate,0.017223351,0.017223648
13,131,receive_authenticate_accumulate,0.017217943,0.017218278
13,131,receive_authenticate_accumulate,0.017215240,0.017215537
13,131,receive_authenticate_accumulate,0.017217388,0.017217759
13,131,receive_authenticate_accumulate,0.017213314,0.017213704
13,131,receive_authenticate_accumulate,0.017227572,0.017227907
13,131,receive_authenticate_accumulate,0.017209036,0.017209371
13,131,receive_authenticate_accumulate,0.017221647,0.017221704
13,131,receive_authenticate_accumulate,0.017214276,0.017214648
13,131,receive_authenticate_accumulate,0.017253406,0.017242741
13,131,receive_authenticate_accumulate,0.017217740,0.017218129
13,131,receive_authenticate_accumulate,0.017214332,0.017214704
13,131,receive_authenticate_accumulate,0.017222944,0.017223315
13,131,receive_authenticate_accumulate,0.017203277,0.017203685
13,131,reading_commitment_and_shares,0.026200706,0.026201203
13,131,receive_authenticate_accumulate,0.017222925,0.017211981
13,131,receive_authenticate_accumulate,0.017223962,0.017224222
13,131,receive_authenticate_accumulate,0.017218278,0.017218611
13,131,round_coverage,0.000004111,0.000003778
13,132,round_reset,0.000013259,0.000012334
13,132,receive_authenticate_accumulate,0.017232853,0.017233222
13,132,receive_authenticate_accumulate,0.017208854,0.017209185
13,132,receive_authenticate_accumulate,0.017210150,0.017210648
13,132,receive_authenticate_accumulate,0.017207039,0.017207444
13,132,receive_authenticate_accumulate,0.017226132,0.017226278
13,132,receive_authenticate_accumulate,0.017220928,0.017221185
13,132,receive_authenticate_accumulate,0.017210391,0.017210741
13,132,receive_authenticate_accumulate,0.017241372,0.017227907
13,132,receive_authenticate_accumulate,0.017220261,0.017220519
13,132,receive_authenticate_accumulate,0.017214355,0.017214777
13,132,receive_authenticate_accumulate,0.017285057,0.017232647
13,132,receive_authenticate_accumulate,0.017211725,0.017212018
13,132,receive_authenticate_accumulate,0.017221540,0.017221722
13,132,receive_authenticate_accumulate,0.017213336,0.017213667
13,132,receive_authenticate_accumulate,0.017214244,0.017214574
13,132,receive_authenticate_accumulate,0.017264816,0.017227778
13,132,receive_authenticate_accumulate,0.017200522,0.017200741
13,132,reading_commitment_and_shares,0.026196508,0.026197074
13,132,receive_authenticate_accumulate,0.017214022,0.017214389
13,132,receive_authenticate_accumulate,0.017225503,0.017225723
13,132,receive_authenticate_accumulate,0.017212744,0.017212815
13,132,round_coverage,0.000004241,0.000003963
13,133,round_reset,0.000009370,0.000008296
13,133,receive_authenticate_accumulate,0.017232135,0.017232148
13,133,receive_authenticate_accumulate,0.017223209,0.017223574
13,133,receive_authenticate_accumulate,0.017220487,0.017220759
13,133,receive_authenticate_accumulate,0.017211987,0.017212204
13,133,receive_authenticate_accumulate,0.017270764,0.017242148
13,133,receive_authenticate_accumulate,0.017225338,0.017225537
13,133,receive_authenticate_accumulate,0.017219802,0.017219963
13,133,receive_authenticate_accumulate,0.017227506,0.017227814
13,133,receive_authenticate_accumulate,0.017234728,0.017234889
13,133,receive_authenticate_accumulate,0.017231376,0.017231630
13,133,receive_authenticate_accumulate,0.017227709,0.017227815
13,133,receive_authenticate_accumulate,0.017231580,0.017231815
13,133,receive_authenticate_accumulate,0.025869295,0.025869963
13,133,receive_authenticate_accumulate,0.017238283,0.017238445
13,133,receive_authenticate_accumulate,0.017224247,0.017224815
13,133,receive_authenticate_accumulate,0.017245450,0.017233094
13,133,receive_authenticate_accumulate,0.017215061,0.017215444
13,133,reading_commitment_and_shares,0.026193772,0.026194204
13,133,receive_authenticate_accumulate,0.017214692,0.017215055
13,133,receive_authenticate_accumulate,0.017213006,0.017213296
13,133,receive_authenticate_accumulate,0.017210414,0.017210444
13,133,round_coverage,0.000004370,0.000004074
13,134,round_reset,0.000013703,0.000012296
13,134,receive_authenticate_accumulate,0.017239860,0.017240462
13,134,receive_authenticate_accumulate,0.017205713,0.017206167
13,134,receive_authenticate_accumulate,0.017239953,0.017240241
13,134,receive_authenticate_accumulate,0.017207602,0.017207907
13,134,receive_authenticate_accumulate,0.017243656,0.017229351
13,134,receive_authenticate_accumulate,0.017227990,0.017228111
13,134,receive_authenticate_accumulate,0.017217898,0.017218260
13,134,receive_authenticate_accumulate,0.017256305,0.017229741
13,134,receive_authenticate_accumulate,0.017218360,0.017218500
13,134,receive_authenticate_accumulate,0.017214953,0.017215315
13,134,receive_authenticate_accumulate,0.017210565,0.017210870
13,134,receive_authenticate_accumulate,0.017213916,0.017214056
13,134,receive_authenticate_accumulate,0.017209843,0.017210185
13,134,receive_authenticate_accumulate,0.017222472,0.017222741
13,134,receive_authenticate_accumulate,0.017209842,0.017210222
13,134,receive_authenticate_accumulate,0.017235972,0.017236092
13,134,receive_authenticate_accumulate,0.017223657,0.017223889
13,134,reading_commitment_and_shares,0.026197850,0.026198500
13,134,receive_authenticate_accumulate,0.017205640,0.017206019
13,134,receive_authenticate_accumulate,0.017218065,0.017218444
13,134,receive_authenticate_accumulate,0.017221806,0.017222222
13,134,round_coverage,0.000004037,0.000003704
13,135,round_reset,0.000011129,0.000010111
13,135,receive_authenticate_accumulate,0.017228993,0.017229352
13,135,receive_authenticate_accumulate,0.017222456,0.017222556
13,135,receive_authenticate_accumulate,0.017209697,0.017210019
13,135,receive_authenticate_accumulate,0.017205827,0.017206166
13,135,receive_authenticate_accumulate,0.017214641,0.017215000
13,135,receive_authenticate_accumulate,0.017250789,0.017225963
13,135,receive_authenticate_accumulate,0.017217586,0.017217926
13,135,receive_authenticate_accumulate,0.017219549,0.017219722
13,135,receive_authenticate_accumulate,0.017212401,0.017212703
13,135,receive_authenticate_accumulate,0.017212697,0.017213074
13,135,receive_authenticate_accumulate,0.017230846,0.017231055
13,135,receive_authenticate_accumulate,0.017214326,0.017214592
13,135,receive_authenticate_accumulate,0.025852767,0.025853074
13,135,receive_authenticate_accumulate,0.017212809,0.017213148
13,135,receive_authenticate_accumulate,0.017231568,0.017231722
13,135,receive_authenticate_accumulate,0.017226012,0.017225796
13,135,receive_authenticate_accumulate,0.017219308,0.017219593
13,135,reading_commitment_and_shares,0.026205300,0.026205778
13,135,receive_authenticate_accumulate,0.017207105,0.017207426
13,135,receive_authenticate_accumulate,0.017212068,0.017212389
13,135,receive_authenticate_accumulate,0.017214254,0.017214500
13,135,round_coverage,0.000004000,0.000017574
13,136,round_reset,0.000012444,0.000011148
13,136,receive_authenticate_accumulate,0.017223995,0.017224166
13,136,receive_authenticate_accumulate,0.017210682,0.017211000
13,136,receive_authenticate_accumulate,0.017214515,0.017214814
13,136,receive_authenticate_accumulate,0.017233848,0.017234203
13,136,receive_authenticate_accumulate,0.017224978,0.017225056
13,136,receive_authenticate_accumulate,0.017238755,0.017238630
13,136,receive_authenticate_accumulate,0.017224903,0.017225241
13,136,receive_authenticate_accumulate,0.017244107,0.017232796
13,136,receive_authenticate_accumulate,0.017262736,0.017238167
13,136,receive_authenticate_accumulate,0.017213404,0.017213796
13,136,receive_authenticate_accumulate,0.017218607,0.017218889
13,136,receive_authenticate_accumulate,0.017214682,0.017215074
13,136,receive_authenticate_accumulate,0.017278014,0.017257426
13,136,receive_authenticate_accumulate,0.017227015,0.017227185
13,136,receive_authenticate_accumulate,0.017210811,0.017211204
13,136,receive_authenticate_accumulate,0.017223719,0.017223926
13,136,receive_authenticate_accumulate,0.017227311,0.017227592
13,136,reading_commitment_and_shares,0.026188415,0.026188888
13,136,receive_authenticate_accumulate,0.017219996,0.017220260
13,136,receive_authenticate_accumulate,0.017226885,0.017227167
13,136,receive_authenticate_accumulate,0.017216256,0.017216556
13,136,round_coverage,0.000003796,0.000003500
13,137,round_reset,0.000012408,0.000011370
13,137,receive_authenticate_accumulate,0.017232794,0.017233036
13,137,receive_authenticate_accumulate,0.017232609,0.017232981
13,137,receive_authenticate_accumulate,0.017212999,0.017213334
13,137,receive_authenticate_accumulate,0.017211110,0.017211444
13,137,receive_authenticate_accumulate,0.017201555,0.017201630
13,137,receive_authenticate_accumulate,0.017222202,0.017222482
13,137,receive_authenticate_accumulate,0.017250221,0.017224574
13,137,receive_authenticate_accumulate,0.017208962,0.017209296
13,137,receive_authenticate_accumulate,0.017228295,0.017228500
13,137,receive_authenticate_accumulate,0.017213647,0.017213926
13,137,receive_authenticate_accumulate,0.017222092,0.017222351
13,137,receive_authenticate_accumulate,0.017215758,0.017216074
13,137,receive_authenticate_accumulate,0.025835424,0.025835741
13,137,receive_authenticate_accumulate,0.017212332,0.017212463
13,137,receive_authenticate_accumulate,0.017205463,0.017205759
13,137,receive_authenticate_accumulate,0.017237054,0.017226019
13,137,receive_authenticate_accumulate,0.017211796,0.017211963
13,137,reading_commitment_and_shares,0.026193049,0.026193444
13,137,receive_authenticate_accumulate,0.017219425,0.017219759
13,137,receive_authenticate_accumulate,0.017230462,0.017230704
13,137,receive_authenticate_accumulate,0.017213018,0.017213389
13,137,round_coverage,0.000004389,0.000004037
13,138,round_reset,0.000009129,0.000007834
13,138,receive_authenticate_accumulate,0.017275685,0.017255705
13,138,receive_authenticate_accumulate,0.017224890,0.017224963
13,138,receive_authenticate_accumulate,0.017224593,0.017224834
13,138,receive_authenticate_accumulate,0.017212149,0.017212444
13,138,receive_authenticate_accumulate,0.017222538,0.017222907
13,138,receive_authenticate_accumulate,0.017222686,0.017222926
13,138,receive_authenticate_accumulate,0.017222020,0.017222203
13,138,receive_authenticate_accumulate,0.017222983,0.017223148
13,138,receive_authenticate_accumulate,0.017226576,0.017226537
13,138,receive_authenticate_accumulate,0.017219594,0.017219685
13,138,receive_authenticate_accumulate,0.017228687,0.017228796
13,138,receive_authenticate_accumulate,0.017228927,0.017229018
13,138,receive_authenticate_accumulate,0.017228872,0.017229074
13,138,receive_authenticate_accumulate,0.017266001,0.017242278
13,138,receive_authenticate_accumulate,0.017252668,0.017239963
13,138,receive_authenticate_accumulate,0.017231723,0.017232036
13,138,receive_authenticate_accumulate,0.017229687,0.017230037
13,138,reading_commitment_and_shares,0.026247682,0.026219018
13,138,receive_authenticate_accumulate,0.017227891,0.017228074
13,138,receive_authenticate_accumulate,0.017218928,0.017219185
13,138,receive_authenticate_accumulate,0.017225446,0.017225648
13,138,round_coverage,0.000002834,0.000002389
13,139,round_reset,0.000010074,0.000008741
13,139,receive_authenticate_accumulate,0.017229318,0.017229555
13,139,receive_authenticate_accumulate,0.017281539,0.017253390
13,139,receive_authenticate_accumulate,0.017225133,0.017225333
13,139,receive_authenticate_accumulate,0.017221578,0.017221871
13,139,receive_authenticate_accumulate,0.017247911,0.017238186
13,139,receive_authenticate_accumulate,0.017225115,0.017225204
13,139,receive_authenticate_accumulate,0.017226726,0.017226944
13,139,receive_authenticate_accumulate,0.017227763,0.017227741
13,139,receive_authenticate_accumulate,0.017232504,0.017232518
13,139,receive_authenticate_accumulate,0.017226393,0.017226685
13,139,receive_authenticate_accumulate,0.017223282,0.017223519
13,139,receive_authenticate_accumulate,0.017227874,0.017228167
13,139,receive_authenticate_accumulate,0.017227559,0.017227760
13,139,receive_authenticate_accumulate,0.017251799,0.017252111
13,139,receive_authenticate_accumulate,0.017233078,0.017233370
13,139,receive_authenticate_accumulate,0.017232819,0.017233055
13,139,receive_authenticate_accumulate,0.017262948,0.017236833
13,139,reading_commitment_and_shares,0.026188834,0.026189297
13,139,receive_authenticate_accumulate,0.017236930,0.017237148
13,139,receive_authenticate_accumulate,0.017221652,0.017221815
13,139,receive_authenticate_accumulate,0.017225355,0.017225667
13,139,round_coverage,0.000002852,0.000002351
14,140,period_reset,0.000023333,0.000022129
14,140,receive_authenticate_accumulate,0.000093313,0.000093315
14,140,receive_authenticate_accumulate,0.000087887,0.000087908
14,140,receive_authenticate_accumulate,0.000087166,0.000087278
14,140,receive_authenticate_accumulate,0.000082925,0.000082740
14,140,receive_authenticate_accumulate,0.000084406,0.000084519
14,140,receive_authenticate_accumulate,0.000084036,0.000083852
14,140,receive_authenticate_accumulate,0.000086165,0.000086148
14,140,receive_authenticate_accumulate,0.000065795,0.000065740
14,140,receive_authenticate_accumulate,0.000064758,0.000064537
14,140,receive_authenticate_accumulate,0.000063870,0.000063704
14,140,receive_authenticate_accumulate,0.000063981,0.000064074
14,140,receive_authenticate_accumulate,0.000063370,0.000063278
14,140,receive_authenticate_accumulate,0.000064129,0.000064241
14,140,receive_authenticate_accumulate,0.000063943,0.000064056
14,140,receive_authenticate_accumulate,0.000064703,0.000064648
14,140,receive_authenticate_accumulate,0.000062702,0.000062741
14,140,receive_authenticate_accumulate,0.000063406,0.000063445
14,140,randomness_commit,0.000588695,0.000588667
14,140,receive_authenticate_accumulate,0.000064592,0.000064555
14,140,receive_authenticate_accumulate,0.000064222,0.000064259
14,140,receive_authenticate_accumulate,0.000063462,0.000063334
14,140,receive_authenticate_accumulate,0.000079480,0.000079185
14,140,receive_authenticate_accumulate,0.000076499,0.000076444
14,140,receive_authenticate_accumulate,0.000075407,0.000075315
14,140,receive_authenticate_accumulate,0.000076999,0.000076889
14,140,receive_authenticate_accumulate,0.000075833,0.000075926
14,140,receive_authenticate_accumulate,0.000077017,0.000077056
14,140,receive_authenticate_accumulate,0.000076666,0.000076630
14,140,receive_authenticate_accumulate,0.000078518,0.000078574
14,140,receive_authenticate_accumulate,0.000077906,0.000078018
14,140,receive_authenticate_accumulate,0.000062554,0.000062463
14,140,receive_authenticate_accumulate,0.000062351,0.000062297
14,140,receive_authenticate_accumulate,0.000062240,0.000062223
14,140,receive_authenticate_accumulate,0.000061425,0.000061426
14,140,receive_authenticate_accumulate,0.000062166,0.000062223
14,140,receive_authenticate_accumulate,0.000061129,0.000061204
14,140,receive_authenticate_accumulate,0.000061296,0.000061222
14,140,receive_authenticate_accumulate,0.000061517,0.000061575
14,140,randomness_reveal,0.000436067,0.000435871
14,140,receive_authenticate_accumulate,0.000061777,0.000061741
14,140,receive_authenticate_accumulate,0.000060999,0.000061074
14,140,receive_authenticate_accumulate,0.000062203,0.000062314
14,140,committee_selection,0.000120128,0.000119963
14,140,round_reset,0.000004371,0.000003796
14,140,receive_authenticate_accumulate,0.017226579,0.017226741
14,140,receive_authenticate_accumulate,0.017242931,0.017233686
14,140,receive_authenticate_accumulate,0.017228710,0.017228888
14,140,receive_authenticate_accumulate,0.017225432,0.017225741
14,140,receive_authenticate_accumulate,0.017236802,0.017237259
14,140,receive_authenticate_accumulate,0.017222210,0.017222556
14,140,receive_authenticate_accumulate,0.017232580,0.017232815
14,140,receive_authenticate_accumulate,0.017228320,0.017228371
14,140,receive_authenticate_accumulate,0.017228709,0.017228759
14,140,receive_authenticate_accumulate,0.017216858,0.017217130
14,140,receive_authenticate_accumulate,0.017267060,0.017239611
14,140,receive_authenticate_accumulate,0.017222080,0.017222315
14,140,receive_authenticate_accumulate,0.025834972,0.025835185
14,140,receive_authenticate_accumulate,0.017262672,0.017235575
14,140,receive_authenticate_accumulate,0.017223377,0.017223685
14,140,receive_authenticate_accumulate,0.017229488,0.017229722
14,140,receive_authenticate_accumulate,0.017242247,0.017242167
14,140,reading_commitment_and_shares,0.026240744,0.026241889
14,140,receive_authenticate_accumulate,0.017273469,0.017245129
14,140,receive_authenticate_accumulate,0.017244821,0.017235963
14,140,receive_authenticate_accumulate,0.017219266,0.017219629
14,140,round_coverage,0.000003075,0.000002630
14,141,round_reset,0.000008888,0.000007167
14,141,receive_authenticate_accumulate,0.017271414,0.017251259
14,141,receive_authenticate_accumulate,0.017232897,0.017233055
14,141,receive_authenticate_accumulate,0.017220100,0.017220167
14,141,receive_authenticate_accumulate,0.017225360,0.017225333
14,141,receive_authenticate_accumulate,0.017230619,0.017230926
14,141,receive_authenticate_accumulate,0.017222526,0.017222740
14,141,receive_authenticate_accumulate,0.017263544,0.017236149
14,141,receive_authenticate_accumulate,0.017226674,0.017226852
14,141,receive_authenticate_accumulate,0.017232212,0.017232315
14,141,receive_authenticate_accumulate,0.017243211,0.017234296
14,141,receive_authenticate_accumulate,0.017220453,0.017220648
14,141,receive_authenticate_accumulate,0.017230731,0.017231018
14,141,receive_authenticate_accumulate,0.017229953,0.017230129
14,141,receive_authenticate_accumulate,0.017227694,0.017227981
14,141,receive_authenticate_accumulate,0.017224860,0.017225056
14,141,receive_authenticate_accumulate,0.017225971,0.017226203
14,141,receive_authenticate_accumulate,0.017226730,0.017226926
14,141,reading_commitment_and_shares,0.026198711,0.026199167
14,141,receive_authenticate_accumulate,0.017221323,0.017221667
14,141,receive_authenticate_accumulate,0.017220879,0.017221204
14,141,receive_authenticate_accumulate,0.017223916,0.017224111
14,141,round_coverage,0.000002981,0.000002556
14,142,round_reset,0.000009259,0.000008037
14,142,receive_authenticate_accumulate,0.017230844,0.017231018
14,142,receive_authenticate_accumulate,0.017219214,0.017219444
14,142,receive_authenticate_accumulate,0.017229288,0.017229462
14,142,receive_authenticate_accumulate,0.017223843,0.017224148
14,142,receive_authenticate_accumulate,0.017227788,0.017227963
14,142,receive_authenticate_accumulate,0.017225195,0.017225296
14,142,receive_authenticate_accumulate,0.017218751,0.017219056
14,142,receive_authenticate_accumulate,0.017220714,0.017220852
14,142,receive_authenticate_accumulate,0.017233288,0.017233278
14,142,receive_authenticate_accumulate,0.017214048,0.017214222
14,142,receive_authenticate_accumulate,0.017239991,0.017241129
14,142,receive_authenticate_accumulate,0.017216381,0.017216519
14,142,receive_authenticate_accumulate,0.025840274,0.025840241
14,142,receive_authenticate_accumulate,0.017219084,0.017219259
14,142,receive_authenticate_accumulate,0.017242658,0.017232388
14,142,receive_authenticate_accumulate,0.017228085,0.017228203
14,142,receive_authenticate_accumulate,0.017221122,0.017221315
14,142,reading_commitment_and_shares,0.026200584,0.026201019
14,142,receive_authenticate_accumulate,0.017218122,0.017218259
14,142,receive_authenticate_accumulate,0.017222510,0.017222759
14,142,receive_authenticate_accumulate,0.017225362,0.017225444
14,142,round_coverage,0.000003000,0.000002518
14,143,round_reset,0.000008740,0.000007407
14,143,receive_authenticate_accumulate,0.017227734,0.017227723
14,143,receive_authenticate_accumulate,0.017234567,0.017234870
14,143,receive_authenticate_accumulate,0.017220031,0.017220222
14,143,receive_authenticate_accumulate,0.017214420,0.017214667
14,143,receive_authenticate_accumulate,0.017221494,0.017221723
14,143,receive_authenticate_accumulate,0.017283474,0.017242000
14,143,receive_authenticate_accumulate,0.017224531,0.017224722
14,143,receive_authenticate_accumulate,0.017223326,0.017223611
14,143,receive_authenticate_accumulate,0.017225012,0.017225296
14,143,receive_authenticate_accumulate,0.017219901,0.017220018
14,143,receive_authenticate_accumulate,0.017275049,0.017246538
14,143,receive_authenticate_accumulate,0.017224901,0.017225241
14,143,receive_authenticate_accumulate,0.017267160,0.017240408
14,143,receive_authenticate_accumulate,0.017230827,0.017231037
14,143,receive_authenticate_accumulate,0.017234734,0.017235018
14,143,receive_authenticate_accumulate,0.017230938,0.017231148
14,143,receive_authenticate_accumulate,0.017221716,0.017221982
14,143,reading_commitment_and_shares,0.026230143,0.026218296
14,143,receive_authenticate_accumulate,0.017223327,0.017223481
14,143,receive_authenticate_accumulate,0.017220216,0.017220425
14,143,receive_authenticate_accumulate,0.017229642,0.017229852
14,143,round_coverage,0.000003241,0.000002778
14,144,round_reset,0.000010296,0.000009130
14,144,receive_authenticate_accumulate,0.017256809,0.017237666
14,144,receive_authenticate_accumulate,0.017260087,0.017235982
14,144,receive_authenticate_accumulate,0.017228143,0.017228185
14,144,receive_authenticate_accumulate,0.017241513,0.017241851
14,144,receive_authenticate_accumulate,0.017226884,0.017227185
14,144,receive_authenticate_accumulate,0.017219421,0.017219574
14,144,receive_authenticate_accumulate,0.017229180,0.017229352
14,144,receive_authenticate_accumulate,0.017227236,0.017227481
14,144,receive_authenticate_accumulate,0.017222384,0.017222722
14,144,receive_authenticate_accumulate,0.017223236,0.017223444
14,144,receive_authenticate_accumulate,0.017232810,0.017233000
14,144,receive_authenticate_accumulate,0.017225680,0.017225851
14,144,receive_authenticate_accumulate,0.017222459,0.017222611
14,144,receive_authenticate_accumulate,0.017222032,0.017222111
14,144,receive_authenticate_accumulate,0.017266291,0.017238426
14,144,receive_authenticate_accumulate,0.017225217,0.017225296
14,144,receive_authenticate_accumulate,0.017258254,0.017238648
14,144,reading_commitment_and_shares,0.026238107,0.026223184
14,144,receive_authenticate_accumulate,0.017227422,0.017227537
14,144,receive_authenticate_accumulate,0.017224236,0.017224370
14,144,receive_authenticate_accumulate,0.017223514,0.017223519
14,144,round_coverage,0.000003741,0.000003167
14,145,round_reset,0.000009463,0.000008093
14,145,receive_authenticate_accumulate,0.017232034,0.017232074
14,145,receive_authenticate_accumulate,0.017226182,0.017226260
14,145,receive_authenticate_accumulate,0.017228015,0.017228111
14,145,receive_authenticate_accumulate,0.017228071,0.017228074
14,145,receive_authenticate_accumulate,0.017292644,0.017249648
14,145,receive_authenticate_accumulate,0.017253256,0.017240721
14,145,receive_authenticate_accumulate,0.017220182,0.017220241
14,145,receive_authenticate_accumulate,0.017228682,0.017228537
14,145,receive_authenticate_accumulate,0.017234607,0.017234814
14,145,receive_authenticate_accumulate,0.017225885,0.017225908
14,145,receive_authenticate_accumulate,0.017229867,0.017229908
14,145,receive_authenticate_accumulate,0.017233849,0.017233907
14,145,receive_authenticate_accumulate,0.017229275,0.017229352
14,145,receive_authenticate_accumulate,0.017236386,0.017236297
14,145,receive_authenticate_accumulate,0.017230515,0.017230463
14,145,receive_authenticate_accumulate,0.017229423,0.017229518
14,145,receive_authenticate_accumulate,0.017229201,0.017229278
14,145,reading_commitment_and_shares,0.026205000,0.026205315
14,145,receive_authenticate_accumulate,0.017233553,0.017233685
14,145,receive_authenticate_accumulate,0.017224071,0.017224130
14,145,receive_authenticate_accumulate,0.017219219,0.017219297
14,145,round_coverage,0.000003778,0.000003222
14,146,round_reset,0.000009018,0.000007648
14,146,receive_authenticate_accumulate,0.017225887,0.017225926
14,146,receive_authenticate_accumulate,0.017229295,0.017229352
14,146,receive_authenticate_accumulate,0.017229165,0.017228926
14,146,receive_authenticate_accumulate,0.017264128,0.017241167
14,146,receive_authenticate_accumulate,0.017226276,0.017226315
14,146,receive_authenticate_accumulate,0.017234072,0.017234240
14,146,receive_authenticate_accumulate,0.017229776,0.017229500
14,146,receive_authenticate_accumulate,0.017219203,0.017219222
14,146,receive_authenticate_accumulate,0.017224035,0.017224111
14,146,receive_authenticate_accumulate,0.017226480,0.017226500
14,146,receive_authenticate_accumulate,0.017226684,0.017226611
14,146,receive_authenticate_accumulate,0.017235369,0.017235408
14,146,receive_authenticate_accumulate,0.017230351,0.017230388
14,146,receive_authenticate_accumulate,0.017220406,0.017220388
14,146,receive_authenticate_accumulate,0.017224647,0.017224722
14,146,receive_authenticate_accumulate,0.017223869,0.017223870
14,146,receive_authenticate_accumulate,0.017280905,0.017253297
14,146,reading_commitment_and_shares,0.026189169,0.026189518
14,146,receive_authenticate_accumulate,0.017228165,0.017228389
14,146,receive_authenticate_accumulate,0.017221129,0.017221241
14,146,receive_authenticate_accumulate,0.017221925,0.017221981
14,146,round_coverage,0.000003537,0.000003129
14,147,round_reset,0.000009241,0.000008260
14,147,receive_authenticate_accumulate,0.017229222,0.017229314
14,147,receive_authenticate_accumulate,0.017234055,0.017234463
14,147,receive_authenticate_accumulate,0.017222796,0.017222815
14,147,receive_authenticate_accumulate,0.017251500,0.017230444
14,147,receive_authenticate_accumulate,0.017232593,0.017232611
14,147,receive_authenticate_accumulate,0.017229963,0.017229963
14,147,receive_authenticate_accumulate,0.017228463,0.017228537
14,147,receive_authenticate_accumulate,0.017225260,0.017225278
14,147,receive_authenticate_accumulate,0.017224944,0.017224944
14,147,receive_authenticate_accumulate,0.017228537,0.017228611
14,147,receive_authenticate_accumulate,0.017225296,0.017225388
14,147,receive_authenticate_accumulate,0.017246926,0.017246944
14,147,receive_authenticate_accumulate,0.017217334,0.017217352
14,147,receive_authenticate_accumulate,0.017263111,0.017238481
14,147,receive_authenticate_accumulate,0.017224426,0.017224278
14,147,receive_authenticate_accumulate,0.017229019,0.017229092
14,147,receive_authenticate_accumulate,0.017222019,0.017221981
14,147,reading_commitment_and_shares,0.026224615,0.026225204
14,147,receive_authenticate_accumulate,0.017225278,0.017225296
14,147,receive_authenticate_accumulate,0.017232055,0.017232056
14,147,receive_authenticate_accumulate,0.017227871,0.017227926
14,147,round_coverage,0.000003388,0.000002963
14,148,round_reset,0.000009315,0.000007926
14,148,receive_authenticate_accumulate,0.017230372,0.017230389
14,148,receive_authenticate_accumulate,0.017214816,0.017214907
14,148,receive_authenticate_accumulate,0.017255279,0.017229648
14,148,receive_authenticate_accumulate,0.017221519,0.017221667
14,148,receive_authenticate_accumulate,0.017228186,0.017228185
14,148,receive_authenticate_accumulate,0.017252168,0.017252222
14,148,receive_authenticate_accumulate,0.017233909,0.017234036
14,148,receive_authenticate_accumulate,0.017219668,0.017219870
14,148,receive_authenticate_accumulate,0.017225594,0.017225759
14,148,receive_authenticate_accumulate,0.017225631,0.017225648
14,148,receive_authenticate_accumulate,0.017249482,0.017230648
14,148,receive_authenticate_accumulate,0.017227706,0.017227722
14,148,receive_authenticate_accumulate,0.017229001,0.017228963
14,148,receive_authenticate_accumulate,0.017227983,0.017227926
14,148,receive_authenticate_accumulate,0.017235427,0.017235426
14,148,receive_authenticate_accumulate,0.017269927,0.017241017
14,148,receive_authenticate_accumulate,0.017221965,0.017221925
14,148,reading_commitment_and_shares,0.026198840,0.026199148
14,148,receive_authenticate_accumulate,0.017230668,0.017231000
14,148,receive_authenticate_accumulate,0.017235317,0.017235408
14,148,receive_authenticate_accumulate,0.017227039,0.017227111
14,148,round_coverage,0.000003871,0.000003426
14,149,round_reset,0.000010426,0.000009149
14,149,receive_authenticate_accumulate,0.017227855,0.017227815
14,149,receive_authenticate_accumulate,0.017228243,0.017228129
14,149,receive_authenticate_accumulate,0.017221670,0.017221722
14,149,receive_authenticate_accumulate,0.017225058,0.017225111
14,149,receive_authenticate_accumulate,0.017229892,0.017229907
14,149,receive_authenticate_accumulate,0.017218411,0.017218500
14,149,receive_authenticate_accumulate,0.017229262,0.017229222
14,149,receive_authenticate_accumulate,0.017228595,0.017228629
14,149,receive_authenticate_accumulate,0.017232354,0.017232315
14,149,receive_authenticate_accumulate,0.017233687,0.017233759
14,149,receive_authenticate_accumulate,0.017218947,0.017219093
14,149,receive_authenticate_accumulate,0.017229669,0.017229519
14,149,receive_authenticate_accumulate,0.017223706,0.017223704
14,149,receive_authenticate_accumulate,0.017230280,0.017230333
14,149,receive_authenticate_accumulate,0.017221114,0.017220982
14,149,receive_authenticate_accumulate,0.017230910,0.017230797
14,149,receive_authenticate_accumulate,0.017224336,0.017224314
14,149,reading_commitment_and_shares,0.026203434,0.026203926
14,149,receive_authenticate_accumulate,0.017220947,0.017220963
14,149,receive_authenticate_accumulate,0.017231428,0.017231537
14,149,receive_authenticate_accumulate,0.017222540,0.017222611
14,149,round_coverage,0.000003741,0.000003129
14,149,shutdown,0.000010000,0.000006223
