period,round,phase,wall_seconds,cpu_seconds
0,0,period_reset,0.000308202,0.000033796
0,0,receive_authenticate_accumulate,0.000085926,0.000085871
0,0,receive_authenticate_accumulate,0.000040462,0.000040389
0,0,receive_authenticate_accumulate,0.000039611,0.000039333
0,0,randomness_commit,0.000451923,0.000451648
0,0,receive_authenticate_accumulate,0.000027444,0.000027389
0,0,receive_authenticate_accumulate,0.000038018,0.000037889
0,0,receive_authenticate_accumulate,0.000033333,0.000033278
0,0,receive_authenticate_accumulate,0.000038222,0.000037944
0,0,receive_authenticate_accumulate,0.000038444,0.000038296
0,0,receive_authenticate_accumulate,0.000030963,0.000030814
0,0,receive_authenticate_accumulate,0.000038296,0.000038056
0,0,receive_authenticate_accumulate,0.000038333,0.000037944
0,0,receive_authenticate_accumulate,0.000031130,0.000030871
0,0,receive_authenticate_accumulate,0.000039148,0.000038889
0,0,receive_authenticate_accumulate,0.000032130,0.000031870
0,0,receive_authenticate_accumulate,0.000037981,0.000037815
0,0,receive_authenticate_accumulate,0.000039221,0.000039055
0,0,receive_authenticate_accumulate,0.000032851,0.000032482
0,0,receive_authenticate_accumulate,0.000039093,0.000038852
0,0,receive_authenticate_accumulate,0.000038852,0.000038574
0,0,receive_authenticate_accumulate,0.000033241,0.000032907
0,0,receive_authenticate_accumulate,0.000051036,0.000050852
0,0,receive_authenticate_accumulate,0.000041833,0.000041574
0,0,receive_authenticate_accumulate,0.000046537,0.000046351
0,0,randomness_reveal,0.000319220,0.000318871
0,0,receive_authenticate_accumulate,0.000039500,0.000039611
0,0,receive_authenticate_accumulate,0.000040536,0.000040222
0,0,receive_authenticate_accumulate,0.000046074,0.000045981
0,0,receive_authenticate_accumulate,0.000046851,0.000046741
0,0,receive_authenticate_accumulate,0.000041352,0.000040778
0,0,receive_authenticate_accumulate,0.000047499,0.000047203
0,0,receive_authenticate_accumulate,0.000041685,0.000041389
0,0,receive_authenticate_accumulate,0.000048648,0.000048463
0,0,receive_authenticate_accumulate,0.000049333,0.000049037
0,0,receive_authenticate_accumulate,0.000042203,0.000041982
0,0,receive_authenticate_accumulate,0.000049074,0.000048833
0,0,receive_authenticate_accumulate,0.000046870,0.000046722
0,0,receive_authenticate_accumulate,0.000041037,0.000040778
0,0,receive_authenticate_accumulate,0.000048499,0.000048333
0,0,receive_authenticate_accumulate,0.000040518,0.000040334
0,0,receive_authenticate_accumulate,0.000047055,0.000046907
0,0,receive_authenticate_accumulate,0.000046944,0.000046667
0,0,committee_selection,0.000084166,0.000083871
0,0,round_reset,0.000006055,0.000005686
0,0,receive_authenticate_accumulate,0.017275330,0.017274722
0,0,receive_authenticate_accumulate,0.000071666,0.000071574
0,0,receive_authenticate_accumulate,0.017225182,0.017225185
0,0,receive_authenticate_accumulate,0.000056981,0.000056871
0,0,receive_authenticate_accumulate,0.017225813,0.017225759
0,0,receive_authenticate_accumulate,0.000056370,0.000056111
0,0,reading_commitment_and_shares,0.026284271,0.026284111
0,0,receive_authenticate_accumulate,0.017248350,0.017219481
0,0,receive_authenticate_accumulate,0.000055518,0.000055352
0,0,receive_authenticate_accumulate,0.017227571,0.017227741
0,0,receive_authenticate_accumulate,0.000056407,0.000056204
0,0,receive_authenticate_accumulate,0.017232034,0.017232093
0,0,receive_authenticate_accumulate,0.000055778,0.000055537
0,0,receive_authenticate_accumulate,0.017219923,0.017219999
0,0,receive_authenticate_accumulate,0.000056537,0.000056241
0,0,receive_authenticate_accumulate,0.017225128,0.017225203
0,0,receive_authenticate_accumulate,0.000056518,0.000056389
0,0,receive_authenticate_accumulate,0.017218053,0.017217796
0,0,receive_authenticate_accumulate,0.000055907,0.000055685
0,0,receive_authenticate_accumulate,0.017224776,0.017224704
0,0,receive_authenticate_accumulate,0.000057018,0.000056963
0,0,receive_authenticate_accumulate,0.017222479,0.017222296
0,0,receive_authenticate_accumulate,0.000055426,0.000055296
0,0,receive_authenticate_accumulate,0.017233220,0.017233204
0,0,receive_authenticate_accumulate,0.000068518,0.000068389
0,0,receive_authenticate_accumulate,0.017231294,0.017231333
0,0,receive_authenticate_accumulate,0.000055981,0.000055852
0,0,receive_authenticate_accumulate,0.017223794,0.017223796
0,0,receive_authenticate_accumulate,0.000056944,0.000056889
0,0,receive_authenticate_accumulate,0.017225553,0.017225574
0,0,receive_authenticate_accumulate,0.000056703,0.000056500
0,0,receive_authenticate_accumulate,0.017229109,0.017229055
0,0,receive_authenticate_accumulate,0.000056796,0.000056630
0,0,receive_authenticate_accumulate,0.017227128,0.017227259
0,0,receive_authenticate_accumulate,0.000055389,0.000055408
0,0,receive_authenticate_accumulate,0.017228924,0.017228833
0,0,receive_authenticate_accumulate,0.000054981,0.000054741
0,0,receive_authenticate_accumulate,0.017222609,0.017222649
0,0,receive_authenticate_accumulate,0.000056073,0.000055704
0,0,receive_authenticate_accumulate,0.017240776,0.017240759
0,0,receive_authenticate_accumulate,0.000056851,0.000056704
0,0,round_coverage,0.000003111,0.000002593
0,0,spatial_report,0.000041778,0.000041481
0,1,round_reset,0.000009093,0.000007981
0,1,receive_authenticate_accumulate,0.017223518,0.017223500
0,1,receive_authenticate_accumulate,0.000059981,0.000059982
0,1,receive_authenticate_accumulate,0.017314925,0.017249370
0,1,receive_authenticate_accumulate,0.000057537,0.000057314
0,1,receive_authenticate_accumulate,0.017228574,0.017228703
0,1,receive_authenticate_accumulate,0.000057074,0.000056926
0,1,reading_commitment_and_shares,0.026262053,0.026262240
0,1,receive_authenticate_accumulate,0.017226796,0.017226723
0,1,receive_authenticate_accumulate,0.000056073,0.000055871
0,1,receive_authenticate_accumulate,0.017223315,0.017223463
0,1,receive_authenticate_accumulate,0.000055241,0.000055092
0,1,receive_authenticate_accumulate,0.017218277,0.017218370
0,1,receive_authenticate_accumulate,0.000055462,0.000055277
0,1,receive_authenticate_accumulate,0.017225185,0.017225259
0,1,receive_authenticate_accumulate,0.000056018,0.000055852
0,1,receive_authenticate_accumulate,0.017228295,0.017228426
0,1,receive_authenticate_accumulate,0.000057704,0.000057500
0,1,receive_authenticate_accumulate,0.017223055,0.017223018
0,1,receive_authenticate_accumulate,0.000056499,0.000056408
0,1,receive_authenticate_accumulate,0.017231037,0.017231093
0,1,receive_authenticate_accumulate,0.000055055,0.000054815
0,1,receive_authenticate_accumulate,0.017231055,0.017231111
0,1,receive_authenticate_accumulate,0.000056333,0.000056167
0,1,receive_authenticate_accumulate,0.017224259,0.017224351
0,1,receive_authenticate_accumulate,0.000056704,0.000056482
0,1,receive_authenticate_accumulate,0.017218944,0.017219074
0,1,receive_authenticate_accumulate,0.000058055,0.000057833
0,1,receive_authenticate_accumulate,0.017229888,0.017229963
0,1,receive_authenticate_accumulate,0.000057092,0.000056963
0,1,receive_authenticate_accumulate,0.017214759,0.017214870
0,1,receive_authenticate_accumulate,0.000057889,0.000057815
0,1,receive_authenticate_accumulate,0.017230519,0.017230426
0,1,receive_authenticate_accumulate,0.000056333,0.000056111
0,1,receive_authenticate_accumulate,0.017238204,0.017238204
0,1,receive_authenticate_accumulate,0.000057222,0.000057056
0,1,receive_authenticate_accumulate,0.017232222,0.017232111
0,1,receive_authenticate_accumulate,0.000057036,0.000056870
0,1,receive_authenticate_accumulate,0.017210444,0.017210481
0,1,receive_authenticate_accumulate,0.000057148,0.000056833
0,1,receive_authenticate_accumulate,0.017221222,0.017221148
0,1,receive_authenticate_accumulate,0.000056111,0.000055870
0,1,round_coverage,0.000003074,0.000002612
0,1,spatial_report,0.000041018,0.000040852
0,2,round_reset,0.000008889,0.000007370
0,2,receive_authenticate_accumulate,0.028728595,0.028728592
0,2,receive_authenticate_accumulate,0.000057722,0.000057518
0,2,receive_authenticate_accumulate,0.017234057,0.017234018
0,2,receive_authenticate_accumulate,0.000057407,0.000057388
0,2,receive_authenticate_accumulate,0.017226594,0.017226481
0,2,receive_authenticate_accumulate,0.000060056,0.000059870
0,2,reading_commitment_and_shares,0.026266499,0.026266537
0,2,receive_authenticate_accumulate,0.017217964,0.017218092
0,2,receive_authenticate_accumulate,0.000056055,0.000055796
0,2,receive_authenticate_accumulate,0.017221743,0.017221629
0,2,receive_authenticate_accumulate,0.000058426,0.000058277
0,2,receive_authenticate_accumulate,0.017260686,0.017236815
0,2,receive_authenticate_accumulate,0.000057018,0.000056741
0,2,receive_authenticate_accumulate,0.017232854,0.017232851
0,2,receive_authenticate_accumulate,0.000056222,0.000056055
0,2,receive_authenticate_accumulate,0.017223373,0.017223444
0,2,receive_authenticate_accumulate,0.000058852,0.000058926
0,2,receive_authenticate_accumulate,0.017222872,0.017222759
0,2,receive_authenticate_accumulate,0.000057666,0.000057500
0,2,receive_authenticate_accumulate,0.017234484,0.017234574
0,2,receive_authenticate_accumulate,0.000057371,0.000057222
0,2,receive_authenticate_accumulate,0.017221372,0.017221370
0,2,receive_authenticate_accumulate,0.000057315,0.000057092
0,2,receive_authenticate_accumulate,0.017219447,0.017219463
0,2,receive_authenticate_accumulate,0.000057777,0.000057630
0,2,receive_authenticate_accumulate,0.017226242,0.017226426
0,2,receive_authenticate_accumulate,0.000059130,0.000058908
0,2,receive_authenticate_accumulate,0.017228132,0.017228130
0,2,receive_authenticate_accumulate,0.000057500,0.000057314
0,2,receive_authenticate_accumulate,0.017227539,0.017227592
0,2,receive_authenticate_accumulate,0.000056462,0.000056315
0,2,receive_authenticate_accumulate,0.017231446,0.017231481
0,2,receive_authenticate_accumulate,0.000057073,0.000056852
0,2,receive_authenticate_accumulate,0.017229150,0.017229241
0,2,receive_authenticate_accumulate,0.000058352,0.000058222
0,2,receive_authenticate_accumulate,0.017265317,0.017237444
0,2,receive_authenticate_accumulate,0.000057166,0.000057000
0,2,receive_authenticate_accumulate,0.017273872,0.017240741
0,2,receive_authenticate_accumulate,0.000056167,0.000056074
0,2,receive_authenticate_accumulate,0.017219835,0.017219888
0,2,receive_authenticate_accumulate,0.000056759,0.000056555
0,2,round_coverage,0.000003333,0.000002796
0,2,spatial_report,0.000040555,0.000040148
0,3,round_reset,0.000009000,0.000007666
0,3,receive_authenticate_accumulate,0.017231967,0.017231833
0,3,receive_authenticate_accumulate,0.000057518,0.000057185
0,3,receive_authenticate_accumulate,0.017231318,0.017231370
0,3,receive_authenticate_accumulate,0.000057185,0.000056907
0,3,receive_authenticate_accumulate,0.017222855,0.017222889
0,3,receive_authenticate_accumulate,0.000057963,0.000057834
0,3,reading_commitment_and_shares,0.026269873,0.026269870
0,3,receive_authenticate_accumulate,0.017215041,0.017215093
0,3,receive_authenticate_accumulate,0.000074388,0.000074241
0,3,receive_authenticate_accumulate,0.017228726,0.017228852
0,3,receive_authenticate_accumulate,0.000055944,0.000055814
0,3,receive_authenticate_accumulate,0.017238633,0.017238685
0,3,receive_authenticate_accumulate,0.000060037,0.000059852
0,3,receive_authenticate_accumulate,0.017229874,0.017229759
0,3,receive_authenticate_accumulate,0.000058629,0.000058389
0,3,receive_authenticate_accumulate,0.017224003,0.017224037
0,3,receive_authenticate_accumulate,0.000055981,0.000055852
0,3,receive_authenticate_accumulate,0.017220263,0.017220074
0,3,receive_authenticate_accumulate,0.000057167,0.000056944
0,3,receive_authenticate_accumulate,0.017224023,0.017224093
0,3,receive_authenticate_accumulate,0.000058703,0.000058500
0,3,receive_authenticate_accumulate,0.017221689,0.017221833
0,3,receive_authenticate_accumulate,0.000056333,0.000056092
0,3,receive_authenticate_accumulate,0.017220115,0.017220166
0,3,receive_authenticate_accumulate,0.000056759,0.000056518
0,3,receive_authenticate_accumulate,0.017219930,0.017219666
0,3,receive_authenticate_accumulate,0.000072019,0.000071870
0,3,receive_authenticate_accumulate,0.017225485,0.017225370
0,3,receive_authenticate_accumulate,0.000057110,0.000056889
0,3,receive_authenticate_accumulate,0.017224892,0.017224963
0,3,receive_authenticate_accumulate,0.000058500,0.000058296
0,3,receive_authenticate_accumulate,0.017233189,0.017233204
0,3,receive_authenticate_accumulate,0.000057351,0.000057204
0,3,receive_authenticate_accumulate,0.017226671,0.017226759
0,3,receive_authenticate_accumulate,0.000057407,0.000057278
0,3,receive_authenticate_accumulate,0.017226263,0.017226389
0,3,receive_authenticate_accumulate,0.000057703,0.000057463
0,3,receive_authenticate_accumulate,0.017220634,0.017220722
0,3,receive_authenticate_accumulate,0.000056296,0.000055963
0,3,receive_authenticate_accumulate,0.017223227,0.017223222
0,3,receive_authenticate_accumulate,0.000056148,0.000055963
0,3,round_coverage,0.000003722,0.000003185
0,3,spatial_report,0.000040000,0.000039574
0,4,round_reset,0.000009241,0.000008018
0,4,receive_authenticate_accumulate,0.025859434,0.025859407
0,4,receive_authenticate_accumulate,0.000058203,0.000058129
0,4,receive_authenticate_accumulate,0.017220468,0.017220537
0,4,receive_authenticate_accumulate,0.000071333,0.000071185
0,4,receive_authenticate_accumulate,0.017274079,0.017230759
0,4,receive_authenticate_accumulate,0.000056777,0.000056629
0,4,reading_commitment_and_shares,0.026253321,0.026253296
0,4,receive_authenticate_accumulate,0.017219468,0.017219555
0,4,receive_authenticate_accumulate,0.000056518,0.000056259
0,4,receive_authenticate_accumulate,0.017226339,0.017226092
0,4,receive_authenticate_accumulate,0.000055796,0.000055481
0,4,receive_authenticate_accumulate,0.017217746,0.017217629
0,4,receive_authenticate_accumulate,0.000056259,0.000055963
0,4,receive_authenticate_accumulate,0.017214173,0.017214278
0,4,receive_authenticate_accumulate,0.000056462,0.000056130
0,4,receive_authenticate_accumulate,0.017236265,0.017236241
0,4,receive_authenticate_accumulate,0.000058981,0.000058777
0,4,receive_authenticate_accumulate,0.017227228,0.017227222
0,4,receive_authenticate_accumulate,0.000058259,0.000058111
0,4,receive_authenticate_accumulate,0.017228172,0.017228130
0,4,receive_authenticate_accumulate,0.000058241,0.000058055
0,4,receive_authenticate_accumulate,0.017217672,0.017217703
0,4,receive_authenticate_accumulate,0.000057370,0.000057185
0,4,receive_authenticate_accumulate,0.017223487,0.017223351
0,4,receive_authenticate_accumulate,0.000057130,0.000056908
0,4,receive_authenticate_accumulate,0.017236061,0.017236019
0,4,receive_authenticate_accumulate,0.000057592,0.000057259
0,4,receive_authenticate_accumulate,0.017230024,0.017229908
0,4,receive_authenticate_accumulate,0.000057129,0.000057000
0,4,receive_authenticate_accumulate,0.017233191,0.017233092
0,4,receive_authenticate_accumulate,0.000057499,0.000057315
0,4,receive_authenticate_accumulate,0.017229413,0.017229370
0,4,receive_authenticate_accumulate,0.000055573,0.000055074
0,4,receive_authenticate_accumulate,0.017251506,0.017231481
0,4,receive_authenticate_accumulate,0.000055963,0.000055834
0,4,receive_authenticate_accumulate,0.017225043,0.017225074
0,4,receive_authenticate_accumulate,0.000055778,0.000055555
0,4,receive_authenticate_accumulate,0.017221191,0.017221092
0,4,receive_authenticate_accumulate,0.000054926,0.000054518
0,4,receive_authenticate_accumulate,0.017218673,0.017218666
0,4,receive_authenticate_accumulate,0.000054259,0.000054111
0,4,round_coverage,0.000003259,0.000002666
0,4,spatial_report,0.000041056,0.000040722
0,5,round_reset,0.000009074,0.000007981
0,5,receive_authenticate_accumulate,0.017227748,0.017227629
0,5,receive_authenticate_accumulate,0.000057037,0.000056426
0,5,receive_authenticate_accumulate,0.017220489,0.017220555
0,5,receive_authenticate_accumulate,0.000055889,0.000055685
0,5,receive_authenticate_accumulate,0.017218229,0.017218167
0,5,receive_authenticate_accumulate,0.000054463,0.000054333
0,5,reading_commitment_and_shares,0.026265786,0.026265796
0,5,receive_authenticate_accumulate,0.017257062,0.017220704
0,5,receive_authenticate_accumulate,0.000056110,0.000055815
0,5,receive_authenticate_accumulate,0.017222136,0.017222185
0,5,receive_authenticate_accumulate,0.000056907,0.000056630
0,5,receive_authenticate_accumulate,0.017217730,0.017217556
0,5,receive_authenticate_accumulate,0.000055796,0.000055555
0,5,receive_authenticate_accumulate,0.017222785,0.017222314
0,5,receive_authenticate_accumulate,0.000056555,0.000056407
0,5,receive_authenticate_accumulate,0.017216822,0.017216907
0,5,receive_authenticate_accumulate,0.000057130,0.000057000
0,5,receive_authenticate_accumulate,0.017220822,0.017220870
0,5,receive_authenticate_accumulate,0.000055907,0.000055519
0,5,receive_authenticate_accumulate,0.017219840,0.017219778
0,5,receive_authenticate_accumulate,0.000056333,0.000056111
0,5,receive_authenticate_accumulate,0.017218378,0.017218389
0,5,receive_authenticate_accumulate,0.000058055,0.000057907
0,5,receive_authenticate_accumulate,0.017217081,0.017217056
0,5,receive_authenticate_accumulate,0.000056499,0.000056240
0,5,receive_authenticate_accumulate,0.017221045,0.017220981
0,5,receive_authenticate_accumulate,0.000056611,0.000056463
0,5,receive_authenticate_accumulate,0.017261637,0.017229890
0,5,receive_authenticate_accumulate,0.000056240,0.000056093
0,5,receive_authenticate_accumulate,0.017224970,0.017225111
0,5,receive_authenticate_accumulate,0.000057221,0.000057000
0,5,receive_authenticate_accumulate,0.017219489,0.017219259
0,5,receive_authenticate_accumulate,0.000055963,0.000055741
0,5,receive_authenticate_accumulate,0.017228785,0.017228814
0,5,receive_authenticate_accumulate,0.000057445,0.000057370
0,5,receive_authenticate_accumulate,0.017221822,0.017221796
0,5,receive_authenticate_accumulate,0.000056537,0.000056315
0,5,receive_authenticate_accumulate,0.017228619,0.017228648
0,5,receive_authenticate_accumulate,0.000057611,0.000057444
0,5,receive_authenticate_accumulate,0.017217655,0.017217649
0,5,receive_authenticate_accumulate,0.000057314,0.000057111
0,5,round_coverage,0.000003148,0.000002685
0,5,spatial_report,0.000041315,0.000040982
0,6,round_reset,0.000008944,0.000007704
0,6,receive_authenticate_accumulate,0.017233638,0.017233481
0,6,receive_authenticate_accumulate,0.000056740,0.000056481
0,6,receive_authenticate_accumulate,0.017224009,0.017224092
0,6,receive_authenticate_accumulate,0.000057481,0.000057278
0,6,receive_authenticate_accumulate,0.017222027,0.017222148
0,6,receive_authenticate_accumulate,0.000056703,0.000056537
0,6,reading_commitment_and_shares,0.026269047,0.026269129
0,6,receive_authenticate_accumulate,0.017215898,0.017216037
0,6,receive_authenticate_accumulate,0.000056666,0.000056444
0,6,receive_authenticate_accumulate,0.017218694,0.017218722
0,6,receive_authenticate_accumulate,0.000055704,0.000055389
0,6,receive_authenticate_accumulate,0.017226416,0.017226296
0,6,receive_authenticate_accumulate,0.000055648,0.000055555
0,6,receive_authenticate_accumulate,0.017229565,0.017229630
0,6,receive_authenticate_accumulate,0.000056981,0.000056741
0,6,receive_authenticate_accumulate,0.017226120,0.017226093
0,6,receive_authenticate_accumulate,0.000057796,0.000057704
0,6,receive_authenticate_accumulate,0.017228805,0.017228815
0,6,receive_authenticate_accumulate,0.000056629,0.000056537
0,6,receive_authenticate_accumulate,0.017223991,0.017224037
0,6,receive_authenticate_accumulate,0.000057388,0.000057241
0,6,receive_authenticate_accumulate,0.017278342,0.017234796
0,6,receive_authenticate_accumulate,0.000058296,0.000058167
0,6,receive_authenticate_accumulate,0.017217453,0.017217482
0,6,receive_authenticate_accumulate,0.000056500,0.000056222
0,6,receive_authenticate_accumulate,0.017222287,0.017222351
0,6,receive_authenticate_accumulate,0.000059481,0.000059351
0,6,receive_authenticate_accumulate,0.017226842,0.017226685
0,6,receive_authenticate_accumulate,0.000057166,0.000056963
0,6,receive_authenticate_accumulate,0.017230546,0.017230500
0,6,receive_authenticate_accumulate,0.000058203,0.000058092
0,6,receive_authenticate_accumulate,0.017252286,0.017243853
0,6,receive_authenticate_accumulate,0.000054815,0.000054574
0,6,receive_authenticate_accumulate,0.017226676,0.017226740
0,6,receive_authenticate_accumulate,0.000057184,0.000057056
0,6,receive_authenticate_accumulate,0.017226731,0.017226703
0,6,receive_authenticate_accumulate,0.000057241,0.000057055
0,6,receive_authenticate_accumulate,0.017228102,0.017227870
0,6,receive_authenticate_accumulate,0.000056426,0.000056315
0,6,receive_authenticate_accumulate,0.017223509,0.017223519
0,6,receive_authenticate_accumulate,0.000058055,0.000057833
0,6,round_coverage,0.000002889,0.000002426
0,6,spatial_report,0.000040185,0.000039870
0,7,round_reset,0.000009297,0.000008111
0,7,receive_authenticate_accumulate,0.028778350,0.028743575
0,7,receive_authenticate_accumulate,0.000057073,0.000056852
0,7,receive_authenticate_accumulate,0.017275658,0.017248260
0,7,receive_authenticate_accumulate,0.000058333,0.000058148
0,7,receive_authenticate_accumulate,0.017216066,0.017216259
0,7,receive_authenticate_accumulate,0.000058370,0.000058111
0,7,reading_commitment_and_shares,0.026261087,0.026261259
0,7,receive_authenticate_accumulate,0.017218121,0.017218222
0,7,receive_authenticate_accumulate,0.000058055,0.000057759
0,7,receive_authenticate_accumulate,0.017228010,0.017227945
0,7,receive_authenticate_accumulate,0.000057241,0.000056963
0,7,receive_authenticate_accumulate,0.017229584,0.017229519
0,7,receive_authenticate_accumulate,0.000058240,0.000057851
0,7,receive_authenticate_accumulate,0.017226807,0.017226759
0,7,receive_authenticate_accumulate,0.000057166,0.000057037
0,7,receive_authenticate_accumulate,0.017228788,0.017228704
0,7,receive_authenticate_accumulate,0.000057074,0.000056889
0,7,receive_authenticate_accumulate,0.017215233,0.017215240
0,7,receive_authenticate_accumulate,0.000056389,0.000056315
0,7,receive_authenticate_accumulate,0.017230492,0.017230556
0,7,receive_authenticate_accumulate,0.000058241,0.000058037
0,7,receive_authenticate_accumulate,0.017226399,0.017226408
0,7,receive_authenticate_accumulate,0.000057741,0.000057500
0,7,receive_authenticate_accumulate,0.017224788,0.017224703
0,7,receive_authenticate_accumulate,0.000058888,0.000058574
0,7,receive_authenticate_accumulate,0.017237288,0.017237166
0,7,receive_authenticate_accumulate,0.000056926,0.000056685
0,7,receive_authenticate_accumulate,0.017222659,0.017222593
0,7,receive_authenticate_accumulate,0.000059018,0.000058852
0,7,receive_authenticate_accumulate,0.017221473,0.017221444
0,7,receive_authenticate_accumulate,0.000057536,0.000057389
0,7,receive_authenticate_accumulate,0.017275807,0.017250333
0,7,receive_authenticate_accumulate,0.000057648,0.000057370
0,7,receive_authenticate_accumulate,0.017230511,0.017230407
0,7,receive_authenticate_accumulate,0.000056444,0.000056482
0,7,receive_authenticate_accumulate,0.017228881,0.017228852
0,7,receive_authenticate_accumulate,0.000057740,0.000057518
0,7,receive_authenticate_accumulate,0.017227436,0.017227296
0,7,receive_authenticate_accumulate,0.000058796,0.000058389
0,7,receive_authenticate_accumulate,0.017231973,0.017232019
0,7,receive_authenticate_accumulate,0.000056537,0.000056204
0,7,round_coverage,0.000003111,0.000002611
0,7,spatial_report,0.000040278,0.000039834
0,8,round_reset,0.000008870,0.000007611
0,8,receive_authenticate_accumulate,0.028732575,0.028732593
0,8,receive_authenticate_accumulate,0.000057037,0.000056796
0,8,receive_authenticate_accumulate,0.017232030,0.017232018
0,8,receive_authenticate_accumulate,0.000057074,0.000056963
0,8,receive_authenticate_accumulate,0.017222363,0.017222593
0,8,receive_authenticate_accumulate,0.000057704,0.000057537
0,8,reading_commitment_and_shares,0.026255830,0.026255908
0,8,receive_authenticate_accumulate,0.017304697,0.017237278
0,8,receive_authenticate_accumulate,0.000056592,0.000056408
0,8,receive_authenticate_accumulate,0.017220234,0.017220333
0,8,receive_authenticate_accumulate,0.000056481,0.000056371
0,8,receive_authenticate_accumulate,0.017226327,0.017226111
0,8,receive_authenticate_accumulate,0.000056685,0.000056574
0,8,receive_authenticate_accumulate,0.017226105,0.017226056
0,8,receive_authenticate_accumulate,0.000057926,0.000057778
0,8,receive_authenticate_accumulate,0.017222049,0.017222000
0,8,receive_authenticate_accumulate,0.000057852,0.000057685
0,8,receive_authenticate_accumulate,0.017227679,0.017227833
0,8,receive_authenticate_accumulate,0.000055981,0.000055759
0,8,receive_authenticate_accumulate,0.017228160,0.017228278
0,8,receive_authenticate_accumulate,0.000057278,0.000057092
0,8,receive_authenticate_accumulate,0.017234105,0.017219649
0,8,receive_authenticate_accumulate,0.000057444,0.000057241
0,8,receive_authenticate_accumulate,0.017219734,0.017219686
0,8,receive_authenticate_accumulate,0.000057685,0.000057555
0,8,receive_authenticate_accumulate,0.017224605,0.017224574
0,8,receive_authenticate_accumulate,0.000055518,0.000055444
0,8,receive_authenticate_accumulate,0.017233863,0.017233759
0,8,receive_authenticate_accumulate,0.000057111,0.000056945
0,8,receive_authenticate_accumulate,0.017220493,0.017220611
0,8,receive_authenticate_accumulate,0.000058092,0.000057871
0,8,receive_authenticate_accumulate,0.017231363,0.017231500
0,8,receive_authenticate_accumulate,0.000058647,0.000058426
0,8,receive_authenticate_accumulate,0.017222623,0.017222630
0,8,receive_authenticate_accumulate,0.000057870,0.000057722
0,8,receive_authenticate_accumulate,0.017259456,0.017259149
0,8,receive_authenticate_accumulate,0.000058444,0.000058277
0,8,receive_authenticate_accumulate,0.017231919,0.017231666
0,8,receive_authenticate_accumulate,0.000057611,0.000057388
0,8,receive_authenticate_accumulate,0.017223771,0.017223907
0,8,receive_authenticate_accumulate,0.000057648,0.000057500
0,8,round_coverage,0.000003352,0.000002740
0,8,spatial_report,0.000042537,0.000042074
0,9,round_reset,0.000009463,0.000008167
0,9,receive_authenticate_accumulate,0.017208698,0.017208592
0,9,receive_authenticate_accumulate,0.000057537,0.000057260
0,9,receive_authenticate_accumulate,0.017223827,0.017223852
0,9,receive_authenticate_accumulate,0.000056666,0.000056519
0,9,receive_authenticate_accumulate,0.017218550,0.017218574
0,9,receive_authenticate_accumulate,0.000056055,0.000055926
0,9,reading_commitment_and_shares,0.026255628,0.026255593
0,9,receive_authenticate_accumulate,0.017251235,0.017224055
0,9,receive_authenticate_accumulate,0.000057426,0.000057222
0,9,receive_authenticate_accumulate,0.017227513,0.017227611
0,9,receive_authenticate_accumulate,0.000057111,0.000056815
0,9,receive_authenticate_accumulate,0.017227995,0.017228130
0,9,receive_authenticate_accumulate,0.000057222,0.000057185
0,9,receive_authenticate_accumulate,0.017223828,0.017223834
0,9,receive_authenticate_accumulate,0.000055982,0.000055778
0,9,receive_authenticate_accumulate,0.017227698,0.017227722
0,9,receive_authenticate_accumulate,0.000057222,0.000056833
0,9,receive_authenticate_accumulate,0.017230124,0.017230204
0,9,receive_authenticate_accumulate,0.000057185,0.000056982
0,9,receive_authenticate_accumulate,0.017231883,0.017231908
0,9,receive_authenticate_accumulate,0.000058295,0.000058093
0,9,receive_authenticate_accumulate,0.017221254,0.017221259
0,9,receive_authenticate_accumulate,0.000057611,0.000057463
0,9,receive_authenticate_accumulate,0.017221031,0.017220999
0,9,receive_authenticate_accumulate,0.000056073,0.000055944
0,9,receive_authenticate_accumulate,0.017231087,0.017231130
0,9,receive_authenticate_accumulate,0.000079499,0.000079241
0,9,receive_authenticate_accumulate,0.017234791,0.017234630
0,9,receive_authenticate_accumulate,0.000058833,0.000058629
0,9,receive_authenticate_accumulate,0.017224883,0.017224870
0,9,receive_authenticate_accumulate,0.000057499,0.000057389
0,9,receive_authenticate_accumulate,0.017280347,0.017242796
0,9,receive_authenticate_accumulate,0.000057388,0.000057315
0,9,receive_authenticate_accumulate,0.017223717,0.017223722
0,9,receive_authenticate_accumulate,0.000057018,0.000056963
0,9,receive_authenticate_accumulate,0.017276735,0.017247407
0,9,receive_authenticate_accumulate,0.000057445,0.000057333
0,9,receive_authenticate_accumulate,0.017236569,0.017236648
0,9,receive_authenticate_accumulate,0.000057500,0.000057370
0,9,receive_authenticate_accumulate,0.017224513,0.017224556
0,9,receive_authenticate_accumulate,0.000059333,0.000059148
0,9,round_coverage,0.000003592,0.000003111
0,9,spatial_report,0.000042519,0.000042241
0,9,billing_report,0.000426997,0.000426537
1,10,period_reset,0.000025722,0.000024519
1,10,receive_authenticate_accumulate,0.000094055,0.000093963
1,10,receive_authenticate_accumulate,0.000090870,0.000090759
1,10,receive_authenticate_accumulate,0.000092611,0.000092685
1,10,randomness_commit,0.000814514,0.000813796
1,10,receive_authenticate_accumulate,0.000083888,0.000083945
1,10,receive_authenticate_accumulate,0.000091999,0.000092129
1,10,receive_authenticate_accumulate,0.000091389,0.000091167
1,10,receive_authenticate_accumulate,0.000091444,0.000091203
1,10,receive_authenticate_accumulate,0.000092110,0.000091908
1,10,receive_authenticate_accumulate,0.000070036,0.000069760
1,10,receive_authenticate_accumulate,0.000070666,0.000070574
1,10,receive_authenticate_accumulate,0.000068666,0.000068296
1,10,receive_authenticate_accumulate,0.000070370,0.000070166
1,10,receive_authenticate_accumulate,0.000069889,0.000069556
1,10,receive_authenticate_accumulate,0.000071666,0.000071426
1,10,receive_authenticate_accumulate,0.000069925,0.000069778
1,10,receive_authenticate_accumulate,0.000071129,0.000070852
1,10,receive_authenticate_accumulate,0.000071148,0.000070907
1,10,receive_authenticate_accumulate,0.000069296,0.000068963
1,10,receive_authenticate_accumulate,0.000070333,0.000070149
1,10,receive_authenticate_accumulate,0.000070203,0.000069907
1,10,receive_authenticate_accumulate,0.000083889,0.000083722
1,10,receive_authenticate_accumulate,0.000100388,0.000100408
1,10,receive_authenticate_accumulate,0.000081907,0.000080981
1,10,randomness_reveal,0.000555237,0.000554148
1,10,receive_authenticate_accumulate,0.000074370,0.000074445
1,10,receive_authenticate_accumulate,0.000080389,0.000080148
1,10,receive_authenticate_accumulate,0.000078573,0.000078666
1,10,receive_authenticate_accumulate,0.000081833,0.000081944
1,10,receive_authenticate_accumulate,0.000080315,0.000080408
1,10,receive_authenticate_accumulate,0.000081036,0.000080870
1,10,receive_authenticate_accumulate,0.000081370,0.000081259
1,10,receive_authenticate_accumulate,0.000067185,0.000067056
1,10,receive_authenticate_accumulate,0.000065499,0.000065315
1,10,receive_authenticate_accumulate,0.000064574,0.000064444
1,10,receive_authenticate_accumulate,0.000065907,0.000065741
1,10,receive_authenticate_accumulate,0.000064518,0.000064351
1,10,receive_authenticate_accumulate,0.000065611,0.000064778
1,10,receive_authenticate_accumulate,0.000066407,0.000066259
1,10,receive_authenticate_accumulate,0.000065592,0.000065278
1,10,receive_authenticate_accumulate,0.000065722,0.000065648
1,10,receive_authenticate_accumulate,0.000065907,0.000065815
1,10,committee_selection,0.000124462,0.000124223
1,10,round_reset,0.000005926,0.000005223
1,10,receive_authenticate_accumulate,0.017228847,0.017228852
1,10,receive_authenticate_accumulate,0.017275365,0.017235685
1,10,receive_authenticate_accumulate,0.017271217,0.017245927
1,10,reading_commitment_and_shares,0.026262686,0.026262962
1,10,receive_authenticate_accumulate,0.017213570,0.017213593
1,10,receive_authenticate_accumulate,0.017218236,0.017218167
1,10,receive_authenticate_accumulate,0.017226903,0.017226778
1,10,receive_authenticate_accumulate,0.017226329,0.017226204
1,10,receive_authenticate_accumulate,0.017221921,0.017221759
1,10,receive_authenticate_accumulate,0.017227699,0.017227593
1,10,receive_authenticate_accumulate,0.017230199,0.017230074
1,10,receive_authenticate_accumulate,0.017235255,0.017235222
1,10,receive_authenticate_accumulate,0.017240903,0.017240759
1,10,receive_authenticate_accumulate,0.018422008,0.017260889
1,10,receive_authenticate_accumulate,0.017226922,0.017226722
1,10,receive_authenticate_accumulate,0.017280236,0.017239778
1,10,receive_authenticate_accumulate,0.017230052,0.017230074
1,10,receive_authenticate_accumulate,0.017257051,0.017230185
1,10,receive_authenticate_accumulate,0.017230625,0.017230481
1,10,receive_authenticate_accumulate,0.017229070,0.017228945
1,10,receive_authenticate_accumulate,0.017233181,0.017233036
1,10,round_coverage,0.000004000,0.000003482
1,11,round_reset,0.000008851,0.000007741
1,11,receive_authenticate_accumulate,0.028816099,0.028769334
1,11,receive_authenticate_accumulate,0.017236163,0.017236222
1,11,receive_authenticate_accumulate,0.017239978,0.017239870
1,11,reading_commitment_and_shares,0.026260947,0.026261056
1,11,receive_authenticate_accumulate,0.017221089,0.017221130
1,11,receive_authenticate_accumulate,0.017236163,0.017236056
1,11,receive_authenticate_accumulate,0.017235090,0.017234833
1,11,receive_authenticate_accumulate,0.017230423,0.017230481
1,11,receive_authenticate_accumulate,0.017241460,0.017241389
1,11,receive_authenticate_accumulate,0.017229386,0.017229185
1,11,receive_authenticate_accumulate,0.017231960,0.017231908
1,11,receive_authenticate_accumulate,0.017225645,0.017225463
1,11,receive_authenticate_accumulate,0.017224645,0.017224537
1,11,receive_authenticate_accumulate,0.017238127,0.017237982
1,11,receive_authenticate_accumulate,0.017277996,0.017243222
1,11,receive_authenticate_accumulate,0.017223848,0.017223685
1,11,receive_authenticate_accumulate,0.017238959,0.017238796
1,11,receive_authenticate_accumulate,0.017231163,0.017230796
1,11,receive_authenticate_accumulate,0.017237793,0.017237667
1,11,receive_authenticate_accumulate,0.017230589,0.017230408
1,11,receive_authenticate_accumulate,0.017236701,0.017236240
1,11,round_coverage,0.000004444,0.000003814
1,12,round_reset,0.000008629,0.000007259
1,12,receive_authenticate_accumulate,0.017232257,0.017231796
1,12,receive_authenticate_accumulate,0.017227960,0.017227833
1,12,receive_authenticate_accumulate,0.017226813,0.017226685
1,12,reading_commitment_and_shares,0.026302263,0.026272870
1,12,receive_authenticate_accumulate,0.017216720,0.017216760
1,12,receive_authenticate_accumulate,0.017224109,0.017224019
1,12,receive_authenticate_accumulate,0.017226609,0.017226444
1,12,receive_authenticate_accumulate,0.017228480,0.017228351
1,12,receive_authenticate_accumulate,0.017236998,0.017236852
1,12,receive_authenticate_accumulate,0.017233795,0.017234000
1,12,receive_authenticate_accumulate,0.017232258,0.017232166
1,12,receive_authenticate_accumulate,0.017231647,0.017231426
1,12,receive_authenticate_accumulate,0.017224035,0.017223833
1,12,receive_authenticate_accumulate,0.017261350,0.017240610
1,12,receive_authenticate_accumulate,0.017248368,0.017234574
1,12,receive_authenticate_accumulate,0.017237757,0.017237611
1,12,receive_authenticate_accumulate,0.017234480,0.017234370
1,12,receive_authenticate_accumulate,0.017226887,0.017226666
1,12,receive_authenticate_accumulate,0.017234684,0.017234648
1,12,receive_authenticate_accumulate,0.017232572,0.017232445
1,12,receive_authenticate_accumulate,0.017236073,0.017235981
1,12,round_coverage,0.000004111,0.000003500
1,13,round_reset,0.000009796,0.000008518
1,13,receive_authenticate_accumulate,0.017235925,0.017235982
1,13,receive_authenticate_accumulate,0.017233110,0.017233166
1,13,receive_authenticate_accumulate,0.017236388,0.017236203
1,13,reading_commitment_and_shares,0.026271969,0.026272204
1,13,receive_authenticate_accumulate,0.017243258,0.017243982
1,13,receive_authenticate_accumulate,0.017228332,0.017228315
1,13,receive_authenticate_accumulate,0.017233277,0.017233130
1,13,receive_authenticate_accumulate,0.017237444,0.017237296
1,13,receive_authenticate_accumulate,0.017211610,0.017211482
1,13,receive_authenticate_accumulate,0.017233869,0.017233741
1,13,receive_authenticate_accumulate,0.017226073,0.017225796
1,13,receive_authenticate_accumulate,0.017235721,0.017235612
1,13,receive_authenticate_accumulate,0.017232351,0.017232203
1,13,receive_authenticate_accumulate,0.017271814,0.017240741
1,13,receive_authenticate_accumulate,0.017229203,0.017229111
1,13,receive_authenticate_accumulate,0.017232925,0.017232944
1,13,receive_authenticate_accumulate,0.017233351,0.017233223
1,13,receive_authenticate_accumulate,0.017228203,0.017228000
1,13,receive_authenticate_accumulate,0.017236962,0.017236852
1,13,receive_authenticate_accumulate,0.017237666,0.017237555
1,13,receive_authenticate_accumulate,0.017266721,0.017247148
1,13,round_coverage,0.000004278,0.000003556
1,14,round_reset,0.000009037,0.000007871
1,14,receive_authenticate_accumulate,0.017230852,0.017230981
1,14,receive_authenticate_accumulate,0.017227889,0.017227796
1,14,receive_authenticate_accumulate,0.017228389,0.017228037
1,14,reading_commitment_and_shares,0.026301859,0.026301963
1,14,receive_authenticate_accumulate,0.017221796,0.017221945
1,14,receive_authenticate_accumulate,0.017225815,0.017225352
1,14,receive_authenticate_accumulate,0.017233944,0.017233685
1,14,receive_authenticate_accumulate,0.017235944,0.017235777
1,14,receive_authenticate_accumulate,0.017235555,0.017235444
1,14,receive_authenticate_accumulate,0.017222760,0.017222648
1,14,receive_authenticate_accumulate,0.017222611,0.017222481
1,14,receive_authenticate_accumulate,0.017226222,0.017225704
1,14,receive_authenticate_accumulate,0.017273536,0.017243407
1,14,receive_authenticate_accumulate,0.017233592,0.017233463
1,14,receive_authenticate_accumulate,0.017233926,0.017233833
1,14,receive_authenticate_accumulate,0.017230463,0.017230556
1,14,receive_authenticate_accumulate,0.017232389,0.017232296
1,14,receive_authenticate_accumulate,0.017226426,0.017226278
1,14,receive_authenticate_accumulate,0.017230315,0.017230222
1,14,receive_authenticate_accumulate,0.017229019,0.017229055
1,14,receive_authenticate_accumulate,0.017293833,0.017249741
1,14,round_coverage,0.000003796,0.000003297
1,15,round_reset,0.000010148,0.000008871
1,15,receive_authenticate_accumulate,0.017229001,0.017228833
1,15,receive_authenticate_accumulate,0.017234260,0.017234111
1,15,receive_authenticate_accumulate,0.017229038,0.017228944
1,15,reading_commitment_and_shares,0.026273120,0.026273074
1,15,receive_authenticate_accumulate,0.017271667,0.017228389
1,15,receive_authenticate_accumulate,0.017227982,0.017227814
1,15,receive_authenticate_accumulate,0.017239705,0.017239722
1,15,receive_authenticate_accumulate,0.017219890,0.017219870
1,15,receive_authenticate_accumulate,0.017235371,0.017235333
1,15,receive_authenticate_accumulate,0.017229075,0.017228852
1,15,receive_authenticate_accumulate,0.017227409,0.017227166
1,15,receive_authenticate_accumulate,0.017224501,0.017224537
1,15,receive_authenticate_accumulate,0.017227131,0.017226889
1,15,receive_authenticate_accumulate,0.017234575,0.017234500
1,15,receive_authenticate_accumulate,0.017234001,0.017234019
1,15,receive_authenticate_accumulate,0.017230520,0.017230315
1,15,receive_authenticate_accumulate,0.017227964,0.017228019
1,15,receive_authenticate_accumulate,0.017231556,0.017231351
1,15,receive_authenticate_accumulate,0.017222816,0.017222704
1,15,receive_authenticate_accumulate,0.017228668,0.017228574
1,15,receive_authenticate_accumulate,0.017232038,0.017231797
1,15,round_coverage,0.000003667,0.000003278
1,16,round_reset,0.000009407,0.000008167
1,16,receive_authenticate_accumulate,0.025854345,0.025854019
1,16,receive_authenticate_accumulate,0.017228391,0.017228259
1,16,receive_authenticate_accumulate,0.017234613,0.017234259
1,16,reading_commitment_and_shares,0.026262936,0.026263241
1,16,receive_authenticate_accumulate,0.017210909,0.017210870
1,16,receive_authenticate_accumulate,0.017237483,0.017237352
1,16,receive_authenticate_accumulate,0.017227242,0.017227093
1,16,receive_authenticate_accumulate,0.017230020,0.017229871
1,16,receive_authenticate_accumulate,0.017223353,0.017223278
1,16,receive_authenticate_accumulate,0.017226595,0.017226296
1,16,receive_authenticate_accumulate,0.017234835,0.017234778
1,16,receive_authenticate_accumulate,0.017247539,0.017247444
1,16,receive_authenticate_accumulate,0.017220354,0.017220222
1,16,receive_authenticate_accumulate,0.017234743,0.017234611
1,16,receive_authenticate_accumulate,0.017231113,0.017230889
1,16,receive_authenticate_accumulate,0.017225261,0.017225111
1,16,receive_authenticate_accumulate,0.017235705,0.017235574
1,16,receive_authenticate_accumulate,0.017227391,0.017227037
1,16,receive_authenticate_accumulate,0.017224243,0.017224314
1,16,receive_authenticate_accumulate,0.017226150,0.017226074
1,16,receive_authenticate_accumulate,0.017229891,0.017229962
1,16,round_coverage,0.000003888,0.000003371
1,17,round_reset,0.000009833,0.000008574
1,17,receive_authenticate_accumulate,0.017232688,0.017231963
1,17,receive_authenticate_accumulate,0.017222410,0.017222277
1,17,receive_authenticate_accumulate,0.017234188,0.017233981
1,17,reading_commitment_and_shares,0.026269289,0.026269259
1,17,receive_authenticate_accumulate,0.017217928,0.017217759
1,17,receive_authenticate_accumulate,0.017229799,0.017229741
1,17,receive_authenticate_accumulate,0.017221392,0.017221241
1,17,receive_authenticate_accumulate,0.017300762,0.017258018
1,17,receive_authenticate_accumulate,0.017224410,0.017224186
1,17,receive_authenticate_accumulate,0.017225281,0.017225037
1,17,receive_authenticate_accumulate,0.017226670,0.017226352
1,17,receive_authenticate_accumulate,0.017232670,0.017232574
1,17,receive_authenticate_accumulate,0.017234428,0.017234259
1,17,receive_authenticate_accumulate,0.017228040,0.017227796
1,17,receive_authenticate_accumulate,0.017237114,0.017236833
1,17,receive_authenticate_accumulate,0.017254910,0.017255723
1,17,receive_authenticate_accumulate,0.017237503,0.017237277
1,17,receive_authenticate_accumulate,0.017223058,0.017222963
1,17,receive_authenticate_accumulate,0.017221595,0.017221444
1,17,receive_authenticate_accumulate,0.017227448,0.017227259
1,17,receive_authenticate_accumulate,0.017227577,0.017227444
1,17,round_coverage,0.000004407,0.000003777
1,18,round_reset,0.000008555,0.000007167
1,18,receive_authenticate_accumulate,0.017224040,0.017223796
1,18,receive_authenticate_accumulate,0.017228189,0.017227963
1,18,receive_authenticate_accumulate,0.017220096,0.017219926
1,18,reading_commitment_and_shares,0.026265623,0.026265926
1,18,receive_authenticate_accumulate,0.017226004,0.017225981
1,18,receive_authenticate_accumulate,0.017229448,0.017229297
1,18,receive_authenticate_accumulate,0.017230430,0.017230352
1,18,receive_authenticate_accumulate,0.017285781,0.017255741
1,18,receive_authenticate_accumulate,0.017232892,0.017232778
1,18,receive_authenticate_accumulate,0.017220318,0.017220222
1,18,receive_authenticate_accumulate,0.017226504,0.017226371
1,18,receive_authenticate_accumulate,0.017238966,0.017238851
1,18,receive_authenticate_accumulate,0.017230374,0.017230297
1,18,receive_authenticate_accumulate,0.017259633,0.017246351
1,18,receive_authenticate_accumulate,0.017266114,0.017237204
1,18,receive_authenticate_accumulate,0.017225708,0.017225518
1,18,receive_authenticate_accumulate,0.017222948,0.017222852
1,18,receive_authenticate_accumulate,0.017232930,0.017232759
1,18,receive_authenticate_accumulate,0.017228559,0.017228444
1,18,receive_authenticate_accumulate,0.017243466,0.017243407
1,18,receive_authenticate_accumulate,0.017230763,0.017230667
1,18,round_coverage,0.000003537,0.000003000
1,19,round_reset,0.000008944,0.000007315
1,19,receive_authenticate_accumulate,0.028793463,0.028746759
1,19,receive_authenticate_accumulate,0.017223764,0.017223537
1,19,receive_authenticate_accumulate,0.017226634,0.017226556
1,19,reading_commitment_and_shares,0.026259883,0.026260037
1,19,receive_authenticate_accumulate,0.017218578,0.017218593
1,19,receive_authenticate_accumulate,0.017227727,0.017227574
1,19,receive_authenticate_accumulate,0.017229023,0.017228926
1,19,receive_authenticate_accumulate,0.017219615,0.017219500
1,19,receive_authenticate_accumulate,0.017229152,0.017228944
1,19,receive_authenticate_accumulate,0.017230652,0.017230407
1,19,receive_authenticate_accumulate,0.017225375,0.017225111
1,19,receive_authenticate_accumulate,0.017230412,0.017230481
1,19,receive_authenticate_accumulate,0.017223393,0.017223259
1,19,receive_authenticate_accumulate,0.017235745,0.017235481
1,19,receive_authenticate_accumulate,0.017226578,0.017226592
1,19,receive_authenticate_accumulate,0.017235874,0.017235611
1,19,receive_authenticate_accumulate,0.017224597,0.017224425
1,19,receive_authenticate_accumulate,0.017226412,0.017226389
1,19,receive_authenticate_accumulate,0.017230541,0.017230388
1,19,receive_authenticate_accumulate,0.017235319,0.017235166
1,19,receive_authenticate_accumulate,0.017222579,0.017222445
1,19,round_coverage,0.000004278,0.000003611
2,20,period_reset,0.000025315,0.000024167
2,20,receive_authenticate_accumulate,0.000100333,0.000100222
2,20,receive_authenticate_accumulate,0.000126240,0.000126148
2,20,receive_authenticate_accumulate,0.000085592,0.000085148
2,20,randomness_commit,0.000814366,0.000814093
2,20,receive_authenticate_accumulate,0.000074278,0.000074167
2,20,receive_authenticate_accumulate,0.000087648,0.000087555
2,20,receive_authenticate_accumulate,0.000083148,0.000081796
2,20,receive_authenticate_accumulate,0.000085000,0.000084611
2,20,receive_authenticate_accumulate,0.000085130,0.000085111
2,20,receive_authenticate_accumulate,0.000086110,0.000086111
2,20,receive_authenticate_accumulate,0.000084074,0.000083815
2,20,receive_authenticate_accumulate,0.000084685,0.000084666
2,20,receive_authenticate_accumulate,0.000083389,0.000083185
2,20,receive_authenticate_accumulate,0.000085685,0.000085537
2,20,receive_authenticate_accumulate,0.000086963,0.000086963
2,20,receive_authenticate_accumulate,0.000084278,0.000084185
2,20,receive_authenticate_accumulate,0.000081277,0.000081111
2,20,receive_authenticate_accumulate,0.000082833,0.000082871
2,20,receive_authenticate_accumulate,0.000037278,0.000037167
2,20,receive_authenticate_accumulate,0.000037111,0.000036963
2,20,receive_authenticate_accumulate,0.000031648,0.000031407
2,20,receive_authenticate_accumulate,0.000046408,0.000046445
2,20,receive_authenticate_accumulate,0.000068147,0.000068092
2,20,receive_authenticate_accumulate,0.000039796,0.000039667
2,20,randomness_reveal,0.000303610,0.000303314
2,20,receive_authenticate_accumulate,0.000040611,0.000040463
2,20,receive_authenticate_accumulate,0.000039889,0.000039574
2,20,receive_authenticate_accumulate,0.000045944,0.000045760
2,20,receive_authenticate_accumulate,0.000046574,0.000046148
2,20,receive_authenticate_accumulate,0.000039778,0.000039648
2,20,receive_authenticate_accumulate,0.000045592,0.000045537
2,20,receive_authenticate_accumulate,0.000044907,0.000044760
2,20,receive_authenticate_accumulate,0.000040148,0.000039908
2,20,receive_authenticate_accumulate,0.000045389,0.000045241
2,20,receive_authenticate_accumulate,0.000046278,0.000046203
2,20,receive_authenticate_accumulate,0.000039629,0.000039537
2,20,receive_authenticate_accumulate,0.000046037,0.000046019
2,20,receive_authenticate_accumulate,0.000039833,0.000039667
2,20,receive_authenticate_accumulate,0.000045333,0.000045203
2,20,receive_authenticate_accumulate,0.000045777,0.000045685
2,20,receive_authenticate_accumulate,0.000039907,0.000039815
2,20,receive_authenticate_accumulate,0.000045834,0.000045648
2,20,committee_selection,0.000084407,0.000084315
2,20,round_reset,0.000003870,0.000003407
2,20,receive_authenticate_accumulate,0.017233041,0.017232907
2,20,receive_authenticate_accumulate,0.000054167,0.000053926
2,20,receive_authenticate_accumulate,0.017225783,0.017225815
2,20,receive_authenticate_accumulate,0.000053463,0.000053259
2,20,receive_authenticate_accumulate,0.017219079,0.017219093
2,20,receive_authenticate_accumulate,0.000053315,0.000053000
2,20,reading_commitment_and_shares,0.026235181,0.026235463
2,20,receive_authenticate_accumulate,0.017216708,0.017216630
2,20,receive_authenticate_accumulate,0.000053259,0.000053056
2,20,receive_authenticate_accumulate,0.017266746,0.017241704
2,20,receive_authenticate_accumulate,0.000054759,0.000054444
2,20,receive_authenticate_accumulate,0.017220709,0.017220630
2,20,receive_authenticate_accumulate,0.000052907,0.000052667
2,20,receive_authenticate_accumulate,0.017212597,0.017212722
2,20,receive_authenticate_accumulate,0.000054111,0.000053889
2,20,receive_authenticate_accumulate,0.017228301,0.017228371
2,20,receive_authenticate_accumulate,0.000052629,0.000052334
2,20,receive_authenticate_accumulate,0.017213394,0.017213352
2,20,receive_authenticate_accumulate,0.000052518,0.000052056
2,20,receive_authenticate_accumulate,0.017223412,0.017223426
2,20,receive_authenticate_accumulate,0.000054314,0.000053963
2,20,receive_authenticate_accumulate,0.017216838,0.017216722
2,20,receive_authenticate_accumulate,0.000054425,0.000054333
2,20,receive_authenticate_accumulate,0.017239950,0.017239945
2,20,receive_authenticate_accumulate,0.000053537,0.000053500
2,20,receive_authenticate_accumulate,0.017215653,0.017215685
2,20,receive_authenticate_accumulate,0.000055092,0.000054889
2,20,receive_authenticate_accumulate,0.017222209,0.017222222
2,20,receive_authenticate_accumulate,0.000053518,0.000053407
2,20,receive_authenticate_accumulate,0.017220283,0.017220259
2,20,receive_authenticate_accumulate,0.000052907,0.000052759
2,20,receive_authenticate_accumulate,0.017224042,0.017223870
2,20,receive_authenticate_accumulate,0.000052277,0.000052148
2,20,receive_authenticate_accumulate,0.017218135,0.017218130
2,20,receive_authenticate_accumulate,0.000053667,0.000053555
2,20,receive_authenticate_accumulate,0.017225376,0.017225407
2,20,receive_authenticate_accumulate,0.000053074,0.000052908
2,20,receive_authenticate_accumulate,0.017217191,0.017217185
2,20,receive_authenticate_accumulate,0.000053389,0.000053315
2,20,receive_authenticate_accumulate,0.017220431,0.017220352
2,20,receive_authenticate_accumulate,0.000053481,0.000053407
2,20,round_coverage,0.000002888,0.000002445
2,20,spatial_report,0.000040333,0.000040000
2,21,round_reset,0.000008926,0.000007685
2,21,receive_authenticate_accumulate,0.017235395,0.017234963
2,21,receive_authenticate_accumulate,0.000054704,0.000054629
2,21,receive_authenticate_accumulate,0.017215302,0.017215389
2,21,receive_authenticate_accumulate,0.000055240,0.000055074
2,21,receive_authenticate_accumulate,0.017215820,0.017215852
2,21,receive_authenticate_accumulate,0.000053389,0.000053278
2,21,reading_commitment_and_shares,0.026255459,0.026255722
2,21,receive_authenticate_accumulate,0.017224894,0.017224963
2,21,receive_authenticate_accumulate,0.000052185,0.000052055
2,21,receive_authenticate_accumulate,0.017213543,0.017213704
2,21,receive_authenticate_accumulate,0.000052315,0.000052241
2,21,receive_authenticate_accumulate,0.017222801,0.017222945
2,21,receive_authenticate_accumulate,0.000053833,0.000053797
2,21,receive_authenticate_accumulate,0.017214506,0.017214463
2,21,receive_authenticate_accumulate,0.000053073,0.000052907
2,21,receive_authenticate_accumulate,0.017221968,0.017221889
2,21,receive_authenticate_accumulate,0.000055592,0.000055426
2,21,receive_authenticate_accumulate,0.017218839,0.017218926
2,21,receive_authenticate_accumulate,0.000054481,0.000054315
2,21,receive_authenticate_accumulate,0.017222006,0.017221945
2,21,receive_authenticate_accumulate,0.000054166,0.000053852
2,21,receive_authenticate_accumulate,0.017226543,0.017226648
2,21,receive_authenticate_accumulate,0.000053962,0.000053796
2,21,receive_authenticate_accumulate,0.017215987,0.017215944
2,21,receive_authenticate_accumulate,0.000053815,0.000053574
2,21,receive_authenticate_accumulate,0.017214006,0.017213926
2,21,receive_authenticate_accumulate,0.000061111,0.000060815
2,21,receive_authenticate_accumulate,0.017222321,0.017222352
2,21,receive_authenticate_accumulate,0.000055537,0.000055519
2,21,receive_authenticate_accumulate,0.017210709,0.017210481
2,21,receive_authenticate_accumulate,0.000054537,0.000054388
2,21,receive_authenticate_accumulate,0.017215191,0.017215222
2,21,receive_authenticate_accumulate,0.000055129,0.000055037
2,21,receive_authenticate_accumulate,0.017222506,0.017222500
2,21,receive_authenticate_accumulate,0.000056130,0.000056019
2,21,receive_authenticate_accumulate,0.017234598,0.017234500
2,21,receive_authenticate_accumulate,0.000055296,0.000055055
2,21,receive_authenticate_accumulate,0.017219932,0.017219945
2,21,receive_authenticate_accumulate,0.000054981,0.000054834
2,21,receive_authenticate_accumulate,0.017227302,0.017227296
2,21,receive_authenticate_accumulate,0.000055629,0.000055519
2,21,round_coverage,0.000002907,0.000002370
2,21,spatial_report,0.000038981,0.000038778
2,22,round_reset,0.000009148,0.000007889
2,22,receive_authenticate_accumulate,0.017232487,0.017232278
2,22,receive_authenticate_accumulate,0.000057037,0.000056852
2,22,receive_authenticate_accumulate,0.017264562,0.017245852
2,22,receive_authenticate_accumulate,0.000057777,0.000057611
2,22,receive_authenticate_accumulate,0.017231173,0.017231130
2,22,receive_authenticate_accumulate,0.000056352,0.000056351
2,22,reading_commitment_and_shares,0.026248739,0.026249203
2,22,receive_authenticate_accumulate,0.017221080,0.017221056
2,22,receive_authenticate_accumulate,0.000054056,0.000054037
2,22,receive_authenticate_accumulate,0.017223969,0.017223944
2,22,receive_authenticate_accumulate,0.000055463,0.000055296
2,22,receive_authenticate_accumulate,0.017213691,0.017213815
2,22,receive_authenticate_accumulate,0.000055092,0.000055037
2,22,receive_authenticate_accumulate,0.017221081,0.017221130
2,22,receive_authenticate_accumulate,0.000053759,0.000053704
2,22,receive_authenticate_accumulate,0.017217432,0.017217296
2,22,receive_authenticate_accumulate,0.000055314,0.000055204
2,22,receive_authenticate_accumulate,0.017220469,0.017220556
2,22,receive_authenticate_accumulate,0.000054185,0.000053963
2,22,receive_authenticate_accumulate,0.017213896,0.017213870
2,22,receive_authenticate_accumulate,0.000054667,0.000054389
2,22,receive_authenticate_accumulate,0.017217914,0.017217981
2,22,receive_authenticate_accumulate,0.000054647,0.000054648
2,22,receive_authenticate_accumulate,0.017222747,0.017222555
2,22,receive_authenticate_accumulate,0.000053907,0.000053852
2,22,receive_authenticate_accumulate,0.017227154,0.017227203
2,22,receive_authenticate_accumulate,0.000055981,0.000055777
2,22,receive_authenticate_accumulate,0.017235525,0.017235556
2,22,receive_authenticate_accumulate,0.000054407,0.000054297
2,22,receive_authenticate_accumulate,0.017224006,0.017224055
2,22,receive_authenticate_accumulate,0.000056481,0.000056370
2,22,receive_authenticate_accumulate,0.017221376,0.017221371
2,22,receive_authenticate_accumulate,0.000055370,0.000055278
2,22,receive_authenticate_accumulate,0.017227765,0.017227759
2,22,receive_authenticate_accumulate,0.000054222,0.000054074
2,22,receive_authenticate_accumulate,0.017237118,0.017237297
2,22,receive_authenticate_accumulate,0.000055258,0.000055130
2,22,receive_authenticate_accumulate,0.017224395,0.017224463
2,22,receive_authenticate_accumulate,0.000054314,0.000054277
2,22,receive_authenticate_accumulate,0.017255617,0.017245518
2,22,receive_authenticate_accumulate,0.000055241,0.000055148
2,22,round_coverage,0.000002944,0.000002445
2,22,spatial_report,0.000040074,0.000039722
2,23,round_reset,0.000009352,0.000007981
2,23,receive_authenticate_accumulate,0.028739820,0.028739944
2,23,receive_authenticate_accumulate,0.000054851,0.000054778
2,23,receive_authenticate_accumulate,0.017233321,0.017233148
2,23,receive_authenticate_accumulate,0.000055388,0.000055425
2,23,receive_authenticate_accumulate,0.017227321,0.017227277
2,23,receive_authenticate_accumulate,0.000053870,0.000053815
2,23,reading_commitment_and_shares,0.026253221,0.026253463
2,23,receive_authenticate_accumulate,0.017222525,0.017222537
2,23,receive_authenticate_accumulate,0.000055370,0.000055296
2,23,receive_authenticate_accumulate,0.017230007,0.017229740
2,23,receive_authenticate_accumulate,0.000056333,0.000056408
2,23,receive_authenticate_accumulate,0.017230247,0.017230370
2,23,receive_authenticate_accumulate,0.000052815,0.000052778
2,23,receive_authenticate_accumulate,0.017229748,0.017229925
2,23,receive_authenticate_accumulate,0.000055092,0.000055037
2,23,receive_authenticate_accumulate,0.017220840,0.017220852
2,23,receive_authenticate_accumulate,0.000055555,0.000055518
2,23,receive_authenticate_accumulate,0.017214673,0.017214760
2,23,receive_authenticate_accumulate,0.000054518,0.000054463
2,23,receive_authenticate_accumulate,0.017226525,0.017226611
2,23,receive_authenticate_accumulate,0.000054889,0.000054722
2,23,receive_authenticate_accumulate,0.017219414,0.017219444
2,23,receive_authenticate_accumulate,0.000053426,0.000053352
2,23,receive_authenticate_accumulate,0.017217673,0.017217740
2,23,receive_authenticate_accumulate,0.000055703,0.000055611
2,23,receive_authenticate_accumulate,0.017216304,0.017216278
2,23,receive_authenticate_accumulate,0.000055129,0.000055166
2,23,receive_authenticate_accumulate,0.017216655,0.017216666
2,23,receive_authenticate_accumulate,0.000054055,0.000053851
2,23,receive_authenticate_accumulate,0.017225118,0.017225166
2,23,receive_authenticate_accumulate,0.000056648,0.000056408
2,23,receive_authenticate_accumulate,0.017216896,0.017216944
2,23,receive_authenticate_accumulate,0.000054444,0.000054500
2,23,receive_authenticate_accumulate,0.017242026,0.017224889
2,23,receive_authenticate_accumulate,0.000069722,0.000069704
2,23,receive_authenticate_accumulate,0.017226044,0.017226074
2,23,receive_authenticate_accumulate,0.000057296,0.000057093
2,23,receive_authenticate_accumulate,0.017223932,0.017224055
2,23,receive_authenticate_accumulate,0.000053482,0.000053630
2,23,receive_authenticate_accumulate,0.017222710,0.017222815
2,23,receive_authenticate_accumulate,0.000055222,0.000055260
2,23,round_coverage,0.000003056,0.000002667
2,23,spatial_report,0.000039407,0.000039167
2,24,round_reset,0.000009185,0.000007852
2,24,receive_authenticate_accumulate,0.017236655,0.017236500
2,24,receive_authenticate_accumulate,0.000055037,0.000054926
2,24,receive_authenticate_accumulate,0.017216267,0.017216148
2,24,receive_authenticate_accumulate,0.000053092,0.000052982
2,24,receive_authenticate_accumulate,0.017232933,0.017232963
2,24,receive_authenticate_accumulate,0.000055167,0.000054963
2,24,reading_commitment_and_shares,0.026310315,0.026262926
2,24,receive_authenticate_accumulate,0.017210545,0.017210630
2,24,receive_authenticate_accumulate,0.000054037,0.000053963
2,24,receive_authenticate_accumulate,0.017223193,0.017223259
2,24,receive_authenticate_accumulate,0.000056056,0.000055945
2,24,receive_authenticate_accumulate,0.017223285,0.017223222
2,24,receive_authenticate_accumulate,0.000054704,0.000054574
2,24,receive_authenticate_accumulate,0.017221711,0.017221703
2,24,receive_authenticate_accumulate,0.000054759,0.000054704
2,24,receive_authenticate_accumulate,0.017228285,0.017228223
2,24,receive_authenticate_accumulate,0.000058704,0.000058166
2,24,receive_authenticate_accumulate,0.017227396,0.017227408
2,24,receive_authenticate_accumulate,0.000054722,0.000054556
2,24,receive_authenticate_accumulate,0.017218192,0.017218241
2,24,receive_authenticate_accumulate,0.000057685,0.000057445
2,24,receive_authenticate_accumulate,0.017250322,0.017250556
2,24,receive_authenticate_accumulate,0.000051926,0.000051889
2,24,receive_authenticate_accumulate,0.017225952,0.017226000
2,24,receive_authenticate_accumulate,0.000052926,0.000052889
2,24,receive_authenticate_accumulate,0.017212749,0.017212908
2,24,receive_authenticate_accumulate,0.000053851,0.000053592
2,24,receive_authenticate_accumulate,0.017221989,0.017222130
2,24,receive_authenticate_accumulate,0.000054907,0.000054870
2,24,receive_authenticate_accumulate,0.017219489,0.017219555
2,24,receive_authenticate_accumulate,0.000068333,0.000068333
2,24,receive_authenticate_accumulate,0.017213249,0.017213278
2,24,receive_authenticate_accumulate,0.000054796,0.000054574
2,24,receive_authenticate_accumulate,0.017230841,0.017230759
2,24,receive_authenticate_accumulate,0.000053629,0.000053408
2,24,receive_authenticate_accumulate,0.017218674,0.017218611
2,24,receive_authenticate_accumulate,0.000052296,0.000052074
2,24,receive_authenticate_accumulate,0.017216674,0.017216704
2,24,receive_authenticate_accumulate,0.000054833,0.000054574
2,24,receive_authenticate_accumulate,0.017227822,0.017228296
2,24,receive_authenticate_accumulate,0.000053500,0.000053074
2,24,round_coverage,0.000003185,0.000002759
2,24,spatial_report,0.000040593,0.000040204
2,25,round_reset,0.000010111,0.000007871
2,25,receive_authenticate_accumulate,0.028739933,0.028739852
2,25,receive_authenticate_accumulate,0.000056148,0.000055981
2,25,receive_authenticate_accumulate,0.017225896,0.017225611
2,25,receive_authenticate_accumulate,0.000055518,0.000055389
2,25,receive_authenticate_accumulate,0.017217822,0.017217797
2,25,receive_authenticate_accumulate,0.000057184,0.000057056
2,25,reading_commitment_and_shares,0.026250445,0.026250463
2,25,receive_authenticate_accumulate,0.017211842,0.017212000
2,25,receive_authenticate_accumulate,0.000054611,0.000054537
2,25,receive_authenticate_accumulate,0.017234248,0.017234055
2,25,receive_authenticate_accumulate,0.000057778,0.000057629
2,25,receive_authenticate_accumulate,0.017219378,0.017219203
2,25,receive_authenticate_accumulate,0.000055870,0.000055666
2,25,receive_authenticate_accumulate,0.017222174,0.017222167
2,25,receive_authenticate_accumulate,0.000056518,0.000056389
2,25,receive_authenticate_accumulate,0.017222822,0.017222556
2,25,receive_authenticate_accumulate,0.000055629,0.000055297
2,25,receive_authenticate_accumulate,0.017223397,0.017223370
2,25,receive_authenticate_accumulate,0.000055407,0.000055445
2,25,receive_authenticate_accumulate,0.017227416,0.017227389
2,25,receive_authenticate_accumulate,0.000056833,0.000056481
2,25,receive_authenticate_accumulate,0.017239730,0.017239722
2,25,receive_authenticate_accumulate,0.000056925,0.000056797
2,25,receive_authenticate_accumulate,0.017215971,0.017215834
2,25,receive_authenticate_accumulate,0.000056407,0.000056166
2,25,receive_authenticate_accumulate,0.017223063,0.017222649
2,25,receive_authenticate_accumulate,0.000056462,0.000056407
2,25,receive_authenticate_accumulate,0.017225638,0.017225500
2,25,receive_authenticate_accumulate,0.000073444,0.000073278
2,25,receive_authenticate_accumulate,0.017222934,0.017222759
2,25,receive_authenticate_accumulate,0.000054963,0.000054778
2,25,receive_authenticate_accumulate,0.017231452,0.017231481
2,25,receive_authenticate_accumulate,0.000056074,0.000055870
2,25,receive_authenticate_accumulate,0.017223508,0.017223370
2,25,receive_authenticate_accumulate,0.000054203,0.000054055
2,25,receive_authenticate_accumulate,0.017225230,0.017225185
2,25,receive_authenticate_accumulate,0.000072759,0.000072555
2,25,receive_authenticate_accumulate,0.017230360,0.017230481
2,25,receive_authenticate_accumulate,0.000057407,0.000057167
2,25,receive_authenticate_accumulate,0.017224841,0.017224703
2,25,receive_authenticate_accumulate,0.000056481,0.000056296
2,25,round_coverage,0.000003629,0.000003130
2,25,spatial_report,0.000040556,0.000040389
2,26,round_reset,0.000008834,0.000007463
2,26,receive_authenticate_accumulate,0.017229934,0.017229778
2,26,receive_authenticate_accumulate,0.000055685,0.000055537
2,26,receive_authenticate_accumulate,0.017222897,0.017223000
2,26,receive_authenticate_accumulate,0.000056722,0.000056667
2,26,receive_authenticate_accumulate,0.017219842,0.017219667
2,26,receive_authenticate_accumulate,0.000057203,0.000057148
2,26,reading_commitment_and_shares,0.026255686,0.026256111
2,26,receive_authenticate_accumulate,0.017212267,0.017212056
2,26,receive_authenticate_accumulate,0.000070666,0.000070592
2,26,receive_authenticate_accumulate,0.017219231,0.017219055
2,26,receive_authenticate_accumulate,0.000055000,0.000055037
2,26,receive_authenticate_accumulate,0.017236027,0.017235797
2,26,receive_authenticate_accumulate,0.000057352,0.000057148
2,26,receive_authenticate_accumulate,0.017228786,0.017228685
2,26,receive_authenticate_accumulate,0.000055870,0.000055667
2,26,receive_authenticate_accumulate,0.017230935,0.017230889
2,26,receive_authenticate_accumulate,0.000071685,0.000071759
2,26,receive_authenticate_accumulate,0.017226193,0.017226019
2,26,receive_authenticate_accumulate,0.000055037,0.000055018
2,26,receive_authenticate_accumulate,0.017233434,0.017233278
2,26,receive_authenticate_accumulate,0.000057148,0.000057037
2,26,receive_authenticate_accumulate,0.017227453,0.017227519
2,26,receive_authenticate_accumulate,0.000055815,0.000055759
2,26,receive_authenticate_accumulate,0.017230046,0.017229963
2,26,receive_authenticate_accumulate,0.000073203,0.000073333
2,26,receive_authenticate_accumulate,0.017229749,0.017229815
2,26,receive_authenticate_accumulate,0.000059759,0.000059630
2,26,receive_authenticate_accumulate,0.017226471,0.017226444
2,26,receive_authenticate_accumulate,0.000054333,0.000054278
2,26,receive_authenticate_accumulate,0.017219305,0.017219389
2,26,receive_authenticate_accumulate,0.000055907,0.000055760
2,26,receive_authenticate_accumulate,0.017220934,0.017220963
2,26,receive_authenticate_accumulate,0.000055259,0.000055018
2,26,receive_authenticate_accumulate,0.017224008,0.017223870
2,26,receive_authenticate_accumulate,0.000056445,0.000056315
2,26,receive_authenticate_accumulate,0.017234767,0.017234648
2,26,receive_authenticate_accumulate,0.000057685,0.000057593
2,26,receive_authenticate_accumulate,0.017226693,0.017226574
2,26,receive_authenticate_accumulate,0.000056093,0.000055852
2,26,receive_authenticate_accumulate,0.017224045,0.017224037
2,26,receive_authenticate_accumulate,0.000057796,0.000057630
2,26,round_coverage,0.000003407,0.000002926
2,26,spatial_report,0.000040463,0.000040148
2,27,round_reset,0.000008722,0.000007555
2,27,receive_authenticate_accumulate,0.028732212,0.028732056
2,27,receive_authenticate_accumulate,0.000057334,0.000057259
2,27,receive_authenticate_accumulate,0.017263138,0.017237130
2,27,receive_authenticate_accumulate,0.000056908,0.000056888
2,27,receive_authenticate_accumulate,0.017232528,0.017232426
2,27,receive_authenticate_accumulate,0.000056778,0.000056574
2,27,reading_commitment_and_shares,0.026249539,0.026249759
2,27,receive_authenticate_accumulate,0.017213934,0.017213963
2,27,receive_authenticate_accumulate,0.000056110,0.000055889
2,27,receive_authenticate_accumulate,0.017228842,0.017228703
2,27,receive_authenticate_accumulate,0.000056444,0.000056259
2,27,receive_authenticate_accumulate,0.017227472,0.017227463
2,27,receive_authenticate_accumulate,0.000055981,0.000055797
2,27,receive_authenticate_accumulate,0.017222509,0.017222574
2,27,receive_authenticate_accumulate,0.000056500,0.000056278
2,27,receive_authenticate_accumulate,0.017223064,0.017223055
2,27,receive_authenticate_accumulate,0.000056815,0.000056593
2,27,receive_authenticate_accumulate,0.017222676,0.017222870
2,27,receive_authenticate_accumulate,0.000054370,0.000054296
2,27,receive_authenticate_accumulate,0.017221138,0.017221092
2,27,receive_authenticate_accumulate,0.000056259,0.000056019
2,27,receive_authenticate_accumulate,0.017226954,0.017226982
2,27,receive_authenticate_accumulate,0.000056407,0.000056352
2,27,receive_authenticate_accumulate,0.017220083,0.017220055
2,27,receive_authenticate_accumulate,0.000057185,0.000056907
2,27,receive_authenticate_accumulate,0.017238046,0.017238019
2,27,receive_authenticate_accumulate,0.000055018,0.000054944
2,27,receive_authenticate_accumulate,0.017225823,0.017225648
2,27,receive_authenticate_accumulate,0.000056296,0.000056056
2,27,receive_authenticate_accumulate,0.017292212,0.017253759
2,27,receive_authenticate_accumulate,0.000056629,0.000056519
2,27,receive_authenticate_accumulate,0.017240971,0.017240888
2,27,receive_authenticate_accumulate,0.000058981,0.000058778
2,27,receive_authenticate_accumulate,0.017221083,0.017220962
2,27,receive_authenticate_accumulate,0.000056147,0.000056111
2,27,receive_authenticate_accumulate,0.017224527,0.017224630
2,27,receive_authenticate_accumulate,0.000057704,0.000057500
2,27,receive_authenticate_accumulate,0.017226990,0.017226944
2,27,receive_authenticate_accumulate,0.000058056,0.000057760
2,27,receive_authenticate_accumulate,0.017249768,0.017238223
2,27,receive_authenticate_accumulate,0.000057185,0.000057037
2,27,round_coverage,0.000003593,0.000003203
2,27,spatial_report,0.000040703,0.000040555
2,28,round_reset,0.000009759,0.000007815
2,28,receive_authenticate_accumulate,0.017238454,0.017238408
2,28,receive_authenticate_accumulate,0.000056537,0.000056389
2,28,receive_authenticate_accumulate,0.017224028,0.017223630
2,28,receive_authenticate_accumulate,0.000057018,0.000056723
2,28,receive_authenticate_accumulate,0.017215824,0.017215796
2,28,receive_authenticate_accumulate,0.000057962,0.000057907
2,28,reading_commitment_and_shares,0.026302225,0.026302482
2,28,receive_authenticate_accumulate,0.017216473,0.017216630
2,28,receive_authenticate_accumulate,0.000057759,0.000057648
2,28,receive_authenticate_accumulate,0.017225787,0.017225611
2,28,receive_authenticate_accumulate,0.000057000,0.000056777
2,28,receive_authenticate_accumulate,0.017290509,0.017247779
2,28,receive_authenticate_accumulate,0.000056888,0.000056722
2,28,receive_authenticate_accumulate,0.017217139,0.017217130
2,28,receive_authenticate_accumulate,0.000056444,0.000056204
2,28,receive_authenticate_accumulate,0.017229879,0.017229778
2,28,receive_authenticate_accumulate,0.000057240,0.000057055
2,28,receive_authenticate_accumulate,0.017227362,0.017227296
2,28,receive_authenticate_accumulate,0.000056685,0.000056481
2,28,receive_authenticate_accumulate,0.017228065,0.017228000
2,28,receive_authenticate_accumulate,0.000057000,0.000056704
2,28,receive_authenticate_accumulate,0.017234750,0.017234333
2,28,receive_authenticate_accumulate,0.000056148,0.000055945
2,28,receive_authenticate_accumulate,0.017261843,0.017232686
2,28,receive_authenticate_accumulate,0.000058111,0.000057870
2,28,receive_authenticate_accumulate,0.017218732,0.017218685
2,28,receive_authenticate_accumulate,0.000055833,0.000055648
2,28,receive_authenticate_accumulate,0.017228009,0.017227649
2,28,receive_authenticate_accumulate,0.000056092,0.000056018
2,28,receive_authenticate_accumulate,0.017223805,0.017223741
2,28,receive_authenticate_accumulate,0.000057240,0.000057074
2,28,receive_authenticate_accumulate,0.017225250,0.017224889
2,28,receive_authenticate_accumulate,0.000057185,0.000057000
2,28,receive_authenticate_accumulate,0.017221064,0.017220907
2,28,receive_authenticate_accumulate,0.000055093,0.000054889
2,28,receive_authenticate_accumulate,0.017231861,0.017231982
2,28,receive_authenticate_accumulate,0.000056445,0.000056426
2,28,receive_authenticate_accumulate,0.017220547,0.017220500
2,28,receive_authenticate_accumulate,0.000057073,0.000056796
2,28,receive_authenticate_accumulate,0.017234713,0.017234556
2,28,receive_authenticate_accumulate,0.000059907,0.000059834
2,28,round_coverage,0.000002981,0.000002444
2,28,spatial_report,0.000042444,0.000042000
2,29,round_reset,0.000010074,0.000007889
2,29,receive_authenticate_accumulate,0.017229214,0.017229111
2,29,receive_authenticate_accumulate,0.000056611,0.000056445
2,29,receive_authenticate_accumulate,0.017224417,0.017224574
2,29,receive_authenticate_accumulate,0.000056722,0.000056519
2,29,receive_authenticate_accumulate,0.017216695,0.017216889
2,29,receive_authenticate_accumulate,0.000056111,0.000055926
2,29,reading_commitment_and_shares,0.026269374,0.026269407
2,29,receive_authenticate_accumulate,0.017213954,0.017214111
2,29,receive_authenticate_accumulate,0.000057092,0.000056963
2,29,receive_authenticate_accumulate,0.017224788,0.017224555
2,29,receive_authenticate_accumulate,0.000057000,0.000056852
2,29,receive_authenticate_accumulate,0.017227009,0.017226778
2,29,receive_authenticate_accumulate,0.000055499,0.000055407
2,29,receive_authenticate_accumulate,0.017234269,0.017234241
2,29,receive_authenticate_accumulate,0.000057815,0.000057722
2,29,receive_authenticate_accumulate,0.017232565,0.017232482
2,29,receive_authenticate_accumulate,0.000055036,0.000054741
2,29,receive_authenticate_accumulate,0.017232047,0.017232074
2,29,receive_authenticate_accumulate,0.000054740,0.000054612
2,29,receive_authenticate_accumulate,0.017234362,0.017234111
2,29,receive_authenticate_accumulate,0.000055703,0.000055519
2,29,receive_authenticate_accumulate,0.017231065,0.017230630
2,29,receive_authenticate_accumulate,0.000055833,0.000055741
2,29,receive_authenticate_accumulate,0.017205936,0.017205796
2,29,receive_authenticate_accumulate,0.000056926,0.000056814
2,29,receive_authenticate_accumulate,0.017222325,0.017222111
2,29,receive_authenticate_accumulate,0.000057685,0.000057556
2,29,receive_authenticate_accumulate,0.017218047,0.017217852
2,29,receive_authenticate_accumulate,0.000056740,0.000056611
2,29,receive_authenticate_accumulate,0.017266547,0.017240592
2,29,receive_authenticate_accumulate,0.000055907,0.000055907
2,29,receive_authenticate_accumulate,0.017219750,0.017219685
2,29,receive_authenticate_accumulate,0.000057166,0.000056852
2,29,receive_authenticate_accumulate,0.017223769,0.017223796
2,29,receive_authenticate_accumulate,0.000055592,0.000055407
2,29,receive_authenticate_accumulate,0.017230362,0.017230482
2,29,receive_authenticate_accumulate,0.000056259,0.000055982
2,29,receive_authenticate_accumulate,0.017226732,0.017226592
2,29,receive_authenticate_accumulate,0.000055481,0.000055334
2,29,receive_authenticate_accumulate,0.017249620,0.017235203
2,29,receive_authenticate_accumulate,0.000056463,0.000056352
2,29,round_coverage,0.000003222,0.000002722
2,29,spatial_report,0.000039445,0.000039186
2,29,billing_report,0.000424146,0.000423760
3,30,period_reset,0.000025296,0.000024148
3,30,receive_authenticate_accumulate,0.000099555,0.000098130
3,30,receive_authenticate_accumulate,0.000119481,0.000119277
3,30,receive_authenticate_accumulate,0.000090870,0.000090630
3,30,randomness_commit,0.000807718,0.000807259
3,30,receive_authenticate_accumulate,0.000075888,0.000075648
3,30,receive_authenticate_accumulate,0.000087573,0.000087445
3,30,receive_authenticate_accumulate,0.000087870,0.000087703
3,30,receive_authenticate_accumulate,0.000087536,0.000087315
3,30,receive_authenticate_accumulate,0.000085222,0.000085037
3,30,receive_authenticate_accumulate,0.000068574,0.000068019
3,30,receive_authenticate_accumulate,0.000065870,0.000065648
3,30,receive_authenticate_accumulate,0.000068055,0.000067834
3,30,receive_authenticate_accumulate,0.000063240,0.000063148
3,30,receive_authenticate_accumulate,0.000066037,0.000065963
3,30,receive_authenticate_accumulate,0.000064815,0.000064574
3,30,receive_authenticate_accumulate,0.000066000,0.000065945
3,30,receive_authenticate_accumulate,0.000065704,0.000065463
3,30,receive_authenticate_accumulate,0.000065611,0.000065574
3,30,receive_authenticate_accumulate,0.000065055,0.000064833
3,30,receive_authenticate_accumulate,0.000065889,0.000065722
3,30,receive_authenticate_accumulate,0.000066296,0.000066018
3,30,receive_authenticate_accumulate,0.000080925,0.000080537
3,30,receive_authenticate_accumulate,0.000079481,0.000079352
3,30,receive_authenticate_accumulate,0.000082073,0.000081797
3,30,randomness_reveal,0.000558127,0.000557500
3,30,receive_authenticate_accumulate,0.000071092,0.000070963
3,30,receive_authenticate_accumulate,0.000078425,0.000078314
3,30,receive_authenticate_accumulate,0.000081611,0.000081333
3,30,receive_authenticate_accumulate,0.000080926,0.000080760
3,30,receive_authenticate_accumulate,0.000080092,0.000080185
3,30,receive_authenticate_accumulate,0.000081463,0.000081130
3,30,receive_authenticate_accumulate,0.000081666,0.000081630
3,30,receive_authenticate_accumulate,0.000048666,0.000048500
3,30,receive_authenticate_accumulate,0.000064500,0.000064241
3,30,receive_authenticate_accumulate,0.000046185,0.000045926
3,30,receive_authenticate_accumulate,0.000046556,0.000046389
3,30,receive_authenticate_accumulate,0.000040241,0.000039889
3,30,receive_authenticate_accumulate,0.000047445,0.000047315
3,30,receive_authenticate_accumulate,0.000047241,0.000047130
3,30,receive_authenticate_accumulate,0.000040778,0.000040482
3,30,receive_authenticate_accumulate,0.000045222,0.000045093
3,30,receive_authenticate_accumulate,0.000047333,0.000047204
3,30,committee_selection,0.000079166,0.000078945
3,30,round_reset,0.000003926,0.000003426
3,30,receive_authenticate_accumulate,0.017230844,0.017230796
3,30,receive_authenticate_accumulate,0.017232195,0.017232092
3,30,receive_authenticate_accumulate,0.017284084,0.017245724
3,30,reading_commitment_and_shares,0.026264467,0.026264407
3,30,receive_authenticate_accumulate,0.017214677,0.017214759
3,30,receive_authenticate_accumulate,0.017229269,0.017229167
3,30,receive_authenticate_accumulate,0.017230325,0.017230037
3,30,receive_authenticate_accumulate,0.017228992,0.017228815
3,30,receive_authenticate_accumulate,0.017230066,0.017229741
3,30,receive_authenticate_accumulate,0.017224547,0.017224204
3,30,receive_authenticate_accumulate,0.017224973,0.017224852
3,30,receive_authenticate_accumulate,0.017255955,0.017256259
3,30,receive_authenticate_accumulate,0.017262769,0.017238093
3,30,receive_authenticate_accumulate,0.017226769,0.017226611
3,30,receive_authenticate_accumulate,0.017225603,0.017225481
3,30,receive_authenticate_accumulate,0.017221714,0.017221555
3,30,receive_authenticate_accumulate,0.017237510,0.017237241
3,30,receive_authenticate_accumulate,0.017243436,0.017233278
3,30,receive_authenticate_accumulate,0.017227436,0.017227296
3,30,receive_authenticate_accumulate,0.017220955,0.017220648
3,30,receive_authenticate_accumulate,0.017238047,0.017237852
3,30,round_coverage,0.000021759,0.000021426
3,31,round_reset,0.000008871,0.000007889
3,31,receive_authenticate_accumulate,0.017244381,0.017244148
3,31,receive_authenticate_accumulate,0.017237344,0.017236630
3,31,receive_authenticate_accumulate,0.017225455,0.017225408
3,31,reading_commitment_and_shares,0.026258615,0.026258407
3,31,receive_authenticate_accumulate,0.017225695,0.017225685
3,31,receive_authenticate_accumulate,0.017231548,0.017231519
3,31,receive_authenticate_accumulate,0.017236992,0.017236963
3,31,receive_authenticate_accumulate,0.017227103,0.017226982
3,31,receive_authenticate_accumulate,0.017231659,0.017231555
3,31,receive_authenticate_accumulate,0.017228658,0.017228593
3,31,receive_authenticate_accumulate,0.017229714,0.017229574
3,31,receive_authenticate_accumulate,0.017224140,0.017224074
3,31,receive_authenticate_accumulate,0.017225918,0.017225833
3,31,receive_authenticate_accumulate,0.017233789,0.017233611
3,31,receive_authenticate_accumulate,0.017236455,0.017236315
3,31,receive_authenticate_accumulate,0.017232677,0.017232334
3,31,receive_authenticate_accumulate,0.017227881,0.017227759
3,31,receive_authenticate_accumulate,0.017221566,0.017221241
3,31,receive_authenticate_accumulate,0.017236566,0.017236482
3,31,receive_authenticate_accumulate,0.017222251,0.017222166
3,31,receive_authenticate_accumulate,0.017230844,0.017230851
3,31,round_coverage,0.000003537,0.000002852
3,32,round_reset,0.000008944,0.000007630
3,32,receive_authenticate_accumulate,0.028744974,0.028744741
3,32,receive_authenticate_accumulate,0.017234400,0.017234148
3,32,receive_authenticate_accumulate,0.017225585,0.017225426
3,32,reading_commitment_and_shares,0.026261430,0.026261536
3,32,receive_authenticate_accumulate,0.017229215,0.017229148
3,32,receive_authenticate_accumulate,0.017235140,0.017234982
3,32,receive_authenticate_accumulate,0.017231048,0.017230889
3,32,receive_authenticate_accumulate,0.017230215,0.017230148
3,32,receive_authenticate_accumulate,0.017231529,0.017231426
3,32,receive_authenticate_accumulate,0.017228362,0.017228297
3,32,receive_authenticate_accumulate,0.017234622,0.017234777
3,32,receive_authenticate_accumulate,0.017223863,0.017223889
3,32,receive_authenticate_accumulate,0.017257585,0.017246667
3,32,receive_authenticate_accumulate,0.017229973,0.017229926
3,32,receive_authenticate_accumulate,0.017240418,0.017240426
3,32,receive_authenticate_accumulate,0.017233956,0.017234055
3,32,receive_authenticate_accumulate,0.017243141,0.017243148
3,32,receive_authenticate_accumulate,0.017239362,0.017239259
3,32,receive_authenticate_accumulate,0.017238807,0.017238482
3,32,receive_authenticate_accumulate,0.017216714,0.017216667
3,32,receive_authenticate_accumulate,0.017229918,0.017229685
3,32,round_coverage,0.000003741,0.000003129
3,33,round_reset,0.000009185,0.000007944
3,33,receive_authenticate_accumulate,0.028744983,0.028745963
3,33,receive_authenticate_accumulate,0.017233383,0.017233889
3,33,receive_authenticate_accumulate,0.017230235,0.017230925
3,33,reading_commitment_and_shares,0.026254661,0.026255667
3,33,receive_authenticate_accumulate,0.017212218,0.017213056
3,33,receive_authenticate_accumulate,0.017225921,0.017226463
3,33,receive_authenticate_accumulate,0.017232071,0.017232555
3,33,receive_authenticate_accumulate,0.017236699,0.017237000
3,33,receive_authenticate_accumulate,0.017247032,0.017247630
3,33,receive_authenticate_accumulate,0.017232535,0.017232815
3,33,receive_authenticate_accumulate,0.017225776,0.017226222
3,33,receive_authenticate_accumulate,0.017229479,0.017230037
3,33,receive_authenticate_accumulate,0.017234961,0.017235389
3,33,receive_authenticate_accumulate,0.017234665,0.017235000
3,33,receive_authenticate_accumulate,0.017230055,0.017230778
3,33,receive_authenticate_accumulate,0.017231111,0.017231722
3,33,receive_authenticate_accumulate,0.017228648,0.017229130
3,33,receive_authenticate_accumulate,0.017218557,0.017218926
3,33,receive_authenticate_accumulate,0.017227038,0.017227722
3,33,receive_authenticate_accumulate,0.017222780,0.017223352
3,33,receive_authenticate_accumulate,0.017223891,0.017224278
3,33,round_coverage,0.000004185,0.000003592
3,34,round_reset,0.000008870,0.000007704
3,34,receive_authenticate_accumulate,0.017276950,0.017250407
3,34,receive_authenticate_accumulate,0.017211064,0.017211519
3,34,receive_authenticate_accumulate,0.017236397,0.017236889
3,34,reading_commitment_and_shares,0.026260229,0.026261093
3,34,receive_authenticate_accumulate,0.017213343,0.017213926
3,34,receive_authenticate_accumulate,0.017221361,0.017221834
3,34,receive_authenticate_accumulate,0.017233398,0.017233815
3,34,receive_authenticate_accumulate,0.017227843,0.017228315
3,34,receive_authenticate_accumulate,0.017224399,0.017224871
3,34,receive_authenticate_accumulate,0.017227029,0.017227574
3,34,receive_authenticate_accumulate,0.017237937,0.017238574
3,34,receive_authenticate_accumulate,0.017242492,0.017243037
3,34,receive_authenticate_accumulate,0.017228938,0.017229370
3,34,receive_authenticate_accumulate,0.017263547,0.017236611
3,34,receive_authenticate_accumulate,0.017226735,0.017227204
3,34,receive_authenticate_accumulate,0.017225031,0.017225518
3,34,receive_authenticate_accumulate,0.017231068,0.017231574
3,34,receive_authenticate_accumulate,0.017227810,0.017228296
3,34,receive_authenticate_accumulate,0.017232273,0.017232796
3,34,receive_authenticate_accumulate,0.017234163,0.017234685
3,34,receive_authenticate_accumulate,0.017239089,0.017239777
3,34,round_coverage,0.000004444,0.000003833
3,35,round_reset,0.000008870,0.000007648
3,35,receive_authenticate_accumulate,0.028734551,0.028735722
3,35,receive_authenticate_accumulate,0.017231093,0.017231352
3,35,receive_authenticate_accumulate,0.017228056,0.017228482
3,35,reading_commitment_and_shares,0.026268385,0.026269055
3,35,receive_authenticate_accumulate,0.017219021,0.017219704
3,35,receive_authenticate_accumulate,0.017227780,0.017228204
3,35,receive_authenticate_accumulate,0.017219781,0.017220278
3,35,receive_authenticate_accumulate,0.017229225,0.017229648
3,35,receive_authenticate_accumulate,0.017240947,0.017241463
3,35,receive_authenticate_accumulate,0.017233782,0.017234259
3,35,receive_authenticate_accumulate,0.017231652,0.017232093
3,35,receive_authenticate_accumulate,0.017236690,0.017236574
3,35,receive_authenticate_accumulate,0.017229449,0.017229703
3,35,receive_authenticate_accumulate,0.017240171,0.017240889
3,35,receive_authenticate_accumulate,0.017240024,0.017240518
3,35,receive_authenticate_accumulate,0.017235061,0.017235296
3,35,receive_authenticate_accumulate,0.017236340,0.017236759
3,35,receive_authenticate_accumulate,0.017225618,0.017226037
3,35,receive_authenticate_accumulate,0.017235451,0.017235889
3,35,receive_authenticate_accumulate,0.017232637,0.017233203
3,35,receive_authenticate_accumulate,0.017228508,0.017228981
3,35,round_coverage,0.000003852,0.000003129
3,36,round_reset,0.000009648,0.000008148
3,36,receive_authenticate_accumulate,0.017229677,0.017230222
3,36,receive_authenticate_accumulate,0.017235529,0.017235944
3,36,receive_authenticate_accumulate,0.017229585,0.017230018
3,36,reading_commitment_and_shares,0.026257392,0.026258167
3,36,receive_authenticate_accumulate,0.017215050,0.017215556
3,36,receive_authenticate_accumulate,0.017232937,0.017233278
3,36,receive_authenticate_accumulate,0.017235068,0.017235481
3,36,receive_authenticate_accumulate,0.017225994,0.017226314
3,36,receive_authenticate_accumulate,0.017227160,0.017227315
3,36,receive_authenticate_accumulate,0.017228958,0.017229481
3,36,receive_authenticate_accumulate,0.017233903,0.017234204
3,36,receive_authenticate_accumulate,0.017228644,0.017229000
3,36,receive_authenticate_accumulate,0.017225922,0.017226388
3,36,receive_authenticate_accumulate,0.017234403,0.017234760
3,36,receive_authenticate_accumulate,0.017230293,0.017230666
3,36,receive_authenticate_accumulate,0.017227293,0.017227648
3,36,receive_authenticate_accumulate,0.017229867,0.017230240
3,36,receive_authenticate_accumulate,0.017236368,0.017236889
3,36,receive_authenticate_accumulate,0.017229701,0.017230129
3,36,receive_authenticate_accumulate,0.017230036,0.017230555
3,36,receive_authenticate_accumulate,0.017225925,0.017226426
3,36,round_coverage,0.000003888,0.000003371
3,37,round_reset,0.000010148,0.000008815
3,37,receive_authenticate_accumulate,0.017234315,0.017234759
3,37,receive_authenticate_accumulate,0.017231760,0.017232167
3,37,receive_authenticate_accumulate,0.017228908,0.017229574
3,37,reading_commitment_and_shares,0.026260599,0.026261185
3,37,receive_authenticate_accumulate,0.017219947,0.017220481
3,37,receive_authenticate_accumulate,0.017231538,0.017231945
3,37,receive_authenticate_accumulate,0.017235928,0.017236426
3,37,receive_authenticate_accumulate,0.017267131,0.017240870
3,37,receive_authenticate_accumulate,0.017229095,0.017229352
3,37,receive_authenticate_accumulate,0.017221262,0.017221519
3,37,receive_authenticate_accumulate,0.017231059,0.017231537
3,37,receive_authenticate_accumulate,0.017220745,0.017221019
3,37,receive_authenticate_accumulate,0.017226523,0.017226981
3,37,receive_authenticate_accumulate,0.017234338,0.017234833
3,37,receive_authenticate_accumulate,0.017227709,0.017228129
3,37,receive_authenticate_accumulate,0.017230820,0.017231352
3,37,receive_authenticate_accumulate,0.017228691,0.017229185
3,37,receive_authenticate_accumulate,0.017225265,0.017225740
3,37,receive_authenticate_accumulate,0.017228765,0.017229093
3,37,receive_authenticate_accumulate,0.017241358,0.017241648
3,37,receive_authenticate_accumulate,0.017240266,0.017240649
3,37,round_coverage,0.000004037,0.000003426
3,38,round_reset,0.000009537,0.000008278
3,38,receive_authenticate_accumulate,0.028738351,0.028739185
3,38,receive_authenticate_accumulate,0.017226063,0.017226389
3,38,receive_authenticate_accumulate,0.017223267,0.017223815
3,38,reading_commitment_and_shares,0.026257637,0.026258556
3,38,receive_authenticate_accumulate,0.017216861,0.017217500
3,38,receive_authenticate_accumulate,0.017224675,0.017224907
3,38,receive_authenticate_accumulate,0.017223824,0.017224185
3,38,receive_authenticate_accumulate,0.017229435,0.017229815
3,38,receive_authenticate_accumulate,0.017228435,0.017228908
3,38,receive_authenticate_accumulate,0.017230270,0.017230630
3,38,receive_authenticate_accumulate,0.017233972,0.017234315
3,38,receive_authenticate_accumulate,0.017269602,0.017242796
3,38,receive_authenticate_accumulate,0.017211493,0.017211963
3,38,receive_authenticate_accumulate,0.017232066,0.017232408
3,38,receive_authenticate_accumulate,0.017231919,0.017232130
3,38,receive_authenticate_accumulate,0.017229530,0.017229926
3,38,receive_authenticate_accumulate,0.017233513,0.017233963
3,38,receive_authenticate_accumulate,0.017223975,0.017224370
3,38,receive_authenticate_accumulate,0.017227068,0.017227519
3,38,receive_authenticate_accumulate,0.017229477,0.017229925
3,38,receive_authenticate_accumulate,0.017224902,0.017225129
3,38,round_coverage,0.000003704,0.000003130
3,39,round_reset,0.000009704,0.000008407
3,39,receive_authenticate_accumulate,0.028738558,0.028739574
3,39,receive_authenticate_accumulate,0.017229032,0.017229389
3,39,receive_authenticate_accumulate,0.017272975,0.017242222
3,39,reading_commitment_and_shares,0.026259544,0.026260092
3,39,receive_authenticate_accumulate,0.017213051,0.017213537
3,39,receive_authenticate_accumulate,0.017229366,0.017229704
3,39,receive_authenticate_accumulate,0.017220904,0.017221259
3,39,receive_authenticate_accumulate,0.017232218,0.017232500
3,39,receive_authenticate_accumulate,0.017233366,0.017233704
3,39,receive_authenticate_accumulate,0.017234904,0.017235167
3,39,receive_authenticate_accumulate,0.017228348,0.017228704
3,39,receive_authenticate_accumulate,0.017221794,0.017222185
3,39,receive_authenticate_accumulate,0.017221831,0.017222130
3,39,receive_authenticate_accumulate,0.017232201,0.017232537
3,39,receive_authenticate_accumulate,0.017222461,0.017222815
3,39,receive_authenticate_accumulate,0.017267330,0.017239426
3,39,receive_authenticate_accumulate,0.017221574,0.017221907
3,39,receive_authenticate_accumulate,0.017226221,0.017226555
3,39,receive_authenticate_accumulate,0.017231499,0.017231574
3,39,receive_authenticate_accumulate,0.017228296,0.017228630
3,39,receive_authenticate_accumulate,0.017230740,0.017230926
3,39,round_coverage,0.000003667,0.000003186
4,40,period_reset,0.000025777,0.000024611
4,40,receive_authenticate_accumulate,0.000088608,0.000088371
4,40,receive_authenticate_accumulate,0.000085812,0.000085686
4,40,receive_authenticate_accumulate,0.000085053,0.000085166
4,40,randomness_commit,0.000802235,0.000801852
4,40,receive_authenticate_accumulate,0.000077609,0.000077574
4,40,receive_authenticate_accumulate,0.000083350,0.000083204
4,40,receive_authenticate_accumulate,0.000084478,0.000084463
4,40,receive_authenticate_accumulate,0.000084164,0.000084371
4,40,receive_authenticate_accumulate,0.000082720,0.000082408
4,40,receive_authenticate_accumulate,0.000084238,0.000084223
4,40,receive_authenticate_accumulate,0.000080960,0.000080833
4,40,receive_authenticate_accumulate,0.000083960,0.000084037
4,40,receive_authenticate_accumulate,0.000083591,0.000083500
4,40,receive_authenticate_accumulate,0.000086960,0.000086870
4,40,receive_authenticate_accumulate,0.000084497,0.000084223
4,40,receive_authenticate_accumulate,0.000084183,0.000084167
4,40,receive_authenticate_accumulate,0.000084683,0.000084648
4,40,receive_authenticate_accumulate,0.000084701,0.000084556
4,40,receive_authenticate_accumulate,0.000057535,0.000057315
4,40,receive_authenticate_accumulate,0.000053258,0.000053241
4,40,receive_authenticate_accumulate,0.000052647,0.000052537
4,40,receive_authenticate_accumulate,0.000064424,0.000064278
4,40,receive_authenticate_accumulate,0.000063442,0.000063297
4,40,receive_authenticate_accumulate,0.000065035,0.000065018
4,40,randomness_reveal,0.000451245,0.000450907
4,40,receive_authenticate_accumulate,0.000058850,0.000058926
4,40,receive_authenticate_accumulate,0.000063961,0.000063741
4,40,receive_authenticate_accumulate,0.000063961,0.000063778
4,40,receive_authenticate_accumulate,0.000064832,0.000064852
4,40,receive_authenticate_accumulate,0.000063516,0.000063278
4,40,receive_authenticate_accumulate,0.000065220,0.000065148
4,40,receive_authenticate_accumulate,0.000064609,0.000064408
4,40,receive_authenticate_accumulate,0.000066461,0.000066204
4,40,receive_authenticate_accumulate,0.000055850,0.000055723
4,40,receive_authenticate_accumulate,0.000065442,0.000065278
4,40,receive_authenticate_accumulate,0.000064054,0.000063926
4,40,receive_authenticate_accumulate,0.000063590,0.000063408
4,40,receive_authenticate_accumulate,0.000065258,0.000065055
4,40,receive_authenticate_accumulate,0.000063942,0.000063889
4,40,receive_authenticate_accumulate,0.000064590,0.000064519
4,40,receive_authenticate_accumulate,0.000064924,0.000064870
4,40,receive_authenticate_accumulate,0.000064480,0.000064500
4,40,committee_selection,0.000123681,0.000123518
4,40,round_reset,0.000005685,0.000005000
4,40,receive_authenticate_accumulate,0.017261053,0.017234037
4,40,receive_authenticate_accumulate,0.000052979,0.000052871
4,40,receive_authenticate_accumulate,0.017225166,0.017225759
4,40,receive_authenticate_accumulate,0.000052498,0.000052407
4,40,receive_authenticate_accumulate,0.017226129,0.017226629
4,40,receive_authenticate_accumulate,0.000055591,0.000055575
4,40,reading_commitment_and_shares,0.026283800,0.026258686
4,40,receive_authenticate_accumulate,0.017218943,0.017219556
4,40,receive_authenticate_accumulate,0.000051498,0.000051500
4,40,receive_authenticate_accumulate,0.017216222,0.017216741
4,40,receive_authenticate_accumulate,0.000053257,0.000053167
4,40,receive_authenticate_accumulate,0.017246055,0.017235425
4,40,receive_authenticate_accumulate,0.000052591,0.000052556
4,40,receive_authenticate_accumulate,0.017225241,0.017225704
4,40,receive_authenticate_accumulate,0.000053758,0.000053593
4,40,receive_authenticate_accumulate,0.017216946,0.017217352
4,40,receive_authenticate_accumulate,0.000051869,0.000051722
4,40,receive_authenticate_accumulate,0.017245963,0.017221371
4,40,receive_authenticate_accumulate,0.000051480,0.000051277
4,40,receive_authenticate_accumulate,0.017261444,0.017238574
4,40,receive_authenticate_accumulate,0.000051091,0.000051000
4,40,receive_authenticate_accumulate,0.017211743,0.017212167
4,40,receive_authenticate_accumulate,0.000053462,0.000053296
4,40,receive_authenticate_accumulate,0.017217835,0.017218167
4,40,receive_authenticate_accumulate,0.000068479,0.000068388
4,40,receive_authenticate_accumulate,0.017277630,0.017277945
4,40,receive_authenticate_accumulate,0.000054591,0.000054593
4,40,receive_authenticate_accumulate,0.017239631,0.017239944
4,40,receive_authenticate_accumulate,0.000055684,0.000055759
4,40,receive_authenticate_accumulate,0.017231132,0.017231630
4,40,receive_authenticate_accumulate,0.000054147,0.000054167
4,40,receive_authenticate_accumulate,0.017220188,0.017220463
4,40,receive_authenticate_accumulate,0.000054406,0.000054389
4,40,receive_authenticate_accumulate,0.017224596,0.017225000
4,40,receive_authenticate_accumulate,0.000071146,0.000071222
4,40,receive_authenticate_accumulate,0.017224651,0.017225000
4,40,receive_authenticate_accumulate,0.000053572,0.000053556
4,40,receive_authenticate_accumulate,0.017229818,0.017230185
4,40,receive_authenticate_accumulate,0.000054628,0.000054371
4,40,receive_authenticate_accumulate,0.017222282,0.017222777
4,40,receive_authenticate_accumulate,0.000054184,0.000054167
4,40,round_coverage,0.000002629,0.000002241
4,40,spatial_report,0.000041036,0.000040833
4,41,round_reset,0.000009074,0.000007907
4,41,receive_authenticate_accumulate,0.017268612,0.017242315
4,41,receive_authenticate_accumulate,0.000055831,0.000055759
4,41,receive_authenticate_accumulate,0.017227242,0.017227611
4,41,receive_authenticate_accumulate,0.000054313,0.000054278
4,41,receive_authenticate_accumulate,0.017220650,0.017221074
4,41,receive_authenticate_accumulate,0.000056221,0.000056000
4,41,reading_commitment_and_shares,0.026251926,0.026252778
4,41,receive_authenticate_accumulate,0.017211762,0.017212259
4,41,receive_authenticate_accumulate,0.000055350,0.000055018
4,41,receive_authenticate_accumulate,0.017215502,0.017215851
4,41,receive_authenticate_accumulate,0.000055610,0.000055574
4,41,receive_authenticate_accumulate,0.017223781,0.017224296
4,41,receive_authenticate_accumulate,0.000053424,0.000053334
4,41,receive_authenticate_accumulate,0.017231502,0.017231981
4,41,receive_authenticate_accumulate,0.000055017,0.000054833
4,41,receive_authenticate_accumulate,0.017219503,0.017219999
4,41,receive_authenticate_accumulate,0.000054591,0.000054500
4,41,receive_authenticate_accumulate,0.017243410,0.017234000
4,41,receive_authenticate_accumulate,0.000055202,0.000055259
4,41,receive_authenticate_accumulate,0.017249096,0.017238648
4,41,receive_authenticate_accumulate,0.000054499,0.000054389
4,41,receive_authenticate_accumulate,0.017230578,0.017230963
4,41,receive_authenticate_accumulate,0.000053869,0.000053815
4,41,receive_authenticate_accumulate,0.017226875,0.017227037
4,41,receive_authenticate_accumulate,0.000053462,0.000053315
4,41,receive_authenticate_accumulate,0.017255929,0.017226890
4,41,receive_authenticate_accumulate,0.000057480,0.000057278
4,41,receive_authenticate_accumulate,0.017220727,0.017220925
4,41,receive_authenticate_accumulate,0.000055739,0.000055574
4,41,receive_authenticate_accumulate,0.017236893,0.017237315
4,41,receive_authenticate_accumulate,0.000056443,0.000056334
4,41,receive_authenticate_accumulate,0.017224005,0.017224333
4,41,receive_authenticate_accumulate,0.000055831,0.000055685
4,41,receive_authenticate_accumulate,0.017226728,0.017226889
4,41,receive_authenticate_accumulate,0.000058739,0.000058500
4,41,receive_authenticate_accumulate,0.017243153,0.017243259
4,41,receive_authenticate_accumulate,0.000056610,0.000056445
4,41,receive_authenticate_accumulate,0.017285949,0.017243259
4,41,receive_authenticate_accumulate,0.000057017,0.000056722
4,41,receive_authenticate_accumulate,0.017233043,0.017233444
4,41,receive_authenticate_accumulate,0.000056720,0.000056462
4,41,round_coverage,0.000003148,0.000002592
4,41,spatial_report,0.000041128,0.000040797
4,42,round_reset,0.000010315,0.000008871
4,42,receive_authenticate_accumulate,0.028743442,0.028744074
4,42,receive_authenticate_accumulate,0.000056202,0.000055944
4,42,receive_authenticate_accumulate,0.017220780,0.017221167
4,42,receive_authenticate_accumulate,0.000056110,0.000055851
4,42,receive_authenticate_accumulate,0.017230540,0.017230740
4,42,receive_authenticate_accumulate,0.000057906,0.000057722
4,42,reading_commitment_and_shares,0.026290251,0.026290852
4,42,receive_authenticate_accumulate,0.017217651,0.017217982
4,42,receive_authenticate_accumulate,0.000056906,0.000056834
4,42,receive_authenticate_accumulate,0.017239318,0.017239574
4,42,receive_authenticate_accumulate,0.000057387,0.000057241
4,42,receive_authenticate_accumulate,0.017228041,0.017228260
4,42,receive_authenticate_accumulate,0.000056591,0.000056370
4,42,receive_authenticate_accumulate,0.017226967,0.017227315
4,42,receive_authenticate_accumulate,0.000057183,0.000056926
4,42,receive_authenticate_accumulate,0.017226152,0.017226407
4,42,receive_authenticate_accumulate,0.000056924,0.000056759
4,42,receive_authenticate_accumulate,0.017229856,0.017230130
4,42,receive_authenticate_accumulate,0.000057313,0.000057018
4,42,receive_authenticate_accumulate,0.017220690,0.017221056
4,42,receive_authenticate_accumulate,0.000057350,0.000057093
4,42,receive_authenticate_accumulate,0.017230561,0.017230852
4,42,receive_authenticate_accumulate,0.000055962,0.000055815
4,42,receive_authenticate_accumulate,0.017218635,0.017218889
4,42,receive_authenticate_accumulate,0.000056702,0.000056519
4,42,receive_authenticate_accumulate,0.017232024,0.017232315
4,42,receive_authenticate_accumulate,0.000056517,0.000056315
4,42,receive_authenticate_accumulate,0.022868369,0.022797111
4,42,receive_authenticate_accumulate,0.000056276,0.000056056
4,42,receive_authenticate_accumulate,0.017221765,0.017221981
4,42,receive_authenticate_accumulate,0.000057813,0.000057481
4,42,receive_authenticate_accumulate,0.017237766,0.017238111
4,42,receive_authenticate_accumulate,0.000056239,0.000056167
4,42,receive_authenticate_accumulate,0.017228655,0.017229000
4,42,receive_authenticate_accumulate,0.000057795,0.000057593
4,42,receive_authenticate_accumulate,0.017275394,0.017241390
4,42,receive_authenticate_accumulate,0.000055109,0.000054981
4,42,receive_authenticate_accumulate,0.017219118,0.017219592
4,42,receive_authenticate_accumulate,0.000056814,0.000056648
4,42,receive_authenticate_accumulate,0.017234359,0.017234648
4,42,receive_authenticate_accumulate,0.000057850,0.000057611
4,42,round_coverage,0.000003408,0.000002926
4,42,spatial_report,0.000042869,0.000042574
4,43,round_reset,0.000008852,0.000007445
4,43,receive_authenticate_accumulate,0.028738788,0.028739519
4,43,receive_authenticate_accumulate,0.000055888,0.000055723
4,43,receive_authenticate_accumulate,0.017228503,0.017228963
4,43,receive_authenticate_accumulate,0.000055980,0.000055907
4,43,receive_authenticate_accumulate,0.017216634,0.017217019
4,43,receive_authenticate_accumulate,0.000055850,0.000055796
4,43,reading_commitment_and_shares,0.026283577,0.026257370
4,43,receive_authenticate_accumulate,0.017224004,0.017224537
4,43,receive_authenticate_accumulate,0.000055721,0.000055593
4,43,receive_authenticate_accumulate,0.017224615,0.017224945
4,43,receive_authenticate_accumulate,0.000056128,0.000056000
4,43,receive_authenticate_accumulate,0.017215134,0.017215574
4,43,receive_authenticate_accumulate,0.000056110,0.000056056
4,43,receive_authenticate_accumulate,0.017214616,0.017214852
4,43,receive_authenticate_accumulate,0.000056331,0.000056167
4,43,receive_authenticate_accumulate,0.017215153,0.017215537
4,43,receive_authenticate_accumulate,0.000055943,0.000055519
4,43,receive_authenticate_accumulate,0.017270541,0.017244129
4,43,receive_authenticate_accumulate,0.000056721,0.000056519
4,43,receive_authenticate_accumulate,0.017225819,0.017226130
4,43,receive_authenticate_accumulate,0.000056702,0.000056463
4,43,receive_authenticate_accumulate,0.017222876,0.017223204
4,43,receive_authenticate_accumulate,0.000056332,0.000056055
4,43,receive_authenticate_accumulate,0.017219006,0.017219407
4,43,receive_authenticate_accumulate,0.000056906,0.000056667
4,43,receive_authenticate_accumulate,0.017221377,0.017221870
4,43,receive_authenticate_accumulate,0.000056369,0.000056149
4,43,receive_authenticate_accumulate,0.017282931,0.017241407
4,43,receive_authenticate_accumulate,0.000056221,0.000055963
4,43,receive_authenticate_accumulate,0.017220636,0.017221056
4,43,receive_authenticate_accumulate,0.000058035,0.000057907
4,43,receive_authenticate_accumulate,0.017229858,0.017230296
4,43,receive_authenticate_accumulate,0.000056332,0.000056130
4,43,receive_authenticate_accumulate,0.017228248,0.017228648
4,43,receive_authenticate_accumulate,0.000055295,0.000055111
4,43,receive_authenticate_accumulate,0.017225766,0.017226074
4,43,receive_authenticate_accumulate,0.000055554,0.000055352
4,43,receive_authenticate_accumulate,0.017222303,0.017222649
4,43,receive_authenticate_accumulate,0.000055924,0.000055703
4,43,receive_authenticate_accumulate,0.017227544,0.017227889
4,43,receive_authenticate_accumulate,0.000069276,0.000069148
4,43,round_coverage,0.000002870,0.000002389
4,43,spatial_report,0.000040925,0.000040667
4,44,round_reset,0.000010203,0.000008982
4,44,receive_authenticate_accumulate,0.017230113,0.017230296
4,44,receive_authenticate_accumulate,0.000074313,0.000074148
4,44,receive_authenticate_accumulate,0.017216762,0.017217111
4,44,receive_authenticate_accumulate,0.000056998,0.000057037
4,44,receive_authenticate_accumulate,0.017222448,0.017222833
4,44,receive_authenticate_accumulate,0.000056036,0.000055926
4,44,reading_commitment_and_shares,0.026246068,0.026246815
4,44,receive_authenticate_accumulate,0.017220800,0.017221241
4,44,receive_authenticate_accumulate,0.000055646,0.000055389
4,44,receive_authenticate_accumulate,0.017212892,0.017213259
4,44,receive_authenticate_accumulate,0.000054980,0.000054852
4,44,receive_authenticate_accumulate,0.017276040,0.017246463
4,44,receive_authenticate_accumulate,0.000055962,0.000055852
4,44,receive_authenticate_accumulate,0.017223429,0.017223834
4,44,receive_authenticate_accumulate,0.000056406,0.000056185
4,44,receive_authenticate_accumulate,0.017218300,0.017218667
4,44,receive_authenticate_accumulate,0.000056017,0.000055889
4,44,receive_authenticate_accumulate,0.017223430,0.017223796
4,44,receive_authenticate_accumulate,0.000056313,0.000056093
4,44,receive_authenticate_accumulate,0.017224245,0.017224555
4,44,receive_authenticate_accumulate,0.000057276,0.000057074
4,44,receive_authenticate_accumulate,0.017227264,0.017227667
4,44,receive_authenticate_accumulate,0.000055869,0.000055685
4,44,receive_authenticate_accumulate,0.017228746,0.017229129
4,44,receive_authenticate_accumulate,0.000054740,0.000054630
4,44,receive_authenticate_accumulate,0.017217931,0.017218241
4,44,receive_authenticate_accumulate,0.000081239,0.000081037
4,44,receive_authenticate_accumulate,0.017225172,0.017225408
4,44,receive_authenticate_accumulate,0.000056258,0.000056037
4,44,receive_authenticate_accumulate,0.017262800,0.017237203
4,44,receive_authenticate_accumulate,0.000057221,0.000057111
4,44,receive_authenticate_accumulate,0.017220228,0.017220463
4,44,receive_authenticate_accumulate,0.000055739,0.000055574
4,44,receive_authenticate_accumulate,0.017220617,0.017221055
4,44,receive_authenticate_accumulate,0.000056776,0.000056518
4,44,receive_authenticate_accumulate,0.017224618,0.017224926
4,44,receive_authenticate_accumulate,0.000057166,0.000056852
4,44,receive_authenticate_accumulate,0.017223099,0.017223445
4,44,receive_authenticate_accumulate,0.000057054,0.000056889
4,44,receive_authenticate_accumulate,0.017219396,0.017219667
4,44,receive_authenticate_accumulate,0.000055536,0.000055166
4,44,round_coverage,0.000002871,0.000002500
4,44,spatial_report,0.000041166,0.000040925
4,45,round_reset,0.000008982,0.000007815
4,45,receive_authenticate_accumulate,0.028773605,0.028749704
4,45,receive_authenticate_accumulate,0.000055332,0.000055130
4,45,receive_authenticate_accumulate,0.017219482,0.017219796
4,45,receive_authenticate_accumulate,0.000057184,0.000057037
4,45,receive_authenticate_accumulate,0.017225205,0.017225648
4,45,receive_authenticate_accumulate,0.000057147,0.000056889
4,45,reading_commitment_and_shares,0.026253631,0.026254092
4,45,receive_authenticate_accumulate,0.017219557,0.017219981
4,45,receive_authenticate_accumulate,0.000057017,0.000056740
4,45,receive_authenticate_accumulate,0.017222316,0.017222389
4,45,receive_authenticate_accumulate,0.000057054,0.000056815
4,45,receive_authenticate_accumulate,0.017256927,0.017246685
4,45,receive_authenticate_accumulate,0.000057165,0.000056926
4,45,receive_authenticate_accumulate,0.017224261,0.017224648
4,45,receive_authenticate_accumulate,0.000055610,0.000055389
4,45,receive_authenticate_accumulate,0.017225132,0.017225351
4,45,receive_authenticate_accumulate,0.000056961,0.000056815
4,45,receive_authenticate_accumulate,0.017223836,0.017224092
4,45,receive_authenticate_accumulate,0.000056295,0.000056000
4,45,receive_authenticate_accumulate,0.017229798,0.017230092
4,45,receive_authenticate_accumulate,0.000057573,0.000057352
4,45,receive_authenticate_accumulate,0.017222836,0.017223130
4,45,receive_authenticate_accumulate,0.000056999,0.000056833
4,45,receive_authenticate_accumulate,0.017231354,0.017231611
4,45,receive_authenticate_accumulate,0.000056184,0.000055703
4,45,receive_authenticate_accumulate,0.017228152,0.017228537
4,45,receive_authenticate_accumulate,0.000057888,0.000057537
4,45,receive_authenticate_accumulate,0.021590175,0.021503371
4,45,receive_authenticate_accumulate,0.000058925,0.000058426
4,45,receive_authenticate_accumulate,0.017264650,0.017237500
4,45,receive_authenticate_accumulate,0.000056165,0.000055944
4,45,receive_authenticate_accumulate,0.017231652,0.017232018
4,45,receive_authenticate_accumulate,0.000056110,0.000055888
4,45,receive_authenticate_accumulate,0.017226560,0.017226908
4,45,receive_authenticate_accumulate,0.000056517,0.000056278
4,45,receive_authenticate_accumulate,0.017219115,0.017219611
4,45,receive_authenticate_accumulate,0.000055832,0.000055704
4,45,receive_authenticate_accumulate,0.017208098,0.017208111
4,45,receive_authenticate_accumulate,0.000056980,0.000056815
4,45,receive_authenticate_accumulate,0.017232319,0.017232555
4,45,receive_authenticate_accumulate,0.000056240,0.000055908
4,45,round_coverage,0.000003148,0.000002667
4,45,spatial_report,0.000040999,0.000040686
4,46,round_reset,0.000009592,0.000008408
4,46,receive_authenticate_accumulate,0.028727410,0.028727296
4,46,receive_authenticate_accumulate,0.000057092,0.000056666
4,46,receive_authenticate_accumulate,0.017220239,0.017220463
4,46,receive_authenticate_accumulate,0.000056647,0.000056297
4,46,receive_authenticate_accumulate,0.017222999,0.017223259
4,46,receive_authenticate_accumulate,0.000056036,0.000055759
4,46,reading_commitment_and_shares,0.026240618,0.026241092
4,46,receive_authenticate_accumulate,0.017221295,0.017221703
4,46,receive_authenticate_accumulate,0.000056869,0.000056723
4,46,receive_authenticate_accumulate,0.017281053,0.017264369
4,46,receive_authenticate_accumulate,0.000054665,0.000054407
4,46,receive_authenticate_accumulate,0.017225480,0.017225759
4,46,receive_authenticate_accumulate,0.000056758,0.000056611
4,46,receive_authenticate_accumulate,0.017227980,0.017228129
4,46,receive_authenticate_accumulate,0.000057351,0.000057074
4,46,receive_authenticate_accumulate,0.017233906,0.017234185
4,46,receive_authenticate_accumulate,0.000056980,0.000056723
4,46,receive_authenticate_accumulate,0.017216593,0.017216778
4,46,receive_authenticate_accumulate,0.000057869,0.000057704
4,46,receive_authenticate_accumulate,0.017229740,0.017230019
4,46,receive_authenticate_accumulate,0.000054813,0.000054426
4,46,receive_authenticate_accumulate,0.017231593,0.017231870
4,46,receive_authenticate_accumulate,0.000056166,0.000055963
4,46,receive_authenticate_accumulate,0.017274499,0.017244870
4,46,receive_authenticate_accumulate,0.000056980,0.000056704
4,46,receive_authenticate_accumulate,0.017230778,0.017231018
4,46,receive_authenticate_accumulate,0.000055647,0.000055352
4,46,receive_authenticate_accumulate,0.017230741,0.017230889
4,46,receive_authenticate_accumulate,0.000057129,0.000056908
4,46,receive_authenticate_accumulate,0.017220908,0.017220907
4,46,receive_authenticate_accumulate,0.000056721,0.000056463
4,46,receive_authenticate_accumulate,0.017226704,0.017226963
4,46,receive_authenticate_accumulate,0.000056258,0.000056093
4,46,receive_authenticate_accumulate,0.017231205,0.017231426
4,46,receive_authenticate_accumulate,0.000055813,0.000055574
4,46,receive_authenticate_accumulate,0.017221280,0.017221518
4,46,receive_authenticate_accumulate,0.000057183,0.000057056
4,46,receive_authenticate_accumulate,0.017233391,0.017233648
4,46,receive_authenticate_accumulate,0.000057443,0.000057296
4,46,receive_authenticate_accumulate,0.017231076,0.017231388
4,46,receive_authenticate_accumulate,0.000056721,0.000056537
4,46,round_coverage,0.000003148,0.000002463
4,46,spatial_report,0.000041962,0.000041704
4,47,round_reset,0.000008870,0.000007760
4,47,receive_authenticate_accumulate,0.017235513,0.017235555
4,47,receive_authenticate_accumulate,0.000056906,0.000056760
4,47,receive_authenticate_accumulate,0.017228439,0.017228723
4,47,receive_authenticate_accumulate,0.000056313,0.000056167
4,47,receive_authenticate_accumulate,0.017224791,0.017225167
4,47,receive_authenticate_accumulate,0.000056369,0.000056223
4,47,reading_commitment_and_shares,0.026269713,0.026270166
4,47,receive_authenticate_accumulate,0.017218458,0.017218833
4,47,receive_authenticate_accumulate,0.000056684,0.000056481
4,47,receive_authenticate_accumulate,0.017229273,0.017229445
4,47,receive_authenticate_accumulate,0.000057091,0.000056945
4,47,receive_authenticate_accumulate,0.017232273,0.017232685
4,47,receive_authenticate_accumulate,0.000057480,0.000057334
4,47,receive_authenticate_accumulate,0.017224569,0.017224482
4,47,receive_authenticate_accumulate,0.000056109,0.000055870
4,47,receive_authenticate_accumulate,0.017221940,0.017222186
4,47,receive_authenticate_accumulate,0.000059647,0.000059444
4,47,receive_authenticate_accumulate,0.017225459,0.017225574
4,47,receive_authenticate_accumulate,0.000056702,0.000056611
4,47,receive_authenticate_accumulate,0.017228347,0.017228666
4,47,receive_authenticate_accumulate,0.000055388,0.000055130
4,47,receive_authenticate_accumulate,0.017264718,0.017236685
4,47,receive_authenticate_accumulate,0.000056073,0.000055944
4,47,receive_authenticate_accumulate,0.017218570,0.017218759
4,47,receive_authenticate_accumulate,0.000057981,0.000057796
4,47,receive_authenticate_accumulate,0.017229756,0.017229778
4,47,receive_authenticate_accumulate,0.000055073,0.000054852
4,47,receive_authenticate_accumulate,0.017234330,0.017234148
4,47,receive_authenticate_accumulate,0.000057166,0.000056926
4,47,receive_authenticate_accumulate,0.017260700,0.017238834
4,47,receive_authenticate_accumulate,0.000058091,0.000057852
4,47,receive_authenticate_accumulate,0.017234756,0.017235000
4,47,receive_authenticate_accumulate,0.000056832,0.000056556
4,47,receive_authenticate_accumulate,0.017232274,0.017232315
4,47,receive_authenticate_accumulate,0.000058165,0.000057944
4,47,receive_authenticate_accumulate,0.017224127,0.017224370
4,47,receive_authenticate_accumulate,0.000056128,0.000055963
4,47,receive_authenticate_accumulate,0.017228720,0.017228611
4,47,receive_authenticate_accumulate,0.000056572,0.000056370
4,47,receive_authenticate_accumulate,0.017235035,0.017235315
4,47,receive_authenticate_accumulate,0.000056758,0.000056518
4,47,round_coverage,0.000003278,0.000002574
4,47,spatial_report,0.000042536,0.000042408
4,48,round_reset,0.000010204,0.000008815
4,48,receive_authenticate_accumulate,0.017229082,0.017229259
4,48,receive_authenticate_accumulate,0.000057184,0.000057037
4,48,receive_authenticate_accumulate,0.017231953,0.017232240
4,48,receive_authenticate_accumulate,0.000058073,0.000057685
4,48,receive_authenticate_accumulate,0.017218490,0.017218685
4,48,receive_authenticate_accumulate,0.000056555,0.000056352
4,48,reading_commitment_and_shares,0.026255958,0.026256685
4,48,receive_authenticate_accumulate,0.017216602,0.017217111
4,48,receive_authenticate_accumulate,0.000056795,0.000056445
4,48,receive_authenticate_accumulate,0.017222194,0.017222333
4,48,receive_authenticate_accumulate,0.000056777,0.000056519
4,48,receive_authenticate_accumulate,0.017226917,0.017227018
4,48,receive_authenticate_accumulate,0.000057832,0.000057685
4,48,receive_authenticate_accumulate,0.017230176,0.017230352
4,48,receive_authenticate_accumulate,0.000057666,0.000057389
4,48,receive_authenticate_accumulate,0.017229435,0.017229574
4,48,receive_authenticate_accumulate,0.000057758,0.000057148
4,48,receive_authenticate_accumulate,0.017236250,0.017236426
4,48,receive_authenticate_accumulate,0.000056758,0.000056593
4,48,receive_authenticate_accumulate,0.017233250,0.017233278
4,48,receive_authenticate_accumulate,0.000057258,0.000057037
4,48,receive_authenticate_accumulate,0.017228473,0.017228648
4,48,receive_authenticate_accumulate,0.000057314,0.000057148
4,48,receive_authenticate_accumulate,0.017234343,0.017234481
4,48,receive_authenticate_accumulate,0.000057850,0.000057666
4,48,receive_authenticate_accumulate,0.017235085,0.017235333
4,48,receive_authenticate_accumulate,0.000056610,0.000056444
4,48,receive_authenticate_accumulate,0.017232992,0.017233148
4,48,receive_authenticate_accumulate,0.000056980,0.000056741
4,48,receive_authenticate_accumulate,0.017264510,0.017235927
4,48,receive_authenticate_accumulate,0.000054943,0.000054685
4,48,receive_authenticate_accumulate,0.017224604,0.017224722
4,48,receive_authenticate_accumulate,0.000056443,0.000056463
4,48,receive_authenticate_accumulate,0.017223956,0.017224222
4,48,receive_authenticate_accumulate,0.000056795,0.000056703
4,48,receive_authenticate_accumulate,0.017221123,0.017221203
4,48,receive_authenticate_accumulate,0.000056388,0.000056222
4,48,receive_authenticate_accumulate,0.017228234,0.017228407
4,48,receive_authenticate_accumulate,0.000056832,0.000056574
4,48,receive_authenticate_accumulate,0.017232067,0.017232370
4,48,receive_authenticate_accumulate,0.000057110,0.000056963
4,48,round_coverage,0.000003463,0.000002888
4,48,spatial_report,0.000042073,0.000041685
4,49,round_reset,0.000009426,0.000008222
4,49,receive_authenticate_accumulate,0.017224744,0.017225000
4,49,receive_authenticate_accumulate,0.000057832,0.000057648
4,49,receive_authenticate_accumulate,0.017226503,0.017226741
4,49,receive_authenticate_accumulate,0.000056814,0.000056481
4,49,receive_authenticate_accumulate,0.017269521,0.017245962
4,49,receive_authenticate_accumulate,0.000056573,0.000056296
4,49,reading_commitment_and_shares,0.026282237,0.026272018
4,49,receive_authenticate_accumulate,0.017219596,0.017219851
4,49,receive_authenticate_accumulate,0.000057647,0.000057407
4,49,receive_authenticate_accumulate,0.017233948,0.017234092
4,49,receive_authenticate_accumulate,0.000058388,0.000058112
4,49,receive_authenticate_accumulate,0.017244170,0.017233185
4,49,receive_authenticate_accumulate,0.000056758,0.000056481
4,49,receive_authenticate_accumulate,0.017235041,0.017235296
4,49,receive_authenticate_accumulate,0.000057314,0.000057112
4,49,receive_authenticate_accumulate,0.017224393,0.017224592
4,49,receive_authenticate_accumulate,0.000057758,0.000057518
4,49,receive_authenticate_accumulate,0.017224023,0.017224167
4,49,receive_authenticate_accumulate,0.000057628,0.000057260
4,49,receive_authenticate_accumulate,0.017227041,0.017227148
4,49,receive_authenticate_accumulate,0.000058221,0.000058018
4,49,receive_authenticate_accumulate,0.017254504,0.017241519
4,49,receive_authenticate_accumulate,0.000089164,0.000089092
4,49,receive_authenticate_accumulate,0.017226450,0.017226796
4,49,receive_authenticate_accumulate,0.000054332,0.000054055
4,49,receive_authenticate_accumulate,0.017225209,0.017225278
4,49,receive_authenticate_accumulate,0.000057369,0.000056870
4,49,receive_authenticate_accumulate,0.017230431,0.017230370
4,49,receive_authenticate_accumulate,0.000058388,0.000058092
4,49,receive_authenticate_accumulate,0.017242764,0.017242963
4,49,receive_authenticate_accumulate,0.000057814,0.000057611
4,49,receive_authenticate_accumulate,0.017223654,0.017223926
4,49,receive_authenticate_accumulate,0.000056295,0.000056019
4,49,receive_authenticate_accumulate,0.017230820,0.017231074
4,49,receive_authenticate_accumulate,0.000057147,0.000056889
4,49,receive_authenticate_accumulate,0.017226654,0.017226648
4,49,receive_authenticate_accumulate,0.000055555,0.000055278
4,49,receive_authenticate_accumulate,0.017223025,0.017223241
4,49,receive_authenticate_accumulate,0.000056813,0.000056611
4,49,receive_authenticate_accumulate,0.017227247,0.017227481
4,49,receive_authenticate_accumulate,0.000055536,0.000055334
4,49,round_coverage,0.000003796,0.000003278
4,49,spatial_report,0.000042110,0.000041833
4,49,billing_report,0.000427361,0.000426981
5,50,period_reset,0.000024444,0.000023204
5,50,receive_authenticate_accumulate,0.000094498,0.000094315
5,50,receive_authenticate_accumulate,0.000096683,0.000096463
5,50,receive_authenticate_accumulate,0.000092202,0.000091760
5,50,randomness_commit,0.000826909,0.000826555
5,50,receive_authenticate_accumulate,0.000081702,0.000081574
5,50,receive_authenticate_accumulate,0.000094220,0.000093852
5,50,receive_authenticate_accumulate,0.000092665,0.000092371
5,50,receive_authenticate_accumulate,0.000094498,0.000094203
5,50,receive_authenticate_accumulate,0.000093424,0.000093037
5,50,receive_authenticate_accumulate,0.000091516,0.000091278
5,50,receive_authenticate_accumulate,0.000092331,0.000092074
5,50,receive_authenticate_accumulate,0.000094091,0.000093870
5,50,receive_authenticate_accumulate,0.000092424,0.000092056
5,50,receive_authenticate_accumulate,0.000094072,0.000093833
5,50,receive_authenticate_accumulate,0.000092868,0.000092482
5,50,receive_authenticate_accumulate,0.000093868,0.000093851
5,50,receive_authenticate_accumulate,0.000093294,0.000092945
5,50,receive_authenticate_accumulate,0.000067147,0.000065852
5,50,receive_authenticate_accumulate,0.000058109,0.000057796
5,50,receive_authenticate_accumulate,0.000058944,0.000058574
5,50,receive_authenticate_accumulate,0.000059165,0.000058814
5,50,receive_authenticate_accumulate,0.000070868,0.000070740
5,50,receive_authenticate_accumulate,0.000071036,0.000070722
5,50,receive_authenticate_accumulate,0.000067591,0.000067260
5,50,randomness_reveal,0.000447862,0.000447389
5,50,receive_authenticate_accumulate,0.000063776,0.000063778
5,50,receive_authenticate_accumulate,0.000065425,0.000065111
5,50,receive_authenticate_accumulate,0.000069962,0.000069741
5,50,receive_authenticate_accumulate,0.000068610,0.000068463
5,50,receive_authenticate_accumulate,0.000069702,0.000069370
5,50,receive_authenticate_accumulate,0.000071091,0.000070445
5,50,receive_authenticate_accumulate,0.000070314,0.000070167
5,50,receive_authenticate_accumulate,0.000069795,0.000069611
5,50,receive_authenticate_accumulate,0.000069332,0.000069000
5,50,receive_authenticate_accumulate,0.000069239,0.000068889
5,50,receive_authenticate_accumulate,0.000071350,0.000071148
5,50,receive_authenticate_accumulate,0.000071258,0.000071056
5,50,receive_authenticate_accumulate,0.000070480,0.000069611
5,50,receive_authenticate_accumulate,0.000070535,0.000069741
5,50,receive_authenticate_accumulate,0.000070462,0.000069834
5,50,receive_authenticate_accumulate,0.000071165,0.000070926
5,50,receive_authenticate_accumulate,0.000071425,0.000071222
5,50,committee_selection,0.000128479,0.000128093
5,50,round_reset,0.000005611,0.000004926
5,50,receive_authenticate_accumulate,0.017228257,0.017228371
5,50,receive_authenticate_accumulate,0.000061813,0.000061426
5,50,receive_authenticate_accumulate,0.017231090,0.017231593
5,50,receive_authenticate_accumulate,0.000058592,0.000058389
5,50,receive_authenticate_accumulate,0.017230645,0.017230870
5,50,receive_authenticate_accumulate,0.000059425,0.000059260
5,50,reading_commitment_and_shares,0.026244683,0.026245166
5,50,receive_authenticate_accumulate,0.017238534,0.017238537
5,50,receive_authenticate_accumulate,0.000061109,0.000060944
5,50,receive_authenticate_accumulate,0.017229035,0.017228703
5,50,receive_authenticate_accumulate,0.000059517,0.000059333
5,50,receive_authenticate_accumulate,0.017218850,0.017219148
5,50,receive_authenticate_accumulate,0.000060202,0.000060019
5,50,receive_authenticate_accumulate,0.017230887,0.017231167
5,50,receive_authenticate_accumulate,0.000059314,0.000059130
5,50,receive_authenticate_accumulate,0.017246183,0.017234093
5,50,receive_authenticate_accumulate,0.000061962,0.000061759
5,50,receive_authenticate_accumulate,0.017224276,0.017224370
5,50,receive_authenticate_accumulate,0.000058832,0.000058555
5,50,receive_authenticate_accumulate,0.017222776,0.017222945
5,50,receive_authenticate_accumulate,0.000060462,0.000060204
5,50,receive_authenticate_accumulate,0.017229777,0.017230018
5,50,receive_authenticate_accumulate,0.000060888,0.000060612
5,50,receive_authenticate_accumulate,0.017231832,0.017232074
5,50,receive_authenticate_accumulate,0.000061943,0.000061740
5,50,receive_authenticate_accumulate,0.017281053,0.017256851
5,50,receive_authenticate_accumulate,0.000061684,0.000061407
5,50,receive_authenticate_accumulate,0.017272146,0.017244741
5,50,receive_authenticate_accumulate,0.000060610,0.000060408
5,50,receive_authenticate_accumulate,0.017222018,0.017222222
5,50,receive_authenticate_accumulate,0.000060203,0.000060000
5,50,receive_authenticate_accumulate,0.017227426,0.017227500
5,50,receive_authenticate_accumulate,0.000060758,0.000060555
5,50,receive_authenticate_accumulate,0.017283462,0.017267000
5,50,receive_authenticate_accumulate,0.000067740,0.000067481
5,50,receive_authenticate_accumulate,0.017215500,0.017215722
5,50,receive_authenticate_accumulate,0.000061295,0.000061037
5,50,receive_authenticate_accumulate,0.017222963,0.017223111
5,50,receive_authenticate_accumulate,0.000060054,0.000059889
5,50,receive_authenticate_accumulate,0.017236760,0.017236889
5,50,receive_authenticate_accumulate,0.000062147,0.000062000
5,50,round_coverage,0.000003871,0.000003222
5,50,spatial_report,0.000065350,0.000065129
5,51,round_reset,0.000009648,0.000008314
5,51,receive_authenticate_accumulate,0.017227083,0.017227203
5,51,receive_authenticate_accumulate,0.000062221,0.000061611
5,51,receive_authenticate_accumulate,0.017241620,0.017241593
5,51,receive_authenticate_accumulate,0.000057480,0.000057315
5,51,receive_authenticate_accumulate,0.017228750,0.017228852
5,51,receive_authenticate_accumulate,0.000062258,0.000062055
5,51,reading_commitment_and_shares,0.026316570,0.026289667
5,51,receive_authenticate_accumulate,0.017220917,0.017221167
5,51,receive_authenticate_accumulate,0.000060813,0.000060519
5,51,receive_authenticate_accumulate,0.017231843,0.017232018
5,51,receive_authenticate_accumulate,0.000060851,0.000060648
5,51,receive_authenticate_accumulate,0.017232750,0.017232797
5,51,receive_authenticate_accumulate,0.000060777,0.000060593
5,51,receive_authenticate_accumulate,0.017237250,0.017237370
5,51,receive_authenticate_accumulate,0.000061795,0.000061518
5,51,receive_authenticate_accumulate,0.017226917,0.017227259
5,51,receive_authenticate_accumulate,0.000061943,0.000061722
5,51,receive_authenticate_accumulate,0.017222029,0.017222241
5,51,receive_authenticate_accumulate,0.000060129,0.000059870
5,51,receive_authenticate_accumulate,0.017226492,0.017226648
5,51,receive_authenticate_accumulate,0.000061480,0.000061296
5,51,receive_authenticate_accumulate,0.017226084,0.017226149
5,51,receive_authenticate_accumulate,0.000061147,0.000060926
5,51,receive_authenticate_accumulate,0.017220658,0.017220778
5,51,receive_authenticate_accumulate,0.000059833,0.000059612
5,51,receive_authenticate_accumulate,0.017231066,0.017231148
5,51,receive_authenticate_accumulate,0.000085684,0.000085426
5,51,receive_authenticate_accumulate,0.017219382,0.017219463
5,51,receive_authenticate_accumulate,0.000061314,0.000061148
5,51,receive_authenticate_accumulate,0.017237030,0.017237222
5,51,receive_authenticate_accumulate,0.000060907,0.000060667
5,51,receive_authenticate_accumulate,0.017222734,0.017222870
5,51,receive_authenticate_accumulate,0.000061739,0.000061574
5,51,receive_authenticate_accumulate,0.017229178,0.017229370
5,51,receive_authenticate_accumulate,0.000060684,0.000060537
5,51,receive_authenticate_accumulate,0.017232160,0.017232241
5,51,receive_authenticate_accumulate,0.000061054,0.000060852
5,51,receive_authenticate_accumulate,0.017229141,0.017229093
5,51,receive_authenticate_accumulate,0.000060887,0.000060685
5,51,receive_authenticate_accumulate,0.017227715,0.017228019
5,51,receive_authenticate_accumulate,0.000065443,0.000065352
5,51,round_coverage,0.000002963,0.000002630
5,51,spatial_report,0.000067739,0.000067315
5,52,round_reset,0.000010537,0.000009389
5,52,receive_authenticate_accumulate,0.028746447,0.028747130
5,52,receive_authenticate_accumulate,0.000061517,0.000061482
5,52,receive_authenticate_accumulate,0.017223410,0.017223722
5,52,receive_authenticate_accumulate,0.000059981,0.000059834
5,52,receive_authenticate_accumulate,0.017232224,0.017232685
5,52,receive_authenticate_accumulate,0.000061314,0.000061371
5,52,reading_commitment_and_shares,0.026316994,0.026276351
5,52,receive_authenticate_accumulate,0.017217983,0.017218297
5,52,receive_authenticate_accumulate,0.000057684,0.000057759
5,52,receive_authenticate_accumulate,0.017228114,0.017227981
5,52,receive_authenticate_accumulate,0.000060870,0.000060778
5,52,receive_authenticate_accumulate,0.017228299,0.017228555
5,52,receive_authenticate_accumulate,0.000060166,0.000060074
5,52,receive_authenticate_accumulate,0.017225966,0.017226148
5,52,receive_authenticate_accumulate,0.000059925,0.000059871
5,52,receive_authenticate_accumulate,0.017227410,0.017227704
5,52,receive_authenticate_accumulate,0.000058776,0.000058759
5,52,receive_authenticate_accumulate,0.017283187,0.017241870
5,52,receive_authenticate_accumulate,0.000061609,0.000061556
5,52,receive_authenticate_accumulate,0.017226800,0.017227074
5,52,receive_authenticate_accumulate,0.000061813,0.000061815
5,52,receive_authenticate_accumulate,0.017229503,0.017229741
5,52,receive_authenticate_accumulate,0.000062313,0.000062259
5,52,receive_authenticate_accumulate,0.017225688,0.017226037
5,52,receive_authenticate_accumulate,0.000060462,0.000060371
5,52,receive_authenticate_accumulate,0.017229800,0.017230093
5,52,receive_authenticate_accumulate,0.000061166,0.000061000
5,52,receive_authenticate_accumulate,0.017232596,0.017232685
5,52,receive_authenticate_accumulate,0.000060758,0.000060648
5,52,receive_authenticate_accumulate,0.017231078,0.017231315
5,52,receive_authenticate_accumulate,0.000059184,0.000059204
5,52,receive_authenticate_accumulate,0.017238652,0.017238870
5,52,receive_authenticate_accumulate,0.000061036,0.000061000
5,52,receive_authenticate_accumulate,0.017227708,0.017227777
5,52,receive_authenticate_accumulate,0.000059980,0.000059963
5,52,receive_authenticate_accumulate,0.017217263,0.017217333
5,52,receive_authenticate_accumulate,0.000058333,0.000058277
5,52,receive_authenticate_accumulate,0.017233967,0.017233963
5,52,receive_authenticate_accumulate,0.000058499,0.000058426
5,52,receive_authenticate_accumulate,0.017233930,0.017234241
5,52,receive_authenticate_accumulate,0.000058851,0.000058833
5,52,round_coverage,0.000003389,0.000003018
5,52,spatial_report,0.000064017,0.000063741
5,53,round_reset,0.000009629,0.000008333
5,53,receive_authenticate_accumulate,0.017227846,0.017228037
5,53,receive_authenticate_accumulate,0.000061221,0.000061037
5,53,receive_authenticate_accumulate,0.017231660,0.017231945
5,53,receive_authenticate_accumulate,0.000060166,0.000059815
5,53,receive_authenticate_accumulate,0.017256920,0.017237185
5,53,receive_authenticate_accumulate,0.000060092,0.000059908
5,53,reading_commitment_and_shares,0.026262844,0.026263370
5,53,receive_authenticate_accumulate,0.017225438,0.017225667
5,53,receive_authenticate_accumulate,0.000059388,0.000059278
5,53,receive_authenticate_accumulate,0.017228439,0.017228482
5,53,receive_authenticate_accumulate,0.000061666,0.000061574
5,53,receive_authenticate_accumulate,0.017232531,0.017232648
5,53,receive_authenticate_accumulate,0.000059740,0.000059518
5,53,receive_authenticate_accumulate,0.017231995,0.017232074
5,53,receive_authenticate_accumulate,0.000059332,0.000059315
5,53,receive_authenticate_accumulate,0.017227995,0.017228167
5,53,receive_authenticate_accumulate,0.000061314,0.000061093
5,53,receive_authenticate_accumulate,0.017221717,0.017221778
5,53,receive_authenticate_accumulate,0.000059814,0.000059611
5,53,receive_authenticate_accumulate,0.017230773,0.017230889
5,53,receive_authenticate_accumulate,0.000062813,0.000062611
5,53,receive_authenticate_accumulate,0.017258938,0.017235407
5,53,receive_authenticate_accumulate,0.000059980,0.000059797
5,53,receive_authenticate_accumulate,0.017229662,0.017229611
5,53,receive_authenticate_accumulate,0.000059480,0.000059296
5,53,receive_authenticate_accumulate,0.017223959,0.017224093
5,53,receive_authenticate_accumulate,0.000077295,0.000077111
5,53,receive_authenticate_accumulate,0.017225255,0.017225371
5,53,receive_authenticate_accumulate,0.000061369,0.000061222
5,53,receive_authenticate_accumulate,0.017229088,0.017229241
5,53,receive_authenticate_accumulate,0.000059073,0.000058945
5,53,receive_authenticate_accumulate,0.017220959,0.017221278
5,53,receive_authenticate_accumulate,0.000062295,0.000062222
5,53,receive_authenticate_accumulate,0.017225866,0.017225889
5,53,receive_authenticate_accumulate,0.000071277,0.000071149
5,53,receive_authenticate_accumulate,0.017234237,0.017234500
5,53,receive_authenticate_accumulate,0.000060184,0.000060185
5,53,receive_authenticate_accumulate,0.017223700,0.017223908
5,53,receive_authenticate_accumulate,0.000059758,0.000059630
5,53,receive_authenticate_accumulate,0.017235237,0.017235407
5,53,receive_authenticate_accumulate,0.000060443,0.000060296
5,53,round_coverage,0.000003499,0.000002963
5,53,spatial_report,0.000065795,0.000065537
5,54,round_reset,0.000008963,0.000007704
5,54,receive_authenticate_accumulate,0.017293576,0.017266074
5,54,receive_authenticate_accumulate,0.000061592,0.000061259
5,54,receive_authenticate_accumulate,0.017238651,0.017238796
5,54,receive_authenticate_accumulate,0.000061776,0.000061685
5,54,receive_authenticate_accumulate,0.017229244,0.017229481
5,54,receive_authenticate_accumulate,0.000061907,0.000061667
5,54,reading_commitment_and_shares,0.026253767,0.026254037
5,54,receive_authenticate_accumulate,0.017221152,0.017221333
5,54,receive_authenticate_accumulate,0.000058702,0.000058611
5,54,receive_authenticate_accumulate,0.017225208,0.017225426
5,54,receive_authenticate_accumulate,0.000061851,0.000061574
5,54,receive_authenticate_accumulate,0.017227782,0.017227982
5,54,receive_authenticate_accumulate,0.000061332,0.000061185
5,54,receive_authenticate_accumulate,0.017234467,0.017234722
5,54,receive_authenticate_accumulate,0.000060036,0.000059963
5,54,receive_authenticate_accumulate,0.017231616,0.017231852
5,54,receive_authenticate_accumulate,0.000058240,0.000058129
5,54,receive_authenticate_accumulate,0.017222283,0.017222574
5,54,receive_authenticate_accumulate,0.000072536,0.000072537
5,54,receive_authenticate_accumulate,0.017231319,0.017231574
5,54,receive_authenticate_accumulate,0.000060647,0.000060500
5,54,receive_authenticate_accumulate,0.017230264,0.017230537
5,54,receive_authenticate_accumulate,0.000059258,0.000058889
5,54,receive_authenticate_accumulate,0.017226709,0.017227000
5,54,receive_authenticate_accumulate,0.000061258,0.000061241
5,54,receive_authenticate_accumulate,0.017258782,0.017233778
5,54,receive_authenticate_accumulate,0.000062314,0.000062092
5,54,receive_authenticate_accumulate,0.017222338,0.017222500
5,54,receive_authenticate_accumulate,0.000057943,0.000057871
5,54,receive_authenticate_accumulate,0.017232802,0.017232797
5,54,receive_authenticate_accumulate,0.000063054,0.000062834
5,54,receive_authenticate_accumulate,0.017234320,0.017234537
5,54,receive_authenticate_accumulate,0.000061222,0.000061000
5,54,receive_authenticate_accumulate,0.017230154,0.017230314
5,54,receive_authenticate_accumulate,0.000061129,0.000060796
5,54,receive_authenticate_accumulate,0.017231987,0.017232148
5,54,receive_authenticate_accumulate,0.000063036,0.000062925
5,54,receive_authenticate_accumulate,0.017226061,0.017226278
5,54,receive_authenticate_accumulate,0.000060443,0.000060278
5,54,receive_authenticate_accumulate,0.017223487,0.017223537
5,54,receive_authenticate_accumulate,0.000061314,0.000061093
5,54,round_coverage,0.000003852,0.000003352
5,54,spatial_report,0.000062239,0.000062092
5,55,round_reset,0.000009259,0.000008056
5,55,receive_authenticate_accumulate,0.025849806,0.025850037
5,55,receive_authenticate_accumulate,0.000062110,0.000061870
5,55,receive_authenticate_accumulate,0.017231735,0.017231889
5,55,receive_authenticate_accumulate,0.000059943,0.000059944
5,55,receive_authenticate_accumulate,0.017228421,0.017228537
5,55,receive_authenticate_accumulate,0.000061073,0.000060759
5,55,reading_commitment_and_shares,0.026268817,0.026269204
5,55,receive_authenticate_accumulate,0.017212902,0.017213093
5,55,receive_authenticate_accumulate,0.000062258,0.000061981
5,55,receive_authenticate_accumulate,0.017244643,0.017244797
5,55,receive_authenticate_accumulate,0.000061221,0.000061056
5,55,receive_authenticate_accumulate,0.017232902,0.017233037
5,55,receive_authenticate_accumulate,0.000060128,0.000059963
5,55,receive_authenticate_accumulate,0.017232828,0.017232777
5,55,receive_authenticate_accumulate,0.000061999,0.000061778
5,55,receive_authenticate_accumulate,0.017231865,0.017231981
5,55,receive_authenticate_accumulate,0.000060055,0.000059982
5,55,receive_authenticate_accumulate,0.017221866,0.017222055
5,55,receive_authenticate_accumulate,0.000060795,0.000060500
5,55,receive_authenticate_accumulate,0.017222774,0.017223000
5,55,receive_authenticate_accumulate,0.000060240,0.000060037
5,55,receive_authenticate_accumulate,0.017223551,0.017223593
5,55,receive_authenticate_accumulate,0.000059092,0.000058889
5,55,receive_authenticate_accumulate,0.017222366,0.017222407
5,55,receive_authenticate_accumulate,0.000059628,0.000059518
5,55,receive_authenticate_accumulate,0.017222367,0.017222352
5,55,receive_authenticate_accumulate,0.000062962,0.000062704
5,55,receive_authenticate_accumulate,0.017234107,0.017234166
5,55,receive_authenticate_accumulate,0.000057813,0.000057908
5,55,receive_authenticate_accumulate,0.017223589,0.017223407
5,55,receive_authenticate_accumulate,0.000057240,0.000057222
5,55,receive_authenticate_accumulate,0.017235977,0.017236148
5,55,receive_authenticate_accumulate,0.000058981,0.000058907
5,55,receive_authenticate_accumulate,0.017233978,0.017234037
5,55,receive_authenticate_accumulate,0.000057777,0.000057814
5,55,receive_authenticate_accumulate,0.017229552,0.017229760
5,55,receive_authenticate_accumulate,0.000059888,0.000059759
5,55,receive_authenticate_accumulate,0.017234182,0.017234259
5,55,receive_authenticate_accumulate,0.000057981,0.000057889
5,55,receive_authenticate_accumulate,0.017235626,0.017235796
5,55,receive_authenticate_accumulate,0.000058721,0.000058629
5,55,round_coverage,0.000003426,0.000002852
5,55,spatial_report,0.000066369,0.000066130
5,56,round_reset,0.000009148,0.000007944
5,56,receive_authenticate_accumulate,0.017265762,0.017238222
5,56,receive_authenticate_accumulate,0.000059629,0.000059352
5,56,receive_authenticate_accumulate,0.017227596,0.017227889
5,56,receive_authenticate_accumulate,0.000056184,0.000056204
5,56,receive_authenticate_accumulate,0.017227022,0.017226889
5,56,receive_authenticate_accumulate,0.000058962,0.000058870
5,56,reading_commitment_and_shares,0.026294239,0.026294593
5,56,receive_authenticate_accumulate,0.017210763,0.017211074
5,56,receive_authenticate_accumulate,0.000058555,0.000058500
5,56,receive_authenticate_accumulate,0.017269632,0.017241779
5,56,receive_authenticate_accumulate,0.000057388,0.000057315
5,56,receive_authenticate_accumulate,0.017219152,0.017219333
5,56,receive_authenticate_accumulate,0.000058018,0.000057871
5,56,receive_authenticate_accumulate,0.017221134,0.017221223
5,56,receive_authenticate_accumulate,0.000082666,0.000082352
5,56,receive_authenticate_accumulate,0.017226986,0.017227148
5,56,receive_authenticate_accumulate,0.000061703,0.000061556
5,56,receive_authenticate_accumulate,0.017222171,0.017222314
5,56,receive_authenticate_accumulate,0.000073258,0.000073185
5,56,receive_authenticate_accumulate,0.017264244,0.017241426
5,56,receive_authenticate_accumulate,0.000057554,0.000057445
5,56,receive_authenticate_accumulate,0.017247578,0.017247667
5,56,receive_authenticate_accumulate,0.000057555,0.000057425
5,56,receive_authenticate_accumulate,0.017224431,0.017224444
5,56,receive_authenticate_accumulate,0.000057665,0.000057574
5,56,receive_authenticate_accumulate,0.017227005,0.017227222
5,56,receive_authenticate_accumulate,0.000066980,0.000066389
5,56,receive_authenticate_accumulate,0.017230393,0.017230537
5,56,receive_authenticate_accumulate,0.000061369,0.000060889
5,56,receive_authenticate_accumulate,0.017222727,0.017222797
5,56,receive_authenticate_accumulate,0.000062203,0.000062037
5,56,receive_authenticate_accumulate,0.017291634,0.017246742
5,56,receive_authenticate_accumulate,0.000061739,0.000061537
5,56,receive_authenticate_accumulate,0.017219931,0.017220204
5,56,receive_authenticate_accumulate,0.000062110,0.000061704
5,56,receive_authenticate_accumulate,0.017226672,0.017226815
5,56,receive_authenticate_accumulate,0.000061684,0.000061444
5,56,receive_authenticate_accumulate,0.017219209,0.017219278
5,56,receive_authenticate_accumulate,0.000063536,0.000063333
5,56,receive_authenticate_accumulate,0.017221728,0.017221833
5,56,receive_authenticate_accumulate,0.000063036,0.000063000
5,56,round_coverage,0.000003574,0.000003093
5,56,spatial_report,0.000065444,0.000065167
5,57,round_reset,0.000010073,0.000008740
5,57,receive_authenticate_accumulate,0.017227882,0.017227982
5,57,receive_authenticate_accumulate,0.000064888,0.000064685
5,57,receive_authenticate_accumulate,0.017229882,0.017229944
5,57,receive_authenticate_accumulate,0.000062684,0.000062556
5,57,receive_authenticate_accumulate,0.017227974,0.017228222
5,57,receive_authenticate_accumulate,0.000064091,0.000063797
5,57,reading_commitment_and_shares,0.026304769,0.026287666
5,57,receive_authenticate_accumulate,0.017209883,0.017210203
5,57,receive_authenticate_accumulate,0.000063314,0.000063129
5,57,receive_authenticate_accumulate,0.017221142,0.017221315
5,57,receive_authenticate_accumulate,0.000062702,0.000062537
5,57,receive_authenticate_accumulate,0.017275530,0.017247166
5,57,receive_authenticate_accumulate,0.000064499,0.000064222
5,57,receive_authenticate_accumulate,0.017229605,0.017229722
5,57,receive_authenticate_accumulate,0.000063758,0.000063407
5,57,receive_authenticate_accumulate,0.017233105,0.017233259
5,57,receive_authenticate_accumulate,0.000061610,0.000061444
5,57,receive_authenticate_accumulate,0.017230364,0.017230556
5,57,receive_authenticate_accumulate,0.000062147,0.000061926
5,57,receive_authenticate_accumulate,0.017233919,0.017234000
5,57,receive_authenticate_accumulate,0.000069055,0.000068852
5,57,receive_authenticate_accumulate,0.017279049,0.017251241
5,57,receive_authenticate_accumulate,0.000061980,0.000061611
5,57,receive_authenticate_accumulate,0.017220105,0.017220185
5,57,receive_authenticate_accumulate,0.000060999,0.000060908
5,57,receive_authenticate_accumulate,0.017245013,0.017235186
5,57,receive_authenticate_accumulate,0.000095110,0.000094814
5,57,receive_authenticate_accumulate,0.025890537,0.025856593
5,57,receive_authenticate_accumulate,0.000061758,0.000061592
5,57,receive_authenticate_accumulate,0.017228050,0.017228352
5,57,receive_authenticate_accumulate,0.000065407,0.000065241
5,57,receive_authenticate_accumulate,0.017230569,0.017230611
5,57,receive_authenticate_accumulate,0.000062610,0.000062408
5,57,receive_authenticate_accumulate,0.017233383,0.017233389
5,57,receive_authenticate_accumulate,0.000061054,0.000061000
5,57,receive_authenticate_accumulate,0.017222995,0.017223148
5,57,receive_authenticate_accumulate,0.000061351,0.000061185
5,57,receive_authenticate_accumulate,0.017223939,0.017224148
5,57,receive_authenticate_accumulate,0.000062073,0.000061685
5,57,receive_authenticate_accumulate,0.017218625,0.017218778
5,57,receive_authenticate_accumulate,0.000062592,0.000062408
5,57,round_coverage,0.000003629,0.000003259
5,57,spatial_report,0.000066332,0.000066130
5,58,round_reset,0.000022499,0.000012167
5,58,receive_authenticate_accumulate,0.028740945,0.028741129
5,58,receive_authenticate_accumulate,0.000063722,0.000063445
5,58,receive_authenticate_accumulate,0.017219612,0.017219778
5,58,receive_authenticate_accumulate,0.000062796,0.000062537
5,58,receive_authenticate_accumulate,0.017222371,0.017222481
5,58,receive_authenticate_accumulate,0.000062222,0.000061871
5,58,reading_commitment_and_shares,0.026252170,0.026252185
5,58,receive_authenticate_accumulate,0.017206891,0.017207148
5,58,receive_authenticate_accumulate,0.000060943,0.000060704
5,58,receive_authenticate_accumulate,0.017224612,0.017224630
5,58,receive_authenticate_accumulate,0.000062462,0.000062222
5,58,receive_authenticate_accumulate,0.017223649,0.017223870
5,58,receive_authenticate_accumulate,0.000061758,0.000061537
5,58,receive_authenticate_accumulate,0.017226131,0.017226222
5,58,receive_authenticate_accumulate,0.000064277,0.000064148
5,58,receive_authenticate_accumulate,0.017230372,0.017230556
5,58,receive_authenticate_accumulate,0.000061350,0.000061185
5,58,receive_authenticate_accumulate,0.017226316,0.017226333
5,58,receive_authenticate_accumulate,0.000062240,0.000061796
5,58,receive_authenticate_accumulate,0.017215484,0.017215685
5,58,receive_authenticate_accumulate,0.000065518,0.000065463
5,58,receive_authenticate_accumulate,0.017226557,0.017226630
5,58,receive_authenticate_accumulate,0.000060647,0.000060333
5,58,receive_authenticate_accumulate,0.017268928,0.017244185
5,58,receive_authenticate_accumulate,0.000061517,0.000061500
5,58,receive_authenticate_accumulate,0.017225557,0.017225593
5,58,receive_authenticate_accumulate,0.000064647,0.000064537
5,58,receive_authenticate_accumulate,0.017222021,0.017222056
5,58,receive_authenticate_accumulate,0.000063981,0.000063648
5,58,receive_authenticate_accumulate,0.017234521,0.017234648
5,58,receive_authenticate_accumulate,0.000062073,0.000061741
5,58,receive_authenticate_accumulate,0.017220724,0.017220851
5,58,receive_authenticate_accumulate,0.000062962,0.000062685
5,58,receive_authenticate_accumulate,0.017223928,0.017223962
5,58,receive_authenticate_accumulate,0.000062629,0.000062352
5,58,receive_authenticate_accumulate,0.017219485,0.017219518
5,58,receive_authenticate_accumulate,0.000061906,0.000061834
5,58,receive_authenticate_accumulate,0.017225318,0.017225537
5,58,receive_authenticate_accumulate,0.000063110,0.000062907
5,58,receive_authenticate_accumulate,0.017218429,0.017218519
5,58,receive_authenticate_accumulate,0.000063499,0.000063185
5,58,round_coverage,0.000003685,0.000003167
5,58,spatial_report,0.000064351,0.000064111
5,59,round_reset,0.000012889,0.000011685
5,59,receive_authenticate_accumulate,0.028735366,0.028735574
5,59,receive_authenticate_accumulate,0.000062925,0.000062648
5,59,receive_authenticate_accumulate,0.017273804,0.017244760
5,59,receive_authenticate_accumulate,0.000061999,0.000061833
5,59,receive_authenticate_accumulate,0.017228138,0.017227945
5,59,receive_authenticate_accumulate,0.000062888,0.000062685
5,59,reading_commitment_and_shares,0.026257145,0.026257482
5,59,receive_authenticate_accumulate,0.017199268,0.017199574
5,59,receive_authenticate_accumulate,0.000060833,0.000060648
5,59,receive_authenticate_accumulate,0.017253342,0.017238593
5,59,receive_authenticate_accumulate,0.000060518,0.000060297
5,59,receive_authenticate_accumulate,0.017230509,0.017230630
5,59,receive_authenticate_accumulate,0.000062333,0.000062222
5,59,receive_authenticate_accumulate,0.017231009,0.017231241
5,59,receive_authenticate_accumulate,0.000062259,0.000062018
5,59,receive_authenticate_accumulate,0.017219602,0.017219685
5,59,receive_authenticate_accumulate,0.000062221,0.000061944
5,59,receive_authenticate_accumulate,0.017227935,0.017227833
5,59,receive_authenticate_accumulate,0.000061258,0.000061111
5,59,receive_authenticate_accumulate,0.017230638,0.017230796
5,59,receive_authenticate_accumulate,0.000061222,0.000061167
5,59,receive_authenticate_accumulate,0.017227250,0.017227352
5,59,receive_authenticate_accumulate,0.000096351,0.000096463
5,59,receive_authenticate_accumulate,0.017223083,0.017223278
5,59,receive_authenticate_accumulate,0.000058518,0.000058370
5,59,receive_authenticate_accumulate,0.017225454,0.017225685
5,59,receive_authenticate_accumulate,0.000060388,0.000060259
5,59,receive_authenticate_accumulate,0.025842190,0.025842463
5,59,receive_authenticate_accumulate,0.000060110,0.000060074
5,59,receive_authenticate_accumulate,0.017220583,0.017220685
5,59,receive_authenticate_accumulate,0.000065721,0.000065463
5,59,receive_authenticate_accumulate,0.017232657,0.017232889
5,59,receive_authenticate_accumulate,0.000064943,0.000064760
5,59,receive_authenticate_accumulate,0.017233880,0.017233963
5,59,receive_authenticate_accumulate,0.000063036,0.000062852
5,59,receive_authenticate_accumulate,0.017228713,0.017228741
5,59,receive_authenticate_accumulate,0.000062851,0.000062629
5,59,receive_authenticate_accumulate,0.017226029,0.017226222
5,59,receive_authenticate_accumulate,0.000062203,0.000062055
5,59,receive_authenticate_accumulate,0.017226028,0.017226166
5,59,receive_authenticate_accumulate,0.000064406,0.000064166
5,59,round_coverage,0.000003370,0.000002778
5,59,spatial_report,0.000066758,0.000066649
5,59,billing_report,0.000447789,0.000447666
6,60,period_reset,0.000025481,0.000024315
6,60,receive_authenticate_accumulate,0.000098406,0.000098370
6,60,receive_authenticate_accumulate,0.000093961,0.000093593
6,60,receive_authenticate_accumulate,0.000093591,0.000093574
6,60,randomness_commit,0.000822617,0.000822278
6,60,receive_authenticate_accumulate,0.000069073,0.000069314
6,60,receive_authenticate_accumulate,0.000090869,0.000090500
6,60,receive_authenticate_accumulate,0.000088295,0.000087834
6,60,receive_authenticate_accumulate,0.000093962,0.000093889
6,60,receive_authenticate_accumulate,0.000092128,0.000090667
6,60,receive_authenticate_accumulate,0.000068869,0.000068685
6,60,receive_authenticate_accumulate,0.000069869,0.000069796
6,60,receive_authenticate_accumulate,0.000068814,0.000068926
6,60,receive_authenticate_accumulate,0.000068703,0.000068667
6,60,receive_authenticate_accumulate,0.000068870,0.000069000
6,60,receive_authenticate_accumulate,0.000066907,0.000066666
6,60,receive_authenticate_accumulate,0.000069869,0.000069815
6,60,receive_authenticate_accumulate,0.000066573,0.000066371
6,60,receive_authenticate_accumulate,0.000067981,0.000067815
6,60,receive_authenticate_accumulate,0.000070332,0.000070074
6,60,receive_authenticate_accumulate,0.000070295,0.000070056
6,60,receive_authenticate_accumulate,0.000069091,0.000068833
6,60,receive_authenticate_accumulate,0.000084184,0.000084297
6,60,receive_authenticate_accumulate,0.000084999,0.000084778
6,60,receive_authenticate_accumulate,0.000084333,0.000084204
6,60,randomness_reveal,0.000561622,0.000561241
6,60,receive_authenticate_accumulate,0.000067333,0.000067481
6,60,receive_authenticate_accumulate,0.000083721,0.000083574
6,60,receive_authenticate_accumulate,0.000083703,0.000083574
6,60,receive_authenticate_accumulate,0.000083129,0.000083019
6,60,receive_authenticate_accumulate,0.000083758,0.000083723
6,60,receive_authenticate_accumulate,0.000083221,0.000082908
6,60,receive_authenticate_accumulate,0.000084702,0.000084592
6,60,receive_authenticate_accumulate,0.000065981,0.000065815
6,60,receive_authenticate_accumulate,0.000069833,0.000069629
6,60,receive_authenticate_accumulate,0.000064814,0.000064408
6,60,receive_authenticate_accumulate,0.000067887,0.000067796
6,60,receive_authenticate_accumulate,0.000068406,0.000068574
6,60,receive_authenticate_accumulate,0.000068333,0.000068389
6,60,receive_authenticate_accumulate,0.000069369,0.000069333
6,60,receive_authenticate_accumulate,0.000068999,0.000069000
6,60,receive_authenticate_accumulate,0.000069462,0.000069389
6,60,receive_authenticate_accumulate,0.000068518,0.000068574
6,60,committee_selection,0.000128368,0.000128037
6,60,round_reset,0.000006037,0.000005333
6,60,receive_authenticate_accumulate,0.022423436,0.022339407
6,60,receive_authenticate_accumulate,0.000057721,0.000057481
6,60,receive_authenticate_accumulate,0.017215219,0.017215556
6,60,receive_authenticate_accumulate,0.000057888,0.000057667
6,60,receive_authenticate_accumulate,0.017217312,0.017217556
6,60,receive_authenticate_accumulate,0.000056277,0.000056074
6,60,reading_commitment_and_shares,0.026239082,0.026239629
6,60,receive_authenticate_accumulate,0.017182720,0.017183055
6,60,receive_authenticate_accumulate,0.000056739,0.000056667
6,60,receive_authenticate_accumulate,0.017213331,0.017213574
6,60,receive_authenticate_accumulate,0.000054610,0.000054537
6,60,receive_authenticate_accumulate,0.017206757,0.017207018
6,60,receive_authenticate_accumulate,0.000056221,0.000056019
6,60,receive_authenticate_accumulate,0.017225424,0.017225667
6,60,receive_authenticate_accumulate,0.000055814,0.000055722
6,60,receive_authenticate_accumulate,0.017222016,0.017222389
6,60,receive_authenticate_accumulate,0.000056406,0.000056389
6,60,receive_authenticate_accumulate,0.017219146,0.017219297
6,60,receive_authenticate_accumulate,0.000056869,0.000056796
6,60,receive_authenticate_accumulate,0.017209127,0.017209481
6,60,receive_authenticate_accumulate,0.000056462,0.000056203
6,60,receive_authenticate_accumulate,0.017237423,0.017237537
6,60,receive_authenticate_accumulate,0.000056388,0.000056166
6,60,receive_authenticate_accumulate,0.017220683,0.017221074
6,60,receive_authenticate_accumulate,0.000055906,0.000055518
6,60,receive_authenticate_accumulate,0.017235609,0.017235667
6,60,receive_authenticate_accumulate,0.000050314,0.000050278
6,60,receive_authenticate_accumulate,0.017210553,0.017210871
6,60,receive_authenticate_accumulate,0.000046203,0.000046222
6,60,receive_authenticate_accumulate,0.017228165,0.017219870
6,60,receive_authenticate_accumulate,0.000046036,0.000046018
6,60,receive_authenticate_accumulate,0.017203777,0.017203889
6,60,receive_authenticate_accumulate,0.000046666,0.000046778
6,60,receive_authenticate_accumulate,0.017210239,0.017210648
6,60,receive_authenticate_accumulate,0.000045407,0.000045408
6,60,receive_authenticate_accumulate,0.017215147,0.017215574
6,60,receive_authenticate_accumulate,0.000053407,0.000052926
6,60,receive_authenticate_accumulate,0.017235350,0.017235667
6,60,receive_authenticate_accumulate,0.000046073,0.000046129
6,60,receive_authenticate_accumulate,0.017202924,0.017203166
6,60,receive_authenticate_accumulate,0.000053185,0.000053130
6,60,round_coverage,0.000002482,0.000002148
6,60,spatial_report,0.000032926,0.000032945
6,61,round_reset,0.000009574,0.000008407
6,61,receive_authenticate_accumulate,0.025856689,0.025856926
6,61,receive_authenticate_accumulate,0.000057184,0.000057018
6,61,receive_authenticate_accumulate,0.017213411,0.017213537
6,61,receive_authenticate_accumulate,0.000056573,0.000056407
6,61,receive_authenticate_accumulate,0.017228300,0.017228389
6,61,receive_authenticate_accumulate,0.000055277,0.000055240
6,61,reading_commitment_and_shares,0.026260036,0.026260518
6,61,receive_authenticate_accumulate,0.017213652,0.017213889
6,61,receive_authenticate_accumulate,0.000055295,0.000055093
6,61,receive_authenticate_accumulate,0.017259855,0.017239722
6,61,receive_authenticate_accumulate,0.000056055,0.000055926
6,61,receive_authenticate_accumulate,0.017229115,0.017229444
6,61,receive_authenticate_accumulate,0.000056869,0.000056593
6,61,receive_authenticate_accumulate,0.017216560,0.017216759
6,61,receive_authenticate_accumulate,0.000057054,0.000056963
6,61,receive_authenticate_accumulate,0.017222523,0.017222777
6,61,receive_authenticate_accumulate,0.000055759,0.000055352
6,61,receive_authenticate_accumulate,0.017212781,0.017212925
6,61,receive_authenticate_accumulate,0.000057202,0.000057037
6,61,receive_authenticate_accumulate,0.017222004,0.017222203
6,61,receive_authenticate_accumulate,0.000055574,0.000055463
6,61,receive_authenticate_accumulate,0.017226189,0.017226407
6,61,receive_authenticate_accumulate,0.000055999,0.000055778
6,61,receive_authenticate_accumulate,0.017214190,0.017214426
6,61,receive_authenticate_accumulate,0.000055203,0.000055018
6,61,receive_authenticate_accumulate,0.017223542,0.017223741
6,61,receive_authenticate_accumulate,0.000056147,0.000055945
6,61,receive_authenticate_accumulate,0.017210005,0.017210167
6,61,receive_authenticate_accumulate,0.000056221,0.000056037
6,61,receive_authenticate_accumulate,0.017225023,0.017225129
6,61,receive_authenticate_accumulate,0.000055721,0.000055611
6,61,receive_authenticate_accumulate,0.017223190,0.017223444
6,61,receive_authenticate_accumulate,0.000052944,0.000052760
6,61,receive_authenticate_accumulate,0.017220449,0.017220593
6,61,receive_authenticate_accumulate,0.000055999,0.000055797
6,61,receive_authenticate_accumulate,0.017271208,0.017241963
6,61,receive_authenticate_accumulate,0.000054537,0.000054574
6,61,receive_authenticate_accumulate,0.017223245,0.017223296
6,61,receive_authenticate_accumulate,0.000054221,0.000054148
6,61,receive_authenticate_accumulate,0.017213950,0.017214093
6,61,receive_authenticate_accumulate,0.000055648,0.000055314
6,61,round_coverage,0.000002685,0.000002296
6,61,spatial_report,0.000038629,0.000038389
6,62,round_reset,0.000009833,0.000008611
6,62,receive_authenticate_accumulate,0.017237898,0.017237981
6,62,receive_authenticate_accumulate,0.000056499,0.000056333
6,62,receive_authenticate_accumulate,0.017217010,0.017217185
6,62,receive_authenticate_accumulate,0.000054148,0.000053926
6,62,receive_authenticate_accumulate,0.017267472,0.017240203
6,62,receive_authenticate_accumulate,0.000054147,0.000053871
6,62,reading_commitment_and_shares,0.026246064,0.026246537
6,62,receive_authenticate_accumulate,0.017208547,0.017208759
6,62,receive_authenticate_accumulate,0.000052721,0.000052537
6,62,receive_authenticate_accumulate,0.017233547,0.017222907
6,62,receive_authenticate_accumulate,0.000055036,0.000054870
6,62,receive_authenticate_accumulate,0.017217232,0.017217278
6,62,receive_authenticate_accumulate,0.000056555,0.000056389
6,62,receive_authenticate_accumulate,0.017223566,0.017223685
6,62,receive_authenticate_accumulate,0.000054907,0.000054704
6,62,receive_authenticate_accumulate,0.017222250,0.017222574
6,62,receive_authenticate_accumulate,0.000055499,0.000055296
6,62,receive_authenticate_accumulate,0.017215807,0.017215907
6,62,receive_authenticate_accumulate,0.000054017,0.000053833
6,62,receive_authenticate_accumulate,0.017212788,0.017212907
6,62,receive_authenticate_accumulate,0.000055795,0.000055630
6,62,receive_authenticate_accumulate,0.017225973,0.017226204
6,62,receive_authenticate_accumulate,0.000054388,0.000054204
6,62,receive_authenticate_accumulate,0.017214326,0.017214463
6,62,receive_authenticate_accumulate,0.000055480,0.000055314
6,62,receive_authenticate_accumulate,0.017221918,0.017222019
6,62,receive_authenticate_accumulate,0.000055944,0.000055777
6,62,receive_authenticate_accumulate,0.017213214,0.017213389
6,62,receive_authenticate_accumulate,0.000055555,0.000055500
6,62,receive_authenticate_accumulate,0.017216900,0.017216963
6,62,receive_authenticate_accumulate,0.000056573,0.000056407
6,62,receive_authenticate_accumulate,0.017212585,0.017212907
6,62,receive_authenticate_accumulate,0.000055165,0.000054944
6,62,receive_authenticate_accumulate,0.017218696,0.017218870
6,62,receive_authenticate_accumulate,0.000055851,0.000055796
6,62,receive_authenticate_accumulate,0.017219381,0.017219556
6,62,receive_authenticate_accumulate,0.000054666,0.000054555
6,62,receive_authenticate_accumulate,0.017218067,0.017218129
6,62,receive_authenticate_accumulate,0.000056258,0.000056111
6,62,receive_authenticate_accumulate,0.017214919,0.017215000
6,62,receive_authenticate_accumulate,0.000055629,0.000055426
6,62,round_coverage,0.000002629,0.000002241
6,62,spatial_report,0.000039185,0.000038944
6,63,round_reset,0.000010204,0.000009000
6,63,receive_authenticate_accumulate,0.028748037,0.028748333
6,63,receive_authenticate_accumulate,0.000057426,0.000057389
6,63,receive_authenticate_accumulate,0.017235960,0.017236111
6,63,receive_authenticate_accumulate,0.000055555,0.000055482
6,63,receive_authenticate_accumulate,0.017228479,0.017228611
6,63,receive_authenticate_accumulate,0.000055258,0.000055259
6,63,reading_commitment_and_shares,0.026253869,0.026254185
6,63,receive_authenticate_accumulate,0.017210960,0.017211185
6,63,receive_authenticate_accumulate,0.000055665,0.000055778
6,63,receive_authenticate_accumulate,0.017223608,0.017223685
6,63,receive_authenticate_accumulate,0.000056777,0.000056611
6,63,receive_authenticate_accumulate,0.017213330,0.017213426
6,63,receive_authenticate_accumulate,0.000055388,0.000055278
6,63,receive_authenticate_accumulate,0.017216609,0.017216777
6,63,receive_authenticate_accumulate,0.000054703,0.000054555
6,63,receive_authenticate_accumulate,0.017222719,0.017222926
6,63,receive_authenticate_accumulate,0.000054740,0.000054759
6,63,receive_authenticate_accumulate,0.017224572,0.017224722
6,63,receive_authenticate_accumulate,0.000056295,0.000056166
6,63,receive_authenticate_accumulate,0.017213479,0.017213667
6,63,receive_authenticate_accumulate,0.000055629,0.000055351
6,63,receive_authenticate_accumulate,0.017220183,0.017220240
6,63,receive_authenticate_accumulate,0.000054814,0.000054686
6,63,receive_authenticate_accumulate,0.017214479,0.017214592
6,63,receive_authenticate_accumulate,0.000055203,0.000055186
6,63,receive_authenticate_accumulate,0.017238054,0.017238370
6,63,receive_authenticate_accumulate,0.000056165,0.000056000
6,63,receive_authenticate_accumulate,0.017219295,0.017219445
6,63,receive_authenticate_accumulate,0.000054573,0.000054259
6,63,receive_authenticate_accumulate,0.017271552,0.017243203
6,63,receive_authenticate_accumulate,0.000057184,0.000056982
6,63,receive_authenticate_accumulate,0.017218832,0.017219019
6,63,receive_authenticate_accumulate,0.000055462,0.000055389
6,63,receive_authenticate_accumulate,0.017220646,0.017220815
6,63,receive_authenticate_accumulate,0.000055684,0.000055685
6,63,receive_authenticate_accumulate,0.017224054,0.017224111
6,63,receive_authenticate_accumulate,0.000055852,0.000055723
6,63,receive_authenticate_accumulate,0.017222220,0.017222334
6,63,receive_authenticate_accumulate,0.000055333,0.000055389
6,63,receive_authenticate_accumulate,0.017222851,0.017223056
6,63,receive_authenticate_accumulate,0.000056055,0.000056000
6,63,round_coverage,0.000002666,0.000002223
6,63,spatial_report,0.000040944,0.000040722
6,64,round_reset,0.000009296,0.000008000
6,64,receive_authenticate_accumulate,0.017243354,0.017243630
6,64,receive_authenticate_accumulate,0.000053925,0.000053796
6,64,receive_authenticate_accumulate,0.017221058,0.017221240
6,64,receive_authenticate_accumulate,0.000052258,0.000052223
6,64,receive_authenticate_accumulate,0.017224780,0.017225093
6,64,receive_authenticate_accumulate,0.000052999,0.000052889
6,64,reading_commitment_and_shares,0.026245618,0.026246018
6,64,receive_authenticate_accumulate,0.017208688,0.017208852
6,64,receive_authenticate_accumulate,0.000057740,0.000057556
6,64,receive_authenticate_accumulate,0.017266761,0.017254574
6,64,receive_authenticate_accumulate,0.000056462,0.000056408
6,64,receive_authenticate_accumulate,0.017223706,0.017224000
6,64,receive_authenticate_accumulate,0.000055258,0.000055074
6,64,receive_authenticate_accumulate,0.017230854,0.017231037
6,64,receive_authenticate_accumulate,0.000055148,0.000054796
6,64,receive_authenticate_accumulate,0.017238336,0.017238463
6,64,receive_authenticate_accumulate,0.000056055,0.000055852
6,64,receive_authenticate_accumulate,0.017223021,0.017223241
6,64,receive_authenticate_accumulate,0.000055462,0.000055204
6,64,receive_authenticate_accumulate,0.017220281,0.017220426
6,64,receive_authenticate_accumulate,0.000056018,0.000055648
6,64,receive_authenticate_accumulate,0.017217188,0.017217389
6,64,receive_authenticate_accumulate,0.000057907,0.000057648
6,64,receive_authenticate_accumulate,0.017229077,0.017229277
6,64,receive_authenticate_accumulate,0.000057147,0.000057019
6,64,receive_authenticate_accumulate,0.017218170,0.017218259
6,64,receive_authenticate_accumulate,0.000058444,0.000058204
6,64,receive_authenticate_accumulate,0.017213781,0.017213741
6,64,receive_authenticate_accumulate,0.000056962,0.000056852
6,64,receive_authenticate_accumulate,0.017242337,0.017227259
6,64,receive_authenticate_accumulate,0.000057481,0.000057333
6,64,receive_authenticate_accumulate,0.017214837,0.017215018
6,64,receive_authenticate_accumulate,0.000055980,0.000055759
6,64,receive_authenticate_accumulate,0.017223041,0.017223222
6,64,receive_authenticate_accumulate,0.000057462,0.000057222
6,64,receive_authenticate_accumulate,0.017218503,0.017218796
6,64,receive_authenticate_accumulate,0.000056573,0.000056445
6,64,receive_authenticate_accumulate,0.017217929,0.017217944
6,64,receive_authenticate_accumulate,0.000057185,0.000057000
6,64,receive_authenticate_accumulate,0.017235226,0.017235389
6,64,receive_authenticate_accumulate,0.000056666,0.000056500
6,64,round_coverage,0.000002629,0.000002278
6,64,spatial_report,0.000041592,0.000041092
6,65,round_reset,0.000009241,0.000008037
6,65,receive_authenticate_accumulate,0.028737871,0.028738111
6,65,receive_authenticate_accumulate,0.000056759,0.000056426
6,65,receive_authenticate_accumulate,0.017210323,0.017210500
6,65,receive_authenticate_accumulate,0.000058240,0.000058074
6,65,receive_authenticate_accumulate,0.017214971,0.017214981
6,65,receive_authenticate_accumulate,0.000056258,0.000056315
6,65,reading_commitment_and_shares,0.026242737,0.026243111
6,65,receive_authenticate_accumulate,0.017217433,0.017217556
6,65,receive_authenticate_accumulate,0.000057666,0.000057407
6,65,receive_authenticate_accumulate,0.017221137,0.017221352
6,65,receive_authenticate_accumulate,0.000058258,0.000058018
6,65,receive_authenticate_accumulate,0.017221379,0.017221463
6,65,receive_authenticate_accumulate,0.000069166,0.000068908
6,65,receive_authenticate_accumulate,0.017278989,0.017253389
6,65,receive_authenticate_accumulate,0.000057295,0.000056833
6,65,receive_authenticate_accumulate,0.017219823,0.017219740
6,65,receive_authenticate_accumulate,0.000056962,0.000056759
6,65,receive_authenticate_accumulate,0.017218008,0.017218092
6,65,receive_authenticate_accumulate,0.000056203,0.000056037
6,65,receive_authenticate_accumulate,0.017224730,0.017224926
6,65,receive_authenticate_accumulate,0.000057906,0.000057685
6,65,receive_authenticate_accumulate,0.017229508,0.017229499
6,65,receive_authenticate_accumulate,0.000057740,0.000057166
6,65,receive_authenticate_accumulate,0.017220119,0.017220185
6,65,receive_authenticate_accumulate,0.000057462,0.000057240
6,65,receive_authenticate_accumulate,0.017234415,0.017234852
6,65,receive_authenticate_accumulate,0.000056258,0.000056018
6,65,receive_authenticate_accumulate,0.017215676,0.017215815
6,65,receive_authenticate_accumulate,0.000058000,0.000057778
6,65,receive_authenticate_accumulate,0.017219842,0.017220055
6,65,receive_authenticate_accumulate,0.000057592,0.000057352
6,65,receive_authenticate_accumulate,0.017221990,0.017222056
6,65,receive_authenticate_accumulate,0.000057203,0.000056926
6,65,receive_authenticate_accumulate,0.017219824,0.017220037
6,65,receive_authenticate_accumulate,0.000056333,0.000056185
6,65,receive_authenticate_accumulate,0.017214157,0.017214500
6,65,receive_authenticate_accumulate,0.000058925,0.000058796
6,65,receive_authenticate_accumulate,0.017214990,0.017215167
6,65,receive_authenticate_accumulate,0.000056869,0.000056704
6,65,receive_authenticate_accumulate,0.017224157,0.017224241
6,65,receive_authenticate_accumulate,0.000056647,0.000056500
6,65,round_coverage,0.000003129,0.000002648
6,65,spatial_report,0.000041500,0.000041111
6,66,round_reset,0.000009167,0.000007870
6,66,receive_authenticate_accumulate,0.017224420,0.017224537
6,66,receive_authenticate_accumulate,0.000058092,0.000057963
6,66,receive_authenticate_accumulate,0.017223383,0.017223593
6,66,receive_authenticate_accumulate,0.000056203,0.000056037
6,66,receive_authenticate_accumulate,0.017214309,0.017214463
6,66,receive_authenticate_accumulate,0.000058684,0.000058685
6,66,reading_commitment_and_shares,0.026286689,0.026258426
6,66,receive_authenticate_accumulate,0.017209957,0.017210055
6,66,receive_authenticate_accumulate,0.000055833,0.000055723
6,66,receive_authenticate_accumulate,0.017226920,0.017226925
6,66,receive_authenticate_accumulate,0.000074702,0.000074629
6,66,receive_authenticate_accumulate,0.017221735,0.017221852
6,66,receive_authenticate_accumulate,0.000057092,0.000056871
6,66,receive_authenticate_accumulate,0.017222198,0.017222334
6,66,receive_authenticate_accumulate,0.000056370,0.000056055
6,66,receive_authenticate_accumulate,0.017224494,0.017224519
6,66,receive_authenticate_accumulate,0.000055536,0.000055333
6,66,receive_authenticate_accumulate,0.017228309,0.017228481
6,66,receive_authenticate_accumulate,0.000058777,0.000058388
6,66,receive_authenticate_accumulate,0.017231939,0.017232111
6,66,receive_authenticate_accumulate,0.000056851,0.000056592
6,66,receive_authenticate_accumulate,0.017227513,0.017227666
6,66,receive_authenticate_accumulate,0.000057129,0.000056908
6,66,receive_authenticate_accumulate,0.017221994,0.017222166
6,66,receive_authenticate_accumulate,0.000057480,0.000057352
6,66,receive_authenticate_accumulate,0.017221180,0.017221315
6,66,receive_authenticate_accumulate,0.000055648,0.000055463
6,66,receive_authenticate_accumulate,0.017225551,0.017225593
6,66,receive_authenticate_accumulate,0.000057110,0.000056908
6,66,receive_authenticate_accumulate,0.017220366,0.017220592
6,66,receive_authenticate_accumulate,0.000057981,0.000057648
6,66,receive_authenticate_accumulate,0.017214347,0.017214463
6,66,receive_authenticate_accumulate,0.000058166,0.000058000
6,66,receive_authenticate_accumulate,0.017222347,0.017222519
6,66,receive_authenticate_accumulate,0.000055647,0.000055463
6,66,receive_authenticate_accumulate,0.017220810,0.017220945
6,66,receive_authenticate_accumulate,0.000056629,0.000056371
6,66,receive_authenticate_accumulate,0.017215624,0.017215667
6,66,receive_authenticate_accumulate,0.000057722,0.000057296
6,66,receive_authenticate_accumulate,0.017215384,0.017215537
6,66,receive_authenticate_accumulate,0.000058814,0.000058722
6,66,round_coverage,0.000002759,0.000002389
6,66,spatial_report,0.000041407,0.000041186
6,67,round_reset,0.000009259,0.000007815
6,67,receive_authenticate_accumulate,0.028739016,0.028739296
6,67,receive_authenticate_accumulate,0.000059573,0.000059519
6,67,receive_authenticate_accumulate,0.017265054,0.017235815
6,67,receive_authenticate_accumulate,0.000056981,0.000056759
6,67,receive_authenticate_accumulate,0.017218980,0.017219203
6,67,receive_authenticate_accumulate,0.000058129,0.000057945
6,67,reading_commitment_and_shares,0.026255400,0.026256000
6,67,receive_authenticate_accumulate,0.017213869,0.017214037
6,67,receive_authenticate_accumulate,0.000056832,0.000056593
6,67,receive_authenticate_accumulate,0.017222703,0.017222870
6,67,receive_authenticate_accumulate,0.000056147,0.000055982
6,67,receive_authenticate_accumulate,0.017225795,0.017225926
6,67,receive_authenticate_accumulate,0.000056777,0.000056537
6,67,receive_authenticate_accumulate,0.017220758,0.017220870
6,67,receive_authenticate_accumulate,0.000056573,0.000056223
6,67,receive_authenticate_accumulate,0.017218129,0.017218204
6,67,receive_authenticate_accumulate,0.000056944,0.000056593
6,67,receive_authenticate_accumulate,0.017217814,0.017218074
6,67,receive_authenticate_accumulate,0.000056555,0.000056352
6,67,receive_authenticate_accumulate,0.017220258,0.017220203
6,67,receive_authenticate_accumulate,0.000057851,0.000057630
6,67,receive_authenticate_accumulate,0.017216629,0.017216796
6,67,receive_authenticate_accumulate,0.000055870,0.000055593
6,67,receive_authenticate_accumulate,0.017227962,0.017228186
6,67,receive_authenticate_accumulate,0.000057295,0.000057093
6,67,receive_authenticate_accumulate,0.017235814,0.017235648
6,67,receive_authenticate_accumulate,0.000058610,0.000058463
6,67,receive_authenticate_accumulate,0.017222407,0.017222722
6,67,receive_authenticate_accumulate,0.000057480,0.000057371
6,67,receive_authenticate_accumulate,0.017222852,0.017222944
6,67,receive_authenticate_accumulate,0.000056666,0.000056537
6,67,receive_authenticate_accumulate,0.017222555,0.017222722
6,67,receive_authenticate_accumulate,0.000057926,0.000057648
6,67,receive_authenticate_accumulate,0.017205463,0.017205592
6,67,receive_authenticate_accumulate,0.000056870,0.000056796
6,67,receive_authenticate_accumulate,0.017224000,0.017224222
6,67,receive_authenticate_accumulate,0.000056499,0.000056315
6,67,receive_authenticate_accumulate,0.017222185,0.017222259
6,67,receive_authenticate_accumulate,0.000056610,0.000056444
6,67,receive_authenticate_accumulate,0.017224426,0.017224666
6,67,receive_authenticate_accumulate,0.000055610,0.000055537
6,67,round_coverage,0.000002611,0.000002241
6,67,spatial_report,0.000039759,0.000039389
6,68,round_reset,0.000009074,0.000007852
6,68,receive_authenticate_accumulate,0.017238207,0.017238185
6,68,receive_authenticate_accumulate,0.000057665,0.000057296
6,68,receive_authenticate_accumulate,0.017222947,0.017223000
6,68,receive_authenticate_accumulate,0.000057295,0.000057018
6,68,receive_authenticate_accumulate,0.017220781,0.017220833
6,68,receive_authenticate_accumulate,0.000056055,0.000055889
6,68,reading_commitment_and_shares,0.026238148,0.026238537
6,68,receive_authenticate_accumulate,0.017225207,0.017225259
6,68,receive_authenticate_accumulate,0.000057573,0.000057481
6,68,receive_authenticate_accumulate,0.017212244,0.017212204
6,68,receive_authenticate_accumulate,0.000056963,0.000056889
6,68,receive_authenticate_accumulate,0.017225762,0.017225851
6,68,receive_authenticate_accumulate,0.000055610,0.000055352
6,68,receive_authenticate_accumulate,0.017225059,0.017225167
6,68,receive_authenticate_accumulate,0.000057166,0.000056833
6,68,receive_authenticate_accumulate,0.017220947,0.017221111
6,68,receive_authenticate_accumulate,0.000056852,0.000056648
6,68,receive_authenticate_accumulate,0.017219263,0.017219519
6,68,receive_authenticate_accumulate,0.000056795,0.000056741
6,68,receive_authenticate_accumulate,0.017229540,0.017229611
6,68,receive_authenticate_accumulate,0.000057740,0.000057630
6,68,receive_authenticate_accumulate,0.017221818,0.017221888
6,68,receive_authenticate_accumulate,0.000057666,0.000057519
6,68,receive_authenticate_accumulate,0.017223707,0.017223851
6,68,receive_authenticate_accumulate,0.000056906,0.000056777
6,68,receive_authenticate_accumulate,0.017216170,0.017216444
6,68,receive_authenticate_accumulate,0.000057148,0.000056945
6,68,receive_authenticate_accumulate,0.017217059,0.017217333
6,68,receive_authenticate_accumulate,0.000057426,0.000057278
6,68,receive_authenticate_accumulate,0.017217986,0.017218167
6,68,receive_authenticate_accumulate,0.000057944,0.000057704
6,68,receive_authenticate_accumulate,0.017270374,0.017270463
6,68,receive_authenticate_accumulate,0.000058277,0.000058092
6,68,receive_authenticate_accumulate,0.017225541,0.017225759
6,68,receive_authenticate_accumulate,0.000057147,0.000056740
6,68,receive_authenticate_accumulate,0.017224096,0.017224333
6,68,receive_authenticate_accumulate,0.000056018,0.000055630
6,68,receive_authenticate_accumulate,0.017221875,0.017221907
6,68,receive_authenticate_accumulate,0.000055610,0.000055463
6,68,receive_authenticate_accumulate,0.017237004,0.017229815
6,68,receive_authenticate_accumulate,0.000056185,0.000056056
6,68,round_coverage,0.000002592,0.000002222
6,68,spatial_report,0.000041240,0.000040759
6,69,round_reset,0.000010074,0.000008815
6,69,receive_authenticate_accumulate,0.028729270,0.028729370
6,69,receive_authenticate_accumulate,0.000056573,0.000056075
6,69,receive_authenticate_accumulate,0.017246952,0.017232611
6,69,receive_authenticate_accumulate,0.000056648,0.000056500
6,69,receive_authenticate_accumulate,0.017217192,0.017217334
6,69,receive_authenticate_accumulate,0.000057203,0.000057055
6,69,reading_commitment_and_shares,0.026246821,0.026247222
6,69,receive_authenticate_accumulate,0.017218692,0.017218796
6,69,receive_authenticate_accumulate,0.000055573,0.000055426
6,69,receive_authenticate_accumulate,0.017237211,0.017237463
6,69,receive_authenticate_accumulate,0.000056740,0.000056593
6,69,receive_authenticate_accumulate,0.017222730,0.017222759
6,69,receive_authenticate_accumulate,0.000056943,0.000056907
6,69,receive_authenticate_accumulate,0.017219507,0.017219704
6,69,receive_authenticate_accumulate,0.000056425,0.000056259
6,69,receive_authenticate_accumulate,0.017220433,0.017220537
6,69,receive_authenticate_accumulate,0.000075314,0.000075185
6,69,receive_authenticate_accumulate,0.017221544,0.017221870
6,69,receive_authenticate_accumulate,0.000057277,0.000057130
6,69,receive_authenticate_accumulate,0.017220507,0.017220704
6,69,receive_authenticate_accumulate,0.000056814,0.000056555
6,69,receive_authenticate_accumulate,0.017215138,0.017215000
6,69,receive_authenticate_accumulate,0.000069055,0.000068981
6,69,receive_authenticate_accumulate,0.017212286,0.017212463
6,69,receive_authenticate_accumulate,0.000055166,0.000055000
6,69,receive_authenticate_accumulate,0.017225952,0.017225870
6,69,receive_authenticate_accumulate,0.000053852,0.000053667
6,69,receive_authenticate_accumulate,0.017216193,0.017216315
6,69,receive_authenticate_accumulate,0.000054499,0.000054223
6,69,receive_authenticate_accumulate,0.017207859,0.017208074
6,69,receive_authenticate_accumulate,0.000054703,0.000054408
6,69,receive_authenticate_accumulate,0.017216916,0.017217093
6,69,receive_authenticate_accumulate,0.000054666,0.000054426
6,69,receive_authenticate_accumulate,0.017266674,0.017237259
6,69,receive_authenticate_accumulate,0.000051721,0.000051555
6,69,receive_authenticate_accumulate,0.017218989,0.017219074
6,69,receive_authenticate_accumulate,0.000053407,0.000053334
6,69,receive_authenticate_accumulate,0.017230656,0.017231055
6,69,receive_authenticate_accumulate,0.000056777,0.000056537
6,69,receive_authenticate_accumulate,0.017233027,0.017233148
6,69,receive_authenticate_accumulate,0.000055647,0.000055556
6,69,round_coverage,0.000002741,0.000002277
6,69,spatial_report,0.000040592,0.000040259
6,69,billing_report,0.000424772,0.000424296
7,70,period_reset,0.000025666,0.000024593
7,70,receive_authenticate_accumulate,0.000093536,0.000093667
7,70,receive_authenticate_accumulate,0.000091665,0.000091408
7,70,receive_authenticate_accumulate,0.000088573,0.000088278
7,70,randomness_commit,0.000804249,0.000803777
7,70,receive_authenticate_accumulate,0.000082351,0.000082148
7,70,receive_authenticate_accumulate,0.000087740,0.000087612
7,70,receive_authenticate_accumulate,0.000087258,0.000086963
7,70,receive_authenticate_accumulate,0.000088666,0.000088537
7,70,receive_authenticate_accumulate,0.000088092,0.000088056
7,70,receive_authenticate_accumulate,0.000060537,0.000060408
7,70,receive_authenticate_accumulate,0.000060518,0.000060389
7,70,receive_authenticate_accumulate,0.000060795,0.000060778
7,70,receive_authenticate_accumulate,0.000060814,0.000060796
7,70,receive_authenticate_accumulate,0.000060740,0.000060444
7,70,receive_authenticate_accumulate,0.000058815,0.000058667
7,70,receive_authenticate_accumulate,0.000059888,0.000059945
7,70,receive_authenticate_accumulate,0.000060832,0.000060796
7,70,receive_authenticate_accumulate,0.000057185,0.000057092
7,70,receive_authenticate_accumulate,0.000059926,0.000059889
7,70,receive_authenticate_accumulate,0.000058018,0.000057926
7,70,receive_authenticate_accumulate,0.000060221,0.000060167
7,70,receive_authenticate_accumulate,0.000073000,0.000072926
7,70,receive_authenticate_accumulate,0.000074073,0.000074037
7,70,receive_authenticate_accumulate,0.000073591,0.000073537
7,70,randomness_reveal,0.000498013,0.000497648
7,70,receive_authenticate_accumulate,0.000065518,0.000065407
7,70,receive_authenticate_accumulate,0.000073722,0.000073593
7,70,receive_authenticate_accumulate,0.000073573,0.000073500
7,70,receive_authenticate_accumulate,0.000073017,0.000072907
7,70,receive_authenticate_accumulate,0.000075999,0.000076000
7,70,receive_authenticate_accumulate,0.000073721,0.000073945
7,70,receive_authenticate_accumulate,0.000072944,0.000073055
7,70,receive_authenticate_accumulate,0.000072999,0.000073130
7,70,receive_authenticate_accumulate,0.000073240,0.000073092
7,70,receive_authenticate_accumulate,0.000050777,0.000050611
7,70,receive_authenticate_accumulate,0.000047833,0.000047611
7,70,receive_authenticate_accumulate,0.000047444,0.000047352
7,70,receive_authenticate_accumulate,0.000045389,0.000045333
7,70,receive_authenticate_accumulate,0.000046926,0.000046908
7,70,receive_authenticate_accumulate,0.000046722,0.000046703
7,70,receive_authenticate_accumulate,0.000045500,0.000045333
7,70,receive_authenticate_accumulate,0.000046907,0.000046889
7,70,committee_selection,0.000083425,0.000083426
7,70,round_reset,0.000003500,0.000003056
7,70,receive_authenticate_accumulate,0.017238566,0.017238722
7,70,receive_authenticate_accumulate,0.017224159,0.017224240
7,70,receive_authenticate_accumulate,0.017225400,0.017225574
7,70,reading_commitment_and_shares,0.026290604,0.026290907
7,70,receive_authenticate_accumulate,0.017224529,0.017224741
7,70,receive_authenticate_accumulate,0.017234141,0.017234389
7,70,receive_authenticate_accumulate,0.017231382,0.017231629
7,70,receive_authenticate_accumulate,0.017232177,0.017232241
7,70,receive_authenticate_accumulate,0.017227493,0.017227407
7,70,receive_authenticate_accumulate,0.017235660,0.017235759
7,70,receive_authenticate_accumulate,0.017233196,0.017233222
7,70,receive_authenticate_accumulate,0.017231326,0.017231315
7,70,receive_authenticate_accumulate,0.017231900,0.017232074
7,70,receive_authenticate_accumulate,0.017233900,0.017233963
7,70,receive_authenticate_accumulate,0.017217567,0.017217833
7,70,receive_authenticate_accumulate,0.017236215,0.017236314
7,70,receive_authenticate_accumulate,0.017224178,0.017224315
7,70,receive_authenticate_accumulate,0.017247881,0.017237037
7,70,receive_authenticate_accumulate,0.017228530,0.017228685
7,70,receive_authenticate_accumulate,0.017227363,0.017227537
7,70,receive_authenticate_accumulate,0.017236975,0.017237000
7,70,round_coverage,0.000003537,0.000003019
7,71,round_reset,0.000009426,0.000008000
7,71,receive_authenticate_accumulate,0.028727264,0.028727407
7,71,receive_authenticate_accumulate,0.017235367,0.017235519
7,71,receive_authenticate_accumulate,0.017227977,0.017227963
7,71,reading_commitment_and_shares,0.026258980,0.026259260
7,71,receive_authenticate_accumulate,0.017213663,0.017213740
7,71,receive_authenticate_accumulate,0.017221551,0.017221537
7,71,receive_authenticate_accumulate,0.017231200,0.017231241
7,71,receive_authenticate_accumulate,0.017232959,0.017232815
7,71,receive_authenticate_accumulate,0.017221940,0.017221852
7,71,receive_authenticate_accumulate,0.017221033,0.017221093
7,71,receive_authenticate_accumulate,0.017271644,0.017242019
7,71,receive_authenticate_accumulate,0.017220385,0.017220333
7,71,receive_authenticate_accumulate,0.017226015,0.017225944
7,71,receive_authenticate_accumulate,0.017264811,0.017240110
7,71,receive_authenticate_accumulate,0.017237644,0.017237519
7,71,receive_authenticate_accumulate,0.017238404,0.017238500
7,71,receive_authenticate_accumulate,0.017231793,0.017231574
7,71,receive_authenticate_accumulate,0.017260256,0.017246334
7,71,receive_authenticate_accumulate,0.017234163,0.017234315
7,71,receive_authenticate_accumulate,0.017229219,0.017229333
7,71,receive_authenticate_accumulate,0.017222682,0.017222704
7,71,round_coverage,0.000003888,0.000003388
7,72,round_reset,0.000009666,0.000007444
7,72,receive_authenticate_accumulate,0.028745048,0.028745463
7,72,receive_authenticate_accumulate,0.017233833,0.017233889
7,72,receive_authenticate_accumulate,0.017227370,0.017227333
7,72,reading_commitment_and_shares,0.026252096,0.026252056
7,72,receive_authenticate_accumulate,0.017216148,0.017216408
7,72,receive_authenticate_accumulate,0.017214222,0.017214111
7,72,receive_authenticate_accumulate,0.017234185,0.017234111
7,72,receive_authenticate_accumulate,0.017223870,0.017223796
7,72,receive_authenticate_accumulate,0.017225463,0.017225537
7,72,receive_authenticate_accumulate,0.017229129,0.017229203
7,72,receive_authenticate_accumulate,0.017230241,0.017230167
7,72,receive_authenticate_accumulate,0.017229908,0.017229963
7,72,receive_authenticate_accumulate,0.017223666,0.017223667
7,72,receive_authenticate_accumulate,0.017231000,0.017231037
7,72,receive_authenticate_accumulate,0.017228592,0.017228648
7,72,receive_authenticate_accumulate,0.017231963,0.017232000
7,72,receive_authenticate_accumulate,0.017224944,0.017224889
7,72,receive_authenticate_accumulate,0.017252834,0.017241851
7,72,receive_authenticate_accumulate,0.017230149,0.017229981
7,72,receive_authenticate_accumulate,0.017226519,0.017226537
7,72,receive_authenticate_accumulate,0.017222723,0.017222760
7,72,round_coverage,0.000003908,0.000003240
7,73,round_reset,0.000009185,0.000007926
7,73,receive_authenticate_accumulate,0.028726257,0.028726667
7,73,receive_authenticate_accumulate,0.017231299,0.017231389
7,73,receive_authenticate_accumulate,0.017225281,0.017225333
7,73,reading_commitment_and_shares,0.026259360,0.026259129
7,73,receive_authenticate_accumulate,0.017229577,0.017229593
7,73,receive_authenticate_accumulate,0.017230206,0.017230074
7,73,receive_authenticate_accumulate,0.017228373,0.017228445
7,73,receive_authenticate_accumulate,0.017222392,0.017222333
7,73,receive_authenticate_accumulate,0.017223114,0.017223111
7,73,receive_authenticate_accumulate,0.017233762,0.017233888
7,73,receive_authenticate_accumulate,0.017227892,0.017227963
7,73,receive_authenticate_accumulate,0.017232892,0.017232889
7,73,receive_authenticate_accumulate,0.017225929,0.017225870
7,73,receive_authenticate_accumulate,0.017233077,0.017233000
7,73,receive_authenticate_accumulate,0.017223985,0.017223926
7,73,receive_authenticate_accumulate,0.017222226,0.017222111
7,73,receive_authenticate_accumulate,0.017236800,0.017236481
7,73,receive_authenticate_accumulate,0.017230355,0.017230463
7,73,receive_authenticate_accumulate,0.017231429,0.017231334
7,73,receive_authenticate_accumulate,0.017229152,0.017229018
7,73,receive_authenticate_accumulate,0.017233373,0.017233463
7,73,round_coverage,0.000003592,0.000003148
7,74,round_reset,0.000008852,0.000007574
7,74,receive_authenticate_accumulate,0.017228598,0.017228555
7,74,receive_authenticate_accumulate,0.017231487,0.017231426
7,74,receive_authenticate_accumulate,0.017232006,0.017232018
7,74,reading_commitment_and_shares,0.026264735,0.026264759
7,74,receive_authenticate_accumulate,0.017208821,0.017208982
7,74,receive_authenticate_accumulate,0.017225635,0.017225593
7,74,receive_authenticate_accumulate,0.017232432,0.017232333
7,74,receive_authenticate_accumulate,0.017227710,0.017227778
7,74,receive_authenticate_accumulate,0.017226358,0.017226333
7,74,receive_authenticate_accumulate,0.017220488,0.017220352
7,74,receive_authenticate_accumulate,0.017225803,0.017225611
7,74,receive_authenticate_accumulate,0.017233858,0.017233833
7,74,receive_authenticate_accumulate,0.017225932,0.017226000
7,74,receive_authenticate_accumulate,0.017204747,0.017204778
7,74,receive_authenticate_accumulate,0.017289728,0.017258148
7,74,receive_authenticate_accumulate,0.017231247,0.017231130
7,74,receive_authenticate_accumulate,0.017226969,0.017226944
7,74,receive_authenticate_accumulate,0.017255802,0.017247555
7,74,receive_authenticate_accumulate,0.017222118,0.017222129
7,74,receive_authenticate_accumulate,0.017228321,0.017228130
7,74,receive_authenticate_accumulate,0.017236080,0.017236074
7,74,round_coverage,0.000004315,0.000003556
7,75,round_reset,0.000009759,0.000008574
7,75,receive_authenticate_accumulate,0.028735379,0.028735259
7,75,receive_authenticate_accumulate,0.017229713,0.017229704
7,75,receive_authenticate_accumulate,0.017223046,0.017223037
7,75,reading_commitment_and_shares,0.026253333,0.026253167
7,75,receive_authenticate_accumulate,0.017243360,0.017230666
7,75,receive_authenticate_accumulate,0.017275971,0.017246870
7,75,receive_authenticate_accumulate,0.017220213,0.017220000
7,75,receive_authenticate_accumulate,0.017224713,0.017224796
7,75,receive_authenticate_accumulate,0.017221083,0.017221055
7,75,receive_authenticate_accumulate,0.017221750,0.017221796
7,75,receive_authenticate_accumulate,0.017278064,0.017245241
7,75,receive_authenticate_accumulate,0.017228917,0.017228685
7,75,receive_authenticate_accumulate,0.017218935,0.017218852
7,75,receive_authenticate_accumulate,0.017228972,0.017229000
7,75,receive_authenticate_accumulate,0.017225028,0.017225000
7,75,receive_authenticate_accumulate,0.017227695,0.017227722
7,75,receive_authenticate_accumulate,0.017233064,0.017233056
7,75,receive_authenticate_accumulate,0.017232842,0.017232852
7,75,receive_authenticate_accumulate,0.017262231,0.017235538
7,75,receive_authenticate_accumulate,0.017283249,0.017239240
7,75,receive_authenticate_accumulate,0.017235028,0.017235000
7,75,round_coverage,0.000004222,0.000003574
7,76,round_reset,0.000009815,0.000008445
7,76,receive_authenticate_accumulate,0.017218956,0.017218945
7,76,receive_authenticate_accumulate,0.017224068,0.017224148
7,76,receive_authenticate_accumulate,0.017231492,0.017231425
7,76,reading_commitment_and_shares,0.026261874,0.026262037
7,76,receive_authenticate_accumulate,0.017259752,0.017231259
7,76,receive_authenticate_accumulate,0.017220511,0.017220519
7,76,receive_authenticate_accumulate,0.017257215,0.017237740
7,76,receive_authenticate_accumulate,0.017230289,0.017230334
7,76,receive_authenticate_accumulate,0.017222160,0.017222130
7,76,receive_authenticate_accumulate,0.017230789,0.017230703
7,76,receive_authenticate_accumulate,0.017222456,0.017222537
7,76,receive_authenticate_accumulate,0.017228901,0.017228852
7,76,receive_authenticate_accumulate,0.017222437,0.017222352
7,76,receive_authenticate_accumulate,0.017229901,0.017229926
7,76,receive_authenticate_accumulate,0.017221271,0.017221185
7,76,receive_authenticate_accumulate,0.017231345,0.017231166
7,76,receive_authenticate_accumulate,0.017228475,0.017228148
7,76,receive_authenticate_accumulate,0.017283086,0.017249667
7,76,receive_authenticate_accumulate,0.017261641,0.017236296
7,76,receive_authenticate_accumulate,0.017221253,0.017221223
7,76,receive_authenticate_accumulate,0.017230105,0.017230000
7,76,round_coverage,0.000004222,0.000003370
7,77,round_reset,0.000008907,0.000007537
7,77,receive_authenticate_accumulate,0.017219292,0.017219148
7,77,receive_authenticate_accumulate,0.017223292,0.017223315
7,77,receive_authenticate_accumulate,0.017228311,0.017228352
7,77,reading_commitment_and_shares,0.026265933,0.026265999
7,77,receive_authenticate_accumulate,0.017216958,0.017216667
7,77,receive_authenticate_accumulate,0.017226440,0.017226389
7,77,receive_authenticate_accumulate,0.017221496,0.017221537
7,77,receive_authenticate_accumulate,0.017275347,0.017246370
7,77,receive_authenticate_accumulate,0.017228829,0.017228797
7,77,receive_authenticate_accumulate,0.017228718,0.017228611
7,77,receive_authenticate_accumulate,0.017221922,0.017221981
7,77,receive_authenticate_accumulate,0.017289791,0.017252499
7,77,receive_authenticate_accumulate,0.017229699,0.017229388
7,77,receive_authenticate_accumulate,0.017229866,0.017229704
7,77,receive_authenticate_accumulate,0.017227626,0.017227574
7,77,receive_authenticate_accumulate,0.017228218,0.017228111
7,77,receive_authenticate_accumulate,0.017237181,0.017237130
7,77,receive_authenticate_accumulate,0.017223089,0.017223111
7,77,receive_authenticate_accumulate,0.017224533,0.017224481
7,77,receive_authenticate_accumulate,0.017231681,0.017231648
7,77,receive_authenticate_accumulate,0.017271959,0.017242574
7,77,round_coverage,0.000003963,0.000003185
7,78,round_reset,0.000008963,0.000007612
7,78,receive_authenticate_accumulate,0.025899886,0.025899500
7,78,receive_authenticate_accumulate,0.017226295,0.017226278
7,78,receive_authenticate_accumulate,0.017219554,0.017219518
7,78,reading_commitment_and_shares,0.026295418,0.026278926
7,78,receive_authenticate_accumulate,0.017271127,0.017232482
7,78,receive_authenticate_accumulate,0.017232516,0.017232556
7,78,receive_authenticate_accumulate,0.017230424,0.017230334
7,78,receive_authenticate_accumulate,0.017217813,0.017217759
7,78,receive_authenticate_accumulate,0.017222035,0.017221945
7,78,receive_authenticate_accumulate,0.017223628,0.017223500
7,78,receive_authenticate_accumulate,0.017233961,0.017233834
7,78,receive_authenticate_accumulate,0.017269165,0.017239815
7,78,receive_authenticate_accumulate,0.017228683,0.017228611
7,78,receive_authenticate_accumulate,0.017222665,0.017222667
7,78,receive_authenticate_accumulate,0.017221758,0.017221555
7,78,receive_authenticate_accumulate,0.017226813,0.017226814
7,78,receive_authenticate_accumulate,0.017228091,0.017227982
7,78,receive_authenticate_accumulate,0.017227573,0.017227574
7,78,receive_authenticate_accumulate,0.017222091,0.017222074
7,78,receive_authenticate_accumulate,0.017232610,0.017232556
7,78,receive_authenticate_accumulate,0.017220888,0.017220760
7,78,round_coverage,0.000003926,0.000003277
7,79,round_reset,0.000009055,0.000007778
7,79,receive_authenticate_accumulate,0.017228352,0.017228315
7,79,receive_authenticate_accumulate,0.017223834,0.017223759
7,79,receive_authenticate_accumulate,0.017230037,0.017229944
7,79,reading_commitment_and_shares,0.026271051,0.026271000
7,79,receive_authenticate_accumulate,0.017268000,0.017233594
7,79,receive_authenticate_accumulate,0.017229223,0.017229241
7,79,receive_authenticate_accumulate,0.017229482,0.017229463
7,79,receive_authenticate_accumulate,0.017229556,0.017229555
7,79,receive_authenticate_accumulate,0.017230908,0.017230871
7,79,receive_authenticate_accumulate,0.017250074,0.017235444
7,79,receive_authenticate_accumulate,0.017232149,0.017231982
7,79,receive_authenticate_accumulate,0.017280018,0.017252167
7,79,receive_authenticate_accumulate,0.017240519,0.017240648
7,79,receive_authenticate_accumulate,0.017224482,0.017224259
7,79,receive_authenticate_accumulate,0.017229723,0.017229611
7,79,receive_authenticate_accumulate,0.017223500,0.017223574
7,79,receive_authenticate_accumulate,0.017206890,0.017206944
7,79,receive_authenticate_accumulate,0.017226445,0.017226445
7,79,receive_authenticate_accumulate,0.017229371,0.017229370
7,79,receive_authenticate_accumulate,0.017218927,0.017218870
7,79,receive_authenticate_accumulate,0.017225501,0.017225388
7,79,round_coverage,0.000004371,0.000003722
8,80,period_reset,0.000024870,0.000023519
8,80,receive_authenticate_accumulate,0.000101758,0.000101482
8,80,receive_authenticate_accumulate,0.000091944,0.000091445
8,80,receive_authenticate_accumulate,0.000090425,0.000090111
8,80,randomness_commit,0.000830584,0.000830092
8,80,receive_authenticate_accumulate,0.000082481,0.000082389
8,80,receive_authenticate_accumulate,0.000090351,0.000090593
8,80,receive_authenticate_accumulate,0.000091406,0.000091185
8,80,receive_authenticate_accumulate,0.000091962,0.000091574
8,80,receive_authenticate_accumulate,0.000091036,0.000090426
8,80,receive_authenticate_accumulate,0.000090462,0.000089981
8,80,receive_authenticate_accumulate,0.000089129,0.000089204
8,80,receive_authenticate_accumulate,0.000089147,0.000088907
8,80,receive_authenticate_accumulate,0.000090295,0.000090111
8,80,receive_authenticate_accumulate,0.000089425,0.000089445
8,80,receive_authenticate_accumulate,0.000091980,0.000091981
8,80,receive_authenticate_accumulate,0.000088314,0.000088185
8,80,receive_authenticate_accumulate,0.000089925,0.000089667
8,80,receive_authenticate_accumulate,0.000093295,0.000092907
8,80,receive_authenticate_accumulate,0.000038759,0.000038592
8,80,receive_authenticate_accumulate,0.000037333,0.000037130
8,80,receive_authenticate_accumulate,0.000039481,0.000039351
8,80,receive_authenticate_accumulate,0.000047295,0.000047240
8,80,receive_authenticate_accumulate,0.000047833,0.000047759
8,80,receive_authenticate_accumulate,0.000048240,0.000048092
8,80,randomness_reveal,0.000303645,0.000303352
8,80,receive_authenticate_accumulate,0.000039741,0.000039667
8,80,receive_authenticate_accumulate,0.000048759,0.000048518
8,80,receive_authenticate_accumulate,0.000047999,0.000047908
8,80,receive_authenticate_accumulate,0.000046685,0.000046686
8,80,receive_authenticate_accumulate,0.000047999,0.000048018
8,80,receive_authenticate_accumulate,0.000048166,0.000047963
8,80,receive_authenticate_accumulate,0.000046425,0.000046444
8,80,receive_authenticate_accumulate,0.000048018,0.000048111
8,80,receive_authenticate_accumulate,0.000049055,0.000049018
8,80,receive_authenticate_accumulate,0.000046073,0.000046111
8,80,receive_authenticate_accumulate,0.000048425,0.000048278
8,80,receive_authenticate_accumulate,0.000049425,0.000049204
8,80,receive_authenticate_accumulate,0.000046537,0.000046426
8,80,receive_authenticate_accumulate,0.000048963,0.000048815
8,80,receive_authenticate_accumulate,0.000046944,0.000046833
8,80,receive_authenticate_accumulate,0.000048666,0.000048518
8,80,receive_authenticate_accumulate,0.000048203,0.000048038
8,80,committee_selection,0.000084722,0.000084611
8,80,round_reset,0.000004185,0.000003537
8,80,receive_authenticate_accumulate,0.017227799,0.017227723
8,80,receive_authenticate_accumulate,0.000056333,0.000056185
8,80,receive_authenticate_accumulate,0.017212855,0.017213019
8,80,receive_authenticate_accumulate,0.000055758,0.000055556
8,80,receive_authenticate_accumulate,0.017227169,0.017227259
8,80,receive_authenticate_accumulate,0.000056314,0.000056203
8,80,reading_commitment_and_shares,0.026243185,0.026243537
8,80,receive_authenticate_accumulate,0.017219502,0.017219611
8,80,receive_authenticate_accumulate,0.000055018,0.000054926
8,80,receive_authenticate_accumulate,0.017218539,0.017218667
8,80,receive_authenticate_accumulate,0.000055814,0.000055648
8,80,receive_authenticate_accumulate,0.017258484,0.017228760
8,80,receive_authenticate_accumulate,0.000056647,0.000056389
8,80,receive_authenticate_accumulate,0.017215355,0.017215463
8,80,receive_authenticate_accumulate,0.000055740,0.000055500
8,80,receive_authenticate_accumulate,0.017219392,0.017219351
8,80,receive_authenticate_accumulate,0.000056221,0.000055944
8,80,receive_authenticate_accumulate,0.017213522,0.017213574
8,80,receive_authenticate_accumulate,0.000055573,0.000055352
8,80,receive_authenticate_accumulate,0.017285039,0.017241888
8,80,receive_authenticate_accumulate,0.000057259,0.000057000
8,80,receive_authenticate_accumulate,0.017215688,0.017215834
8,80,receive_authenticate_accumulate,0.000055926,0.000055759
8,80,receive_authenticate_accumulate,0.017223540,0.017223611
8,80,receive_authenticate_accumulate,0.000057277,0.000057093
8,80,receive_authenticate_accumulate,0.017222096,0.017222130
8,80,receive_authenticate_accumulate,0.000058296,0.000058074
8,80,receive_authenticate_accumulate,0.017233651,0.017233833
8,80,receive_authenticate_accumulate,0.000057388,0.000057315
8,80,receive_authenticate_accumulate,0.017219021,0.017219111
8,80,receive_authenticate_accumulate,0.000056074,0.000056019
8,80,receive_authenticate_accumulate,0.017268984,0.017235612
8,80,receive_authenticate_accumulate,0.000057184,0.000057018
8,80,receive_authenticate_accumulate,0.017218502,0.017218537
8,80,receive_authenticate_accumulate,0.000057295,0.000057222
8,80,receive_authenticate_accumulate,0.017210503,0.017210648
8,80,receive_authenticate_accumulate,0.000055351,0.000055241
8,80,receive_authenticate_accumulate,0.017252817,0.017226444
8,80,receive_authenticate_accumulate,0.000056740,0.000056666
8,80,receive_authenticate_accumulate,0.017218744,0.017218833
8,80,receive_authenticate_accumulate,0.000055685,0.000055408
8,80,round_coverage,0.000002907,0.000002426
8,80,spatial_report,0.000041277,0.000040963
8,81,round_reset,0.000010333,0.000009056
8,81,receive_authenticate_accumulate,0.017224726,0.017224704
8,81,receive_authenticate_accumulate,0.000057277,0.000057092
8,81,receive_authenticate_accumulate,0.017265930,0.017235148
8,81,receive_authenticate_accumulate,0.000058370,0.000058112
8,81,receive_authenticate_accumulate,0.017222208,0.017222297
8,81,receive_authenticate_accumulate,0.000057592,0.000057333
8,81,reading_commitment_and_shares,0.026257187,0.026256981
8,81,receive_authenticate_accumulate,0.017216468,0.017216666
8,81,receive_authenticate_accumulate,0.000059018,0.000058741
8,81,receive_authenticate_accumulate,0.017281337,0.017246555
8,81,receive_authenticate_accumulate,0.000058296,0.000058075
8,81,receive_authenticate_accumulate,0.017216153,0.017216129
8,81,receive_authenticate_accumulate,0.000074203,0.000074111
8,81,receive_authenticate_accumulate,0.017219227,0.017219240
8,81,receive_authenticate_accumulate,0.000057962,0.000057889
8,81,receive_authenticate_accumulate,0.017228930,0.017229036
8,81,receive_authenticate_accumulate,0.000058500,0.000058278
8,81,receive_authenticate_accumulate,0.017222616,0.017222666
8,81,receive_authenticate_accumulate,0.000057629,0.000057463
8,81,receive_authenticate_accumulate,0.017220801,0.017220666
8,81,receive_authenticate_accumulate,0.000058296,0.000057815
8,81,receive_authenticate_accumulate,0.017218264,0.017218389
8,81,receive_authenticate_accumulate,0.000057462,0.000057278
8,81,receive_authenticate_accumulate,0.017277708,0.017238149
8,81,receive_authenticate_accumulate,0.000057999,0.000057778
8,81,receive_authenticate_accumulate,0.017229264,0.017229241
8,81,receive_authenticate_accumulate,0.000059055,0.000059019
8,81,receive_authenticate_accumulate,0.017250764,0.017237833
8,81,receive_authenticate_accumulate,0.000057907,0.000057704
8,81,receive_authenticate_accumulate,0.017265430,0.017238981
8,81,receive_authenticate_accumulate,0.000057851,0.000057611
8,81,receive_authenticate_accumulate,0.017221098,0.017221185
8,81,receive_authenticate_accumulate,0.000057685,0.000057481
8,81,receive_authenticate_accumulate,0.017217930,0.017218000
8,81,receive_authenticate_accumulate,0.000057814,0.000057500
8,81,receive_authenticate_accumulate,0.017226320,0.017226444
8,81,receive_authenticate_accumulate,0.000056740,0.000056481
8,81,receive_authenticate_accumulate,0.017221931,0.017222092
8,81,receive_authenticate_accumulate,0.000057555,0.000057334
8,81,receive_authenticate_accumulate,0.017233357,0.017233482
8,81,receive_authenticate_accumulate,0.000058388,0.000058297
8,81,round_coverage,0.000003556,0.000002907
8,81,spatial_report,0.000041722,0.000041371
8,82,round_reset,0.000009278,0.000007833
8,82,receive_authenticate_accumulate,0.017225747,0.017225741
8,82,receive_authenticate_accumulate,0.000057351,0.000057445
8,82,receive_authenticate_accumulate,0.017224839,0.017224371
8,82,receive_authenticate_accumulate,0.000058537,0.000058426
8,82,receive_authenticate_accumulate,0.017231006,0.017231036
8,82,receive_authenticate_accumulate,0.000056666,0.000056444
8,82,reading_commitment_and_shares,0.026264968,0.026254629
8,82,receive_authenticate_accumulate,0.017245599,0.017219629
8,82,receive_authenticate_accumulate,0.000057407,0.000057203
8,82,receive_authenticate_accumulate,0.017222544,0.017222481
8,82,receive_authenticate_accumulate,0.000058259,0.000058148
8,82,receive_authenticate_accumulate,0.017225729,0.017225722
8,82,receive_authenticate_accumulate,0.000058259,0.000058074
8,82,receive_authenticate_accumulate,0.017223969,0.017224130
8,82,receive_authenticate_accumulate,0.000057000,0.000056796
8,82,receive_authenticate_accumulate,0.017222562,0.017222648
8,82,receive_authenticate_accumulate,0.000059000,0.000058852
8,82,receive_authenticate_accumulate,0.017222303,0.017222388
8,82,receive_authenticate_accumulate,0.000057240,0.000057019
8,82,receive_authenticate_accumulate,0.017220488,0.017220370
8,82,receive_authenticate_accumulate,0.000057111,0.000056945
8,82,receive_authenticate_accumulate,0.017226710,0.017226611
8,82,receive_authenticate_accumulate,0.000057203,0.000057037
8,82,receive_authenticate_accumulate,0.017275543,0.017240835
8,82,receive_authenticate_accumulate,0.000058499,0.000058407
8,82,receive_authenticate_accumulate,0.017219321,0.017219370
8,82,receive_authenticate_accumulate,0.000057703,0.000057426
8,82,receive_authenticate_accumulate,0.017222729,0.017222834
8,82,receive_authenticate_accumulate,0.000057111,0.000056945
8,82,receive_authenticate_accumulate,0.017235932,0.017236056
8,82,receive_authenticate_accumulate,0.000059888,0.000059722
8,82,receive_authenticate_accumulate,0.017229173,0.017229223
8,82,receive_authenticate_accumulate,0.000056962,0.000056648
8,82,receive_authenticate_accumulate,0.017231396,0.017231371
8,82,receive_authenticate_accumulate,0.000058129,0.000057926
8,82,receive_authenticate_accumulate,0.017267488,0.017238704
8,82,receive_authenticate_accumulate,0.000057315,0.000057074
8,82,receive_authenticate_accumulate,0.017221211,0.017221296
8,82,receive_authenticate_accumulate,0.000056703,0.000056482
8,82,receive_authenticate_accumulate,0.017278988,0.017234129
8,82,receive_authenticate_accumulate,0.000058573,0.000058315
8,82,round_coverage,0.000003871,0.000003019
8,82,spatial_report,0.000060259,0.000059926
8,83,round_reset,0.000009407,0.000008056
8,83,receive_authenticate_accumulate,0.017223490,0.017223500
8,83,receive_authenticate_accumulate,0.000057684,0.000057351
8,83,receive_authenticate_accumulate,0.017217693,0.017217796
8,83,receive_authenticate_accumulate,0.000058332,0.000058092
8,83,receive_authenticate_accumulate,0.017244397,0.017226500
8,83,receive_authenticate_accumulate,0.000058222,0.000057963
8,83,reading_commitment_and_shares,0.026249193,0.026249241
8,83,receive_authenticate_accumulate,0.017211434,0.017211555
8,83,receive_authenticate_accumulate,0.000057889,0.000057722
8,83,receive_authenticate_accumulate,0.017272564,0.017245537
8,83,receive_authenticate_accumulate,0.000058444,0.000058167
8,83,receive_authenticate_accumulate,0.017222953,0.017222926
8,83,receive_authenticate_accumulate,0.000057721,0.000057593
8,83,receive_authenticate_accumulate,0.017225101,0.017224982
8,83,receive_authenticate_accumulate,0.000057703,0.000057519
8,83,receive_authenticate_accumulate,0.017217009,0.017216889
8,83,receive_authenticate_accumulate,0.000056981,0.000056759
8,83,receive_authenticate_accumulate,0.017228027,0.017228074
8,83,receive_authenticate_accumulate,0.000057425,0.000057370
8,83,receive_authenticate_accumulate,0.017224212,0.017224426
8,83,receive_authenticate_accumulate,0.000056814,0.000056574
8,83,receive_authenticate_accumulate,0.017257749,0.017257759
8,83,receive_authenticate_accumulate,0.000056203,0.000055760
8,83,receive_authenticate_accumulate,0.017221915,0.017221871
8,83,receive_authenticate_accumulate,0.000056407,0.000056278
8,83,receive_authenticate_accumulate,0.017221989,0.017222019
8,83,receive_authenticate_accumulate,0.000056203,0.000055981
8,83,receive_authenticate_accumulate,0.017215176,0.017215203
8,83,receive_authenticate_accumulate,0.000056203,0.000055759
8,83,receive_authenticate_accumulate,0.017223916,0.017223871
8,83,receive_authenticate_accumulate,0.000055610,0.000055371
8,83,receive_authenticate_accumulate,0.017216305,0.017216334
8,83,receive_authenticate_accumulate,0.000056573,0.000056222
8,83,receive_authenticate_accumulate,0.017230305,0.017230185
8,83,receive_authenticate_accumulate,0.000057425,0.000057241
8,83,receive_authenticate_accumulate,0.017270471,0.017240815
8,83,receive_authenticate_accumulate,0.000058925,0.000058760
8,83,receive_authenticate_accumulate,0.017243027,0.017229667
8,83,receive_authenticate_accumulate,0.000058444,0.000058167
8,83,receive_authenticate_accumulate,0.017220397,0.017220278
8,83,receive_authenticate_accumulate,0.000057296,0.000057092
8,83,round_coverage,0.000003185,0.000002518
8,83,spatial_report,0.000042129,0.000041686
8,84,round_reset,0.000008833,0.000007408
8,84,receive_authenticate_accumulate,0.017230714,0.017230908
8,84,receive_authenticate_accumulate,0.000057740,0.000057593
8,84,receive_authenticate_accumulate,0.017223881,0.017224074
8,84,receive_authenticate_accumulate,0.000058129,0.000057445
8,84,receive_authenticate_accumulate,0.017230454,0.017230352
8,84,receive_authenticate_accumulate,0.000057333,0.000057130
8,84,reading_commitment_and_shares,0.026292047,0.026292111
8,84,receive_authenticate_accumulate,0.017215825,0.017215833
8,84,receive_authenticate_accumulate,0.000057241,0.000056945
8,84,receive_authenticate_accumulate,0.017220213,0.017220204
8,84,receive_authenticate_accumulate,0.000057518,0.000057296
8,84,receive_authenticate_accumulate,0.017228251,0.017228240
8,84,receive_authenticate_accumulate,0.000056833,0.000056592
8,84,receive_authenticate_accumulate,0.017267065,0.017235778
8,84,receive_authenticate_accumulate,0.000057037,0.000056833
8,84,receive_authenticate_accumulate,0.017221788,0.017221704
8,84,receive_authenticate_accumulate,0.000057778,0.000057519
8,84,receive_authenticate_accumulate,0.017220621,0.017220463
8,84,receive_authenticate_accumulate,0.000057241,0.000056889
8,84,receive_authenticate_accumulate,0.017253732,0.017230204
8,84,receive_authenticate_accumulate,0.000056333,0.000056389
8,84,receive_authenticate_accumulate,0.017227066,0.017227223
8,84,receive_authenticate_accumulate,0.000058240,0.000057796
8,84,receive_authenticate_accumulate,0.017229047,0.017229148
8,84,receive_authenticate_accumulate,0.000057666,0.000057518
8,84,receive_authenticate_accumulate,0.017224436,0.017224444
8,84,receive_authenticate_accumulate,0.000058684,0.000058482
8,84,receive_authenticate_accumulate,0.017221362,0.017221352
8,84,receive_authenticate_accumulate,0.000056907,0.000056759
8,84,receive_authenticate_accumulate,0.017222825,0.017222759
8,84,receive_authenticate_accumulate,0.000057722,0.000057537
8,84,receive_authenticate_accumulate,0.017228695,0.017228722
8,84,receive_authenticate_accumulate,0.000057667,0.000057389
8,84,receive_authenticate_accumulate,0.017225047,0.017225074
8,84,receive_authenticate_accumulate,0.000058295,0.000058000
8,84,receive_authenticate_accumulate,0.017225566,0.017225685
8,84,receive_authenticate_accumulate,0.000058462,0.000058333
8,84,receive_authenticate_accumulate,0.017224306,0.017224389
8,84,receive_authenticate_accumulate,0.000058555,0.000058333
8,84,receive_authenticate_accumulate,0.017263158,0.017232648
8,84,receive_authenticate_accumulate,0.000058629,0.000058407
8,84,round_coverage,0.000004277,0.000003630
8,84,spatial_report,0.000043018,0.000042759
8,85,round_reset,0.000009796,0.000008537
8,85,receive_authenticate_accumulate,0.017226511,0.017226463
8,85,receive_authenticate_accumulate,0.000057907,0.000057648
8,85,receive_authenticate_accumulate,0.017231419,0.017231463
8,85,receive_authenticate_accumulate,0.000057870,0.000057592
8,85,receive_authenticate_accumulate,0.017217586,0.017217537
8,85,receive_authenticate_accumulate,0.000058555,0.000058333
8,85,reading_commitment_and_shares,0.026300642,0.026273722
8,85,receive_authenticate_accumulate,0.017230401,0.017230555
8,85,receive_authenticate_accumulate,0.000056573,0.000056370
8,85,receive_authenticate_accumulate,0.017218511,0.017218426
8,85,receive_authenticate_accumulate,0.000057778,0.000057463
8,85,receive_authenticate_accumulate,0.017222696,0.017222649
8,85,receive_authenticate_accumulate,0.000059462,0.000059186
8,85,receive_authenticate_accumulate,0.017216586,0.017216574
8,85,receive_authenticate_accumulate,0.000058944,0.000058814
8,85,receive_authenticate_accumulate,0.017221993,0.017221963
8,85,receive_authenticate_accumulate,0.000058592,0.000058352
8,85,receive_authenticate_accumulate,0.017268548,0.017239259
8,85,receive_authenticate_accumulate,0.000057795,0.000057278
8,85,receive_authenticate_accumulate,0.017223660,0.017223593
8,85,receive_authenticate_accumulate,0.000057944,0.000057703
8,85,receive_authenticate_accumulate,0.017266678,0.017239593
8,85,receive_authenticate_accumulate,0.000057870,0.000057629
8,85,receive_authenticate_accumulate,0.017222642,0.017222741
8,85,receive_authenticate_accumulate,0.000057259,0.000057241
8,85,receive_authenticate_accumulate,0.017224105,0.017224037
8,85,receive_authenticate_accumulate,0.000058833,0.000058407
8,85,receive_authenticate_accumulate,0.017225456,0.017225519
8,85,receive_authenticate_accumulate,0.000058351,0.000058130
8,85,receive_authenticate_accumulate,0.017223752,0.017223778
8,85,receive_authenticate_accumulate,0.000057296,0.000056907
8,85,receive_authenticate_accumulate,0.017223382,0.017223315
8,85,receive_authenticate_accumulate,0.000058907,0.000058815
8,85,receive_authenticate_accumulate,0.017226252,0.017226222
8,85,receive_authenticate_accumulate,0.000060111,0.000059852
8,85,receive_authenticate_accumulate,0.017222012,0.017221963
8,85,receive_authenticate_accumulate,0.000057388,0.000057111
8,85,receive_authenticate_accumulate,0.017233752,0.017233666
8,85,receive_authenticate_accumulate,0.000057629,0.000057370
8,85,receive_authenticate_accumulate,0.017229696,0.017229185
8,85,receive_authenticate_accumulate,0.000056925,0.000056611
8,85,round_coverage,0.000003611,0.000002926
8,85,spatial_report,0.000042703,0.000042370
8,86,round_reset,0.000009259,0.000008000
8,86,receive_authenticate_accumulate,0.017223401,0.017223482
8,86,receive_authenticate_accumulate,0.000057129,0.000056944
8,86,receive_authenticate_accumulate,0.017225642,0.017225555
8,86,receive_authenticate_accumulate,0.000057018,0.000056852
8,86,receive_authenticate_accumulate,0.017215328,0.017215315
8,86,receive_authenticate_accumulate,0.000056277,0.000056111
8,86,reading_commitment_and_shares,0.026244516,0.026244426
8,86,receive_authenticate_accumulate,0.017211494,0.017211648
8,86,receive_authenticate_accumulate,0.000057351,0.000057111
8,86,receive_authenticate_accumulate,0.017221957,0.017221945
8,86,receive_authenticate_accumulate,0.000057741,0.000057537
8,86,receive_authenticate_accumulate,0.017281106,0.017249408
8,86,receive_authenticate_accumulate,0.000057555,0.000057334
8,86,receive_authenticate_accumulate,0.017217699,0.017217685
8,86,receive_authenticate_accumulate,0.000056296,0.000056056
8,86,receive_authenticate_accumulate,0.017216810,0.017216796
8,86,receive_authenticate_accumulate,0.000056537,0.000056352
8,86,receive_authenticate_accumulate,0.017228124,0.017228018
8,86,receive_authenticate_accumulate,0.000056296,0.000056093
8,86,receive_authenticate_accumulate,0.017215568,0.017215630
8,86,receive_authenticate_accumulate,0.000056722,0.000056518
8,86,receive_authenticate_accumulate,0.017275013,0.017236705
8,86,receive_authenticate_accumulate,0.000056721,0.000056482
8,86,receive_authenticate_accumulate,0.017220587,0.017220703
8,86,receive_authenticate_accumulate,0.000057018,0.000056667
8,86,receive_authenticate_accumulate,0.017227087,0.017227055
8,86,receive_authenticate_accumulate,0.000059425,0.000059092
8,86,receive_authenticate_accumulate,0.017220458,0.017220371
8,86,receive_authenticate_accumulate,0.000057481,0.000057315
8,86,receive_authenticate_accumulate,0.017218291,0.017218167
8,86,receive_authenticate_accumulate,0.000057240,0.000057019
8,86,receive_authenticate_accumulate,0.017222069,0.017221926
8,86,receive_authenticate_accumulate,0.000058240,0.000058018
8,86,receive_authenticate_accumulate,0.017223587,0.017223556
8,86,receive_authenticate_accumulate,0.000058851,0.000058648
8,86,receive_authenticate_accumulate,0.017225235,0.017225167
8,86,receive_authenticate_accumulate,0.000057036,0.000056778
8,86,receive_authenticate_accumulate,0.017218957,0.017219074
8,86,receive_authenticate_accumulate,0.000056185,0.000055945
8,86,receive_authenticate_accumulate,0.017225699,0.017225777
8,86,receive_authenticate_accumulate,0.000057666,0.000057371
8,86,round_coverage,0.000003629,0.000003000
8,86,spatial_report,0.000041425,0.000041074
8,87,round_reset,0.000010408,0.000009148
8,87,receive_authenticate_accumulate,0.017266680,0.017242240
8,87,receive_authenticate_accumulate,0.000057499,0.000057056
8,87,receive_authenticate_accumulate,0.017226088,0.017225982
8,87,receive_authenticate_accumulate,0.000057055,0.000056889
8,87,receive_authenticate_accumulate,0.017223607,0.017223648
8,87,receive_authenticate_accumulate,0.000058258,0.000058055
8,87,reading_commitment_and_shares,0.026253647,0.026253574
8,87,receive_authenticate_accumulate,0.017215903,0.017215982
8,87,receive_authenticate_accumulate,0.000056203,0.000055926
8,87,receive_authenticate_accumulate,0.017217182,0.017217129
8,87,receive_authenticate_accumulate,0.000058444,0.000058185
8,87,receive_authenticate_accumulate,0.017222274,0.017222148
8,87,receive_authenticate_accumulate,0.000057259,0.000057093
8,87,receive_authenticate_accumulate,0.017225885,0.017225944
8,87,receive_authenticate_accumulate,0.000058666,0.000058555
8,87,receive_authenticate_accumulate,0.017225625,0.017225685
8,87,receive_authenticate_accumulate,0.000056721,0.000056518
8,87,receive_authenticate_accumulate,0.017218200,0.017218241
8,87,receive_authenticate_accumulate,0.000056907,0.000056833
8,87,receive_authenticate_accumulate,0.017214330,0.017214444
8,87,receive_authenticate_accumulate,0.000057129,0.000056796
8,87,receive_authenticate_accumulate,0.017227015,0.017227148
8,87,receive_authenticate_accumulate,0.000057130,0.000056926
8,87,receive_authenticate_accumulate,0.017224422,0.017224500
8,87,receive_authenticate_accumulate,0.000058389,0.000057963
8,87,receive_authenticate_accumulate,0.017257385,0.017229019
8,87,receive_authenticate_accumulate,0.000058315,0.000058129
8,87,receive_authenticate_accumulate,0.017219533,0.017219648
8,87,receive_authenticate_accumulate,0.000059148,0.000058926
8,87,receive_authenticate_accumulate,0.017226163,0.017226130
8,87,receive_authenticate_accumulate,0.000058426,0.000058111
8,87,receive_authenticate_accumulate,0.017245366,0.017245500
8,87,receive_authenticate_accumulate,0.000057055,0.000056889
8,87,receive_authenticate_accumulate,0.017229625,0.017229537
8,87,receive_authenticate_accumulate,0.000054130,0.000053963
8,87,receive_authenticate_accumulate,0.017214385,0.017214426
8,87,receive_authenticate_accumulate,0.000052129,0.000052093
8,87,receive_authenticate_accumulate,0.017219941,0.017219926
8,87,receive_authenticate_accumulate,0.000052722,0.000052593
8,87,receive_authenticate_accumulate,0.017218811,0.017218944
8,87,receive_authenticate_accumulate,0.000054573,0.000054500
8,87,round_coverage,0.000002630,0.000002278
8,87,spatial_report,0.000056962,0.000056833
8,88,round_reset,0.000008796,0.000007389
8,88,receive_authenticate_accumulate,0.017275552,0.017240722
8,88,receive_authenticate_accumulate,0.000053574,0.000053556
8,88,receive_authenticate_accumulate,0.017261979,0.017234055
8,88,receive_authenticate_accumulate,0.000053351,0.000053167
8,88,receive_authenticate_accumulate,0.017224034,0.017224166
8,88,receive_authenticate_accumulate,0.000053370,0.000053130
8,88,reading_commitment_and_shares,0.026246982,0.026247166
8,88,receive_authenticate_accumulate,0.017217590,0.017217815
8,88,receive_authenticate_accumulate,0.000052481,0.000052389
8,88,receive_authenticate_accumulate,0.017222034,0.017222167
8,88,receive_authenticate_accumulate,0.000052258,0.000052315
8,88,receive_authenticate_accumulate,0.017226330,0.017226426
8,88,receive_authenticate_accumulate,0.000054073,0.000053982
8,88,receive_authenticate_accumulate,0.017227479,0.017227648
8,88,receive_authenticate_accumulate,0.000051537,0.000051407
8,88,receive_authenticate_accumulate,0.017224016,0.017224093
8,88,receive_authenticate_accumulate,0.000052925,0.000052944
8,88,receive_authenticate_accumulate,0.017217738,0.017217889
8,88,receive_authenticate_accumulate,0.000052258,0.000052352
8,88,receive_authenticate_accumulate,0.017212072,0.017212204
8,88,receive_authenticate_accumulate,0.000051278,0.000051315
8,88,receive_authenticate_accumulate,0.017219016,0.017219056
8,88,receive_authenticate_accumulate,0.000052352,0.000052351
8,88,receive_authenticate_accumulate,0.017222979,0.017223093
8,88,receive_authenticate_accumulate,0.000052277,0.000052259
8,88,receive_authenticate_accumulate,0.017214701,0.017214796
8,88,receive_authenticate_accumulate,0.000082702,0.000082389
8,88,receive_authenticate_accumulate,0.017278293,0.017242073
8,88,receive_authenticate_accumulate,0.000052370,0.000052259
8,88,receive_authenticate_accumulate,0.017218164,0.017218241
8,88,receive_authenticate_accumulate,0.000050629,0.000050463
8,88,receive_authenticate_accumulate,0.017255627,0.017227851
8,88,receive_authenticate_accumulate,0.000052370,0.000052241
8,88,receive_authenticate_accumulate,0.017221108,0.017221166
8,88,receive_authenticate_accumulate,0.000052703,0.000052555
8,88,receive_authenticate_accumulate,0.017214387,0.017214500
8,88,receive_authenticate_accumulate,0.000052037,0.000051907
8,88,receive_authenticate_accumulate,0.017221275,0.017221260
8,88,receive_authenticate_accumulate,0.000055722,0.000055519
8,88,receive_authenticate_accumulate,0.017222553,0.017222537
8,88,receive_authenticate_accumulate,0.000053148,0.000052871
8,88,round_coverage,0.000002741,0.000002278
8,88,spatial_report,0.000039351,0.000039185
8,89,round_reset,0.000009778,0.000007834
8,89,receive_authenticate_accumulate,0.017256906,0.017257129
8,89,receive_authenticate_accumulate,0.000051740,0.000051519
8,89,receive_authenticate_accumulate,0.017218720,0.017218740
8,89,receive_authenticate_accumulate,0.000051740,0.000051685
8,89,receive_authenticate_accumulate,0.017213665,0.017213685
8,89,receive_authenticate_accumulate,0.000053610,0.000053537
8,89,reading_commitment_and_shares,0.026260244,0.026260556
8,89,receive_authenticate_accumulate,0.017218183,0.017218370
8,89,receive_authenticate_accumulate,0.000050073,0.000049555
8,89,receive_authenticate_accumulate,0.017259146,0.017228352
8,89,receive_authenticate_accumulate,0.000050240,0.000050074
8,89,receive_authenticate_accumulate,0.017218147,0.017218222
8,89,receive_authenticate_accumulate,0.000049296,0.000049222
8,89,receive_authenticate_accumulate,0.017216294,0.017216408
8,89,receive_authenticate_accumulate,0.000049167,0.000049000
8,89,receive_authenticate_accumulate,0.017214980,0.017214963
8,89,receive_authenticate_accumulate,0.000049129,0.000049000
8,89,receive_authenticate_accumulate,0.017218110,0.017218204
8,89,receive_authenticate_accumulate,0.000048426,0.000048370
8,89,receive_authenticate_accumulate,0.017221035,0.017221167
8,89,receive_authenticate_accumulate,0.000048759,0.000048630
8,89,receive_authenticate_accumulate,0.017253035,0.017234740
8,89,receive_authenticate_accumulate,0.000049981,0.000049888
8,89,receive_authenticate_accumulate,0.017209813,0.017210037
8,89,receive_authenticate_accumulate,0.000048925,0.000048815
8,89,receive_authenticate_accumulate,0.017219814,0.017219926
8,89,receive_authenticate_accumulate,0.000073740,0.000073537
8,89,receive_authenticate_accumulate,0.017220795,0.017220741
8,89,receive_authenticate_accumulate,0.000050574,0.000050481
8,89,receive_authenticate_accumulate,0.017212684,0.017212815
8,89,receive_authenticate_accumulate,0.000050666,0.000050555
8,89,receive_authenticate_accumulate,0.017212740,0.017212814
8,89,receive_authenticate_accumulate,0.000050703,0.000050500
8,89,receive_authenticate_accumulate,0.017213666,0.017213500
8,89,receive_authenticate_accumulate,0.000050537,0.000050240
8,89,receive_authenticate_accumulate,0.017225406,0.017225463
8,89,receive_authenticate_accumulate,0.000049074,0.000048944
8,89,receive_authenticate_accumulate,0.017227221,0.017227314
8,89,receive_authenticate_accumulate,0.000050333,0.000050166
8,89,receive_authenticate_accumulate,0.017255221,0.017225962
8,89,receive_authenticate_accumulate,0.000050592,0.000050518
8,89,round_coverage,0.000002944,0.000002444
8,89,spatial_report,0.000038815,0.000038574
8,89,billing_report,0.000424236,0.000424000
9,90,period_reset,0.000024518,0.000023167
9,90,receive_authenticate_accumulate,0.000097647,0.000097389
9,90,receive_authenticate_accumulate,0.000091610,0.000091240
9,90,receive_authenticate_accumulate,0.000090462,0.000090203
9,90,randomness_commit,0.000786307,0.000785592
9,90,receive_authenticate_accumulate,0.000082055,0.000081333
9,90,receive_authenticate_accumulate,0.000090277,0.000090203
9,90,receive_authenticate_accumulate,0.000088592,0.000088389
9,90,receive_authenticate_accumulate,0.000089407,0.000088889
9,90,receive_authenticate_accumulate,0.000086480,0.000086185
9,90,receive_authenticate_accumulate,0.000058962,0.000058666
9,90,receive_authenticate_accumulate,0.000058481,0.000058407
9,90,receive_authenticate_accumulate,0.000060629,0.000060389
9,90,receive_authenticate_accumulate,0.000060517,0.000060296
9,90,receive_authenticate_accumulate,0.000059795,0.000059611
9,90,receive_authenticate_accumulate,0.000061129,0.000060704
9,90,receive_authenticate_accumulate,0.000059425,0.000059148
9,90,receive_authenticate_accumulate,0.000060666,0.000060556
9,90,receive_authenticate_accumulate,0.000060962,0.000060741
9,90,receive_authenticate_accumulate,0.000060722,0.000060500
9,90,receive_authenticate_accumulate,0.000060851,0.000060778
9,90,receive_authenticate_accumulate,0.000060425,0.000060259
9,90,receive_authenticate_accumulate,0.000075370,0.000075260
9,90,receive_authenticate_accumulate,0.000074370,0.000074352
9,90,receive_authenticate_accumulate,0.000074444,0.000074315
9,90,randomness_reveal,0.000499607,0.000499241
9,90,receive_authenticate_accumulate,0.000068592,0.000068463
9,90,receive_authenticate_accumulate,0.000074536,0.000074352
9,90,receive_authenticate_accumulate,0.000075129,0.000075130
9,90,receive_authenticate_accumulate,0.000074222,0.000074222
9,90,receive_authenticate_accumulate,0.000074258,0.000074203
9,90,receive_authenticate_accumulate,0.000073147,0.000073074
9,90,receive_authenticate_accumulate,0.000075647,0.000075593
9,90,receive_authenticate_accumulate,0.000073573,0.000073555
9,90,receive_authenticate_accumulate,0.000073592,0.000073389
9,90,receive_authenticate_accumulate,0.000047259,0.000047185
9,90,receive_authenticate_accumulate,0.000045296,0.000045296
9,90,receive_authenticate_accumulate,0.000045018,0.000044777
9,90,receive_authenticate_accumulate,0.000048630,0.000048333
9,90,receive_authenticate_accumulate,0.000044685,0.000044537
9,90,receive_authenticate_accumulate,0.000048741,0.000048389
9,90,receive_authenticate_accumulate,0.000048314,0.000048148
9,90,receive_authenticate_accumulate,0.000045259,0.000044963
9,90,committee_selection,0.000085665,0.000085574
9,90,round_reset,0.000003833,0.000003352
9,90,receive_authenticate_accumulate,0.017231611,0.017231666
9,90,receive_authenticate_accumulate,0.017301184,0.017257722
9,90,receive_authenticate_accumulate,0.017226408,0.017226389
9,90,reading_commitment_and_shares,0.026259135,0.026259111
9,90,receive_authenticate_accumulate,0.017218278,0.017218425
9,90,receive_authenticate_accumulate,0.017221610,0.017221740
9,90,receive_authenticate_accumulate,0.017232944,0.017232852
9,90,receive_authenticate_accumulate,0.017229777,0.017229759
9,90,receive_authenticate_accumulate,0.017222426,0.017222389
9,90,receive_authenticate_accumulate,0.017223371,0.017223204
9,90,receive_authenticate_accumulate,0.017286185,0.017245204
9,90,receive_authenticate_accumulate,0.017228593,0.017228537
9,90,receive_authenticate_accumulate,0.017224352,0.017224333
9,90,receive_authenticate_accumulate,0.017248370,0.017235480
9,90,receive_authenticate_accumulate,0.017275499,0.017250259
9,90,receive_authenticate_accumulate,0.017221888,0.017221926
9,90,receive_authenticate_accumulate,0.017232463,0.017232407
9,90,receive_authenticate_accumulate,0.017227963,0.017227926
9,90,receive_authenticate_accumulate,0.017278741,0.017243687
9,90,receive_authenticate_accumulate,0.017233277,0.017233389
9,90,receive_authenticate_accumulate,0.017230518,0.017230648
9,90,round_coverage,0.000003574,0.000003000
9,91,round_reset,0.000009630,0.000008315
9,91,receive_authenticate_accumulate,0.017226371,0.017226444
9,91,receive_authenticate_accumulate,0.017239371,0.017239185
9,91,receive_authenticate_accumulate,0.017227797,0.017227760
9,91,reading_commitment_and_shares,0.026325061,0.026294130
9,91,receive_authenticate_accumulate,0.017226075,0.017226278
9,91,receive_authenticate_accumulate,0.017225872,0.017225926
9,91,receive_authenticate_accumulate,0.017231834,0.017231833
9,91,receive_authenticate_accumulate,0.017231575,0.017231592
9,91,receive_authenticate_accumulate,0.017223334,0.017223370
9,91,receive_authenticate_accumulate,0.017226242,0.017226278
9,91,receive_authenticate_accumulate,0.017229149,0.017229092
9,91,receive_authenticate_accumulate,0.017226149,0.017226148
9,91,receive_authenticate_accumulate,0.017229371,0.017229352
9,91,receive_authenticate_accumulate,0.017227094,0.017227074
9,91,receive_authenticate_accumulate,0.017221964,0.017222019
9,91,receive_authenticate_accumulate,0.017223779,0.017223666
9,91,receive_authenticate_accumulate,0.017232372,0.017232315
9,91,receive_authenticate_accumulate,0.017238279,0.017238185
9,91,receive_authenticate_accumulate,0.017228668,0.017228426
9,91,receive_authenticate_accumulate,0.017234261,0.017234148
9,91,receive_authenticate_accumulate,0.017229853,0.017229814
9,91,round_coverage,0.000003630,0.000003018
9,92,round_reset,0.000009518,0.000008186
9,92,receive_authenticate_accumulate,0.017229872,0.017230074
9,92,receive_authenticate_accumulate,0.017230613,0.017230592
9,92,receive_authenticate_accumulate,0.017227521,0.017227500
9,92,reading_commitment_and_shares,0.026256526,0.026256556
9,92,receive_authenticate_accumulate,0.017210039,0.017210093
9,92,receive_authenticate_accumulate,0.017227317,0.017227407
9,92,receive_authenticate_accumulate,0.017239187,0.017239241
9,92,receive_authenticate_accumulate,0.017233242,0.017233185
9,92,receive_authenticate_accumulate,0.017260538,0.017246760
9,92,receive_authenticate_accumulate,0.017238224,0.017238185
9,92,receive_authenticate_accumulate,0.017231965,0.017231797
9,92,receive_authenticate_accumulate,0.017223261,0.017223278
9,92,receive_authenticate_accumulate,0.017276483,0.017246721
9,92,receive_authenticate_accumulate,0.017226539,0.017226352
9,92,receive_authenticate_accumulate,0.017261280,0.017235575
9,92,receive_authenticate_accumulate,0.017232502,0.017232333
9,92,receive_authenticate_accumulate,0.017229650,0.017229593
9,92,receive_authenticate_accumulate,0.017225020,0.017225018
9,92,receive_authenticate_accumulate,0.017226743,0.017226759
9,92,receive_authenticate_accumulate,0.017227520,0.017227482
9,92,receive_authenticate_accumulate,0.017234595,0.017234537
9,92,round_coverage,0.000003537,0.000002907
9,93,round_reset,0.000009074,0.000007962
9,93,receive_authenticate_accumulate,0.028735949,0.028736111
9,93,receive_authenticate_accumulate,0.017235355,0.017235407
9,93,receive_authenticate_accumulate,0.017223373,0.017223333
9,93,reading_commitment_and_shares,0.026264565,0.026264518
9,93,receive_authenticate_accumulate,0.017219392,0.017219555
9,93,receive_authenticate_accumulate,0.017275966,0.017247926
9,93,receive_authenticate_accumulate,0.017230947,0.017230871
9,93,receive_authenticate_accumulate,0.017228632,0.017228592
9,93,receive_authenticate_accumulate,0.017233800,0.017233907
9,93,receive_authenticate_accumulate,0.017236225,0.017236185
9,93,receive_authenticate_accumulate,0.017226447,0.017226408
9,93,receive_authenticate_accumulate,0.017226485,0.017226426
9,93,receive_authenticate_accumulate,0.017226985,0.017226981
9,93,receive_authenticate_accumulate,0.017297188,0.017253090
9,93,receive_authenticate_accumulate,0.017222262,0.017222185
9,93,receive_authenticate_accumulate,0.017228410,0.017228426
9,93,receive_authenticate_accumulate,0.017219188,0.017219130
9,93,receive_authenticate_accumulate,0.017234799,0.017234740
9,93,receive_authenticate_accumulate,0.017221207,0.017221203
9,93,receive_authenticate_accumulate,0.017268428,0.017239333
9,93,receive_authenticate_accumulate,0.017227873,0.017227833
9,93,round_coverage,0.000003852,0.000003297
9,94,round_reset,0.000008796,0.000007612
9,94,receive_authenticate_accumulate,0.017232281,0.017232278
9,94,receive_authenticate_accumulate,0.017236023,0.017235999
9,94,receive_authenticate_accumulate,0.017223818,0.017223741
9,94,reading_commitment_and_shares,0.026266251,0.026266259
9,94,receive_authenticate_accumulate,0.017207282,0.017207389
9,94,receive_authenticate_accumulate,0.017277596,0.017246242
9,94,receive_authenticate_accumulate,0.017236615,0.017236574
9,94,receive_authenticate_accumulate,0.017224893,0.017224852
9,94,receive_authenticate_accumulate,0.017220467,0.017220370
9,94,receive_authenticate_accumulate,0.017229837,0.017229796
9,94,receive_authenticate_accumulate,0.017230948,0.017230888
9,94,receive_authenticate_accumulate,0.017230318,0.017230278
9,94,receive_authenticate_accumulate,0.017234356,0.017234370
9,94,receive_authenticate_accumulate,0.017258596,0.017245778
9,94,receive_authenticate_accumulate,0.017229911,0.017229703
9,94,receive_authenticate_accumulate,0.017232245,0.017232240
9,94,receive_authenticate_accumulate,0.017229560,0.017229407
9,94,receive_authenticate_accumulate,0.017223078,0.017223167
9,94,receive_authenticate_accumulate,0.017221060,0.017221019
9,94,receive_authenticate_accumulate,0.017234541,0.017234407
9,94,receive_authenticate_accumulate,0.017223226,0.017223241
9,94,round_coverage,0.000003444,0.000002981
9,95,round_reset,0.000009741,0.000008481
9,95,receive_authenticate_accumulate,0.028739859,0.028739814
9,95,receive_authenticate_accumulate,0.017217098,0.017217148
9,95,receive_authenticate_accumulate,0.017222172,0.017222111
9,95,reading_commitment_and_shares,0.026267919,0.026267759
9,95,receive_authenticate_accumulate,0.017221764,0.017221963
9,95,receive_authenticate_accumulate,0.017219024,0.017219055
9,95,receive_authenticate_accumulate,0.017223116,0.017223259
9,95,receive_authenticate_accumulate,0.017230356,0.017230481
9,95,receive_authenticate_accumulate,0.017217616,0.017217593
9,95,receive_authenticate_accumulate,0.017218487,0.017218611
9,95,receive_authenticate_accumulate,0.017220616,0.017220370
9,95,receive_authenticate_accumulate,0.017227042,0.017227092
9,95,receive_authenticate_accumulate,0.017217060,0.017217130
9,95,receive_authenticate_accumulate,0.017215875,0.017215907
9,95,receive_authenticate_accumulate,0.017226838,0.017226814
9,95,receive_authenticate_accumulate,0.017225153,0.017225259
9,95,receive_authenticate_accumulate,0.017239838,0.017239703
9,95,receive_authenticate_accumulate,0.017223838,0.017223889
9,95,receive_authenticate_accumulate,0.017237560,0.017227574
9,95,receive_authenticate_accumulate,0.017228041,0.017228148
9,95,receive_authenticate_accumulate,0.017220393,0.017220463
9,95,round_coverage,0.000003056,0.000002629
9,96,round_reset,0.000009945,0.000008648
9,96,receive_authenticate_accumulate,0.017233098,0.017233241
9,96,receive_authenticate_accumulate,0.017232690,0.017232666
9,96,receive_authenticate_accumulate,0.017229450,0.017229352
9,96,reading_commitment_and_shares,0.026263995,0.026263908
9,96,receive_authenticate_accumulate,0.017214894,0.017214982
9,96,receive_authenticate_accumulate,0.017237747,0.017237722
9,96,receive_authenticate_accumulate,0.017226117,0.017225555
9,96,receive_authenticate_accumulate,0.017225413,0.017225389
9,96,receive_authenticate_accumulate,0.017236968,0.017236926
9,96,receive_authenticate_accumulate,0.017226413,0.017226315
9,96,receive_authenticate_accumulate,0.017228283,0.017228240
9,96,receive_authenticate_accumulate,0.017223895,0.017223833
9,96,receive_authenticate_accumulate,0.017230283,0.017230278
9,96,receive_authenticate_accumulate,0.017250672,0.017239742
9,96,receive_authenticate_accumulate,0.017233025,0.017233018
9,96,receive_authenticate_accumulate,0.017232821,0.017232797
9,96,receive_authenticate_accumulate,0.017226524,0.017226537
9,96,receive_authenticate_accumulate,0.017224376,0.017224370
9,96,receive_authenticate_accumulate,0.017253043,0.017239981
9,96,receive_authenticate_accumulate,0.017223043,0.017222889
9,96,receive_authenticate_accumulate,0.017255024,0.017255111
9,96,round_coverage,0.000004315,0.000003630
9,97,round_reset,0.000009963,0.000008130
9,97,receive_authenticate_accumulate,0.017230636,0.017230592
9,97,receive_authenticate_accumulate,0.017276858,0.017242036
9,97,receive_authenticate_accumulate,0.017221358,0.017221315
9,97,reading_commitment_and_shares,0.026272070,0.026272167
9,97,receive_authenticate_accumulate,0.017212988,0.017212981
9,97,receive_authenticate_accumulate,0.017220266,0.017220241
9,97,receive_authenticate_accumulate,0.017233840,0.017233852
9,97,receive_authenticate_accumulate,0.017273784,0.017248296
9,97,receive_authenticate_accumulate,0.017227173,0.017227093
9,97,receive_authenticate_accumulate,0.017220228,0.017220204
9,97,receive_authenticate_accumulate,0.017224766,0.017224703
9,97,receive_authenticate_accumulate,0.017231062,0.017231018
9,97,receive_authenticate_accumulate,0.017228506,0.017228500
9,97,receive_authenticate_accumulate,0.017223396,0.017223352
9,97,receive_authenticate_accumulate,0.017229432,0.017229371
9,97,receive_authenticate_accumulate,0.017228488,0.017228407
9,97,receive_authenticate_accumulate,0.017228785,0.017228592
9,97,receive_authenticate_accumulate,0.017238154,0.017238074
9,97,receive_authenticate_accumulate,0.017256339,0.017246870
9,97,receive_authenticate_accumulate,0.017270858,0.017244018
9,97,receive_authenticate_accumulate,0.017234210,0.017234148
9,97,round_coverage,0.000003519,0.000003037
9,98,round_reset,0.000010093,0.000008667
9,98,receive_authenticate_accumulate,0.017228562,0.017228518
9,98,receive_authenticate_accumulate,0.017225785,0.017225741
9,98,receive_authenticate_accumulate,0.017221785,0.017221648
9,98,reading_commitment_and_shares,0.026306960,0.026306889
9,98,receive_authenticate_accumulate,0.017218637,0.017218648
9,98,receive_authenticate_accumulate,0.017225322,0.017225352
9,98,receive_authenticate_accumulate,0.017224878,0.017224889
9,98,receive_authenticate_accumulate,0.017226378,0.017226056
9,98,receive_authenticate_accumulate,0.017228877,0.017228463
9,98,receive_authenticate_accumulate,0.017228970,0.017228963
9,98,receive_authenticate_accumulate,0.017219951,0.017219833
9,98,receive_authenticate_accumulate,0.017228470,0.017228371
9,98,receive_authenticate_accumulate,0.017227563,0.017227463
9,98,receive_authenticate_accumulate,0.017227137,0.017226815
9,98,receive_authenticate_accumulate,0.017220378,0.017220278
9,98,receive_authenticate_accumulate,0.017226304,0.017226222
9,98,receive_authenticate_accumulate,0.017230563,0.017230463
9,98,receive_authenticate_accumulate,0.017229674,0.017229612
9,98,receive_authenticate_accumulate,0.017255118,0.017244260
9,98,receive_authenticate_accumulate,0.017231489,0.017231444
9,98,receive_authenticate_accumulate,0.017273933,0.017244296
9,98,round_coverage,0.000003537,0.000003038
9,99,round_reset,0.000008500,0.000007963
9,99,receive_authenticate_accumulate,0.017225859,0.017225907
9,99,receive_authenticate_accumulate,0.017223564,0.017223519
9,99,receive_authenticate_accumulate,0.017266267,0.017250685
9,99,reading_commitment_and_shares,0.026338627,0.026294814
9,99,receive_authenticate_accumulate,0.017229471,0.017229574
9,99,receive_authenticate_accumulate,0.017229286,0.017229167
9,99,receive_authenticate_accumulate,0.017233508,0.017233500
9,99,receive_authenticate_accumulate,0.017230230,0.017230148
9,99,receive_authenticate_accumulate,0.017247619,0.017247629
9,99,receive_authenticate_accumulate,0.017222675,0.017222574
9,99,receive_authenticate_accumulate,0.017224137,0.017224092
9,99,receive_authenticate_accumulate,0.017218989,0.017218851
9,99,receive_authenticate_accumulate,0.017228304,0.017228204
9,99,receive_authenticate_accumulate,0.017228100,0.017228185
9,99,receive_authenticate_accumulate,0.017281896,0.017237574
9,99,receive_authenticate_accumulate,0.017236026,0.017235982
9,99,receive_authenticate_accumulate,0.017234934,0.017235056
9,99,receive_authenticate_accumulate,0.017222545,0.017222444
9,99,receive_authenticate_accumulate,0.017249804,0.017239519
9,99,receive_authenticate_accumulate,0.017228064,0.017228093
9,99,receive_authenticate_accumulate,0.017234101,0.017234222
9,99,round_coverage,0.000003944,0.000003482
10,100,period_reset,0.000023796,0.000022556
10,100,receive_authenticate_accumulate,0.000094666,0.000094519
10,100,receive_authenticate_accumulate,0.000089981,0.000089834
10,100,receive_authenticate_accumulate,0.000092147,0.000091907
10,100,randomness_commit,0.000807696,0.000807296
10,100,receive_authenticate_accumulate,0.000082740,0.000082963
10,100,receive_authenticate_accumulate,0.000090906,0.000090686
10,100,receive_authenticate_accumulate,0.000090184,0.000089907
10,100,receive_authenticate_accumulate,0.000090980,0.000090870
10,100,receive_authenticate_accumulate,0.000091370,0.000091166
10,100,receive_authenticate_accumulate,0.000062592,0.000062111
10,100,receive_authenticate_accumulate,0.000062592,0.000062574
10,100,receive_authenticate_accumulate,0.000062481,0.000062389
10,100,receive_authenticate_accumulate,0.000063351,0.000062759
10,100,receive_authenticate_accumulate,0.000063870,0.000063778
10,100,receive_authenticate_accumulate,0.000062259,0.000061926
10,100,receive_authenticate_accumulate,0.000062666,0.000062592
10,100,receive_authenticate_accumulate,0.000062981,0.000062833
10,100,receive_authenticate_accumulate,0.000062684,0.000062648
10,100,receive_authenticate_accumulate,0.000062610,0.000062555
10,100,receive_authenticate_accumulate,0.000062332,0.000062315
10,100,receive_authenticate_accumulate,0.000062944,0.000062945
10,100,receive_authenticate_accumulate,0.000077574,0.000077519
10,100,receive_authenticate_accumulate,0.000074036,0.000074055
10,100,receive_authenticate_accumulate,0.000076073,0.000076056
10,100,randomness_reveal,0.000486422,0.000485981
10,100,receive_authenticate_accumulate,0.000068518,0.000068611
10,100,receive_authenticate_accumulate,0.000074462,0.000074333
10,100,receive_authenticate_accumulate,0.000074425,0.000074296
10,100,receive_authenticate_accumulate,0.000078462,0.000078407
10,100,receive_authenticate_accumulate,0.000076110,0.000076019
10,100,receive_authenticate_accumulate,0.000075740,0.000075759
10,100,receive_authenticate_accumulate,0.000074277,0.000074074
10,100,receive_authenticate_accumulate,0.000077629,0.000077481
10,100,receive_authenticate_accumulate,0.000075573,0.000075482
10,100,receive_authenticate_accumulate,0.000077054,0.000077019
10,100,receive_authenticate_accumulate,0.000050722,0.000050648
10,100,receive_authenticate_accumulate,0.000045832,0.000045759
10,100,receive_authenticate_accumulate,0.000049185,0.000049093
10,100,receive_authenticate_accumulate,0.000046926,0.000046815
10,100,receive_authenticate_accumulate,0.000048610,0.000048537
10,100,receive_authenticate_accumulate,0.000049092,0.000049019
10,100,receive_authenticate_accumulate,0.000047703,0.000047704
10,100,committee_selection,0.000086277,0.000086185
10,100,round_reset,0.000003759,0.000003278
10,100,receive_authenticate_accumulate,0.017226935,0.017226908
10,100,receive_authenticate_accumulate,0.017222342,0.017222352
10,100,receive_authenticate_accumulate,0.017241360,0.017241315
10,100,reading_commitment_and_shares,0.026264684,0.026265037
10,100,receive_authenticate_accumulate,0.017221786,0.017222000
10,100,receive_authenticate_accumulate,0.017234360,0.017234241
10,100,receive_authenticate_accumulate,0.017226786,0.017226741
10,100,receive_authenticate_accumulate,0.017230212,0.017230278
10,100,receive_authenticate_accumulate,0.017230008,0.017229889
10,100,receive_authenticate_accumulate,0.017223638,0.017223630
10,100,receive_authenticate_accumulate,0.017253156,0.017234370
10,100,receive_authenticate_accumulate,0.017216268,0.017216463
10,100,receive_authenticate_accumulate,0.017234046,0.017234019
10,100,receive_authenticate_accumulate,0.017223583,0.017223556
10,100,receive_authenticate_accumulate,0.017232897,0.017232760
10,100,receive_authenticate_accumulate,0.017233639,0.017233926
10,100,receive_authenticate_accumulate,0.017235027,0.017235167
10,100,receive_authenticate_accumulate,0.017226435,0.017226352
10,100,receive_authenticate_accumulate,0.017232139,0.017231889
10,100,receive_authenticate_accumulate,0.017231361,0.017231315
10,100,receive_authenticate_accumulate,0.017232712,0.017232834
10,100,round_coverage,0.000003851,0.000003277
10,101,round_reset,0.000010148,0.000008778
10,101,receive_authenticate_accumulate,0.025867523,0.025867389
10,101,receive_authenticate_accumulate,0.017269101,0.017269018
10,101,receive_authenticate_accumulate,0.017271144,0.017243221
10,101,reading_commitment_and_shares,0.026267006,0.026266981
10,101,receive_authenticate_accumulate,0.017208922,0.017209037
10,101,receive_authenticate_accumulate,0.017229842,0.017230240
10,101,receive_authenticate_accumulate,0.017227212,0.017227574
10,101,receive_authenticate_accumulate,0.017229787,0.017230148
10,101,receive_authenticate_accumulate,0.017217695,0.017218056
10,101,receive_authenticate_accumulate,0.017223639,0.017223981
10,101,receive_authenticate_accumulate,0.017232269,0.017232797
10,101,receive_authenticate_accumulate,0.017269527,0.017239944
10,101,receive_authenticate_accumulate,0.017226400,0.017226871
10,101,receive_authenticate_accumulate,0.017221382,0.017221667
10,101,receive_authenticate_accumulate,0.017223140,0.017223519
10,101,receive_authenticate_accumulate,0.017220530,0.017220908
10,101,receive_authenticate_accumulate,0.017233993,0.017234370
10,101,receive_authenticate_accumulate,0.017269085,0.017242389
10,101,receive_authenticate_accumulate,0.017228605,0.017229018
10,101,receive_authenticate_accumulate,0.017225142,0.017225518
10,101,receive_authenticate_accumulate,0.017226254,0.017226629
10,101,round_coverage,0.000003778,0.000003093
10,102,round_reset,0.000009333,0.000008037
10,102,receive_authenticate_accumulate,0.017226603,0.017227092
10,102,receive_authenticate_accumulate,0.017228844,0.017229203
10,102,receive_authenticate_accumulate,0.017268860,0.017241777
10,102,reading_commitment_and_shares,0.026257530,0.026258037
10,102,receive_authenticate_accumulate,0.017217899,0.017218519
10,102,receive_authenticate_accumulate,0.017224585,0.017224982
10,102,receive_authenticate_accumulate,0.017218789,0.017219166
10,102,receive_authenticate_accumulate,0.017229215,0.017229611
10,102,receive_authenticate_accumulate,0.017258751,0.017237870
10,102,receive_authenticate_accumulate,0.017220901,0.017221093
10,102,receive_authenticate_accumulate,0.017228031,0.017228425
10,102,receive_authenticate_accumulate,0.017228568,0.017228815
10,102,receive_authenticate_accumulate,0.017227402,0.017227834
10,102,receive_authenticate_accumulate,0.017258401,0.017247537
10,102,receive_authenticate_accumulate,0.017233903,0.017234203
10,102,receive_authenticate_accumulate,0.017231884,0.017232259
10,102,receive_authenticate_accumulate,0.017222514,0.017222833
10,102,receive_authenticate_accumulate,0.017224348,0.017224703
10,102,receive_authenticate_accumulate,0.017220756,0.017221130
10,102,receive_authenticate_accumulate,0.017229978,0.017230352
10,102,receive_authenticate_accumulate,0.017221608,0.017222055
10,102,round_coverage,0.000003666,0.000003019
10,103,round_reset,0.000009092,0.000007778
10,103,receive_authenticate_accumulate,0.017222826,0.017223111
10,103,receive_authenticate_accumulate,0.017221253,0.017221574
10,103,receive_authenticate_accumulate,0.017236455,0.017236740
10,103,reading_commitment_and_shares,0.026261431,0.026261945
10,103,receive_authenticate_accumulate,0.017216716,0.017217204
10,103,receive_authenticate_accumulate,0.017229271,0.017229611
10,103,receive_authenticate_accumulate,0.017230715,0.017230925
10,103,receive_authenticate_accumulate,0.017231198,0.017231629
10,103,receive_authenticate_accumulate,0.017224143,0.017224259
10,103,receive_authenticate_accumulate,0.017229217,0.017229629
10,103,receive_authenticate_accumulate,0.017239124,0.017239407
10,103,receive_authenticate_accumulate,0.017221476,0.017222055
10,103,receive_authenticate_accumulate,0.017219551,0.017219722
10,103,receive_authenticate_accumulate,0.017228200,0.017228630
10,103,receive_authenticate_accumulate,0.017223625,0.017223963
10,103,receive_authenticate_accumulate,0.017266403,0.017247907
10,103,receive_authenticate_accumulate,0.017274143,0.017274278
10,103,receive_authenticate_accumulate,0.017231108,0.017231574
10,103,receive_authenticate_accumulate,0.017224700,0.017225056
10,103,receive_authenticate_accumulate,0.017226404,0.017226722
10,103,receive_authenticate_accumulate,0.017234442,0.017234852
10,103,round_coverage,0.000003814,0.000003185
10,104,round_reset,0.000010184,0.000008722
10,104,receive_authenticate_accumulate,0.017233085,0.017233482
10,104,receive_authenticate_accumulate,0.017222401,0.017222815
10,104,receive_authenticate_accumulate,0.017227789,0.017228092
10,104,reading_commitment_and_shares,0.026264977,0.026265592
10,104,receive_authenticate_accumulate,0.017211328,0.017211851
10,104,receive_authenticate_accumulate,0.017226439,0.017226556
10,104,receive_authenticate_accumulate,0.017243235,0.017243723
10,104,receive_authenticate_accumulate,0.017224976,0.017225333
10,104,receive_authenticate_accumulate,0.017236827,0.017237167
10,104,receive_authenticate_accumulate,0.017220920,0.017221074
10,104,receive_authenticate_accumulate,0.017255680,0.017242981
10,104,receive_authenticate_accumulate,0.017233254,0.017233629
10,104,receive_authenticate_accumulate,0.017220625,0.017221111
10,104,receive_authenticate_accumulate,0.017230607,0.017231000
10,104,receive_authenticate_accumulate,0.017230588,0.017230833
10,104,receive_authenticate_accumulate,0.017222311,0.017222555
10,104,receive_authenticate_accumulate,0.017235052,0.017235407
10,104,receive_authenticate_accumulate,0.017220812,0.017221148
10,104,receive_authenticate_accumulate,0.017263162,0.017239315
10,104,receive_authenticate_accumulate,0.017223571,0.017223889
10,104,receive_authenticate_accumulate,0.017233424,0.017233834
10,104,round_coverage,0.000004055,0.000003407
10,105,round_reset,0.000009629,0.000008315
10,105,receive_authenticate_accumulate,0.028723319,0.028724240
10,105,receive_authenticate_accumulate,0.017224622,0.017224870
10,105,receive_authenticate_accumulate,0.017224307,0.017224518
10,105,reading_commitment_and_shares,0.026268485,0.026268981
10,105,receive_authenticate_accumulate,0.017246215,0.017246630
10,105,receive_authenticate_accumulate,0.017222252,0.017222444
10,105,receive_authenticate_accumulate,0.017224882,0.017225185
10,105,receive_authenticate_accumulate,0.017226012,0.017226278
10,105,receive_authenticate_accumulate,0.017225012,0.017225333
10,105,receive_authenticate_accumulate,0.017218827,0.017219093
10,105,receive_authenticate_accumulate,0.017269234,0.017244537
10,105,receive_authenticate_accumulate,0.017226476,0.017226722
10,105,receive_authenticate_accumulate,0.017235624,0.017235962
10,105,receive_authenticate_accumulate,0.017231235,0.017231444
10,105,receive_authenticate_accumulate,0.017227828,0.017228129
10,105,receive_authenticate_accumulate,0.017231772,0.017232092
10,105,receive_authenticate_accumulate,0.017222088,0.017222333
10,105,receive_authenticate_accumulate,0.017224088,0.017224426
10,105,receive_authenticate_accumulate,0.017229625,0.017229944
10,105,receive_authenticate_accumulate,0.017226403,0.017226797
10,105,receive_authenticate_accumulate,0.017220348,0.017220629
10,105,round_coverage,0.000003722,0.000003056
10,106,round_reset,0.000010333,0.000009112
10,106,receive_authenticate_accumulate,0.017221842,0.017222167
10,106,receive_authenticate_accumulate,0.017231250,0.017231648
10,106,receive_authenticate_accumulate,0.017229768,0.017230056
10,106,reading_commitment_and_shares,0.026311417,0.026282427
10,106,receive_authenticate_accumulate,0.017218842,0.017219278
10,106,receive_authenticate_accumulate,0.017233362,0.017233630
10,106,receive_authenticate_accumulate,0.017222769,0.017223037
10,106,receive_authenticate_accumulate,0.017227769,0.017228074
10,106,receive_authenticate_accumulate,0.017225418,0.017225889
10,106,receive_authenticate_accumulate,0.017222807,0.017223148
10,106,receive_authenticate_accumulate,0.017248232,0.017238926
10,106,receive_authenticate_accumulate,0.017224141,0.017224426
10,106,receive_authenticate_accumulate,0.017218085,0.017218444
10,106,receive_authenticate_accumulate,0.017228640,0.017229056
10,106,receive_authenticate_accumulate,0.017229752,0.017230000
10,106,receive_authenticate_accumulate,0.017223382,0.017223722
10,106,receive_authenticate_accumulate,0.017234344,0.017234759
10,106,receive_authenticate_accumulate,0.017231420,0.017231574
10,106,receive_authenticate_accumulate,0.017219809,0.017220186
10,106,receive_authenticate_accumulate,0.017225123,0.017225426
10,106,receive_authenticate_accumulate,0.017228605,0.017228834
10,106,round_coverage,0.000003852,0.000003203
10,107,round_reset,0.000009296,0.000007889
10,107,receive_authenticate_accumulate,0.028734762,0.028735426
10,107,receive_authenticate_accumulate,0.017227488,0.017227815
10,107,receive_authenticate_accumulate,0.017237487,0.017237537
10,107,reading_commitment_and_shares,0.026297367,0.026275390
10,107,receive_authenticate_accumulate,0.017219118,0.017219556
10,107,receive_authenticate_accumulate,0.017225933,0.017226222
10,107,receive_authenticate_accumulate,0.017225044,0.017225277
10,107,receive_authenticate_accumulate,0.017234655,0.017234907
10,107,receive_authenticate_accumulate,0.017227896,0.017228148
10,107,receive_authenticate_accumulate,0.017229933,0.017230148
10,107,receive_authenticate_accumulate,0.017229507,0.017229648
10,107,receive_authenticate_accumulate,0.017227118,0.017227260
10,107,receive_authenticate_accumulate,0.017225990,0.017226167
10,107,receive_authenticate_accumulate,0.017268396,0.017239556
10,107,receive_authenticate_accumulate,0.017234268,0.017234556
10,107,receive_authenticate_accumulate,0.017225527,0.017225833
10,107,receive_authenticate_accumulate,0.017232453,0.017232649
10,107,receive_authenticate_accumulate,0.017239731,0.017240315
10,107,receive_authenticate_accumulate,0.017221528,0.017221815
10,107,receive_authenticate_accumulate,0.017230732,0.017230833
10,107,receive_authenticate_accumulate,0.017223510,0.017223704
10,107,round_coverage,0.000004111,0.000003445
10,108,round_reset,0.000009870,0.000008518
10,108,receive_authenticate_accumulate,0.017223150,0.017223444
10,108,receive_authenticate_accumulate,0.017236836,0.017237019
10,108,receive_authenticate_accumulate,0.017225799,0.017225999
10,108,reading_commitment_and_shares,0.026250502,0.026250908
10,108,receive_authenticate_accumulate,0.017215503,0.017215944
10,108,receive_authenticate_accumulate,0.017223892,0.017224148
10,108,receive_authenticate_accumulate,0.017262632,0.017264037
10,108,receive_authenticate_accumulate,0.017231577,0.017231444
10,108,receive_authenticate_accumulate,0.017234855,0.017235093
10,108,receive_authenticate_accumulate,0.017232744,0.017232945
10,108,receive_authenticate_accumulate,0.017226374,0.017226686
10,108,receive_authenticate_accumulate,0.017238671,0.017239481
10,108,receive_authenticate_accumulate,0.017261578,0.017232388
10,108,receive_authenticate_accumulate,0.017228801,0.017228852
10,108,receive_authenticate_accumulate,0.017231727,0.017231630
10,108,receive_authenticate_accumulate,0.017226412,0.017226500
10,108,receive_authenticate_accumulate,0.017233820,0.017233981
10,108,receive_authenticate_accumulate,0.017225709,0.017225889
10,108,receive_authenticate_accumulate,0.017236653,0.017236666
10,108,receive_authenticate_accumulate,0.017234079,0.017234352
10,108,receive_authenticate_accumulate,0.017230802,0.017230889
10,108,round_coverage,0.000003592,0.000002944
10,109,round_reset,0.000009536,0.000008185
10,109,receive_authenticate_accumulate,0.017231960,0.017232333
10,109,receive_authenticate_accumulate,0.017226960,0.017227111
10,109,receive_authenticate_accumulate,0.017227886,0.017228056
10,109,reading_commitment_and_shares,0.026326336,0.026285612
10,109,receive_authenticate_accumulate,0.017224369,0.017224741
10,109,receive_authenticate_accumulate,0.017231128,0.017231315
10,109,receive_authenticate_accumulate,0.017222721,0.017222851
10,109,receive_authenticate_accumulate,0.017235387,0.017235722
10,109,receive_authenticate_accumulate,0.017225369,0.017225518
10,109,receive_authenticate_accumulate,0.017271331,0.017241926
10,109,receive_authenticate_accumulate,0.017237277,0.017237463
10,109,receive_authenticate_accumulate,0.017224481,0.017224759
10,109,receive_authenticate_accumulate,0.017233296,0.017233611
10,109,receive_authenticate_accumulate,0.017227333,0.017227611
10,109,receive_authenticate_accumulate,0.017230482,0.017230908
10,109,receive_authenticate_accumulate,0.017232074,0.017232296
10,109,receive_authenticate_accumulate,0.017231351,0.017231574
10,109,receive_authenticate_accumulate,0.017270425,0.017240741
10,109,receive_authenticate_accumulate,0.017223853,0.017224019
10,109,receive_authenticate_accumulate,0.017225130,0.017225315
10,109,receive_authenticate_accumulate,0.017224352,0.017224611
10,109,round_coverage,0.000004111,0.000003333
11,110,period_reset,0.000026074,0.000024833
11,110,receive_authenticate_accumulate,0.000096405,0.000095963
11,110,receive_authenticate_accumulate,0.000092757,0.000092444
11,110,receive_authenticate_accumulate,0.000090997,0.000090963
11,110,randomness_commit,0.000809795,0.000809185
11,110,receive_authenticate_accumulate,0.000082887,0.000082666
11,110,receive_authenticate_accumulate,0.000092275,0.000091407
11,110,receive_authenticate_accumulate,0.000091497,0.000091093
11,110,receive_authenticate_accumulate,0.000091627,0.000091278
11,110,receive_authenticate_accumulate,0.000091479,0.000091037
11,110,receive_authenticate_accumulate,0.000070239,0.000070129
11,110,receive_authenticate_accumulate,0.000070628,0.000070111
11,110,receive_authenticate_accumulate,0.000071850,0.000071445
11,110,receive_authenticate_accumulate,0.000070424,0.000070056
11,110,receive_authenticate_accumulate,0.000069702,0.000069741
11,110,receive_authenticate_accumulate,0.000070480,0.000070296
11,110,receive_authenticate_accumulate,0.000069925,0.000069796
11,110,receive_authenticate_accumulate,0.000069628,0.000069186
11,110,receive_authenticate_accumulate,0.000071925,0.000071556
11,110,receive_authenticate_accumulate,0.000070794,0.000070445
11,110,receive_authenticate_accumulate,0.000071220,0.000070852
11,110,receive_authenticate_accumulate,0.000068627,0.000068315
11,110,receive_authenticate_accumulate,0.000085183,0.000084352
11,110,receive_authenticate_accumulate,0.000086942,0.000086760
11,110,receive_authenticate_accumulate,0.000086091,0.000085833
11,110,randomness_reveal,0.000556153,0.000555704
11,110,receive_authenticate_accumulate,0.000079054,0.000078889
11,110,receive_authenticate_accumulate,0.000084034,0.000083685
11,110,receive_authenticate_accumulate,0.000085165,0.000084575
11,110,receive_authenticate_accumulate,0.000082387,0.000082130
11,110,receive_authenticate_accumulate,0.000084275,0.000083797
11,110,receive_authenticate_accumulate,0.000085979,0.000085778
11,110,receive_authenticate_accumulate,0.000085757,0.000085593
11,110,receive_authenticate_accumulate,0.000070183,0.000069908
11,110,receive_authenticate_accumulate,0.000070239,0.000070112
11,110,receive_authenticate_accumulate,0.000069702,0.000069500
11,110,receive_authenticate_accumulate,0.000070350,0.000070018
11,110,receive_authenticate_accumulate,0.000064203,0.000063908
11,110,receive_authenticate_accumulate,0.000068906,0.000068482
11,110,receive_authenticate_accumulate,0.000067239,0.000066944
11,110,receive_authenticate_accumulate,0.000070276,0.000070074
11,110,receive_authenticate_accumulate,0.000070350,0.000070055
11,110,receive_authenticate_accumulate,0.000070609,0.000070259
11,110,committee_selection,0.000127497,0.000127315
11,110,round_reset,0.000005982,0.000005240
11,110,receive_authenticate_accumulate,0.017226659,0.017226926
11,110,receive_authenticate_accumulate,0.000062998,0.000062870
11,110,receive_authenticate_accumulate,0.017223345,0.017223648
11,110,receive_authenticate_accumulate,0.000062387,0.000062000
11,110,receive_authenticate_accumulate,0.017220974,0.017221315
11,110,receive_authenticate_accumulate,0.000060165,0.000059908
11,110,reading_commitment_and_shares,0.026251470,0.026252166
11,110,receive_authenticate_accumulate,0.017217642,0.017217945
11,110,receive_authenticate_accumulate,0.000062647,0.000062408
11,110,receive_authenticate_accumulate,0.017224178,0.017224148
11,110,receive_authenticate_accumulate,0.000062535,0.000062296
11,110,receive_authenticate_accumulate,0.017219901,0.017220334
11,110,receive_authenticate_accumulate,0.000061906,0.000061630
11,110,receive_authenticate_accumulate,0.017226641,0.017226796
11,110,receive_authenticate_accumulate,0.000062869,0.000062482
11,110,receive_authenticate_accumulate,0.017224752,0.017225056
11,110,receive_authenticate_accumulate,0.000062776,0.000062593
11,110,receive_authenticate_accumulate,0.017225290,0.017225444
11,110,receive_authenticate_accumulate,0.000074813,0.000074686
11,110,receive_authenticate_accumulate,0.017229457,0.017229611
11,110,receive_authenticate_accumulate,0.000062572,0.000062351
11,110,receive_authenticate_accumulate,0.017231457,0.017231630
11,110,receive_authenticate_accumulate,0.000061572,0.000061407
11,110,receive_authenticate_accumulate,0.017223679,0.017224000
11,110,receive_authenticate_accumulate,0.000069128,0.000068925
11,110,receive_authenticate_accumulate,0.173444245,0.017325036
11,110,receive_authenticate_accumulate,0.000064850,0.000064611
11,110,receive_authenticate_accumulate,0.017242364,0.017229944
11,110,receive_authenticate_accumulate,0.000062702,0.000062482
11,110,receive_authenticate_accumulate,0.017229272,0.017229426
11,110,receive_authenticate_accumulate,0.000062277,0.000062018
11,110,receive_authenticate_accumulate,0.017223402,0.017223666
11,110,receive_authenticate_accumulate,0.000063888,0.000063593
11,110,receive_authenticate_accumulate,0.017232940,0.017233259
11,110,receive_authenticate_accumulate,0.000062702,0.000062426
11,110,receive_authenticate_accumulate,0.017221699,0.017221852
11,110,receive_authenticate_accumulate,0.000063869,0.000063833
11,110,receive_authenticate_accumulate,0.017222828,0.017223167
11,110,receive_authenticate_accumulate,0.000061314,0.000061074
11,110,receive_authenticate_accumulate,0.017230440,0.017230722
11,110,receive_authenticate_accumulate,0.000063424,0.000063371
11,110,round_coverage,0.000003481,0.000002945
11,110,spatial_report,0.000062443,0.000062074
11,111,round_reset,0.000009278,0.000008074
11,111,receive_authenticate_accumulate,0.017231504,0.017231648
11,111,receive_authenticate_accumulate,0.000065888,0.000065537
11,111,receive_authenticate_accumulate,0.017234282,0.017234574
11,111,receive_authenticate_accumulate,0.000064276,0.000064055
11,111,receive_authenticate_accumulate,0.017234727,0.017235074
11,111,receive_authenticate_accumulate,0.000063480,0.000063388
11,111,reading_commitment_and_shares,0.026258803,0.026259370
11,111,receive_authenticate_accumulate,0.017224857,0.017225167
11,111,receive_authenticate_accumulate,0.000064313,0.000064000
11,111,receive_authenticate_accumulate,0.017233320,0.017233648
11,111,receive_authenticate_accumulate,0.000063480,0.000063148
11,111,receive_authenticate_accumulate,0.017222043,0.017222315
11,111,receive_authenticate_accumulate,0.000061776,0.000061574
11,111,receive_authenticate_accumulate,0.017232487,0.017232723
11,111,receive_authenticate_accumulate,0.000062851,0.000062685
11,111,receive_authenticate_accumulate,0.017224265,0.017224611
11,111,receive_authenticate_accumulate,0.000062647,0.000062370
11,111,receive_authenticate_accumulate,0.017229469,0.017229667
11,111,receive_authenticate_accumulate,0.000061350,0.000060981
11,111,receive_authenticate_accumulate,0.017223173,0.017223629
11,111,receive_authenticate_accumulate,0.000063942,0.000063759
11,111,receive_authenticate_accumulate,0.017235635,0.017236018
11,111,receive_authenticate_accumulate,0.000081850,0.000081741
11,111,receive_authenticate_accumulate,0.017225525,0.017225685
11,111,receive_authenticate_accumulate,0.000062110,0.000061889
11,111,receive_authenticate_accumulate,0.017215210,0.017215371
11,111,receive_authenticate_accumulate,0.000085406,0.000085186
11,111,receive_authenticate_accumulate,0.017232266,0.017232704
11,111,receive_authenticate_accumulate,0.000062536,0.000062297
11,111,receive_authenticate_accumulate,0.017238877,0.017239167
11,111,receive_authenticate_accumulate,0.000062036,0.000061852
11,111,receive_authenticate_accumulate,0.017224877,0.017225278
11,111,receive_authenticate_accumulate,0.000068499,0.000068019
11,111,receive_authenticate_accumulate,0.017236784,0.017237019
11,111,receive_authenticate_accumulate,0.000067332,0.000067093
11,111,receive_authenticate_accumulate,0.017224933,0.017225371
11,111,receive_authenticate_accumulate,0.000066295,0.000066075
11,111,receive_authenticate_accumulate,0.017306431,0.017263037
11,111,receive_authenticate_accumulate,0.000063720,0.000063426
11,111,receive_authenticate_accumulate,0.017227674,0.017227908
11,111,receive_authenticate_accumulate,0.000063424,0.000063260
11,111,round_coverage,0.000003870,0.000003241
11,111,spatial_report,0.000064943,0.000064667
11,112,round_reset,0.000009184,0.000007889
11,112,receive_authenticate_accumulate,0.017223609,0.017223945
11,112,receive_authenticate_accumulate,0.000063925,0.000063871
11,112,receive_authenticate_accumulate,0.017222701,0.017222870
11,112,receive_authenticate_accumulate,0.000062221,0.000061926
11,112,receive_authenticate_accumulate,0.017227034,0.017227204
11,112,receive_authenticate_accumulate,0.000065240,0.000064870
11,112,reading_commitment_and_shares,0.026350967,0.026321907
11,112,receive_authenticate_accumulate,0.017220554,0.017220981
11,112,receive_authenticate_accumulate,0.000062942,0.000062723
11,112,receive_authenticate_accumulate,0.017219350,0.017219425
11,112,receive_authenticate_accumulate,0.000062943,0.000062740
11,112,receive_authenticate_accumulate,0.017228295,0.017228370
11,112,receive_authenticate_accumulate,0.000063610,0.000063518
11,112,receive_authenticate_accumulate,0.017237294,0.017237482
11,112,receive_authenticate_accumulate,0.000063757,0.000063519
11,112,receive_authenticate_accumulate,0.017224610,0.017224945
11,112,receive_authenticate_accumulate,0.000061888,0.000061815
11,112,receive_authenticate_accumulate,0.017222888,0.017223333
11,112,receive_authenticate_accumulate,0.000061035,0.000060926
11,112,receive_authenticate_accumulate,0.017229851,0.017229981
11,112,receive_authenticate_accumulate,0.000062702,0.000062482
11,112,receive_authenticate_accumulate,0.017231850,0.017232130
11,112,receive_authenticate_accumulate,0.000062591,0.000062370
11,112,receive_authenticate_accumulate,0.017230537,0.017230685
11,112,receive_authenticate_accumulate,0.000062054,0.000061834
11,112,receive_authenticate_accumulate,0.017221833,0.017222204
11,112,receive_authenticate_accumulate,0.000086664,0.000086555
11,112,receive_authenticate_accumulate,0.017224352,0.017224593
11,112,receive_authenticate_accumulate,0.000064480,0.000064277
11,112,receive_authenticate_accumulate,0.017227426,0.017227555
11,112,receive_authenticate_accumulate,0.000062480,0.000062277
11,112,receive_authenticate_accumulate,0.017225129,0.017225185
11,112,receive_authenticate_accumulate,0.000062869,0.000062685
11,112,receive_authenticate_accumulate,0.017231296,0.017231796
11,112,receive_authenticate_accumulate,0.000063943,0.000063685
11,112,receive_authenticate_accumulate,0.017279981,0.017238000
11,112,receive_authenticate_accumulate,0.000064591,0.000064445
11,112,receive_authenticate_accumulate,0.017230538,0.017230741
11,112,receive_authenticate_accumulate,0.000061406,0.000061371
11,112,receive_authenticate_accumulate,0.017226631,0.017226908
11,112,receive_authenticate_accumulate,0.000070425,0.000070167
11,112,round_coverage,0.000004352,0.000003760
11,112,spatial_report,0.000066647,0.000066389
11,113,round_reset,0.000009240,0.000007759
11,113,receive_authenticate_accumulate,0.017236879,0.017237185
11,113,receive_authenticate_accumulate,0.000065110,0.000064963
11,113,receive_authenticate_accumulate,0.017231065,0.017231278
11,113,receive_authenticate_accumulate,0.000062110,0.000061963
11,113,receive_authenticate_accumulate,0.017225361,0.017225759
11,113,receive_authenticate_accumulate,0.000063869,0.000063611
11,113,reading_commitment_and_shares,0.026293837,0.026265667
11,113,receive_authenticate_accumulate,0.017219491,0.017219888
11,113,receive_authenticate_accumulate,0.000062276,0.000062018
11,113,receive_authenticate_accumulate,0.017223898,0.017224370
11,113,receive_authenticate_accumulate,0.000063313,0.000063018
11,113,receive_authenticate_accumulate,0.017233120,0.017233296
11,113,receive_authenticate_accumulate,0.000062221,0.000062037
11,113,receive_authenticate_accumulate,0.017223436,0.017223574
11,113,receive_authenticate_accumulate,0.000063017,0.000062759
11,113,receive_authenticate_accumulate,0.017229824,0.017229704
11,113,receive_authenticate_accumulate,0.000062684,0.000062445
11,113,receive_authenticate_accumulate,0.017229103,0.017229203
11,113,receive_authenticate_accumulate,0.000062239,0.000062074
11,113,receive_authenticate_accumulate,0.017262454,0.017234537
11,113,receive_authenticate_accumulate,0.000062406,0.000062130
11,113,receive_authenticate_accumulate,0.017222343,0.017222518
11,113,receive_authenticate_accumulate,0.000062647,0.000062444
11,113,receive_authenticate_accumulate,0.017228270,0.017228315
11,113,receive_authenticate_accumulate,0.000061221,0.000061019
11,113,receive_authenticate_accumulate,0.017235177,0.017242944
11,113,receive_authenticate_accumulate,0.000088572,0.000088055
11,113,receive_authenticate_accumulate,0.025890793,0.025858537
11,113,receive_authenticate_accumulate,0.000064239,0.000064000
11,113,receive_authenticate_accumulate,0.017240640,0.017240963
11,113,receive_authenticate_accumulate,0.000061702,0.000061481
11,113,receive_authenticate_accumulate,0.017228159,0.017228278
11,113,receive_authenticate_accumulate,0.000063869,0.000063555
11,113,receive_authenticate_accumulate,0.017229011,0.017229185
11,113,receive_authenticate_accumulate,0.000062683,0.000062314
11,113,receive_authenticate_accumulate,0.017231086,0.017231352
11,113,receive_authenticate_accumulate,0.000063980,0.000063797
11,113,receive_authenticate_accumulate,0.017229622,0.017229907
11,113,receive_authenticate_accumulate,0.000064146,0.000063815
11,113,receive_authenticate_accumulate,0.017242548,0.017242926
11,113,receive_authenticate_accumulate,0.000063369,0.000063167
11,113,round_coverage,0.000003426,0.000002851
11,113,spatial_report,0.000061369,0.000060981
11,114,round_reset,0.000009111,0.000007555
11,114,receive_authenticate_accumulate,0.017228964,0.017229185
11,114,receive_authenticate_accumulate,0.000063239,0.000062796
11,114,receive_authenticate_accumulate,0.017223278,0.017223445
11,114,receive_authenticate_accumulate,0.000063036,0.000062815
11,114,receive_authenticate_accumulate,0.017229038,0.017229167
11,114,receive_authenticate_accumulate,0.000063739,0.000063593
11,114,reading_commitment_and_shares,0.026264946,0.026265333
11,114,receive_authenticate_accumulate,0.017223224,0.017223556
11,114,receive_authenticate_accumulate,0.000066054,0.000065926
11,114,receive_authenticate_accumulate,0.017220835,0.017221055
11,114,receive_authenticate_accumulate,0.000063424,0.000063167
11,114,receive_authenticate_accumulate,0.017226279,0.017226648
11,114,receive_authenticate_accumulate,0.000061943,0.000061796
11,114,receive_authenticate_accumulate,0.017237112,0.017237259
11,114,receive_authenticate_accumulate,0.000061536,0.000061223
11,114,receive_authenticate_accumulate,0.017227650,0.017228037
11,114,receive_authenticate_accumulate,0.000064924,0.000064741
11,114,receive_authenticate_accumulate,0.017222909,0.017223185
11,114,receive_authenticate_accumulate,0.000062017,0.000061759
11,114,receive_authenticate_accumulate,0.017229353,0.017229685
11,114,receive_authenticate_accumulate,0.000063962,0.000063870
11,114,receive_authenticate_accumulate,0.017257038,0.017238592
11,114,receive_authenticate_accumulate,0.000065054,0.000064760
11,114,receive_authenticate_accumulate,0.017254205,0.017241962
11,114,receive_authenticate_accumulate,0.000063776,0.000063426
11,114,receive_authenticate_accumulate,0.017228725,0.017228871
11,114,receive_authenticate_accumulate,0.000065573,0.000065296
11,114,receive_authenticate_accumulate,0.017221595,0.017221907
11,114,receive_authenticate_accumulate,0.000062072,0.000061759
11,114,receive_authenticate_accumulate,0.017219095,0.017219352
11,114,receive_authenticate_accumulate,0.000063425,0.000063296
11,114,receive_authenticate_accumulate,0.017219096,0.017219389
11,114,receive_authenticate_accumulate,0.000062017,0.000061870
11,114,receive_authenticate_accumulate,0.017229410,0.017229444
11,114,receive_authenticate_accumulate,0.000060702,0.000060445
11,114,receive_authenticate_accumulate,0.017229984,0.017230167
11,114,receive_authenticate_accumulate,0.000063109,0.000062907
11,114,receive_authenticate_accumulate,0.017223374,0.017223888
11,114,receive_authenticate_accumulate,0.000062739,0.000062462
11,114,receive_authenticate_accumulate,0.017225651,0.017225963
11,114,receive_authenticate_accumulate,0.000063387,0.000063277
11,114,round_coverage,0.000003907,0.000003370
11,114,spatial_report,0.000064554,0.000064370
11,115,round_reset,0.000009074,0.000007796
11,115,receive_authenticate_accumulate,0.017229510,0.017229630
11,115,receive_authenticate_accumulate,0.000067221,0.000067074
11,115,receive_authenticate_accumulate,0.017238473,0.017238685
11,115,receive_authenticate_accumulate,0.000066017,0.000065741
11,115,receive_authenticate_accumulate,0.017226289,0.017226389
11,115,receive_authenticate_accumulate,0.000063018,0.000062796
11,115,reading_commitment_and_shares,0.026250850,0.026251240
11,115,receive_authenticate_accumulate,0.017219475,0.017219685
11,115,receive_authenticate_accumulate,0.000063165,0.000063000
11,115,receive_authenticate_accumulate,0.017235919,0.017236204
11,115,receive_authenticate_accumulate,0.000063387,0.000063092
11,115,receive_authenticate_accumulate,0.017229178,0.017229352
11,115,receive_authenticate_accumulate,0.000064351,0.000064055
11,115,receive_authenticate_accumulate,0.017221271,0.017221482
11,115,receive_authenticate_accumulate,0.000060943,0.000060796
11,115,receive_authenticate_accumulate,0.017226437,0.017226611
11,115,receive_authenticate_accumulate,0.000062684,0.000062389
11,115,receive_authenticate_accumulate,0.017217882,0.017218167
11,115,receive_authenticate_accumulate,0.000063554,0.000063408
11,115,receive_authenticate_accumulate,0.017235122,0.017235315
11,115,receive_authenticate_accumulate,0.000060739,0.000060463
11,115,receive_authenticate_accumulate,0.017229141,0.017229352
11,115,receive_authenticate_accumulate,0.000061610,0.000061315
11,115,receive_authenticate_accumulate,0.017233493,0.017233759
11,115,receive_authenticate_accumulate,0.000063128,0.000062889
11,115,receive_authenticate_accumulate,0.017261882,0.017235499
11,115,receive_authenticate_accumulate,0.000085184,0.000084981
11,115,receive_authenticate_accumulate,0.017225883,0.017226093
11,115,receive_authenticate_accumulate,0.000061702,0.000061500
11,115,receive_authenticate_accumulate,0.017223272,0.017223463
11,115,receive_authenticate_accumulate,0.000065258,0.000064981
11,115,receive_authenticate_accumulate,0.017235641,0.017235778
11,115,receive_authenticate_accumulate,0.000061628,0.000061315
11,115,receive_authenticate_accumulate,0.017256605,0.017232777
11,115,receive_authenticate_accumulate,0.000062610,0.000062389
11,115,receive_authenticate_accumulate,0.017224513,0.017224833
11,115,receive_authenticate_accumulate,0.000061943,0.000061778
11,115,receive_authenticate_accumulate,0.017220939,0.017221204
11,115,receive_authenticate_accumulate,0.000061795,0.000061667
11,115,receive_authenticate_accumulate,0.017228698,0.017229018
11,115,receive_authenticate_accumulate,0.000062110,0.000061888
11,115,round_coverage,0.000003426,0.000002870
11,115,spatial_report,0.000066628,0.000066352
11,116,round_reset,0.000010074,0.000008741
11,116,receive_authenticate_accumulate,0.017231409,0.017231555
11,116,receive_authenticate_accumulate,0.000064573,0.000064370
11,116,receive_authenticate_accumulate,0.017218057,0.017218333
11,116,receive_authenticate_accumulate,0.000063406,0.000063130
11,116,receive_authenticate_accumulate,0.017270722,0.017247000
11,116,receive_authenticate_accumulate,0.000061276,0.000061111
11,116,reading_commitment_and_shares,0.026243975,0.026244407
11,116,receive_authenticate_accumulate,0.017214002,0.017214315
11,116,receive_authenticate_accumulate,0.000063146,0.000062907
11,116,receive_authenticate_accumulate,0.017227595,0.017227741
11,116,receive_authenticate_accumulate,0.000066239,0.000066074
11,116,receive_authenticate_accumulate,0.017232594,0.017232759
11,116,receive_authenticate_accumulate,0.000062536,0.000062240
11,116,receive_authenticate_accumulate,0.017228280,0.017228297
11,116,receive_authenticate_accumulate,0.000062832,0.000062611
11,116,receive_authenticate_accumulate,0.017234187,0.017234352
11,116,receive_authenticate_accumulate,0.000062665,0.000062407
11,116,receive_authenticate_accumulate,0.017229521,0.017229667
11,116,receive_authenticate_accumulate,0.000063018,0.000062834
11,116,receive_authenticate_accumulate,0.017229743,0.017230037
11,116,receive_authenticate_accumulate,0.000060647,0.000060407
11,116,receive_authenticate_accumulate,0.017243187,0.017243222
11,116,receive_authenticate_accumulate,0.000061147,0.000060907
11,116,receive_authenticate_accumulate,0.017220724,0.017220833
11,116,receive_authenticate_accumulate,0.000059314,0.000059167
11,116,receive_authenticate_accumulate,0.017226410,0.017226648
11,116,receive_authenticate_accumulate,0.000087202,0.000105574
11,116,receive_authenticate_accumulate,0.017230836,0.017231148
11,116,receive_authenticate_accumulate,0.000063239,0.000063075
11,116,receive_authenticate_accumulate,0.017224762,0.017225074
11,116,receive_authenticate_accumulate,0.000060591,0.000060370
11,116,receive_authenticate_accumulate,0.017227688,0.017228018
11,116,receive_authenticate_accumulate,0.000060647,0.000060426
11,116,receive_authenticate_accumulate,0.017218226,0.017218426
11,116,receive_authenticate_accumulate,0.000060887,0.000060704
11,116,receive_authenticate_accumulate,0.017276928,0.017247315
11,116,receive_authenticate_accumulate,0.000066480,0.000066334
11,116,receive_authenticate_accumulate,0.017230170,0.017230296
11,116,receive_authenticate_accumulate,0.000061332,0.000061352
11,116,receive_authenticate_accumulate,0.017224374,0.017224666
11,116,receive_authenticate_accumulate,0.000058832,0.000058537
11,116,round_coverage,0.000003518,0.000002945
11,116,spatial_report,0.000066350,0.000066093
11,117,round_reset,0.000008944,0.000007500
11,117,receive_authenticate_accumulate,0.017231399,0.017231518
11,117,receive_authenticate_accumulate,0.000062165,0.000061759
11,117,receive_authenticate_accumulate,0.017226362,0.017226685
11,117,receive_authenticate_accumulate,0.000059554,0.000059333
11,117,receive_authenticate_accumulate,0.017272953,0.017243964
11,117,receive_authenticate_accumulate,0.000061480,0.000061352
11,117,reading_commitment_and_shares,0.026255989,0.026256278
11,117,receive_authenticate_accumulate,0.017222085,0.017222203
11,117,receive_authenticate_accumulate,0.000060740,0.000060481
11,117,receive_authenticate_accumulate,0.017221344,0.017221556
11,117,receive_authenticate_accumulate,0.000060962,0.000060444
11,117,receive_authenticate_accumulate,0.017221085,0.017221222
11,117,receive_authenticate_accumulate,0.000060443,0.000060296
11,117,receive_authenticate_accumulate,0.017227937,0.017228185
11,117,receive_authenticate_accumulate,0.000062443,0.000062296
11,117,receive_authenticate_accumulate,0.017227770,0.017227833
11,117,receive_authenticate_accumulate,0.000068628,0.000068241
11,117,receive_authenticate_accumulate,0.017230141,0.017230370
11,117,receive_authenticate_accumulate,0.000062425,0.000062204
11,117,receive_authenticate_accumulate,0.017224271,0.017224500
11,117,receive_authenticate_accumulate,0.000061907,0.000061518
11,117,receive_authenticate_accumulate,0.017227104,0.017227426
11,117,receive_authenticate_accumulate,0.000063906,0.000063760
11,117,receive_authenticate_accumulate,0.017229826,0.017229908
11,117,receive_authenticate_accumulate,0.000062165,0.000061945
11,117,receive_authenticate_accumulate,0.017225159,0.017225388
11,117,receive_authenticate_accumulate,0.000066739,0.000066518
11,117,receive_authenticate_accumulate,0.017237623,0.017238019
11,117,receive_authenticate_accumulate,0.000062128,0.000061871
11,117,receive_authenticate_accumulate,0.017226771,0.017226741
11,117,receive_authenticate_accumulate,0.000059999,0.000059760
11,117,receive_authenticate_accumulate,0.017239696,0.017240037
11,117,receive_authenticate_accumulate,0.000061055,0.000060815
11,117,receive_authenticate_accumulate,0.017224308,0.017224592
11,117,receive_authenticate_accumulate,0.000061314,0.000060834
11,117,receive_authenticate_accumulate,0.017228234,0.017228537
11,117,receive_authenticate_accumulate,0.000060833,0.000060629
11,117,receive_authenticate_accumulate,0.017258678,0.017233148
11,117,receive_authenticate_accumulate,0.000061017,0.000060648
11,117,receive_authenticate_accumulate,0.017234215,0.017234352
11,117,receive_authenticate_accumulate,0.000060554,0.000060129
11,117,round_coverage,0.000003537,0.000003037
11,117,spatial_report,0.000063869,0.000063445
11,118,round_reset,0.000009222,0.000007889
11,118,receive_authenticate_accumulate,0.017229203,0.017229388
11,118,receive_authenticate_accumulate,0.000063295,0.000063074
11,118,receive_authenticate_accumulate,0.017226055,0.017226240
11,118,receive_authenticate_accumulate,0.000063240,0.000063074
11,118,receive_authenticate_accumulate,0.017224926,0.017225074
11,118,receive_authenticate_accumulate,0.000061110,0.000060889
11,118,reading_commitment_and_shares,0.026252982,0.026253315
11,118,receive_authenticate_accumulate,0.017261907,0.017233315
11,118,receive_authenticate_accumulate,0.000063665,0.000063444
11,118,receive_authenticate_accumulate,0.017224926,0.017225000
11,118,receive_authenticate_accumulate,0.000061999,0.000061741
11,118,receive_authenticate_accumulate,0.017224371,0.017224482
11,118,receive_authenticate_accumulate,0.000061980,0.000061796
11,118,receive_authenticate_accumulate,0.017226019,0.017226222
11,118,receive_authenticate_accumulate,0.000063239,0.000063037
11,118,receive_authenticate_accumulate,0.017226797,0.017227093
11,118,receive_authenticate_accumulate,0.000062276,0.000062148
11,118,receive_authenticate_accumulate,0.017226538,0.017226556
11,118,receive_authenticate_accumulate,0.000074554,0.000074278
11,118,receive_authenticate_accumulate,0.017223148,0.017223426
11,118,receive_authenticate_accumulate,0.000064795,0.000064593
11,118,receive_authenticate_accumulate,0.017224871,0.017225166
11,118,receive_authenticate_accumulate,0.000060739,0.000060408
11,118,receive_authenticate_accumulate,0.017227353,0.017227426
11,118,receive_authenticate_accumulate,0.000065609,0.000065297
11,118,receive_authenticate_accumulate,0.017235223,0.017235426
11,118,receive_authenticate_accumulate,0.000062777,0.000062463
11,118,receive_authenticate_accumulate,0.017225946,0.017226148
11,118,receive_authenticate_accumulate,0.000061481,0.000061204
11,118,receive_authenticate_accumulate,0.017226260,0.017226462
11,118,receive_authenticate_accumulate,0.000063165,0.000062944
11,118,receive_authenticate_accumulate,0.017231149,0.017231314
11,118,receive_authenticate_accumulate,0.000061666,0.000061444
11,118,receive_authenticate_accumulate,0.017228020,0.017228185
11,118,receive_authenticate_accumulate,0.000078276,0.000078055
11,118,receive_authenticate_accumulate,0.017226001,0.017226352
11,118,receive_authenticate_accumulate,0.000061499,0.000061259
11,118,receive_authenticate_accumulate,0.017221890,0.017222203
11,118,receive_authenticate_accumulate,0.000060887,0.000060315
11,118,receive_authenticate_accumulate,0.017227095,0.017227389
11,118,receive_authenticate_accumulate,0.000061850,0.000061555
11,118,round_coverage,0.000003463,0.000002926
11,118,spatial_report,0.000064462,0.000064204
11,119,round_reset,0.000009925,0.000007630
11,119,receive_authenticate_accumulate,0.028739833,0.028740129
11,119,receive_authenticate_accumulate,0.000064314,0.000064092
11,119,receive_authenticate_accumulate,0.017226730,0.017226704
11,119,receive_authenticate_accumulate,0.000060258,0.000060148
11,119,receive_authenticate_accumulate,0.017232766,0.017233111
11,119,receive_authenticate_accumulate,0.000061943,0.000061481
11,119,reading_commitment_and_shares,0.026269457,0.026270074
11,119,receive_authenticate_accumulate,0.017226878,0.017227130
11,119,receive_authenticate_accumulate,0.000060758,0.000060555
11,119,receive_authenticate_accumulate,0.017222897,0.017223166
11,119,receive_authenticate_accumulate,0.000061554,0.000061278
11,119,receive_authenticate_accumulate,0.017220879,0.017220852
11,119,receive_authenticate_accumulate,0.000060221,0.000059963
11,119,receive_authenticate_accumulate,0.017227379,0.017227704
11,119,receive_authenticate_accumulate,0.000061276,0.000061037
11,119,receive_authenticate_accumulate,0.017234619,0.017234888
11,119,receive_authenticate_accumulate,0.000060887,0.000060611
11,119,receive_authenticate_accumulate,0.017231786,0.017231908
11,119,receive_authenticate_accumulate,0.000060739,0.000060463
11,119,receive_authenticate_accumulate,0.017222805,0.017222926
11,119,receive_authenticate_accumulate,0.000061350,0.000061148
11,119,receive_authenticate_accumulate,0.017223990,0.017224000
11,119,receive_authenticate_accumulate,0.000061888,0.000061704
11,119,receive_authenticate_accumulate,0.017219860,0.017219963
11,119,receive_authenticate_accumulate,0.000061684,0.000061575
11,119,receive_authenticate_accumulate,0.017222601,0.017222648
11,119,receive_authenticate_accumulate,0.000062036,0.000061815
11,119,receive_authenticate_accumulate,0.025912484,0.025874963
11,119,receive_authenticate_accumulate,0.000063461,0.000063111
11,119,receive_authenticate_accumulate,0.017254990,0.017254871
11,119,receive_authenticate_accumulate,0.000061572,0.000061297
11,119,receive_authenticate_accumulate,0.017226083,0.017226185
11,119,receive_authenticate_accumulate,0.000059739,0.000059388
11,119,receive_authenticate_accumulate,0.017225657,0.017225907
11,119,receive_authenticate_accumulate,0.000060351,0.000060111
11,119,receive_authenticate_accumulate,0.017228565,0.017228629
11,119,receive_authenticate_accumulate,0.000060702,0.000060500
11,119,receive_authenticate_accumulate,0.017239934,0.017240148
11,119,receive_authenticate_accumulate,0.000061166,0.000060926
11,119,receive_authenticate_accumulate,0.017289137,0.017257870
11,119,receive_authenticate_accumulate,0.000062647,0.000062481
11,119,round_coverage,0.000003574,0.000003018
11,119,spatial_report,0.000066424,0.000066055
11,119,billing_report,0.000428510,0.000428222
12,120,period_reset,0.000024796,0.000023371
12,120,receive_authenticate_accumulate,0.000092980,0.000092704
12,120,receive_authenticate_accumulate,0.000094887,0.000094352
12,120,receive_authenticate_accumulate,0.000134608,0.000134519
12,120,randomness_commit,0.000802503,0.000801888
12,120,receive_authenticate_accumulate,0.000082776,0.000082278
12,120,receive_authenticate_accumulate,0.000124942,0.000125037
12,120,receive_authenticate_accumulate,0.000092554,0.000092277
12,120,receive_authenticate_accumulate,0.000124720,0.000124500
12,120,receive_authenticate_accumulate,0.000090684,0.000090426
12,120,receive_authenticate_accumulate,0.000092072,0.000091667
12,120,receive_authenticate_accumulate,0.000092405,0.000092166
12,120,receive_authenticate_accumulate,0.000091442,0.000091240
12,120,receive_authenticate_accumulate,0.000093425,0.000093130
12,120,receive_authenticate_accumulate,0.000092572,0.000092370
12,120,receive_authenticate_accumulate,0.000093443,0.000092981
12,120,receive_authenticate_accumulate,0.000095406,0.000095148
12,120,receive_authenticate_accumulate,0.000092054,0.000091833
12,120,receive_authenticate_accumulate,0.000059833,0.000059537
12,120,receive_authenticate_accumulate,0.000059313,0.000059018
12,120,receive_authenticate_accumulate,0.000059110,0.000058703
12,120,receive_authenticate_accumulate,0.000058795,0.000058463
12,120,receive_authenticate_accumulate,0.000070517,0.000070277
12,120,receive_authenticate_accumulate,0.000069591,0.000069463
12,120,receive_authenticate_accumulate,0.000070277,0.000070019
12,120,randomness_reveal,0.000452251,0.000451722
12,120,receive_authenticate_accumulate,0.000060425,0.000060370
12,120,receive_authenticate_accumulate,0.000069128,0.000069111
12,120,receive_authenticate_accumulate,0.000070110,0.000069815
12,120,receive_authenticate_accumulate,0.000073295,0.000073241
12,120,receive_authenticate_accumulate,0.000072203,0.000072259
12,120,receive_authenticate_accumulate,0.000067943,0.000067759
12,120,receive_authenticate_accumulate,0.000070203,0.000070000
12,120,receive_authenticate_accumulate,0.000070462,0.000070111
12,120,receive_authenticate_accumulate,0.000096054,0.000095686
12,120,receive_authenticate_accumulate,0.000067091,0.000066852
12,120,receive_authenticate_accumulate,0.000068184,0.000067888
12,120,receive_authenticate_accumulate,0.000069351,0.000069055
12,120,receive_authenticate_accumulate,0.000070591,0.000070407
12,120,receive_authenticate_accumulate,0.000070295,0.000069667
12,120,receive_authenticate_accumulate,0.000069498,0.000069203
12,120,receive_authenticate_accumulate,0.000068943,0.000068704
12,120,receive_authenticate_accumulate,0.000070183,0.000070000
12,120,committee_selection,0.000128479,0.000128093
12,120,round_reset,0.000005889,0.000005074
12,120,receive_authenticate_accumulate,0.017237181,0.017237352
12,120,receive_authenticate_accumulate,0.017234959,0.017234981
12,120,receive_authenticate_accumulate,0.017226959,0.017227074
12,120,reading_commitment_and_shares,0.026246506,0.026246537
12,120,receive_authenticate_accumulate,0.017244922,0.017245611
12,120,receive_authenticate_accumulate,0.017276403,0.017247851
12,120,receive_authenticate_accumulate,0.017232034,0.017232240
12,120,receive_authenticate_accumulate,0.017222275,0.017222407
12,120,receive_authenticate_accumulate,0.017230904,0.017230926
12,120,receive_authenticate_accumulate,0.017231090,0.017231056
12,120,receive_authenticate_accumulate,0.017231552,0.017231685
12,120,receive_authenticate_accumulate,0.017227035,0.017227167
12,120,receive_authenticate_accumulate,0.017223664,0.017223815
12,120,receive_authenticate_accumulate,0.017344902,0.017279221
12,120,receive_authenticate_accumulate,0.017230387,0.017230333
12,120,receive_authenticate_accumulate,0.017232275,0.017232278
12,120,receive_authenticate_accumulate,0.017234053,0.017233981
12,120,receive_authenticate_accumulate,0.017222220,0.017222351
12,120,receive_authenticate_accumulate,0.017255108,0.017255222
12,120,receive_authenticate_accumulate,0.017269849,0.017270018
12,120,receive_authenticate_accumulate,0.017226702,0.017226796
12,120,round_coverage,0.000003815,0.000003093
12,121,round_reset,0.000009000,0.000007723
12,121,receive_authenticate_accumulate,0.028723690,0.028723815
12,121,receive_authenticate_accumulate,0.017232077,0.017232185
12,121,receive_authenticate_accumulate,0.017230355,0.017230370
12,121,reading_commitment_and_shares,0.026263497,0.026263648
12,121,receive_authenticate_accumulate,0.017217004,0.017217352
12,121,receive_authenticate_accumulate,0.017225967,0.017226130
12,121,receive_authenticate_accumulate,0.017208671,0.017208778
12,121,receive_authenticate_accumulate,0.017217429,0.017217388
12,121,receive_authenticate_accumulate,0.017226356,0.017226407
12,121,receive_authenticate_accumulate,0.017264596,0.017238741
12,121,receive_authenticate_accumulate,0.017229559,0.017229685
12,121,receive_authenticate_accumulate,0.017262318,0.017233704
12,121,receive_authenticate_accumulate,0.017232633,0.017232814
12,121,receive_authenticate_accumulate,0.017265022,0.017243445
12,121,receive_authenticate_accumulate,0.017276170,0.017245519
12,121,receive_authenticate_accumulate,0.017239596,0.017239500
12,121,receive_authenticate_accumulate,0.017222523,0.017222667
12,121,receive_authenticate_accumulate,0.017223208,0.017223240
12,121,receive_authenticate_accumulate,0.017230523,0.017230704
12,121,receive_authenticate_accumulate,0.017232004,0.017232111
12,121,receive_authenticate_accumulate,0.017228412,0.017228463
12,121,round_coverage,0.000004333,0.000003130
12,122,round_reset,0.000009074,0.000007759
12,122,receive_authenticate_accumulate,0.028813755,0.028774814
12,122,receive_authenticate_accumulate,0.017284601,0.017248352
12,122,receive_authenticate_accumulate,0.017227547,0.017227593
12,122,reading_commitment_and_shares,0.026283136,0.026283371
12,122,receive_authenticate_accumulate,0.017223825,0.017224093
12,122,receive_authenticate_accumulate,0.017227510,0.017227629
12,122,receive_authenticate_accumulate,0.017225473,0.017225556
12,122,receive_authenticate_accumulate,0.017232751,0.017232851
12,122,receive_authenticate_accumulate,0.017235232,0.017235130
12,122,receive_authenticate_accumulate,0.017228843,0.017228907
12,122,receive_authenticate_accumulate,0.017224251,0.017224407
12,122,receive_authenticate_accumulate,0.017226399,0.017226426
12,122,receive_authenticate_accumulate,0.017262973,0.017233353
12,122,receive_authenticate_accumulate,0.017222788,0.017222833
12,122,receive_authenticate_accumulate,0.017260732,0.017240723
12,122,receive_authenticate_accumulate,0.017230418,0.017230519
12,122,receive_authenticate_accumulate,0.017230437,0.017230500
12,122,receive_authenticate_accumulate,0.017242381,0.017242482
12,122,receive_authenticate_accumulate,0.017231400,0.017231500
12,122,receive_authenticate_accumulate,0.017224881,0.017224815
12,122,receive_authenticate_accumulate,0.017226807,0.017226907
12,122,round_coverage,0.000004037,0.000003315
12,123,round_reset,0.000010000,0.000008074
12,123,receive_authenticate_accumulate,0.028810821,0.028811629
12,123,receive_authenticate_accumulate,0.017235775,0.017235889
12,123,receive_authenticate_accumulate,0.017225349,0.017225315
12,123,reading_commitment_and_shares,0.026268276,0.026268685
12,123,receive_authenticate_accumulate,0.017215164,0.017215519
12,123,receive_authenticate_accumulate,0.017225831,0.017226000
12,123,receive_authenticate_accumulate,0.017268849,0.017245297
12,123,receive_authenticate_accumulate,0.017241868,0.017242092
12,123,receive_authenticate_accumulate,0.017222405,0.017222481
12,123,receive_authenticate_accumulate,0.017240072,0.017240185
12,123,receive_authenticate_accumulate,0.017232054,0.017232074
12,123,receive_authenticate_accumulate,0.017228313,0.017228352
12,123,receive_authenticate_accumulate,0.017218869,0.017218963
12,123,receive_authenticate_accumulate,0.017237016,0.017237092
12,123,receive_authenticate_accumulate,0.017245850,0.017233333
12,123,receive_authenticate_accumulate,0.017234942,0.017235018
12,123,receive_authenticate_accumulate,0.017222998,0.017222833
12,123,receive_authenticate_accumulate,0.017274961,0.017249092
12,123,receive_authenticate_accumulate,0.017228295,0.017228370
12,123,receive_authenticate_accumulate,0.017262553,0.017243797
12,123,receive_authenticate_accumulate,0.017225962,0.017225982
12,123,round_coverage,0.000003834,0.000003093
12,124,round_reset,0.000009352,0.000007981
12,124,receive_authenticate_accumulate,0.028784942,0.028751240
12,124,receive_authenticate_accumulate,0.017234410,0.017234074
12,124,receive_authenticate_accumulate,0.017231281,0.017231241
12,124,reading_commitment_and_shares,0.026248692,0.026248907
12,124,receive_authenticate_accumulate,0.017216688,0.017217037
12,124,receive_authenticate_accumulate,0.017237132,0.017237259
12,124,receive_authenticate_accumulate,0.017226800,0.017226722
12,124,receive_authenticate_accumulate,0.017231133,0.017231259
12,124,receive_authenticate_accumulate,0.017223855,0.017223963
12,124,receive_authenticate_accumulate,0.017234540,0.017234574
12,124,receive_authenticate_accumulate,0.017222874,0.017222907
12,124,receive_authenticate_accumulate,0.017226189,0.017226240
12,124,receive_authenticate_accumulate,0.017222023,0.017222166
12,124,receive_authenticate_accumulate,0.017229596,0.017229759
12,124,receive_authenticate_accumulate,0.025851997,0.025852185
12,124,receive_authenticate_accumulate,0.017293595,0.017252573
12,124,receive_authenticate_accumulate,0.017239189,0.017239204
12,124,receive_authenticate_accumulate,0.017233708,0.017233741
12,124,receive_authenticate_accumulate,0.017256578,0.017256704
12,124,receive_authenticate_accumulate,0.017222468,0.017222574
12,124,receive_authenticate_accumulate,0.017229023,0.017229055
12,124,round_coverage,0.000003592,0.000002870
12,125,round_reset,0.000009445,0.000008333
12,125,receive_authenticate_accumulate,0.028742878,0.028742888
12,125,receive_authenticate_accumulate,0.017223564,0.017223685
12,125,receive_authenticate_accumulate,0.017226323,0.017226351
12,125,reading_commitment_and_shares,0.026264607,0.026264796
12,125,receive_authenticate_accumulate,0.017223657,0.017223908
12,125,receive_authenticate_accumulate,0.017221712,0.017221852
12,125,receive_authenticate_accumulate,0.017224860,0.017224926
12,125,receive_authenticate_accumulate,0.017268471,0.017243388
12,125,receive_authenticate_accumulate,0.017230361,0.017230352
12,125,receive_authenticate_accumulate,0.017224157,0.017224204
12,125,receive_authenticate_accumulate,0.017236843,0.017236889
12,125,receive_authenticate_accumulate,0.017223676,0.017223741
12,125,receive_authenticate_accumulate,0.017229157,0.017229241
12,125,receive_authenticate_accumulate,0.017221583,0.017221704
12,125,receive_authenticate_accumulate,0.019359102,0.019272628
12,125,receive_authenticate_accumulate,0.017224861,0.017224648
12,125,receive_authenticate_accumulate,0.017232620,0.017232667
12,125,receive_authenticate_accumulate,0.017220380,0.017220444
12,125,receive_authenticate_accumulate,0.017229010,0.017229148
12,125,receive_authenticate_accumulate,0.017235640,0.017235722
12,125,receive_authenticate_accumulate,0.017226806,0.017226889
12,125,round_coverage,0.000004055,0.000003445
12,126,round_reset,0.000009241,0.000007889
12,126,receive_authenticate_accumulate,0.017233495,0.017233518
12,126,receive_authenticate_accumulate,0.017225829,0.017225518
12,126,receive_authenticate_accumulate,0.017230458,0.017230537
12,126,reading_commitment_and_shares,0.026312837,0.026313203
12,126,receive_authenticate_accumulate,0.017260532,0.017232612
12,126,receive_authenticate_accumulate,0.017233421,0.017233463
12,126,receive_authenticate_accumulate,0.017296790,0.017252500
12,126,receive_authenticate_accumulate,0.017232310,0.017232352
12,126,receive_authenticate_accumulate,0.017227496,0.017227518
12,126,receive_authenticate_accumulate,0.017227106,0.017227000
12,126,receive_authenticate_accumulate,0.017240273,0.017240482
12,126,receive_authenticate_accumulate,0.017225181,0.017225056
12,126,receive_authenticate_accumulate,0.017289569,0.017254536
12,126,receive_authenticate_accumulate,0.017225607,0.017225593
12,126,receive_authenticate_accumulate,0.025857586,0.025857944
12,126,receive_authenticate_accumulate,0.017234625,0.017234444
12,126,receive_authenticate_accumulate,0.017224997,0.017224944
12,126,receive_authenticate_accumulate,0.017226274,0.017226407
12,126,receive_authenticate_accumulate,0.017223219,0.017223407
12,126,receive_authenticate_accumulate,0.017224607,0.017224630
12,126,receive_authenticate_accumulate,0.017227755,0.017227814
12,126,round_coverage,0.000003574,0.000003019
12,127,round_reset,0.000009018,0.000007685
12,127,receive_authenticate_accumulate,0.017223482,0.017223481
12,127,receive_authenticate_accumulate,0.017234315,0.017234463
12,127,receive_authenticate_accumulate,0.017234833,0.017234907
12,127,reading_commitment_and_shares,0.026268344,0.026268408
12,127,receive_authenticate_accumulate,0.017219907,0.017220148
12,127,receive_authenticate_accumulate,0.017223723,0.017223815
12,127,receive_authenticate_accumulate,0.017270685,0.017243556
12,127,receive_authenticate_accumulate,0.017236481,0.017236074
12,127,receive_authenticate_accumulate,0.017229000,0.017229055
12,127,receive_authenticate_accumulate,0.017233223,0.017233018
12,127,receive_authenticate_accumulate,0.017227722,0.017227778
12,127,receive_authenticate_accumulate,0.017225297,0.017225389
12,127,receive_authenticate_accumulate,0.017207593,0.017207611
12,127,receive_authenticate_accumulate,0.017289518,0.017259964
12,127,receive_authenticate_accumulate,0.017231001,0.017231130
12,127,receive_authenticate_accumulate,0.017252667,0.017252537
12,127,receive_authenticate_accumulate,0.017236038,0.017236111
12,127,receive_authenticate_accumulate,0.017225649,0.017225667
12,127,receive_authenticate_accumulate,0.017233112,0.017233037
12,127,receive_authenticate_accumulate,0.017230908,0.017231000
12,127,receive_authenticate_accumulate,0.017231538,0.017231630
12,127,round_coverage,0.000003926,0.000003203
12,128,round_reset,0.000009203,0.000007871
12,128,receive_authenticate_accumulate,0.025864321,0.025864574
12,128,receive_authenticate_accumulate,0.017228023,0.017228112
12,128,receive_authenticate_accumulate,0.017234189,0.017234296
12,128,reading_commitment_and_shares,0.026299759,0.026273945
12,128,receive_authenticate_accumulate,0.017233468,0.017233814
12,128,receive_authenticate_accumulate,0.017293059,0.017257519
12,128,receive_authenticate_accumulate,0.017227745,0.017227797
12,128,receive_authenticate_accumulate,0.017228709,0.017228667
12,128,receive_authenticate_accumulate,0.017228301,0.017228445
12,128,receive_authenticate_accumulate,0.017275634,0.017245463
12,128,receive_authenticate_accumulate,0.017224153,0.017223852
12,128,receive_authenticate_accumulate,0.017234764,0.017234815
12,128,receive_authenticate_accumulate,0.017219468,0.017219518
12,128,receive_authenticate_accumulate,0.017231209,0.017231240
12,128,receive_authenticate_accumulate,0.025849878,0.025850130
12,128,receive_authenticate_accumulate,0.017227523,0.017227537
12,128,receive_authenticate_accumulate,0.017234060,0.017234074
12,128,receive_authenticate_accumulate,0.017240746,0.017240796
12,128,receive_authenticate_accumulate,0.017240339,0.017240444
12,128,receive_authenticate_accumulate,0.017234339,0.017234389
12,128,receive_authenticate_accumulate,0.017290745,0.017257574
12,128,round_coverage,0.000004148,0.000003445
12,129,round_reset,0.000008685,0.000007593
12,129,receive_authenticate_accumulate,0.017255787,0.017241592
12,129,receive_authenticate_accumulate,0.017225231,0.017225407
12,129,receive_authenticate_accumulate,0.017237657,0.017237703
12,129,reading_commitment_and_shares,0.026310487,0.026281908
12,129,receive_authenticate_accumulate,0.017217694,0.017217982
12,129,receive_authenticate_accumulate,0.017221768,0.017221740
12,129,receive_authenticate_accumulate,0.017225972,0.017226055
12,129,receive_authenticate_accumulate,0.017225287,0.017225352
12,129,receive_authenticate_accumulate,0.017228416,0.017228537
12,129,receive_authenticate_accumulate,0.017226843,0.017226907
12,129,receive_authenticate_accumulate,0.017271768,0.017240944
12,129,receive_authenticate_accumulate,0.017226787,0.017226870
12,129,receive_authenticate_accumulate,0.017289083,0.017251813
12,129,receive_authenticate_accumulate,0.017225009,0.017224759
12,129,receive_authenticate_accumulate,0.017226473,0.017226537
12,129,receive_authenticate_accumulate,0.017235583,0.017235666
12,129,receive_authenticate_accumulate,0.017223158,0.017223185
12,129,receive_authenticate_accumulate,0.017221566,0.017221648
12,129,receive_authenticate_accumulate,0.017232880,0.017232889
12,129,receive_authenticate_accumulate,0.017241491,0.017241537
12,129,receive_authenticate_accumulate,0.017223751,0.017223741
12,129,round_coverage,0.000004222,0.000003500
13,130,period_reset,0.000025648,0.000024297
13,130,receive_authenticate_accumulate,0.000095998,0.000095537
13,130,receive_authenticate_accumulate,0.000094499,0.000094204
13,130,receive_authenticate_accumulate,0.000091739,0.000091519
13,130,randomness_commit,0.000847541,0.000847000
13,130,receive_authenticate_accumulate,0.000082406,0.000082463
13,130,receive_authenticate_accumulate,0.000094035,0.000093186
13,130,receive_authenticate_accumulate,0.000092147,0.000091815
13,130,receive_authenticate_accumulate,0.000092499,0.000092518
13,130,receive_authenticate_accumulate,0.000091980,0.000091963
13,130,receive_authenticate_accumulate,0.000071239,0.000070981
13,130,receive_authenticate_accumulate,0.000070036,0.000069777
13,130,receive_authenticate_accumulate,0.000070777,0.000070463
13,130,receive_authenticate_accumulate,0.000071647,0.000071445
13,130,receive_authenticate_accumulate,0.000068777,0.000068444
13,130,receive_authenticate_accumulate,0.000069628,0.000069408
13,130,receive_authenticate_accumulate,0.000070147,0.000069963
13,130,receive_authenticate_accumulate,0.000069444,0.000069241
13,130,receive_authenticate_accumulate,0.000069962,0.000069777
13,130,receive_authenticate_accumulate,0.000097980,0.000097555
13,130,receive_authenticate_accumulate,0.000066332,0.000066204
13,130,receive_authenticate_accumulate,0.000068554,0.000068481
13,130,receive_authenticate_accumulate,0.000083184,0.000082889
13,130,receive_authenticate_accumulate,0.000083702,0.000083556
13,130,receive_authenticate_accumulate,0.000082499,0.000081667
13,130,randomness_reveal,0.000565861,0.000565278
13,130,receive_authenticate_accumulate,0.000073980,0.000073630
13,130,receive_authenticate_accumulate,0.000081462,0.000081334
13,130,receive_authenticate_accumulate,0.000082277,0.000082018
13,130,receive_authenticate_accumulate,0.000080703,0.000080333
13,130,receive_authenticate_accumulate,0.000081499,0.000081370
13,130,receive_authenticate_accumulate,0.000079813,0.000079370
13,130,receive_authenticate_accumulate,0.000080832,0.000080593
13,130,receive_authenticate_accumulate,0.000066407,0.000065908
13,130,receive_authenticate_accumulate,0.000068795,0.000068537
13,130,receive_authenticate_accumulate,0.000065388,0.000065111
13,130,receive_authenticate_accumulate,0.000068499,0.000067796
13,130,receive_authenticate_accumulate,0.000066499,0.000066186
13,130,receive_authenticate_accumulate,0.000065369,0.000065074
13,130,receive_authenticate_accumulate,0.000068073,0.000067722
13,130,receive_authenticate_accumulate,0.000067851,0.000067685
13,130,receive_authenticate_accumulate,0.000067221,0.000066870
13,130,receive_authenticate_accumulate,0.000067054,0.000066833
13,130,committee_selection,0.000155738,0.000155259
13,130,round_reset,0.000005648,0.000004981
13,130,receive_authenticate_accumulate,0.017232198,0.017232185
13,130,receive_authenticate_accumulate,0.000054406,0.000054222
13,130,receive_authenticate_accumulate,0.017218699,0.017218945
13,130,receive_authenticate_accumulate,0.000054407,0.000054259
13,130,receive_authenticate_accumulate,0.017219883,0.017219926
13,130,receive_authenticate_accumulate,0.000072999,0.000072740
13,130,reading_commitment_and_shares,0.026293364,0.026264166
13,130,receive_authenticate_accumulate,0.017213495,0.017213629
13,130,receive_authenticate_accumulate,0.000051610,0.000051296
13,130,receive_authenticate_accumulate,0.017230143,0.017230148
13,130,receive_authenticate_accumulate,0.000054981,0.000054685
13,130,receive_authenticate_accumulate,0.017216420,0.017216556
13,130,receive_authenticate_accumulate,0.000054092,0.000053871
13,130,receive_authenticate_accumulate,0.017223568,0.017223778
13,130,receive_authenticate_accumulate,0.000054925,0.000054741
13,130,receive_authenticate_accumulate,0.017216106,0.017216222
13,130,receive_authenticate_accumulate,0.000054943,0.000054704
13,130,receive_authenticate_accumulate,0.017217773,0.017217944
13,130,receive_authenticate_accumulate,0.000053259,0.000053055
13,130,receive_authenticate_accumulate,0.017217162,0.017217185
13,130,receive_authenticate_accumulate,0.000055036,0.000054759
13,130,receive_authenticate_accumulate,0.017219254,0.017219278
13,130,receive_authenticate_accumulate,0.000059295,0.000058759
13,130,receive_authenticate_accumulate,0.017240013,0.017240185
13,130,receive_authenticate_accumulate,0.000057425,0.000057130
13,130,receive_authenticate_accumulate,0.027569529,0.017306575
13,130,receive_authenticate_accumulate,0.000078610,0.000078611
13,130,receive_authenticate_accumulate,0.017218903,0.017218963
13,130,receive_authenticate_accumulate,0.000055980,0.000055851
13,130,receive_authenticate_accumulate,0.017227736,0.017227796
13,130,receive_authenticate_accumulate,0.000056536,0.000056389
13,130,receive_authenticate_accumulate,0.017230384,0.017230352
13,130,receive_authenticate_accumulate,0.000058166,0.000058000
13,130,receive_authenticate_accumulate,0.017231217,0.017231278
13,130,receive_authenticate_accumulate,0.000057277,0.000057092
13,130,receive_authenticate_accumulate,0.017225644,0.017225740
13,130,receive_authenticate_accumulate,0.000057147,0.000056852
13,130,receive_authenticate_accumulate,0.017230143,0.017230222
13,130,receive_authenticate_accumulate,0.000056981,0.000056815
13,130,receive_authenticate_accumulate,0.017224551,0.017224796
13,130,receive_authenticate_accumulate,0.000058370,0.000058148
13,130,round_coverage,0.000003519,0.000002889
13,130,spatial_report,0.000041759,0.000041389
13,131,round_reset,0.000009482,0.000008037
13,131,receive_authenticate_accumulate,0.025898487,0.025900240
13,131,receive_authenticate_accumulate,0.000057518,0.000057334
13,131,receive_authenticate_accumulate,0.017231609,0.017231667
13,131,receive_authenticate_accumulate,0.000058370,0.000058093
13,131,receive_authenticate_accumulate,0.017230425,0.017230481
13,131,receive_authenticate_accumulate,0.000057684,0.000057352
13,131,reading_commitment_and_shares,0.026259185,0.026259388
13,131,receive_authenticate_accumulate,0.017216183,0.017216389
13,131,receive_authenticate_accumulate,0.000057017,0.000056704
13,131,receive_authenticate_accumulate,0.017225850,0.017225944
13,131,receive_authenticate_accumulate,0.000057480,0.000057277
13,131,receive_authenticate_accumulate,0.017229314,0.017229537
13,131,receive_authenticate_accumulate,0.000055980,0.000055759
13,131,receive_authenticate_accumulate,0.017227406,0.017227463
13,131,receive_authenticate_accumulate,0.000057425,0.000057074
13,131,receive_authenticate_accumulate,0.017219832,0.017219851
13,131,receive_authenticate_accumulate,0.000057313,0.000057037
13,131,receive_authenticate_accumulate,0.017216573,0.017216611
13,131,receive_authenticate_accumulate,0.000072665,0.000072445
13,131,receive_authenticate_accumulate,0.017220795,0.017220778
13,131,receive_authenticate_accumulate,0.000057499,0.000057204
13,131,receive_authenticate_accumulate,0.017278535,0.017237277
13,131,receive_authenticate_accumulate,0.000057295,0.000057055
13,131,receive_authenticate_accumulate,0.017225683,0.017225685
13,131,receive_authenticate_accumulate,0.000058296,0.000058037
13,131,receive_authenticate_accumulate,0.017205444,0.017205407
13,131,receive_authenticate_accumulate,0.000058054,0.000057667
13,131,receive_authenticate_accumulate,0.024537806,0.024467167
13,131,receive_authenticate_accumulate,0.000059091,0.000058908
13,131,receive_authenticate_accumulate,0.017238517,0.017239167
13,131,receive_authenticate_accumulate,0.000058091,0.000057778
13,131,receive_authenticate_accumulate,0.017275442,0.017236741
13,131,receive_authenticate_accumulate,0.000055240,0.000055018
13,131,receive_authenticate_accumulate,0.017222777,0.017222944
13,131,receive_authenticate_accumulate,0.000055833,0.000055611
13,131,receive_authenticate_accumulate,0.017215980,0.017216111
13,131,receive_authenticate_accumulate,0.000056944,0.000056796
13,131,receive_authenticate_accumulate,0.017220110,0.017220389
13,131,receive_authenticate_accumulate,0.000056795,0.000056500
13,131,receive_authenticate_accumulate,0.017222795,0.017223037
13,131,receive_authenticate_accumulate,0.000056851,0.000056629
13,131,round_coverage,0.000003463,0.000002926
13,131,spatial_report,0.000042462,0.000042278
13,132,round_reset,0.000009166,0.000007888
13,132,receive_authenticate_accumulate,0.025864104,0.025864500
13,132,receive_authenticate_accumulate,0.000057610,0.000057463
13,132,receive_authenticate_accumulate,0.017231909,0.017232166
13,132,receive_authenticate_accumulate,0.000058240,0.000058037
13,132,receive_authenticate_accumulate,0.017226816,0.017226908
13,132,receive_authenticate_accumulate,0.000058369,0.000058185
13,132,reading_commitment_and_shares,0.026306504,0.026283463
13,132,receive_authenticate_accumulate,0.017229539,0.017229593
13,132,receive_authenticate_accumulate,0.000056962,0.000056815
13,132,receive_authenticate_accumulate,0.017255761,0.017255981
13,132,receive_authenticate_accumulate,0.000058203,0.000058055
13,132,receive_authenticate_accumulate,0.017229743,0.017229740
13,132,receive_authenticate_accumulate,0.000059610,0.000059296
13,132,receive_authenticate_accumulate,0.017227669,0.017227649
13,132,receive_authenticate_accumulate,0.000056925,0.000056704
13,132,receive_authenticate_accumulate,0.017224743,0.017224815
13,132,receive_authenticate_accumulate,0.000058203,0.000057945
13,132,receive_authenticate_accumulate,0.017265520,0.017243778
13,132,receive_authenticate_accumulate,0.000072277,0.000072055
13,132,receive_authenticate_accumulate,0.017218928,0.017219019
13,132,receive_authenticate_accumulate,0.000054833,0.000054556
13,132,receive_authenticate_accumulate,0.017226113,0.017226111
13,132,receive_authenticate_accumulate,0.000056814,0.000056537
13,132,receive_authenticate_accumulate,0.017227243,0.017227333
13,132,receive_authenticate_accumulate,0.000056925,0.000056574
13,132,receive_authenticate_accumulate,0.017227262,0.017227333
13,132,receive_authenticate_accumulate,0.000058758,0.000058574
13,132,receive_authenticate_accumulate,0.025847550,0.025847667
13,132,receive_authenticate_accumulate,0.000058147,0.000058019
13,132,receive_authenticate_accumulate,0.017300649,0.017260630
13,132,receive_authenticate_accumulate,0.000057832,0.000057611
13,132,receive_authenticate_accumulate,0.017229817,0.017229852
13,132,receive_authenticate_accumulate,0.000058610,0.000058333
13,132,receive_authenticate_accumulate,0.017230521,0.017230611
13,132,receive_authenticate_accumulate,0.000057814,0.000057574
13,132,receive_authenticate_accumulate,0.017228113,0.017228222
13,132,receive_authenticate_accumulate,0.000059147,0.000058870
13,132,receive_authenticate_accumulate,0.017263909,0.017263981
13,132,receive_authenticate_accumulate,0.000056592,0.000056500
13,132,receive_authenticate_accumulate,0.017225947,0.017226241
13,132,receive_authenticate_accumulate,0.000057110,0.000056834
13,132,round_coverage,0.000003444,0.000002871
13,132,spatial_report,0.000042481,0.000041945
13,133,round_reset,0.000008907,0.000007555
13,133,receive_authenticate_accumulate,0.017233542,0.017233574
13,133,receive_authenticate_accumulate,0.000058665,0.000058334
13,133,receive_authenticate_accumulate,0.017228005,0.017227981
13,133,receive_authenticate_accumulate,0.000058666,0.000058426
13,133,receive_authenticate_accumulate,0.017267653,0.017236871
13,133,receive_authenticate_accumulate,0.000056870,0.000056685
13,133,reading_commitment_and_shares,0.026262140,0.026262203
13,133,receive_authenticate_accumulate,0.017293819,0.017251500
13,133,receive_authenticate_accumulate,0.000057333,0.000057056
13,133,receive_authenticate_accumulate,0.017227339,0.017227500
13,133,receive_authenticate_accumulate,0.000057850,0.000057648
13,133,receive_authenticate_accumulate,0.017230394,0.017230314
13,133,receive_authenticate_accumulate,0.000056647,0.000056463
13,133,receive_authenticate_accumulate,0.017230653,0.017230759
13,133,receive_authenticate_accumulate,0.000056833,0.000056648
13,133,receive_authenticate_accumulate,0.017220617,0.017220815
13,133,receive_authenticate_accumulate,0.000057832,0.000057648
13,133,receive_authenticate_accumulate,0.017248042,0.017248389
13,133,receive_authenticate_accumulate,0.000057777,0.000057537
13,133,receive_authenticate_accumulate,0.017222413,0.017222518
13,133,receive_authenticate_accumulate,0.000057406,0.000057167
13,133,receive_authenticate_accumulate,0.017229246,0.017229426
13,133,receive_authenticate_accumulate,0.000056536,0.000056130
13,133,receive_authenticate_accumulate,0.017234765,0.017234814
13,133,receive_authenticate_accumulate,0.000056981,0.000056759
13,133,receive_authenticate_accumulate,0.017226340,0.017226426
13,133,receive_authenticate_accumulate,0.000057851,0.000057666
13,133,receive_authenticate_accumulate,0.017229135,0.017229204
13,133,receive_authenticate_accumulate,0.000056888,0.000056630
13,133,receive_authenticate_accumulate,0.017225191,0.017225426
13,133,receive_authenticate_accumulate,0.000058295,0.000057834
13,133,receive_authenticate_accumulate,0.017250691,0.017239611
13,133,receive_authenticate_accumulate,0.000057500,0.000057333
13,133,receive_authenticate_accumulate,0.017222802,0.017222796
13,133,receive_authenticate_accumulate,0.000058500,0.000058426
13,133,receive_authenticate_accumulate,0.017216117,0.017216370
13,133,receive_authenticate_accumulate,0.000056444,0.000056389
13,133,receive_authenticate_accumulate,0.017243061,0.017243222
13,133,receive_authenticate_accumulate,0.000056648,0.000056519
13,133,receive_authenticate_accumulate,0.017224747,0.017224741
13,133,receive_authenticate_accumulate,0.000056351,0.000056130
13,133,round_coverage,0.000003351,0.000002926
13,133,spatial_report,0.000041536,0.000041315
13,134,round_reset,0.000009722,0.000008278
13,134,receive_authenticate_accumulate,0.025867966,0.025868222
13,134,receive_authenticate_accumulate,0.000059518,0.000059296
13,134,receive_authenticate_accumulate,0.017225471,0.017225463
13,134,receive_authenticate_accumulate,0.000059350,0.000059185
13,134,receive_authenticate_accumulate,0.017224990,0.017225037
13,134,receive_authenticate_accumulate,0.000056832,0.000056703
13,134,reading_commitment_and_shares,0.026263794,0.026263889
13,134,receive_authenticate_accumulate,0.017216138,0.017216334
13,134,receive_authenticate_accumulate,0.000058314,0.000058000
13,134,receive_authenticate_accumulate,0.017219676,0.017219889
13,134,receive_authenticate_accumulate,0.000056943,0.000056629
13,134,receive_authenticate_accumulate,0.017265009,0.017234444
13,134,receive_authenticate_accumulate,0.000058239,0.000057907
13,134,receive_authenticate_accumulate,0.017221361,0.017221537
13,134,receive_authenticate_accumulate,0.000057036,0.000056778
13,134,receive_authenticate_accumulate,0.017227435,0.017227592
13,134,receive_authenticate_accumulate,0.000057907,0.000057667
13,134,receive_authenticate_accumulate,0.017253415,0.017253611
13,134,receive_authenticate_accumulate,0.000056647,0.000056481
13,134,receive_authenticate_accumulate,0.017227842,0.017228019
13,134,receive_authenticate_accumulate,0.000055851,0.000055648
13,134,receive_authenticate_accumulate,0.017228675,0.017228852
13,134,receive_authenticate_accumulate,0.000055629,0.000055445
13,134,receive_authenticate_accumulate,0.017242397,0.017242481
13,134,receive_authenticate_accumulate,0.000055369,0.000055093
13,134,receive_authenticate_accumulate,0.017280471,0.017248667
13,134,receive_authenticate_accumulate,0.000055851,0.000055611
13,134,receive_authenticate_accumulate,0.025906392,0.025861426
13,134,receive_authenticate_accumulate,0.000054814,0.000054593
13,134,receive_authenticate_accumulate,0.017231435,0.017231611
13,134,receive_authenticate_accumulate,0.000054462,0.000054259
13,134,receive_authenticate_accumulate,0.017227546,0.017227629
13,134,receive_authenticate_accumulate,0.000056888,0.000056611
13,134,receive_authenticate_accumulate,0.017219102,0.017219204
13,134,receive_authenticate_accumulate,0.000056444,0.000056222
13,134,receive_authenticate_accumulate,0.017227417,0.017227574
13,134,receive_authenticate_accumulate,0.000055258,0.000054834
13,134,receive_authenticate_accumulate,0.017227824,0.017227982
13,134,receive_authenticate_accumulate,0.000056018,0.000055833
13,134,receive_authenticate_accumulate,0.017224268,0.017224371
13,134,receive_authenticate_accumulate,0.000056795,0.000056519
13,134,round_coverage,0.000003518,0.000002944
13,134,spatial_report,0.000042222,0.000041945
13,135,round_reset,0.000008740,0.000008241
13,135,receive_authenticate_accumulate,0.017225697,0.017225796
13,135,receive_authenticate_accumulate,0.000055647,0.000055482
13,135,receive_authenticate_accumulate,0.017241807,0.017241797
13,135,receive_authenticate_accumulate,0.000057758,0.000057740
13,135,receive_authenticate_accumulate,0.017222363,0.017222371
13,135,receive_authenticate_accumulate,0.000056537,0.000056407
13,135,reading_commitment_and_shares,0.026267650,0.026267833
13,135,receive_authenticate_accumulate,0.017262974,0.017232611
13,135,receive_authenticate_accumulate,0.000058500,0.000058222
13,135,receive_authenticate_accumulate,0.017229438,0.017229574
13,135,receive_authenticate_accumulate,0.000057647,0.000057426
13,135,receive_authenticate_accumulate,0.017220697,0.017220889
13,135,receive_authenticate_accumulate,0.000056759,0.000056592
13,135,receive_authenticate_accumulate,0.017231789,0.017231760
13,135,receive_authenticate_accumulate,0.000057666,0.000057500
13,135,receive_authenticate_accumulate,0.017217863,0.017218018
13,135,receive_authenticate_accumulate,0.000056814,0.000056426
13,135,receive_authenticate_accumulate,0.017216974,0.017216981
13,135,receive_authenticate_accumulate,0.000057721,0.000057648
13,135,receive_authenticate_accumulate,0.017223919,0.017224074
13,135,receive_authenticate_accumulate,0.000056665,0.000056407
13,135,receive_authenticate_accumulate,0.017224123,0.017224204
13,135,receive_authenticate_accumulate,0.000056666,0.000056352
13,135,receive_authenticate_accumulate,0.017218067,0.017217981
13,135,receive_authenticate_accumulate,0.000056869,0.000056648
13,135,receive_authenticate_accumulate,0.017222142,0.017222092
13,135,receive_authenticate_accumulate,0.000082147,0.000081889
13,135,receive_authenticate_accumulate,0.017224123,0.017224185
13,135,receive_authenticate_accumulate,0.000057610,0.000057351
13,135,receive_authenticate_accumulate,0.017232586,0.017232741
13,135,receive_authenticate_accumulate,0.000057980,0.000057778
13,135,receive_authenticate_accumulate,0.017248660,0.017248815
13,135,receive_authenticate_accumulate,0.000056740,0.000056315
13,135,receive_authenticate_accumulate,0.017224216,0.017224407
13,135,receive_authenticate_accumulate,0.000058296,0.000058130
13,135,receive_authenticate_accumulate,0.017232642,0.017232759
13,135,receive_authenticate_accumulate,0.000057444,0.000057278
13,135,receive_authenticate_accumulate,0.017276826,0.017248463
13,135,receive_authenticate_accumulate,0.000057777,0.000057500
13,135,receive_authenticate_accumulate,0.017274771,0.017239128
13,135,receive_authenticate_accumulate,0.000057795,0.000057815
13,135,round_coverage,0.000003685,0.000003185
13,135,spatial_report,0.000041518,0.000041130
13,136,round_reset,0.000008889,0.000007666
13,136,receive_authenticate_accumulate,0.025922881,0.025884055
13,136,receive_authenticate_accumulate,0.000056036,0.000055833
13,136,receive_authenticate_accumulate,0.017236329,0.017236315
13,136,receive_authenticate_accumulate,0.000056981,0.000056852
13,136,receive_authenticate_accumulate,0.017223977,0.017223944
13,136,receive_authenticate_accumulate,0.000057721,0.000057537
13,136,reading_commitment_and_shares,0.026249914,0.026250556
13,136,receive_authenticate_accumulate,0.017213366,0.017213592
13,136,receive_authenticate_accumulate,0.000056055,0.000055908
13,136,receive_authenticate_accumulate,0.017219311,0.017219481
13,136,receive_authenticate_accumulate,0.000059314,0.000059075
13,136,receive_authenticate_accumulate,0.017263366,0.017263722
13,136,receive_authenticate_accumulate,0.000057499,0.000057259
13,136,receive_authenticate_accumulate,0.017225052,0.017225444
13,136,receive_authenticate_accumulate,0.000056277,0.000056018
13,136,receive_authenticate_accumulate,0.017225441,0.017225648
13,136,receive_authenticate_accumulate,0.000059259,0.000059055
13,136,receive_authenticate_accumulate,0.017221089,0.017221259
13,136,receive_authenticate_accumulate,0.000057295,0.000057204
13,136,receive_authenticate_accumulate,0.017223515,0.017223722
13,136,receive_authenticate_accumulate,0.000057962,0.000057685
13,136,receive_authenticate_accumulate,0.017225811,0.017225833
13,136,receive_authenticate_accumulate,0.000056666,0.000056444
13,136,receive_authenticate_accumulate,0.017220330,0.017220592
13,136,receive_authenticate_accumulate,0.000056721,0.000056481
13,136,receive_authenticate_accumulate,0.017227496,0.017227777
13,136,receive_authenticate_accumulate,0.000057851,0.000057704
13,136,receive_authenticate_accumulate,0.025860605,0.025860833
13,136,receive_authenticate_accumulate,0.000058240,0.000057945
13,136,receive_authenticate_accumulate,0.017223515,0.017223703
13,136,receive_authenticate_accumulate,0.000056332,0.000056129
13,136,receive_authenticate_accumulate,0.017229033,0.017228945
13,136,receive_authenticate_accumulate,0.000055833,0.000055667
13,136,receive_authenticate_accumulate,0.017220812,0.017220741
13,136,receive_authenticate_accumulate,0.000057073,0.000056815
13,136,receive_authenticate_accumulate,0.017226311,0.017226388
13,136,receive_authenticate_accumulate,0.000057018,0.000056759
13,136,receive_authenticate_accumulate,0.017227367,0.017227222
13,136,receive_authenticate_accumulate,0.000059091,0.000058926
13,136,receive_authenticate_accumulate,0.017227034,0.017227204
13,136,receive_authenticate_accumulate,0.000056555,0.000056352
13,136,round_coverage,0.000003444,0.000002870
13,136,spatial_report,0.000041684,0.000041204
13,137,round_reset,0.000009499,0.000007926
13,137,receive_authenticate_accumulate,0.017230943,0.017231111
13,137,receive_authenticate_accumulate,0.000058740,0.000058537
13,137,receive_authenticate_accumulate,0.017223498,0.017223519
13,137,receive_authenticate_accumulate,0.000058907,0.000058630
13,137,receive_authenticate_accumulate,0.017225073,0.017224981
13,137,receive_authenticate_accumulate,0.000056536,0.000056352
13,137,reading_commitment_and_shares,0.026258584,0.026258704
13,137,receive_authenticate_accumulate,0.017212388,0.017212648
13,137,receive_authenticate_accumulate,0.000056740,0.000056463
13,137,receive_authenticate_accumulate,0.017260850,0.017231722
13,137,receive_authenticate_accumulate,0.000055851,0.000055648
13,137,receive_authenticate_accumulate,0.017220647,0.017220797
13,137,receive_authenticate_accumulate,0.000057962,0.000057741
13,137,receive_authenticate_accumulate,0.017223943,0.017223945
13,137,receive_authenticate_accumulate,0.000056148,0.000055889
13,137,receive_authenticate_accumulate,0.017223517,0.017223685
13,137,receive_authenticate_accumulate,0.000057444,0.000057315
13,137,receive_authenticate_accumulate,0.017246109,0.017246129
13,137,receive_authenticate_accumulate,0.000057647,0.000057481
13,137,receive_authenticate_accumulate,0.017226184,0.017226074
13,137,receive_authenticate_accumulate,0.000057999,0.000057759
13,137,receive_authenticate_accumulate,0.017218721,0.017218815
13,137,receive_authenticate_accumulate,0.000057944,0.000057685
13,137,receive_authenticate_accumulate,0.017228758,0.017229074
13,137,receive_authenticate_accumulate,0.000056832,0.000056685
13,137,receive_authenticate_accumulate,0.017253702,0.017233351
13,137,receive_authenticate_accumulate,0.000057869,0.000057760
13,137,receive_authenticate_accumulate,0.017228462,0.017228351
13,137,receive_authenticate_accumulate,0.000056185,0.000055982
13,137,receive_authenticate_accumulate,0.017220017,0.017220167
13,137,receive_authenticate_accumulate,0.000056407,0.000056074
13,137,receive_authenticate_accumulate,0.017233925,0.017234037
13,137,receive_authenticate_accumulate,0.000056407,0.000056167
13,137,receive_authenticate_accumulate,0.017223481,0.017223537
13,137,receive_authenticate_accumulate,0.000056221,0.000055982
13,137,receive_authenticate_accumulate,0.017227036,0.017227222
13,137,receive_authenticate_accumulate,0.000057258,0.000057056
13,137,receive_authenticate_accumulate,0.017229925,0.017230037
13,137,receive_authenticate_accumulate,0.000056888,0.000056629
13,137,receive_authenticate_accumulate,0.017229944,0.017229908
13,137,receive_authenticate_accumulate,0.000057147,0.000056944
13,137,round_coverage,0.000003834,0.000003167
13,137,spatial_report,0.000042240,0.000041722
13,138,round_reset,0.000009797,0.000008574
13,138,receive_authenticate_accumulate,0.025853631,0.025853814
13,138,receive_authenticate_accumulate,0.000058443,0.000058185
13,138,receive_authenticate_accumulate,0.017234946,0.017235019
13,138,receive_authenticate_accumulate,0.000058129,0.000057926
13,138,receive_authenticate_accumulate,0.017240501,0.017240000
13,138,receive_authenticate_accumulate,0.000056907,0.000056685
13,138,reading_commitment_and_shares,0.026256199,0.026256389
13,138,receive_authenticate_accumulate,0.017194020,0.017194259
13,138,receive_authenticate_accumulate,0.000056037,0.000055796
13,138,receive_authenticate_accumulate,0.017221354,0.017221333
13,138,receive_authenticate_accumulate,0.000056314,0.000056074
13,138,receive_authenticate_accumulate,0.017221613,0.017221611
13,138,receive_authenticate_accumulate,0.000057147,0.000056944
13,138,receive_authenticate_accumulate,0.017230205,0.017230204
13,138,receive_authenticate_accumulate,0.000055314,0.000055055
13,138,receive_authenticate_accumulate,0.017222316,0.017222462
13,138,receive_authenticate_accumulate,0.000056758,0.000056500
13,138,receive_authenticate_accumulate,0.017228186,0.017228222
13,138,receive_authenticate_accumulate,0.000056907,0.000056722
13,138,receive_authenticate_accumulate,0.017229168,0.017229019
13,138,receive_authenticate_accumulate,0.000057370,0.000057166
13,138,receive_authenticate_accumulate,0.017228557,0.017228593
13,138,receive_authenticate_accumulate,0.000059592,0.000059315
13,138,receive_authenticate_accumulate,0.017228705,0.017228722
13,138,receive_authenticate_accumulate,0.000056722,0.000056482
13,138,receive_authenticate_accumulate,0.017217428,0.017217482
13,138,receive_authenticate_accumulate,0.000057758,0.000057519
13,138,receive_authenticate_accumulate,0.025856132,0.025856389
13,138,receive_authenticate_accumulate,0.000056629,0.000056333
13,138,receive_authenticate_accumulate,0.017222502,0.017222537
13,138,receive_authenticate_accumulate,0.000058258,0.000058055
13,138,receive_authenticate_accumulate,0.017221946,0.017221889
13,138,receive_authenticate_accumulate,0.000057296,0.000057130
13,138,receive_authenticate_accumulate,0.017227687,0.017227814
13,138,receive_authenticate_accumulate,0.000056888,0.000056685
13,138,receive_authenticate_accumulate,0.017219687,0.017219704
13,138,receive_authenticate_accumulate,0.000056407,0.000056203
13,138,receive_authenticate_accumulate,0.017225021,0.017225148
13,138,receive_authenticate_accumulate,0.000055869,0.000055666
13,138,receive_authenticate_accumulate,0.017219446,0.017219556
13,138,receive_authenticate_accumulate,0.000058443,0.000058259
13,138,round_coverage,0.000003222,0.000002685
13,138,spatial_report,0.000041666,0.000041334
13,139,round_reset,0.000009740,0.000008314
13,139,receive_authenticate_accumulate,0.025866468,0.025866629
13,139,receive_authenticate_accumulate,0.000058332,0.000058019
13,139,receive_authenticate_accumulate,0.017222985,0.017222981
13,139,receive_authenticate_accumulate,0.000057851,0.000057611
13,139,receive_authenticate_accumulate,0.017236614,0.017236741
13,139,receive_authenticate_accumulate,0.000057129,0.000057056
13,139,reading_commitment_and_shares,0.026266796,0.026266815
13,139,receive_authenticate_accumulate,0.017216726,0.017216963
13,139,receive_authenticate_accumulate,0.000055814,0.000055630
13,139,receive_authenticate_accumulate,0.017222040,0.017222130
13,139,receive_authenticate_accumulate,0.000057277,0.000057075
13,139,receive_authenticate_accumulate,0.017220374,0.017220296
13,139,receive_authenticate_accumulate,0.000057018,0.000056852
13,139,receive_authenticate_accumulate,0.017223059,0.017223092
13,139,receive_authenticate_accumulate,0.000056425,0.000056130
13,139,receive_authenticate_accumulate,0.017240040,0.017239907
13,139,receive_authenticate_accumulate,0.000069536,0.000069389
13,139,receive_authenticate_accumulate,0.017229374,0.017229500
13,139,receive_authenticate_accumulate,0.000057129,0.000056907
13,139,receive_authenticate_accumulate,0.017224930,0.017224926
13,139,receive_authenticate_accumulate,0.000057443,0.000057482
13,139,receive_authenticate_accumulate,0.017224967,0.017225093
13,139,receive_authenticate_accumulate,0.000057425,0.000057277
13,139,receive_authenticate_accumulate,0.017259762,0.017232000
13,139,receive_authenticate_accumulate,0.000055517,0.000055259
13,139,receive_authenticate_accumulate,0.017225985,0.017225907
13,139,receive_authenticate_accumulate,0.000054759,0.000054555
13,139,receive_authenticate_accumulate,0.024129976,0.024022556
13,139,receive_authenticate_accumulate,0.000059869,0.000059537
13,139,receive_authenticate_accumulate,0.017242078,0.017242537
13,139,receive_authenticate_accumulate,0.000056721,0.000056592
13,139,receive_authenticate_accumulate,0.017228393,0.017228482
13,139,receive_authenticate_accumulate,0.000056814,0.000056703
13,139,receive_authenticate_accumulate,0.017218115,0.017218296
13,139,receive_authenticate_accumulate,0.000056999,0.000056907
13,139,receive_authenticate_accumulate,0.017232781,0.017233000
13,139,receive_authenticate_accumulate,0.000056703,0.000056685
13,139,receive_authenticate_accumulate,0.017235745,0.017235833
13,139,receive_authenticate_accumulate,0.000057925,0.000057630
13,139,receive_authenticate_accumulate,0.017226022,0.017226092
13,139,receive_authenticate_accumulate,0.000057296,0.000057111
13,139,round_coverage,0.000003500,0.000002815
13,139,spatial_report,0.000041796,0.000041556
13,139,billing_report,0.000430197,0.000429704
14,140,period_reset,0.000024518,0.000023204
14,140,receive_authenticate_accumulate,0.000096905,0.000096796
14,140,receive_authenticate_accumulate,0.000094906,0.000095074
14,140,receive_authenticate_accumulate,0.000093739,0.000093500
14,140,randomness_commit,0.000812859,0.000812370
14,140,receive_authenticate_accumulate,0.000083869,0.000083815
14,140,receive_authenticate_accumulate,0.000091925,0.000091426
14,140,receive_authenticate_accumulate,0.000090869,0.000090926
14,140,receive_authenticate_accumulate,0.000090017,0.000089908
14,140,receive_authenticate_accumulate,0.000126813,0.000126445
14,140,receive_authenticate_accumulate,0.000071165,0.000070945
14,140,receive_authenticate_accumulate,0.000069555,0.000069426
14,140,receive_authenticate_accumulate,0.000069407,0.000069093
14,140,receive_authenticate_accumulate,0.000071221,0.000070796
14,140,receive_authenticate_accumulate,0.000069832,0.000069592
14,140,receive_authenticate_accumulate,0.000071240,0.000071130
14,140,receive_authenticate_accumulate,0.000070092,0.000069926
14,140,receive_authenticate_accumulate,0.000068777,0.000068759
14,140,receive_authenticate_accumulate,0.000070665,0.000070389
14,140,receive_authenticate_accumulate,0.000070017,0.000070056
14,140,receive_authenticate_accumulate,0.000070129,0.000069907
14,140,receive_authenticate_accumulate,0.000069055,0.000068907
14,140,receive_authenticate_accumulate,0.000083073,0.000082981
14,140,receive_authenticate_accumulate,0.000085610,0.000085518
14,140,receive_authenticate_accumulate,0.000085258,0.000085296
14,140,randomness_reveal,0.000596972,0.000596500
14,140,receive_authenticate_accumulate,0.000075776,0.000075703
14,140,receive_authenticate_accumulate,0.000084073,0.000083833
14,140,receive_authenticate_accumulate,0.000085036,0.000084833
14,140,receive_authenticate_accumulate,0.000085369,0.000084777
14,140,receive_authenticate_accumulate,0.000085110,0.000084963
14,140,receive_authenticate_accumulate,0.000086055,0.000085908
14,140,receive_authenticate_accumulate,0.000085814,0.000085722
14,140,receive_authenticate_accumulate,0.000069573,0.000069315
14,140,receive_authenticate_accumulate,0.000070129,0.000069870
14,140,receive_authenticate_accumulate,0.000070814,0.000070741
14,140,receive_authenticate_accumulate,0.000070276,0.000070259
14,140,receive_authenticate_accumulate,0.000069054,0.000068815
14,140,receive_authenticate_accumulate,0.000069740,0.000069741
14,140,receive_authenticate_accumulate,0.000071759,0.000071370
14,140,receive_authenticate_accumulate,0.000066962,0.000066870
14,140,receive_authenticate_accumulate,0.000069277,0.000069129
14,140,receive_authenticate_accumulate,0.000070054,0.000069852
14,140,committee_selection,0.000127701,0.000127648
14,140,round_reset,0.000005630,0.000004944
14,140,receive_authenticate_accumulate,0.017229598,0.017229722
14,140,receive_authenticate_accumulate,0.000057166,0.000057056
14,140,receive_authenticate_accumulate,0.017226339,0.017226500
14,140,receive_authenticate_accumulate,0.000070610,0.000070444
14,140,receive_authenticate_accumulate,0.017229894,0.017230074
14,140,receive_authenticate_accumulate,0.000057462,0.000057148
14,140,reading_commitment_and_shares,0.026346224,0.026318019
14,140,receive_authenticate_accumulate,0.017245413,0.017245370
14,140,receive_authenticate_accumulate,0.000057370,0.000057241
14,140,receive_authenticate_accumulate,0.017229802,0.017229778
14,140,receive_authenticate_accumulate,0.000057314,0.000057037
14,140,receive_authenticate_accumulate,0.017226043,0.017226018
14,140,receive_authenticate_accumulate,0.000057184,0.000057037
14,140,receive_authenticate_accumulate,0.017220765,0.017220796
14,140,receive_authenticate_accumulate,0.000056148,0.000055982
14,140,receive_authenticate_accumulate,0.017223117,0.017223167
14,140,receive_authenticate_accumulate,0.000055388,0.000055111
14,140,receive_authenticate_accumulate,0.017268709,0.017239315
14,140,receive_authenticate_accumulate,0.000058314,0.000057962
14,140,receive_authenticate_accumulate,0.017218043,0.017218333
14,140,receive_authenticate_accumulate,0.000057462,0.000057092
14,140,receive_authenticate_accumulate,0.017201154,0.017201148
14,140,receive_authenticate_accumulate,0.000057962,0.000057778
14,140,receive_authenticate_accumulate,0.017220914,0.017220907
14,140,receive_authenticate_accumulate,0.000056499,0.000056315
14,140,receive_authenticate_accumulate,0.029735433,0.017315222
14,140,receive_authenticate_accumulate,0.000078054,0.000077000
14,140,receive_authenticate_accumulate,0.017221525,0.017221667
14,140,receive_authenticate_accumulate,0.000055165,0.000054833
14,140,receive_authenticate_accumulate,0.017226210,0.017226018
14,140,receive_authenticate_accumulate,0.000057407,0.000057093
14,140,receive_authenticate_accumulate,0.017225062,0.017225074
14,140,receive_authenticate_accumulate,0.000056925,0.000056796
14,140,receive_authenticate_accumulate,0.017233043,0.017233074
14,140,receive_authenticate_accumulate,0.000059314,0.000059074
14,140,receive_authenticate_accumulate,0.017232302,0.017232297
14,140,receive_authenticate_accumulate,0.000057833,0.000057519
14,140,receive_authenticate_accumulate,0.017229636,0.017229518
14,140,receive_authenticate_accumulate,0.000055962,0.000055574
14,140,receive_authenticate_accumulate,0.017289654,0.017256113
14,140,receive_authenticate_accumulate,0.000056259,0.000056111
14,140,round_coverage,0.000003685,0.000003130
14,140,spatial_report,0.000042388,0.000042185
14,141,round_reset,0.000009223,0.000007778
14,141,receive_authenticate_accumulate,0.025851326,0.025851407
14,141,receive_authenticate_accumulate,0.000055407,0.000055240
14,141,receive_authenticate_accumulate,0.017235970,0.017235926
14,141,receive_authenticate_accumulate,0.000056185,0.000056093
14,141,receive_authenticate_accumulate,0.017235027,0.017235185
14,141,receive_authenticate_accumulate,0.000057277,0.000057129
14,141,reading_commitment_and_shares,0.026267321,0.026267592
14,141,receive_authenticate_accumulate,0.017214249,0.017214518
14,141,receive_authenticate_accumulate,0.000058203,0.000057981
14,141,receive_authenticate_accumulate,0.017256378,0.017227592
14,141,receive_authenticate_accumulate,0.000057907,0.000057592
14,141,receive_authenticate_accumulate,0.017225526,0.017225778
14,141,receive_authenticate_accumulate,0.000056166,0.000055945
14,141,receive_authenticate_accumulate,0.017221582,0.017221815
14,141,receive_authenticate_accumulate,0.000055536,0.000055259
14,141,receive_authenticate_accumulate,0.017268230,0.017257371
14,141,receive_authenticate_accumulate,0.000055888,0.000055648
14,141,receive_authenticate_accumulate,0.017223193,0.017223352
14,141,receive_authenticate_accumulate,0.000058425,0.000058185
14,141,receive_authenticate_accumulate,0.017221008,0.017221297
14,141,receive_authenticate_accumulate,0.000056721,0.000056629
14,141,receive_authenticate_accumulate,0.017227860,0.017227870
14,141,receive_authenticate_accumulate,0.000057129,0.000056537
14,141,receive_authenticate_accumulate,0.017221489,0.017221685
14,141,receive_authenticate_accumulate,0.000056999,0.000056685
14,141,receive_authenticate_accumulate,0.017266137,0.017239907
14,141,receive_authenticate_accumulate,0.000057240,0.000057055
14,141,receive_authenticate_accumulate,0.025846290,0.025846426
14,141,receive_authenticate_accumulate,0.000058851,0.000058611
14,141,receive_authenticate_accumulate,0.017222286,0.017222296
14,141,receive_authenticate_accumulate,0.000056981,0.000057018
14,141,receive_authenticate_accumulate,0.017226786,0.017226741
14,141,receive_authenticate_accumulate,0.000057240,0.000057000
14,141,receive_authenticate_accumulate,0.017225101,0.017225240
14,141,receive_authenticate_accumulate,0.000057055,0.000056760
14,141,receive_authenticate_accumulate,0.017248842,0.017237166
14,141,receive_authenticate_accumulate,0.000058295,0.000057963
14,141,receive_authenticate_accumulate,0.017226916,0.017226963
14,141,receive_authenticate_accumulate,0.000053759,0.000053519
14,141,receive_authenticate_accumulate,0.017228471,0.017228500
14,141,receive_authenticate_accumulate,0.000056944,0.000056667
14,141,round_coverage,0.000003593,0.000002963
14,141,spatial_report,0.000041073,0.000040722
14,142,round_reset,0.000008777,0.000007259
14,142,receive_authenticate_accumulate,0.017229417,0.017229444
14,142,receive_authenticate_accumulate,0.000056999,0.000056796
14,142,receive_authenticate_accumulate,0.017226529,0.017226667
14,142,receive_authenticate_accumulate,0.000056332,0.000056056
14,142,receive_authenticate_accumulate,0.017231102,0.017231148
14,142,receive_authenticate_accumulate,0.000056851,0.000056481
14,142,reading_commitment_and_shares,0.026322600,0.026285739
14,142,receive_authenticate_accumulate,0.017217566,0.017217760
14,142,receive_authenticate_accumulate,0.000056129,0.000055889
14,142,receive_authenticate_accumulate,0.017219992,0.017219926
14,142,receive_authenticate_accumulate,0.000056314,0.000056148
14,142,receive_authenticate_accumulate,0.017219825,0.017219796
14,142,receive_authenticate_accumulate,0.000056259,0.000055981
14,142,receive_authenticate_accumulate,0.017226084,0.017226314
14,142,receive_authenticate_accumulate,0.000056481,0.000055833
14,142,receive_authenticate_accumulate,0.017232177,0.017232352
14,142,receive_authenticate_accumulate,0.000057462,0.000057185
14,142,receive_authenticate_accumulate,0.017286768,0.017253519
14,142,receive_authenticate_accumulate,0.000056962,0.000056648
14,142,receive_authenticate_accumulate,0.017206825,0.017206926
14,142,receive_authenticate_accumulate,0.000056777,0.000056555
14,142,receive_authenticate_accumulate,0.017224010,0.017224074
14,142,receive_authenticate_accumulate,0.000057332,0.000057093
14,142,receive_authenticate_accumulate,0.017246417,0.017246722
14,142,receive_authenticate_accumulate,0.000057777,0.000057537
14,142,receive_authenticate_accumulate,0.017263621,0.017240314
14,142,receive_authenticate_accumulate,0.000057110,0.000056926
14,142,receive_authenticate_accumulate,0.017229751,0.017229741
14,142,receive_authenticate_accumulate,0.000057980,0.000057796
14,142,receive_authenticate_accumulate,0.017228528,0.017228611
14,142,receive_authenticate_accumulate,0.000057147,0.000057000
14,142,receive_authenticate_accumulate,0.017229843,0.017229963
14,142,receive_authenticate_accumulate,0.000057296,0.000057222
14,142,receive_authenticate_accumulate,0.017231196,0.017231241
14,142,receive_authenticate_accumulate,0.000056574,0.000056241
14,142,receive_authenticate_accumulate,0.017233899,0.017234000
14,142,receive_authenticate_accumulate,0.000055462,0.000055185
14,142,receive_authenticate_accumulate,0.017253140,0.017233574
14,142,receive_authenticate_accumulate,0.000055684,0.000055519
14,142,receive_authenticate_accumulate,0.017219010,0.017219055
14,142,receive_authenticate_accumulate,0.000056333,0.000056185
14,142,round_coverage,0.000003333,0.000002704
14,142,spatial_report,0.000041888,0.000041575
14,143,round_reset,0.000009352,0.000008203
14,143,receive_authenticate_accumulate,0.025891035,0.025891129
14,143,receive_authenticate_accumulate,0.000057388,0.000057092
14,143,receive_authenticate_accumulate,0.017227122,0.017227259
14,143,receive_authenticate_accumulate,0.000057259,0.000056907
14,143,receive_authenticate_accumulate,0.017219271,0.017219185
14,143,receive_authenticate_accumulate,0.000058851,0.000058555
14,143,reading_commitment_and_shares,0.026304159,0.026275427
14,143,receive_authenticate_accumulate,0.017240716,0.017241092
14,143,receive_authenticate_accumulate,0.000058184,0.000057815
14,143,receive_authenticate_accumulate,0.017223993,0.017223666
14,143,receive_authenticate_accumulate,0.000057222,0.000057092
14,143,receive_authenticate_accumulate,0.017213901,0.017213833
14,143,receive_authenticate_accumulate,0.000056666,0.000056352
14,143,receive_authenticate_accumulate,0.017224827,0.017224834
14,143,receive_authenticate_accumulate,0.000069258,0.000069074
14,143,receive_authenticate_accumulate,0.017225716,0.017225593
14,143,receive_authenticate_accumulate,0.000055907,0.000055666
14,143,receive_authenticate_accumulate,0.017266678,0.017238741
14,143,receive_authenticate_accumulate,0.000055814,0.000055593
14,143,receive_authenticate_accumulate,0.017222716,0.017222778
14,143,receive_authenticate_accumulate,0.000056295,0.000056019
14,143,receive_authenticate_accumulate,0.017211642,0.017211778
14,143,receive_authenticate_accumulate,0.000056277,0.000056037
14,143,receive_authenticate_accumulate,0.017225752,0.017225870
14,143,receive_authenticate_accumulate,0.000055388,0.000055240
14,143,receive_authenticate_accumulate,0.017256734,0.017238481
14,143,receive_authenticate_accumulate,0.000055332,0.000055037
14,143,receive_authenticate_accumulate,0.024437427,0.024394370
14,143,receive_authenticate_accumulate,0.000056703,0.000056444
14,143,receive_authenticate_accumulate,0.017241530,0.017241686
14,143,receive_authenticate_accumulate,0.000057092,0.000056963
14,143,receive_authenticate_accumulate,0.017221568,0.017221704
14,143,receive_authenticate_accumulate,0.000055814,0.000055556
14,143,receive_authenticate_accumulate,0.017224660,0.017224667
14,143,receive_authenticate_accumulate,0.000055018,0.000054815
14,143,receive_authenticate_accumulate,0.017225771,0.017225963
14,143,receive_authenticate_accumulate,0.000056314,0.000056037
14,143,receive_authenticate_accumulate,0.017230697,0.017230815
14,143,receive_authenticate_accumulate,0.000055018,0.000054722
14,143,receive_authenticate_accumulate,0.017219309,0.017219518
14,143,receive_authenticate_accumulate,0.000056240,0.000055648
14,143,round_coverage,0.000003352,0.000002667
14,143,spatial_report,0.000041147,0.000040666
14,144,round_reset,0.000009278,0.000008074
14,144,receive_authenticate_accumulate,0.028722405,0.028722426
14,144,receive_authenticate_accumulate,0.000056036,0.000055834
14,144,receive_authenticate_accumulate,0.017227533,0.017227500
14,144,receive_authenticate_accumulate,0.000055888,0.000055666
14,144,receive_authenticate_accumulate,0.017232607,0.017232648
14,144,receive_authenticate_accumulate,0.000054721,0.000054537
14,144,reading_commitment_and_shares,0.026240848,0.026240963
14,144,receive_authenticate_accumulate,0.017217699,0.017217908
14,144,receive_authenticate_accumulate,0.000059388,0.000059223
14,144,receive_authenticate_accumulate,0.017298549,0.017272425
14,144,receive_authenticate_accumulate,0.000057944,0.000057741
14,144,receive_authenticate_accumulate,0.017218866,0.017218870
14,144,receive_authenticate_accumulate,0.000057907,0.000057741
14,144,receive_authenticate_accumulate,0.017222014,0.017222241
14,144,receive_authenticate_accumulate,0.000057370,0.000057167
14,144,receive_authenticate_accumulate,0.017258976,0.017229518
14,144,receive_authenticate_accumulate,0.000059222,0.000058981
14,144,receive_authenticate_accumulate,0.017232884,0.017233019
14,144,receive_authenticate_accumulate,0.000058314,0.000058000
14,144,receive_authenticate_accumulate,0.017226977,0.017227074
14,144,receive_authenticate_accumulate,0.000058888,0.000058666
14,144,receive_authenticate_accumulate,0.017223218,0.017223259
14,144,receive_authenticate_accumulate,0.000057462,0.000057129
14,144,receive_authenticate_accumulate,0.017225180,0.017225352
14,144,receive_authenticate_accumulate,0.000059129,0.000058945
14,144,receive_authenticate_accumulate,0.017223866,0.017224019
14,144,receive_authenticate_accumulate,0.000057055,0.000056815
14,144,receive_authenticate_accumulate,0.017250643,0.017236167
14,144,receive_authenticate_accumulate,0.000054555,0.000054278
14,144,receive_authenticate_accumulate,0.017286791,0.017250520
14,144,receive_authenticate_accumulate,0.000058610,0.000058408
14,144,receive_authenticate_accumulate,0.017220385,0.017220426
14,144,receive_authenticate_accumulate,0.000057555,0.000057149
14,144,receive_authenticate_accumulate,0.017225125,0.017225277
14,144,receive_authenticate_accumulate,0.000056833,0.000056629
14,144,receive_authenticate_accumulate,0.017228736,0.017228834
14,144,receive_authenticate_accumulate,0.000059111,0.000058981
14,144,receive_authenticate_accumulate,0.017250255,0.017250519
14,144,receive_authenticate_accumulate,0.000058499,0.000058222
14,144,receive_authenticate_accumulate,0.017224181,0.017224297
14,144,receive_authenticate_accumulate,0.000058018,0.000057667
14,144,round_coverage,0.000003981,0.000003167
14,144,spatial_report,0.000040407,0.000040074
14,145,round_reset,0.000008593,0.000007370
14,145,receive_authenticate_accumulate,0.017232052,0.017232019
14,145,receive_authenticate_accumulate,0.000056721,0.000056593
14,145,receive_authenticate_accumulate,0.017225293,0.017225463
14,145,receive_authenticate_accumulate,0.000057666,0.000057371
14,145,receive_authenticate_accumulate,0.017271996,0.017242222
14,145,receive_authenticate_accumulate,0.000057869,0.000057611
14,145,reading_commitment_and_shares,0.026272794,0.026272871
14,145,receive_authenticate_accumulate,0.017278015,0.017247112
14,145,receive_authenticate_accumulate,0.000072666,0.000072370
14,145,receive_authenticate_accumulate,0.017218978,0.017218722
14,145,receive_authenticate_accumulate,0.000057203,0.000056981
14,145,receive_authenticate_accumulate,0.017229534,0.017229666
14,145,receive_authenticate_accumulate,0.000057221,0.000056944
14,145,receive_authenticate_accumulate,0.017221479,0.017221574
14,145,receive_authenticate_accumulate,0.000056758,0.000056556
14,145,receive_authenticate_accumulate,0.017226701,0.017226815
14,145,receive_authenticate_accumulate,0.000072351,0.000072148
14,145,receive_authenticate_accumulate,0.017227848,0.017227944
14,145,receive_authenticate_accumulate,0.000059999,0.000059741
14,145,receive_authenticate_accumulate,0.017228108,0.017228093
14,145,receive_authenticate_accumulate,0.000058222,0.000057907
14,145,receive_authenticate_accumulate,0.017232534,0.017232481
14,145,receive_authenticate_accumulate,0.000056833,0.000056518
14,145,receive_authenticate_accumulate,0.017222478,0.017222630
14,145,receive_authenticate_accumulate,0.000056296,0.000056111
14,145,receive_authenticate_accumulate,0.017221812,0.017221944
14,145,receive_authenticate_accumulate,0.000058036,0.000057796
14,145,receive_authenticate_accumulate,0.017227460,0.017227481
14,145,receive_authenticate_accumulate,0.000056462,0.000056259
14,145,receive_authenticate_accumulate,0.017230682,0.017230648
14,145,receive_authenticate_accumulate,0.000057129,0.000056908
14,145,receive_authenticate_accumulate,0.017234700,0.017234796
14,145,receive_authenticate_accumulate,0.000057055,0.000056834
14,145,receive_authenticate_accumulate,0.017224627,0.017224666
14,145,receive_authenticate_accumulate,0.000057499,0.000057241
14,145,receive_authenticate_accumulate,0.017250700,0.017235259
14,145,receive_authenticate_accumulate,0.000056407,0.000056259
14,145,receive_authenticate_accumulate,0.017227868,0.017227926
14,145,receive_authenticate_accumulate,0.000057036,0.000056797
14,145,receive_authenticate_accumulate,0.017273848,0.017245370
14,145,receive_authenticate_accumulate,0.000057240,0.000057056
14,145,round_coverage,0.000003407,0.000002944
14,145,spatial_report,0.000042703,0.000042296
14,146,round_reset,0.000009259,0.000008037
14,146,receive_authenticate_accumulate,0.028742059,0.028742074
14,146,receive_authenticate_accumulate,0.000058388,0.000058055
14,146,receive_authenticate_accumulate,0.017224294,0.017224222
14,146,receive_authenticate_accumulate,0.000057351,0.000057074
14,146,receive_authenticate_accumulate,0.017220813,0.017220833
14,146,receive_authenticate_accumulate,0.000056740,0.000056519
14,146,reading_commitment_and_shares,0.026247279,0.026247407
14,146,receive_authenticate_accumulate,0.017287405,0.017244314
14,146,receive_authenticate_accumulate,0.000056685,0.000056314
14,146,receive_authenticate_accumulate,0.017259461,0.017240000
14,146,receive_authenticate_accumulate,0.000056240,0.000055982
14,146,receive_authenticate_accumulate,0.017216961,0.017217111
14,146,receive_authenticate_accumulate,0.000055943,0.000055759
14,146,receive_authenticate_accumulate,0.017216684,0.017216666
14,146,receive_authenticate_accumulate,0.000056443,0.000056111
14,146,receive_authenticate_accumulate,0.017218832,0.017218796
14,146,receive_authenticate_accumulate,0.000056314,0.000056148
14,146,receive_authenticate_accumulate,0.017231554,0.017231630
14,146,receive_authenticate_accumulate,0.000056092,0.000055871
14,146,receive_authenticate_accumulate,0.017228888,0.017228945
14,146,receive_authenticate_accumulate,0.000056610,0.000056426
14,146,receive_authenticate_accumulate,0.017226406,0.017226408
14,146,receive_authenticate_accumulate,0.000056425,0.000056149
14,146,receive_authenticate_accumulate,0.017224702,0.017224648
14,146,receive_authenticate_accumulate,0.000062407,0.000062204
14,146,receive_authenticate_accumulate,0.017278164,0.017248500
14,146,receive_authenticate_accumulate,0.000057351,0.000057166
14,146,receive_authenticate_accumulate,0.017255017,0.017242185
14,146,receive_authenticate_accumulate,0.000056406,0.000056093
14,146,receive_authenticate_accumulate,0.017260887,0.017231851
14,146,receive_authenticate_accumulate,0.000056128,0.000055907
14,146,receive_authenticate_accumulate,0.017236314,0.017236222
14,146,receive_authenticate_accumulate,0.000056406,0.000056129
14,146,receive_authenticate_accumulate,0.017225813,0.017225833
14,146,receive_authenticate_accumulate,0.000056722,0.000056463
14,146,receive_authenticate_accumulate,0.017227720,0.017227740
14,146,receive_authenticate_accumulate,0.000056370,0.000055926
14,146,receive_authenticate_accumulate,0.017234369,0.017234352
14,146,receive_authenticate_accumulate,0.000056333,0.000056074
14,146,receive_authenticate_accumulate,0.017217407,0.017217445
14,146,receive_authenticate_accumulate,0.000055277,0.000055018
14,146,round_coverage,0.000003463,0.000002889
14,146,spatial_report,0.000042944,0.000042574
14,147,round_reset,0.000010278,0.000008907
14,147,receive_authenticate_accumulate,0.017232796,0.017232425
14,147,receive_authenticate_accumulate,0.000057351,0.000056963
14,147,receive_authenticate_accumulate,0.017255426,0.017232666
14,147,receive_authenticate_accumulate,0.000057314,0.000056945
14,147,receive_authenticate_accumulate,0.017281518,0.017282092
14,147,receive_authenticate_accumulate,0.000057203,0.000056982
14,147,reading_commitment_and_shares,0.026312317,0.026283241
14,147,receive_authenticate_accumulate,0.017210592,0.017210759
14,147,receive_authenticate_accumulate,0.000057351,0.000057222
14,147,receive_authenticate_accumulate,0.017229351,0.017229296
14,147,receive_authenticate_accumulate,0.000056000,0.000055759
14,147,receive_authenticate_accumulate,0.017228685,0.017228759
14,147,receive_authenticate_accumulate,0.000057129,0.000056704
14,147,receive_authenticate_accumulate,0.017226944,0.017227018
14,147,receive_authenticate_accumulate,0.000057165,0.000056982
14,147,receive_authenticate_accumulate,0.017219481,0.017219704
14,147,receive_authenticate_accumulate,0.000058573,0.000058315
14,147,receive_authenticate_accumulate,0.017228019,0.017228352
14,147,receive_authenticate_accumulate,0.000057425,0.000057130
14,147,receive_authenticate_accumulate,0.017232111,0.017232204
14,147,receive_authenticate_accumulate,0.000057832,0.000057740
14,147,receive_authenticate_accumulate,0.017234907,0.017234870
14,147,receive_authenticate_accumulate,0.000056796,0.000056556
14,147,receive_authenticate_accumulate,0.017219852,0.017219926
14,147,receive_authenticate_accumulate,0.000058518,0.000058222
14,147,receive_authenticate_accumulate,0.017225796,0.017225834
14,147,receive_authenticate_accumulate,0.000058277,0.000058018
14,147,receive_authenticate_accumulate,0.017219352,0.017219481
14,147,receive_authenticate_accumulate,0.000056963,0.000056722
14,147,receive_authenticate_accumulate,0.017219889,0.017220019
14,147,receive_authenticate_accumulate,0.000056832,0.000056574
14,147,receive_authenticate_accumulate,0.017258444,0.017258425
14,147,receive_authenticate_accumulate,0.000057592,0.000057426
14,147,receive_authenticate_accumulate,0.017219018,0.017219074
14,147,receive_authenticate_accumulate,0.000057221,0.000056963
14,147,receive_authenticate_accumulate,0.017293147,0.017261833
14,147,receive_authenticate_accumulate,0.000070499,0.000069926
14,147,receive_authenticate_accumulate,0.017220297,0.017220481
14,147,receive_authenticate_accumulate,0.000057147,0.000056852
14,147,receive_authenticate_accumulate,0.017228963,0.017228926
14,147,receive_authenticate_accumulate,0.000056759,0.000056500
14,147,round_coverage,0.000003537,0.000002851
14,147,spatial_report,0.000041018,0.000040556
14,148,round_reset,0.000009204,0.000007852
14,148,receive_authenticate_accumulate,0.017223835,0.017223870
14,148,receive_authenticate_accumulate,0.000056462,0.000056148
14,148,receive_authenticate_accumulate,0.017228242,0.017228444
14,148,receive_authenticate_accumulate,0.000057999,0.000057797
14,148,receive_authenticate_accumulate,0.017236668,0.017236703
14,148,receive_authenticate_accumulate,0.000056166,0.000056037
14,148,reading_commitment_and_shares,0.026290635,0.026269149
14,148,receive_authenticate_accumulate,0.017217723,0.017218074
14,148,receive_authenticate_accumulate,0.000056333,0.000055945
14,148,receive_authenticate_accumulate,0.017227372,0.017227370
14,148,receive_authenticate_accumulate,0.000057332,0.000056981
14,148,receive_authenticate_accumulate,0.017222890,0.017223055
14,148,receive_authenticate_accumulate,0.000059277,0.000059074
14,148,receive_authenticate_accumulate,0.017257649,0.017257852
14,148,receive_authenticate_accumulate,0.000056203,0.000055963
14,148,receive_authenticate_accumulate,0.017227964,0.017228000
14,148,receive_authenticate_accumulate,0.000055111,0.000054944
14,148,receive_authenticate_accumulate,0.017256723,0.017237908
14,148,receive_authenticate_accumulate,0.000055980,0.000055833
14,148,receive_authenticate_accumulate,0.017213372,0.017213500
14,148,receive_authenticate_accumulate,0.000054240,0.000054037
14,148,receive_authenticate_accumulate,0.017234946,0.017234926
14,148,receive_authenticate_accumulate,0.000055240,0.000054963
14,148,receive_authenticate_accumulate,0.017260001,0.017236833
14,148,receive_authenticate_accumulate,0.000055425,0.000055129
14,148,receive_authenticate_accumulate,0.017226168,0.017226278
14,148,receive_authenticate_accumulate,0.000056055,0.000055611
14,148,receive_authenticate_accumulate,0.017262409,0.017233648
14,148,receive_authenticate_accumulate,0.000055851,0.000055574
14,148,receive_authenticate_accumulate,0.017227169,0.017227352
14,148,receive_authenticate_accumulate,0.000055388,0.000055259
14,148,receive_authenticate_accumulate,0.017224094,0.017224241
14,148,receive_authenticate_accumulate,0.000055277,0.000055018
14,148,receive_authenticate_accumulate,0.017222039,0.017221963
14,148,receive_authenticate_accumulate,0.000055184,0.000055019
14,148,receive_authenticate_accumulate,0.017224687,0.017224796
14,148,receive_authenticate_accumulate,0.000055462,0.000055223
14,148,receive_authenticate_accumulate,0.017219835,0.017219778
14,148,receive_authenticate_accumulate,0.000054795,0.000054611
14,148,receive_authenticate_accumulate,0.017242594,0.017242833
14,148,receive_authenticate_accumulate,0.000056740,0.000056537
14,148,round_coverage,0.000003370,0.000002796
14,148,spatial_report,0.000042499,0.000041870
14,149,round_reset,0.000008907,0.000007704
14,149,receive_authenticate_accumulate,0.028729325,0.028729408
14,149,receive_authenticate_accumulate,0.000072758,0.000072704
14,149,receive_authenticate_accumulate,0.017218522,0.017218629
14,149,receive_authenticate_accumulate,0.000056000,0.000055833
14,149,receive_authenticate_accumulate,0.017236928,0.017236963
14,149,receive_authenticate_accumulate,0.000056722,0.000056296
14,149,reading_commitment_and_shares,0.026259562,0.026259815
14,149,receive_authenticate_accumulate,0.017210576,0.017210778
14,149,receive_authenticate_accumulate,0.000057722,0.000057537
14,149,receive_authenticate_accumulate,0.017221762,0.017221889
14,149,receive_authenticate_accumulate,0.000056703,0.000056500
14,149,receive_authenticate_accumulate,0.017229262,0.017229203
14,149,receive_authenticate_accumulate,0.000057832,0.000057537
14,149,receive_authenticate_accumulate,0.017235336,0.017235315
14,149,receive_authenticate_accumulate,0.000058240,0.000057944
14,149,receive_authenticate_accumulate,0.017224429,0.017224037
14,149,receive_authenticate_accumulate,0.000057203,0.000056796
14,149,receive_authenticate_accumulate,0.017311057,0.017311093
14,149,receive_authenticate_accumulate,0.000058259,0.000058111
14,149,receive_authenticate_accumulate,0.017223077,0.017223111
14,149,receive_authenticate_accumulate,0.000057944,0.000057667
14,149,receive_authenticate_accumulate,0.017227613,0.017227555
14,149,receive_authenticate_accumulate,0.000057425,0.000057167
14,149,receive_authenticate_accumulate,0.017220077,0.017220111
14,149,receive_authenticate_accumulate,0.000057462,0.000057186
14,149,receive_authenticate_accumulate,0.017219596,0.017219481
14,149,receive_authenticate_accumulate,0.000057222,0.000057166
14,149,receive_authenticate_accumulate,0.017221169,0.017221241
14,149,receive_authenticate_accumulate,0.000056665,0.000056370
14,149,receive_authenticate_accumulate,0.017265650,0.017239833
14,149,receive_authenticate_accumulate,0.000057407,0.000057241
14,149,receive_authenticate_accumulate,0.017230596,0.017230648
14,149,receive_authenticate_accumulate,0.000056203,0.000056111
14,149,receive_authenticate_accumulate,0.017229706,0.017229611
14,149,receive_authenticate_accumulate,0.000057295,0.000056611
14,149,receive_authenticate_accumulate,0.017221744,0.017221796
14,149,receive_authenticate_accumulate,0.000056332,0.000056056
14,149,receive_authenticate_accumulate,0.017227114,0.017227352
14,149,receive_authenticate_accumulate,0.000056147,0.000055851
14,149,receive_authenticate_accumulate,0.017229133,0.017229389
14,149,receive_authenticate_accumulate,0.000056092,0.000055944
14,149,round_coverage,0.000003667,0.000003130
14,149,spatial_report,0.000040796,0.000040500
14,149,billing_report,0.000448530,0.000448333
14,149,shutdown,0.000008870,0.000007315
