period,round,phase,wall_seconds,cpu_seconds
0,0,period_reset,0.000022722,0.000022167
0,0,receive_authenticate_accumulate,0.000080740,0.000080648
0,0,receive_authenticate_accumulate,0.000032037,0.000031852
0,0,receive_authenticate_accumulate,0.000038611,0.000038592
0,0,receive_authenticate_accumulate,0.000039611,0.000039667
0,0,receive_authenticate_accumulate,0.000031944,0.000031871
0,0,receive_authenticate_accumulate,0.000040352,0.000040333
0,0,receive_authenticate_accumulate,0.000032555,0.000032425
0,0,receive_authenticate_accumulate,0.000039444,0.000039371
0,0,receive_authenticate_accumulate,0.000038000,0.000037704
0,0,receive_authenticate_accumulate,0.000033148,0.000033037
0,0,receive_authenticate_accumulate,0.000039499,0.000039445
0,0,receive_authenticate_accumulate,0.000038833,0.000038612
0,0,receive_authenticate_accumulate,0.000033278,0.000033129
0,0,receive_authenticate_accumulate,0.000039444,0.000039444
0,0,receive_authenticate_accumulate,0.000032481,0.000032240
0,0,receive_authenticate_accumulate,0.000038667,0.000038537
0,0,receive_authenticate_accumulate,0.000038537,0.000038407
0,0,receive_authenticate_accumulate,0.000032388,0.000032093
0,0,randomness_commit,0.000445886,0.000445982
0,0,receive_authenticate_accumulate,0.000039703,0.000039537
0,0,receive_authenticate_accumulate,0.000040981,0.000040889
0,0,receive_authenticate_accumulate,0.000042925,0.000042852
0,0,receive_authenticate_accumulate,0.000046629,0.000046611
0,0,receive_authenticate_accumulate,0.000040574,0.000040408
0,0,receive_authenticate_accumulate,0.000047240,0.000046982
0,0,receive_authenticate_accumulate,0.000046204,0.000046204
0,0,receive_authenticate_accumulate,0.000039907,0.000039796
0,0,receive_authenticate_accumulate,0.000047777,0.000047741
0,0,receive_authenticate_accumulate,0.000045370,0.000045241
0,0,receive_authenticate_accumulate,0.000039573,0.000039462
0,0,receive_authenticate_accumulate,0.000048463,0.000048352
0,0,receive_authenticate_accumulate,0.000040370,0.000040296
0,0,receive_authenticate_accumulate,0.000046648,0.000046519
0,0,receive_authenticate_accumulate,0.000046740,0.000046537
0,0,receive_authenticate_accumulate,0.000041463,0.000041278
0,0,receive_authenticate_accumulate,0.000045999,0.000045852
0,0,receive_authenticate_accumulate,0.000047518,0.000047371
0,0,receive_authenticate_accumulate,0.000040648,0.000040555
0,0,receive_authenticate_accumulate,0.000046982,0.000047037
0,0,randomness_reveal,0.000292794,0.000292722
0,0,receive_authenticate_accumulate,0.000039870,0.000039648
0,0,receive_authenticate_accumulate,0.000048203,0.000048037
0,0,committee_selection,0.000086592,0.000086518
0,0,round_reset,0.000005889,0.000005444
0,0,receive_authenticate_accumulate,0.017302497,0.017302574
0,0,receive_authenticate_accumulate,0.017251849,0.017251797
0,0,receive_authenticate_accumulate,0.017254682,0.017254685
0,0,receive_authenticate_accumulate,0.017258590,0.017258389
0,0,receive_authenticate_accumulate,0.017259997,0.017259777
0,0,receive_authenticate_accumulate,0.017257534,0.017257445
0,0,receive_authenticate_accumulate,0.017247997,0.017247963
0,0,receive_authenticate_accumulate,0.017257386,0.017257296
0,0,receive_authenticate_accumulate,0.017254442,0.017254556
0,0,receive_authenticate_accumulate,0.017248701,0.017248092
0,0,receive_authenticate_accumulate,0.017255442,0.017255537
0,0,receive_authenticate_accumulate,0.017266461,0.017266333
0,0,receive_authenticate_accumulate,0.017255312,0.017255093
0,0,receive_authenticate_accumulate,0.017252276,0.017252315
0,0,receive_authenticate_accumulate,0.017252812,0.017252722
0,0,receive_authenticate_accumulate,0.017256887,0.017256852
0,0,receive_authenticate_accumulate,0.017278886,0.017257407
0,0,receive_authenticate_accumulate,0.017263275,0.017263148
0,0,reading_commitment_and_shares,0.026951563,0.026951630
0,0,receive_authenticate_accumulate,0.017225905,0.017225778
0,0,receive_authenticate_accumulate,0.017261720,0.017250278
0,0,round_coverage,0.000003926,0.000003296
0,1,round_reset,0.000008722,0.000007500
0,1,receive_authenticate_accumulate,0.017259444,0.017259259
0,1,receive_authenticate_accumulate,0.017251963,0.017251981
0,1,receive_authenticate_accumulate,0.017238684,0.017238463
0,1,receive_authenticate_accumulate,0.017226907,0.017226814
0,1,receive_authenticate_accumulate,0.017232148,0.017232260
0,1,receive_authenticate_accumulate,0.017229259,0.017229241
0,1,receive_authenticate_accumulate,0.017232592,0.017232574
0,1,receive_authenticate_accumulate,0.017231888,0.017231926
0,1,receive_authenticate_accumulate,0.017238833,0.017238759
0,1,receive_authenticate_accumulate,0.017239518,0.017239463
0,1,receive_authenticate_accumulate,0.017265185,0.017238388
0,1,receive_authenticate_accumulate,0.017231203,0.017231166
0,1,receive_authenticate_accumulate,0.017239778,0.017239685
0,1,receive_authenticate_accumulate,0.017264777,0.017241815
0,1,receive_authenticate_accumulate,0.017231963,0.017231999
0,1,receive_authenticate_accumulate,0.017238537,0.017238519
0,1,receive_authenticate_accumulate,0.017228556,0.017228408
0,1,receive_authenticate_accumulate,0.017283593,0.017256240
0,1,reading_commitment_and_shares,0.026927327,0.026927352
0,1,receive_authenticate_accumulate,0.017240685,0.017240389
0,1,receive_authenticate_accumulate,0.017228685,0.017228629
0,1,round_coverage,0.000003740,0.000003241
0,2,round_reset,0.000010166,0.000008019
0,2,receive_authenticate_accumulate,0.017228169,0.017228111
0,2,receive_authenticate_accumulate,0.017227761,0.017227703
0,2,receive_authenticate_accumulate,0.017269649,0.017252222
0,2,receive_authenticate_accumulate,0.017231390,0.017231425
0,2,receive_authenticate_accumulate,0.017238983,0.017238870
0,2,receive_authenticate_accumulate,0.017243391,0.017243333
0,2,receive_authenticate_accumulate,0.017219910,0.017219796
0,2,receive_authenticate_accumulate,0.017236928,0.017237000
0,2,receive_authenticate_accumulate,0.017241872,0.017241797
0,2,receive_authenticate_accumulate,0.017241224,0.017241296
0,2,receive_authenticate_accumulate,0.017224002,0.017223945
0,2,receive_authenticate_accumulate,0.017227761,0.017227815
0,2,receive_authenticate_accumulate,0.017236058,0.017235815
0,2,receive_authenticate_accumulate,0.017238261,0.017238204
0,2,receive_authenticate_accumulate,0.017233076,0.017233111
0,2,receive_authenticate_accumulate,0.017224910,0.017224815
0,2,receive_authenticate_accumulate,0.017234391,0.017234352
0,2,receive_authenticate_accumulate,0.017263335,0.017244445
0,2,reading_commitment_and_shares,0.026904552,0.026904648
0,2,receive_authenticate_accumulate,0.017231835,0.017231556
0,2,receive_authenticate_accumulate,0.017236798,0.017236778
0,2,round_coverage,0.000003685,0.000003203
0,3,round_reset,0.000008370,0.000007518
0,3,receive_authenticate_accumulate,0.017240318,0.017240334
0,3,receive_authenticate_accumulate,0.017244300,0.017244185
0,3,receive_authenticate_accumulate,0.017230540,0.017230388
0,3,receive_authenticate_accumulate,0.017230707,0.017230648
0,3,receive_authenticate_accumulate,0.017290411,0.017249759
0,3,receive_authenticate_accumulate,0.017237430,0.017237334
0,3,receive_authenticate_accumulate,0.017226522,0.017226426
0,3,receive_authenticate_accumulate,0.017224041,0.017223926
0,3,receive_authenticate_accumulate,0.017229393,0.017229389
0,3,receive_authenticate_accumulate,0.017232004,0.017232074
0,3,receive_authenticate_accumulate,0.017225893,0.017226000
0,3,receive_authenticate_accumulate,0.017230596,0.017230555
0,3,receive_authenticate_accumulate,0.017235781,0.017235759
0,3,receive_authenticate_accumulate,0.017243115,0.017243037
0,3,receive_authenticate_accumulate,0.017283355,0.017250704
0,3,receive_authenticate_accumulate,0.017227208,0.017227186
0,3,receive_authenticate_accumulate,0.017237430,0.017237277
0,3,receive_authenticate_accumulate,0.017232800,0.017232796
0,3,reading_commitment_and_shares,0.026902629,0.026902667
0,3,receive_authenticate_accumulate,0.017240801,0.017240833
0,3,receive_authenticate_accumulate,0.017233911,0.017233981
0,3,round_coverage,0.000003926,0.000003425
0,4,round_reset,0.000009055,0.000008056
0,4,receive_authenticate_accumulate,0.017225616,0.017225481
0,4,receive_authenticate_accumulate,0.017226746,0.017226703
0,4,receive_authenticate_accumulate,0.017225431,0.017225463
0,4,receive_authenticate_accumulate,0.017235154,0.017235222
0,4,receive_authenticate_accumulate,0.017220524,0.017220462
0,4,receive_authenticate_accumulate,0.017230394,0.017230481
0,4,receive_authenticate_accumulate,0.017225321,0.017225204
0,4,receive_authenticate_accumulate,0.017277061,0.017277129
0,4,receive_authenticate_accumulate,0.017222876,0.017222814
0,4,receive_authenticate_accumulate,0.017265449,0.017240629
0,4,receive_authenticate_accumulate,0.017228727,0.017228741
0,4,receive_authenticate_accumulate,0.017234617,0.017234796
0,4,receive_authenticate_accumulate,0.017232876,0.017232740
0,4,receive_authenticate_accumulate,0.017227764,0.017227777
0,4,receive_authenticate_accumulate,0.017218543,0.017218574
0,4,receive_authenticate_accumulate,0.017231839,0.017231741
0,4,receive_authenticate_accumulate,0.017225673,0.017225703
0,4,receive_authenticate_accumulate,0.017235672,0.017235722
0,4,reading_commitment_and_shares,0.026892502,0.026892370
0,4,receive_authenticate_accumulate,0.017226451,0.017226444
0,4,receive_authenticate_accumulate,0.017221042,0.017221352
0,4,round_coverage,0.000003889,0.000003371
0,5,round_reset,0.000008759,0.000007685
0,5,receive_authenticate_accumulate,0.017225099,0.017224982
0,5,receive_authenticate_accumulate,0.017236859,0.017236814
0,5,receive_authenticate_accumulate,0.017290081,0.017247037
0,5,receive_authenticate_accumulate,0.017229322,0.017229537
0,5,receive_authenticate_accumulate,0.017231062,0.017231129
0,5,receive_authenticate_accumulate,0.017236081,0.017236074
0,5,receive_authenticate_accumulate,0.017228896,0.017228982
0,5,receive_authenticate_accumulate,0.017230710,0.017230741
0,5,receive_authenticate_accumulate,0.017267470,0.017241426
0,5,receive_authenticate_accumulate,0.017226822,0.017226871
0,5,receive_authenticate_accumulate,0.017228637,0.017228686
0,5,receive_authenticate_accumulate,0.017231803,0.017231666
0,5,receive_authenticate_accumulate,0.017260211,0.017241611
0,5,receive_authenticate_accumulate,0.017226970,0.017226704
0,5,receive_authenticate_accumulate,0.017224470,0.017224519
0,5,receive_authenticate_accumulate,0.017222840,0.017222851
0,5,receive_authenticate_accumulate,0.017232192,0.017232314
0,5,receive_authenticate_accumulate,0.017224674,0.017224703
0,5,reading_commitment_and_shares,0.026893283,0.026893445
0,5,receive_authenticate_accumulate,0.017291562,0.017252537
0,5,receive_authenticate_accumulate,0.017222785,0.017222648
0,5,round_coverage,0.000003870,0.000003352
0,6,round_reset,0.000009111,0.000008166
0,6,receive_authenticate_accumulate,0.017231304,0.017231259
0,6,receive_authenticate_accumulate,0.017226693,0.017226777
0,6,receive_authenticate_accumulate,0.017230434,0.017230499
0,6,receive_authenticate_accumulate,0.017237212,0.017237166
0,6,receive_authenticate_accumulate,0.017232138,0.017231962
0,6,receive_authenticate_accumulate,0.017237767,0.017237536
0,6,receive_authenticate_accumulate,0.017229342,0.017229315
0,6,receive_authenticate_accumulate,0.017226305,0.017226204
0,6,receive_authenticate_accumulate,0.017233694,0.017233241
0,6,receive_authenticate_accumulate,0.017240602,0.017240500
0,6,receive_authenticate_accumulate,0.017241546,0.017241482
0,6,receive_authenticate_accumulate,0.017235398,0.017235259
0,6,receive_authenticate_accumulate,0.017239713,0.017239722
0,6,receive_authenticate_accumulate,0.017233397,0.017233259
0,6,receive_authenticate_accumulate,0.017227954,0.017227852
0,6,receive_authenticate_accumulate,0.017237860,0.017237481
0,6,receive_authenticate_accumulate,0.017227731,0.017227611
0,6,receive_authenticate_accumulate,0.017239027,0.017238945
0,6,reading_commitment_and_shares,0.026899007,0.026899259
0,6,receive_authenticate_accumulate,0.017231786,0.017231666
0,6,receive_authenticate_accumulate,0.017273861,0.017247295
0,6,round_coverage,0.000003796,0.000003166
0,7,round_reset,0.000009000,0.000007944
0,7,receive_authenticate_accumulate,0.017232399,0.017232352
0,7,receive_authenticate_accumulate,0.017233324,0.017233204
0,7,receive_authenticate_accumulate,0.017233288,0.017233019
0,7,receive_authenticate_accumulate,0.017238510,0.017238408
0,7,receive_authenticate_accumulate,0.017240399,0.017240444
0,7,receive_authenticate_accumulate,0.017266177,0.017247167
0,7,receive_authenticate_accumulate,0.017233510,0.017233407
0,7,receive_authenticate_accumulate,0.017237103,0.017237112
0,7,receive_authenticate_accumulate,0.017236936,0.017236852
0,7,receive_authenticate_accumulate,0.017227751,0.017227685
0,7,receive_authenticate_accumulate,0.017257639,0.017244592
0,7,receive_authenticate_accumulate,0.017237529,0.017237148
0,7,receive_authenticate_accumulate,0.017241307,0.017241352
0,7,receive_authenticate_accumulate,0.017238862,0.017238722
0,7,receive_authenticate_accumulate,0.017239307,0.017239389
0,7,receive_authenticate_accumulate,0.017236233,0.017235888
0,7,receive_authenticate_accumulate,0.017230362,0.017230204
0,7,receive_authenticate_accumulate,0.017253380,0.017242852
0,7,reading_commitment_and_shares,0.026900602,0.026900963
0,7,receive_authenticate_accumulate,0.017281196,0.017241795
0,7,receive_authenticate_accumulate,0.017230918,0.017231074
0,7,round_coverage,0.000004093,0.000003556
0,8,round_reset,0.000008926,0.000007555
0,8,receive_authenticate_accumulate,0.017232086,0.017231926
0,8,receive_authenticate_accumulate,0.017245011,0.017244907
0,8,receive_authenticate_accumulate,0.017229863,0.017229740
0,8,receive_authenticate_accumulate,0.017231697,0.017231574
0,8,receive_authenticate_accumulate,0.017231660,0.017231444
0,8,receive_authenticate_accumulate,0.017241771,0.017241703
0,8,receive_authenticate_accumulate,0.017230938,0.017230815
0,8,receive_authenticate_accumulate,0.017228363,0.017228222
0,8,receive_authenticate_accumulate,0.017236586,0.017236556
0,8,receive_authenticate_accumulate,0.017239474,0.017239426
0,8,receive_authenticate_accumulate,0.017235475,0.017235463
0,8,receive_authenticate_accumulate,0.017237141,0.017237037
0,8,receive_authenticate_accumulate,0.017230530,0.017230537
0,8,receive_authenticate_accumulate,0.017229215,0.017229130
0,8,receive_authenticate_accumulate,0.017229623,0.017229500
0,8,receive_authenticate_accumulate,0.017241475,0.017241389
0,8,receive_authenticate_accumulate,0.017222400,0.017222296
0,8,receive_authenticate_accumulate,0.017236919,0.017236908
0,8,reading_commitment_and_shares,0.026948492,0.026919000
0,8,receive_authenticate_accumulate,0.017234475,0.017234408
0,8,receive_authenticate_accumulate,0.017231345,0.017231259
0,8,round_coverage,0.000003537,0.000002944
0,9,round_reset,0.000009148,0.000007926
0,9,receive_authenticate_accumulate,0.017223939,0.017223685
0,9,receive_authenticate_accumulate,0.017232421,0.017232315
0,9,receive_authenticate_accumulate,0.017228068,0.017228000
0,9,receive_authenticate_accumulate,0.017236791,0.017236444
0,9,receive_authenticate_accumulate,0.017236235,0.017236111
0,9,receive_authenticate_accumulate,0.017235217,0.017235166
0,9,receive_authenticate_accumulate,0.017259235,0.017239926
0,9,receive_authenticate_accumulate,0.017235050,0.017235055
0,9,receive_authenticate_accumulate,0.017231531,0.017231408
0,9,receive_authenticate_accumulate,0.017227550,0.017227445
0,9,receive_authenticate_accumulate,0.017249494,0.017249500
0,9,receive_authenticate_accumulate,0.017232828,0.017232851
0,9,receive_authenticate_accumulate,0.025918371,0.025877573
0,9,receive_authenticate_accumulate,0.017241809,0.017241852
0,9,receive_authenticate_accumulate,0.017228328,0.017228315
0,9,receive_authenticate_accumulate,0.017234273,0.017234370
0,9,receive_authenticate_accumulate,0.017232401,0.017232389
0,9,receive_authenticate_accumulate,0.017235309,0.017235186
0,9,reading_commitment_and_shares,0.026901291,0.026901407
0,9,receive_authenticate_accumulate,0.017230902,0.017230686
0,9,receive_authenticate_accumulate,0.017269494,0.017252759
0,9,round_coverage,0.000004296,0.000003759
1,10,period_reset,0.000026426,0.000024500
1,10,receive_authenticate_accumulate,0.000096092,0.000095167
1,10,receive_authenticate_accumulate,0.000093611,0.000093352
1,10,receive_authenticate_accumulate,0.000092314,0.000092463
1,10,receive_authenticate_accumulate,0.000091926,0.000091926
1,10,receive_authenticate_accumulate,0.000094074,0.000094129
1,10,receive_authenticate_accumulate,0.000092518,0.000092278
1,10,receive_authenticate_accumulate,0.000092888,0.000092871
1,10,receive_authenticate_accumulate,0.000072536,0.000072425
1,10,receive_authenticate_accumulate,0.000070759,0.000070722
1,10,receive_authenticate_accumulate,0.000069944,0.000069722
1,10,receive_authenticate_accumulate,0.000069425,0.000069204
1,10,receive_authenticate_accumulate,0.000105240,0.000104740
1,10,receive_authenticate_accumulate,0.000070352,0.000070111
1,10,receive_authenticate_accumulate,0.000070130,0.000069981
1,10,receive_authenticate_accumulate,0.000070759,0.000070759
1,10,receive_authenticate_accumulate,0.000070110,0.000070037
1,10,receive_authenticate_accumulate,0.000068130,0.000067871
1,10,receive_authenticate_accumulate,0.000068833,0.000068629
1,10,randomness_commit,0.000587867,0.000587982
1,10,receive_authenticate_accumulate,0.000069555,0.000069444
1,10,receive_authenticate_accumulate,0.000069740,0.000069741
1,10,receive_authenticate_accumulate,0.000081666,0.000081296
1,10,receive_authenticate_accumulate,0.000083981,0.000083870
1,10,receive_authenticate_accumulate,0.000084296,0.000084222
1,10,receive_authenticate_accumulate,0.000082333,0.000082277
1,10,receive_authenticate_accumulate,0.000083370,0.000083241
1,10,receive_authenticate_accumulate,0.000084407,0.000084518
1,10,receive_authenticate_accumulate,0.000115278,0.000115315
1,10,receive_authenticate_accumulate,0.000083333,0.000083481
1,10,receive_authenticate_accumulate,0.000083500,0.000083315
1,10,receive_authenticate_accumulate,0.000068444,0.000068334
1,10,receive_authenticate_accumulate,0.000067833,0.000067611
1,10,receive_authenticate_accumulate,0.000069055,0.000068889
1,10,receive_authenticate_accumulate,0.000067851,0.000067889
1,10,receive_authenticate_accumulate,0.000066907,0.000066926
1,10,receive_authenticate_accumulate,0.000069259,0.000069260
1,10,receive_authenticate_accumulate,0.000068778,0.000068593
1,10,receive_authenticate_accumulate,0.000070037,0.000069871
1,10,receive_authenticate_accumulate,0.000065185,0.000065148
1,10,randomness_reveal,0.000442072,0.000442092
1,10,receive_authenticate_accumulate,0.000068129,0.000068074
1,10,receive_authenticate_accumulate,0.000069574,0.000069648
1,10,committee_selection,0.000124017,0.000123759
1,10,round_reset,0.000004963,0.000004333
1,10,receive_authenticate_accumulate,0.017227699,0.017227648
1,10,receive_authenticate_accumulate,0.017227032,0.017226962
1,10,receive_authenticate_accumulate,0.017224162,0.017224074
1,10,receive_authenticate_accumulate,0.017223903,0.017223907
1,10,receive_authenticate_accumulate,0.017218755,0.017218704
1,10,receive_authenticate_accumulate,0.017263736,0.017236908
1,10,receive_authenticate_accumulate,0.017220643,0.017220630
1,10,receive_authenticate_accumulate,0.017229866,0.017229815
1,10,receive_authenticate_accumulate,0.017224514,0.017224500
1,10,receive_authenticate_accumulate,0.017233662,0.017233537
1,10,receive_authenticate_accumulate,0.017262477,0.017241797
1,10,receive_authenticate_accumulate,0.017231403,0.017231407
1,10,receive_authenticate_accumulate,0.025867410,0.025867445
1,10,receive_authenticate_accumulate,0.017230329,0.017230241
1,10,receive_authenticate_accumulate,0.017217904,0.017217629
1,10,receive_authenticate_accumulate,0.017234181,0.017234130
1,10,receive_authenticate_accumulate,0.017222199,0.017222204
1,10,receive_authenticate_accumulate,0.017226199,0.017226130
1,10,reading_commitment_and_shares,0.026891071,0.026891148
1,10,receive_authenticate_accumulate,0.017230607,0.017230593
1,10,receive_authenticate_accumulate,0.017266810,0.017241223
1,10,round_coverage,0.000004111,0.000003519
1,11,round_reset,0.000009889,0.000008018
1,11,receive_authenticate_accumulate,0.017234941,0.017234611
1,11,receive_authenticate_accumulate,0.017232978,0.017232907
1,11,receive_authenticate_accumulate,0.017261775,0.017238056
1,11,receive_authenticate_accumulate,0.017227293,0.017227278
1,11,receive_authenticate_accumulate,0.017236867,0.017236611
1,11,receive_authenticate_accumulate,0.017277775,0.017236019
1,11,receive_authenticate_accumulate,0.017227960,0.017227741
1,11,receive_authenticate_accumulate,0.017226552,0.017226537
1,11,receive_authenticate_accumulate,0.017235256,0.017235204
1,11,receive_authenticate_accumulate,0.017253275,0.017239167
1,11,receive_authenticate_accumulate,0.017229349,0.017229259
1,11,receive_authenticate_accumulate,0.017229386,0.017229148
1,11,receive_authenticate_accumulate,0.017262441,0.017245445
1,11,receive_authenticate_accumulate,0.017231219,0.017231092
1,11,receive_authenticate_accumulate,0.017267793,0.017239370
1,11,receive_authenticate_accumulate,0.017224720,0.017224648
1,11,receive_authenticate_accumulate,0.017229386,0.017229500
1,11,receive_authenticate_accumulate,0.017225071,0.017225093
1,11,reading_commitment_and_shares,0.026909443,0.026909722
1,11,receive_authenticate_accumulate,0.017218923,0.017218741
1,11,receive_authenticate_accumulate,0.017233867,0.017233685
1,11,round_coverage,0.000004037,0.000003445
1,12,round_reset,0.000009296,0.000008019
1,12,receive_authenticate_accumulate,0.017265794,0.017238537
1,12,receive_authenticate_accumulate,0.017228739,0.017228518
1,12,receive_authenticate_accumulate,0.017224109,0.017224000
1,12,receive_authenticate_accumulate,0.017228350,0.017228129
1,12,receive_authenticate_accumulate,0.017251294,0.017241204
1,12,receive_authenticate_accumulate,0.017227609,0.017227611
1,12,receive_authenticate_accumulate,0.017232312,0.017232351
1,12,receive_authenticate_accumulate,0.017220424,0.017220334
1,12,receive_authenticate_accumulate,0.017223795,0.017223741
1,12,receive_authenticate_accumulate,0.017230479,0.017230426
1,12,receive_authenticate_accumulate,0.017231424,0.017231556
1,12,receive_authenticate_accumulate,0.017271683,0.017250500
1,12,receive_authenticate_accumulate,0.017258739,0.017233926
1,12,receive_authenticate_accumulate,0.017219794,0.017219611
1,12,receive_authenticate_accumulate,0.017238812,0.017238796
1,12,receive_authenticate_accumulate,0.017221405,0.017221352
1,12,receive_authenticate_accumulate,0.017220572,0.017220463
1,12,receive_authenticate_accumulate,0.017231276,0.017231037
1,12,reading_commitment_and_shares,0.026889945,0.026890130
1,12,receive_authenticate_accumulate,0.017225868,0.017225852
1,12,receive_authenticate_accumulate,0.017233313,0.017233277
1,12,round_coverage,0.000004037,0.000003463
1,13,round_reset,0.000009277,0.000008129
1,13,receive_authenticate_accumulate,0.017225018,0.017224944
1,13,receive_authenticate_accumulate,0.017260536,0.017238019
1,13,receive_authenticate_accumulate,0.017229573,0.017229592
1,13,receive_authenticate_accumulate,0.017250980,0.017250963
1,13,receive_authenticate_accumulate,0.017249647,0.017229185
1,13,receive_authenticate_accumulate,0.017234406,0.017234093
1,13,receive_authenticate_accumulate,0.017238925,0.017238852
1,13,receive_authenticate_accumulate,0.017247536,0.017247445
1,13,receive_authenticate_accumulate,0.017226795,0.017226611
1,13,receive_authenticate_accumulate,0.017232221,0.017232111
1,13,receive_authenticate_accumulate,0.017231073,0.017231037
1,13,receive_authenticate_accumulate,0.017233092,0.017233074
1,13,receive_authenticate_accumulate,0.017224777,0.017224611
1,13,receive_authenticate_accumulate,0.017274721,0.017248185
1,13,receive_authenticate_accumulate,0.017228851,0.017228740
1,13,receive_authenticate_accumulate,0.017231333,0.017231167
1,13,receive_authenticate_accumulate,0.017232481,0.017232037
1,13,receive_authenticate_accumulate,0.017233870,0.017233908
1,13,reading_commitment_and_shares,0.026904465,0.026904593
1,13,receive_authenticate_accumulate,0.017228611,0.017228629
1,13,receive_authenticate_accumulate,0.017223963,0.017223871
1,13,round_coverage,0.000003833,0.000003351
1,14,round_reset,0.000009593,0.000008500
1,14,receive_authenticate_accumulate,0.017231556,0.017231463
1,14,receive_authenticate_accumulate,0.017234408,0.017234352
1,14,receive_authenticate_accumulate,0.017263148,0.017238111
1,14,receive_authenticate_accumulate,0.017234889,0.017234870
1,14,receive_authenticate_accumulate,0.017230648,0.017230685
1,14,receive_authenticate_accumulate,0.017230259,0.017230407
1,14,receive_authenticate_accumulate,0.017242574,0.017242593
1,14,receive_authenticate_accumulate,0.017225223,0.017225093
1,14,receive_authenticate_accumulate,0.017229797,0.017229667
1,14,receive_authenticate_accumulate,0.017232612,0.017232649
1,14,receive_authenticate_accumulate,0.017233907,0.017233963
1,14,receive_authenticate_accumulate,0.017224315,0.017224260
1,14,receive_authenticate_accumulate,0.017239314,0.017239482
1,14,receive_authenticate_accumulate,0.017229019,0.017228926
1,14,receive_authenticate_accumulate,0.017235186,0.017234907
1,14,receive_authenticate_accumulate,0.017270593,0.017247777
1,14,receive_authenticate_accumulate,0.017227722,0.017227648
1,14,receive_authenticate_accumulate,0.017231370,0.017231166
1,14,reading_commitment_and_shares,0.026990429,0.026961186
1,14,receive_authenticate_accumulate,0.017227260,0.017227185
1,14,receive_authenticate_accumulate,0.017228463,0.017228370
1,14,round_coverage,0.000003648,0.000003148
1,15,round_reset,0.000008537,0.000007760
1,15,receive_authenticate_accumulate,0.017238390,0.017238481
1,15,receive_authenticate_accumulate,0.017234945,0.017234852
1,15,receive_authenticate_accumulate,0.017232742,0.017232630
1,15,receive_authenticate_accumulate,0.017285778,0.017255759
1,15,receive_authenticate_accumulate,0.017226316,0.017226408
1,15,receive_authenticate_accumulate,0.017237964,0.017237814
1,15,receive_authenticate_accumulate,0.017222853,0.017222685
1,15,receive_authenticate_accumulate,0.017225945,0.017225759
1,15,receive_authenticate_accumulate,0.017216112,0.017216130
1,15,receive_authenticate_accumulate,0.017263260,0.017245333
1,15,receive_authenticate_accumulate,0.017225816,0.017225833
1,15,receive_authenticate_accumulate,0.017234667,0.017234629
1,15,receive_authenticate_accumulate,0.017235520,0.017235481
1,15,receive_authenticate_accumulate,0.017226798,0.017226685
1,15,receive_authenticate_accumulate,0.017233668,0.017233537
1,15,receive_authenticate_accumulate,0.017222038,0.017221982
1,15,receive_authenticate_accumulate,0.017223576,0.017223537
1,15,receive_authenticate_accumulate,0.017319630,0.017265536
1,15,reading_commitment_and_shares,0.026906191,0.026906352
1,15,receive_authenticate_accumulate,0.017227205,0.017227204
1,15,receive_authenticate_accumulate,0.017220760,0.017220759
1,15,round_coverage,0.000003796,0.000003296
1,16,round_reset,0.000009518,0.000008204
1,16,receive_authenticate_accumulate,0.017222983,0.017222870
1,16,receive_authenticate_accumulate,0.017229594,0.017229278
1,16,receive_authenticate_accumulate,0.017234835,0.017234889
1,16,receive_authenticate_accumulate,0.017225132,0.017225129
1,16,receive_authenticate_accumulate,0.017232705,0.017232685
1,16,receive_authenticate_accumulate,0.017232094,0.017231945
1,16,receive_authenticate_accumulate,0.017230835,0.017230703
1,16,receive_authenticate_accumulate,0.017265279,0.017237907
1,16,receive_authenticate_accumulate,0.017232576,0.017232463
1,16,receive_authenticate_accumulate,0.017251816,0.017252444
1,16,receive_authenticate_accumulate,0.017226113,0.017226037
1,16,receive_authenticate_accumulate,0.017230224,0.017230167
1,16,receive_authenticate_accumulate,0.017240613,0.017240648
1,16,receive_authenticate_accumulate,0.017223798,0.017223685
1,16,receive_authenticate_accumulate,0.017273390,0.017238278
1,16,receive_authenticate_accumulate,0.017232743,0.017232462
1,16,receive_authenticate_accumulate,0.017234520,0.017234519
1,16,receive_authenticate_accumulate,0.017230409,0.017230371
1,16,reading_commitment_and_shares,0.026896136,0.026896037
1,16,receive_authenticate_accumulate,0.017232354,0.017232352
1,16,receive_authenticate_accumulate,0.017263594,0.017239908
1,16,round_coverage,0.000004056,0.000003482
1,17,round_reset,0.000009815,0.000008685
1,17,receive_authenticate_accumulate,0.017222410,0.017222334
1,17,receive_authenticate_accumulate,0.017225281,0.017225111
1,17,receive_authenticate_accumulate,0.017224984,0.017224944
1,17,receive_authenticate_accumulate,0.017231744,0.017231612
1,17,receive_authenticate_accumulate,0.017237170,0.017237166
1,17,receive_authenticate_accumulate,0.017225892,0.017225871
1,17,receive_authenticate_accumulate,0.017226003,0.017225908
1,17,receive_authenticate_accumulate,0.017231502,0.017231314
1,17,receive_authenticate_accumulate,0.017266095,0.017244870
1,17,receive_authenticate_accumulate,0.017230003,0.017230000
1,17,receive_authenticate_accumulate,0.017231984,0.017232000
1,17,receive_authenticate_accumulate,0.017233799,0.017233685
1,17,receive_authenticate_accumulate,0.017238947,0.017239000
1,17,receive_authenticate_accumulate,0.017229540,0.017229407
1,17,receive_authenticate_accumulate,0.017229929,0.017229740
1,17,receive_authenticate_accumulate,0.017262836,0.017244463
1,17,receive_authenticate_accumulate,0.017222281,0.017222296
1,17,receive_authenticate_accumulate,0.017230059,0.017230037
1,17,reading_commitment_and_shares,0.026891545,0.026892185
1,17,receive_authenticate_accumulate,0.017223837,0.017223519
1,17,receive_authenticate_accumulate,0.017263817,0.017251908
1,17,round_coverage,0.000003870,0.000003241
1,18,round_reset,0.000009037,0.000008296
1,18,receive_authenticate_accumulate,0.017225133,0.017225056
1,18,receive_authenticate_accumulate,0.017227762,0.017227759
1,18,receive_authenticate_accumulate,0.017228189,0.017228166
1,18,receive_authenticate_accumulate,0.017224911,0.017224777
1,18,receive_authenticate_accumulate,0.017232393,0.017232259
1,18,receive_authenticate_accumulate,0.017234411,0.017234333
1,18,receive_authenticate_accumulate,0.017230929,0.017230907
1,18,receive_authenticate_accumulate,0.017223429,0.017223241
1,18,receive_authenticate_accumulate,0.017229763,0.017229908
1,18,receive_authenticate_accumulate,0.017285725,0.017264184
1,18,receive_authenticate_accumulate,0.017230337,0.017230297
1,18,receive_authenticate_accumulate,0.017227652,0.017227518
1,18,receive_authenticate_accumulate,0.017228652,0.017228648
1,18,receive_authenticate_accumulate,0.017229171,0.017229241
1,18,receive_authenticate_accumulate,0.017224615,0.017224518
1,18,receive_authenticate_accumulate,0.017231819,0.017231797
1,18,receive_authenticate_accumulate,0.017226856,0.017226574
1,18,receive_authenticate_accumulate,0.017236911,0.017236833
1,18,reading_commitment_and_shares,0.026983490,0.026947779
1,18,receive_authenticate_accumulate,0.017223559,0.017223555
1,18,receive_authenticate_accumulate,0.017264263,0.017246389
1,18,round_coverage,0.000003741,0.000003296
1,19,round_reset,0.000009333,0.000007944
1,19,receive_authenticate_accumulate,0.017237764,0.017237851
1,19,receive_authenticate_accumulate,0.017274985,0.017245167
1,19,receive_authenticate_accumulate,0.017227967,0.017227945
1,19,receive_authenticate_accumulate,0.017227615,0.017227426
1,19,receive_authenticate_accumulate,0.017241578,0.017241352
1,19,receive_authenticate_accumulate,0.017219985,0.017220000
1,19,receive_authenticate_accumulate,0.017225523,0.017225444
1,19,receive_authenticate_accumulate,0.017223301,0.017223203
1,19,receive_authenticate_accumulate,0.017265634,0.017246054
1,19,receive_authenticate_accumulate,0.017221653,0.017221593
1,19,receive_authenticate_accumulate,0.017230078,0.017230074
1,19,receive_authenticate_accumulate,0.017230411,0.017230352
1,19,receive_authenticate_accumulate,0.017241023,0.017241055
1,19,receive_authenticate_accumulate,0.017231227,0.017231204
1,19,receive_authenticate_accumulate,0.017220856,0.017220722
1,19,receive_authenticate_accumulate,0.017231449,0.017231407
1,19,receive_authenticate_accumulate,0.017226264,0.017226204
1,19,receive_authenticate_accumulate,0.017236393,0.017236296
1,19,reading_commitment_and_shares,0.026899233,0.026899186
1,19,receive_authenticate_accumulate,0.017230856,0.017230833
1,19,receive_authenticate_accumulate,0.017263300,0.017263463
1,19,round_coverage,0.000004055,0.000003167
2,20,period_reset,0.000023703,0.000022723
2,20,receive_authenticate_accumulate,0.000094166,0.000094204
2,20,receive_authenticate_accumulate,0.000089870,0.000089574
2,20,receive_authenticate_accumulate,0.000092574,0.000092352
2,20,receive_authenticate_accumulate,0.000090870,0.000090463
2,20,receive_authenticate_accumulate,0.000091870,0.000091760
2,20,receive_authenticate_accumulate,0.000090499,0.000090370
2,20,receive_authenticate_accumulate,0.000094000,0.000093926
2,20,receive_authenticate_accumulate,0.000092111,0.000092000
2,20,receive_authenticate_accumulate,0.000089278,0.000089148
2,20,receive_authenticate_accumulate,0.000091407,0.000091167
2,20,receive_authenticate_accumulate,0.000090703,0.000089186
2,20,receive_authenticate_accumulate,0.000089518,0.000088648
2,20,receive_authenticate_accumulate,0.000090185,0.000090130
2,20,receive_authenticate_accumulate,0.000090296,0.000090037
2,20,receive_authenticate_accumulate,0.000090888,0.000089703
2,20,receive_authenticate_accumulate,0.000091536,0.000091019
2,20,receive_authenticate_accumulate,0.000041000,0.000040797
2,20,receive_authenticate_accumulate,0.000038759,0.000038518
2,20,randomness_commit,0.000347425,0.000347667
2,20,receive_authenticate_accumulate,0.000039222,0.000039037
2,20,receive_authenticate_accumulate,0.000039963,0.000039741
2,20,receive_authenticate_accumulate,0.000045407,0.000045278
2,20,receive_authenticate_accumulate,0.000049259,0.000048982
2,20,receive_authenticate_accumulate,0.000048814,0.000048704
2,20,receive_authenticate_accumulate,0.000046278,0.000046204
2,20,receive_authenticate_accumulate,0.000047389,0.000047222
2,20,receive_authenticate_accumulate,0.000046592,0.000046389
2,20,receive_authenticate_accumulate,0.000047426,0.000047370
2,20,receive_authenticate_accumulate,0.000047388,0.000047130
2,20,receive_authenticate_accumulate,0.000046222,0.000046222
2,20,receive_authenticate_accumulate,0.000049037,0.000049037
2,20,receive_authenticate_accumulate,0.000047963,0.000047815
2,20,receive_authenticate_accumulate,0.000046777,0.000046704
2,20,receive_authenticate_accumulate,0.000047334,0.000047148
2,20,receive_authenticate_accumulate,0.000048166,0.000048074
2,20,receive_authenticate_accumulate,0.000046666,0.000046426
2,20,receive_authenticate_accumulate,0.000049722,0.000049685
2,20,receive_authenticate_accumulate,0.000045888,0.000045759
2,20,receive_authenticate_accumulate,0.000047926,0.000047741
2,20,randomness_reveal,0.000294258,0.000294260
2,20,receive_authenticate_accumulate,0.000047741,0.000047556
2,20,receive_authenticate_accumulate,0.000046185,0.000045945
2,20,committee_selection,0.000086592,0.000086129
2,20,round_reset,0.000003297,0.000002723
2,20,receive_authenticate_accumulate,0.017228116,0.017228092
2,20,receive_authenticate_accumulate,0.000055926,0.000055944
2,20,receive_authenticate_accumulate,0.017223338,0.017223426
2,20,receive_authenticate_accumulate,0.000052741,0.000052556
2,20,receive_authenticate_accumulate,0.017230116,0.017230018
2,20,receive_authenticate_accumulate,0.000053925,0.000053722
2,20,receive_authenticate_accumulate,0.017229413,0.017229352
2,20,receive_authenticate_accumulate,0.000051999,0.000051963
2,20,receive_authenticate_accumulate,0.017221265,0.017221241
2,20,receive_authenticate_accumulate,0.000052704,0.000052296
2,20,receive_authenticate_accumulate,0.017231801,0.017231629
2,20,receive_authenticate_accumulate,0.000052129,0.000051870
2,20,receive_authenticate_accumulate,0.017226764,0.017226925
2,20,receive_authenticate_accumulate,0.000064926,0.000064740
2,20,receive_authenticate_accumulate,0.017296375,0.017253963
2,20,receive_authenticate_accumulate,0.000053333,0.000053018
2,20,receive_authenticate_accumulate,0.017231171,0.017230945
2,20,receive_authenticate_accumulate,0.000053037,0.000052981
2,20,receive_authenticate_accumulate,0.017222894,0.017222852
2,20,receive_authenticate_accumulate,0.000052648,0.000052575
2,20,receive_authenticate_accumulate,0.017226875,0.017226889
2,20,receive_authenticate_accumulate,0.000052537,0.000052537
2,20,receive_authenticate_accumulate,0.017240171,0.017240093
2,20,receive_authenticate_accumulate,0.000052703,0.000052759
2,20,receive_authenticate_accumulate,0.017228746,0.017228611
2,20,receive_authenticate_accumulate,0.000052907,0.000052908
2,20,receive_authenticate_accumulate,0.017236376,0.017236333
2,20,receive_authenticate_accumulate,0.000053888,0.000053740
2,20,receive_authenticate_accumulate,0.017224320,0.017224278
2,20,receive_authenticate_accumulate,0.000053222,0.000053111
2,20,receive_authenticate_accumulate,0.017230024,0.017229963
2,20,receive_authenticate_accumulate,0.000051185,0.000051111
2,20,receive_authenticate_accumulate,0.017294209,0.017256925
2,20,receive_authenticate_accumulate,0.000052870,0.000052759
2,20,receive_authenticate_accumulate,0.017231431,0.017231278
2,20,receive_authenticate_accumulate,0.000052000,0.000051926
2,20,reading_commitment_and_shares,0.026889770,0.026890167
2,20,receive_authenticate_accumulate,0.017231005,0.017230852
2,20,receive_authenticate_accumulate,0.000054499,0.000054444
2,20,receive_authenticate_accumulate,0.017265283,0.017237241
2,20,receive_authenticate_accumulate,0.000054851,0.000054796
2,20,round_coverage,0.000003556,0.000003074
2,20,spatial_report,0.000043130,0.000042944
2,21,round_reset,0.000008556,0.000007519
2,21,receive_authenticate_accumulate,0.017229987,0.017229833
2,21,receive_authenticate_accumulate,0.000052019,0.000051833
2,21,receive_authenticate_accumulate,0.017265746,0.017238149
2,21,receive_authenticate_accumulate,0.000051759,0.000051481
2,21,receive_authenticate_accumulate,0.017264950,0.017238260
2,21,receive_authenticate_accumulate,0.000051370,0.000051093
2,21,receive_authenticate_accumulate,0.017229210,0.017229093
2,21,receive_authenticate_accumulate,0.000051388,0.000051315
2,21,receive_authenticate_accumulate,0.017229079,0.017228945
2,21,receive_authenticate_accumulate,0.000050777,0.000050870
2,21,receive_authenticate_accumulate,0.017221691,0.017221574
2,21,receive_authenticate_accumulate,0.000051500,0.000051334
2,21,receive_authenticate_accumulate,0.017226432,0.017226352
2,21,receive_authenticate_accumulate,0.000050277,0.000050314
2,21,receive_authenticate_accumulate,0.017234579,0.017234556
2,21,receive_authenticate_accumulate,0.000051055,0.000050685
2,21,receive_authenticate_accumulate,0.017221005,0.017220981
2,21,receive_authenticate_accumulate,0.000051147,0.000051000
2,21,receive_authenticate_accumulate,0.017220951,0.017220852
2,21,receive_authenticate_accumulate,0.000051537,0.000051538
2,21,receive_authenticate_accumulate,0.017234765,0.017234685
2,21,receive_authenticate_accumulate,0.000051426,0.000051371
2,21,receive_authenticate_accumulate,0.017226654,0.017226592
2,21,receive_authenticate_accumulate,0.000051630,0.000051519
2,21,receive_authenticate_accumulate,0.017232728,0.017232685
2,21,receive_authenticate_accumulate,0.000051018,0.000050667
2,21,receive_authenticate_accumulate,0.017234043,0.017233833
2,21,receive_authenticate_accumulate,0.000051389,0.000051148
2,21,receive_authenticate_accumulate,0.017227339,0.017227389
2,21,receive_authenticate_accumulate,0.000049277,0.000049222
2,21,receive_authenticate_accumulate,0.017268616,0.017244721
2,21,receive_authenticate_accumulate,0.000051722,0.000051703
2,21,receive_authenticate_accumulate,0.017231765,0.017231630
2,21,receive_authenticate_accumulate,0.000050610,0.000050537
2,21,receive_authenticate_accumulate,0.017224432,0.017224481
2,21,receive_authenticate_accumulate,0.000052426,0.000052278
2,21,reading_commitment_and_shares,0.026929123,0.026901703
2,21,receive_authenticate_accumulate,0.017227561,0.017227537
2,21,receive_authenticate_accumulate,0.000050666,0.000050575
2,21,receive_authenticate_accumulate,0.017227116,0.017226963
2,21,receive_authenticate_accumulate,0.000051444,0.000051352
2,21,round_coverage,0.000003611,0.000003148
2,21,spatial_report,0.000039315,0.000039056
2,22,round_reset,0.000009426,0.000007333
2,22,receive_authenticate_accumulate,0.017229599,0.017229389
2,22,receive_authenticate_accumulate,0.000056037,0.000055944
2,22,receive_authenticate_accumulate,0.017283358,0.017245259
2,22,receive_authenticate_accumulate,0.000051963,0.000051963
2,22,receive_authenticate_accumulate,0.017248006,0.017247555
2,22,receive_authenticate_accumulate,0.000051592,0.000051593
2,22,receive_authenticate_accumulate,0.017232876,0.017232870
2,22,receive_authenticate_accumulate,0.000050703,0.000050611
2,22,receive_authenticate_accumulate,0.017266617,0.017239240
2,22,receive_authenticate_accumulate,0.000053426,0.000053352
2,22,receive_authenticate_accumulate,0.017226562,0.017226389
2,22,receive_authenticate_accumulate,0.000052037,0.000052037
2,22,receive_authenticate_accumulate,0.017256969,0.017239111
2,22,receive_authenticate_accumulate,0.000052741,0.000052760
2,22,receive_authenticate_accumulate,0.017235562,0.017235389
2,22,receive_authenticate_accumulate,0.000050907,0.000050963
2,22,receive_authenticate_accumulate,0.017223191,0.017223111
2,22,receive_authenticate_accumulate,0.000050907,0.000050963
2,22,receive_authenticate_accumulate,0.017233265,0.017233148
2,22,receive_authenticate_accumulate,0.000051814,0.000051500
2,22,receive_authenticate_accumulate,0.017224507,0.017224574
2,22,receive_authenticate_accumulate,0.000050722,0.000050500
2,22,receive_authenticate_accumulate,0.017238043,0.017237963
2,22,receive_authenticate_accumulate,0.000051500,0.000051444
2,22,receive_authenticate_accumulate,0.017239062,0.017239000
2,22,receive_authenticate_accumulate,0.000050740,0.000050703
2,22,receive_authenticate_accumulate,0.017225525,0.017225407
2,22,receive_authenticate_accumulate,0.000051278,0.000051278
2,22,receive_authenticate_accumulate,0.017248655,0.017248852
2,22,receive_authenticate_accumulate,0.000052278,0.000052056
2,22,receive_authenticate_accumulate,0.017285432,0.017246389
2,22,receive_authenticate_accumulate,0.000051055,0.000050963
2,22,receive_authenticate_accumulate,0.017255543,0.017238203
2,22,receive_authenticate_accumulate,0.000051704,0.000051500
2,22,receive_authenticate_accumulate,0.017225655,0.017225167
2,22,receive_authenticate_accumulate,0.000052148,0.000052111
2,22,reading_commitment_and_shares,0.026888865,0.026889259
2,22,receive_authenticate_accumulate,0.017265377,0.017238852
2,22,receive_authenticate_accumulate,0.000051907,0.000051982
2,22,receive_authenticate_accumulate,0.017223673,0.017223518
2,22,receive_authenticate_accumulate,0.000052370,0.000052240
2,22,round_coverage,0.000003574,0.000003130
2,22,spatial_report,0.000039296,0.000039093
2,23,round_reset,0.000009370,0.000008241
2,23,receive_authenticate_accumulate,0.017235137,0.017235056
2,23,receive_authenticate_accumulate,0.000051444,0.000051185
2,23,receive_authenticate_accumulate,0.017223451,0.017223351
2,23,receive_authenticate_accumulate,0.000053241,0.000053037
2,23,receive_authenticate_accumulate,0.017231321,0.017231222
2,23,receive_authenticate_accumulate,0.000051851,0.000051611
2,23,receive_authenticate_accumulate,0.017290599,0.017291167
2,23,receive_authenticate_accumulate,0.000055426,0.000055351
2,23,receive_authenticate_accumulate,0.017232285,0.017232259
2,23,receive_authenticate_accumulate,0.000071481,0.000064759
2,23,receive_authenticate_accumulate,0.017239341,0.017239260
2,23,receive_authenticate_accumulate,0.000051389,0.000051370
2,23,receive_authenticate_accumulate,0.017233432,0.017233407
2,23,receive_authenticate_accumulate,0.000050314,0.000050260
2,23,receive_authenticate_accumulate,0.017232655,0.017232833
2,23,receive_authenticate_accumulate,0.000050963,0.000050592
2,23,receive_authenticate_accumulate,0.017224840,0.017224815
2,23,receive_authenticate_accumulate,0.000050555,0.000050482
2,23,receive_authenticate_accumulate,0.017265432,0.017241889
2,23,receive_authenticate_accumulate,0.000052333,0.000052148
2,23,receive_authenticate_accumulate,0.017223952,0.017223741
2,23,receive_authenticate_accumulate,0.000051704,0.000051685
2,23,receive_authenticate_accumulate,0.017223655,0.017223574
2,23,receive_authenticate_accumulate,0.000051870,0.000051667
2,23,receive_authenticate_accumulate,0.017238785,0.017238685
2,23,receive_authenticate_accumulate,0.000052296,0.000052277
2,23,receive_authenticate_accumulate,0.017231840,0.017231722
2,23,receive_authenticate_accumulate,0.000052741,0.000052723
2,23,receive_authenticate_accumulate,0.017225821,0.017225759
2,23,receive_authenticate_accumulate,0.000064907,0.000064759
2,23,receive_authenticate_accumulate,0.017223007,0.017222926
2,23,receive_authenticate_accumulate,0.000049481,0.000049315
2,23,receive_authenticate_accumulate,0.017226729,0.017226704
2,23,receive_authenticate_accumulate,0.000049277,0.000049074
2,23,receive_authenticate_accumulate,0.017231173,0.017231111
2,23,receive_authenticate_accumulate,0.000051129,0.000050852
2,23,reading_commitment_and_shares,0.026874348,0.026874778
2,23,receive_authenticate_accumulate,0.017242803,0.017243111
2,23,receive_authenticate_accumulate,0.000049777,0.000049537
2,23,receive_authenticate_accumulate,0.017227081,0.017227240
2,23,receive_authenticate_accumulate,0.000049925,0.000049611
2,23,round_coverage,0.000003963,0.000003389
2,23,spatial_report,0.000040685,0.000040222
2,24,round_reset,0.000010111,0.000009056
2,24,receive_authenticate_accumulate,0.017225359,0.017225223
2,24,receive_authenticate_accumulate,0.000049666,0.000049463
2,24,receive_authenticate_accumulate,0.017229637,0.017229537
2,24,receive_authenticate_accumulate,0.000065277,0.000051315
2,24,receive_authenticate_accumulate,0.017237526,0.017237370
2,24,receive_authenticate_accumulate,0.000048907,0.000048908
2,24,receive_authenticate_accumulate,0.017220989,0.017220889
2,24,receive_authenticate_accumulate,0.000050574,0.000050407
2,24,receive_authenticate_accumulate,0.017221359,0.017221074
2,24,receive_authenticate_accumulate,0.000050352,0.000050314
2,24,receive_authenticate_accumulate,0.017221137,0.017221148
2,24,receive_authenticate_accumulate,0.000051129,0.000050871
2,24,receive_authenticate_accumulate,0.017227082,0.017226926
2,24,receive_authenticate_accumulate,0.000049352,0.000049278
2,24,receive_authenticate_accumulate,0.017236137,0.017235686
2,24,receive_authenticate_accumulate,0.000053055,0.000053000
2,24,receive_authenticate_accumulate,0.017271341,0.017244721
2,24,receive_authenticate_accumulate,0.000052648,0.000052574
2,24,receive_authenticate_accumulate,0.017219618,0.017219482
2,24,receive_authenticate_accumulate,0.000050796,0.000050796
2,24,receive_authenticate_accumulate,0.017229100,0.017228944
2,24,receive_authenticate_accumulate,0.000050741,0.000050759
2,24,receive_authenticate_accumulate,0.017234693,0.017234704
2,24,receive_authenticate_accumulate,0.000050000,0.000049834
2,24,receive_authenticate_accumulate,0.017288470,0.017256685
2,24,receive_authenticate_accumulate,0.000051685,0.000051667
2,24,receive_authenticate_accumulate,0.017226581,0.017226666
2,24,receive_authenticate_accumulate,0.000051797,0.000051759
2,24,receive_authenticate_accumulate,0.017231211,0.017231129
2,24,receive_authenticate_accumulate,0.000050055,0.000050093
2,24,receive_authenticate_accumulate,0.017225600,0.017225518
2,24,receive_authenticate_accumulate,0.000052130,0.000052148
2,24,receive_authenticate_accumulate,0.017261378,0.017245055
2,24,receive_authenticate_accumulate,0.000053222,0.000053056
2,24,receive_authenticate_accumulate,0.017231915,0.017231852
2,24,receive_authenticate_accumulate,0.000051741,0.000051648
2,24,reading_commitment_and_shares,0.026889497,0.026889666
2,24,receive_authenticate_accumulate,0.017219304,0.017219222
2,24,receive_authenticate_accumulate,0.000053462,0.000053259
2,24,receive_authenticate_accumulate,0.017240026,0.017240167
2,24,receive_authenticate_accumulate,0.000052518,0.000052296
2,24,round_coverage,0.000003203,0.000002741
2,24,spatial_report,0.000040166,0.000039778
2,25,round_reset,0.000008593,0.000007889
2,25,receive_authenticate_accumulate,0.017235915,0.017235778
2,25,receive_authenticate_accumulate,0.000053555,0.000053352
2,25,receive_authenticate_accumulate,0.017263360,0.017238093
2,25,receive_authenticate_accumulate,0.000053388,0.000053260
2,25,receive_authenticate_accumulate,0.017229785,0.017229834
2,25,receive_authenticate_accumulate,0.000053537,0.000053278
2,25,receive_authenticate_accumulate,0.017231359,0.017231407
2,25,receive_authenticate_accumulate,0.000052241,0.000051908
2,25,receive_authenticate_accumulate,0.017236878,0.017236685
2,25,receive_authenticate_accumulate,0.000052667,0.000052371
2,25,receive_authenticate_accumulate,0.017228045,0.017227982
2,25,receive_authenticate_accumulate,0.000052778,0.000052500
2,25,receive_authenticate_accumulate,0.017231859,0.017231740
2,25,receive_authenticate_accumulate,0.000053203,0.000053111
2,25,receive_authenticate_accumulate,0.017225359,0.017225223
2,25,receive_authenticate_accumulate,0.000051926,0.000051796
2,25,receive_authenticate_accumulate,0.017225138,0.017225519
2,25,receive_authenticate_accumulate,0.000052593,0.000052426
2,25,receive_authenticate_accumulate,0.017243841,0.017243982
2,25,receive_authenticate_accumulate,0.000054834,0.000054759
2,25,receive_authenticate_accumulate,0.017235934,0.017235704
2,25,receive_authenticate_accumulate,0.000052740,0.000052555
2,25,receive_authenticate_accumulate,0.017222415,0.017222389
2,25,receive_authenticate_accumulate,0.000052333,0.000052223
2,25,receive_authenticate_accumulate,0.017226508,0.017226481
2,25,receive_authenticate_accumulate,0.000053111,0.000053056
2,25,receive_authenticate_accumulate,0.017222841,0.017222296
2,25,receive_authenticate_accumulate,0.000052074,0.000052093
2,25,receive_authenticate_accumulate,0.017225990,0.017225908
2,25,receive_authenticate_accumulate,0.000052519,0.000052334
2,25,receive_authenticate_accumulate,0.017271212,0.017249278
2,25,receive_authenticate_accumulate,0.000052074,0.000051907
2,25,receive_authenticate_accumulate,0.017230508,0.017230537
2,25,receive_authenticate_accumulate,0.000053463,0.000053278
2,25,receive_authenticate_accumulate,0.017222712,0.017222796
2,25,receive_authenticate_accumulate,0.000052018,0.000051871
2,25,reading_commitment_and_shares,0.026924924,0.026897445
2,25,receive_authenticate_accumulate,0.017223711,0.017223851
2,25,receive_authenticate_accumulate,0.000052018,0.000051851
2,25,receive_authenticate_accumulate,0.017230027,0.017229797
2,25,receive_authenticate_accumulate,0.000051500,0.000051500
2,25,round_coverage,0.000003519,0.000002908
2,25,spatial_report,0.000040129,0.000039944
2,26,round_reset,0.000010259,0.000009241
2,26,receive_authenticate_accumulate,0.017229268,0.017229111
2,26,receive_authenticate_accumulate,0.000051741,0.000051593
2,26,receive_authenticate_accumulate,0.017291601,0.017263574
2,26,receive_authenticate_accumulate,0.000053074,0.000052963
2,26,receive_authenticate_accumulate,0.017223435,0.017223296
2,26,receive_authenticate_accumulate,0.000051740,0.000051722
2,26,receive_authenticate_accumulate,0.017228823,0.017228796
2,26,receive_authenticate_accumulate,0.000053111,0.000052834
2,26,receive_authenticate_accumulate,0.017229638,0.017229556
2,26,receive_authenticate_accumulate,0.000051482,0.000051333
2,26,receive_authenticate_accumulate,0.017228397,0.017228426
2,26,receive_authenticate_accumulate,0.000051907,0.000051667
2,26,receive_authenticate_accumulate,0.017223842,0.017223796
2,26,receive_authenticate_accumulate,0.000052426,0.000052240
2,26,receive_authenticate_accumulate,0.017224250,0.017224093
2,26,receive_authenticate_accumulate,0.000051056,0.000051019
2,26,receive_authenticate_accumulate,0.017232101,0.017231926
2,26,receive_authenticate_accumulate,0.000053167,0.000053148
2,26,receive_authenticate_accumulate,0.017235749,0.017235741
2,26,receive_authenticate_accumulate,0.000052833,0.000052797
2,26,receive_authenticate_accumulate,0.017229489,0.017228981
2,26,receive_authenticate_accumulate,0.000052203,0.000052093
2,26,receive_authenticate_accumulate,0.017231008,0.017230889
2,26,receive_authenticate_accumulate,0.000051093,0.000050704
2,26,receive_authenticate_accumulate,0.017253898,0.017253833
2,26,receive_authenticate_accumulate,0.000052536,0.000052444
2,26,receive_authenticate_accumulate,0.017232805,0.017232648
2,26,receive_authenticate_accumulate,0.000051388,0.000051408
2,26,receive_authenticate_accumulate,0.017229008,0.017229055
2,26,receive_authenticate_accumulate,0.000051481,0.000051278
2,26,receive_authenticate_accumulate,0.017227823,0.017227889
2,26,receive_authenticate_accumulate,0.000052926,0.000052723
2,26,receive_authenticate_accumulate,0.017229842,0.017229611
2,26,receive_authenticate_accumulate,0.000053277,0.000053130
2,26,receive_authenticate_accumulate,0.017232693,0.017232537
2,26,receive_authenticate_accumulate,0.000050833,0.000050759
2,26,reading_commitment_and_shares,0.026915720,0.026894056
2,26,receive_authenticate_accumulate,0.017220267,0.017220185
2,26,receive_authenticate_accumulate,0.000053741,0.000053463
2,26,receive_authenticate_accumulate,0.017222730,0.017222574
2,26,receive_authenticate_accumulate,0.000053000,0.000052741
2,26,round_coverage,0.000003463,0.000002889
2,26,spatial_report,0.000039833,0.000039463
2,27,round_reset,0.000009574,0.000008093
2,27,receive_authenticate_accumulate,0.017243193,0.017243129
2,27,receive_authenticate_accumulate,0.000050370,0.000050241
2,27,receive_authenticate_accumulate,0.017231083,0.017230963
2,27,receive_authenticate_accumulate,0.000051833,0.000051760
2,27,receive_authenticate_accumulate,0.017230157,0.017230185
2,27,receive_authenticate_accumulate,0.000052574,0.000052500
2,27,receive_authenticate_accumulate,0.017254804,0.017240148
2,27,receive_authenticate_accumulate,0.000052241,0.000052037
2,27,receive_authenticate_accumulate,0.017272416,0.017249019
2,27,receive_authenticate_accumulate,0.000051648,0.000051592
2,27,receive_authenticate_accumulate,0.017223713,0.017223370
2,27,receive_authenticate_accumulate,0.000052834,0.000052667
2,27,receive_authenticate_accumulate,0.017236175,0.017236185
2,27,receive_authenticate_accumulate,0.000052814,0.000052760
2,27,receive_authenticate_accumulate,0.017224731,0.017224593
2,27,receive_authenticate_accumulate,0.000050555,0.000050556
2,27,receive_authenticate_accumulate,0.017239564,0.017239444
2,27,receive_authenticate_accumulate,0.000051370,0.000050889
2,27,receive_authenticate_accumulate,0.017229453,0.017229333
2,27,receive_authenticate_accumulate,0.000052759,0.000052667
2,27,receive_authenticate_accumulate,0.017232713,0.017232574
2,27,receive_authenticate_accumulate,0.000053333,0.000052889
2,27,receive_authenticate_accumulate,0.017231750,0.017231760
2,27,receive_authenticate_accumulate,0.000051185,0.000051111
2,27,receive_authenticate_accumulate,0.017237990,0.017237796
2,27,receive_authenticate_accumulate,0.000053722,0.000053703
2,27,receive_authenticate_accumulate,0.017234009,0.017233777
2,27,receive_authenticate_accumulate,0.000052388,0.000051945
2,27,receive_authenticate_accumulate,0.017271250,0.017272278
2,27,receive_authenticate_accumulate,0.000054889,0.000054685
2,27,receive_authenticate_accumulate,0.017247120,0.017246963
2,27,receive_authenticate_accumulate,0.000053944,0.000054019
2,27,receive_authenticate_accumulate,0.017254601,0.017232667
2,27,receive_authenticate_accumulate,0.000052703,0.000052444
2,27,receive_authenticate_accumulate,0.017224472,0.017224203
2,27,receive_authenticate_accumulate,0.000052777,0.000052481
2,27,reading_commitment_and_shares,0.026892277,0.026892518
2,27,receive_authenticate_accumulate,0.017222843,0.017222871
2,27,receive_authenticate_accumulate,0.000053407,0.000053277
2,27,receive_authenticate_accumulate,0.017230731,0.017230722
2,27,receive_authenticate_accumulate,0.000077722,0.000077611
2,27,round_coverage,0.000003592,0.000002982
2,27,spatial_report,0.000039667,0.000039445
2,28,round_reset,0.000009870,0.000008759
2,28,receive_authenticate_accumulate,0.017225157,0.017225241
2,28,receive_authenticate_accumulate,0.000052574,0.000052296
2,28,receive_authenticate_accumulate,0.017245138,0.017244963
2,28,receive_authenticate_accumulate,0.000050370,0.000050204
2,28,receive_authenticate_accumulate,0.017266565,0.017239649
2,28,receive_authenticate_accumulate,0.000051204,0.000051074
2,28,receive_authenticate_accumulate,0.017231675,0.017231592
2,28,receive_authenticate_accumulate,0.000050444,0.000050222
2,28,receive_authenticate_accumulate,0.017221750,0.017221574
2,28,receive_authenticate_accumulate,0.000051759,0.000051537
2,28,receive_authenticate_accumulate,0.017226879,0.017226778
2,28,receive_authenticate_accumulate,0.000051833,0.000051648
2,28,receive_authenticate_accumulate,0.017228898,0.017228815
2,28,receive_authenticate_accumulate,0.000052240,0.000052093
2,28,receive_authenticate_accumulate,0.017231824,0.017231648
2,28,receive_authenticate_accumulate,0.000051556,0.000051519
2,28,receive_authenticate_accumulate,0.017225806,0.017225723
2,28,receive_authenticate_accumulate,0.000053482,0.000053352
2,28,receive_authenticate_accumulate,0.017227138,0.017226982
2,28,receive_authenticate_accumulate,0.000052148,0.000051981
2,28,receive_authenticate_accumulate,0.017223195,0.017223055
2,28,receive_authenticate_accumulate,0.000051815,0.000051778
2,28,receive_authenticate_accumulate,0.017230991,0.017230666
2,28,receive_authenticate_accumulate,0.000051203,0.000051037
2,28,receive_authenticate_accumulate,0.017227731,0.017227759
2,28,receive_authenticate_accumulate,0.000051574,0.000051426
2,28,receive_authenticate_accumulate,0.017228232,0.017228259
2,28,receive_authenticate_accumulate,0.000051722,0.000051593
2,28,receive_authenticate_accumulate,0.017228602,0.017228463
2,28,receive_authenticate_accumulate,0.000050277,0.000050037
2,28,receive_authenticate_accumulate,0.017268380,0.017243260
2,28,receive_authenticate_accumulate,0.000051296,0.000051130
2,28,receive_authenticate_accumulate,0.017234157,0.017234000
2,28,receive_authenticate_accumulate,0.000050963,0.000050740
2,28,receive_authenticate_accumulate,0.017220009,0.017219796
2,28,receive_authenticate_accumulate,0.000050926,0.000050722
2,28,reading_commitment_and_shares,0.026970221,0.026943241
2,28,receive_authenticate_accumulate,0.017266083,0.017266148
2,28,receive_authenticate_accumulate,0.000054962,0.000054777
2,28,receive_authenticate_accumulate,0.017258565,0.017258592
2,28,receive_authenticate_accumulate,0.000054963,0.000054796
2,28,round_coverage,0.000003963,0.000003352
2,28,spatial_report,0.000039981,0.000039648
2,29,round_reset,0.000009944,0.000008907
2,29,receive_authenticate_accumulate,0.017234603,0.017234463
2,29,receive_authenticate_accumulate,0.000053722,0.000053611
2,29,receive_authenticate_accumulate,0.017227898,0.017227834
2,29,receive_authenticate_accumulate,0.000051148,0.000051129
2,29,receive_authenticate_accumulate,0.017221806,0.017221574
2,29,receive_authenticate_accumulate,0.000051592,0.000051407
2,29,receive_authenticate_accumulate,0.017262380,0.017243963
2,29,receive_authenticate_accumulate,0.000052982,0.000052722
2,29,receive_authenticate_accumulate,0.017264806,0.017238463
2,29,receive_authenticate_accumulate,0.000053055,0.000052796
2,29,receive_authenticate_accumulate,0.017259972,0.017260019
2,29,receive_authenticate_accumulate,0.000051314,0.000051019
2,29,receive_authenticate_accumulate,0.017235621,0.017235463
2,29,receive_authenticate_accumulate,0.000050315,0.000050129
2,29,receive_authenticate_accumulate,0.017228714,0.017228611
2,29,receive_authenticate_accumulate,0.000050555,0.000050463
2,29,receive_authenticate_accumulate,0.017226972,0.017226796
2,29,receive_authenticate_accumulate,0.000050926,0.000050889
2,29,receive_authenticate_accumulate,0.017231139,0.017230963
2,29,receive_authenticate_accumulate,0.000051185,0.000051074
2,29,receive_authenticate_accumulate,0.017217751,0.017217537
2,29,receive_authenticate_accumulate,0.000051351,0.000051092
2,29,receive_authenticate_accumulate,0.017228047,0.017227908
2,29,receive_authenticate_accumulate,0.000049537,0.000049259
2,29,receive_authenticate_accumulate,0.017233435,0.017233351
2,29,receive_authenticate_accumulate,0.000050445,0.000050297
2,29,receive_authenticate_accumulate,0.017220362,0.017220463
2,29,receive_authenticate_accumulate,0.000049703,0.000049555
2,29,receive_authenticate_accumulate,0.017234158,0.017234074
2,29,receive_authenticate_accumulate,0.000050537,0.000050593
2,29,receive_authenticate_accumulate,0.017227177,0.017227055
2,29,receive_authenticate_accumulate,0.000050259,0.000050241
2,29,receive_authenticate_accumulate,0.017225787,0.017225685
2,29,receive_authenticate_accumulate,0.000049426,0.000049426
2,29,receive_authenticate_accumulate,0.017270158,0.017243574
2,29,receive_authenticate_accumulate,0.000051815,0.000051537
2,29,reading_commitment_and_shares,0.026877481,0.026877630
2,29,receive_authenticate_accumulate,0.017229620,0.017229315
2,29,receive_authenticate_accumulate,0.000051055,0.000050852
2,29,receive_authenticate_accumulate,0.017230510,0.017230482
2,29,receive_authenticate_accumulate,0.000050036,0.000049833
2,29,round_coverage,0.000003166,0.000002703
2,29,spatial_report,0.000039222,0.000038981
2,29,billing_report,0.000419758,0.000419519
3,30,period_reset,0.000026852,0.000025944
3,30,receive_authenticate_accumulate,0.000097741,0.000097796
3,30,receive_authenticate_accumulate,0.000095389,0.000095148
3,30,receive_authenticate_accumulate,0.000095463,0.000095519
3,30,receive_authenticate_accumulate,0.000090370,0.000090371
3,30,receive_authenticate_accumulate,0.000093499,0.000093593
3,30,receive_authenticate_accumulate,0.000089851,0.000089908
3,30,receive_authenticate_accumulate,0.000091463,0.000091203
3,30,receive_authenticate_accumulate,0.000070647,0.000070407
3,30,receive_authenticate_accumulate,0.000070907,0.000070481
3,30,receive_authenticate_accumulate,0.000071037,0.000070759
3,30,receive_authenticate_accumulate,0.000070111,0.000069926
3,30,receive_authenticate_accumulate,0.000070074,0.000069944
3,30,receive_authenticate_accumulate,0.000069741,0.000069685
3,30,receive_authenticate_accumulate,0.000106777,0.000106778
3,30,receive_authenticate_accumulate,0.000069963,0.000070000
3,30,receive_authenticate_accumulate,0.000070370,0.000070333
3,30,receive_authenticate_accumulate,0.000068703,0.000068704
3,30,receive_authenticate_accumulate,0.000068982,0.000069000
3,30,randomness_commit,0.000600349,0.000600333
3,30,receive_authenticate_accumulate,0.000069388,0.000068889
3,30,receive_authenticate_accumulate,0.000072277,0.000071797
3,30,receive_authenticate_accumulate,0.000082981,0.000082852
3,30,receive_authenticate_accumulate,0.000083592,0.000083556
3,30,receive_authenticate_accumulate,0.000084907,0.000084888
3,30,receive_authenticate_accumulate,0.000083277,0.000083037
3,30,receive_authenticate_accumulate,0.000083147,0.000083130
3,30,receive_authenticate_accumulate,0.000082703,0.000082778
3,30,receive_authenticate_accumulate,0.000083537,0.000083482
3,30,receive_authenticate_accumulate,0.000084259,0.000084222
3,30,receive_authenticate_accumulate,0.000082944,0.000082907
3,30,receive_authenticate_accumulate,0.000051611,0.000051648
3,30,receive_authenticate_accumulate,0.000046963,0.000046963
3,30,receive_authenticate_accumulate,0.000048740,0.000048667
3,30,receive_authenticate_accumulate,0.000048741,0.000048500
3,30,receive_authenticate_accumulate,0.000045888,0.000045852
3,30,receive_authenticate_accumulate,0.000047907,0.000047833
3,30,receive_authenticate_accumulate,0.000047482,0.000047240
3,30,receive_authenticate_accumulate,0.000047537,0.000047444
3,30,receive_authenticate_accumulate,0.000048185,0.000048018
3,30,randomness_reveal,0.000285221,0.000285149
3,30,receive_authenticate_accumulate,0.000045556,0.000045518
3,30,receive_authenticate_accumulate,0.000048333,0.000048092
3,30,committee_selection,0.000085796,0.000085500
3,30,round_reset,0.000003778,0.000003333
3,30,receive_authenticate_accumulate,0.017271491,0.017242629
3,30,receive_authenticate_accumulate,0.017231455,0.017231408
3,30,receive_authenticate_accumulate,0.017269084,0.017241685
3,30,receive_authenticate_accumulate,0.017223344,0.017223259
3,30,receive_authenticate_accumulate,0.017223176,0.017222926
3,30,receive_authenticate_accumulate,0.017241047,0.017236926
3,30,receive_authenticate_accumulate,0.017232899,0.017232833
3,30,receive_authenticate_accumulate,0.017228806,0.017228703
3,30,receive_authenticate_accumulate,0.017229658,0.017229407
3,30,receive_authenticate_accumulate,0.017264232,0.017244000
3,30,receive_authenticate_accumulate,0.017230399,0.017230333
3,30,receive_authenticate_accumulate,0.017225807,0.017225722
3,30,receive_authenticate_accumulate,0.017241880,0.017241777
3,30,receive_authenticate_accumulate,0.017229343,0.017229278
3,30,receive_authenticate_accumulate,0.017269473,0.017244778
3,30,receive_authenticate_accumulate,0.017214510,0.017214593
3,30,receive_authenticate_accumulate,0.017228307,0.017228129
3,30,receive_authenticate_accumulate,0.017250047,0.017249796
3,30,reading_commitment_and_shares,0.026926408,0.026897593
3,30,receive_authenticate_accumulate,0.017269121,0.017241203
3,30,receive_authenticate_accumulate,0.017225158,0.017224796
3,30,round_coverage,0.000004112,0.000003704
3,31,round_reset,0.000009314,0.000008148
3,31,receive_authenticate_accumulate,0.017277547,0.017277518
3,31,receive_authenticate_accumulate,0.017229974,0.017229907
3,31,receive_authenticate_accumulate,0.017233122,0.017233037
3,31,receive_authenticate_accumulate,0.017234437,0.017234334
3,31,receive_authenticate_accumulate,0.017235010,0.017234963
3,31,receive_authenticate_accumulate,0.017233918,0.017233778
3,31,receive_authenticate_accumulate,0.017245140,0.017245129
3,31,receive_authenticate_accumulate,0.017226789,0.017226685
3,31,receive_authenticate_accumulate,0.017238344,0.017238222
3,31,receive_authenticate_accumulate,0.017263899,0.017239093
3,31,receive_authenticate_accumulate,0.017231103,0.017231056
3,31,receive_authenticate_accumulate,0.017231381,0.017231352
3,31,receive_authenticate_accumulate,0.017234084,0.017233889
3,31,receive_authenticate_accumulate,0.017270011,0.017246463
3,31,receive_authenticate_accumulate,0.017226085,0.017226018
3,31,receive_authenticate_accumulate,0.017225232,0.017225167
3,31,receive_authenticate_accumulate,0.017243714,0.017243555
3,31,receive_authenticate_accumulate,0.017223473,0.017223370
3,31,reading_commitment_and_shares,0.026898150,0.026898130
3,31,receive_authenticate_accumulate,0.017218418,0.017218444
3,31,receive_authenticate_accumulate,0.017284880,0.017257038
3,31,round_coverage,0.000004296,0.000003722
3,32,round_reset,0.000008907,0.000008018
3,32,receive_authenticate_accumulate,0.017230178,0.017230037
3,32,receive_authenticate_accumulate,0.017229919,0.017229814
3,32,receive_authenticate_accumulate,0.017262585,0.017262592
3,32,receive_authenticate_accumulate,0.017225307,0.017225259
3,32,receive_authenticate_accumulate,0.017228993,0.017228648
3,32,receive_authenticate_accumulate,0.017225973,0.017225962
3,32,receive_authenticate_accumulate,0.017221844,0.017221852
3,32,receive_authenticate_accumulate,0.017228233,0.017228185
3,32,receive_authenticate_accumulate,0.017232585,0.017232389
3,32,receive_authenticate_accumulate,0.017226604,0.017226408
3,32,receive_authenticate_accumulate,0.017233918,0.017234130
3,32,receive_authenticate_accumulate,0.017225677,0.017225574
3,32,receive_authenticate_accumulate,0.017228251,0.017228278
3,32,receive_authenticate_accumulate,0.017283029,0.017252815
3,32,receive_authenticate_accumulate,0.017233344,0.017233185
3,32,receive_authenticate_accumulate,0.017233807,0.017233667
3,32,receive_authenticate_accumulate,0.017288678,0.017261630
3,32,receive_authenticate_accumulate,0.017238492,0.017238426
3,32,reading_commitment_and_shares,0.026892724,0.026892759
3,32,receive_authenticate_accumulate,0.017229567,0.017229445
3,32,receive_authenticate_accumulate,0.017221622,0.017221741
3,32,round_coverage,0.000003778,0.000003241
3,33,round_reset,0.000008777,0.000007556
3,33,receive_authenticate_accumulate,0.017266715,0.017249722
3,33,receive_authenticate_accumulate,0.017233364,0.017233667
3,33,receive_authenticate_accumulate,0.017229977,0.017230629
3,33,receive_authenticate_accumulate,0.017244402,0.017244908
3,33,receive_authenticate_accumulate,0.017260772,0.017235500
3,33,receive_authenticate_accumulate,0.017255514,0.017257018
3,33,receive_authenticate_accumulate,0.017295957,0.017264389
3,33,receive_authenticate_accumulate,0.017234553,0.017235037
3,33,receive_authenticate_accumulate,0.017233331,0.017234000
3,33,receive_authenticate_accumulate,0.017232090,0.017232704
3,33,receive_authenticate_accumulate,0.017213981,0.017214463
3,33,receive_authenticate_accumulate,0.017230573,0.017231093
3,33,receive_authenticate_accumulate,0.017287275,0.017251391
3,33,receive_authenticate_accumulate,0.017228389,0.017228982
3,33,receive_authenticate_accumulate,0.017231500,0.017232037
3,33,receive_authenticate_accumulate,0.017229575,0.017230129
3,33,receive_authenticate_accumulate,0.017216427,0.017217037
3,33,receive_authenticate_accumulate,0.017274813,0.017248371
3,33,reading_commitment_and_shares,0.026890275,0.026891129
3,33,receive_authenticate_accumulate,0.017230168,0.017230574
3,33,receive_authenticate_accumulate,0.017224410,0.017224852
3,33,round_coverage,0.000004352,0.000003704
3,34,round_reset,0.000009907,0.000009037
3,34,receive_authenticate_accumulate,0.017228989,0.017229426
3,34,receive_authenticate_accumulate,0.017260173,0.017246092
3,34,receive_authenticate_accumulate,0.017232546,0.017232981
3,34,receive_authenticate_accumulate,0.017271618,0.017248148
3,34,receive_authenticate_accumulate,0.017219249,0.017219630
3,34,receive_authenticate_accumulate,0.017233769,0.017234185
3,34,receive_authenticate_accumulate,0.017237695,0.017238203
3,34,receive_authenticate_accumulate,0.017231252,0.017231704
3,34,receive_authenticate_accumulate,0.017222659,0.017223296
3,34,receive_authenticate_accumulate,0.017291934,0.017292722
3,34,receive_authenticate_accumulate,0.017240993,0.017241629
3,34,receive_authenticate_accumulate,0.017229993,0.017230537
3,34,receive_authenticate_accumulate,0.017231957,0.017232425
3,34,receive_authenticate_accumulate,0.017231569,0.017232055
3,34,receive_authenticate_accumulate,0.017230457,0.017230852
3,34,receive_authenticate_accumulate,0.017228699,0.017229241
3,34,receive_authenticate_accumulate,0.017271456,0.017248944
3,34,receive_authenticate_accumulate,0.017223273,0.017223833
3,34,reading_commitment_and_shares,0.026896473,0.026897926
3,34,receive_authenticate_accumulate,0.017224552,0.017225000
3,34,receive_authenticate_accumulate,0.017239200,0.017239741
3,34,round_coverage,0.000003851,0.000003259
3,35,round_reset,0.000008278,0.000007389
3,35,receive_authenticate_accumulate,0.017223353,0.017223796
3,35,receive_authenticate_accumulate,0.017225149,0.017225629
3,35,receive_authenticate_accumulate,0.017231520,0.017232185
3,35,receive_authenticate_accumulate,0.017228391,0.017229000
3,35,receive_authenticate_accumulate,0.017225317,0.017225777
3,35,receive_authenticate_accumulate,0.017227855,0.017228426
3,35,receive_authenticate_accumulate,0.017231410,0.017231814
3,35,receive_authenticate_accumulate,0.017228356,0.017228722
3,35,receive_authenticate_accumulate,0.017300575,0.017243648
3,35,receive_authenticate_accumulate,0.017233782,0.017234297
3,35,receive_authenticate_accumulate,0.017224542,0.017224981
3,35,receive_authenticate_accumulate,0.017286596,0.017246574
3,35,receive_authenticate_accumulate,0.017243802,0.017244185
3,35,receive_authenticate_accumulate,0.017229154,0.017229593
3,35,receive_authenticate_accumulate,0.017229747,0.017230185
3,35,receive_authenticate_accumulate,0.017233877,0.017234314
3,35,receive_authenticate_accumulate,0.017264413,0.017241278
3,35,receive_authenticate_accumulate,0.017236211,0.017236629
3,35,reading_commitment_and_shares,0.026896130,0.026896833
3,35,receive_authenticate_accumulate,0.017287543,0.017257407
3,35,receive_authenticate_accumulate,0.017230860,0.017231352
3,35,round_coverage,0.000004000,0.000003426
3,36,round_reset,0.000010055,0.000008945
3,36,receive_authenticate_accumulate,0.017228918,0.017229185
3,36,receive_authenticate_accumulate,0.017228807,0.017229370
3,36,receive_authenticate_accumulate,0.017226993,0.017227260
3,36,receive_authenticate_accumulate,0.017225327,0.017225944
3,36,receive_authenticate_accumulate,0.017230845,0.017231259
3,36,receive_authenticate_accumulate,0.017310214,0.017244279
3,36,receive_authenticate_accumulate,0.017229809,0.017230204
3,36,receive_authenticate_accumulate,0.017223384,0.017223704
3,36,receive_authenticate_accumulate,0.017273197,0.017243241
3,36,receive_authenticate_accumulate,0.017233291,0.017233722
3,36,receive_authenticate_accumulate,0.017230126,0.017230648
3,36,receive_authenticate_accumulate,0.017227774,0.017228223
3,36,receive_authenticate_accumulate,0.017273736,0.017254889
3,36,receive_authenticate_accumulate,0.017234756,0.017235203
3,36,receive_authenticate_accumulate,0.017260681,0.017261185
3,36,receive_authenticate_accumulate,0.017285070,0.017285463
3,36,receive_authenticate_accumulate,0.017240108,0.017240778
3,36,receive_authenticate_accumulate,0.017236462,0.017237037
3,36,reading_commitment_and_shares,0.026901655,0.026902481
3,36,receive_authenticate_accumulate,0.017231332,0.017231870
3,36,receive_authenticate_accumulate,0.017233591,0.017234018
3,36,round_coverage,0.000003834,0.000003240
3,37,round_reset,0.000009277,0.000007519
3,37,receive_authenticate_accumulate,0.017238185,0.017238685
3,37,receive_authenticate_accumulate,0.017239389,0.017239814
3,37,receive_authenticate_accumulate,0.017220058,0.017220408
3,37,receive_authenticate_accumulate,0.017229279,0.017229852
3,37,receive_authenticate_accumulate,0.017280499,0.017238314
3,37,receive_authenticate_accumulate,0.017239780,0.017240185
3,37,receive_authenticate_accumulate,0.017259760,0.017244519
3,37,receive_authenticate_accumulate,0.017229189,0.017229704
3,37,receive_authenticate_accumulate,0.017229929,0.017230352
3,37,receive_authenticate_accumulate,0.017290761,0.017267963
3,37,receive_authenticate_accumulate,0.017226467,0.017226759
3,37,receive_authenticate_accumulate,0.017209042,0.017209314
3,37,receive_authenticate_accumulate,0.017235893,0.017236425
3,37,receive_authenticate_accumulate,0.017231042,0.017231463
3,37,receive_authenticate_accumulate,0.017231375,0.017231723
3,37,receive_authenticate_accumulate,0.017227802,0.017228333
3,37,receive_authenticate_accumulate,0.017228987,0.017229463
3,37,receive_authenticate_accumulate,0.017247839,0.017248426
3,37,reading_commitment_and_shares,0.026938898,0.026939815
3,37,receive_authenticate_accumulate,0.017226877,0.017227240
3,37,receive_authenticate_accumulate,0.017230544,0.017231018
3,37,round_coverage,0.000003889,0.000003278
3,38,round_reset,0.000010573,0.000009240
3,38,receive_authenticate_accumulate,0.017228471,0.017228945
3,38,receive_authenticate_accumulate,0.017271173,0.017242981
3,38,receive_authenticate_accumulate,0.017231730,0.017232167
3,38,receive_authenticate_accumulate,0.017221490,0.017221888
3,38,receive_authenticate_accumulate,0.017233861,0.017234351
3,38,receive_authenticate_accumulate,0.017222379,0.017222926
3,38,receive_authenticate_accumulate,0.017234527,0.017234871
3,38,receive_authenticate_accumulate,0.017224306,0.017224685
3,38,receive_authenticate_accumulate,0.017278009,0.017243129
3,38,receive_authenticate_accumulate,0.017221843,0.017222463
3,38,receive_authenticate_accumulate,0.017239362,0.017239796
3,38,receive_authenticate_accumulate,0.017227326,0.017227722
3,38,receive_authenticate_accumulate,0.017234475,0.017234981
3,38,receive_authenticate_accumulate,0.017220327,0.017220834
3,38,receive_authenticate_accumulate,0.017232771,0.017233352
3,38,receive_authenticate_accumulate,0.017287418,0.017252038
3,38,receive_authenticate_accumulate,0.017230160,0.017230408
3,38,receive_authenticate_accumulate,0.017225050,0.017225463
3,38,reading_commitment_and_shares,0.026936623,0.026908666
3,38,receive_authenticate_accumulate,0.017225606,0.017226037
3,38,receive_authenticate_accumulate,0.017230143,0.017230556
3,38,round_coverage,0.000004574,0.000004037
3,39,round_reset,0.000009481,0.000008371
3,39,receive_authenticate_accumulate,0.017237975,0.017238500
3,39,receive_authenticate_accumulate,0.017221754,0.017222074
3,39,receive_authenticate_accumulate,0.017224495,0.017225018
3,39,receive_authenticate_accumulate,0.017242753,0.017243463
3,39,receive_authenticate_accumulate,0.017241402,0.017241666
3,39,receive_authenticate_accumulate,0.017264068,0.017239499
3,39,receive_authenticate_accumulate,0.017228626,0.017229130
3,39,receive_authenticate_accumulate,0.017228126,0.017228611
3,39,receive_authenticate_accumulate,0.017229849,0.017230334
3,39,receive_authenticate_accumulate,0.017224201,0.017224666
3,39,receive_authenticate_accumulate,0.017229423,0.017230111
3,39,receive_authenticate_accumulate,0.017233071,0.017233315
3,39,receive_authenticate_accumulate,0.017235628,0.017236037
3,39,receive_authenticate_accumulate,0.017233702,0.017234074
3,39,receive_authenticate_accumulate,0.017223184,0.017223518
3,39,receive_authenticate_accumulate,0.017233129,0.017233388
3,39,receive_authenticate_accumulate,0.017231740,0.017232111
3,39,receive_authenticate_accumulate,0.017227037,0.017227500
3,39,reading_commitment_and_shares,0.026939141,0.026916093
3,39,receive_authenticate_accumulate,0.017228833,0.017229278
3,39,receive_authenticate_accumulate,0.017232759,0.017233148
3,39,round_coverage,0.000003741,0.000003241
4,40,period_reset,0.000024203,0.000022981
4,40,receive_authenticate_accumulate,0.000091293,0.000091575
4,40,receive_authenticate_accumulate,0.000089923,0.000089871
4,40,receive_authenticate_accumulate,0.000091960,0.000092019
4,40,receive_authenticate_accumulate,0.000091349,0.000091351
4,40,receive_authenticate_accumulate,0.000094108,0.000094259
4,40,receive_authenticate_accumulate,0.000092719,0.000092741
4,40,receive_authenticate_accumulate,0.000093201,0.000093037
4,40,receive_authenticate_accumulate,0.000091220,0.000091425
4,40,receive_authenticate_accumulate,0.000090812,0.000090833
4,40,receive_authenticate_accumulate,0.000091627,0.000091463
4,40,receive_authenticate_accumulate,0.000092497,0.000092203
4,40,receive_authenticate_accumulate,0.000090905,0.000090760
4,40,receive_authenticate_accumulate,0.000088978,0.000088944
4,40,receive_authenticate_accumulate,0.000090534,0.000090203
4,40,receive_authenticate_accumulate,0.000088719,0.000088629
4,40,receive_authenticate_accumulate,0.000090368,0.000090149
4,40,receive_authenticate_accumulate,0.000057295,0.000056981
4,40,receive_authenticate_accumulate,0.000056683,0.000056426
4,40,randomness_commit,0.000484874,0.000484944
4,40,receive_authenticate_accumulate,0.000056258,0.000056129
4,40,receive_authenticate_accumulate,0.000055924,0.000055648
4,40,receive_authenticate_accumulate,0.000067720,0.000067592
4,40,receive_authenticate_accumulate,0.000068406,0.000068148
4,40,receive_authenticate_accumulate,0.000068109,0.000068055
4,40,receive_authenticate_accumulate,0.000068479,0.000068463
4,40,receive_authenticate_accumulate,0.000091441,0.000091537
4,40,receive_authenticate_accumulate,0.000068572,0.000068463
4,40,receive_authenticate_accumulate,0.000068943,0.000068649
4,40,receive_authenticate_accumulate,0.000068239,0.000068204
4,40,receive_authenticate_accumulate,0.000068331,0.000068334
4,40,receive_authenticate_accumulate,0.000069961,0.000069815
4,40,receive_authenticate_accumulate,0.000066980,0.000067000
4,40,receive_authenticate_accumulate,0.000068220,0.000068185
4,40,receive_authenticate_accumulate,0.000067535,0.000067630
4,40,receive_authenticate_accumulate,0.000067350,0.000067222
4,40,receive_authenticate_accumulate,0.000066961,0.000066834
4,40,receive_authenticate_accumulate,0.000068165,0.000067944
4,40,receive_authenticate_accumulate,0.000067553,0.000067352
4,40,receive_authenticate_accumulate,0.000066535,0.000066278
4,40,randomness_reveal,0.000439653,0.000439629
4,40,receive_authenticate_accumulate,0.000067850,0.000067851
4,40,receive_authenticate_accumulate,0.000090868,0.000090648
4,40,committee_selection,0.000121441,0.000121297
4,40,round_reset,0.000005296,0.000004593
4,40,receive_authenticate_accumulate,0.017232313,0.017232796
4,40,receive_authenticate_accumulate,0.000042295,0.000042352
4,40,receive_authenticate_accumulate,0.017237609,0.017237796
4,40,receive_authenticate_accumulate,0.000044888,0.000044944
4,40,receive_authenticate_accumulate,0.017232110,0.017232352
4,40,receive_authenticate_accumulate,0.000041425,0.000041445
4,40,receive_authenticate_accumulate,0.017231037,0.017231408
4,40,receive_authenticate_accumulate,0.000041166,0.000041185
4,40,receive_authenticate_accumulate,0.017231630,0.017232018
4,40,receive_authenticate_accumulate,0.000041276,0.000041333
4,40,receive_authenticate_accumulate,0.017234907,0.017235222
4,40,receive_authenticate_accumulate,0.000040369,0.000040371
4,40,receive_authenticate_accumulate,0.017229537,0.017230092
4,40,receive_authenticate_accumulate,0.000040888,0.000040963
4,40,receive_authenticate_accumulate,0.017258518,0.017243426
4,40,receive_authenticate_accumulate,0.000041202,0.000041222
4,40,receive_authenticate_accumulate,0.017219168,0.017219426
4,40,receive_authenticate_accumulate,0.000041165,0.000041130
4,40,receive_authenticate_accumulate,0.017231779,0.017232204
4,40,receive_authenticate_accumulate,0.000041536,0.000041537
4,40,receive_authenticate_accumulate,0.017237594,0.017238074
4,40,receive_authenticate_accumulate,0.000041017,0.000040982
4,40,receive_authenticate_accumulate,0.017260297,0.017237278
4,40,receive_authenticate_accumulate,0.000041832,0.000041944
4,40,receive_authenticate_accumulate,0.017260279,0.017260648
4,40,receive_authenticate_accumulate,0.000045072,0.000045000
4,40,receive_authenticate_accumulate,0.017233336,0.017233611
4,40,receive_authenticate_accumulate,0.000040924,0.000040945
4,40,receive_authenticate_accumulate,0.017225632,0.017226000
4,40,receive_authenticate_accumulate,0.000042221,0.000042297
4,40,receive_authenticate_accumulate,0.017228151,0.017228389
4,40,receive_authenticate_accumulate,0.000042554,0.000042463
4,40,receive_authenticate_accumulate,0.017224188,0.017224519
4,40,receive_authenticate_accumulate,0.000041092,0.000041148
4,40,receive_authenticate_accumulate,0.017230985,0.017231481
4,40,receive_authenticate_accumulate,0.000041165,0.000041278
4,40,reading_commitment_and_shares,0.026902011,0.026902870
4,40,receive_authenticate_accumulate,0.017225448,0.017225796
4,40,receive_authenticate_accumulate,0.000040813,0.000040907
4,40,receive_authenticate_accumulate,0.017219041,0.017219222
4,40,receive_authenticate_accumulate,0.000041184,0.000041093
4,40,round_coverage,0.000003852,0.000003389
4,40,spatial_report,0.000037740,0.000037760
4,41,round_reset,0.000009018,0.000008074
4,41,receive_authenticate_accumulate,0.017230667,0.017231130
4,41,receive_authenticate_accumulate,0.000042110,0.000042278
4,41,receive_authenticate_accumulate,0.017232279,0.017232777
4,41,receive_authenticate_accumulate,0.000043202,0.000043148
4,41,receive_authenticate_accumulate,0.017236761,0.017236963
4,41,receive_authenticate_accumulate,0.000042425,0.000042482
4,41,receive_authenticate_accumulate,0.017257982,0.017233129
4,41,receive_authenticate_accumulate,0.000042740,0.000042704
4,41,receive_authenticate_accumulate,0.017230299,0.017230630
4,41,receive_authenticate_accumulate,0.000042073,0.000042130
4,41,receive_authenticate_accumulate,0.017240984,0.017241222
4,41,receive_authenticate_accumulate,0.000041110,0.000041074
4,41,receive_authenticate_accumulate,0.017230076,0.017230426
4,41,receive_authenticate_accumulate,0.000041166,0.000041204
4,41,receive_authenticate_accumulate,0.017230558,0.017230870
4,41,receive_authenticate_accumulate,0.000041703,0.000041741
4,41,receive_authenticate_accumulate,0.017223726,0.017224241
4,41,receive_authenticate_accumulate,0.000041536,0.000041611
4,41,receive_authenticate_accumulate,0.017228540,0.017228888
4,41,receive_authenticate_accumulate,0.000042073,0.000042000
4,41,receive_authenticate_accumulate,0.017229226,0.017229574
4,41,receive_authenticate_accumulate,0.000041314,0.000041240
4,41,receive_authenticate_accumulate,0.017221467,0.017221741
4,41,receive_authenticate_accumulate,0.000041480,0.000041407
4,41,receive_authenticate_accumulate,0.017233004,0.017233333
4,41,receive_authenticate_accumulate,0.000046647,0.000046574
4,41,receive_authenticate_accumulate,0.017219986,0.017220389
4,41,receive_authenticate_accumulate,0.000046610,0.000046556
4,41,receive_authenticate_accumulate,0.017236931,0.017237222
4,41,receive_authenticate_accumulate,0.000045536,0.000045555
4,41,receive_authenticate_accumulate,0.017268874,0.017243796
4,41,receive_authenticate_accumulate,0.000047739,0.000047703
4,41,receive_authenticate_accumulate,0.017241450,0.017242037
4,41,receive_authenticate_accumulate,0.000062202,0.000062130
4,41,receive_authenticate_accumulate,0.017225932,0.017226093
4,41,receive_authenticate_accumulate,0.000047424,0.000047222
4,41,reading_commitment_and_shares,0.026900988,0.026901740
4,41,receive_authenticate_accumulate,0.017234691,0.017235093
4,41,receive_authenticate_accumulate,0.000045943,0.000046038
4,41,receive_authenticate_accumulate,0.017226377,0.017226777
4,41,receive_authenticate_accumulate,0.000045795,0.000045870
4,41,round_coverage,0.000004278,0.000003667
4,41,spatial_report,0.000039332,0.000039075
4,42,round_reset,0.000009611,0.000008296
4,42,receive_authenticate_accumulate,0.017249076,0.017249241
4,42,receive_authenticate_accumulate,0.000046851,0.000046686
4,42,receive_authenticate_accumulate,0.017230984,0.017231185
4,42,receive_authenticate_accumulate,0.000046184,0.000046241
4,42,receive_authenticate_accumulate,0.017217355,0.017217666
4,42,receive_authenticate_accumulate,0.000047036,0.000047056
4,42,receive_authenticate_accumulate,0.017226467,0.017226907
4,42,receive_authenticate_accumulate,0.000045795,0.000045759
4,42,receive_authenticate_accumulate,0.017234467,0.017234703
4,42,receive_authenticate_accumulate,0.000046517,0.000046408
4,42,receive_authenticate_accumulate,0.017230578,0.017230889
4,42,receive_authenticate_accumulate,0.000046165,0.000045963
4,42,receive_authenticate_accumulate,0.017301853,0.017241000
4,42,receive_authenticate_accumulate,0.000061924,0.000061963
4,42,receive_authenticate_accumulate,0.017223597,0.017224037
4,42,receive_authenticate_accumulate,0.000047369,0.000047389
4,42,receive_authenticate_accumulate,0.017229226,0.017229148
4,42,receive_authenticate_accumulate,0.000046480,0.000046333
4,42,receive_authenticate_accumulate,0.017226542,0.017227055
4,42,receive_authenticate_accumulate,0.000045758,0.000045759
4,42,receive_authenticate_accumulate,0.017225524,0.017226092
4,42,receive_authenticate_accumulate,0.000047351,0.000047259
4,42,receive_authenticate_accumulate,0.017221209,0.017221519
4,42,receive_authenticate_accumulate,0.000046406,0.000046296
4,42,receive_authenticate_accumulate,0.017228691,0.017229149
4,42,receive_authenticate_accumulate,0.000046629,0.000046666
4,42,receive_authenticate_accumulate,0.017228524,0.017228778
4,42,receive_authenticate_accumulate,0.000059054,0.000058907
4,42,receive_authenticate_accumulate,0.017216081,0.017216537
4,42,receive_authenticate_accumulate,0.000046461,0.000046259
4,42,receive_authenticate_accumulate,0.017235099,0.017235500
4,42,receive_authenticate_accumulate,0.000046091,0.000046018
4,42,receive_authenticate_accumulate,0.017220896,0.017220759
4,42,receive_authenticate_accumulate,0.000047147,0.000047148
4,42,receive_authenticate_accumulate,0.017230803,0.017231130
4,42,receive_authenticate_accumulate,0.000046295,0.000046167
4,42,reading_commitment_and_shares,0.026932055,0.026932963
4,42,receive_authenticate_accumulate,0.017221896,0.017222149
4,42,receive_authenticate_accumulate,0.000046350,0.000046259
4,42,receive_authenticate_accumulate,0.017247174,0.017249000
4,42,receive_authenticate_accumulate,0.000050517,0.000050500
4,42,round_coverage,0.000003870,0.000003278
4,42,spatial_report,0.000041517,0.000041203
4,43,round_reset,0.000009666,0.000008982
4,43,receive_authenticate_accumulate,0.017271242,0.017246464
4,43,receive_authenticate_accumulate,0.000040795,0.000040704
4,43,receive_authenticate_accumulate,0.017228299,0.017228574
4,43,receive_authenticate_accumulate,0.000041036,0.000041111
4,43,receive_authenticate_accumulate,0.017225559,0.017225926
4,43,receive_authenticate_accumulate,0.000042610,0.000042685
4,43,receive_authenticate_accumulate,0.017226226,0.017226759
4,43,receive_authenticate_accumulate,0.000041073,0.000041129
4,43,receive_authenticate_accumulate,0.017262133,0.017262444
4,43,receive_authenticate_accumulate,0.000040073,0.000040111
4,43,receive_authenticate_accumulate,0.017292077,0.017249945
4,43,receive_authenticate_accumulate,0.000039851,0.000039870
4,43,receive_authenticate_accumulate,0.017219042,0.017219389
4,43,receive_authenticate_accumulate,0.000039314,0.000039260
4,43,receive_authenticate_accumulate,0.017252689,0.017238648
4,43,receive_authenticate_accumulate,0.000039980,0.000040111
4,43,receive_authenticate_accumulate,0.017228745,0.017229092
4,43,receive_authenticate_accumulate,0.000044110,0.000044075
4,43,receive_authenticate_accumulate,0.017280578,0.017245333
4,43,receive_authenticate_accumulate,0.000044628,0.000044815
4,43,receive_authenticate_accumulate,0.017224746,0.017225037
4,43,receive_authenticate_accumulate,0.000043684,0.000043648
4,43,receive_authenticate_accumulate,0.017231542,0.017231796
4,43,receive_authenticate_accumulate,0.000043740,0.000043815
4,43,receive_authenticate_accumulate,0.017283486,0.017251056
4,43,receive_authenticate_accumulate,0.000044684,0.000044667
4,43,receive_authenticate_accumulate,0.017227432,0.017227796
4,43,receive_authenticate_accumulate,0.000043999,0.000044055
4,43,receive_authenticate_accumulate,0.017263284,0.017236778
4,43,receive_authenticate_accumulate,0.000043055,0.000043019
4,43,receive_authenticate_accumulate,0.017235673,0.017236056
4,43,receive_authenticate_accumulate,0.000044480,0.000044556
4,43,receive_authenticate_accumulate,0.017221803,0.017222037
4,43,receive_authenticate_accumulate,0.000044407,0.000044463
4,43,receive_authenticate_accumulate,0.017231581,0.017231407
4,43,receive_authenticate_accumulate,0.000044351,0.000044296
4,43,reading_commitment_and_shares,0.026934491,0.026908425
4,43,receive_authenticate_accumulate,0.017276618,0.017237461
4,43,receive_authenticate_accumulate,0.000043147,0.000043185
4,43,receive_authenticate_accumulate,0.017230378,0.017230648
4,43,receive_authenticate_accumulate,0.000043128,0.000043130
4,43,round_coverage,0.000004037,0.000003593
4,43,spatial_report,0.000040258,0.000040148
4,44,round_reset,0.000010148,0.000009148
4,44,receive_authenticate_accumulate,0.017224224,0.017224129
4,44,receive_authenticate_accumulate,0.000040276,0.000040333
4,44,receive_authenticate_accumulate,0.017229317,0.017229649
4,44,receive_authenticate_accumulate,0.000038295,0.000038426
4,44,receive_authenticate_accumulate,0.017250687,0.017242370
4,44,receive_authenticate_accumulate,0.000039480,0.000039518
4,44,receive_authenticate_accumulate,0.017231410,0.017231278
4,44,receive_authenticate_accumulate,0.000039740,0.000039777
4,44,receive_authenticate_accumulate,0.017227059,0.017227185
4,44,receive_authenticate_accumulate,0.000040259,0.000040333
4,44,receive_authenticate_accumulate,0.017231300,0.017231574
4,44,receive_authenticate_accumulate,0.000038740,0.000038796
4,44,receive_authenticate_accumulate,0.017231225,0.017231537
4,44,receive_authenticate_accumulate,0.000039573,0.000039686
4,44,receive_authenticate_accumulate,0.017235485,0.017235778
4,44,receive_authenticate_accumulate,0.000040166,0.000040259
4,44,receive_authenticate_accumulate,0.017235059,0.017235334
4,44,receive_authenticate_accumulate,0.000039980,0.000039981
4,44,receive_authenticate_accumulate,0.017233653,0.017233963
4,44,receive_authenticate_accumulate,0.000040629,0.000040741
4,44,receive_authenticate_accumulate,0.017232226,0.017232556
4,44,receive_authenticate_accumulate,0.000040128,0.000040167
4,44,receive_authenticate_accumulate,0.017281392,0.017247333
4,44,receive_authenticate_accumulate,0.000039406,0.000039444
4,44,receive_authenticate_accumulate,0.025864989,0.025865000
4,44,receive_authenticate_accumulate,0.000060795,0.000060981
4,44,receive_authenticate_accumulate,0.017237209,0.017237482
4,44,receive_authenticate_accumulate,0.000041091,0.000041148
4,44,receive_authenticate_accumulate,0.017232024,0.017232296
4,44,receive_authenticate_accumulate,0.000041591,0.000041612
4,44,receive_authenticate_accumulate,0.017225506,0.017225834
4,44,receive_authenticate_accumulate,0.000041555,0.000041593
4,44,receive_authenticate_accumulate,0.017236079,0.017236296
4,44,receive_authenticate_accumulate,0.000040536,0.000040648
4,44,receive_authenticate_accumulate,0.017271580,0.017243814
4,44,receive_authenticate_accumulate,0.000040591,0.000040741
4,44,reading_commitment_and_shares,0.026895816,0.026896481
4,44,receive_authenticate_accumulate,0.017234598,0.017234592
4,44,receive_authenticate_accumulate,0.000042480,0.000042555
4,44,receive_authenticate_accumulate,0.017230970,0.017231389
4,44,receive_authenticate_accumulate,0.000040961,0.000041019
4,44,round_coverage,0.000003925,0.000003297
4,44,spatial_report,0.000036722,0.000036574
4,45,round_reset,0.000009018,0.000007778
4,45,receive_authenticate_accumulate,0.017226945,0.017227148
4,45,receive_authenticate_accumulate,0.000040092,0.000040130
4,45,receive_authenticate_accumulate,0.017229241,0.017229426
4,45,receive_authenticate_accumulate,0.000043944,0.000044074
4,45,receive_authenticate_accumulate,0.017259352,0.017234593
4,45,receive_authenticate_accumulate,0.000046739,0.000046741
4,45,receive_authenticate_accumulate,0.017221798,0.017222129
4,45,receive_authenticate_accumulate,0.000047147,0.000047038
4,45,receive_authenticate_accumulate,0.017231594,0.017231759
4,45,receive_authenticate_accumulate,0.000047665,0.000047629
4,45,receive_authenticate_accumulate,0.017226798,0.017226815
4,45,receive_authenticate_accumulate,0.000046314,0.000046240
4,45,receive_authenticate_accumulate,0.017234372,0.017234629
4,45,receive_authenticate_accumulate,0.000046628,0.000046592
4,45,receive_authenticate_accumulate,0.017224558,0.017224722
4,45,receive_authenticate_accumulate,0.000046647,0.000046352
4,45,receive_authenticate_accumulate,0.017224965,0.017225111
4,45,receive_authenticate_accumulate,0.000046869,0.000046889
4,45,receive_authenticate_accumulate,0.017219984,0.017220370
4,45,receive_authenticate_accumulate,0.000047351,0.000047407
4,45,receive_authenticate_accumulate,0.017268817,0.017237851
4,45,receive_authenticate_accumulate,0.000047129,0.000047092
4,45,receive_authenticate_accumulate,0.017230502,0.017230796
4,45,receive_authenticate_accumulate,0.000046944,0.000046834
4,45,receive_authenticate_accumulate,0.017244151,0.017244055
4,45,receive_authenticate_accumulate,0.000047888,0.000047797
4,45,receive_authenticate_accumulate,0.017228781,0.017229000
4,45,receive_authenticate_accumulate,0.000046555,0.000046630
4,45,receive_authenticate_accumulate,0.017224801,0.017225000
4,45,receive_authenticate_accumulate,0.000046313,0.000046278
4,45,receive_authenticate_accumulate,0.017231282,0.017231537
4,45,receive_authenticate_accumulate,0.000046481,0.000046444
4,45,receive_authenticate_accumulate,0.017230004,0.017230204
4,45,receive_authenticate_accumulate,0.000046332,0.000046241
4,45,receive_authenticate_accumulate,0.017259430,0.017236296
4,45,receive_authenticate_accumulate,0.000045388,0.000045315
4,45,reading_commitment_and_shares,0.026890898,0.026891481
4,45,receive_authenticate_accumulate,0.017224153,0.017224444
4,45,receive_authenticate_accumulate,0.000046128,0.000045908
4,45,receive_authenticate_accumulate,0.017240023,0.017240333
4,45,receive_authenticate_accumulate,0.000047147,0.000047130
4,45,round_coverage,0.000004111,0.000003611
4,45,spatial_report,0.000040425,0.000040167
4,46,round_reset,0.000009259,0.000008352
4,46,receive_authenticate_accumulate,0.017222406,0.017222666
4,46,receive_authenticate_accumulate,0.000047443,0.000047444
4,46,receive_authenticate_accumulate,0.017233757,0.017233944
4,46,receive_authenticate_accumulate,0.000046795,0.000046759
4,46,receive_authenticate_accumulate,0.017265183,0.017240666
4,46,receive_authenticate_accumulate,0.000046443,0.000046370
4,46,receive_authenticate_accumulate,0.017233739,0.017233704
4,46,receive_authenticate_accumulate,0.000047629,0.000047574
4,46,receive_authenticate_accumulate,0.017233944,0.017234352
4,46,receive_authenticate_accumulate,0.000049165,0.000049111
4,46,receive_authenticate_accumulate,0.017217573,0.017217648
4,46,receive_authenticate_accumulate,0.000047184,0.000047241
4,46,receive_authenticate_accumulate,0.017227887,0.017228037
4,46,receive_authenticate_accumulate,0.000046406,0.000046370
4,46,receive_authenticate_accumulate,0.017229185,0.017229055
4,46,receive_authenticate_accumulate,0.000046332,0.000046351
4,46,receive_authenticate_accumulate,0.017218852,0.017218944
4,46,receive_authenticate_accumulate,0.000047758,0.000047629
4,46,receive_authenticate_accumulate,0.017228056,0.017228259
4,46,receive_authenticate_accumulate,0.000047240,0.000047223
4,46,receive_authenticate_accumulate,0.017228463,0.017228703
4,46,receive_authenticate_accumulate,0.000046388,0.000046408
4,46,receive_authenticate_accumulate,0.017232222,0.017232370
4,46,receive_authenticate_accumulate,0.000046851,0.000046778
4,46,receive_authenticate_accumulate,0.017228056,0.017228241
4,46,receive_authenticate_accumulate,0.000046962,0.000046926
4,46,receive_authenticate_accumulate,0.017220001,0.017220278
4,46,receive_authenticate_accumulate,0.000046462,0.000046426
4,46,receive_authenticate_accumulate,0.017232760,0.017233000
4,46,receive_authenticate_accumulate,0.000045203,0.000045185
4,46,receive_authenticate_accumulate,0.017226946,0.017227148
4,46,receive_authenticate_accumulate,0.000046128,0.000046037
4,46,receive_authenticate_accumulate,0.017264482,0.017238723
4,46,receive_authenticate_accumulate,0.000045129,0.000045167
4,46,receive_authenticate_accumulate,0.017280222,0.017239334
4,46,receive_authenticate_accumulate,0.000048684,0.000048648
4,46,reading_commitment_and_shares,0.026940791,0.026928056
4,46,receive_authenticate_accumulate,0.017229094,0.017229315
4,46,receive_authenticate_accumulate,0.000046554,0.000046537
4,46,receive_authenticate_accumulate,0.017223595,0.017223815
4,46,receive_authenticate_accumulate,0.000046035,0.000045851
4,46,round_coverage,0.000003926,0.000003463
4,46,spatial_report,0.000038517,0.000038130
4,47,round_reset,0.000009982,0.000009130
4,47,receive_authenticate_accumulate,0.017236235,0.017236389
4,47,receive_authenticate_accumulate,0.000046462,0.000046444
4,47,receive_authenticate_accumulate,0.017276253,0.017252982
4,47,receive_authenticate_accumulate,0.000043740,0.000043648
4,47,receive_authenticate_accumulate,0.017227865,0.017228185
4,47,receive_authenticate_accumulate,0.000045814,0.000045685
4,47,receive_authenticate_accumulate,0.017225458,0.017225852
4,47,receive_authenticate_accumulate,0.000046702,0.000046833
4,47,receive_authenticate_accumulate,0.017227292,0.017227500
4,47,receive_authenticate_accumulate,0.000045517,0.000045371
4,47,receive_authenticate_accumulate,0.017235106,0.017235445
4,47,receive_authenticate_accumulate,0.000047240,0.000047167
4,47,receive_authenticate_accumulate,0.017230347,0.017230222
4,47,receive_authenticate_accumulate,0.000047555,0.000047612
4,47,receive_authenticate_accumulate,0.017237310,0.017237556
4,47,receive_authenticate_accumulate,0.000047610,0.000047611
4,47,receive_authenticate_accumulate,0.017233163,0.017233445
4,47,receive_authenticate_accumulate,0.000045907,0.000045908
4,47,receive_authenticate_accumulate,0.017223793,0.017224019
4,47,receive_authenticate_accumulate,0.000046684,0.000046704
4,47,receive_authenticate_accumulate,0.017226367,0.017226648
4,47,receive_authenticate_accumulate,0.000045073,0.000045130
4,47,receive_authenticate_accumulate,0.017220570,0.017220778
4,47,receive_authenticate_accumulate,0.000048091,0.000048000
4,47,receive_authenticate_accumulate,0.017227496,0.017227796
4,47,receive_authenticate_accumulate,0.000046924,0.000046815
4,47,receive_authenticate_accumulate,0.017224163,0.017224481
4,47,receive_authenticate_accumulate,0.000046092,0.000046019
4,47,receive_authenticate_accumulate,0.017212442,0.017212759
4,47,receive_authenticate_accumulate,0.000046869,0.000046593
4,47,receive_authenticate_accumulate,0.017236534,0.017236963
4,47,receive_authenticate_accumulate,0.000046258,0.000046204
4,47,receive_authenticate_accumulate,0.017221683,0.017221926
4,47,receive_authenticate_accumulate,0.000046943,0.000046945
4,47,receive_authenticate_accumulate,0.017220572,0.017220944
4,47,receive_authenticate_accumulate,0.000045407,0.000045296
4,47,reading_commitment_and_shares,0.026940092,0.026913629
4,47,receive_authenticate_accumulate,0.017229960,0.017230241
4,47,receive_authenticate_accumulate,0.000046370,0.000046388
4,47,receive_authenticate_accumulate,0.017223962,0.017224185
4,47,receive_authenticate_accumulate,0.000046906,0.000046907
4,47,round_coverage,0.000003926,0.000003334
4,47,spatial_report,0.000039407,0.000039167
4,48,round_reset,0.000009129,0.000007889
4,48,receive_authenticate_accumulate,0.017221490,0.017221889
4,48,receive_authenticate_accumulate,0.000046480,0.000046555
4,48,receive_authenticate_accumulate,0.017235639,0.017235814
4,48,receive_authenticate_accumulate,0.000047221,0.000047148
4,48,receive_authenticate_accumulate,0.017228065,0.017228334
4,48,receive_authenticate_accumulate,0.000047758,0.000047722
4,48,receive_authenticate_accumulate,0.017224157,0.017224463
4,48,receive_authenticate_accumulate,0.000047444,0.000047389
4,48,receive_authenticate_accumulate,0.017257749,0.017232111
4,48,receive_authenticate_accumulate,0.000046962,0.000047000
4,48,receive_authenticate_accumulate,0.017314878,0.017244741
4,48,receive_authenticate_accumulate,0.000046591,0.000046500
4,48,receive_authenticate_accumulate,0.017226676,0.017227111
4,48,receive_authenticate_accumulate,0.000046925,0.000046833
4,48,receive_authenticate_accumulate,0.017222454,0.017222778
4,48,receive_authenticate_accumulate,0.000046888,0.000046833
4,48,receive_authenticate_accumulate,0.017228232,0.017228426
4,48,receive_authenticate_accumulate,0.000046906,0.000046982
4,48,receive_authenticate_accumulate,0.017226918,0.017227111
4,48,receive_authenticate_accumulate,0.000045425,0.000045426
4,48,receive_authenticate_accumulate,0.017232696,0.017232926
4,48,receive_authenticate_accumulate,0.000046350,0.000046389
4,48,receive_authenticate_accumulate,0.017225936,0.017226185
4,48,receive_authenticate_accumulate,0.000048759,0.000048704
4,48,receive_authenticate_accumulate,0.017232548,0.017232907
4,48,receive_authenticate_accumulate,0.000047166,0.000047241
4,48,receive_authenticate_accumulate,0.017232400,0.017232555
4,48,receive_authenticate_accumulate,0.000046480,0.000046333
4,48,receive_authenticate_accumulate,0.017229640,0.017229796
4,48,receive_authenticate_accumulate,0.000072813,0.000072963
4,48,receive_authenticate_accumulate,0.017232808,0.017232963
4,48,receive_authenticate_accumulate,0.000044406,0.000044352
4,48,receive_authenticate_accumulate,0.017220382,0.017220519
4,48,receive_authenticate_accumulate,0.000044333,0.000044203
4,48,receive_authenticate_accumulate,0.017268918,0.017244537
4,48,receive_authenticate_accumulate,0.000043499,0.000043555
4,48,reading_commitment_and_shares,0.026887263,0.026887666
4,48,receive_authenticate_accumulate,0.017225752,0.017226129
4,48,receive_authenticate_accumulate,0.000045869,0.000045871
4,48,receive_authenticate_accumulate,0.017227068,0.017227315
4,48,receive_authenticate_accumulate,0.000043721,0.000043611
4,48,round_coverage,0.000003907,0.000003389
4,48,spatial_report,0.000039573,0.000039222
4,49,round_reset,0.000009204,0.000008037
4,49,receive_authenticate_accumulate,0.017231410,0.017231593
4,49,receive_authenticate_accumulate,0.000044684,0.000044611
4,49,receive_authenticate_accumulate,0.017228578,0.017228704
4,49,receive_authenticate_accumulate,0.000044128,0.000044129
4,49,receive_authenticate_accumulate,0.017230466,0.017230704
4,49,receive_authenticate_accumulate,0.000044314,0.000044241
4,49,receive_authenticate_accumulate,0.017225615,0.017225833
4,49,receive_authenticate_accumulate,0.000045684,0.000045648
4,49,receive_authenticate_accumulate,0.017224745,0.017225074
4,49,receive_authenticate_accumulate,0.000044388,0.000044333
4,49,receive_authenticate_accumulate,0.017263910,0.017238981
4,49,receive_authenticate_accumulate,0.000043869,0.000043889
4,49,receive_authenticate_accumulate,0.017225652,0.017225907
4,49,receive_authenticate_accumulate,0.000045759,0.000045611
4,49,receive_authenticate_accumulate,0.017219930,0.017220130
4,49,receive_authenticate_accumulate,0.000044869,0.000044741
4,49,receive_authenticate_accumulate,0.017225060,0.017225130
4,49,receive_authenticate_accumulate,0.000044296,0.000044352
4,49,receive_authenticate_accumulate,0.017231616,0.017231611
4,49,receive_authenticate_accumulate,0.000044221,0.000044130
4,49,receive_authenticate_accumulate,0.017217450,0.017217593
4,49,receive_authenticate_accumulate,0.000043555,0.000043574
4,49,receive_authenticate_accumulate,0.017229060,0.017229074
4,49,receive_authenticate_accumulate,0.000045258,0.000045185
4,49,receive_authenticate_accumulate,0.017290930,0.017240739
4,49,receive_authenticate_accumulate,0.000044184,0.000044129
4,49,receive_authenticate_accumulate,0.017236153,0.017236555
4,49,receive_authenticate_accumulate,0.000053722,0.000053278
4,49,receive_authenticate_accumulate,0.017260745,0.017260834
4,49,receive_authenticate_accumulate,0.000045721,0.000045815
4,49,receive_authenticate_accumulate,0.017239765,0.017239963
4,49,receive_authenticate_accumulate,0.000046036,0.000046000
4,49,receive_authenticate_accumulate,0.017228024,0.017228092
4,49,receive_authenticate_accumulate,0.000043814,0.000043778
4,49,receive_authenticate_accumulate,0.017287486,0.017254148
4,49,receive_authenticate_accumulate,0.000045666,0.000045778
4,49,reading_commitment_and_shares,0.026887654,0.026888056
4,49,receive_authenticate_accumulate,0.017218340,0.017218481
4,49,receive_authenticate_accumulate,0.000045036,0.000045093
4,49,receive_authenticate_accumulate,0.017236951,0.017237240
4,49,receive_authenticate_accumulate,0.000045018,0.000044944
4,49,round_coverage,0.000003814,0.000003204
4,49,spatial_report,0.000040407,0.000040130
4,49,billing_report,0.000421269,0.000421018
5,50,period_reset,0.000025221,0.000024000
5,50,receive_authenticate_accumulate,0.000094220,0.000094111
5,50,receive_authenticate_accumulate,0.000090332,0.000090222
5,50,receive_authenticate_accumulate,0.000091572,0.000091371
5,50,receive_authenticate_accumulate,0.000092961,0.000092592
5,50,receive_authenticate_accumulate,0.000092201,0.000091981
5,50,receive_authenticate_accumulate,0.000088868,0.000088741
5,50,receive_authenticate_accumulate,0.000091295,0.000090815
5,50,receive_authenticate_accumulate,0.000092110,0.000091871
5,50,receive_authenticate_accumulate,0.000090572,0.000090297
5,50,receive_authenticate_accumulate,0.000090479,0.000089722
5,50,receive_authenticate_accumulate,0.000090535,0.000090241
5,50,receive_authenticate_accumulate,0.000093238,0.000093111
5,50,receive_authenticate_accumulate,0.000092461,0.000092075
5,50,receive_authenticate_accumulate,0.000092627,0.000092426
5,50,receive_authenticate_accumulate,0.000091387,0.000091000
5,50,receive_authenticate_accumulate,0.000130349,0.000129945
5,50,receive_authenticate_accumulate,0.000057703,0.000057593
5,50,receive_authenticate_accumulate,0.000056091,0.000055889
5,50,randomness_commit,0.000473545,0.000473500
5,50,receive_authenticate_accumulate,0.000052740,0.000052704
5,50,receive_authenticate_accumulate,0.000056313,0.000056111
5,50,receive_authenticate_accumulate,0.000068184,0.000068018
5,50,receive_authenticate_accumulate,0.000068480,0.000068185
5,50,receive_authenticate_accumulate,0.000067406,0.000067223
5,50,receive_authenticate_accumulate,0.000067869,0.000067611
5,50,receive_authenticate_accumulate,0.000066332,0.000066056
5,50,receive_authenticate_accumulate,0.000068480,0.000068351
5,50,receive_authenticate_accumulate,0.000067517,0.000067371
5,50,receive_authenticate_accumulate,0.000067351,0.000067204
5,50,receive_authenticate_accumulate,0.000069739,0.000069370
5,50,receive_authenticate_accumulate,0.000068203,0.000068148
5,50,receive_authenticate_accumulate,0.000068350,0.000068056
5,50,receive_authenticate_accumulate,0.000067721,0.000067611
5,50,receive_authenticate_accumulate,0.000066610,0.000066352
5,50,receive_authenticate_accumulate,0.000068665,0.000068259
5,50,receive_authenticate_accumulate,0.000068425,0.000068278
5,50,receive_authenticate_accumulate,0.000065369,0.000065203
5,50,receive_authenticate_accumulate,0.000069147,0.000068871
5,50,receive_authenticate_accumulate,0.000067332,0.000067241
5,50,randomness_reveal,0.000457731,0.000457851
5,50,receive_authenticate_accumulate,0.000067295,0.000067166
5,50,receive_authenticate_accumulate,0.000066313,0.000066408
5,50,committee_selection,0.000124701,0.000124704
5,50,round_reset,0.000005130,0.000004500
5,50,receive_authenticate_accumulate,0.017232126,0.017232407
5,50,receive_authenticate_accumulate,0.017223664,0.017223908
5,50,receive_authenticate_accumulate,0.017231812,0.017232130
5,50,receive_authenticate_accumulate,0.017225295,0.017225222
5,50,receive_authenticate_accumulate,0.017276997,0.017246129
5,50,receive_authenticate_accumulate,0.017223999,0.017224240
5,50,receive_authenticate_accumulate,0.017225091,0.017225240
5,50,receive_authenticate_accumulate,0.017225443,0.017225537
5,50,receive_authenticate_accumulate,0.017228980,0.017229167
5,50,receive_authenticate_accumulate,0.017233128,0.017233278
5,50,receive_authenticate_accumulate,0.017232480,0.017232667
5,50,receive_authenticate_accumulate,0.017227518,0.017227685
5,50,receive_authenticate_accumulate,0.017235276,0.017235463
5,50,receive_authenticate_accumulate,0.017234055,0.017234204
5,50,receive_authenticate_accumulate,0.017223277,0.017223574
5,50,receive_authenticate_accumulate,0.017230685,0.017230796
5,50,receive_authenticate_accumulate,0.017366534,0.017290480
5,50,receive_authenticate_accumulate,0.017230760,0.017230611
5,50,reading_commitment_and_shares,0.026907913,0.026908426
5,50,receive_authenticate_accumulate,0.017230574,0.017230704
5,50,receive_authenticate_accumulate,0.017228889,0.017229111
5,50,round_coverage,0.000003463,0.000002907
5,51,round_reset,0.000009425,0.000008444
5,51,receive_authenticate_accumulate,0.017224712,0.017224814
5,51,receive_authenticate_accumulate,0.017233232,0.017233537
5,51,receive_authenticate_accumulate,0.017231343,0.017231463
5,51,receive_authenticate_accumulate,0.017231824,0.017231982
5,51,receive_authenticate_accumulate,0.017260528,0.017241760
5,51,receive_authenticate_accumulate,0.017253398,0.017253611
5,51,receive_authenticate_accumulate,0.017226233,0.017226445
5,51,receive_authenticate_accumulate,0.017232659,0.017232870
5,51,receive_authenticate_accumulate,0.017230380,0.017230630
5,51,receive_authenticate_accumulate,0.017227529,0.017227611
5,51,receive_authenticate_accumulate,0.017232974,0.017233074
5,51,receive_authenticate_accumulate,0.017263843,0.017241870
5,51,receive_authenticate_accumulate,0.025861155,0.025861444
5,51,receive_authenticate_accumulate,0.017233178,0.017233352
5,51,receive_authenticate_accumulate,0.017267436,0.017244574
5,51,receive_authenticate_accumulate,0.017238288,0.017238722
5,51,receive_authenticate_accumulate,0.017240826,0.017241000
5,51,receive_authenticate_accumulate,0.017227678,0.017227852
5,51,reading_commitment_and_shares,0.026933487,0.026905130
5,51,receive_authenticate_accumulate,0.017228938,0.017229111
5,51,receive_authenticate_accumulate,0.017266844,0.017267074
5,51,round_coverage,0.000003926,0.000003315
5,52,round_reset,0.000008944,0.000007852
5,52,receive_authenticate_accumulate,0.017228557,0.017228648
5,52,receive_authenticate_accumulate,0.017231095,0.017231204
5,52,receive_authenticate_accumulate,0.017234335,0.017234167
5,52,receive_authenticate_accumulate,0.017268871,0.017242426
5,52,receive_authenticate_accumulate,0.017231502,0.017231611
5,52,receive_authenticate_accumulate,0.017221354,0.017221556
5,52,receive_authenticate_accumulate,0.017231891,0.017231982
5,52,receive_authenticate_accumulate,0.017225725,0.017225870
5,52,receive_authenticate_accumulate,0.017253928,0.017254315
5,52,receive_authenticate_accumulate,0.017283520,0.017244834
5,52,receive_authenticate_accumulate,0.017229095,0.017229240
5,52,receive_authenticate_accumulate,0.017237873,0.017237778
5,52,receive_authenticate_accumulate,0.017232448,0.017232611
5,52,receive_authenticate_accumulate,0.017229596,0.017229778
5,52,receive_authenticate_accumulate,0.017232356,0.017232333
5,52,receive_authenticate_accumulate,0.017262911,0.017236630
5,52,receive_authenticate_accumulate,0.017219782,0.017219944
5,52,receive_authenticate_accumulate,0.017219430,0.017219593
5,52,reading_commitment_and_shares,0.026961022,0.026929185
5,52,receive_authenticate_accumulate,0.017228264,0.017228407
5,52,receive_authenticate_accumulate,0.017221727,0.017222037
5,52,round_coverage,0.000003982,0.000003463
5,53,round_reset,0.000009167,0.000008185
5,53,receive_authenticate_accumulate,0.017229419,0.017229593
5,53,receive_authenticate_accumulate,0.017263031,0.017237573
5,53,receive_authenticate_accumulate,0.017230531,0.017230723
5,53,receive_authenticate_accumulate,0.017223235,0.017223278
5,53,receive_authenticate_accumulate,0.017262364,0.017244796
5,53,receive_authenticate_accumulate,0.017230643,0.017230741
5,53,receive_authenticate_accumulate,0.017285734,0.017249887
5,53,receive_authenticate_accumulate,0.017227717,0.017227759
5,53,receive_authenticate_accumulate,0.017223310,0.017223389
5,53,receive_authenticate_accumulate,0.017230680,0.017230815
5,53,receive_authenticate_accumulate,0.017274586,0.017274814
5,53,receive_authenticate_accumulate,0.017234736,0.017235130
5,53,receive_authenticate_accumulate,0.017233032,0.017233167
5,53,receive_authenticate_accumulate,0.017226366,0.017226648
5,53,receive_authenticate_accumulate,0.017263328,0.017240185
5,53,receive_authenticate_accumulate,0.017229421,0.017229666
5,53,receive_authenticate_accumulate,0.017221774,0.017221834
5,53,receive_authenticate_accumulate,0.017225182,0.017225333
5,53,reading_commitment_and_shares,0.026984612,0.026921722
5,53,receive_authenticate_accumulate,0.017290883,0.017250722
5,53,receive_authenticate_accumulate,0.017234940,0.017235204
5,53,round_coverage,0.000003759,0.000003352
5,54,round_reset,0.000009815,0.000008000
5,54,receive_authenticate_accumulate,0.017309613,0.017309759
5,54,receive_authenticate_accumulate,0.017233763,0.017233944
5,54,receive_authenticate_accumulate,0.017233319,0.017233444
5,54,receive_authenticate_accumulate,0.017265170,0.017238056
5,54,receive_authenticate_accumulate,0.017227189,0.017227315
5,54,receive_authenticate_accumulate,0.017221912,0.017222093
5,54,receive_authenticate_accumulate,0.017229578,0.017229814
5,54,receive_authenticate_accumulate,0.017230430,0.017230574
5,54,receive_authenticate_accumulate,0.017232338,0.017232352
5,54,receive_authenticate_accumulate,0.017246856,0.017233001
5,54,receive_authenticate_accumulate,0.017236264,0.017236667
5,54,receive_authenticate_accumulate,0.017229190,0.017229296
5,54,receive_authenticate_accumulate,0.017240171,0.017240241
5,54,receive_authenticate_accumulate,0.017225912,0.017226129
5,54,receive_authenticate_accumulate,0.017231598,0.017231667
5,54,receive_authenticate_accumulate,0.017224783,0.017225000
5,54,receive_authenticate_accumulate,0.017238025,0.017238241
5,54,receive_authenticate_accumulate,0.017261968,0.017236833
5,54,reading_commitment_and_shares,0.026895628,0.026895944
5,54,receive_authenticate_accumulate,0.017225803,0.017225888
5,54,receive_authenticate_accumulate,0.017224617,0.017224870
5,54,round_coverage,0.000004055,0.000003389
5,55,round_reset,0.000009556,0.000008574
5,55,receive_authenticate_accumulate,0.017230791,0.017230889
5,55,receive_authenticate_accumulate,0.017233957,0.017234111
5,55,receive_authenticate_accumulate,0.017227920,0.017228000
5,55,receive_authenticate_accumulate,0.017246291,0.017246778
5,55,receive_authenticate_accumulate,0.017234662,0.017234889
5,55,receive_authenticate_accumulate,0.017231439,0.017231389
5,55,receive_authenticate_accumulate,0.017231440,0.017231611
5,55,receive_authenticate_accumulate,0.017233754,0.017233889
5,55,receive_authenticate_accumulate,0.017272569,0.017247684
5,55,receive_authenticate_accumulate,0.017231792,0.017231889
5,55,receive_authenticate_accumulate,0.017237422,0.017237537
5,55,receive_authenticate_accumulate,0.017232662,0.017232592
5,55,receive_authenticate_accumulate,0.017241403,0.017241611
5,55,receive_authenticate_accumulate,0.017230440,0.017230574
5,55,receive_authenticate_accumulate,0.017226255,0.017226444
5,55,receive_authenticate_accumulate,0.017229903,0.017229760
5,55,receive_authenticate_accumulate,0.017234626,0.017234907
5,55,receive_authenticate_accumulate,0.017223330,0.017223296
5,55,reading_commitment_and_shares,0.026911346,0.026911722
5,55,receive_authenticate_accumulate,0.017230459,0.017230667
5,55,receive_authenticate_accumulate,0.017264811,0.017242184
5,55,round_coverage,0.000003907,0.000003315
5,56,round_reset,0.000009666,0.000008407
5,56,receive_authenticate_accumulate,0.017227447,0.017227537
5,56,receive_authenticate_accumulate,0.017227707,0.017227925
5,56,receive_authenticate_accumulate,0.017232745,0.017232926
5,56,receive_authenticate_accumulate,0.017227412,0.017227426
5,56,receive_authenticate_accumulate,0.017227541,0.017227722
5,56,receive_authenticate_accumulate,0.017228226,0.017228444
5,56,receive_authenticate_accumulate,0.017231578,0.017231592
5,56,receive_authenticate_accumulate,0.017272096,0.017245370
5,56,receive_authenticate_accumulate,0.017256614,0.017256722
5,56,receive_authenticate_accumulate,0.017227189,0.017227296
5,56,receive_authenticate_accumulate,0.017227671,0.017227630
5,56,receive_authenticate_accumulate,0.017222524,0.017222704
5,56,receive_authenticate_accumulate,0.025860802,0.025861296
5,56,receive_authenticate_accumulate,0.017228912,0.017229092
5,56,receive_authenticate_accumulate,0.017223727,0.017223870
5,56,receive_authenticate_accumulate,0.017238356,0.017238388
5,56,receive_authenticate_accumulate,0.017227172,0.017227426
5,56,receive_authenticate_accumulate,0.017234782,0.017234944
5,56,reading_commitment_and_shares,0.026943230,0.026943667
5,56,receive_authenticate_accumulate,0.017231801,0.017232037
5,56,receive_authenticate_accumulate,0.017313930,0.017267686
5,56,round_coverage,0.000003722,0.000003204
5,57,round_reset,0.000010333,0.000009278
5,57,receive_authenticate_accumulate,0.017259271,0.017242704
5,57,receive_authenticate_accumulate,0.017227197,0.017227222
5,57,receive_authenticate_accumulate,0.017229400,0.017229685
5,57,receive_authenticate_accumulate,0.017220771,0.017220907
5,57,receive_authenticate_accumulate,0.017230401,0.017230667
5,57,receive_authenticate_accumulate,0.017245382,0.017245519
5,57,receive_authenticate_accumulate,0.017222901,0.017223074
5,57,receive_authenticate_accumulate,0.017228587,0.017228703
5,57,receive_authenticate_accumulate,0.017257197,0.017233666
5,57,receive_authenticate_accumulate,0.017275567,0.017275908
5,57,receive_authenticate_accumulate,0.017225809,0.017233389
5,57,receive_authenticate_accumulate,0.017234883,0.017234981
5,57,receive_authenticate_accumulate,0.025902981,0.025870129
5,57,receive_authenticate_accumulate,0.017228958,0.017229074
5,57,receive_authenticate_accumulate,0.017228421,0.017228685
5,57,receive_authenticate_accumulate,0.017233309,0.017233426
5,57,receive_authenticate_accumulate,0.017278198,0.017250759
5,57,receive_authenticate_accumulate,0.017226569,0.017226852
5,57,reading_commitment_and_shares,0.026903336,0.026903629
5,57,receive_authenticate_accumulate,0.017306198,0.017272482
5,57,receive_authenticate_accumulate,0.017232291,0.017232463
5,57,round_coverage,0.000003796,0.000003296
5,58,round_reset,0.000008741,0.000007648
5,58,receive_authenticate_accumulate,0.017290926,0.017258611
5,58,receive_authenticate_accumulate,0.017230371,0.017230574
5,58,receive_authenticate_accumulate,0.017279464,0.017251944
5,58,receive_authenticate_accumulate,0.017230872,0.017231000
5,58,receive_authenticate_accumulate,0.017235112,0.017235129
5,58,receive_authenticate_accumulate,0.017225334,0.017225648
5,58,receive_authenticate_accumulate,0.017220817,0.017221074
5,58,receive_authenticate_accumulate,0.017227391,0.017227408
5,58,receive_authenticate_accumulate,0.017226150,0.017226185
5,58,receive_authenticate_accumulate,0.017222187,0.017222241
5,58,receive_authenticate_accumulate,0.017232946,0.017233130
5,58,receive_authenticate_accumulate,0.017237595,0.017237759
5,58,receive_authenticate_accumulate,0.017230353,0.017230519
5,58,receive_authenticate_accumulate,0.017229484,0.017229686
5,58,receive_authenticate_accumulate,0.017298039,0.017266649
5,58,receive_authenticate_accumulate,0.017231558,0.017231667
5,58,receive_authenticate_accumulate,0.017233132,0.017233167
5,58,receive_authenticate_accumulate,0.017228854,0.017228537
5,58,reading_commitment_and_shares,0.026894015,0.026894370
5,58,receive_authenticate_accumulate,0.017271798,0.017244389
5,58,receive_authenticate_accumulate,0.017233836,0.017234111
5,58,round_coverage,0.000003999,0.000003519
5,59,round_reset,0.000008944,0.000008037
5,59,receive_authenticate_accumulate,0.017229842,0.017229982
5,59,receive_authenticate_accumulate,0.017233527,0.017233463
5,59,receive_authenticate_accumulate,0.017229249,0.017229389
5,59,receive_authenticate_accumulate,0.017222009,0.017222055
5,59,receive_authenticate_accumulate,0.017277008,0.017247833
5,59,receive_authenticate_accumulate,0.017229657,0.017229740
5,59,receive_authenticate_accumulate,0.017259694,0.017241907
5,59,receive_authenticate_accumulate,0.017232639,0.017232908
5,59,receive_authenticate_accumulate,0.017232528,0.017232889
5,59,receive_authenticate_accumulate,0.017235157,0.017235037
5,59,receive_authenticate_accumulate,0.017229435,0.017229611
5,59,receive_authenticate_accumulate,0.017241325,0.017241389
5,59,receive_authenticate_accumulate,0.017229639,0.017229926
5,59,receive_authenticate_accumulate,0.017228232,0.017228370
5,59,receive_authenticate_accumulate,0.017276250,0.017276500
5,59,receive_authenticate_accumulate,0.017248305,0.017248352
5,59,receive_authenticate_accumulate,0.017233010,0.017233055
5,59,receive_authenticate_accumulate,0.017225288,0.017225352
5,59,reading_commitment_and_shares,0.026901526,0.026901722
5,59,receive_authenticate_accumulate,0.017230713,0.017230778
5,59,receive_authenticate_accumulate,0.017278064,0.017243518
5,59,round_coverage,0.000003685,0.000003223
6,60,period_reset,0.000025629,0.000024870
6,60,receive_authenticate_accumulate,0.000095036,0.000094833
6,60,receive_authenticate_accumulate,0.000092332,0.000092297
6,60,receive_authenticate_accumulate,0.000093591,0.000093462
6,60,receive_authenticate_accumulate,0.000090184,0.000090185
6,60,receive_authenticate_accumulate,0.000090758,0.000090592
6,60,receive_authenticate_accumulate,0.000091295,0.000091278
6,60,receive_authenticate_accumulate,0.000092443,0.000092111
6,60,receive_authenticate_accumulate,0.000071221,0.000070870
6,60,receive_authenticate_accumulate,0.000071999,0.000072000
6,60,receive_authenticate_accumulate,0.000069387,0.000069241
6,60,receive_authenticate_accumulate,0.000069092,0.000069056
6,60,receive_authenticate_accumulate,0.000069313,0.000069167
6,60,receive_authenticate_accumulate,0.000071628,0.000071519
6,60,receive_authenticate_accumulate,0.000069739,0.000069759
6,60,receive_authenticate_accumulate,0.000069703,0.000069556
6,60,receive_authenticate_accumulate,0.000070239,0.000069777
6,60,receive_authenticate_accumulate,0.000068610,0.000068425
6,60,receive_authenticate_accumulate,0.000069313,0.000069149
6,60,randomness_commit,0.000598935,0.000598981
6,60,receive_authenticate_accumulate,0.000068499,0.000068537
6,60,receive_authenticate_accumulate,0.000069129,0.000068907
6,60,receive_authenticate_accumulate,0.000085665,0.000085519
6,60,receive_authenticate_accumulate,0.000084646,0.000084630
6,60,receive_authenticate_accumulate,0.000083481,0.000083389
6,60,receive_authenticate_accumulate,0.000083295,0.000083019
6,60,receive_authenticate_accumulate,0.000081387,0.000081296
6,60,receive_authenticate_accumulate,0.000084684,0.000084667
6,60,receive_authenticate_accumulate,0.000085036,0.000084759
6,60,receive_authenticate_accumulate,0.000083258,0.000083296
6,60,receive_authenticate_accumulate,0.000084721,0.000084778
6,60,receive_authenticate_accumulate,0.000068851,0.000068851
6,60,receive_authenticate_accumulate,0.000068370,0.000068148
6,60,receive_authenticate_accumulate,0.000067351,0.000067148
6,60,receive_authenticate_accumulate,0.000067591,0.000067407
6,60,receive_authenticate_accumulate,0.000067425,0.000067112
6,60,receive_authenticate_accumulate,0.000066647,0.000066426
6,60,receive_authenticate_accumulate,0.000068499,0.000068444
6,60,receive_authenticate_accumulate,0.000067684,0.000066797
6,60,receive_authenticate_accumulate,0.000090721,0.000090555
6,60,randomness_reveal,0.000429901,0.000429574
6,60,receive_authenticate_accumulate,0.000063277,0.000063018
6,60,receive_authenticate_accumulate,0.000067129,0.000066945
6,60,committee_selection,0.000124164,0.000124018
6,60,round_reset,0.000004963,0.000004611
6,60,receive_authenticate_accumulate,0.017221664,0.017221740
6,60,receive_authenticate_accumulate,0.000041980,0.000042019
6,60,receive_authenticate_accumulate,0.017222164,0.017222111
6,60,receive_authenticate_accumulate,0.000044221,0.000044259
6,60,receive_authenticate_accumulate,0.017273274,0.017249630
6,60,receive_authenticate_accumulate,0.000043314,0.000043370
6,60,receive_authenticate_accumulate,0.017233497,0.017233555
6,60,receive_authenticate_accumulate,0.000043981,0.000044093
6,60,receive_authenticate_accumulate,0.017280941,0.017249834
6,60,receive_authenticate_accumulate,0.000044500,0.000044537
6,60,receive_authenticate_accumulate,0.017223275,0.017223351
6,60,receive_authenticate_accumulate,0.000042980,0.000042926
6,60,receive_authenticate_accumulate,0.017230627,0.017230759
6,60,receive_authenticate_accumulate,0.000044258,0.000044277
6,60,receive_authenticate_accumulate,0.017222682,0.017222740
6,60,receive_authenticate_accumulate,0.000042962,0.000043000
6,60,receive_authenticate_accumulate,0.017224108,0.017224297
6,60,receive_authenticate_accumulate,0.000043870,0.000043981
6,60,receive_authenticate_accumulate,0.017226923,0.017227000
6,60,receive_authenticate_accumulate,0.000043574,0.000043648
6,60,receive_authenticate_accumulate,0.017235720,0.017235297
6,60,receive_authenticate_accumulate,0.000043721,0.000043833
6,60,receive_authenticate_accumulate,0.017230702,0.017230889
6,60,receive_authenticate_accumulate,0.000044721,0.000044500
6,60,receive_authenticate_accumulate,0.017235554,0.017235426
6,60,receive_authenticate_accumulate,0.000045074,0.000045074
6,60,receive_authenticate_accumulate,0.017263405,0.017238981
6,60,receive_authenticate_accumulate,0.000044333,0.000044315
6,60,receive_authenticate_accumulate,0.017227758,0.017227889
6,60,receive_authenticate_accumulate,0.000044629,0.000044723
6,60,receive_authenticate_accumulate,0.017225017,0.017225056
6,60,receive_authenticate_accumulate,0.000043963,0.000043963
6,60,receive_authenticate_accumulate,0.017222924,0.017222944
6,60,receive_authenticate_accumulate,0.000042963,0.000043019
6,60,receive_authenticate_accumulate,0.017266276,0.017266574
6,60,receive_authenticate_accumulate,0.000047703,0.000047686
6,60,reading_commitment_and_shares,0.026936315,0.026924500
6,60,receive_authenticate_accumulate,0.017233443,0.017233592
6,60,receive_authenticate_accumulate,0.000043648,0.000043722
6,60,receive_authenticate_accumulate,0.017229499,0.017229629
6,60,receive_authenticate_accumulate,0.000043537,0.000043592
6,60,round_coverage,0.000003833,0.000003222
6,60,spatial_report,0.000061222,0.000061129
6,61,round_reset,0.000009926,0.000008982
6,61,receive_authenticate_accumulate,0.017223540,0.017223704
6,61,receive_authenticate_accumulate,0.000045815,0.000045926
6,61,receive_authenticate_accumulate,0.017232744,0.017232833
6,61,receive_authenticate_accumulate,0.000044610,0.000044592
6,61,receive_authenticate_accumulate,0.017221152,0.017221259
6,61,receive_authenticate_accumulate,0.000044332,0.000044463
6,61,receive_authenticate_accumulate,0.017227800,0.017227926
6,61,receive_authenticate_accumulate,0.000045351,0.000045370
6,61,receive_authenticate_accumulate,0.017256281,0.017238537
6,61,receive_authenticate_accumulate,0.000045759,0.000045778
6,61,receive_authenticate_accumulate,0.017235837,0.017235963
6,61,receive_authenticate_accumulate,0.000044537,0.000044444
6,61,receive_authenticate_accumulate,0.017232134,0.017232185
6,61,receive_authenticate_accumulate,0.000043888,0.000043945
6,61,receive_authenticate_accumulate,0.017340946,0.017275518
6,61,receive_authenticate_accumulate,0.000045647,0.000045686
6,61,receive_authenticate_accumulate,0.017235967,0.017236203
6,61,receive_authenticate_accumulate,0.000045851,0.000045907
6,61,receive_authenticate_accumulate,0.017229319,0.017229482
6,61,receive_authenticate_accumulate,0.000044222,0.000044315
6,61,receive_authenticate_accumulate,0.017232115,0.017232203
6,61,receive_authenticate_accumulate,0.000042518,0.000042481
6,61,receive_authenticate_accumulate,0.017261096,0.017240241
6,61,receive_authenticate_accumulate,0.000044277,0.000044352
6,61,receive_authenticate_accumulate,0.017238949,0.017239092
6,61,receive_authenticate_accumulate,0.000046352,0.000046111
6,61,receive_authenticate_accumulate,0.017231227,0.017231315
6,61,receive_authenticate_accumulate,0.000043851,0.000043870
6,61,receive_authenticate_accumulate,0.017230079,0.017230129
6,61,receive_authenticate_accumulate,0.000044203,0.000044203
6,61,receive_authenticate_accumulate,0.017225912,0.017226166
6,61,receive_authenticate_accumulate,0.000043629,0.000043649
6,61,receive_authenticate_accumulate,0.017253616,0.017235444
6,61,receive_authenticate_accumulate,0.000043536,0.000043741
6,61,receive_authenticate_accumulate,0.017230986,0.017231019
6,61,receive_authenticate_accumulate,0.000044684,0.000044759
6,61,reading_commitment_and_shares,0.026896362,0.026896667
6,61,receive_authenticate_accumulate,0.017236005,0.017236074
6,61,receive_authenticate_accumulate,0.000043536,0.000043630
6,61,receive_authenticate_accumulate,0.017223764,0.017223852
6,61,receive_authenticate_accumulate,0.000043906,0.000043963
6,61,round_coverage,0.000003592,0.000003000
6,61,spatial_report,0.000061703,0.000061519
6,62,round_reset,0.000009166,0.000008203
6,62,receive_authenticate_accumulate,0.017237066,0.017237204
6,62,receive_authenticate_accumulate,0.000044148,0.000044259
6,62,receive_authenticate_accumulate,0.017252064,0.017252037
6,62,receive_authenticate_accumulate,0.000044740,0.000044834
6,62,receive_authenticate_accumulate,0.017236751,0.017236814
6,62,receive_authenticate_accumulate,0.000043648,0.000043815
6,62,receive_authenticate_accumulate,0.017229713,0.017229963
6,62,receive_authenticate_accumulate,0.000043962,0.000044074
6,62,receive_authenticate_accumulate,0.017225306,0.017225333
6,62,receive_authenticate_accumulate,0.000044277,0.000044315
6,62,receive_authenticate_accumulate,0.017267046,0.017242037
6,62,receive_authenticate_accumulate,0.000043536,0.000043556
6,62,receive_authenticate_accumulate,0.017239362,0.017239370
6,62,receive_authenticate_accumulate,0.000044703,0.000044630
6,62,receive_authenticate_accumulate,0.017228917,0.017229019
6,62,receive_authenticate_accumulate,0.000044054,0.000044111
6,62,receive_authenticate_accumulate,0.017221695,0.017221463
6,62,receive_authenticate_accumulate,0.000044962,0.000045056
6,62,receive_authenticate_accumulate,0.017227084,0.017227019
6,62,receive_authenticate_accumulate,0.000043647,0.000043611
6,62,receive_authenticate_accumulate,0.017223751,0.017223722
6,62,receive_authenticate_accumulate,0.000043981,0.000043945
6,62,receive_authenticate_accumulate,0.017259232,0.017238278
6,62,receive_authenticate_accumulate,0.000044870,0.000044963
6,62,receive_authenticate_accumulate,0.017233603,0.017233500
6,62,receive_authenticate_accumulate,0.000043370,0.000043389
6,62,receive_authenticate_accumulate,0.017223492,0.017223333
6,62,receive_authenticate_accumulate,0.000044481,0.000044481
6,62,receive_authenticate_accumulate,0.017311991,0.017274722
6,62,receive_authenticate_accumulate,0.000042629,0.000042685
6,62,receive_authenticate_accumulate,0.017226196,0.017226222
6,62,receive_authenticate_accumulate,0.000041240,0.000041315
6,62,receive_authenticate_accumulate,0.017222882,0.017223000
6,62,receive_authenticate_accumulate,0.000043407,0.000043481
6,62,receive_authenticate_accumulate,0.017227622,0.017227648
6,62,receive_authenticate_accumulate,0.000043537,0.000043296
6,62,reading_commitment_and_shares,0.026902131,0.026902537
6,62,receive_authenticate_accumulate,0.017219919,0.017220000
6,62,receive_authenticate_accumulate,0.000043537,0.000043389
6,62,receive_authenticate_accumulate,0.017254288,0.017233407
6,62,receive_authenticate_accumulate,0.000041278,0.000041185
6,62,round_coverage,0.000004000,0.000003408
6,62,spatial_report,0.000064222,0.000064130
6,63,round_reset,0.000009130,0.000007704
6,63,receive_authenticate_accumulate,0.017255126,0.017242537
6,63,receive_authenticate_accumulate,0.000045277,0.000045241
6,63,receive_authenticate_accumulate,0.017223201,0.017223463
6,63,receive_authenticate_accumulate,0.000045851,0.000045908
6,63,receive_authenticate_accumulate,0.017236756,0.017236870
6,63,receive_authenticate_accumulate,0.000043999,0.000043963
6,63,receive_authenticate_accumulate,0.017225812,0.017225833
6,63,receive_authenticate_accumulate,0.000044574,0.000044648
6,63,receive_authenticate_accumulate,0.017225219,0.017225444
6,63,receive_authenticate_accumulate,0.000043518,0.000043463
6,63,receive_authenticate_accumulate,0.017253775,0.017234443
6,63,receive_authenticate_accumulate,0.000044888,0.000044778
6,63,receive_authenticate_accumulate,0.017230331,0.017230407
6,63,receive_authenticate_accumulate,0.000043758,0.000043648
6,63,receive_authenticate_accumulate,0.017230701,0.017230704
6,63,receive_authenticate_accumulate,0.000044203,0.000044203
6,63,receive_authenticate_accumulate,0.017232202,0.017232278
6,63,receive_authenticate_accumulate,0.000042907,0.000042926
6,63,receive_authenticate_accumulate,0.017275626,0.017248426
6,63,receive_authenticate_accumulate,0.000044889,0.000044833
6,63,receive_authenticate_accumulate,0.017233923,0.017233926
6,63,receive_authenticate_accumulate,0.000045536,0.000045370
6,63,receive_authenticate_accumulate,0.017226109,0.017226277
6,63,receive_authenticate_accumulate,0.000042981,0.000043056
6,63,receive_authenticate_accumulate,0.017232053,0.017232129
6,63,receive_authenticate_accumulate,0.000045555,0.000045445
6,63,receive_authenticate_accumulate,0.017229183,0.017229074
6,63,receive_authenticate_accumulate,0.000044073,0.000044037
6,63,receive_authenticate_accumulate,0.017229906,0.017229907
6,63,receive_authenticate_accumulate,0.000044203,0.000044297
6,63,receive_authenticate_accumulate,0.017220961,0.017221074
6,63,receive_authenticate_accumulate,0.000044314,0.000044352
6,63,receive_authenticate_accumulate,0.017228053,0.017228259
6,63,receive_authenticate_accumulate,0.000043370,0.000043537
6,63,receive_authenticate_accumulate,0.017227702,0.017227907
6,63,receive_authenticate_accumulate,0.000043666,0.000043778
6,63,reading_commitment_and_shares,0.026892973,0.026893259
6,63,receive_authenticate_accumulate,0.017265238,0.017244796
6,63,receive_authenticate_accumulate,0.000043981,0.000044074
6,63,receive_authenticate_accumulate,0.017225295,0.017225352
6,63,receive_authenticate_accumulate,0.000042759,0.000042815
6,63,round_coverage,0.000003926,0.000003482
6,63,spatial_report,0.000064759,0.000064703
6,64,round_reset,0.000009722,0.000008334
6,64,receive_authenticate_accumulate,0.017223855,0.017223907
6,64,receive_authenticate_accumulate,0.000045407,0.000045389
6,64,receive_authenticate_accumulate,0.017226780,0.017226833
6,64,receive_authenticate_accumulate,0.000043648,0.000043704
6,64,receive_authenticate_accumulate,0.017234928,0.017235092
6,64,receive_authenticate_accumulate,0.000043833,0.000043852
6,64,receive_authenticate_accumulate,0.017249466,0.017249574
6,64,receive_authenticate_accumulate,0.000050369,0.000050333
6,64,receive_authenticate_accumulate,0.017230929,0.017231000
6,64,receive_authenticate_accumulate,0.000044110,0.000044056
6,64,receive_authenticate_accumulate,0.017295391,0.017256278
6,64,receive_authenticate_accumulate,0.000045036,0.000045037
6,64,receive_authenticate_accumulate,0.017233855,0.017233722
6,64,receive_authenticate_accumulate,0.000044648,0.000044630
6,64,receive_authenticate_accumulate,0.017226503,0.017226536
6,64,receive_authenticate_accumulate,0.000042425,0.000042519
6,64,receive_authenticate_accumulate,0.017261336,0.017236723
6,64,receive_authenticate_accumulate,0.000043703,0.000043722
6,64,receive_authenticate_accumulate,0.017224281,0.017224352
6,64,receive_authenticate_accumulate,0.000044648,0.000044722
6,64,receive_authenticate_accumulate,0.017227522,0.017227630
6,64,receive_authenticate_accumulate,0.000043704,0.000043925
6,64,receive_authenticate_accumulate,0.017223652,0.017223833
6,64,receive_authenticate_accumulate,0.000042926,0.000043037
6,64,receive_authenticate_accumulate,0.017238151,0.017238056
6,64,receive_authenticate_accumulate,0.000042944,0.000043000
6,64,receive_authenticate_accumulate,0.017221281,0.017221092
6,64,receive_authenticate_accumulate,0.000041852,0.000041926
6,64,receive_authenticate_accumulate,0.017234151,0.017234278
6,64,receive_authenticate_accumulate,0.000041629,0.000041704
6,64,receive_authenticate_accumulate,0.017294836,0.017258778
6,64,receive_authenticate_accumulate,0.000041722,0.000041796
6,64,receive_authenticate_accumulate,0.017262429,0.017243167
6,64,receive_authenticate_accumulate,0.000042648,0.000042704
6,64,receive_authenticate_accumulate,0.017231745,0.017231834
6,64,receive_authenticate_accumulate,0.000042463,0.000042463
6,64,reading_commitment_and_shares,0.026901685,0.026902297
6,64,receive_authenticate_accumulate,0.017285132,0.017245351
6,64,receive_authenticate_accumulate,0.000043166,0.000043111
6,64,receive_authenticate_accumulate,0.017234744,0.017234759
6,64,receive_authenticate_accumulate,0.000042907,0.000043000
6,64,round_coverage,0.000003907,0.000003407
6,64,spatial_report,0.000076277,0.000076370
6,65,round_reset,0.000009611,0.000007741
6,65,receive_authenticate_accumulate,0.017238304,0.017238334
6,65,receive_authenticate_accumulate,0.000044333,0.000044371
6,65,receive_authenticate_accumulate,0.017273322,0.017247462
6,65,receive_authenticate_accumulate,0.000043147,0.000043038
6,65,receive_authenticate_accumulate,0.017225119,0.017225148
6,65,receive_authenticate_accumulate,0.000045518,0.000045204
6,65,receive_authenticate_accumulate,0.017232211,0.017232204
6,65,receive_authenticate_accumulate,0.000042426,0.000042408
6,65,receive_authenticate_accumulate,0.017284136,0.017245778
6,65,receive_authenticate_accumulate,0.000043758,0.000043870
6,65,receive_authenticate_accumulate,0.017293136,0.017253425
6,65,receive_authenticate_accumulate,0.000046537,0.000046463
6,65,receive_authenticate_accumulate,0.017229082,0.017229074
6,65,receive_authenticate_accumulate,0.000049240,0.000049130
6,65,receive_authenticate_accumulate,0.017228675,0.017228703
6,65,receive_authenticate_accumulate,0.000048036,0.000047945
6,65,receive_authenticate_accumulate,0.017231749,0.017231760
6,65,receive_authenticate_accumulate,0.000047666,0.000047612
6,65,receive_authenticate_accumulate,0.017269452,0.017246611
6,65,receive_authenticate_accumulate,0.000046944,0.000046759
6,65,receive_authenticate_accumulate,0.017237989,0.017238056
6,65,receive_authenticate_accumulate,0.000047481,0.000047408
6,65,receive_authenticate_accumulate,0.017228378,0.017228426
6,65,receive_authenticate_accumulate,0.000047296,0.000047222
6,65,receive_authenticate_accumulate,0.028743649,0.028743870
6,65,receive_authenticate_accumulate,0.000049258,0.000049204
6,65,receive_authenticate_accumulate,0.017228453,0.017228277
6,65,receive_authenticate_accumulate,0.000047129,0.000047204
6,65,receive_authenticate_accumulate,0.017221120,0.017221185
6,65,receive_authenticate_accumulate,0.000049759,0.000049759
6,65,receive_authenticate_accumulate,0.017217176,0.017217296
6,65,receive_authenticate_accumulate,0.000047629,0.000047500
6,65,receive_authenticate_accumulate,0.017233249,0.017233444
6,65,receive_authenticate_accumulate,0.000059018,0.000058944
6,65,receive_authenticate_accumulate,0.017221805,0.017221907
6,65,receive_authenticate_accumulate,0.000047444,0.000047537
6,65,reading_commitment_and_shares,0.026889156,0.026889389
6,65,receive_authenticate_accumulate,0.017221398,0.017221444
6,65,receive_authenticate_accumulate,0.000046148,0.000046148
6,65,receive_authenticate_accumulate,0.017230620,0.017230722
6,65,receive_authenticate_accumulate,0.000045555,0.000045445
6,65,round_coverage,0.000004130,0.000003648
6,65,spatial_report,0.000060258,0.000060111
6,66,round_reset,0.000009111,0.000007852
6,66,receive_authenticate_accumulate,0.017262438,0.017238926
6,66,receive_authenticate_accumulate,0.000047648,0.000047611
6,66,receive_authenticate_accumulate,0.017231939,0.017232148
6,66,receive_authenticate_accumulate,0.000049536,0.000049481
6,66,receive_authenticate_accumulate,0.017219753,0.017219777
6,66,receive_authenticate_accumulate,0.000046185,0.000046222
6,66,receive_authenticate_accumulate,0.017224754,0.017224834
6,66,receive_authenticate_accumulate,0.000046536,0.000046482
6,66,receive_authenticate_accumulate,0.017232661,0.017232685
6,66,receive_authenticate_accumulate,0.000046666,0.000046722
6,66,receive_authenticate_accumulate,0.017231365,0.017231481
6,66,receive_authenticate_accumulate,0.000047073,0.000047093
6,66,receive_authenticate_accumulate,0.017231865,0.017231926
6,66,receive_authenticate_accumulate,0.000046833,0.000046852
6,66,receive_authenticate_accumulate,0.017225791,0.017225815
6,66,receive_authenticate_accumulate,0.000059203,0.000059111
6,66,receive_authenticate_accumulate,0.017232884,0.017233203
6,66,receive_authenticate_accumulate,0.000049333,0.000049370
6,66,receive_authenticate_accumulate,0.017229180,0.017229222
6,66,receive_authenticate_accumulate,0.000048444,0.000048240
6,66,receive_authenticate_accumulate,0.017232698,0.017232796
6,66,receive_authenticate_accumulate,0.000047518,0.000047463
6,66,receive_authenticate_accumulate,0.017223884,0.017223870
6,66,receive_authenticate_accumulate,0.000046980,0.000046944
6,66,receive_authenticate_accumulate,0.025857491,0.025857351
6,66,receive_authenticate_accumulate,0.000047981,0.000048055
6,66,receive_authenticate_accumulate,0.017235477,0.017235537
6,66,receive_authenticate_accumulate,0.000048000,0.000047926
6,66,receive_authenticate_accumulate,0.017229958,0.017230148
6,66,receive_authenticate_accumulate,0.000048221,0.000048259
6,66,receive_authenticate_accumulate,0.017228995,0.017229129
6,66,receive_authenticate_accumulate,0.000046537,0.000046481
6,66,receive_authenticate_accumulate,0.017262235,0.017237945
6,66,receive_authenticate_accumulate,0.000047222,0.000047204
6,66,receive_authenticate_accumulate,0.017221809,0.017221962
6,66,receive_authenticate_accumulate,0.000048888,0.000048871
6,66,reading_commitment_and_shares,0.026897441,0.026897648
6,66,receive_authenticate_accumulate,0.017220310,0.017220426
6,66,receive_authenticate_accumulate,0.000047555,0.000047519
6,66,receive_authenticate_accumulate,0.017220736,0.017220796
6,66,receive_authenticate_accumulate,0.000047907,0.000047852
6,66,round_coverage,0.000003871,0.000003130
6,66,spatial_report,0.000064425,0.000064371
6,67,round_reset,0.000009500,0.000008408
6,67,receive_authenticate_accumulate,0.017227424,0.017227481
6,67,receive_authenticate_accumulate,0.000044018,0.000043833
6,67,receive_authenticate_accumulate,0.017229073,0.017229019
6,67,receive_authenticate_accumulate,0.000044555,0.000044611
6,67,receive_authenticate_accumulate,0.017225962,0.017226019
6,67,receive_authenticate_accumulate,0.000043740,0.000043629
6,67,receive_authenticate_accumulate,0.017261609,0.017245352
6,67,receive_authenticate_accumulate,0.000044295,0.000044241
6,67,receive_authenticate_accumulate,0.017272443,0.017245519
6,67,receive_authenticate_accumulate,0.000043610,0.000043611
6,67,receive_authenticate_accumulate,0.017337645,0.017259517
6,67,receive_authenticate_accumulate,0.000045000,0.000044982
6,67,receive_authenticate_accumulate,0.017230129,0.017230204
6,67,receive_authenticate_accumulate,0.000042648,0.000042759
6,67,receive_authenticate_accumulate,0.017235961,0.017236000
6,67,receive_authenticate_accumulate,0.000042463,0.000042352
6,67,receive_authenticate_accumulate,0.017227147,0.017227445
6,67,receive_authenticate_accumulate,0.000045333,0.000045000
6,67,receive_authenticate_accumulate,0.017230740,0.017230834
6,67,receive_authenticate_accumulate,0.000041832,0.000041981
6,67,receive_authenticate_accumulate,0.017227148,0.017227167
6,67,receive_authenticate_accumulate,0.000042832,0.000042926
6,67,receive_authenticate_accumulate,0.017234481,0.017234444
6,67,receive_authenticate_accumulate,0.000042629,0.000042741
6,67,receive_authenticate_accumulate,0.017293184,0.017258165
6,67,receive_authenticate_accumulate,0.000045259,0.000045204
6,67,receive_authenticate_accumulate,0.017229796,0.017229574
6,67,receive_authenticate_accumulate,0.000043259,0.000043241
6,67,receive_authenticate_accumulate,0.017224111,0.017224148
6,67,receive_authenticate_accumulate,0.000044036,0.000044130
6,67,receive_authenticate_accumulate,0.017235944,0.017235759
6,67,receive_authenticate_accumulate,0.000043870,0.000043740
6,67,receive_authenticate_accumulate,0.017270906,0.017243462
6,67,receive_authenticate_accumulate,0.000043685,0.000043871
6,67,receive_authenticate_accumulate,0.017230148,0.017230148
6,67,receive_authenticate_accumulate,0.000044258,0.000044203
6,67,reading_commitment_and_shares,0.026885356,0.026885463
6,67,receive_authenticate_accumulate,0.017223352,0.017223389
6,67,receive_authenticate_accumulate,0.000044462,0.000044481
6,67,receive_authenticate_accumulate,0.017231926,0.017231777
6,67,receive_authenticate_accumulate,0.000043370,0.000043408
6,67,round_coverage,0.000003797,0.000003222
6,67,spatial_report,0.000058944,0.000058778
6,68,round_reset,0.000009111,0.000008944
6,68,receive_authenticate_accumulate,0.017235392,0.017235407
6,68,receive_authenticate_accumulate,0.000044740,0.000044870
6,68,receive_authenticate_accumulate,0.017212725,0.017212815
6,68,receive_authenticate_accumulate,0.000043462,0.000043463
6,68,receive_authenticate_accumulate,0.017266392,0.017239000
6,68,receive_authenticate_accumulate,0.000044943,0.000044982
6,68,receive_authenticate_accumulate,0.017219855,0.017219815
6,68,receive_authenticate_accumulate,0.000044610,0.000044611
6,68,receive_authenticate_accumulate,0.017254336,0.017254407
6,68,receive_authenticate_accumulate,0.000042721,0.000042815
6,68,receive_authenticate_accumulate,0.017235041,0.017235111
6,68,receive_authenticate_accumulate,0.000042888,0.000042944
6,68,receive_authenticate_accumulate,0.017228022,0.017228000
6,68,receive_authenticate_accumulate,0.000048685,0.000048556
6,68,receive_authenticate_accumulate,0.017224188,0.017224259
6,68,receive_authenticate_accumulate,0.000043055,0.000043018
6,68,receive_authenticate_accumulate,0.017227966,0.017227963
6,68,receive_authenticate_accumulate,0.000041185,0.000041204
6,68,receive_authenticate_accumulate,0.017229374,0.017229351
6,68,receive_authenticate_accumulate,0.000041963,0.000041944
6,68,receive_authenticate_accumulate,0.017226652,0.017226759
6,68,receive_authenticate_accumulate,0.000041481,0.000041518
6,68,receive_authenticate_accumulate,0.017229485,0.017229555
6,68,receive_authenticate_accumulate,0.000041555,0.000041630
6,68,receive_authenticate_accumulate,0.017234374,0.017234518
6,68,receive_authenticate_accumulate,0.000041314,0.000041315
6,68,receive_authenticate_accumulate,0.017230374,0.017230407
6,68,receive_authenticate_accumulate,0.000041184,0.000041260
6,68,receive_authenticate_accumulate,0.017257985,0.017241111
6,68,receive_authenticate_accumulate,0.000042703,0.000042612
6,68,receive_authenticate_accumulate,0.017246633,0.017246778
6,68,receive_authenticate_accumulate,0.000046592,0.000046648
6,68,receive_authenticate_accumulate,0.017267021,0.017244020
6,68,receive_authenticate_accumulate,0.000044852,0.000044741
6,68,receive_authenticate_accumulate,0.017230967,0.017231000
6,68,receive_authenticate_accumulate,0.000044907,0.000044852
6,68,reading_commitment_and_shares,0.026894992,0.026895389
6,68,receive_authenticate_accumulate,0.017239041,0.017239371
6,68,receive_authenticate_accumulate,0.000043351,0.000043426
6,68,receive_authenticate_accumulate,0.017223782,0.017224056
6,68,receive_authenticate_accumulate,0.000043629,0.000043760
6,68,round_coverage,0.000004036,0.000003315
6,68,spatial_report,0.000061666,0.000061537
6,69,round_reset,0.000010111,0.000008259
6,69,receive_authenticate_accumulate,0.017269414,0.017249518
6,69,receive_authenticate_accumulate,0.000044851,0.000044852
6,69,receive_authenticate_accumulate,0.017230174,0.017230389
6,69,receive_authenticate_accumulate,0.000043981,0.000043944
6,69,receive_authenticate_accumulate,0.017225248,0.017225352
6,69,receive_authenticate_accumulate,0.000043537,0.000043574
6,69,receive_authenticate_accumulate,0.017233099,0.017233055
6,69,receive_authenticate_accumulate,0.000044648,0.000044704
6,69,receive_authenticate_accumulate,0.017289580,0.017246407
6,69,receive_authenticate_accumulate,0.000043889,0.000044074
6,69,receive_authenticate_accumulate,0.017229100,0.017229185
6,69,receive_authenticate_accumulate,0.000043999,0.000043871
6,69,receive_authenticate_accumulate,0.017226193,0.017226185
6,69,receive_authenticate_accumulate,0.000043407,0.000043315
6,69,receive_authenticate_accumulate,0.017258970,0.017232703
6,69,receive_authenticate_accumulate,0.000044332,0.000044371
6,69,receive_authenticate_accumulate,0.017253211,0.017239889
6,69,receive_authenticate_accumulate,0.000045036,0.000045129
6,69,receive_authenticate_accumulate,0.017228804,0.017228815
6,69,receive_authenticate_accumulate,0.000044777,0.000044759
6,69,receive_authenticate_accumulate,0.017232360,0.017232500
6,69,receive_authenticate_accumulate,0.000043703,0.000043685
6,69,receive_authenticate_accumulate,0.017238063,0.017238204
6,69,receive_authenticate_accumulate,0.000044407,0.000044481
6,69,receive_authenticate_accumulate,0.017232211,0.017232297
6,69,receive_authenticate_accumulate,0.000045240,0.000045185
6,69,receive_authenticate_accumulate,0.017220138,0.017220278
6,69,receive_authenticate_accumulate,0.000044203,0.000044185
6,69,receive_authenticate_accumulate,0.017226100,0.017226240
6,69,receive_authenticate_accumulate,0.000042981,0.000043093
6,69,receive_authenticate_accumulate,0.017226230,0.017226278
6,69,receive_authenticate_accumulate,0.000043888,0.000043926
6,69,receive_authenticate_accumulate,0.017279600,0.017248334
6,69,receive_authenticate_accumulate,0.000044111,0.000044111
6,69,receive_authenticate_accumulate,0.017228119,0.017228166
6,69,receive_authenticate_accumulate,0.000043814,0.000043833
6,69,reading_commitment_and_shares,0.026962368,0.026921499
6,69,receive_authenticate_accumulate,0.017265248,0.017265630
6,69,receive_authenticate_accumulate,0.000048444,0.000048500
6,69,receive_authenticate_accumulate,0.017242471,0.017242186
6,69,receive_authenticate_accumulate,0.000045074,0.000045056
6,69,round_coverage,0.000003870,0.000003278
6,69,spatial_report,0.000063758,0.000063593
6,69,billing_report,0.000424606,0.000424278
7,70,period_reset,0.000025166,0.000023593
7,70,receive_authenticate_accumulate,0.000093795,0.000093222
7,70,receive_authenticate_accumulate,0.000091851,0.000091778
7,70,receive_authenticate_accumulate,0.000091999,0.000091796
7,70,receive_authenticate_accumulate,0.000089369,0.000089092
7,70,receive_authenticate_accumulate,0.000090906,0.000090648
7,70,receive_authenticate_accumulate,0.000088073,0.000088037
7,70,receive_authenticate_accumulate,0.000089832,0.000089704
7,70,receive_authenticate_accumulate,0.000064184,0.000063963
7,70,receive_authenticate_accumulate,0.000063147,0.000062889
7,70,receive_authenticate_accumulate,0.000063610,0.000063407
7,70,receive_authenticate_accumulate,0.000061352,0.000061056
7,70,receive_authenticate_accumulate,0.000063092,0.000062704
7,70,receive_authenticate_accumulate,0.000062463,0.000062407
7,70,receive_authenticate_accumulate,0.000089184,0.000088944
7,70,receive_authenticate_accumulate,0.000085888,0.000085797
7,70,receive_authenticate_accumulate,0.000062333,0.000062056
7,70,receive_authenticate_accumulate,0.000059869,0.000059777
7,70,receive_authenticate_accumulate,0.000060573,0.000060556
7,70,randomness_commit,0.000546067,0.000545760
7,70,receive_authenticate_accumulate,0.000056814,0.000056722
7,70,receive_authenticate_accumulate,0.000059944,0.000059888
7,70,receive_authenticate_accumulate,0.000073369,0.000073334
7,70,receive_authenticate_accumulate,0.000072629,0.000072222
7,70,receive_authenticate_accumulate,0.000070518,0.000070277
7,70,receive_authenticate_accumulate,0.000073091,0.000073074
7,70,receive_authenticate_accumulate,0.000071276,0.000071167
7,70,receive_authenticate_accumulate,0.000072055,0.000071888
7,70,receive_authenticate_accumulate,0.000071370,0.000071593
7,70,receive_authenticate_accumulate,0.000071073,0.000071241
7,70,receive_authenticate_accumulate,0.000071406,0.000071297
7,70,receive_authenticate_accumulate,0.000071518,0.000071389
7,70,receive_authenticate_accumulate,0.000070573,0.000070351
7,70,receive_authenticate_accumulate,0.000072277,0.000072093
7,70,receive_authenticate_accumulate,0.000046684,0.000046463
7,70,receive_authenticate_accumulate,0.000044037,0.000043815
7,70,receive_authenticate_accumulate,0.000046037,0.000046019
7,70,receive_authenticate_accumulate,0.000045963,0.000045833
7,70,receive_authenticate_accumulate,0.000044166,0.000043963
7,70,receive_authenticate_accumulate,0.000045611,0.000045555
7,70,randomness_reveal,0.000296478,0.000296297
7,70,receive_authenticate_accumulate,0.000044222,0.000044129
7,70,receive_authenticate_accumulate,0.000044167,0.000044111
7,70,committee_selection,0.000084702,0.000084630
7,70,round_reset,0.000003499,0.000002963
7,70,receive_authenticate_accumulate,0.017225937,0.017226056
7,70,receive_authenticate_accumulate,0.000047018,0.000046926
7,70,receive_authenticate_accumulate,0.017227270,0.017227426
7,70,receive_authenticate_accumulate,0.000045980,0.000046037
7,70,receive_authenticate_accumulate,0.017270604,0.017247036
7,70,receive_authenticate_accumulate,0.000046370,0.000046407
7,70,receive_authenticate_accumulate,0.017224345,0.017224611
7,70,receive_authenticate_accumulate,0.000046222,0.000046148
7,70,receive_authenticate_accumulate,0.017226937,0.017227056
7,70,receive_authenticate_accumulate,0.000046685,0.000046685
7,70,receive_authenticate_accumulate,0.017219178,0.017219333
7,70,receive_authenticate_accumulate,0.000046537,0.000046370
7,70,receive_authenticate_accumulate,0.017220104,0.017220241
7,70,receive_authenticate_accumulate,0.000046574,0.000046500
7,70,receive_authenticate_accumulate,0.017222900,0.017223019
7,70,receive_authenticate_accumulate,0.000046166,0.000046055
7,70,receive_authenticate_accumulate,0.017220993,0.017221223
7,70,receive_authenticate_accumulate,0.000046906,0.000046871
7,70,receive_authenticate_accumulate,0.017221549,0.017221648
7,70,receive_authenticate_accumulate,0.000045277,0.000045241
7,70,receive_authenticate_accumulate,0.017217993,0.017218203
7,70,receive_authenticate_accumulate,0.000046388,0.000046444
7,70,receive_authenticate_accumulate,0.017226307,0.017226277
7,70,receive_authenticate_accumulate,0.000047907,0.000047778
7,70,receive_authenticate_accumulate,0.017269474,0.017249612
7,70,receive_authenticate_accumulate,0.000046555,0.000046574
7,70,receive_authenticate_accumulate,0.017226345,0.017226482
7,70,receive_authenticate_accumulate,0.000045593,0.000045593
7,70,receive_authenticate_accumulate,0.017266678,0.017241204
7,70,receive_authenticate_accumulate,0.000046740,0.000046777
7,70,receive_authenticate_accumulate,0.017229679,0.017229704
7,70,receive_authenticate_accumulate,0.000046833,0.000046759
7,70,receive_authenticate_accumulate,0.017287104,0.017242315
7,70,receive_authenticate_accumulate,0.000045759,0.000045667
7,70,receive_authenticate_accumulate,0.017229789,0.017229833
7,70,receive_authenticate_accumulate,0.000045406,0.000045444
7,70,reading_commitment_and_shares,0.026990392,0.026960852
7,70,receive_authenticate_accumulate,0.017221900,0.017221982
7,70,receive_authenticate_accumulate,0.000046685,0.000046574
7,70,receive_authenticate_accumulate,0.017222308,0.017222482
7,70,receive_authenticate_accumulate,0.000045981,0.000045944
7,70,round_coverage,0.000003389,0.000002908
7,70,spatial_report,0.000037778,0.000037630
7,71,round_reset,0.000009314,0.000008092
7,71,receive_authenticate_accumulate,0.017274329,0.017248056
7,71,receive_authenticate_accumulate,0.000046203,0.000046296
7,71,receive_authenticate_accumulate,0.017226792,0.017226852
7,71,receive_authenticate_accumulate,0.000047777,0.000047741
7,71,receive_authenticate_accumulate,0.017228014,0.017228148
7,71,receive_authenticate_accumulate,0.000046592,0.000046649
7,71,receive_authenticate_accumulate,0.017225033,0.017225130
7,71,receive_authenticate_accumulate,0.000046981,0.000046889
7,71,receive_authenticate_accumulate,0.017227811,0.017227833
7,71,receive_authenticate_accumulate,0.000046110,0.000046111
7,71,receive_authenticate_accumulate,0.017231867,0.017232037
7,71,receive_authenticate_accumulate,0.000046388,0.000046334
7,71,receive_authenticate_accumulate,0.017223867,0.017223963
7,71,receive_authenticate_accumulate,0.000045407,0.000045296
7,71,receive_authenticate_accumulate,0.017220256,0.017220370
7,71,receive_authenticate_accumulate,0.000046370,0.000046333
7,71,receive_authenticate_accumulate,0.017222515,0.017222703
7,71,receive_authenticate_accumulate,0.000046815,0.000046759
7,71,receive_authenticate_accumulate,0.017227089,0.017227223
7,71,receive_authenticate_accumulate,0.000047592,0.000047592
7,71,receive_authenticate_accumulate,0.017225552,0.017225648
7,71,receive_authenticate_accumulate,0.000046111,0.000046018
7,71,receive_authenticate_accumulate,0.017218071,0.017218166
7,71,receive_authenticate_accumulate,0.000046888,0.000046778
7,71,receive_authenticate_accumulate,0.017222756,0.017222870
7,71,receive_authenticate_accumulate,0.000046166,0.000046111
7,71,receive_authenticate_accumulate,0.017280663,0.017254686
7,71,receive_authenticate_accumulate,0.000045741,0.000045759
7,71,receive_authenticate_accumulate,0.017237570,0.017237629
7,71,receive_authenticate_accumulate,0.000046555,0.000046574
7,71,receive_authenticate_accumulate,0.017217867,0.017217870
7,71,receive_authenticate_accumulate,0.000059240,0.000059167
7,71,receive_authenticate_accumulate,0.017229774,0.017229814
7,71,receive_authenticate_accumulate,0.000046333,0.000046407
7,71,receive_authenticate_accumulate,0.017226571,0.017226630
7,71,receive_authenticate_accumulate,0.000046777,0.000046722
7,71,reading_commitment_and_shares,0.026899177,0.026899351
7,71,receive_authenticate_accumulate,0.017212645,0.017212722
7,71,receive_authenticate_accumulate,0.000045443,0.000045481
7,71,receive_authenticate_accumulate,0.017220182,0.017220278
7,71,receive_authenticate_accumulate,0.000045833,0.000045722
7,71,round_coverage,0.000003463,0.000002963
7,71,spatial_report,0.000037610,0.000037500
7,72,round_reset,0.000009667,0.000008481
7,72,receive_authenticate_accumulate,0.017229703,0.017229500
7,72,receive_authenticate_accumulate,0.000046703,0.000046704
7,72,receive_authenticate_accumulate,0.017228278,0.017228259
7,72,receive_authenticate_accumulate,0.000046536,0.000046648
7,72,receive_authenticate_accumulate,0.017263740,0.017237055
7,72,receive_authenticate_accumulate,0.000047073,0.000047019
7,72,receive_authenticate_accumulate,0.017273648,0.017240519
7,72,receive_authenticate_accumulate,0.000047073,0.000046963
7,72,receive_authenticate_accumulate,0.017222185,0.017222315
7,72,receive_authenticate_accumulate,0.000048000,0.000047944
7,72,receive_authenticate_accumulate,0.017218426,0.017218407
7,72,receive_authenticate_accumulate,0.000045499,0.000045389
7,72,receive_authenticate_accumulate,0.017228314,0.017228241
7,72,receive_authenticate_accumulate,0.000046574,0.000046537
7,72,receive_authenticate_accumulate,0.017220574,0.017220630
7,72,receive_authenticate_accumulate,0.000046796,0.000046778
7,72,receive_authenticate_accumulate,0.017241518,0.017241518
7,72,receive_authenticate_accumulate,0.000047463,0.000047500
7,72,receive_authenticate_accumulate,0.017227722,0.017227740
7,72,receive_authenticate_accumulate,0.000045463,0.000045500
7,72,receive_authenticate_accumulate,0.017224797,0.017224759
7,72,receive_authenticate_accumulate,0.000046296,0.000046259
7,72,receive_authenticate_accumulate,0.017229926,0.017229889
7,72,receive_authenticate_accumulate,0.000045981,0.000045870
7,72,receive_authenticate_accumulate,0.017230945,0.017230963
7,72,receive_authenticate_accumulate,0.000048296,0.000048223
7,72,receive_authenticate_accumulate,0.017239111,0.017239130
7,72,receive_authenticate_accumulate,0.000047259,0.000047222
7,72,receive_authenticate_accumulate,0.017246685,0.017246759
7,72,receive_authenticate_accumulate,0.000045222,0.000045018
7,72,receive_authenticate_accumulate,0.017263314,0.017236186
7,72,receive_authenticate_accumulate,0.000045092,0.000045056
7,72,receive_authenticate_accumulate,0.017216667,0.017216593
7,72,receive_authenticate_accumulate,0.000048573,0.000048500
7,72,receive_authenticate_accumulate,0.017239556,0.017239611
7,72,receive_authenticate_accumulate,0.000044407,0.000044334
7,72,reading_commitment_and_shares,0.026955292,0.026926315
7,72,receive_authenticate_accumulate,0.017275241,0.017232092
7,72,receive_authenticate_accumulate,0.000044888,0.000044889
7,72,receive_authenticate_accumulate,0.017216704,0.017216740
7,72,receive_authenticate_accumulate,0.000043778,0.000043852
7,72,round_coverage,0.000003370,0.000002889
7,72,spatial_report,0.000039444,0.000039223
7,73,round_reset,0.000009444,0.000008500
7,73,receive_authenticate_accumulate,0.017224539,0.017224741
7,73,receive_authenticate_accumulate,0.000043481,0.000043463
7,73,receive_authenticate_accumulate,0.017230132,0.017230185
7,73,receive_authenticate_accumulate,0.000045185,0.000044963
7,73,receive_authenticate_accumulate,0.017220392,0.017220388
7,73,receive_authenticate_accumulate,0.000043814,0.000043778
7,73,receive_authenticate_accumulate,0.017266021,0.017240742
7,73,receive_authenticate_accumulate,0.000048203,0.000048018
7,73,receive_authenticate_accumulate,0.017223059,0.017223074
7,73,receive_authenticate_accumulate,0.000043667,0.000043796
7,73,receive_authenticate_accumulate,0.017217189,0.017217278
7,73,receive_authenticate_accumulate,0.000044055,0.000044111
7,73,receive_authenticate_accumulate,0.017273187,0.017229723
7,73,receive_authenticate_accumulate,0.000046185,0.000046148
7,73,receive_authenticate_accumulate,0.017221670,0.017221815
7,73,receive_authenticate_accumulate,0.000044778,0.000044740
7,73,receive_authenticate_accumulate,0.017236243,0.017236222
7,73,receive_authenticate_accumulate,0.000044073,0.000043870
7,73,receive_authenticate_accumulate,0.017225132,0.017225204
7,73,receive_authenticate_accumulate,0.000045148,0.000045093
7,73,receive_authenticate_accumulate,0.017221614,0.017221629
7,73,receive_authenticate_accumulate,0.000044926,0.000045037
7,73,receive_authenticate_accumulate,0.017227077,0.017227148
7,73,receive_authenticate_accumulate,0.000043221,0.000043167
7,73,receive_authenticate_accumulate,0.017222781,0.017222778
7,73,receive_authenticate_accumulate,0.000044370,0.000044408
7,73,receive_authenticate_accumulate,0.017226911,0.017227074
7,73,receive_authenticate_accumulate,0.000044888,0.000044796
7,73,receive_authenticate_accumulate,0.017212041,0.017212278
7,73,receive_authenticate_accumulate,0.000043944,0.000043852
7,73,receive_authenticate_accumulate,0.017233503,0.017233648
7,73,receive_authenticate_accumulate,0.000045351,0.000045315
7,73,receive_authenticate_accumulate,0.017225651,0.017225667
7,73,receive_authenticate_accumulate,0.000048055,0.000048111
7,73,receive_authenticate_accumulate,0.017230411,0.017230370
7,73,receive_authenticate_accumulate,0.000047166,0.000047204
7,73,reading_commitment_and_shares,0.026891928,0.026892296
7,73,receive_authenticate_accumulate,0.017220985,0.017220944
7,73,receive_authenticate_accumulate,0.000047314,0.000047148
7,73,receive_authenticate_accumulate,0.017230448,0.017230352
7,73,receive_authenticate_accumulate,0.000047073,0.000047000
7,73,round_coverage,0.000003278,0.000002778
7,73,spatial_report,0.000038833,0.000038518
7,74,round_reset,0.000009759,0.000008537
7,74,receive_authenticate_accumulate,0.017224709,0.017224741
7,74,receive_authenticate_accumulate,0.000047500,0.000047426
7,74,receive_authenticate_accumulate,0.017237709,0.017237722
7,74,receive_authenticate_accumulate,0.000046999,0.000047037
7,74,receive_authenticate_accumulate,0.017266524,0.017243111
7,74,receive_authenticate_accumulate,0.000046074,0.000046075
7,74,receive_authenticate_accumulate,0.017229746,0.017229685
7,74,receive_authenticate_accumulate,0.000047814,0.000047759
7,74,receive_authenticate_accumulate,0.017227617,0.017227574
7,74,receive_authenticate_accumulate,0.000046184,0.000046000
7,74,receive_authenticate_accumulate,0.017228580,0.017228537
7,74,receive_authenticate_accumulate,0.000047407,0.000047352
7,74,receive_authenticate_accumulate,0.017243599,0.017243685
7,74,receive_authenticate_accumulate,0.000048500,0.000048444
7,74,receive_authenticate_accumulate,0.017223080,0.017223240
7,74,receive_authenticate_accumulate,0.000046593,0.000046444
7,74,receive_authenticate_accumulate,0.017226210,0.017226352
7,74,receive_authenticate_accumulate,0.000045277,0.000045240
7,74,receive_authenticate_accumulate,0.017296912,0.017249352
7,74,receive_authenticate_accumulate,0.000046907,0.000046926
7,74,receive_authenticate_accumulate,0.017217951,0.017217982
7,74,receive_authenticate_accumulate,0.000046000,0.000045889
7,74,receive_authenticate_accumulate,0.017217210,0.017217296
7,74,receive_authenticate_accumulate,0.000046314,0.000046203
7,74,receive_authenticate_accumulate,0.017238451,0.017238667
7,74,receive_authenticate_accumulate,0.000045981,0.000045908
7,74,receive_authenticate_accumulate,0.017224451,0.017224500
7,74,receive_authenticate_accumulate,0.000046685,0.000046722
7,74,receive_authenticate_accumulate,0.017216173,0.017216240
7,74,receive_authenticate_accumulate,0.000047036,0.000046871
7,74,receive_authenticate_accumulate,0.017231210,0.017230926
7,74,receive_authenticate_accumulate,0.000046056,0.000046074
7,74,receive_authenticate_accumulate,0.017258006,0.017230333
7,74,receive_authenticate_accumulate,0.000046481,0.000046537
7,74,receive_authenticate_accumulate,0.017223284,0.017223222
7,74,receive_authenticate_accumulate,0.000047388,0.000047278
7,74,reading_commitment_and_shares,0.026916433,0.026917093
7,74,receive_authenticate_accumulate,0.017227951,0.017228167
7,74,receive_authenticate_accumulate,0.000058592,0.000058519
7,74,receive_authenticate_accumulate,0.017225729,0.017225425
7,74,receive_authenticate_accumulate,0.000051721,0.000051648
7,74,round_coverage,0.000003167,0.000002648
7,74,spatial_report,0.000040018,0.000039926
7,75,round_reset,0.000008370,0.000007185
7,75,receive_authenticate_accumulate,0.017222360,0.017222500
7,75,receive_authenticate_accumulate,0.000046889,0.000046778
7,75,receive_authenticate_accumulate,0.017228749,0.017228796
7,75,receive_authenticate_accumulate,0.000046759,0.000046685
7,75,receive_authenticate_accumulate,0.017220935,0.017221037
7,75,receive_authenticate_accumulate,0.000045907,0.000045741
7,75,receive_authenticate_accumulate,0.017234897,0.017234889
7,75,receive_authenticate_accumulate,0.000047111,0.000047000
7,75,receive_authenticate_accumulate,0.017214287,0.017214463
7,75,receive_authenticate_accumulate,0.000046092,0.000046074
7,75,receive_authenticate_accumulate,0.017219731,0.017219778
7,75,receive_authenticate_accumulate,0.000046074,0.000045982
7,75,receive_authenticate_accumulate,0.017227490,0.017227481
7,75,receive_authenticate_accumulate,0.000046240,0.000046223
7,75,receive_authenticate_accumulate,0.017263842,0.017238834
7,75,receive_authenticate_accumulate,0.000046259,0.000046167
7,75,receive_authenticate_accumulate,0.017230472,0.017230611
7,75,receive_authenticate_accumulate,0.000047648,0.000047500
7,75,receive_authenticate_accumulate,0.017222731,0.017222796
7,75,receive_authenticate_accumulate,0.000046129,0.000046111
7,75,receive_authenticate_accumulate,0.017217231,0.017217130
7,75,receive_authenticate_accumulate,0.000047222,0.000047111
7,75,receive_authenticate_accumulate,0.017226824,0.017227056
7,75,receive_authenticate_accumulate,0.000046851,0.000046834
7,75,receive_authenticate_accumulate,0.017231157,0.017231000
7,75,receive_authenticate_accumulate,0.000047055,0.000047019
7,75,receive_authenticate_accumulate,0.017218009,0.017218148
7,75,receive_authenticate_accumulate,0.000047499,0.000047444
7,75,receive_authenticate_accumulate,0.017224565,0.017224722
7,75,receive_authenticate_accumulate,0.000046518,0.000046537
7,75,receive_authenticate_accumulate,0.017223269,0.017223296
7,75,receive_authenticate_accumulate,0.000046147,0.000046222
7,75,receive_authenticate_accumulate,0.017226028,0.017226166
7,75,receive_authenticate_accumulate,0.000047203,0.000047111
7,75,receive_authenticate_accumulate,0.017226416,0.017226371
7,75,receive_authenticate_accumulate,0.000046351,0.000046297
7,75,reading_commitment_and_shares,0.026882585,0.026882834
7,75,receive_authenticate_accumulate,0.017232287,0.017232241
7,75,receive_authenticate_accumulate,0.000046888,0.000046945
7,75,receive_authenticate_accumulate,0.017236583,0.017236630
7,75,receive_authenticate_accumulate,0.000045462,0.000045370
7,75,round_coverage,0.000003518,0.000003018
7,75,spatial_report,0.000037407,0.000037259
7,76,round_reset,0.000009462,0.000008426
7,76,receive_authenticate_accumulate,0.017227697,0.017227815
7,76,receive_authenticate_accumulate,0.000046926,0.000046945
7,76,receive_authenticate_accumulate,0.017230345,0.017230518
7,76,receive_authenticate_accumulate,0.000046648,0.000046629
7,76,receive_authenticate_accumulate,0.017226604,0.017226778
7,76,receive_authenticate_accumulate,0.000046611,0.000046704
7,76,receive_authenticate_accumulate,0.017226567,0.017226611
7,76,receive_authenticate_accumulate,0.000045629,0.000045574
7,76,receive_authenticate_accumulate,0.017221901,0.017222093
7,76,receive_authenticate_accumulate,0.000059499,0.000059444
7,76,receive_authenticate_accumulate,0.017275511,0.017240295
7,76,receive_authenticate_accumulate,0.000044722,0.000044740
7,76,receive_authenticate_accumulate,0.017280511,0.017252759
7,76,receive_authenticate_accumulate,0.000047184,0.000047296
7,76,receive_authenticate_accumulate,0.017227401,0.017227426
7,76,receive_authenticate_accumulate,0.000046536,0.000046463
7,76,receive_authenticate_accumulate,0.017224401,0.017224481
7,76,receive_authenticate_accumulate,0.000048629,0.000048666
7,76,receive_authenticate_accumulate,0.017218308,0.017218352
7,76,receive_authenticate_accumulate,0.000045907,0.000045833
7,76,receive_authenticate_accumulate,0.017233271,0.017233333
7,76,receive_authenticate_accumulate,0.000047314,0.000047222
7,76,receive_authenticate_accumulate,0.017229771,0.017229703
7,76,receive_authenticate_accumulate,0.000048111,0.000048056
7,76,receive_authenticate_accumulate,0.017235771,0.017235760
7,76,receive_authenticate_accumulate,0.000045573,0.000045297
7,76,receive_authenticate_accumulate,0.017226845,0.017226814
7,76,receive_authenticate_accumulate,0.000045295,0.000045370
7,76,receive_authenticate_accumulate,0.017230085,0.017230018
7,76,receive_authenticate_accumulate,0.000045815,0.000045704
7,76,receive_authenticate_accumulate,0.017257474,0.017237054
7,76,receive_authenticate_accumulate,0.000046721,0.000046796
7,76,receive_authenticate_accumulate,0.017225567,0.017225481
7,76,receive_authenticate_accumulate,0.000046425,0.000045944
7,76,receive_authenticate_accumulate,0.017228771,0.017228907
7,76,receive_authenticate_accumulate,0.000046352,0.000046370
7,76,reading_commitment_and_shares,0.026897126,0.026897333
7,76,receive_authenticate_accumulate,0.017223864,0.017224111
7,76,receive_authenticate_accumulate,0.000046037,0.000046056
7,76,receive_authenticate_accumulate,0.017222216,0.017222241
7,76,receive_authenticate_accumulate,0.000045666,0.000045685
7,76,round_coverage,0.000004000,0.000003500
7,76,spatial_report,0.000040185,0.000040166
7,77,round_reset,0.000009129,0.000008241
7,77,receive_authenticate_accumulate,0.017226607,0.017226703
7,77,receive_authenticate_accumulate,0.000046240,0.000046259
7,77,receive_authenticate_accumulate,0.017294069,0.017260000
7,77,receive_authenticate_accumulate,0.000046778,0.000046611
7,77,receive_authenticate_accumulate,0.017229625,0.017229630
7,77,receive_authenticate_accumulate,0.000045648,0.000045574
7,77,receive_authenticate_accumulate,0.017228015,0.017228018
7,77,receive_authenticate_accumulate,0.000044795,0.000044870
7,77,receive_authenticate_accumulate,0.017226774,0.017226703
7,77,receive_authenticate_accumulate,0.000046536,0.000046500
7,77,receive_authenticate_accumulate,0.017228014,0.017227833
7,77,receive_authenticate_accumulate,0.000046796,0.000046481
7,77,receive_authenticate_accumulate,0.017230995,0.017231056
7,77,receive_authenticate_accumulate,0.000045499,0.000045593
7,77,receive_authenticate_accumulate,0.017224255,0.017224259
7,77,receive_authenticate_accumulate,0.000047000,0.000047037
7,77,receive_authenticate_accumulate,0.017231144,0.017231241
7,77,receive_authenticate_accumulate,0.000046314,0.000046186
7,77,receive_authenticate_accumulate,0.017295421,0.017252463
7,77,receive_authenticate_accumulate,0.000046407,0.000046500
7,77,receive_authenticate_accumulate,0.017232830,0.017232852
7,77,receive_authenticate_accumulate,0.000046018,0.000046167
7,77,receive_authenticate_accumulate,0.017236181,0.017235777
7,77,receive_authenticate_accumulate,0.000047629,0.000047704
7,77,receive_authenticate_accumulate,0.017236255,0.017236203
7,77,receive_authenticate_accumulate,0.000045573,0.000045482
7,77,receive_authenticate_accumulate,0.017235699,0.017235982
7,77,receive_authenticate_accumulate,0.000047352,0.000047426
7,77,receive_authenticate_accumulate,0.017259088,0.017258908
7,77,receive_authenticate_accumulate,0.000047852,0.000047796
7,77,receive_authenticate_accumulate,0.017232366,0.017232537
7,77,receive_authenticate_accumulate,0.000048259,0.000048259
7,77,receive_authenticate_accumulate,0.017225348,0.017225351
7,77,receive_authenticate_accumulate,0.000045907,0.000045889
7,77,receive_authenticate_accumulate,0.017226792,0.017226945
7,77,receive_authenticate_accumulate,0.000047259,0.000047240
7,77,reading_commitment_and_shares,0.026942667,0.026905834
7,77,receive_authenticate_accumulate,0.017226570,0.017226630
7,77,receive_authenticate_accumulate,0.000045555,0.000045555
7,77,receive_authenticate_accumulate,0.017233848,0.017233888
7,77,receive_authenticate_accumulate,0.000045370,0.000045315
7,77,round_coverage,0.000004000,0.000003444
7,77,spatial_report,0.000038351,0.000038055
7,78,round_reset,0.000009074,0.000007926
7,78,receive_authenticate_accumulate,0.017229868,0.017229963
7,78,receive_authenticate_accumulate,0.000046407,0.000046537
7,78,receive_authenticate_accumulate,0.017274015,0.017248703
7,78,receive_authenticate_accumulate,0.000045074,0.000045130
7,78,receive_authenticate_accumulate,0.017230517,0.017230463
7,78,receive_authenticate_accumulate,0.000045963,0.000045889
7,78,receive_authenticate_accumulate,0.017229294,0.017229278
7,78,receive_authenticate_accumulate,0.000045981,0.000050352
7,78,receive_authenticate_accumulate,0.017250220,0.017250351
7,78,receive_authenticate_accumulate,0.000045259,0.000045092
7,78,receive_authenticate_accumulate,0.017227646,0.017227685
7,78,receive_authenticate_accumulate,0.000043203,0.000043315
7,78,receive_authenticate_accumulate,0.017227553,0.017227630
7,78,receive_authenticate_accumulate,0.000044481,0.000044241
7,78,receive_authenticate_accumulate,0.017227683,0.017227648
7,78,receive_authenticate_accumulate,0.000045073,0.000045055
7,78,receive_authenticate_accumulate,0.017224387,0.017224519
7,78,receive_authenticate_accumulate,0.000044721,0.000044703
7,78,receive_authenticate_accumulate,0.017236572,0.017236611
7,78,receive_authenticate_accumulate,0.000044759,0.000044703
7,78,receive_authenticate_accumulate,0.017225405,0.017225500
7,78,receive_authenticate_accumulate,0.000044221,0.000044204
7,78,receive_authenticate_accumulate,0.017326497,0.017246889
7,78,receive_authenticate_accumulate,0.000043073,0.000043018
7,78,receive_authenticate_accumulate,0.017244368,0.017244389
7,78,receive_authenticate_accumulate,0.000044110,0.000043982
7,78,receive_authenticate_accumulate,0.017260868,0.017238482
7,78,receive_authenticate_accumulate,0.000044055,0.000044093
7,78,receive_authenticate_accumulate,0.017225054,0.017225000
7,78,receive_authenticate_accumulate,0.000044481,0.000044555
7,78,receive_authenticate_accumulate,0.017259035,0.017239371
7,78,receive_authenticate_accumulate,0.000044259,0.000044259
7,78,receive_authenticate_accumulate,0.017219795,0.017219723
7,78,receive_authenticate_accumulate,0.000043926,0.000043963
7,78,receive_authenticate_accumulate,0.017268776,0.017269092
7,78,receive_authenticate_accumulate,0.000045740,0.000045685
7,78,reading_commitment_and_shares,0.026928375,0.026929185
7,78,receive_authenticate_accumulate,0.017223777,0.017224018
7,78,receive_authenticate_accumulate,0.000045777,0.000045703
7,78,receive_authenticate_accumulate,0.017221461,0.017221352
7,78,receive_authenticate_accumulate,0.000057315,0.000057259
7,78,round_coverage,0.000003889,0.000003314
7,78,spatial_report,0.000038759,0.000038629
7,79,round_reset,0.000008870,0.000007648
7,79,receive_authenticate_accumulate,0.017228038,0.017228000
7,79,receive_authenticate_accumulate,0.000044240,0.000044278
7,79,receive_authenticate_accumulate,0.017230630,0.017230630
7,79,receive_authenticate_accumulate,0.000044036,0.000043926
7,79,receive_authenticate_accumulate,0.017280926,0.017248111
7,79,receive_authenticate_accumulate,0.000043167,0.000043222
7,79,receive_authenticate_accumulate,0.017218223,0.017218333
7,79,receive_authenticate_accumulate,0.000045148,0.000045166
7,79,receive_authenticate_accumulate,0.017222167,0.017222260
7,79,receive_authenticate_accumulate,0.000043870,0.000043852
7,79,receive_authenticate_accumulate,0.017220556,0.017220685
7,79,receive_authenticate_accumulate,0.000043185,0.000043222
7,79,receive_authenticate_accumulate,0.017233241,0.017233370
7,79,receive_authenticate_accumulate,0.000046666,0.000046648
7,79,receive_authenticate_accumulate,0.017230186,0.017230204
7,79,receive_authenticate_accumulate,0.000045277,0.000045277
7,79,receive_authenticate_accumulate,0.017225908,0.017225834
7,79,receive_authenticate_accumulate,0.000045684,0.000045611
7,79,receive_authenticate_accumulate,0.017230797,0.017230759
7,79,receive_authenticate_accumulate,0.000045333,0.000045260
7,79,receive_authenticate_accumulate,0.017237204,0.017237241
7,79,receive_authenticate_accumulate,0.000045815,0.000045815
7,79,receive_authenticate_accumulate,0.017228205,0.017228241
7,79,receive_authenticate_accumulate,0.000045500,0.000045426
7,79,receive_authenticate_accumulate,0.017241056,0.017240981
7,79,receive_authenticate_accumulate,0.000045204,0.000045204
7,79,receive_authenticate_accumulate,0.017231148,0.017231093
7,79,receive_authenticate_accumulate,0.000045092,0.000045111
7,79,receive_authenticate_accumulate,0.017231389,0.017231463
7,79,receive_authenticate_accumulate,0.000046425,0.000046445
7,79,receive_authenticate_accumulate,0.017258574,0.017236315
7,79,receive_authenticate_accumulate,0.000045481,0.000045556
7,79,receive_authenticate_accumulate,0.017228815,0.017228833
7,79,receive_authenticate_accumulate,0.000045925,0.000045963
7,79,receive_authenticate_accumulate,0.017231408,0.017231389
7,79,receive_authenticate_accumulate,0.000046259,0.000046260
7,79,reading_commitment_and_shares,0.026931396,0.026902222
7,79,receive_authenticate_accumulate,0.017288723,0.017254001
7,79,receive_authenticate_accumulate,0.000045388,0.000045371
7,79,receive_authenticate_accumulate,0.017243889,0.017244185
7,79,receive_authenticate_accumulate,0.000047888,0.000047685
7,79,round_coverage,0.000003925,0.000003334
7,79,spatial_report,0.000040685,0.000040574
7,79,billing_report,0.000417033,0.000416760
8,80,period_reset,0.000025999,0.000024871
8,80,receive_authenticate_accumulate,0.000093925,0.000093704
8,80,receive_authenticate_accumulate,0.000092332,0.000092130
8,80,receive_authenticate_accumulate,0.000090351,0.000090203
8,80,receive_authenticate_accumulate,0.000091314,0.000091148
8,80,receive_authenticate_accumulate,0.000091277,0.000091389
8,80,receive_authenticate_accumulate,0.000092832,0.000092445
8,80,receive_authenticate_accumulate,0.000090610,0.000090740
8,80,receive_authenticate_accumulate,0.000089907,0.000089926
8,80,receive_authenticate_accumulate,0.000090277,0.000090296
8,80,receive_authenticate_accumulate,0.000093203,0.000093111
8,80,receive_authenticate_accumulate,0.000090351,0.000090315
8,80,receive_authenticate_accumulate,0.000128777,0.000129000
8,80,receive_authenticate_accumulate,0.000091573,0.000091574
8,80,receive_authenticate_accumulate,0.000091202,0.000091037
8,80,receive_authenticate_accumulate,0.000090462,0.000090482
8,80,receive_authenticate_accumulate,0.000089721,0.000089870
8,80,receive_authenticate_accumulate,0.000041111,0.000041093
8,80,receive_authenticate_accumulate,0.000040666,0.000040482
8,80,randomness_commit,0.000320460,0.000320482
8,80,receive_authenticate_accumulate,0.000039999,0.000039870
8,80,receive_authenticate_accumulate,0.000037685,0.000037481
8,80,receive_authenticate_accumulate,0.000047426,0.000047149
8,80,receive_authenticate_accumulate,0.000048796,0.000048740
8,80,receive_authenticate_accumulate,0.000045000,0.000044926
8,80,receive_authenticate_accumulate,0.000048203,0.000047926
8,80,receive_authenticate_accumulate,0.000044759,0.000044630
8,80,receive_authenticate_accumulate,0.000047722,0.000047648
8,80,receive_authenticate_accumulate,0.000046832,0.000046759
8,80,receive_authenticate_accumulate,0.000044963,0.000044815
8,80,receive_authenticate_accumulate,0.000047332,0.000047333
8,80,receive_authenticate_accumulate,0.000048240,0.000048037
8,80,receive_authenticate_accumulate,0.000044518,0.000044333
8,80,receive_authenticate_accumulate,0.000046629,0.000046389
8,80,receive_authenticate_accumulate,0.000048629,0.000048426
8,80,receive_authenticate_accumulate,0.000046129,0.000046111
8,80,receive_authenticate_accumulate,0.000047685,0.000047519
8,80,receive_authenticate_accumulate,0.000048925,0.000048852
8,80,receive_authenticate_accumulate,0.000044926,0.000044889
8,80,receive_authenticate_accumulate,0.000047795,0.000047667
8,80,randomness_reveal,0.000293553,0.000293555
8,80,receive_authenticate_accumulate,0.000045130,0.000044685
8,80,receive_authenticate_accumulate,0.000047426,0.000047426
8,80,committee_selection,0.000085111,0.000084685
8,80,round_reset,0.000003537,0.000003000
8,80,receive_authenticate_accumulate,0.017224076,0.017224111
8,80,receive_authenticate_accumulate,0.017229262,0.017229351
8,80,receive_authenticate_accumulate,0.017255039,0.017238945
8,80,receive_authenticate_accumulate,0.017227503,0.017227482
8,80,receive_authenticate_accumulate,0.017227150,0.017227352
8,80,receive_authenticate_accumulate,0.017224577,0.017224537
8,80,receive_authenticate_accumulate,0.017228039,0.017228056
8,80,receive_authenticate_accumulate,0.017276780,0.017248723
8,80,receive_authenticate_accumulate,0.017271816,0.017244778
8,80,receive_authenticate_accumulate,0.017232188,0.017232148
8,80,receive_authenticate_accumulate,0.017225169,0.017225240
8,80,receive_authenticate_accumulate,0.017228355,0.017228389
8,80,receive_authenticate_accumulate,0.017233818,0.017233815
8,80,receive_authenticate_accumulate,0.017233818,0.017233760
8,80,receive_authenticate_accumulate,0.017267688,0.017247074
8,80,receive_authenticate_accumulate,0.017233688,0.017233648
8,80,receive_authenticate_accumulate,0.017234558,0.017234519
8,80,receive_authenticate_accumulate,0.017220243,0.017220241
8,80,reading_commitment_and_shares,0.026893641,0.026893741
8,80,receive_authenticate_accumulate,0.017224780,0.017224777
8,80,receive_authenticate_accumulate,0.017231762,0.017231833
8,80,round_coverage,0.000003889,0.000003297
8,81,round_reset,0.000008944,0.000007870
8,81,receive_authenticate_accumulate,0.017239857,0.017239889
8,81,receive_authenticate_accumulate,0.017226875,0.017226778
8,81,receive_authenticate_accumulate,0.017227079,0.017226870
8,81,receive_authenticate_accumulate,0.017233449,0.017233463
8,81,receive_authenticate_accumulate,0.017274708,0.017245704
8,81,receive_authenticate_accumulate,0.017224930,0.017224814
8,81,receive_authenticate_accumulate,0.017231449,0.017231389
8,81,receive_authenticate_accumulate,0.017234245,0.017234277
8,81,receive_authenticate_accumulate,0.017231579,0.017231407
8,81,receive_authenticate_accumulate,0.017223283,0.017223278
8,81,receive_authenticate_accumulate,0.017230171,0.017230056
8,81,receive_authenticate_accumulate,0.017230319,0.017230240
8,81,receive_authenticate_accumulate,0.017226357,0.017226389
8,81,receive_authenticate_accumulate,0.017230375,0.017230296
8,81,receive_authenticate_accumulate,0.017232579,0.017232407
8,81,receive_authenticate_accumulate,0.017233561,0.017233704
8,81,receive_authenticate_accumulate,0.017223986,0.017223963
8,81,receive_authenticate_accumulate,0.017275245,0.017247741
8,81,reading_commitment_and_shares,0.026897663,0.026897907
8,81,receive_authenticate_accumulate,0.017223801,0.017223851
8,81,receive_authenticate_accumulate,0.017278430,0.017244371
8,81,round_coverage,0.000003611,0.000003130
8,82,round_reset,0.000009203,0.000008056
8,82,receive_authenticate_accumulate,0.017230987,0.017231185
8,82,receive_authenticate_accumulate,0.017220766,0.017220963
8,82,receive_authenticate_accumulate,0.017227636,0.017227555
8,82,receive_authenticate_accumulate,0.017226544,0.017226462
8,82,receive_authenticate_accumulate,0.017220210,0.017220370
8,82,receive_authenticate_accumulate,0.017232117,0.017231982
8,82,receive_authenticate_accumulate,0.017271821,0.017244093
8,82,receive_authenticate_accumulate,0.017220691,0.017220741
8,82,receive_authenticate_accumulate,0.017227395,0.017227333
8,82,receive_authenticate_accumulate,0.017224303,0.017224315
8,82,receive_authenticate_accumulate,0.017259266,0.017239185
8,82,receive_authenticate_accumulate,0.017224766,0.017224722
8,82,receive_authenticate_accumulate,0.017249006,0.017233518
8,82,receive_authenticate_accumulate,0.017227451,0.017227241
8,82,receive_authenticate_accumulate,0.017235988,0.017236000
8,82,receive_authenticate_accumulate,0.017235080,0.017235074
8,82,receive_authenticate_accumulate,0.017230858,0.017230833
8,82,receive_authenticate_accumulate,0.017228378,0.017228444
8,82,reading_commitment_and_shares,0.026889666,0.026889834
8,82,receive_authenticate_accumulate,0.017225451,0.017225333
8,82,receive_authenticate_accumulate,0.017230506,0.017230407
8,82,round_coverage,0.000003908,0.000003278
8,83,round_reset,0.000009370,0.000008352
8,83,receive_authenticate_accumulate,0.017229916,0.017229945
8,83,receive_authenticate_accumulate,0.017228026,0.017228018
8,83,receive_authenticate_accumulate,0.017250841,0.017236666
8,83,receive_authenticate_accumulate,0.017247175,0.017247407
8,83,receive_authenticate_accumulate,0.017232897,0.017232834
8,83,receive_authenticate_accumulate,0.017230971,0.017230926
8,83,receive_authenticate_accumulate,0.017223545,0.017223796
8,83,receive_authenticate_accumulate,0.017267212,0.017241815
8,83,receive_authenticate_accumulate,0.017242008,0.017241852
8,83,receive_authenticate_accumulate,0.017220101,0.017220222
8,83,receive_authenticate_accumulate,0.017223250,0.017223277
8,83,receive_authenticate_accumulate,0.017230175,0.017230111
8,83,receive_authenticate_accumulate,0.017225712,0.017225686
8,83,receive_authenticate_accumulate,0.017229786,0.017229722
8,83,receive_authenticate_accumulate,0.017237305,0.017237240
8,83,receive_authenticate_accumulate,0.017230879,0.017230556
8,83,receive_authenticate_accumulate,0.017228434,0.017228352
8,83,receive_authenticate_accumulate,0.017257027,0.017240889
8,83,reading_commitment_and_shares,0.026891169,0.026891296
8,83,receive_authenticate_accumulate,0.017222841,0.017222833
8,83,receive_authenticate_accumulate,0.017229527,0.017229556
8,83,round_coverage,0.000004315,0.000003685
8,84,round_reset,0.000008777,0.000007519
8,84,receive_authenticate_accumulate,0.017221732,0.017221630
8,84,receive_authenticate_accumulate,0.017229251,0.017229241
8,84,receive_authenticate_accumulate,0.017221603,0.017221574
8,84,receive_authenticate_accumulate,0.017224362,0.017224389
8,84,receive_authenticate_accumulate,0.017228270,0.017227833
8,84,receive_authenticate_accumulate,0.017222991,0.017222963
8,84,receive_authenticate_accumulate,0.017229325,0.017229444
8,84,receive_authenticate_accumulate,0.017232270,0.017232334
8,84,receive_authenticate_accumulate,0.017234640,0.017234611
8,84,receive_authenticate_accumulate,0.017265917,0.017239056
8,84,receive_authenticate_accumulate,0.017233214,0.017233407
8,84,receive_authenticate_accumulate,0.017223344,0.017223222
8,84,receive_authenticate_accumulate,0.017227585,0.017227722
8,84,receive_authenticate_accumulate,0.017230880,0.017230852
8,84,receive_authenticate_accumulate,0.017221714,0.017221648
8,84,receive_authenticate_accumulate,0.017235344,0.017235315
8,84,receive_authenticate_accumulate,0.017223806,0.017223796
8,84,receive_authenticate_accumulate,0.017219751,0.017219704
8,84,reading_commitment_and_shares,0.026932615,0.026932741
8,84,receive_authenticate_accumulate,0.017225066,0.017225185
8,84,receive_authenticate_accumulate,0.017232436,0.017232555
8,84,round_coverage,0.000004352,0.000003796
8,85,round_reset,0.000008741,0.000007889
8,85,receive_authenticate_accumulate,0.017234363,0.017234352
8,85,receive_authenticate_accumulate,0.017228826,0.017228907
8,85,receive_authenticate_accumulate,0.017226808,0.017226778
8,85,receive_authenticate_accumulate,0.017220789,0.017220722
8,85,receive_authenticate_accumulate,0.017229123,0.017229037
8,85,receive_authenticate_accumulate,0.017231438,0.017231370
8,85,receive_authenticate_accumulate,0.017220956,0.017221018
8,85,receive_authenticate_accumulate,0.017223493,0.017223370
8,85,receive_authenticate_accumulate,0.017254585,0.017254426
8,85,receive_authenticate_accumulate,0.017234307,0.017234445
8,85,receive_authenticate_accumulate,0.017234253,0.017234223
8,85,receive_authenticate_accumulate,0.017263419,0.017235573
8,85,receive_authenticate_accumulate,0.017247196,0.017235667
8,85,receive_authenticate_accumulate,0.017287863,0.017251483
8,85,receive_authenticate_accumulate,0.017223216,0.017223037
8,85,receive_authenticate_accumulate,0.017231419,0.017231500
8,85,receive_authenticate_accumulate,0.017212105,0.017212074
8,85,receive_authenticate_accumulate,0.017231197,0.017231148
8,85,reading_commitment_and_shares,0.026901526,0.026901593
8,85,receive_authenticate_accumulate,0.017236142,0.017236277
8,85,receive_authenticate_accumulate,0.017223012,0.017223037
8,85,round_coverage,0.000004037,0.000003611
8,86,round_reset,0.000009907,0.000008945
8,86,receive_authenticate_accumulate,0.017231402,0.017231611
8,86,receive_authenticate_accumulate,0.017232087,0.017232407
8,86,receive_authenticate_accumulate,0.017224254,0.017224241
8,86,receive_authenticate_accumulate,0.017228272,0.017228241
8,86,receive_authenticate_accumulate,0.017266068,0.017245740
8,86,receive_authenticate_accumulate,0.017217606,0.017217574
8,86,receive_authenticate_accumulate,0.017225679,0.017225778
8,86,receive_authenticate_accumulate,0.017230606,0.017230574
8,86,receive_authenticate_accumulate,0.017225365,0.017225296
8,86,receive_authenticate_accumulate,0.017216976,0.017217000
8,86,receive_authenticate_accumulate,0.017220217,0.017220204
8,86,receive_authenticate_accumulate,0.017221476,0.017221518
8,86,receive_authenticate_accumulate,0.017229179,0.017229111
8,86,receive_authenticate_accumulate,0.017222217,0.017222277
8,86,receive_authenticate_accumulate,0.017284161,0.017248221
8,86,receive_authenticate_accumulate,0.017228736,0.017228722
8,86,receive_authenticate_accumulate,0.017226587,0.017226426
8,86,receive_authenticate_accumulate,0.017238384,0.017238315
8,86,reading_commitment_and_shares,0.026944157,0.026913371
8,86,receive_authenticate_accumulate,0.017227106,0.017227186
8,86,receive_authenticate_accumulate,0.017232216,0.017232260
8,86,round_coverage,0.000003426,0.000002778
8,87,round_reset,0.000010315,0.000009111
8,87,receive_authenticate_accumulate,0.017223830,0.017223685
8,87,receive_authenticate_accumulate,0.017219681,0.017219796
8,87,receive_authenticate_accumulate,0.017232514,0.017232648
8,87,receive_authenticate_accumulate,0.017262255,0.017238332
8,87,receive_authenticate_accumulate,0.017221922,0.017221889
8,87,receive_authenticate_accumulate,0.017230718,0.017230611
8,87,receive_authenticate_accumulate,0.017228737,0.017228686
8,87,receive_authenticate_accumulate,0.017221645,0.017221425
8,87,receive_authenticate_accumulate,0.017274347,0.017233890
8,87,receive_authenticate_accumulate,0.017217996,0.017217889
8,87,receive_authenticate_accumulate,0.017232959,0.017232778
8,87,receive_authenticate_accumulate,0.017228866,0.017228870
8,87,receive_authenticate_accumulate,0.017233829,0.017233907
8,87,receive_authenticate_accumulate,0.017224515,0.017224703
8,87,receive_authenticate_accumulate,0.017266885,0.017266555
8,87,receive_authenticate_accumulate,0.017248347,0.017248426
8,87,receive_authenticate_accumulate,0.017275144,0.017234685
8,87,receive_authenticate_accumulate,0.017219737,0.017219944
8,87,reading_commitment_and_shares,0.026939566,0.026924555
8,87,receive_authenticate_accumulate,0.017229274,0.017229389
8,87,receive_authenticate_accumulate,0.017223496,0.017223000
8,87,round_coverage,0.000003833,0.000003148
8,88,round_reset,0.000008667,0.000007667
8,88,receive_authenticate_accumulate,0.017230275,0.017230314
8,88,receive_authenticate_accumulate,0.017223997,0.017224056
8,88,receive_authenticate_accumulate,0.017237182,0.017237167
8,88,receive_authenticate_accumulate,0.017231405,0.017231463
8,88,receive_authenticate_accumulate,0.017284070,0.017247241
8,88,receive_authenticate_accumulate,0.017264757,0.017244630
8,88,receive_authenticate_accumulate,0.017226053,0.017226092
8,88,receive_authenticate_accumulate,0.017221997,0.017221815
8,88,receive_authenticate_accumulate,0.017221442,0.017221463
8,88,receive_authenticate_accumulate,0.017232923,0.017232963
8,88,receive_authenticate_accumulate,0.017224035,0.017224037
8,88,receive_authenticate_accumulate,0.017225090,0.017224907
8,88,receive_authenticate_accumulate,0.025845987,0.025846204
8,88,receive_authenticate_accumulate,0.017208627,0.017208518
8,88,receive_authenticate_accumulate,0.017229256,0.017229203
8,88,receive_authenticate_accumulate,0.017226942,0.017226908
8,88,receive_authenticate_accumulate,0.017223349,0.017223315
8,88,receive_authenticate_accumulate,0.017280348,0.017261129
8,88,reading_commitment_and_shares,0.026912402,0.026912500
8,88,receive_authenticate_accumulate,0.017271664,0.017253630
8,88,receive_authenticate_accumulate,0.017226960,0.017226925
8,88,round_coverage,0.000004019,0.000003426
8,89,round_reset,0.000009074,0.000007760
8,89,receive_authenticate_accumulate,0.017232220,0.017232222
8,89,receive_authenticate_accumulate,0.017229610,0.017229611
8,89,receive_authenticate_accumulate,0.017233295,0.017233351
8,89,receive_authenticate_accumulate,0.017229036,0.017229037
8,89,receive_authenticate_accumulate,0.017233998,0.017234000
8,89,receive_authenticate_accumulate,0.017226109,0.017226185
8,89,receive_authenticate_accumulate,0.017219887,0.017219981
8,89,receive_authenticate_accumulate,0.017269350,0.017244964
8,89,receive_authenticate_accumulate,0.017227313,0.017227241
8,89,receive_authenticate_accumulate,0.017228276,0.017228259
8,89,receive_authenticate_accumulate,0.017222276,0.017222278
8,89,receive_authenticate_accumulate,0.017228998,0.017228834
8,89,receive_authenticate_accumulate,0.025888470,0.025859722
8,89,receive_authenticate_accumulate,0.017231609,0.017231537
8,89,receive_authenticate_accumulate,0.017223962,0.017223815
8,89,receive_authenticate_accumulate,0.017222499,0.017222481
8,89,receive_authenticate_accumulate,0.017223647,0.017223593
8,89,receive_authenticate_accumulate,0.017285017,0.017244518
8,89,reading_commitment_and_shares,0.026906090,0.026906056
8,89,receive_authenticate_accumulate,0.017223869,0.017223759
8,89,receive_authenticate_accumulate,0.017221814,0.017221963
8,89,round_coverage,0.000003852,0.000003314
9,90,period_reset,0.000024111,0.000023241
9,90,receive_authenticate_accumulate,0.000097610,0.000097426
9,90,receive_authenticate_accumulate,0.000091722,0.000091537
9,90,receive_authenticate_accumulate,0.000089610,0.000089574
9,90,receive_authenticate_accumulate,0.000089869,0.000089018
9,90,receive_authenticate_accumulate,0.000092666,0.000092389
9,90,receive_authenticate_accumulate,0.000090388,0.000090111
9,90,receive_authenticate_accumulate,0.000091703,0.000091685
9,90,receive_authenticate_accumulate,0.000063629,0.000063593
9,90,receive_authenticate_accumulate,0.000062944,0.000062852
9,90,receive_authenticate_accumulate,0.000063574,0.000063130
9,90,receive_authenticate_accumulate,0.000062148,0.000061870
9,90,receive_authenticate_accumulate,0.000061925,0.000061130
9,90,receive_authenticate_accumulate,0.000063167,0.000063018
9,90,receive_authenticate_accumulate,0.000063758,0.000063685
9,90,receive_authenticate_accumulate,0.000061740,0.000061444
9,90,receive_authenticate_accumulate,0.000062962,0.000062574
9,90,receive_authenticate_accumulate,0.000062425,0.000061908
9,90,receive_authenticate_accumulate,0.000062777,0.000062111
9,90,randomness_commit,0.000519495,0.000519519
9,90,receive_authenticate_accumulate,0.000062814,0.000062592
9,90,receive_authenticate_accumulate,0.000062110,0.000061870
9,90,receive_authenticate_accumulate,0.000075407,0.000075203
9,90,receive_authenticate_accumulate,0.000073777,0.000073648
9,90,receive_authenticate_accumulate,0.000072332,0.000072296
9,90,receive_authenticate_accumulate,0.000073758,0.000073574
9,90,receive_authenticate_accumulate,0.000074129,0.000074204
9,90,receive_authenticate_accumulate,0.000074296,0.000074130
9,90,receive_authenticate_accumulate,0.000076444,0.000076389
9,90,receive_authenticate_accumulate,0.000076203,0.000076074
9,90,receive_authenticate_accumulate,0.000075795,0.000075704
9,90,receive_authenticate_accumulate,0.000074554,0.000074389
9,90,receive_authenticate_accumulate,0.000074666,0.000074649
9,90,receive_authenticate_accumulate,0.000076888,0.000076926
9,90,receive_authenticate_accumulate,0.000048907,0.000048833
9,90,receive_authenticate_accumulate,0.000048352,0.000048203
9,90,receive_authenticate_accumulate,0.000045481,0.000045314
9,90,receive_authenticate_accumulate,0.000049110,0.000048963
9,90,receive_authenticate_accumulate,0.000047925,0.000047796
9,90,receive_authenticate_accumulate,0.000045833,0.000045297
9,90,randomness_reveal,0.000314126,0.000314056
9,90,receive_authenticate_accumulate,0.000047907,0.000047704
9,90,receive_authenticate_accumulate,0.000048388,0.000048259
9,90,committee_selection,0.000082296,0.000081963
9,90,round_reset,0.000003759,0.000003167
9,90,receive_authenticate_accumulate,0.017231018,0.017230796
9,90,receive_authenticate_accumulate,0.000068277,0.000068018
9,90,receive_authenticate_accumulate,0.017232889,0.017232833
9,90,receive_authenticate_accumulate,0.000050815,0.000050666
9,90,receive_authenticate_accumulate,0.017222185,0.017222223
9,90,receive_authenticate_accumulate,0.000052981,0.000052870
9,90,receive_authenticate_accumulate,0.017225074,0.017225056
9,90,receive_authenticate_accumulate,0.000050055,0.000050093
9,90,receive_authenticate_accumulate,0.017257870,0.017235536
9,90,receive_authenticate_accumulate,0.000066092,0.000066092
9,90,receive_authenticate_accumulate,0.017226093,0.017226241
9,90,receive_authenticate_accumulate,0.000049629,0.000049500
9,90,receive_authenticate_accumulate,0.017226537,0.017226555
9,90,receive_authenticate_accumulate,0.000049833,0.000049759
9,90,receive_authenticate_accumulate,0.017229815,0.017229797
9,90,receive_authenticate_accumulate,0.000053185,0.000052908
9,90,receive_authenticate_accumulate,0.017220166,0.017220037
9,90,receive_authenticate_accumulate,0.000049500,0.000049444
9,90,receive_authenticate_accumulate,0.017239111,0.017239129
9,90,receive_authenticate_accumulate,0.000050704,0.000050759
9,90,receive_authenticate_accumulate,0.017225981,0.017226111
9,90,receive_authenticate_accumulate,0.000051425,0.000051518
9,90,receive_authenticate_accumulate,0.017233592,0.017233778
9,90,receive_authenticate_accumulate,0.000051240,0.000051186
9,90,receive_authenticate_accumulate,0.017239259,0.017239203
9,90,receive_authenticate_accumulate,0.000050889,0.000050759
9,90,receive_authenticate_accumulate,0.017222130,0.017222148
9,90,receive_authenticate_accumulate,0.000050537,0.000050351
9,90,receive_authenticate_accumulate,0.017259555,0.017240685
9,90,receive_authenticate_accumulate,0.000049204,0.000049000
9,90,receive_authenticate_accumulate,0.017243148,0.017243129
9,90,receive_authenticate_accumulate,0.000050351,0.000050278
9,90,receive_authenticate_accumulate,0.017250111,0.017232592
9,90,receive_authenticate_accumulate,0.000050222,0.000050018
9,90,receive_authenticate_accumulate,0.017272296,0.017244815
9,90,receive_authenticate_accumulate,0.000050167,0.000050129
9,90,reading_commitment_and_shares,0.026881721,0.026881907
9,90,receive_authenticate_accumulate,0.017211166,0.017211204
9,90,receive_authenticate_accumulate,0.000050963,0.000050704
9,90,receive_authenticate_accumulate,0.017229648,0.017229723
9,90,receive_authenticate_accumulate,0.000049926,0.000049833
9,90,round_coverage,0.000003666,0.000003259
9,90,spatial_report,0.000038592,0.000038315
9,91,round_reset,0.000009611,0.000008407
9,91,receive_authenticate_accumulate,0.017263815,0.017263981
9,91,receive_authenticate_accumulate,0.000055166,0.000054648
9,91,receive_authenticate_accumulate,0.017226908,0.017226740
9,91,receive_authenticate_accumulate,0.000050333,0.000050148
9,91,receive_authenticate_accumulate,0.017236056,0.017236037
9,91,receive_authenticate_accumulate,0.000050647,0.000050389
9,91,receive_authenticate_accumulate,0.017230631,0.017230630
9,91,receive_authenticate_accumulate,0.000049240,0.000048833
9,91,receive_authenticate_accumulate,0.017231482,0.017231426
9,91,receive_authenticate_accumulate,0.000050203,0.000049703
9,91,receive_authenticate_accumulate,0.017234223,0.017234240
9,91,receive_authenticate_accumulate,0.000050018,0.000049889
9,91,receive_authenticate_accumulate,0.017237945,0.017237870
9,91,receive_authenticate_accumulate,0.000051333,0.000051112
9,91,receive_authenticate_accumulate,0.017219983,0.017219963
9,91,receive_authenticate_accumulate,0.000048500,0.000048370
9,91,receive_authenticate_accumulate,0.017230390,0.017230407
9,91,receive_authenticate_accumulate,0.000049703,0.000049500
9,91,receive_authenticate_accumulate,0.017233927,0.017234000
9,91,receive_authenticate_accumulate,0.000049685,0.000049667
9,91,receive_authenticate_accumulate,0.017228705,0.017228537
9,91,receive_authenticate_accumulate,0.000051166,0.000050574
9,91,receive_authenticate_accumulate,0.017258631,0.017236464
9,91,receive_authenticate_accumulate,0.000050129,0.000050074
9,91,receive_authenticate_accumulate,0.017254890,0.017255297
9,91,receive_authenticate_accumulate,0.000051537,0.000051444
9,91,receive_authenticate_accumulate,0.017266741,0.017242907
9,91,receive_authenticate_accumulate,0.000050092,0.000049963
9,91,receive_authenticate_accumulate,0.017231835,0.017231834
9,91,receive_authenticate_accumulate,0.000049851,0.000049778
9,91,receive_authenticate_accumulate,0.017232112,0.017232314
9,91,receive_authenticate_accumulate,0.000050573,0.000050370
9,91,receive_authenticate_accumulate,0.017239519,0.017239500
9,91,receive_authenticate_accumulate,0.000051611,0.000051444
9,91,receive_authenticate_accumulate,0.017227631,0.017227686
9,91,receive_authenticate_accumulate,0.000051648,0.000051519
9,91,reading_commitment_and_shares,0.026890723,0.026890907
9,91,receive_authenticate_accumulate,0.017260056,0.017239537
9,91,receive_authenticate_accumulate,0.000050574,0.000050482
9,91,receive_authenticate_accumulate,0.017222668,0.017222611
9,91,receive_authenticate_accumulate,0.000050278,0.000050277
9,91,round_coverage,0.000003760,0.000003259
9,91,spatial_report,0.000038018,0.000037740
9,92,round_reset,0.000010222,0.000009371
9,92,receive_authenticate_accumulate,0.017232224,0.017232204
9,92,receive_authenticate_accumulate,0.000050741,0.000050630
9,92,receive_authenticate_accumulate,0.017228150,0.017228166
9,92,receive_authenticate_accumulate,0.000050351,0.000050259
9,92,receive_authenticate_accumulate,0.017274538,0.017249982
9,92,receive_authenticate_accumulate,0.000052241,0.000052074
9,92,receive_authenticate_accumulate,0.017230465,0.017230407
9,92,receive_authenticate_accumulate,0.000081499,0.000081556
9,92,receive_authenticate_accumulate,0.017243464,0.017243463
9,92,receive_authenticate_accumulate,0.000051277,0.000051204
9,92,receive_authenticate_accumulate,0.017224928,0.017224574
9,92,receive_authenticate_accumulate,0.000050981,0.000050870
9,92,receive_authenticate_accumulate,0.017229446,0.017229426
9,92,receive_authenticate_accumulate,0.000050296,0.000050259
9,92,receive_authenticate_accumulate,0.017228317,0.017228111
9,92,receive_authenticate_accumulate,0.000050518,0.000050370
9,92,receive_authenticate_accumulate,0.017229965,0.017230019
9,92,receive_authenticate_accumulate,0.000050463,0.000050518
9,92,receive_authenticate_accumulate,0.017251150,0.017238648
9,92,receive_authenticate_accumulate,0.000051537,0.000051278
9,92,receive_authenticate_accumulate,0.017224817,0.017224833
9,92,receive_authenticate_accumulate,0.000050722,0.000050574
9,92,receive_authenticate_accumulate,0.017236057,0.017236111
9,92,receive_authenticate_accumulate,0.000050351,0.000050315
9,92,receive_authenticate_accumulate,0.017234761,0.017234759
9,92,receive_authenticate_accumulate,0.000053073,0.000052926
9,92,receive_authenticate_accumulate,0.017233354,0.017233463
9,92,receive_authenticate_accumulate,0.000050629,0.000050351
9,92,receive_authenticate_accumulate,0.017225002,0.017224981
9,92,receive_authenticate_accumulate,0.000052055,0.000051796
9,92,receive_authenticate_accumulate,0.017229742,0.017229740
9,92,receive_authenticate_accumulate,0.000051537,0.000051389
9,92,receive_authenticate_accumulate,0.017265576,0.017238463
9,92,receive_authenticate_accumulate,0.000051407,0.000051222
9,92,receive_authenticate_accumulate,0.017233465,0.017233518
9,92,receive_authenticate_accumulate,0.000055944,0.000055889
9,92,reading_commitment_and_shares,0.026903761,0.026904056
9,92,receive_authenticate_accumulate,0.017231761,0.017231519
9,92,receive_authenticate_accumulate,0.000050888,0.000050667
9,92,receive_authenticate_accumulate,0.017222780,0.017222685
9,92,receive_authenticate_accumulate,0.000050277,0.000049926
9,92,round_coverage,0.000004055,0.000003555
9,92,spatial_report,0.000039574,0.000039167
9,93,round_reset,0.000008926,0.000007870
9,93,receive_authenticate_accumulate,0.017235151,0.017235296
9,93,receive_authenticate_accumulate,0.000051573,0.000051463
9,93,receive_authenticate_accumulate,0.017229096,0.017228666
9,93,receive_authenticate_accumulate,0.000049888,0.000049834
9,93,receive_authenticate_accumulate,0.017227392,0.017227482
9,93,receive_authenticate_accumulate,0.000049036,0.000048907
9,93,receive_authenticate_accumulate,0.017222725,0.017222630
9,93,receive_authenticate_accumulate,0.000050111,0.000050055
9,93,receive_authenticate_accumulate,0.017230595,0.017230703
9,93,receive_authenticate_accumulate,0.000049685,0.000049592
9,93,receive_authenticate_accumulate,0.017221428,0.017221389
9,93,receive_authenticate_accumulate,0.000050555,0.000050370
9,93,receive_authenticate_accumulate,0.017220578,0.017220555
9,93,receive_authenticate_accumulate,0.000050222,0.000050055
9,93,receive_authenticate_accumulate,0.017281003,0.017254870
9,93,receive_authenticate_accumulate,0.000052722,0.000052648
9,93,receive_authenticate_accumulate,0.017230503,0.017230296
9,93,receive_authenticate_accumulate,0.000067370,0.000067426
9,93,receive_authenticate_accumulate,0.017223300,0.017223352
9,93,receive_authenticate_accumulate,0.000050444,0.000050426
9,93,receive_authenticate_accumulate,0.017221448,0.017221334
9,93,receive_authenticate_accumulate,0.000049815,0.000049796
9,93,receive_authenticate_accumulate,0.017256725,0.017234111
9,93,receive_authenticate_accumulate,0.000050870,0.000050685
9,93,receive_authenticate_accumulate,0.017237429,0.017237426
9,93,receive_authenticate_accumulate,0.000051611,0.000051574
9,93,receive_authenticate_accumulate,0.017226040,0.017226037
9,93,receive_authenticate_accumulate,0.000050147,0.000049889
9,93,receive_authenticate_accumulate,0.017232096,0.017232074
9,93,receive_authenticate_accumulate,0.000050184,0.000050222
9,93,receive_authenticate_accumulate,0.017232540,0.017232518
9,93,receive_authenticate_accumulate,0.000052203,0.000051926
9,93,receive_authenticate_accumulate,0.017224744,0.017224852
9,93,receive_authenticate_accumulate,0.000049963,0.000049889
9,93,receive_authenticate_accumulate,0.017223762,0.017223815
9,93,receive_authenticate_accumulate,0.000053148,0.000052963
9,93,reading_commitment_and_shares,0.026895337,0.026895463
9,93,receive_authenticate_accumulate,0.017226874,0.017226963
9,93,receive_authenticate_accumulate,0.000050832,0.000050463
9,93,receive_authenticate_accumulate,0.017262985,0.017242760
9,93,receive_authenticate_accumulate,0.000052518,0.000052518
9,93,round_coverage,0.000003408,0.000002925
9,93,spatial_report,0.000039666,0.000039426
9,94,round_reset,0.000010019,0.000009056
9,94,receive_authenticate_accumulate,0.017230726,0.017230851
9,94,receive_authenticate_accumulate,0.000050110,0.000049963
9,94,receive_authenticate_accumulate,0.017230911,0.017230999
9,94,receive_authenticate_accumulate,0.000052036,0.000051963
9,94,receive_authenticate_accumulate,0.017210430,0.017210759
9,94,receive_authenticate_accumulate,0.000050778,0.000050833
9,94,receive_authenticate_accumulate,0.017226115,0.017226185
9,94,receive_authenticate_accumulate,0.000050166,0.000050037
9,94,receive_authenticate_accumulate,0.017234337,0.017234426
9,94,receive_authenticate_accumulate,0.000050888,0.000050574
9,94,receive_authenticate_accumulate,0.017239485,0.017239481
9,94,receive_authenticate_accumulate,0.000050926,0.000050759
9,94,receive_authenticate_accumulate,0.017223930,0.017223926
9,94,receive_authenticate_accumulate,0.000050648,0.000050426
9,94,receive_authenticate_accumulate,0.017270818,0.017242888
9,94,receive_authenticate_accumulate,0.000051425,0.000051519
9,94,receive_authenticate_accumulate,0.017245411,0.017245556
9,94,receive_authenticate_accumulate,0.000050685,0.000050648
9,94,receive_authenticate_accumulate,0.017237948,0.017237945
9,94,receive_authenticate_accumulate,0.000051222,0.000051149
9,94,receive_authenticate_accumulate,0.017316725,0.017316741
9,94,receive_authenticate_accumulate,0.000051777,0.000051667
9,94,receive_authenticate_accumulate,0.017268078,0.017267999
9,94,receive_authenticate_accumulate,0.000051888,0.000051815
9,94,receive_authenticate_accumulate,0.017229911,0.017229908
9,94,receive_authenticate_accumulate,0.000050666,0.000050574
9,94,receive_authenticate_accumulate,0.017231263,0.017231259
9,94,receive_authenticate_accumulate,0.000050518,0.000050426
9,94,receive_authenticate_accumulate,0.017236189,0.017236260
9,94,receive_authenticate_accumulate,0.000050203,0.000049963
9,94,receive_authenticate_accumulate,0.017224430,0.017224555
9,94,receive_authenticate_accumulate,0.000050203,0.000050278
9,94,receive_authenticate_accumulate,0.017231559,0.017231500
9,94,receive_authenticate_accumulate,0.000050944,0.000050833
9,94,receive_authenticate_accumulate,0.017232523,0.017232574
9,94,receive_authenticate_accumulate,0.000051055,0.000050834
9,94,reading_commitment_and_shares,0.026894302,0.026894482
9,94,receive_authenticate_accumulate,0.017263207,0.017244241
9,94,receive_authenticate_accumulate,0.000050166,0.000050093
9,94,receive_authenticate_accumulate,0.017225800,0.017225852
9,94,receive_authenticate_accumulate,0.000050555,0.000050482
9,94,round_coverage,0.000003667,0.000003037
9,94,spatial_report,0.000039388,0.000039185
9,95,round_reset,0.000009963,0.000008945
9,95,receive_authenticate_accumulate,0.017226171,0.017225907
9,95,receive_authenticate_accumulate,0.000052259,0.000052130
9,95,receive_authenticate_accumulate,0.017224319,0.017224370
9,95,receive_authenticate_accumulate,0.000052888,0.000052759
9,95,receive_authenticate_accumulate,0.017228116,0.017228111
9,95,receive_authenticate_accumulate,0.000051796,0.000051629
9,95,receive_authenticate_accumulate,0.017222190,0.017222167
9,95,receive_authenticate_accumulate,0.000050574,0.000050556
9,95,receive_authenticate_accumulate,0.017232393,0.017232297
9,95,receive_authenticate_accumulate,0.000050852,0.000050704
9,95,receive_authenticate_accumulate,0.017222375,0.017222371
9,95,receive_authenticate_accumulate,0.000049203,0.000048870
9,95,receive_authenticate_accumulate,0.017234893,0.017234926
9,95,receive_authenticate_accumulate,0.000050741,0.000050537
9,95,receive_authenticate_accumulate,0.017228616,0.017228574
9,95,receive_authenticate_accumulate,0.000051092,0.000050852
9,95,receive_authenticate_accumulate,0.017220875,0.017220852
9,95,receive_authenticate_accumulate,0.000051499,0.000051574
9,95,receive_authenticate_accumulate,0.017252282,0.017227981
9,95,receive_authenticate_accumulate,0.000050740,0.000050722
9,95,receive_authenticate_accumulate,0.017235967,0.017235852
9,95,receive_authenticate_accumulate,0.000051462,0.000051259
9,95,receive_authenticate_accumulate,0.017234690,0.017234630
9,95,receive_authenticate_accumulate,0.000050573,0.000050537
9,95,receive_authenticate_accumulate,0.017229708,0.017229629
9,95,receive_authenticate_accumulate,0.000053037,0.000052945
9,95,receive_authenticate_accumulate,0.017215301,0.017215315
9,95,receive_authenticate_accumulate,0.000051240,0.000050815
9,95,receive_authenticate_accumulate,0.017253413,0.017253296
9,95,receive_authenticate_accumulate,0.000050777,0.000050741
9,95,receive_authenticate_accumulate,0.017235708,0.017235704
9,95,receive_authenticate_accumulate,0.000049425,0.000049408
9,95,receive_authenticate_accumulate,0.017223246,0.017223222
9,95,receive_authenticate_accumulate,0.000050777,0.000050667
9,95,receive_authenticate_accumulate,0.017230746,0.017230815
9,95,receive_authenticate_accumulate,0.000051833,0.000051740
9,95,reading_commitment_and_shares,0.026880525,0.026880722
9,95,receive_authenticate_accumulate,0.017222486,0.017222481
9,95,receive_authenticate_accumulate,0.000051295,0.000051277
9,95,receive_authenticate_accumulate,0.017225635,0.017225593
9,95,receive_authenticate_accumulate,0.000051333,0.000051259
9,95,round_coverage,0.000003926,0.000003296
9,95,spatial_report,0.000040722,0.000040389
9,96,round_reset,0.000009371,0.000008000
9,96,receive_authenticate_accumulate,0.017223913,0.017223852
9,96,receive_authenticate_accumulate,0.000048795,0.000048685
9,96,receive_authenticate_accumulate,0.017226302,0.017226259
9,96,receive_authenticate_accumulate,0.000049870,0.000049704
9,96,receive_authenticate_accumulate,0.017231672,0.017231630
9,96,receive_authenticate_accumulate,0.000053333,0.000053112
9,96,receive_authenticate_accumulate,0.017232672,0.017232630
9,96,receive_authenticate_accumulate,0.000050684,0.000050389
9,96,receive_authenticate_accumulate,0.017284690,0.017284741
9,96,receive_authenticate_accumulate,0.000053018,0.000052907
9,96,receive_authenticate_accumulate,0.017225635,0.017225574
9,96,receive_authenticate_accumulate,0.000051740,0.000051796
9,96,receive_authenticate_accumulate,0.017229524,0.017229648
9,96,receive_authenticate_accumulate,0.000050907,0.000050796
9,96,receive_authenticate_accumulate,0.017270301,0.017241612
9,96,receive_authenticate_accumulate,0.000051333,0.000051148
9,96,receive_authenticate_accumulate,0.017225487,0.017225482
9,96,receive_authenticate_accumulate,0.000050888,0.000050685
9,96,receive_authenticate_accumulate,0.017233413,0.017233296
9,96,receive_authenticate_accumulate,0.000052889,0.000052481
9,96,receive_authenticate_accumulate,0.017228709,0.017228630
9,96,receive_authenticate_accumulate,0.000051000,0.000050778
9,96,receive_authenticate_accumulate,0.017239154,0.017239186
9,96,receive_authenticate_accumulate,0.000050018,0.000049870
9,96,receive_authenticate_accumulate,0.017240839,0.017240815
9,96,receive_authenticate_accumulate,0.000051444,0.000051148
9,96,receive_authenticate_accumulate,0.017235191,0.017235315
9,96,receive_authenticate_accumulate,0.000051296,0.000051185
9,96,receive_authenticate_accumulate,0.017230932,0.017230889
9,96,receive_authenticate_accumulate,0.000049388,0.000049240
9,96,receive_authenticate_accumulate,0.017229376,0.017229426
9,96,receive_authenticate_accumulate,0.000050426,0.000050426
9,96,receive_authenticate_accumulate,0.017229339,0.017229278
9,96,receive_authenticate_accumulate,0.000051167,0.000050759
9,96,receive_authenticate_accumulate,0.017229450,0.017229371
9,96,receive_authenticate_accumulate,0.000051129,0.000050963
9,96,reading_commitment_and_shares,0.026885638,0.026885759
9,96,receive_authenticate_accumulate,0.017261839,0.017262074
9,96,receive_authenticate_accumulate,0.000052166,0.000051981
9,96,receive_authenticate_accumulate,0.017263431,0.017243816
9,96,receive_authenticate_accumulate,0.000050963,0.000050852
9,96,round_coverage,0.000004018,0.000003574
9,96,spatial_report,0.000038944,0.000038630
9,97,round_reset,0.000010222,0.000009222
9,97,receive_authenticate_accumulate,0.017265543,0.017246741
9,97,receive_authenticate_accumulate,0.000051425,0.000051370
9,97,receive_authenticate_accumulate,0.017232618,0.017232649
9,97,receive_authenticate_accumulate,0.000050833,0.000050870
9,97,receive_authenticate_accumulate,0.017233099,0.017233074
9,97,receive_authenticate_accumulate,0.000051777,0.000051611
9,97,receive_authenticate_accumulate,0.017230914,0.017230815
9,97,receive_authenticate_accumulate,0.000051610,0.000051556
9,97,receive_authenticate_accumulate,0.017232691,0.017232481
9,97,receive_authenticate_accumulate,0.000065610,0.000065481
9,97,receive_authenticate_accumulate,0.017235470,0.017235519
9,97,receive_authenticate_accumulate,0.000050703,0.000050445
9,97,receive_authenticate_accumulate,0.017233728,0.017233593
9,97,receive_authenticate_accumulate,0.000051888,0.000051296
9,97,receive_authenticate_accumulate,0.017233469,0.017233648
9,97,receive_authenticate_accumulate,0.000049685,0.000049612
9,97,receive_authenticate_accumulate,0.017226581,0.017226574
9,97,receive_authenticate_accumulate,0.000051185,0.000051056
9,97,receive_authenticate_accumulate,0.017262617,0.017239352
9,97,receive_authenticate_accumulate,0.000050759,0.000050666
9,97,receive_authenticate_accumulate,0.017228840,0.017228889
9,97,receive_authenticate_accumulate,0.000050833,0.000050722
9,97,receive_authenticate_accumulate,0.017230932,0.017230982
9,97,receive_authenticate_accumulate,0.000050833,0.000050759
9,97,receive_authenticate_accumulate,0.017241840,0.017241629
9,97,receive_authenticate_accumulate,0.000051352,0.000051167
9,97,receive_authenticate_accumulate,0.017293209,0.017252388
9,97,receive_authenticate_accumulate,0.000050203,0.000050111
9,97,receive_authenticate_accumulate,0.017261581,0.017261648
9,97,receive_authenticate_accumulate,0.000048278,0.000047926
9,97,receive_authenticate_accumulate,0.017219321,0.017219444
9,97,receive_authenticate_accumulate,0.000047444,0.000047371
9,97,receive_authenticate_accumulate,0.017232710,0.017232741
9,97,receive_authenticate_accumulate,0.000049426,0.000049315
9,97,receive_authenticate_accumulate,0.017231081,0.017231000
9,97,receive_authenticate_accumulate,0.000048240,0.000048129
9,97,reading_commitment_and_shares,0.026898047,0.026898408
9,97,receive_authenticate_accumulate,0.017227266,0.017227314
9,97,receive_authenticate_accumulate,0.000046259,0.000046149
9,97,receive_authenticate_accumulate,0.017249173,0.017230888
9,97,receive_authenticate_accumulate,0.000048795,0.000048833
9,97,round_coverage,0.000003592,0.000003185
9,97,spatial_report,0.000041574,0.000041334
9,98,round_reset,0.000009796,0.000008778
9,98,receive_authenticate_accumulate,0.017228933,0.017228851
9,98,receive_authenticate_accumulate,0.000049573,0.000049426
9,98,receive_authenticate_accumulate,0.017227563,0.017227537
9,98,receive_authenticate_accumulate,0.000051889,0.000051889
9,98,receive_authenticate_accumulate,0.017232766,0.017232537
9,98,receive_authenticate_accumulate,0.000050000,0.000049815
9,98,receive_authenticate_accumulate,0.017231007,0.017230926
9,98,receive_authenticate_accumulate,0.000050019,0.000049908
9,98,receive_authenticate_accumulate,0.017233026,0.017233037
9,98,receive_authenticate_accumulate,0.000051166,0.000051074
9,98,receive_authenticate_accumulate,0.017226711,0.017226611
9,98,receive_authenticate_accumulate,0.000050444,0.000050352
9,98,receive_authenticate_accumulate,0.017237655,0.017237648
9,98,receive_authenticate_accumulate,0.000050129,0.000050037
9,98,receive_authenticate_accumulate,0.017224155,0.017224351
9,98,receive_authenticate_accumulate,0.000051963,0.000052000
9,98,receive_authenticate_accumulate,0.017233710,0.017233722
9,98,receive_authenticate_accumulate,0.000049592,0.000049574
9,98,receive_authenticate_accumulate,0.017257322,0.017233425
9,98,receive_authenticate_accumulate,0.000050500,0.000050259
9,98,receive_authenticate_accumulate,0.017282951,0.017249592
9,98,receive_authenticate_accumulate,0.000049999,0.000049982
9,98,receive_authenticate_accumulate,0.017237840,0.017237815
9,98,receive_authenticate_accumulate,0.000049704,0.000049667
9,98,receive_authenticate_accumulate,0.017224322,0.017224240
9,98,receive_authenticate_accumulate,0.000049981,0.000049963
9,98,receive_authenticate_accumulate,0.017223396,0.017223315
9,98,receive_authenticate_accumulate,0.000049963,0.000049926
9,98,receive_authenticate_accumulate,0.017228303,0.017228389
9,98,receive_authenticate_accumulate,0.000050499,0.000050445
9,98,receive_authenticate_accumulate,0.017236804,0.017236759
9,98,receive_authenticate_accumulate,0.000049722,0.000049741
9,98,receive_authenticate_accumulate,0.017227007,0.017227000
9,98,receive_authenticate_accumulate,0.000049314,0.000049352
9,98,receive_authenticate_accumulate,0.017229600,0.017229574
9,98,receive_authenticate_accumulate,0.000049296,0.000049370
9,98,reading_commitment_and_shares,0.026938565,0.026938685
9,98,receive_authenticate_accumulate,0.017207507,0.017207537
9,98,receive_authenticate_accumulate,0.000050296,0.000050111
9,98,receive_authenticate_accumulate,0.017225433,0.017225444
9,98,receive_authenticate_accumulate,0.000049425,0.000049463
9,98,round_coverage,0.000003704,0.000003222
9,98,spatial_report,0.000040573,0.000040241
9,99,round_reset,0.000009407,0.000008371
9,99,receive_authenticate_accumulate,0.017224768,0.017224925
9,99,receive_authenticate_accumulate,0.000051296,0.000051241
9,99,receive_authenticate_accumulate,0.017228822,0.017228796
9,99,receive_authenticate_accumulate,0.000052018,0.000051704
9,99,receive_authenticate_accumulate,0.017218378,0.017218537
9,99,receive_authenticate_accumulate,0.000050684,0.000050426
9,99,receive_authenticate_accumulate,0.017239804,0.017239352
9,99,receive_authenticate_accumulate,0.000049370,0.000049315
9,99,receive_authenticate_accumulate,0.017226675,0.017226629
9,99,receive_authenticate_accumulate,0.000050111,0.000049963
9,99,receive_authenticate_accumulate,0.017236286,0.017236222
9,99,receive_authenticate_accumulate,0.000051184,0.000051111
9,99,receive_authenticate_accumulate,0.017236786,0.017236759
9,99,receive_authenticate_accumulate,0.000050055,0.000049815
9,99,receive_authenticate_accumulate,0.017233989,0.017233667
9,99,receive_authenticate_accumulate,0.000050240,0.000050185
9,99,receive_authenticate_accumulate,0.017224138,0.017224111
9,99,receive_authenticate_accumulate,0.000048981,0.000048889
9,99,receive_authenticate_accumulate,0.017225934,0.017225852
9,99,receive_authenticate_accumulate,0.000050648,0.000050629
9,99,receive_authenticate_accumulate,0.017226082,0.017225981
9,99,receive_authenticate_accumulate,0.000049130,0.000048926
9,99,receive_authenticate_accumulate,0.017273915,0.017247074
9,99,receive_authenticate_accumulate,0.000050500,0.000050315
9,99,receive_authenticate_accumulate,0.017270100,0.017245648
9,99,receive_authenticate_accumulate,0.000049999,0.000049852
9,99,receive_authenticate_accumulate,0.017220601,0.017220759
9,99,receive_authenticate_accumulate,0.000051295,0.000050926
9,99,receive_authenticate_accumulate,0.017228693,0.017228797
9,99,receive_authenticate_accumulate,0.000051981,0.000051815
9,99,receive_authenticate_accumulate,0.017234545,0.017234371
9,99,receive_authenticate_accumulate,0.000053573,0.000053371
9,99,receive_authenticate_accumulate,0.017231989,0.017231963
9,99,receive_authenticate_accumulate,0.000049703,0.000049685
9,99,receive_authenticate_accumulate,0.017294489,0.017262778
9,99,receive_authenticate_accumulate,0.000051962,0.000051482
9,99,reading_commitment_and_shares,0.026882290,0.026882444
9,99,receive_authenticate_accumulate,0.017235064,0.017235259
9,99,receive_authenticate_accumulate,0.000051110,0.000051074
9,99,receive_authenticate_accumulate,0.017235916,0.017235778
9,99,receive_authenticate_accumulate,0.000051592,0.000051315
9,99,round_coverage,0.000003537,0.000002908
9,99,spatial_report,0.000040092,0.000039722
9,99,billing_report,0.000423441,0.000422926
10,100,period_reset,0.000024556,0.000023352
10,100,receive_authenticate_accumulate,0.000093573,0.000093685
10,100,receive_authenticate_accumulate,0.000091740,0.000091685
10,100,receive_authenticate_accumulate,0.000091555,0.000091612
10,100,receive_authenticate_accumulate,0.000090202,0.000090185
10,100,receive_authenticate_accumulate,0.000092833,0.000092703
10,100,receive_authenticate_accumulate,0.000092333,0.000092148
10,100,receive_authenticate_accumulate,0.000092666,0.000092389
10,100,receive_authenticate_accumulate,0.000064370,0.000064203
10,100,receive_authenticate_accumulate,0.000062629,0.000062000
10,100,receive_authenticate_accumulate,0.000063851,0.000063814
10,100,receive_authenticate_accumulate,0.000062666,0.000062575
10,100,receive_authenticate_accumulate,0.000061814,0.000061722
10,100,receive_authenticate_accumulate,0.000061258,0.000061037
10,100,receive_authenticate_accumulate,0.000061852,0.000061723
10,100,receive_authenticate_accumulate,0.000061758,0.000061445
10,100,receive_authenticate_accumulate,0.000061388,0.000061296
10,100,receive_authenticate_accumulate,0.000061148,0.000060944
10,100,receive_authenticate_accumulate,0.000062296,0.000062185
10,100,randomness_commit,0.000524829,0.000524630
10,100,receive_authenticate_accumulate,0.000060481,0.000060408
10,100,receive_authenticate_accumulate,0.000061981,0.000061797
10,100,receive_authenticate_accumulate,0.000074074,0.000073852
10,100,receive_authenticate_accumulate,0.000075777,0.000075704
10,100,receive_authenticate_accumulate,0.000075370,0.000075426
10,100,receive_authenticate_accumulate,0.000074148,0.000074037
10,100,receive_authenticate_accumulate,0.000074648,0.000074685
10,100,receive_authenticate_accumulate,0.000073406,0.000073222
10,100,receive_authenticate_accumulate,0.000074666,0.000073908
10,100,receive_authenticate_accumulate,0.000074999,0.000074777
10,100,receive_authenticate_accumulate,0.000074129,0.000074000
10,100,receive_authenticate_accumulate,0.000074962,0.000074481
10,100,receive_authenticate_accumulate,0.000074666,0.000074333
10,100,receive_authenticate_accumulate,0.000073851,0.000073686
10,100,receive_authenticate_accumulate,0.000047630,0.000047463
10,100,receive_authenticate_accumulate,0.000047722,0.000047592
10,100,receive_authenticate_accumulate,0.000047832,0.000047685
10,100,receive_authenticate_accumulate,0.000047648,0.000047407
10,100,receive_authenticate_accumulate,0.000047907,0.000047759
10,100,receive_authenticate_accumulate,0.000050148,0.000049908
10,100,randomness_reveal,0.000286386,0.000286203
10,100,receive_authenticate_accumulate,0.000044444,0.000044223
10,100,receive_authenticate_accumulate,0.000047741,0.000047130
10,100,committee_selection,0.000104110,0.000103907
10,100,round_reset,0.000003334,0.000002870
10,100,receive_authenticate_accumulate,0.017240935,0.017241018
10,100,receive_authenticate_accumulate,0.017225119,0.017225074
10,100,receive_authenticate_accumulate,0.017230305,0.017230222
10,100,receive_authenticate_accumulate,0.017236120,0.017236148
10,100,receive_authenticate_accumulate,0.017246267,0.017246297
10,100,receive_authenticate_accumulate,0.017236119,0.017236148
10,100,receive_authenticate_accumulate,0.017269434,0.017245481
10,100,receive_authenticate_accumulate,0.017231045,0.017231074
10,100,receive_authenticate_accumulate,0.017231916,0.017232019
10,100,receive_authenticate_accumulate,0.017230657,0.017230574
10,100,receive_authenticate_accumulate,0.017229398,0.017229407
10,100,receive_authenticate_accumulate,0.017269842,0.017247297
10,100,receive_authenticate_accumulate,0.017232101,0.017232074
10,100,receive_authenticate_accumulate,0.017235601,0.017235408
10,100,receive_authenticate_accumulate,0.017231064,0.017231037
10,100,receive_authenticate_accumulate,0.017230934,0.017230926
10,100,receive_authenticate_accumulate,0.017256509,0.017242314
10,100,receive_authenticate_accumulate,0.017234508,0.017234555
10,100,reading_commitment_and_shares,0.026895568,0.026895852
10,100,receive_authenticate_accumulate,0.017239304,0.017239297
10,100,receive_authenticate_accumulate,0.017228749,0.017228611
10,100,round_coverage,0.000003833,0.000003260
10,101,round_reset,0.000009778,0.000008704
10,101,receive_authenticate_accumulate,0.017235583,0.017235555
10,101,receive_authenticate_accumulate,0.017234496,0.017234482
10,101,receive_authenticate_accumulate,0.017222144,0.017222241
10,101,receive_authenticate_accumulate,0.017219102,0.017219500
10,101,receive_authenticate_accumulate,0.017227139,0.017227537
10,101,receive_authenticate_accumulate,0.017231083,0.017231444
10,101,receive_authenticate_accumulate,0.017260731,0.017239203
10,101,receive_authenticate_accumulate,0.017225824,0.017226074
10,101,receive_authenticate_accumulate,0.017244195,0.017244629
10,101,receive_authenticate_accumulate,0.017234158,0.017234426
10,101,receive_authenticate_accumulate,0.017294878,0.017263111
10,101,receive_authenticate_accumulate,0.017255214,0.017238075
10,101,receive_authenticate_accumulate,0.017227659,0.017228018
10,101,receive_authenticate_accumulate,0.017230789,0.017231185
10,101,receive_authenticate_accumulate,0.017230826,0.017231148
10,101,receive_authenticate_accumulate,0.017232493,0.017232815
10,101,receive_authenticate_accumulate,0.017231753,0.017232185
10,101,receive_authenticate_accumulate,0.017226012,0.017226463
10,101,reading_commitment_and_shares,0.026884261,0.026884926
10,101,receive_authenticate_accumulate,0.017227309,0.017227815
10,101,receive_authenticate_accumulate,0.017270844,0.017245482
10,101,round_coverage,0.000004092,0.000003482
10,102,round_reset,0.000009129,0.000007555
10,102,receive_authenticate_accumulate,0.017224991,0.017225352
10,102,receive_authenticate_accumulate,0.017220751,0.017221148
10,102,receive_authenticate_accumulate,0.017229677,0.017230111
10,102,receive_authenticate_accumulate,0.017222326,0.017222759
10,102,receive_authenticate_accumulate,0.017230993,0.017231185
10,102,receive_authenticate_accumulate,0.017262288,0.017238204
10,102,receive_authenticate_accumulate,0.017230956,0.017231352
10,102,receive_authenticate_accumulate,0.017224364,0.017224870
10,102,receive_authenticate_accumulate,0.017229050,0.017229482
10,102,receive_authenticate_accumulate,0.017224939,0.017225056
10,102,receive_authenticate_accumulate,0.017231197,0.017231463
10,102,receive_authenticate_accumulate,0.017227365,0.017227685
10,102,receive_authenticate_accumulate,0.017281881,0.017247723
10,102,receive_authenticate_accumulate,0.017232273,0.017232556
10,102,receive_authenticate_accumulate,0.017224903,0.017225333
10,102,receive_authenticate_accumulate,0.017240680,0.017241074
10,102,receive_authenticate_accumulate,0.017223348,0.017223666
10,102,receive_authenticate_accumulate,0.017222811,0.017223167
10,102,reading_commitment_and_shares,0.026905052,0.026906055
10,102,receive_authenticate_accumulate,0.017267440,0.017242888
10,102,receive_authenticate_accumulate,0.017229293,0.017229667
10,102,round_coverage,0.000003741,0.000003018
10,103,round_reset,0.000008926,0.000007944
10,103,receive_authenticate_accumulate,0.017222308,0.017222759
10,103,receive_authenticate_accumulate,0.017228475,0.017228778
10,103,receive_authenticate_accumulate,0.017223975,0.017224407
10,103,receive_authenticate_accumulate,0.017224957,0.017225500
10,103,receive_authenticate_accumulate,0.017220660,0.017220963
10,103,receive_authenticate_accumulate,0.017228920,0.017229352
10,103,receive_authenticate_accumulate,0.017225476,0.017225944
10,103,receive_authenticate_accumulate,0.017263531,0.017237740
10,103,receive_authenticate_accumulate,0.017219458,0.017219944
10,103,receive_authenticate_accumulate,0.017230940,0.017231407
10,103,receive_authenticate_accumulate,0.017221736,0.017222259
10,103,receive_authenticate_accumulate,0.017256513,0.017239574
10,103,receive_authenticate_accumulate,0.017231532,0.017231648
10,103,receive_authenticate_accumulate,0.017230404,0.017230796
10,103,receive_authenticate_accumulate,0.017254532,0.017254518
10,103,receive_authenticate_accumulate,0.017266106,0.017266370
10,103,receive_authenticate_accumulate,0.017245163,0.017245537
10,103,receive_authenticate_accumulate,0.017232200,0.017232519
10,103,reading_commitment_and_shares,0.026892953,0.026893204
10,103,receive_authenticate_accumulate,0.017224516,0.017224537
10,103,receive_authenticate_accumulate,0.017262238,0.017240964
10,103,round_coverage,0.000003814,0.000003333
10,104,round_reset,0.000008944,0.000009000
10,104,receive_authenticate_accumulate,0.017229937,0.017230111
10,104,receive_authenticate_accumulate,0.017228493,0.017228888
10,104,receive_authenticate_accumulate,0.017231827,0.017232315
10,104,receive_authenticate_accumulate,0.017220531,0.017220759
10,104,receive_authenticate_accumulate,0.017226105,0.017226463
10,104,receive_authenticate_accumulate,0.017274585,0.017247037
10,104,receive_authenticate_accumulate,0.017229735,0.017230037
10,104,receive_authenticate_accumulate,0.017226032,0.017226574
10,104,receive_authenticate_accumulate,0.017258179,0.017232278
10,104,receive_authenticate_accumulate,0.017224588,0.017225019
10,104,receive_authenticate_accumulate,0.017282864,0.017239779
10,104,receive_authenticate_accumulate,0.017249088,0.017235574
10,104,receive_authenticate_accumulate,0.017226829,0.017227149
10,104,receive_authenticate_accumulate,0.017233496,0.017233963
10,104,receive_authenticate_accumulate,0.017229737,0.017230259
10,104,receive_authenticate_accumulate,0.017229182,0.017229592
10,104,receive_authenticate_accumulate,0.017223923,0.017224296
10,104,receive_authenticate_accumulate,0.017228793,0.017229055
10,104,reading_commitment_and_shares,0.026888001,0.026888760
10,104,receive_authenticate_accumulate,0.017260274,0.017260759
10,104,receive_authenticate_accumulate,0.017230405,0.017230778
10,104,round_coverage,0.000003852,0.000003241
10,105,round_reset,0.000009129,0.000007981
10,105,receive_authenticate_accumulate,0.017272362,0.017246093
10,105,receive_authenticate_accumulate,0.017226066,0.017226537
10,105,receive_authenticate_accumulate,0.017224530,0.017224963
10,105,receive_authenticate_accumulate,0.017228585,0.017228648
10,105,receive_authenticate_accumulate,0.017224067,0.017224518
10,105,receive_authenticate_accumulate,0.017223957,0.017224278
10,105,receive_authenticate_accumulate,0.017230382,0.017230797
10,105,receive_authenticate_accumulate,0.017220586,0.017220814
10,105,receive_authenticate_accumulate,0.017250957,0.017251555
10,105,receive_authenticate_accumulate,0.017229938,0.017230297
10,105,receive_authenticate_accumulate,0.017231531,0.017231834
10,105,receive_authenticate_accumulate,0.017226921,0.017227278
10,105,receive_authenticate_accumulate,0.017238957,0.017239167
10,105,receive_authenticate_accumulate,0.017266124,0.017240463
10,105,receive_authenticate_accumulate,0.017226273,0.017226371
10,105,receive_authenticate_accumulate,0.017287679,0.017247594
10,105,receive_authenticate_accumulate,0.017230125,0.017230407
10,105,receive_authenticate_accumulate,0.017230366,0.017230704
10,105,reading_commitment_and_shares,0.026956267,0.026922130
10,105,receive_authenticate_accumulate,0.017235107,0.017235370
10,105,receive_authenticate_accumulate,0.017226496,0.017226797
10,105,round_coverage,0.000003815,0.000003186
10,106,round_reset,0.000009129,0.000008944
10,106,receive_authenticate_accumulate,0.017232732,0.017233203
10,106,receive_authenticate_accumulate,0.017231472,0.017231703
10,106,receive_authenticate_accumulate,0.017229898,0.017230389
10,106,receive_authenticate_accumulate,0.017235084,0.017235444
10,106,receive_authenticate_accumulate,0.017230751,0.017231166
10,106,receive_authenticate_accumulate,0.017231307,0.017231592
10,106,receive_authenticate_accumulate,0.017308526,0.017264202
10,106,receive_authenticate_accumulate,0.017229732,0.017230055
10,106,receive_authenticate_accumulate,0.017229585,0.017229463
10,106,receive_authenticate_accumulate,0.017226899,0.017227166
10,106,receive_authenticate_accumulate,0.017237140,0.017237389
10,106,receive_authenticate_accumulate,0.017261918,0.017241407
10,106,receive_authenticate_accumulate,0.017266621,0.017243537
10,106,receive_authenticate_accumulate,0.017231567,0.017231982
10,106,receive_authenticate_accumulate,0.017228270,0.017228593
10,106,receive_authenticate_accumulate,0.017229752,0.017229889
10,106,receive_authenticate_accumulate,0.017266603,0.017249499
10,106,receive_authenticate_accumulate,0.017228105,0.017228463
10,106,reading_commitment_and_shares,0.026884943,0.026885445
10,106,receive_authenticate_accumulate,0.017228975,0.017229370
10,106,receive_authenticate_accumulate,0.017233976,0.017234019
10,106,round_coverage,0.000003907,0.000003371
10,107,round_reset,0.000008926,0.000008111
10,107,receive_authenticate_accumulate,0.017231580,0.017231981
10,107,receive_authenticate_accumulate,0.017257246,0.017257796
10,107,receive_authenticate_accumulate,0.017231080,0.017231334
10,107,receive_authenticate_accumulate,0.017271913,0.017245685
10,107,receive_authenticate_accumulate,0.017229433,0.017229760
10,107,receive_authenticate_accumulate,0.017229192,0.017229389
10,107,receive_authenticate_accumulate,0.017231415,0.017231648
10,107,receive_authenticate_accumulate,0.017239044,0.017239315
10,107,receive_authenticate_accumulate,0.017229656,0.017229925
10,107,receive_authenticate_accumulate,0.017231433,0.017231871
10,107,receive_authenticate_accumulate,0.017230693,0.017230777
10,107,receive_authenticate_accumulate,0.017222638,0.017222945
10,107,receive_authenticate_accumulate,0.017240675,0.017240759
10,107,receive_authenticate_accumulate,0.017232175,0.017232481
10,107,receive_authenticate_accumulate,0.017225712,0.017225982
10,107,receive_authenticate_accumulate,0.017228417,0.017228685
10,107,receive_authenticate_accumulate,0.017271156,0.017245925
10,107,receive_authenticate_accumulate,0.017230528,0.017230815
10,107,reading_commitment_and_shares,0.026896226,0.026897000
10,107,receive_authenticate_accumulate,0.017232065,0.017232389
10,107,receive_authenticate_accumulate,0.017221584,0.017221703
10,107,round_coverage,0.000003925,0.000003407
10,108,round_reset,0.000008592,0.000007667
10,108,receive_authenticate_accumulate,0.017229428,0.017229741
10,108,receive_authenticate_accumulate,0.017237150,0.017237444
10,108,receive_authenticate_accumulate,0.017258909,0.017236314
10,108,receive_authenticate_accumulate,0.017219595,0.017219833
10,108,receive_authenticate_accumulate,0.017262372,0.017240740
10,108,receive_authenticate_accumulate,0.017233929,0.017234370
10,108,receive_authenticate_accumulate,0.017233374,0.017233760
10,108,receive_authenticate_accumulate,0.017227800,0.017228130
10,108,receive_authenticate_accumulate,0.017237596,0.017237629
10,108,receive_authenticate_accumulate,0.017226726,0.017227259
10,108,receive_authenticate_accumulate,0.017221634,0.017221908
10,108,receive_authenticate_accumulate,0.017229727,0.017229944
10,108,receive_authenticate_accumulate,0.025847738,0.025848352
10,108,receive_authenticate_accumulate,0.017235097,0.017235389
10,108,receive_authenticate_accumulate,0.017223560,0.017224000
10,108,receive_authenticate_accumulate,0.017227190,0.017227407
10,108,receive_authenticate_accumulate,0.017221209,0.017221537
10,108,receive_authenticate_accumulate,0.017267930,0.017246573
10,108,reading_commitment_and_shares,0.026906563,0.026907037
10,108,receive_authenticate_accumulate,0.017275245,0.017247852
10,108,receive_authenticate_accumulate,0.017228894,0.017229129
10,108,round_coverage,0.000003926,0.000003130
10,109,round_reset,0.000009278,0.000008111
10,109,receive_authenticate_accumulate,0.017231146,0.017231296
10,109,receive_authenticate_accumulate,0.017225312,0.017225574
10,109,receive_authenticate_accumulate,0.017236312,0.017236574
10,109,receive_authenticate_accumulate,0.017223554,0.017223759
10,109,receive_authenticate_accumulate,0.017265849,0.017239760
10,109,receive_authenticate_accumulate,0.017222629,0.017222741
10,109,receive_authenticate_accumulate,0.017232480,0.017232722
10,109,receive_authenticate_accumulate,0.017228313,0.017228574
10,109,receive_authenticate_accumulate,0.017242981,0.017243277
10,109,receive_authenticate_accumulate,0.017232369,0.017232574
10,109,receive_authenticate_accumulate,0.017229500,0.017229796
10,109,receive_authenticate_accumulate,0.017236963,0.017237240
10,109,receive_authenticate_accumulate,0.020114407,0.020026203
10,109,receive_authenticate_accumulate,0.017223759,0.017224111
10,109,receive_authenticate_accumulate,0.017222537,0.017222760
10,109,receive_authenticate_accumulate,0.017235204,0.017235629
10,109,receive_authenticate_accumulate,0.017219297,0.017219667
10,109,receive_authenticate_accumulate,0.017221982,0.017222277
10,109,reading_commitment_and_shares,0.026895381,0.026896111
10,109,receive_authenticate_accumulate,0.017227019,0.017227278
10,109,receive_authenticate_accumulate,0.017264889,0.017239463
10,109,round_coverage,0.000004056,0.000003611
11,110,period_reset,0.000025758,0.000024018
11,110,receive_authenticate_accumulate,0.000096405,0.000096019
11,110,receive_authenticate_accumulate,0.000090720,0.000089908
11,110,receive_authenticate_accumulate,0.000093812,0.000093593
11,110,receive_authenticate_accumulate,0.000093386,0.000093278
11,110,receive_authenticate_accumulate,0.000091645,0.000091388
11,110,receive_authenticate_accumulate,0.000089257,0.000088963
11,110,receive_authenticate_accumulate,0.000091053,0.000090871
11,110,receive_authenticate_accumulate,0.000071239,0.000070926
11,110,receive_authenticate_accumulate,0.000069350,0.000069203
11,110,receive_authenticate_accumulate,0.000068442,0.000068241
11,110,receive_authenticate_accumulate,0.000070313,0.000070018
11,110,receive_authenticate_accumulate,0.000069813,0.000069704
11,110,receive_authenticate_accumulate,0.000068850,0.000068834
11,110,receive_authenticate_accumulate,0.000069202,0.000069000
11,110,receive_authenticate_accumulate,0.000068146,0.000068037
11,110,receive_authenticate_accumulate,0.000070331,0.000070259
11,110,receive_authenticate_accumulate,0.000066813,0.000066908
11,110,receive_authenticate_accumulate,0.000069313,0.000069259
11,110,randomness_commit,0.000621059,0.000620778
11,110,receive_authenticate_accumulate,0.000067128,0.000066944
11,110,receive_authenticate_accumulate,0.000069831,0.000069630
11,110,receive_authenticate_accumulate,0.000084257,0.000084149
11,110,receive_authenticate_accumulate,0.000083387,0.000083260
11,110,receive_authenticate_accumulate,0.000083442,0.000082703
11,110,receive_authenticate_accumulate,0.000083850,0.000083686
11,110,receive_authenticate_accumulate,0.000082869,0.000082741
11,110,receive_authenticate_accumulate,0.000082887,0.000082871
11,110,receive_authenticate_accumulate,0.000083665,0.000083648
11,110,receive_authenticate_accumulate,0.000083405,0.000083371
11,110,receive_authenticate_accumulate,0.000085572,0.000084685
11,110,receive_authenticate_accumulate,0.000068609,0.000068537
11,110,receive_authenticate_accumulate,0.000067498,0.000067444
11,110,receive_authenticate_accumulate,0.000068906,0.000068796
11,110,receive_authenticate_accumulate,0.000068443,0.000068315
11,110,receive_authenticate_accumulate,0.000067313,0.000066741
11,110,receive_authenticate_accumulate,0.000068276,0.000068148
11,110,receive_authenticate_accumulate,0.000067572,0.000067352
11,110,receive_authenticate_accumulate,0.000068480,0.000068352
11,110,receive_authenticate_accumulate,0.000069146,0.000068981
11,110,randomness_reveal,0.000442322,0.000442129
11,110,receive_authenticate_accumulate,0.000068461,0.000068297
11,110,receive_authenticate_accumulate,0.000067368,0.000067370
11,110,committee_selection,0.000126553,0.000126204
11,110,round_reset,0.000005592,0.000005130
11,110,receive_authenticate_accumulate,0.017227140,0.017227426
11,110,receive_authenticate_accumulate,0.000045480,0.000045352
11,110,receive_authenticate_accumulate,0.017224808,0.017225019
11,110,receive_authenticate_accumulate,0.000047369,0.000047333
11,110,receive_authenticate_accumulate,0.017233438,0.017233870
11,110,receive_authenticate_accumulate,0.000046295,0.000046314
11,110,receive_authenticate_accumulate,0.017280510,0.017252963
11,110,receive_authenticate_accumulate,0.000047425,0.000047389
11,110,receive_authenticate_accumulate,0.017231696,0.017231908
11,110,receive_authenticate_accumulate,0.000046814,0.000046723
11,110,receive_authenticate_accumulate,0.017234993,0.017235352
11,110,receive_authenticate_accumulate,0.000046961,0.000046871
11,110,receive_authenticate_accumulate,0.017225678,0.017225870
11,110,receive_authenticate_accumulate,0.000045628,0.000045593
11,110,receive_authenticate_accumulate,0.017222438,0.017222870
11,110,receive_authenticate_accumulate,0.000047443,0.000047445
11,110,receive_authenticate_accumulate,0.017219439,0.017219888
11,110,receive_authenticate_accumulate,0.000046888,0.000046740
11,110,receive_authenticate_accumulate,0.017224716,0.017225148
11,110,receive_authenticate_accumulate,0.000045554,0.000045556
11,110,receive_authenticate_accumulate,0.017230865,0.017231185
11,110,receive_authenticate_accumulate,0.000046258,0.000046241
11,110,receive_authenticate_accumulate,0.017229179,0.017229463
11,110,receive_authenticate_accumulate,0.000048055,0.000047982
11,110,receive_authenticate_accumulate,0.017238587,0.017238778
11,110,receive_authenticate_accumulate,0.000046129,0.000046074
11,110,receive_authenticate_accumulate,0.017222106,0.017222407
11,110,receive_authenticate_accumulate,0.000046203,0.000046241
11,110,receive_authenticate_accumulate,0.017276012,0.017248813
11,110,receive_authenticate_accumulate,0.000045999,0.000045907
11,110,receive_authenticate_accumulate,0.017230643,0.017230926
11,110,receive_authenticate_accumulate,0.000047184,0.000047130
11,110,receive_authenticate_accumulate,0.017261920,0.017262278
11,110,receive_authenticate_accumulate,0.000044832,0.000044740
11,110,receive_authenticate_accumulate,0.017219384,0.017219759
11,110,receive_authenticate_accumulate,0.000045536,0.000045481
11,110,reading_commitment_and_shares,0.026950678,0.026911612
11,110,receive_authenticate_accumulate,0.017211237,0.017211444
11,110,receive_authenticate_accumulate,0.000043796,0.000043796
11,110,receive_authenticate_accumulate,0.017225254,0.017225500
11,110,receive_authenticate_accumulate,0.000044573,0.000044518
11,110,round_coverage,0.000003889,0.000003352
11,110,spatial_report,0.000039258,0.000039130
11,111,round_reset,0.000009814,0.000007778
11,111,receive_authenticate_accumulate,0.017221523,0.017221629
11,111,receive_authenticate_accumulate,0.000042277,0.000042277
11,111,receive_authenticate_accumulate,0.017225227,0.017225408
11,111,receive_authenticate_accumulate,0.000045221,0.000045167
11,111,receive_authenticate_accumulate,0.017226134,0.017226389
11,111,receive_authenticate_accumulate,0.000044425,0.000044278
11,111,receive_authenticate_accumulate,0.017238208,0.017238574
11,111,receive_authenticate_accumulate,0.000045924,0.000045834
11,111,receive_authenticate_accumulate,0.017223209,0.017223556
11,111,receive_authenticate_accumulate,0.000045628,0.000045444
11,111,receive_authenticate_accumulate,0.017226469,0.017226722
11,111,receive_authenticate_accumulate,0.000044721,0.000044778
11,111,receive_authenticate_accumulate,0.017231764,0.017231963
11,111,receive_authenticate_accumulate,0.000044869,0.000044834
11,111,receive_authenticate_accumulate,0.017277042,0.017244871
11,111,receive_authenticate_accumulate,0.000045092,0.000045055
11,111,receive_authenticate_accumulate,0.017254357,0.017232796
11,111,receive_authenticate_accumulate,0.000044795,0.000044815
11,111,receive_authenticate_accumulate,0.017230247,0.017230703
11,111,receive_authenticate_accumulate,0.000044925,0.000044907
11,111,receive_authenticate_accumulate,0.017222618,0.017222518
11,111,receive_authenticate_accumulate,0.000045925,0.000045870
11,111,receive_authenticate_accumulate,0.017235081,0.017235259
11,111,receive_authenticate_accumulate,0.000045961,0.000045796
11,111,receive_authenticate_accumulate,0.025857666,0.025858055
11,111,receive_authenticate_accumulate,0.000065388,0.000065389
11,111,receive_authenticate_accumulate,0.017225507,0.017225555
11,111,receive_authenticate_accumulate,0.000047110,0.000046963
11,111,receive_authenticate_accumulate,0.017230210,0.017230130
11,111,receive_authenticate_accumulate,0.000043814,0.000043814
11,111,receive_authenticate_accumulate,0.017225063,0.017225296
11,111,receive_authenticate_accumulate,0.000048462,0.000048482
11,111,receive_authenticate_accumulate,0.017226062,0.017226259
11,111,receive_authenticate_accumulate,0.000062777,0.000062686
11,111,receive_authenticate_accumulate,0.017230192,0.017230518
11,111,receive_authenticate_accumulate,0.000046480,0.000046352
11,111,reading_commitment_and_shares,0.026903679,0.026904297
11,111,receive_authenticate_accumulate,0.017251062,0.017237520
11,111,receive_authenticate_accumulate,0.000046962,0.000046945
11,111,receive_authenticate_accumulate,0.017229434,0.017229630
11,111,receive_authenticate_accumulate,0.000046554,0.000046537
11,111,round_coverage,0.000003649,0.000003204
11,111,spatial_report,0.000039091,0.000038926
11,112,round_reset,0.000010259,0.000008982
11,112,receive_authenticate_accumulate,0.017223387,0.017223723
11,112,receive_authenticate_accumulate,0.000046480,0.000046426
11,112,receive_authenticate_accumulate,0.017228053,0.017228296
11,112,receive_authenticate_accumulate,0.000047535,0.000047537
11,112,receive_authenticate_accumulate,0.017227165,0.017227500
11,112,receive_authenticate_accumulate,0.000045906,0.000046018
11,112,receive_authenticate_accumulate,0.017222165,0.017222333
11,112,receive_authenticate_accumulate,0.000046925,0.000046852
11,112,receive_authenticate_accumulate,0.017228998,0.017229296
11,112,receive_authenticate_accumulate,0.000045554,0.000045556
11,112,receive_authenticate_accumulate,0.017227406,0.017227648
11,112,receive_authenticate_accumulate,0.000046758,0.000046722
11,112,receive_authenticate_accumulate,0.017275553,0.017233000
11,112,receive_authenticate_accumulate,0.000047276,0.000047333
11,112,receive_authenticate_accumulate,0.017226277,0.017226518
11,112,receive_authenticate_accumulate,0.000047221,0.000047111
11,112,receive_authenticate_accumulate,0.017221555,0.017221685
11,112,receive_authenticate_accumulate,0.000046481,0.000046574
11,112,receive_authenticate_accumulate,0.017232369,0.017232500
11,112,receive_authenticate_accumulate,0.000047536,0.000047408
11,112,receive_authenticate_accumulate,0.017230278,0.017230611
11,112,receive_authenticate_accumulate,0.000046962,0.000046815
11,112,receive_authenticate_accumulate,0.017292016,0.017253481
11,112,receive_authenticate_accumulate,0.000046999,0.000046982
11,112,receive_authenticate_accumulate,0.025858388,0.025858666
11,112,receive_authenticate_accumulate,0.000070462,0.000070241
11,112,receive_authenticate_accumulate,0.017230981,0.017231037
11,112,receive_authenticate_accumulate,0.000045481,0.000045518
11,112,receive_authenticate_accumulate,0.017232851,0.017233056
11,112,receive_authenticate_accumulate,0.000046499,0.000046204
11,112,receive_authenticate_accumulate,0.017266740,0.017240333
11,112,receive_authenticate_accumulate,0.000046165,0.000046111
11,112,receive_authenticate_accumulate,0.017226371,0.017226740
11,112,receive_authenticate_accumulate,0.000047573,0.000047574
11,112,receive_authenticate_accumulate,0.017227685,0.017227889
11,112,receive_authenticate_accumulate,0.000045443,0.000045482
11,112,reading_commitment_and_shares,0.026996714,0.026968092
11,112,receive_authenticate_accumulate,0.017231075,0.017231371
11,112,receive_authenticate_accumulate,0.000046296,0.000046222
11,112,receive_authenticate_accumulate,0.017230574,0.017230852
11,112,receive_authenticate_accumulate,0.000049647,0.000049556
11,112,round_coverage,0.000003926,0.000003240
11,112,spatial_report,0.000039776,0.000039555
11,113,round_reset,0.000009629,0.000008241
11,113,receive_authenticate_accumulate,0.017268397,0.017241463
11,113,receive_authenticate_accumulate,0.000047147,0.000046981
11,113,receive_authenticate_accumulate,0.017223972,0.017224223
11,113,receive_authenticate_accumulate,0.000048295,0.000048222
11,113,receive_authenticate_accumulate,0.017234768,0.017234963
11,113,receive_authenticate_accumulate,0.000047906,0.000047778
11,113,receive_authenticate_accumulate,0.017231787,0.017232000
11,113,receive_authenticate_accumulate,0.000048369,0.000048389
11,113,receive_authenticate_accumulate,0.017227361,0.017227704
11,113,receive_authenticate_accumulate,0.000046277,0.000046278
11,113,receive_authenticate_accumulate,0.017221917,0.017222167
11,113,receive_authenticate_accumulate,0.000044481,0.000044518
11,113,receive_authenticate_accumulate,0.017218566,0.017218815
11,113,receive_authenticate_accumulate,0.000046110,0.000045944
11,113,receive_authenticate_accumulate,0.017230843,0.017230722
11,113,receive_authenticate_accumulate,0.000045869,0.000045889
11,113,receive_authenticate_accumulate,0.017227343,0.017227704
11,113,receive_authenticate_accumulate,0.000047036,0.000046982
11,113,receive_authenticate_accumulate,0.017222232,0.017222500
11,113,receive_authenticate_accumulate,0.000047055,0.000047019
11,113,receive_authenticate_accumulate,0.017227048,0.017227259
11,113,receive_authenticate_accumulate,0.000047259,0.000047130
11,113,receive_authenticate_accumulate,0.017231751,0.017232000
11,113,receive_authenticate_accumulate,0.000046369,0.000046278
11,113,receive_authenticate_accumulate,0.017234825,0.017235185
11,113,receive_authenticate_accumulate,0.000071998,0.000072056
11,113,receive_authenticate_accumulate,0.017228436,0.017228704
11,113,receive_authenticate_accumulate,0.000046555,0.000046555
11,113,receive_authenticate_accumulate,0.017237492,0.017237740
11,113,receive_authenticate_accumulate,0.000046555,0.000046629
11,113,receive_authenticate_accumulate,0.017231048,0.017231111
11,113,receive_authenticate_accumulate,0.000047684,0.000047537
11,113,receive_authenticate_accumulate,0.017281103,0.017256333
11,113,receive_authenticate_accumulate,0.000047110,0.000046981
11,113,receive_authenticate_accumulate,0.017221123,0.017221277
11,113,receive_authenticate_accumulate,0.000046258,0.000046259
11,113,reading_commitment_and_shares,0.026896845,0.026897241
11,113,receive_authenticate_accumulate,0.017232011,0.017232260
11,113,receive_authenticate_accumulate,0.000047536,0.000047519
11,113,receive_authenticate_accumulate,0.017228493,0.017228704
11,113,receive_authenticate_accumulate,0.000046370,0.000046370
11,113,round_coverage,0.000004018,0.000003574
11,113,spatial_report,0.000038851,0.000038741
11,114,round_reset,0.000009333,0.000008259
11,114,receive_authenticate_accumulate,0.017267000,0.017240630
11,114,receive_authenticate_accumulate,0.000047036,0.000046852
11,114,receive_authenticate_accumulate,0.017233056,0.017233425
11,114,receive_authenticate_accumulate,0.000046814,0.000046852
11,114,receive_authenticate_accumulate,0.017266908,0.017242980
11,114,receive_authenticate_accumulate,0.000045962,0.000045908
11,114,receive_authenticate_accumulate,0.017225928,0.017226148
11,114,receive_authenticate_accumulate,0.000046832,0.000046815
11,114,receive_authenticate_accumulate,0.017227039,0.017227240
11,114,receive_authenticate_accumulate,0.000045832,0.000045852
11,114,receive_authenticate_accumulate,0.017227520,0.017227741
11,114,receive_authenticate_accumulate,0.000045888,0.000045833
11,114,receive_authenticate_accumulate,0.017222446,0.017222704
11,114,receive_authenticate_accumulate,0.000044999,0.000044908
11,114,receive_authenticate_accumulate,0.017232983,0.017233129
11,114,receive_authenticate_accumulate,0.000046684,0.000046722
11,114,receive_authenticate_accumulate,0.017222391,0.017222555
11,114,receive_authenticate_accumulate,0.000045758,0.000045629
11,114,receive_authenticate_accumulate,0.017223743,0.017224111
11,114,receive_authenticate_accumulate,0.000046462,0.000046537
11,114,receive_authenticate_accumulate,0.017233669,0.017234037
11,114,receive_authenticate_accumulate,0.000048147,0.000048037
11,114,receive_authenticate_accumulate,0.017225836,0.017226018
11,114,receive_authenticate_accumulate,0.000046536,0.000046426
11,114,receive_authenticate_accumulate,0.025860513,0.025860981
11,114,receive_authenticate_accumulate,0.000046887,0.000046981
11,114,receive_authenticate_accumulate,0.017223854,0.017224148
11,114,receive_authenticate_accumulate,0.000059499,0.000059408
11,114,receive_authenticate_accumulate,0.017228021,0.017228074
11,114,receive_authenticate_accumulate,0.000046332,0.000046315
11,114,receive_authenticate_accumulate,0.017225669,0.017226130
11,114,receive_authenticate_accumulate,0.000045832,0.000045685
11,114,receive_authenticate_accumulate,0.017221817,0.017221963
11,114,receive_authenticate_accumulate,0.000047758,0.000047686
11,114,receive_authenticate_accumulate,0.017234410,0.017234629
11,114,receive_authenticate_accumulate,0.000047240,0.000047148
11,114,reading_commitment_and_shares,0.026892658,0.026893130
11,114,receive_authenticate_accumulate,0.017254632,0.017231833
11,114,receive_authenticate_accumulate,0.000046351,0.000046278
11,114,receive_authenticate_accumulate,0.017235947,0.017236111
11,114,receive_authenticate_accumulate,0.000048147,0.000048259
11,114,round_coverage,0.000003666,0.000002963
11,114,spatial_report,0.000039018,0.000038888
11,115,round_reset,0.000009000,0.000007907
11,115,receive_authenticate_accumulate,0.017232454,0.017232740
11,115,receive_authenticate_accumulate,0.000047591,0.000047593
11,115,receive_authenticate_accumulate,0.017282324,0.017250351
11,115,receive_authenticate_accumulate,0.000047277,0.000047296
11,115,receive_authenticate_accumulate,0.017221659,0.017221925
11,115,receive_authenticate_accumulate,0.000047054,0.000046963
11,115,receive_authenticate_accumulate,0.017261881,0.017240334
11,115,receive_authenticate_accumulate,0.000045665,0.000045667
11,115,receive_authenticate_accumulate,0.017221400,0.017221648
11,115,receive_authenticate_accumulate,0.000047221,0.000047296
11,115,receive_authenticate_accumulate,0.017228752,0.017228944
11,115,receive_authenticate_accumulate,0.000047555,0.000047611
11,115,receive_authenticate_accumulate,0.017236696,0.017236982
11,115,receive_authenticate_accumulate,0.000045147,0.000045129
11,115,receive_authenticate_accumulate,0.017227753,0.017227962
11,115,receive_authenticate_accumulate,0.000047073,0.000047130
11,115,receive_authenticate_accumulate,0.017219475,0.017219685
11,115,receive_authenticate_accumulate,0.000046832,0.000046796
11,115,receive_authenticate_accumulate,0.017233844,0.017234074
11,115,receive_authenticate_accumulate,0.000047184,0.000047093
11,115,receive_authenticate_accumulate,0.017282270,0.017240130
11,115,receive_authenticate_accumulate,0.000045443,0.000045389
11,115,receive_authenticate_accumulate,0.017231956,0.017231981
11,115,receive_authenticate_accumulate,0.000046258,0.000046204
11,115,receive_authenticate_accumulate,0.021960520,0.021870945
11,115,receive_authenticate_accumulate,0.000068443,0.000068371
11,115,receive_authenticate_accumulate,0.017231087,0.017231259
11,115,receive_authenticate_accumulate,0.000046406,0.000046370
11,115,receive_authenticate_accumulate,0.017245993,0.017246611
11,115,receive_authenticate_accumulate,0.000049351,0.000049222
11,115,receive_authenticate_accumulate,0.017234253,0.017234463
11,115,receive_authenticate_accumulate,0.000046610,0.000046611
11,115,receive_authenticate_accumulate,0.017251790,0.017252018
11,115,receive_authenticate_accumulate,0.000045814,0.000045667
11,115,receive_authenticate_accumulate,0.017228439,0.017228759
11,115,receive_authenticate_accumulate,0.000044739,0.000044667
11,115,reading_commitment_and_shares,0.026885691,0.026886296
11,115,receive_authenticate_accumulate,0.017222068,0.017222278
11,115,receive_authenticate_accumulate,0.000044554,0.000044426
11,115,receive_authenticate_accumulate,0.017271456,0.017245852
11,115,receive_authenticate_accumulate,0.000044962,0.000044963
11,115,round_coverage,0.000003556,0.000003018
11,115,spatial_report,0.000040666,0.000040463
11,116,round_reset,0.000010000,0.000008871
11,116,receive_authenticate_accumulate,0.017224557,0.017224685
11,116,receive_authenticate_accumulate,0.000046647,0.000046592
11,116,receive_authenticate_accumulate,0.017227649,0.017227796
11,116,receive_authenticate_accumulate,0.000044610,0.000044444
11,116,receive_authenticate_accumulate,0.017221705,0.017221926
11,116,receive_authenticate_accumulate,0.000046628,0.000046666
11,116,receive_authenticate_accumulate,0.017229927,0.017230278
11,116,receive_authenticate_accumulate,0.000045480,0.000045445
11,116,receive_authenticate_accumulate,0.017246575,0.017246815
11,116,receive_authenticate_accumulate,0.000046962,0.000046889
11,116,receive_authenticate_accumulate,0.017265520,0.017238871
11,116,receive_authenticate_accumulate,0.000045462,0.000045333
11,116,receive_authenticate_accumulate,0.017219336,0.017219241
11,116,receive_authenticate_accumulate,0.000045981,0.000045833
11,116,receive_authenticate_accumulate,0.017229687,0.017229852
11,116,receive_authenticate_accumulate,0.000044573,0.000044519
11,116,receive_authenticate_accumulate,0.017229280,0.017229482
11,116,receive_authenticate_accumulate,0.000046925,0.000046815
11,116,receive_authenticate_accumulate,0.017231373,0.017231445
11,116,receive_authenticate_accumulate,0.000044869,0.000044704
11,116,receive_authenticate_accumulate,0.017218447,0.017218629
11,116,receive_authenticate_accumulate,0.000045147,0.000045037
11,116,receive_authenticate_accumulate,0.017225502,0.017225667
11,116,receive_authenticate_accumulate,0.000043036,0.000042981
11,116,receive_authenticate_accumulate,0.019124851,0.019043039
11,116,receive_authenticate_accumulate,0.000066980,0.000067037
11,116,receive_authenticate_accumulate,0.017230874,0.017231166
11,116,receive_authenticate_accumulate,0.000045536,0.000045370
11,116,receive_authenticate_accumulate,0.017218688,0.017218981
11,116,receive_authenticate_accumulate,0.000044980,0.000044963
11,116,receive_authenticate_accumulate,0.017226188,0.017226426
11,116,receive_authenticate_accumulate,0.000044462,0.000044500
11,116,receive_authenticate_accumulate,0.017222003,0.017222315
11,116,receive_authenticate_accumulate,0.000044592,0.000044574
11,116,receive_authenticate_accumulate,0.017225837,0.017226148
11,116,receive_authenticate_accumulate,0.188652796,0.000067944
11,116,reading_commitment_and_shares,0.026917389,0.026918037
11,116,receive_authenticate_accumulate,0.017228615,0.017228666
11,116,receive_authenticate_accumulate,0.000047832,0.000047740
11,116,receive_authenticate_accumulate,0.017274559,0.017247592
11,116,receive_authenticate_accumulate,0.000046406,0.000046537
11,116,round_coverage,0.000003741,0.000003222
11,116,spatial_report,0.000039666,0.000039315
11,117,round_reset,0.000009963,0.000009037
11,117,receive_authenticate_accumulate,0.017228621,0.017228778
11,117,receive_authenticate_accumulate,0.000047814,0.000047852
11,117,receive_authenticate_accumulate,0.017234251,0.017234352
11,117,receive_authenticate_accumulate,0.000047628,0.000047722
11,117,receive_authenticate_accumulate,0.017289676,0.017255185
11,117,receive_authenticate_accumulate,0.000046277,0.000046241
11,117,receive_authenticate_accumulate,0.017231436,0.017231666
11,117,receive_authenticate_accumulate,0.000047555,0.000047611
11,117,receive_authenticate_accumulate,0.017222400,0.017222611
11,117,receive_authenticate_accumulate,0.000046591,0.000046352
11,117,receive_authenticate_accumulate,0.017266158,0.017239389
11,117,receive_authenticate_accumulate,0.000048555,0.000048444
11,117,receive_authenticate_accumulate,0.017218381,0.017218667
11,117,receive_authenticate_accumulate,0.000047406,0.000047389
11,117,receive_authenticate_accumulate,0.017231418,0.017231888
11,117,receive_authenticate_accumulate,0.000048610,0.000048500
11,117,receive_authenticate_accumulate,0.017227381,0.017227667
11,117,receive_authenticate_accumulate,0.000047351,0.000047296
11,117,receive_authenticate_accumulate,0.017222659,0.017222852
11,117,receive_authenticate_accumulate,0.000047388,0.000047334
11,117,receive_authenticate_accumulate,0.017227381,0.017227666
11,117,receive_authenticate_accumulate,0.000046721,0.000046815
11,117,receive_authenticate_accumulate,0.017231104,0.017231408
11,117,receive_authenticate_accumulate,0.000045777,0.000045759
11,117,receive_authenticate_accumulate,0.025880350,0.025858370
11,117,receive_authenticate_accumulate,0.000047870,0.000047945
11,117,receive_authenticate_accumulate,0.017229733,0.017229833
11,117,receive_authenticate_accumulate,0.000047425,0.000047240
11,117,receive_authenticate_accumulate,0.017229771,0.017230018
11,117,receive_authenticate_accumulate,0.000046592,0.000046593
11,117,receive_authenticate_accumulate,0.017228697,0.017228852
11,117,receive_authenticate_accumulate,0.000046147,0.000046222
11,117,receive_authenticate_accumulate,0.017231419,0.017231703
11,117,receive_authenticate_accumulate,0.000046851,0.000046889
11,117,receive_authenticate_accumulate,0.017229789,0.017230019
11,117,receive_authenticate_accumulate,0.000046721,0.000046574
11,117,reading_commitment_and_shares,0.026888070,0.026888500
11,117,receive_authenticate_accumulate,0.017220382,0.017220685
11,117,receive_authenticate_accumulate,0.000045832,0.000045889
11,117,receive_authenticate_accumulate,0.017235178,0.017235519
11,117,receive_authenticate_accumulate,0.000046665,0.000046667
11,117,round_coverage,0.000003797,0.000003278
11,117,spatial_report,0.000038574,0.000038426
11,118,round_reset,0.000009573,0.000008500
11,118,receive_authenticate_accumulate,0.017235222,0.017235371
11,118,receive_authenticate_accumulate,0.000046276,0.000045852
11,118,receive_authenticate_accumulate,0.017225759,0.017225888
11,118,receive_authenticate_accumulate,0.000048165,0.000048334
11,118,receive_authenticate_accumulate,0.017230667,0.017230871
11,118,receive_authenticate_accumulate,0.000046073,0.000046037
11,118,receive_authenticate_accumulate,0.017231944,0.017232056
11,118,receive_authenticate_accumulate,0.000047425,0.000047408
11,118,receive_authenticate_accumulate,0.017222815,0.017222889
11,118,receive_authenticate_accumulate,0.000046573,0.000046593
11,118,receive_authenticate_accumulate,0.017227259,0.017227407
11,118,receive_authenticate_accumulate,0.000045962,0.000045889
11,118,receive_authenticate_accumulate,0.017276111,0.017250889
11,118,receive_authenticate_accumulate,0.000046407,0.000046167
11,118,receive_authenticate_accumulate,0.017230871,0.017231074
11,118,receive_authenticate_accumulate,0.000045369,0.000045500
11,118,receive_authenticate_accumulate,0.017222686,0.017222815
11,118,receive_authenticate_accumulate,0.000047036,0.000047093
11,118,receive_authenticate_accumulate,0.017221130,0.017221167
11,118,receive_authenticate_accumulate,0.000047388,0.000047370
11,118,receive_authenticate_accumulate,0.017234389,0.017234537
11,118,receive_authenticate_accumulate,0.000046481,0.000046296
11,118,receive_authenticate_accumulate,0.017231241,0.017231518
11,118,receive_authenticate_accumulate,0.000048536,0.000048537
11,118,receive_authenticate_accumulate,0.017281463,0.017249592
11,118,receive_authenticate_accumulate,0.000046850,0.000046796
11,118,receive_authenticate_accumulate,0.017226224,0.017226222
11,118,receive_authenticate_accumulate,0.000046574,0.000046574
11,118,receive_authenticate_accumulate,0.017225594,0.017225722
11,118,receive_authenticate_accumulate,0.000046499,0.000046407
11,118,receive_authenticate_accumulate,0.017221835,0.017222037
11,118,receive_authenticate_accumulate,0.000047777,0.000047685
11,118,receive_authenticate_accumulate,0.017219724,0.017219815
11,118,receive_authenticate_accumulate,0.000047944,0.000047889
11,118,receive_authenticate_accumulate,0.017224187,0.017224408
11,118,receive_authenticate_accumulate,0.000046759,0.000046630
11,118,reading_commitment_and_shares,0.026883694,0.026884148
11,118,receive_authenticate_accumulate,0.017223854,0.017224074
11,118,receive_authenticate_accumulate,0.000046536,0.000046408
11,118,receive_authenticate_accumulate,0.017277204,0.017251999
11,118,receive_authenticate_accumulate,0.000046647,0.000046592
11,118,round_coverage,0.000003833,0.000003074
11,118,spatial_report,0.000039685,0.000039500
11,119,round_reset,0.000010647,0.000009556
11,119,receive_authenticate_accumulate,0.017235323,0.017235518
11,119,receive_authenticate_accumulate,0.000047888,0.000047833
11,119,receive_authenticate_accumulate,0.017236971,0.017237167
11,119,receive_authenticate_accumulate,0.000048258,0.000048389
11,119,receive_authenticate_accumulate,0.017234823,0.017235037
11,119,receive_authenticate_accumulate,0.000046832,0.000046908
11,119,receive_authenticate_accumulate,0.017234637,0.017234740
11,119,receive_authenticate_accumulate,0.000046758,0.000046722
11,119,receive_authenticate_accumulate,0.017235730,0.017235889
11,119,receive_authenticate_accumulate,0.000048369,0.000048334
11,119,receive_authenticate_accumulate,0.017226934,0.017227166
11,119,receive_authenticate_accumulate,0.000047666,0.000047685
11,119,receive_authenticate_accumulate,0.017234619,0.017234556
11,119,receive_authenticate_accumulate,0.000047332,0.000047074
11,119,receive_authenticate_accumulate,0.017227564,0.017227834
11,119,receive_authenticate_accumulate,0.000047110,0.000047056
11,119,receive_authenticate_accumulate,0.017228786,0.017228852
11,119,receive_authenticate_accumulate,0.000046795,0.000046741
11,119,receive_authenticate_accumulate,0.017225601,0.017225685
11,119,receive_authenticate_accumulate,0.000046462,0.000046278
11,119,receive_authenticate_accumulate,0.017264026,0.017240556
11,119,receive_authenticate_accumulate,0.000048462,0.000048407
11,119,receive_authenticate_accumulate,0.017230601,0.017230871
11,119,receive_authenticate_accumulate,0.000047425,0.000047445
11,119,receive_authenticate_accumulate,0.017269711,0.017241426
11,119,receive_authenticate_accumulate,0.000047036,0.000047074
11,119,receive_authenticate_accumulate,0.017260526,0.017260833
11,119,receive_authenticate_accumulate,0.000049980,0.000049962
11,119,receive_authenticate_accumulate,0.017235990,0.017236278
11,119,receive_authenticate_accumulate,0.000047277,0.000047296
11,119,receive_authenticate_accumulate,0.017254490,0.017232112
11,119,receive_authenticate_accumulate,0.000049221,0.000049166
11,119,receive_authenticate_accumulate,0.017231546,0.017231834
11,119,receive_authenticate_accumulate,0.000047962,0.000047814
11,119,receive_authenticate_accumulate,0.017203139,0.017203315
11,119,receive_authenticate_accumulate,0.000046703,0.000046500
11,119,reading_commitment_and_shares,0.026946871,0.026921204
11,119,receive_authenticate_accumulate,0.017240787,0.017241185
11,119,receive_authenticate_accumulate,0.000048055,0.000047760
11,119,receive_authenticate_accumulate,0.017223047,0.017223278
11,119,receive_authenticate_accumulate,0.000047388,0.000047370
11,119,round_coverage,0.000003852,0.000003371
11,119,spatial_report,0.000039907,0.000039685
11,119,billing_report,0.000419566,0.000419389
12,120,period_reset,0.000024684,0.000023592
12,120,receive_authenticate_accumulate,0.000094813,0.000094759
12,120,receive_authenticate_accumulate,0.000091980,0.000091907
12,120,receive_authenticate_accumulate,0.000092999,0.000092407
12,120,receive_authenticate_accumulate,0.000091535,0.000091241
12,120,receive_authenticate_accumulate,0.000091776,0.000091667
12,120,receive_authenticate_accumulate,0.000090554,0.000090185
12,120,receive_authenticate_accumulate,0.000090183,0.000089834
12,120,receive_authenticate_accumulate,0.000091627,0.000091500
12,120,receive_authenticate_accumulate,0.000090721,0.000090685
12,120,receive_authenticate_accumulate,0.000091683,0.000091314
12,120,receive_authenticate_accumulate,0.000092701,0.000092593
12,120,receive_authenticate_accumulate,0.000091091,0.000090685
12,120,receive_authenticate_accumulate,0.000092184,0.000092074
12,120,receive_authenticate_accumulate,0.000092590,0.000092333
12,120,receive_authenticate_accumulate,0.000093184,0.000093000
12,120,receive_authenticate_accumulate,0.000091702,0.000091519
12,120,receive_authenticate_accumulate,0.000057740,0.000057666
12,120,receive_authenticate_accumulate,0.000057535,0.000057500
12,120,randomness_commit,0.000487750,0.000487537
12,120,receive_authenticate_accumulate,0.000057499,0.000057296
12,120,receive_authenticate_accumulate,0.000057461,0.000056648
12,120,receive_authenticate_accumulate,0.000070499,0.000070315
12,120,receive_authenticate_accumulate,0.000067999,0.000067926
12,120,receive_authenticate_accumulate,0.000095943,0.000096019
12,120,receive_authenticate_accumulate,0.000063869,0.000063741
12,120,receive_authenticate_accumulate,0.000068702,0.000068555
12,120,receive_authenticate_accumulate,0.000068443,0.000068408
12,120,receive_authenticate_accumulate,0.000068313,0.000068204
12,120,receive_authenticate_accumulate,0.000068424,0.000068204
12,120,receive_authenticate_accumulate,0.000067740,0.000067797
12,120,receive_authenticate_accumulate,0.000068128,0.000068093
12,120,receive_authenticate_accumulate,0.000067795,0.000067722
12,120,receive_authenticate_accumulate,0.000099480,0.000099463
12,120,receive_authenticate_accumulate,0.000064703,0.000064537
12,120,receive_authenticate_accumulate,0.000066295,0.000066315
12,120,receive_authenticate_accumulate,0.000065961,0.000065926
12,120,receive_authenticate_accumulate,0.000065721,0.000065666
12,120,receive_authenticate_accumulate,0.000067591,0.000067574
12,120,receive_authenticate_accumulate,0.000066925,0.000066981
12,120,randomness_reveal,0.000436381,0.000436148
12,120,receive_authenticate_accumulate,0.000064128,0.000063944
12,120,receive_authenticate_accumulate,0.000066036,0.000065926
12,120,committee_selection,0.000122665,0.000122297
12,120,round_reset,0.000005167,0.000004500
12,120,receive_authenticate_accumulate,0.017235811,0.017235945
12,120,receive_authenticate_accumulate,0.017223718,0.017224056
12,120,receive_authenticate_accumulate,0.017224237,0.017224555
12,120,receive_authenticate_accumulate,0.017239886,0.017240130
12,120,receive_authenticate_accumulate,0.017239700,0.017239814
12,120,receive_authenticate_accumulate,0.017229034,0.017229148
12,120,receive_authenticate_accumulate,0.017226349,0.017226444
12,120,receive_authenticate_accumulate,0.017283830,0.017249833
12,120,receive_authenticate_accumulate,0.017238385,0.017238537
12,120,receive_authenticate_accumulate,0.017219904,0.017220037
12,120,receive_authenticate_accumulate,0.017231331,0.017231555
12,120,receive_authenticate_accumulate,0.017234071,0.017234296
12,120,receive_authenticate_accumulate,0.017231960,0.017232186
12,120,receive_authenticate_accumulate,0.017218682,0.017218944
12,120,receive_authenticate_accumulate,0.017226072,0.017226130
12,120,receive_authenticate_accumulate,0.017232350,0.017232037
12,120,receive_authenticate_accumulate,0.017250127,0.017250260
12,120,receive_authenticate_accumulate,0.017234479,0.017234778
12,120,reading_commitment_and_shares,0.026931420,0.026911593
12,120,receive_authenticate_accumulate,0.017258535,0.017232223
12,120,receive_authenticate_accumulate,0.017232553,0.017232722
12,120,round_coverage,0.000003926,0.000003241
12,121,round_reset,0.000010018,0.000008889
12,121,receive_authenticate_accumulate,0.017234984,0.017235111
12,121,receive_authenticate_accumulate,0.017272206,0.017245426
12,121,receive_authenticate_accumulate,0.017231559,0.017231722
12,121,receive_authenticate_accumulate,0.017227429,0.017227241
12,121,receive_authenticate_accumulate,0.017240022,0.017239740
12,121,receive_authenticate_accumulate,0.017227855,0.017227945
12,121,receive_authenticate_accumulate,0.017227671,0.017227852
12,121,receive_authenticate_accumulate,0.017224096,0.017224278
12,121,receive_authenticate_accumulate,0.017228338,0.017228463
12,121,receive_authenticate_accumulate,0.017230430,0.017230518
12,121,receive_authenticate_accumulate,0.017222467,0.017222630
12,121,receive_authenticate_accumulate,0.017246318,0.017246388
12,121,receive_authenticate_accumulate,0.017228467,0.017228796
12,121,receive_authenticate_accumulate,0.017232727,0.017232833
12,121,receive_authenticate_accumulate,0.017241282,0.017241371
12,121,receive_authenticate_accumulate,0.017258041,0.017242388
12,121,receive_authenticate_accumulate,0.017232042,0.017231889
12,121,receive_authenticate_accumulate,0.017230820,0.017230685
12,121,reading_commitment_and_shares,0.026941579,0.026913962
12,121,receive_authenticate_accumulate,0.017231264,0.017231370
12,121,receive_authenticate_accumulate,0.017223338,0.017223481
12,121,round_coverage,0.000003648,0.000003019
12,122,round_reset,0.000009463,0.000008389
12,122,receive_authenticate_accumulate,0.017234510,0.017234648
12,122,receive_authenticate_accumulate,0.017226825,0.017227130
12,122,receive_authenticate_accumulate,0.017268435,0.017245926
12,122,receive_authenticate_accumulate,0.017233750,0.017233926
12,122,receive_authenticate_accumulate,0.017232084,0.017232204
12,122,receive_authenticate_accumulate,0.017233103,0.017233370
12,122,receive_authenticate_accumulate,0.017230640,0.017230648
12,122,receive_authenticate_accumulate,0.017227140,0.017227463
12,122,receive_authenticate_accumulate,0.017229584,0.017229667
12,122,receive_authenticate_accumulate,0.017227529,0.017227760
12,122,receive_authenticate_accumulate,0.017233973,0.017234129
12,122,receive_authenticate_accumulate,0.017220400,0.017220759
12,122,receive_authenticate_accumulate,0.017236270,0.017236463
12,122,receive_authenticate_accumulate,0.017234048,0.017234259
12,122,receive_authenticate_accumulate,0.017223418,0.017223704
12,122,receive_authenticate_accumulate,0.017261362,0.017237315
12,122,receive_authenticate_accumulate,0.017278418,0.017244722
12,122,receive_authenticate_accumulate,0.017231104,0.017231185
12,122,reading_commitment_and_shares,0.026954200,0.026927945
12,122,receive_authenticate_accumulate,0.017223400,0.017223315
12,122,receive_authenticate_accumulate,0.017230048,0.017230074
12,122,round_coverage,0.000003685,0.000003130
12,123,round_reset,0.000009889,0.000007703
12,123,receive_authenticate_accumulate,0.017231553,0.017231796
12,123,receive_authenticate_accumulate,0.017236867,0.017236963
12,123,receive_authenticate_accumulate,0.017260275,0.017244518
12,123,receive_authenticate_accumulate,0.017237330,0.017237463
12,123,receive_authenticate_accumulate,0.017233479,0.017233592
12,123,receive_authenticate_accumulate,0.017267275,0.017245407
12,123,receive_authenticate_accumulate,0.017232979,0.017233240
12,123,receive_authenticate_accumulate,0.017230627,0.017230685
12,123,receive_authenticate_accumulate,0.017231239,0.017231333
12,123,receive_authenticate_accumulate,0.017221498,0.017221760
12,123,receive_authenticate_accumulate,0.017236442,0.017236500
12,123,receive_authenticate_accumulate,0.017228998,0.017229167
12,123,receive_authenticate_accumulate,0.017242591,0.017242722
12,123,receive_authenticate_accumulate,0.017251238,0.017251407
12,123,receive_authenticate_accumulate,0.017232721,0.017232871
12,123,receive_authenticate_accumulate,0.017224776,0.017224741
12,123,receive_authenticate_accumulate,0.017238628,0.017238741
12,123,receive_authenticate_accumulate,0.017228351,0.017228408
12,123,reading_commitment_and_shares,0.026902321,0.026902722
12,123,receive_authenticate_accumulate,0.017229832,0.017229908
12,123,receive_authenticate_accumulate,0.017267146,0.017240018
12,123,round_coverage,0.000003759,0.000003222
12,124,round_reset,0.000009000,0.000007888
12,124,receive_authenticate_accumulate,0.017237966,0.017238056
12,124,receive_authenticate_accumulate,0.017234262,0.017234241
12,124,receive_authenticate_accumulate,0.017261725,0.017240629
12,124,receive_authenticate_accumulate,0.017245392,0.017245481
12,124,receive_authenticate_accumulate,0.017238762,0.017238926
12,124,receive_authenticate_accumulate,0.017244189,0.017244685
12,124,receive_authenticate_accumulate,0.017234281,0.017234574
12,124,receive_authenticate_accumulate,0.017256596,0.017228722
12,124,receive_authenticate_accumulate,0.017239411,0.017239537
12,124,receive_authenticate_accumulate,0.017233597,0.017233759
12,124,receive_authenticate_accumulate,0.017231059,0.017231167
12,124,receive_authenticate_accumulate,0.017297207,0.017256185
12,124,receive_authenticate_accumulate,0.017232967,0.017233277
12,124,receive_authenticate_accumulate,0.017267670,0.017242981
12,124,receive_authenticate_accumulate,0.017225801,0.017225870
12,124,receive_authenticate_accumulate,0.017234671,0.017234741
12,124,receive_authenticate_accumulate,0.017238485,0.017238815
12,124,receive_authenticate_accumulate,0.017272411,0.017240982
12,124,reading_commitment_and_shares,0.026909293,0.026909982
12,124,receive_authenticate_accumulate,0.017227171,0.017227389
12,124,receive_authenticate_accumulate,0.017224838,0.017224963
12,124,round_coverage,0.000004204,0.000003482
12,125,round_reset,0.000009333,0.000007981
12,125,receive_authenticate_accumulate,0.017231879,0.017231963
12,125,receive_authenticate_accumulate,0.017224842,0.017225055
12,125,receive_authenticate_accumulate,0.017230676,0.017230611
12,125,receive_authenticate_accumulate,0.017258675,0.017258907
12,125,receive_authenticate_accumulate,0.017227417,0.017227352
12,125,receive_authenticate_accumulate,0.017228268,0.017228314
12,125,receive_authenticate_accumulate,0.017296841,0.017259556
12,125,receive_authenticate_accumulate,0.017268916,0.017247686
12,125,receive_authenticate_accumulate,0.017227435,0.017227666
12,125,receive_authenticate_accumulate,0.017230157,0.017230315
12,125,receive_authenticate_accumulate,0.017233954,0.017234185
12,125,receive_authenticate_accumulate,0.017230694,0.017230759
12,125,receive_authenticate_accumulate,0.017276101,0.017254629
12,125,receive_authenticate_accumulate,0.017229232,0.017229463
12,125,receive_authenticate_accumulate,0.017226472,0.017226426
12,125,receive_authenticate_accumulate,0.017224436,0.017224649
12,125,receive_authenticate_accumulate,0.017228787,0.017228870
12,125,receive_authenticate_accumulate,0.017287694,0.017249722
12,125,reading_commitment_and_shares,0.026899857,0.026900407
12,125,receive_authenticate_accumulate,0.017230139,0.017230463
12,125,receive_authenticate_accumulate,0.017227584,0.017227759
12,125,round_coverage,0.000004482,0.000003759
12,126,round_reset,0.000009482,0.000008481
12,126,receive_authenticate_accumulate,0.017239699,0.017239741
12,126,receive_authenticate_accumulate,0.017232940,0.017233148
12,126,receive_authenticate_accumulate,0.017235217,0.017235537
12,126,receive_authenticate_accumulate,0.017227606,0.017227723
12,126,receive_authenticate_accumulate,0.017225347,0.017225426
12,126,receive_authenticate_accumulate,0.017288365,0.017256758
12,126,receive_authenticate_accumulate,0.017278106,0.017248629
12,126,receive_authenticate_accumulate,0.017230717,0.017230778
12,126,receive_authenticate_accumulate,0.017235199,0.017235408
12,126,receive_authenticate_accumulate,0.017232440,0.017232630
12,126,receive_authenticate_accumulate,0.017259014,0.017259074
12,126,receive_authenticate_accumulate,0.017231922,0.017232000
12,126,receive_authenticate_accumulate,0.025856735,0.025857074
12,126,receive_authenticate_accumulate,0.017227533,0.017227759
12,126,receive_authenticate_accumulate,0.017230051,0.017230130
12,126,receive_authenticate_accumulate,0.017230996,0.017231092
12,126,receive_authenticate_accumulate,0.017231033,0.017231055
12,126,receive_authenticate_accumulate,0.017232830,0.017232778
12,126,reading_commitment_and_shares,0.027019048,0.026979740
12,126,receive_authenticate_accumulate,0.017227663,0.017227851
12,126,receive_authenticate_accumulate,0.017231441,0.017231759
12,126,round_coverage,0.000003796,0.000003241
12,127,round_reset,0.000009777,0.000008686
12,127,receive_authenticate_accumulate,0.017234185,0.017234334
12,127,receive_authenticate_accumulate,0.017239555,0.017239797
12,127,receive_authenticate_accumulate,0.017259907,0.017244296
12,127,receive_authenticate_accumulate,0.017224075,0.017223981
12,127,receive_authenticate_accumulate,0.017234463,0.017234593
12,127,receive_authenticate_accumulate,0.017231445,0.017231519
12,127,receive_authenticate_accumulate,0.017233000,0.017233148
12,127,receive_authenticate_accumulate,0.017228149,0.017228315
12,127,receive_authenticate_accumulate,0.017264296,0.017235982
12,127,receive_authenticate_accumulate,0.017235334,0.017235499
12,127,receive_authenticate_accumulate,0.017229705,0.017229778
12,127,receive_authenticate_accumulate,0.017223926,0.017223962
12,127,receive_authenticate_accumulate,0.025871149,0.025871629
12,127,receive_authenticate_accumulate,0.017229760,0.017229759
12,127,receive_authenticate_accumulate,0.017231501,0.017231630
12,127,receive_authenticate_accumulate,0.017232816,0.017232815
12,127,receive_authenticate_accumulate,0.017228667,0.017228852
12,127,receive_authenticate_accumulate,0.017231205,0.017231444
12,127,reading_commitment_and_shares,0.026960927,0.026926555
12,127,receive_authenticate_accumulate,0.017223501,0.017223741
12,127,receive_authenticate_accumulate,0.017235834,0.017235852
12,127,round_coverage,0.000004370,0.000003888
12,128,round_reset,0.000009667,0.000008426
12,128,receive_authenticate_accumulate,0.017252338,0.017252630
12,128,receive_authenticate_accumulate,0.017232486,0.017232074
12,128,receive_authenticate_accumulate,0.017231189,0.017231426
12,128,receive_authenticate_accumulate,0.017258837,0.017258944
12,128,receive_authenticate_accumulate,0.017231412,0.017231481
12,128,receive_authenticate_accumulate,0.017222782,0.017222815
12,128,receive_authenticate_accumulate,0.017236653,0.017236870
12,128,receive_authenticate_accumulate,0.017233116,0.017233167
12,128,receive_authenticate_accumulate,0.017232319,0.017232426
12,128,receive_authenticate_accumulate,0.017233690,0.017233630
12,128,receive_authenticate_accumulate,0.017233746,0.017233907
12,128,receive_authenticate_accumulate,0.017262338,0.017237351
12,128,receive_authenticate_accumulate,0.017233190,0.017233389
12,128,receive_authenticate_accumulate,0.017228857,0.017229074
12,128,receive_authenticate_accumulate,0.017227357,0.017227333
12,128,receive_authenticate_accumulate,0.017271764,0.017244352
12,128,receive_authenticate_accumulate,0.017241616,0.017241686
12,128,receive_authenticate_accumulate,0.017225135,0.017225333
12,128,reading_commitment_and_shares,0.026893880,0.026893907
12,128,receive_authenticate_accumulate,0.017267430,0.017246666
12,128,receive_authenticate_accumulate,0.017236968,0.017237204
12,128,round_coverage,0.000003982,0.000003463
12,129,round_reset,0.000010018,0.000008759
12,129,receive_authenticate_accumulate,0.017267249,0.017241889
12,129,receive_authenticate_accumulate,0.017226213,0.017226389
12,129,receive_authenticate_accumulate,0.017237898,0.017238111
12,129,receive_authenticate_accumulate,0.017225194,0.017225370
12,129,receive_authenticate_accumulate,0.017224916,0.017225092
12,129,receive_authenticate_accumulate,0.017240286,0.017240389
12,129,receive_authenticate_accumulate,0.017227954,0.017227963
12,129,receive_authenticate_accumulate,0.017286305,0.017267871
12,129,receive_authenticate_accumulate,0.017227657,0.017227851
12,129,receive_authenticate_accumulate,0.017257879,0.017257926
12,129,receive_authenticate_accumulate,0.017276712,0.017254314
12,129,receive_authenticate_accumulate,0.017227935,0.017228037
12,129,receive_authenticate_accumulate,0.025905217,0.025871112
12,129,receive_authenticate_accumulate,0.017220991,0.017221093
12,129,receive_authenticate_accumulate,0.017234416,0.017234629
12,129,receive_authenticate_accumulate,0.017264213,0.017242741
12,129,receive_authenticate_accumulate,0.017229528,0.017229722
12,129,receive_authenticate_accumulate,0.017231029,0.017231129
12,129,reading_commitment_and_shares,0.026903089,0.026903593
12,129,receive_authenticate_accumulate,0.017225307,0.017225407
12,129,receive_authenticate_accumulate,0.017222751,0.017222741
12,129,round_coverage,0.000003352,0.000002834
13,130,period_reset,0.000024648,0.000024963
13,130,receive_authenticate_accumulate,0.000092943,0.000093074
13,130,receive_authenticate_accumulate,0.000085962,0.000085111
13,130,receive_authenticate_accumulate,0.000086924,0.000086649
13,130,receive_authenticate_accumulate,0.000085073,0.000085019
13,130,receive_authenticate_accumulate,0.000087091,0.000086833
13,130,receive_authenticate_accumulate,0.000086943,0.000086870
13,130,receive_authenticate_accumulate,0.000086202,0.000086018
13,130,receive_authenticate_accumulate,0.000066350,0.000066111
13,130,receive_authenticate_accumulate,0.000065758,0.000065611
13,130,receive_authenticate_accumulate,0.000064091,0.000064019
13,130,receive_authenticate_accumulate,0.000065128,0.000064870
13,130,receive_authenticate_accumulate,0.000065073,0.000064944
13,130,receive_authenticate_accumulate,0.000064536,0.000064352
13,130,receive_authenticate_accumulate,0.000066462,0.000066334
13,130,receive_authenticate_accumulate,0.000066258,0.000066167
13,130,receive_authenticate_accumulate,0.000065796,0.000065815
13,130,receive_authenticate_accumulate,0.000065517,0.000065537
13,130,receive_authenticate_accumulate,0.000067258,0.000067148
13,130,randomness_commit,0.000608212,0.000607796
13,130,receive_authenticate_accumulate,0.000066703,0.000066574
13,130,receive_authenticate_accumulate,0.000066036,0.000065833
13,130,receive_authenticate_accumulate,0.000080888,0.000080685
13,130,receive_authenticate_accumulate,0.000085609,0.000085314
13,130,receive_authenticate_accumulate,0.000080332,0.000079926
13,130,receive_authenticate_accumulate,0.000080166,0.000080074
13,130,receive_authenticate_accumulate,0.000080369,0.000080241
13,130,receive_authenticate_accumulate,0.000080721,0.000080500
13,130,receive_authenticate_accumulate,0.000079703,0.000079592
13,130,receive_authenticate_accumulate,0.000082573,0.000082259
13,130,receive_authenticate_accumulate,0.000080776,0.000080537
13,130,receive_authenticate_accumulate,0.000065777,0.000065592
13,130,receive_authenticate_accumulate,0.000066166,0.000066093
13,130,receive_authenticate_accumulate,0.000066665,0.000066518
13,130,receive_authenticate_accumulate,0.000065962,0.000066019
13,130,receive_authenticate_accumulate,0.000065980,0.000065815
13,130,receive_authenticate_accumulate,0.000064739,0.000064463
13,130,receive_authenticate_accumulate,0.000097073,0.000096907
13,130,receive_authenticate_accumulate,0.000056333,0.000056130
13,130,receive_authenticate_accumulate,0.000064795,0.000064556
13,130,randomness_reveal,0.000454603,0.000454444
13,130,receive_authenticate_accumulate,0.000063962,0.000063871
13,130,receive_authenticate_accumulate,0.000065981,0.000065871
13,130,committee_selection,0.000122961,0.000122796
13,130,round_reset,0.000005204,0.000004426
13,130,receive_authenticate_accumulate,0.017281067,0.017252203
13,130,receive_authenticate_accumulate,0.017228346,0.017228537
13,130,receive_authenticate_accumulate,0.017233958,0.017234204
13,130,receive_authenticate_accumulate,0.017240068,0.017240223
13,130,receive_authenticate_accumulate,0.017228032,0.017227889
13,130,receive_authenticate_accumulate,0.017226440,0.017226593
13,130,receive_authenticate_accumulate,0.017228680,0.017228777
13,130,receive_authenticate_accumulate,0.017223624,0.017223685
13,130,receive_authenticate_accumulate,0.017225606,0.017225889
13,130,receive_authenticate_accumulate,0.017224624,0.017224704
13,130,receive_authenticate_accumulate,0.017260865,0.017261129
13,130,receive_authenticate_accumulate,0.017273180,0.017250074
13,130,receive_authenticate_accumulate,0.025916149,0.025886056
13,130,receive_authenticate_accumulate,0.017230384,0.017230556
13,130,receive_authenticate_accumulate,0.017259476,0.017235667
13,130,receive_authenticate_accumulate,0.017231347,0.017231500
13,130,receive_authenticate_accumulate,0.017224032,0.017224148
13,130,receive_authenticate_accumulate,0.017219792,0.017220111
13,130,reading_commitment_and_shares,0.026904466,0.026904592
13,130,receive_authenticate_accumulate,0.017232736,0.017232907
13,130,receive_authenticate_accumulate,0.017228162,0.017228352
13,130,round_coverage,0.000003926,0.000003481
13,131,round_reset,0.000009796,0.000008815
13,131,receive_authenticate_accumulate,0.017280979,0.017281500
13,131,receive_authenticate_accumulate,0.017231091,0.017231315
13,131,receive_authenticate_accumulate,0.017242202,0.017242315
13,131,receive_authenticate_accumulate,0.017223202,0.017223278
13,131,receive_authenticate_accumulate,0.017224109,0.017224296
13,131,receive_authenticate_accumulate,0.017231572,0.017231593
13,131,receive_authenticate_accumulate,0.017240721,0.017240797
13,131,receive_authenticate_accumulate,0.017231146,0.017231426
13,131,receive_authenticate_accumulate,0.017231406,0.017231555
13,131,receive_authenticate_accumulate,0.017232332,0.017232408
13,131,receive_authenticate_accumulate,0.017237369,0.017237463
13,131,receive_authenticate_accumulate,0.017223555,0.017223759
13,131,receive_authenticate_accumulate,0.017228924,0.017229093
13,131,receive_authenticate_accumulate,0.017251054,0.017250963
13,131,receive_authenticate_accumulate,0.017228999,0.017229111
13,131,receive_authenticate_accumulate,0.017233777,0.017233796
13,131,receive_authenticate_accumulate,0.017227443,0.017227407
13,131,receive_authenticate_accumulate,0.017223444,0.017223555
13,131,reading_commitment_and_shares,0.026897194,0.026897518
13,131,receive_authenticate_accumulate,0.017227073,0.017227352
13,131,receive_authenticate_accumulate,0.017229092,0.017229223
13,131,round_coverage,0.000003852,0.000003222
13,132,round_reset,0.000009407,0.000008518
13,132,receive_authenticate_accumulate,0.017225761,0.017226019
13,132,receive_authenticate_accumulate,0.017237390,0.017237426
13,132,receive_authenticate_accumulate,0.017242873,0.017242963
13,132,receive_authenticate_accumulate,0.017292242,0.017250036
13,132,receive_authenticate_accumulate,0.017233780,0.017233944
13,132,receive_authenticate_accumulate,0.017230798,0.017230945
13,132,receive_authenticate_accumulate,0.017231724,0.017231963
13,132,receive_authenticate_accumulate,0.017259261,0.017243981
13,132,receive_authenticate_accumulate,0.017230594,0.017230741
13,132,receive_authenticate_accumulate,0.017220965,0.017221130
13,132,receive_authenticate_accumulate,0.017240168,0.017240185
13,132,receive_authenticate_accumulate,0.017228391,0.017228500
13,132,receive_authenticate_accumulate,0.017228391,0.017228278
13,132,receive_authenticate_accumulate,0.017230021,0.017230074
13,132,receive_authenticate_accumulate,0.017231835,0.017232185
13,132,receive_authenticate_accumulate,0.017233577,0.017233555
13,132,receive_authenticate_accumulate,0.017235799,0.017235944
13,132,receive_authenticate_accumulate,0.017230910,0.017230814
13,132,reading_commitment_and_shares,0.026931681,0.026931889
13,132,receive_authenticate_accumulate,0.017288186,0.017255017
13,132,receive_authenticate_accumulate,0.017224096,0.017224130
13,132,round_coverage,0.000003741,0.000003278
13,133,round_reset,0.000009148,0.000008222
13,133,receive_authenticate_accumulate,0.017232505,0.017232611
13,133,receive_authenticate_accumulate,0.017231135,0.017231185
13,133,receive_authenticate_accumulate,0.017214061,0.017214111
13,133,receive_authenticate_accumulate,0.017224450,0.017224611
13,133,receive_authenticate_accumulate,0.017227783,0.017227796
13,133,receive_authenticate_accumulate,0.017231727,0.017231833
13,133,receive_authenticate_accumulate,0.017234431,0.017234481
13,133,receive_authenticate_accumulate,0.017268987,0.017269741
13,133,receive_authenticate_accumulate,0.017230543,0.017230629
13,133,receive_authenticate_accumulate,0.017225098,0.017225129
13,133,receive_authenticate_accumulate,0.017231413,0.017231482
13,133,receive_authenticate_accumulate,0.017227098,0.017227167
13,133,receive_authenticate_accumulate,0.025853666,0.025853981
13,133,receive_authenticate_accumulate,0.017236209,0.017236296
13,133,receive_authenticate_accumulate,0.017228135,0.017228259
13,133,receive_authenticate_accumulate,0.017224932,0.017225055
13,133,receive_authenticate_accumulate,0.017226469,0.017226648
13,133,receive_authenticate_accumulate,0.017256728,0.017239815
13,133,reading_commitment_and_shares,0.026889761,0.026890018
13,133,receive_authenticate_accumulate,0.017235987,0.017236074
13,133,receive_authenticate_accumulate,0.017229728,0.017229815
13,133,round_coverage,0.000003703,0.000003166
13,134,round_reset,0.000009796,0.000008667
13,134,receive_authenticate_accumulate,0.017233564,0.017233574
13,134,receive_authenticate_accumulate,0.017237138,0.017237129
13,134,receive_authenticate_accumulate,0.017231953,0.017232000
13,134,receive_authenticate_accumulate,0.017229971,0.017230204
13,134,receive_authenticate_accumulate,0.017233582,0.017233704
13,134,receive_authenticate_accumulate,0.017235120,0.017235092
13,134,receive_authenticate_accumulate,0.017239397,0.017239722
13,134,receive_authenticate_accumulate,0.017223249,0.017223222
13,134,receive_authenticate_accumulate,0.017233268,0.017233407
13,134,receive_authenticate_accumulate,0.017230435,0.017230389
13,134,receive_authenticate_accumulate,0.017261360,0.017262352
13,134,receive_authenticate_accumulate,0.017274323,0.017250722
13,134,receive_authenticate_accumulate,0.017231731,0.017231852
13,134,receive_authenticate_accumulate,0.017231842,0.017231814
13,134,receive_authenticate_accumulate,0.017236509,0.017236648
13,134,receive_authenticate_accumulate,0.017231861,0.017232000
13,134,receive_authenticate_accumulate,0.017225047,0.017225093
13,134,receive_authenticate_accumulate,0.017296193,0.017260167
13,134,reading_commitment_and_shares,0.026897895,0.026898333
13,134,receive_authenticate_accumulate,0.017232416,0.017232519
13,134,receive_authenticate_accumulate,0.017230768,0.017230963
13,134,round_coverage,0.000003555,0.000003074
13,135,round_reset,0.000008851,0.000007593
13,135,receive_authenticate_accumulate,0.017230622,0.017230703
13,135,receive_authenticate_accumulate,0.017234160,0.017234370
13,135,receive_authenticate_accumulate,0.017230511,0.017230463
13,135,receive_authenticate_accumulate,0.017231400,0.017231463
13,135,receive_authenticate_accumulate,0.017225697,0.017225759
13,135,receive_authenticate_accumulate,0.017235456,0.017235371
13,135,receive_authenticate_accumulate,0.017265437,0.017237925
13,135,receive_authenticate_accumulate,0.017231179,0.017231278
13,135,receive_authenticate_accumulate,0.017285547,0.017249518
13,135,receive_authenticate_accumulate,0.017235475,0.017235722
13,135,receive_authenticate_accumulate,0.017230660,0.017230685
13,135,receive_authenticate_accumulate,0.017230512,0.017230611
13,135,receive_authenticate_accumulate,0.025860934,0.025861204
13,135,receive_authenticate_accumulate,0.017227826,0.017227888
13,135,receive_authenticate_accumulate,0.017257363,0.017257537
13,135,receive_authenticate_accumulate,0.017229642,0.017229796
13,135,receive_authenticate_accumulate,0.017225827,0.017225962
13,135,receive_authenticate_accumulate,0.017232642,0.017232741
13,135,reading_commitment_and_shares,0.026900511,0.026900982
13,135,receive_authenticate_accumulate,0.017231586,0.017231833
13,135,receive_authenticate_accumulate,0.017290456,0.017253038
13,135,round_coverage,0.000004111,0.000003518
13,136,round_reset,0.000008648,0.000007593
13,136,receive_authenticate_accumulate,0.017228866,0.017229056
13,136,receive_authenticate_accumulate,0.017220903,0.017221074
13,136,receive_authenticate_accumulate,0.017236681,0.017236796
13,136,receive_authenticate_accumulate,0.017228662,0.017228741
13,136,receive_authenticate_accumulate,0.017304143,0.017280092
13,136,receive_authenticate_accumulate,0.017234570,0.017234019
13,136,receive_authenticate_accumulate,0.017231163,0.017231352
13,136,receive_authenticate_accumulate,0.017232626,0.017232741
13,136,receive_authenticate_accumulate,0.017224792,0.017225055
13,136,receive_authenticate_accumulate,0.017280884,0.017251778
13,136,receive_authenticate_accumulate,0.017229440,0.017229445
13,136,receive_authenticate_accumulate,0.017231681,0.017231778
13,136,receive_authenticate_accumulate,0.017228570,0.017228704
13,136,receive_authenticate_accumulate,0.017259570,0.017234629
13,136,receive_authenticate_accumulate,0.017227071,0.017227370
13,136,receive_authenticate_accumulate,0.017232774,0.017232871
13,136,receive_authenticate_accumulate,0.017231737,0.017231870
13,136,receive_authenticate_accumulate,0.017223348,0.017223500
13,136,reading_commitment_and_shares,0.026928033,0.026905167
13,136,receive_authenticate_accumulate,0.017243589,0.017243723
13,136,receive_authenticate_accumulate,0.017232163,0.017232352
13,136,round_coverage,0.000003666,0.000003148
13,137,round_reset,0.000008889,0.000008518
13,137,receive_authenticate_accumulate,0.017228202,0.017228204
13,137,receive_authenticate_accumulate,0.017236961,0.017236981
13,137,receive_authenticate_accumulate,0.017235739,0.017235760
13,137,receive_authenticate_accumulate,0.017234035,0.017234074
13,137,receive_authenticate_accumulate,0.017232684,0.017232740
13,137,receive_authenticate_accumulate,0.017232036,0.017232148
13,137,receive_authenticate_accumulate,0.017227795,0.017227888
13,137,receive_authenticate_accumulate,0.017306257,0.017278796
13,137,receive_authenticate_accumulate,0.017234184,0.017234260
13,137,receive_authenticate_accumulate,0.017228499,0.017228759
13,137,receive_authenticate_accumulate,0.017231481,0.017231445
13,137,receive_authenticate_accumulate,0.017235777,0.017235963
13,137,receive_authenticate_accumulate,0.025865091,0.025865333
13,137,receive_authenticate_accumulate,0.017231592,0.017231667
13,137,receive_authenticate_accumulate,0.017233481,0.017233796
13,137,receive_authenticate_accumulate,0.017234166,0.017234315
13,137,receive_authenticate_accumulate,0.017231906,0.017231741
13,137,receive_authenticate_accumulate,0.017226444,0.017226499
13,137,reading_commitment_and_shares,0.026891761,0.026891759
13,137,receive_authenticate_accumulate,0.017223703,0.017223759
13,137,receive_authenticate_accumulate,0.017242240,0.017242092
13,137,round_coverage,0.000003926,0.000003426
13,138,round_reset,0.000009722,0.000008759
13,138,receive_authenticate_accumulate,0.017235223,0.017235389
13,138,receive_authenticate_accumulate,0.017238352,0.017238167
13,138,receive_authenticate_accumulate,0.017226667,0.017226777
13,138,receive_authenticate_accumulate,0.017226890,0.017226982
13,138,receive_authenticate_accumulate,0.017256723,0.017240612
13,138,receive_authenticate_accumulate,0.017228334,0.017228222
13,138,receive_authenticate_accumulate,0.017233131,0.017233259
13,138,receive_authenticate_accumulate,0.017233242,0.017233204
13,138,receive_authenticate_accumulate,0.017232983,0.017232963
13,138,receive_authenticate_accumulate,0.017233872,0.017233944
13,138,receive_authenticate_accumulate,0.017265501,0.017265685
13,138,receive_authenticate_accumulate,0.017231538,0.017231685
13,138,receive_authenticate_accumulate,0.017269705,0.017240352
13,138,receive_authenticate_accumulate,0.017231001,0.017231092
13,138,receive_authenticate_accumulate,0.017260649,0.017236481
13,138,receive_authenticate_accumulate,0.017229242,0.017229315
13,138,receive_authenticate_accumulate,0.017236668,0.017236815
13,138,receive_authenticate_accumulate,0.017233483,0.017233685
13,138,reading_commitment_and_shares,0.026898209,0.026898352
13,138,receive_authenticate_accumulate,0.017234242,0.017234407
13,138,receive_authenticate_accumulate,0.017229687,0.017229685
13,138,round_coverage,0.000003814,0.000003333
13,139,round_reset,0.000009000,0.000008519
13,139,receive_authenticate_accumulate,0.017236689,0.017236870
13,139,receive_authenticate_accumulate,0.017236152,0.017236297
13,139,receive_authenticate_accumulate,0.017328576,0.017264130
13,139,receive_authenticate_accumulate,0.017231541,0.017231592
13,139,receive_authenticate_accumulate,0.017225651,0.017225703
13,139,receive_authenticate_accumulate,0.017224319,0.017224074
13,139,receive_authenticate_accumulate,0.017231059,0.017231111
13,139,receive_authenticate_accumulate,0.017244115,0.017244277
13,139,receive_authenticate_accumulate,0.017230874,0.017230981
13,139,receive_authenticate_accumulate,0.017257577,0.017240111
13,139,receive_authenticate_accumulate,0.017238429,0.017238129
13,139,receive_authenticate_accumulate,0.017237318,0.017237352
13,139,receive_authenticate_accumulate,0.017226856,0.017226926
13,139,receive_authenticate_accumulate,0.017271689,0.017272833
13,139,receive_authenticate_accumulate,0.017264170,0.017242314
13,139,receive_authenticate_accumulate,0.017227985,0.017228315
13,139,receive_authenticate_accumulate,0.017233948,0.017233907
13,139,receive_authenticate_accumulate,0.017279448,0.017251279
13,139,reading_commitment_and_shares,0.026901175,0.026901185
13,139,receive_authenticate_accumulate,0.017234689,0.017234889
13,139,receive_authenticate_accumulate,0.017223596,0.017223778
13,139,round_coverage,0.000003667,0.000003185
14,140,period_reset,0.000024370,0.000023148
14,140,receive_authenticate_accumulate,0.000095591,0.000095389
14,140,receive_authenticate_accumulate,0.000093998,0.000093963
14,140,receive_authenticate_accumulate,0.000093443,0.000093000
14,140,receive_authenticate_accumulate,0.000091202,0.000091167
14,140,receive_authenticate_accumulate,0.000091721,0.000091333
14,140,receive_authenticate_accumulate,0.000091129,0.000091056
14,140,receive_authenticate_accumulate,0.000090054,0.000090148
14,140,receive_authenticate_accumulate,0.000071184,0.000071074
14,140,receive_authenticate_accumulate,0.000072313,0.000072019
14,140,receive_authenticate_accumulate,0.000070462,0.000070056
14,140,receive_authenticate_accumulate,0.000069073,0.000068592
14,140,receive_authenticate_accumulate,0.000068851,0.000068704
14,140,receive_authenticate_accumulate,0.000069665,0.000069740
14,140,receive_authenticate_accumulate,0.000070147,0.000070074
14,140,receive_authenticate_accumulate,0.000069832,0.000069648
14,140,receive_authenticate_accumulate,0.000070499,0.000070222
14,140,receive_authenticate_accumulate,0.000070666,0.000070222
14,140,receive_authenticate_accumulate,0.000071870,0.000071852
14,140,randomness_commit,0.000604788,0.000604445
14,140,receive_authenticate_accumulate,0.000069666,0.000069463
14,140,receive_authenticate_accumulate,0.000070832,0.000070648
14,140,receive_authenticate_accumulate,0.000084517,0.000084352
14,140,receive_authenticate_accumulate,0.000085776,0.000085481
14,140,receive_authenticate_accumulate,0.000083129,0.000082833
14,140,receive_authenticate_accumulate,0.000083351,0.000083296
14,140,receive_authenticate_accumulate,0.000084443,0.000084352
14,140,receive_authenticate_accumulate,0.000084666,0.000084407
14,140,receive_authenticate_accumulate,0.000083943,0.000083852
14,140,receive_authenticate_accumulate,0.000083591,0.000083333
14,140,receive_authenticate_accumulate,0.000083517,0.000083408
14,140,receive_authenticate_accumulate,0.000071017,0.000070796
14,140,receive_authenticate_accumulate,0.000069073,0.000069000
14,140,receive_authenticate_accumulate,0.000067906,0.000067703
14,140,receive_authenticate_accumulate,0.000068555,0.000068500
14,140,receive_authenticate_accumulate,0.000068536,0.000068204
14,140,receive_authenticate_accumulate,0.000067647,0.000067574
14,140,receive_authenticate_accumulate,0.000068443,0.000068333
14,140,receive_authenticate_accumulate,0.000068110,0.000068000
14,140,receive_authenticate_accumulate,0.000067462,0.000067240
14,140,randomness_reveal,0.000441327,0.000441092
14,140,receive_authenticate_accumulate,0.000067833,0.000067852
14,140,receive_authenticate_accumulate,0.000068999,0.000068982
14,140,committee_selection,0.000126813,0.000126500
14,140,round_reset,0.000005463,0.000004630
14,140,receive_authenticate_accumulate,0.017232728,0.017232888
14,140,receive_authenticate_accumulate,0.000047500,0.000047463
14,140,receive_authenticate_accumulate,0.017234468,0.017234630
14,140,receive_authenticate_accumulate,0.000049684,0.000049556
14,140,receive_authenticate_accumulate,0.017235839,0.017235852
14,140,receive_authenticate_accumulate,0.000047369,0.000047240
14,140,receive_authenticate_accumulate,0.017227173,0.017227352
14,140,receive_authenticate_accumulate,0.000047425,0.000047445
14,140,receive_authenticate_accumulate,0.017234358,0.017234592
14,140,receive_authenticate_accumulate,0.000047444,0.000047408
14,140,receive_authenticate_accumulate,0.017230672,0.017230870
14,140,receive_authenticate_accumulate,0.000047148,0.000047130
14,140,receive_authenticate_accumulate,0.017262728,0.017242686
14,140,receive_authenticate_accumulate,0.000058647,0.000058556
14,140,receive_authenticate_accumulate,0.017230913,0.017230944
14,140,receive_authenticate_accumulate,0.000046815,0.000046815
14,140,receive_authenticate_accumulate,0.017229246,0.017229370
14,140,receive_authenticate_accumulate,0.000045851,0.000045889
14,140,receive_authenticate_accumulate,0.017220469,0.017220630
14,140,receive_authenticate_accumulate,0.000046110,0.000045944
14,140,receive_authenticate_accumulate,0.017231284,0.017231445
14,140,receive_authenticate_accumulate,0.000046352,0.000046371
14,140,receive_authenticate_accumulate,0.017279468,0.017240963
14,140,receive_authenticate_accumulate,0.000047147,0.000047130
14,140,receive_authenticate_accumulate,0.025854712,0.025854981
14,140,receive_authenticate_accumulate,0.000070296,0.000070371
14,140,receive_authenticate_accumulate,0.017229340,0.017229481
14,140,receive_authenticate_accumulate,0.000047870,0.000047722
14,140,receive_authenticate_accumulate,0.017271154,0.017245445
14,140,receive_authenticate_accumulate,0.000048425,0.000048370
14,140,receive_authenticate_accumulate,0.017227599,0.017227370
14,140,receive_authenticate_accumulate,0.000046148,0.000046037
14,140,receive_authenticate_accumulate,0.017250746,0.017251167
14,140,receive_authenticate_accumulate,0.000049499,0.000049426
14,140,receive_authenticate_accumulate,0.017231987,0.017232111
14,140,receive_authenticate_accumulate,0.000047036,0.000047000
14,140,reading_commitment_and_shares,0.026940456,0.026940814
14,140,receive_authenticate_accumulate,0.017305134,0.017253592
14,140,receive_authenticate_accumulate,0.000047481,0.000047500
14,140,receive_authenticate_accumulate,0.017241506,0.017241425
14,140,receive_authenticate_accumulate,0.000047221,0.000047148
14,140,round_coverage,0.000003685,0.000003203
14,140,spatial_report,0.000039777,0.000039074
14,141,round_reset,0.000009815,0.000008797
14,141,receive_authenticate_accumulate,0.017233378,0.017233444
14,141,receive_authenticate_accumulate,0.000046758,0.000046704
14,141,receive_authenticate_accumulate,0.017237564,0.017237667
14,141,receive_authenticate_accumulate,0.000048962,0.000048889
14,141,receive_authenticate_accumulate,0.017222286,0.017222166
14,141,receive_authenticate_accumulate,0.000047388,0.000047333
14,141,receive_authenticate_accumulate,0.017214452,0.017214612
14,141,receive_authenticate_accumulate,0.000047665,0.000047574
14,141,receive_authenticate_accumulate,0.017228693,0.017228685
14,141,receive_authenticate_accumulate,0.000046277,0.000046148
14,141,receive_authenticate_accumulate,0.017228934,0.017229222
14,141,receive_authenticate_accumulate,0.000046296,0.000046241
14,141,receive_authenticate_accumulate,0.017231489,0.017231518
14,141,receive_authenticate_accumulate,0.000046740,0.000046685
14,141,receive_authenticate_accumulate,0.017279766,0.017250519
14,141,receive_authenticate_accumulate,0.000048073,0.000047982
14,141,receive_authenticate_accumulate,0.017235471,0.017235463
14,141,receive_authenticate_accumulate,0.000047314,0.000047314
14,141,receive_authenticate_accumulate,0.017231638,0.017231944
14,141,receive_authenticate_accumulate,0.000049073,0.000049055
14,141,receive_authenticate_accumulate,0.017223175,0.017223260
14,141,receive_authenticate_accumulate,0.000046629,0.000046649
14,141,receive_authenticate_accumulate,0.017221990,0.017221907
14,141,receive_authenticate_accumulate,0.000047333,0.000047167
14,141,receive_authenticate_accumulate,0.017229193,0.017229296
14,141,receive_authenticate_accumulate,0.000046629,0.000046518
14,141,receive_authenticate_accumulate,0.017225638,0.017225833
14,141,receive_authenticate_accumulate,0.000045888,0.000045907
14,141,receive_authenticate_accumulate,0.017220212,0.017220351
14,141,receive_authenticate_accumulate,0.000046832,0.000046759
14,141,receive_authenticate_accumulate,0.017233157,0.017232926
14,141,receive_authenticate_accumulate,0.000047240,0.000047167
14,141,receive_authenticate_accumulate,0.017233231,0.017233277
14,141,receive_authenticate_accumulate,0.000046833,0.000046741
14,141,receive_authenticate_accumulate,0.017294341,0.017255076
14,141,receive_authenticate_accumulate,0.000047203,0.000047148
14,141,reading_commitment_and_shares,0.026899108,0.026899351
14,141,receive_authenticate_accumulate,0.017223434,0.017223537
14,141,receive_authenticate_accumulate,0.000046369,0.000046296
14,141,receive_authenticate_accumulate,0.017231082,0.017231074
14,141,receive_authenticate_accumulate,0.000046222,0.000046204
14,141,round_coverage,0.000004186,0.000003685
14,141,spatial_report,0.000039444,0.000039241
14,142,round_reset,0.000009074,0.000007796
14,142,receive_authenticate_accumulate,0.017236787,0.017236908
14,142,receive_authenticate_accumulate,0.000046407,0.000046278
14,142,receive_authenticate_accumulate,0.017229677,0.017229908
14,142,receive_authenticate_accumulate,0.000046796,0.000046685
14,142,receive_authenticate_accumulate,0.017227251,0.017227315
14,142,receive_authenticate_accumulate,0.000047166,0.000047186
14,142,receive_authenticate_accumulate,0.017231806,0.017231925
14,142,receive_authenticate_accumulate,0.000046814,0.000046759
14,142,receive_authenticate_accumulate,0.017227454,0.017227704
14,142,receive_authenticate_accumulate,0.000046296,0.000046315
14,142,receive_authenticate_accumulate,0.017218973,0.017219204
14,142,receive_authenticate_accumulate,0.000046722,0.000046667
14,142,receive_authenticate_accumulate,0.017230343,0.017230352
14,142,receive_authenticate_accumulate,0.000047018,0.000047000
14,142,receive_authenticate_accumulate,0.017265417,0.017247278
14,142,receive_authenticate_accumulate,0.000046111,0.000045704
14,142,receive_authenticate_accumulate,0.017223862,0.017223870
14,142,receive_authenticate_accumulate,0.000047092,0.000046981
14,142,receive_authenticate_accumulate,0.017231343,0.017231314
14,142,receive_authenticate_accumulate,0.000048166,0.000048074
14,142,receive_authenticate_accumulate,0.017273250,0.017273444
14,142,receive_authenticate_accumulate,0.000048629,0.000048629
14,142,receive_authenticate_accumulate,0.017233603,0.017233907
14,142,receive_authenticate_accumulate,0.000046851,0.000046814
14,142,receive_authenticate_accumulate,0.025860682,0.025861074
14,142,receive_authenticate_accumulate,0.000070147,0.000069982
14,142,receive_authenticate_accumulate,0.017223899,0.017223759
14,142,receive_authenticate_accumulate,0.000045759,0.000045722
14,142,receive_authenticate_accumulate,0.017230233,0.017230333
14,142,receive_authenticate_accumulate,0.000044888,0.000045019
14,142,receive_authenticate_accumulate,0.017223806,0.017223982
14,142,receive_authenticate_accumulate,0.000046074,0.000046074
14,142,receive_authenticate_accumulate,0.017230658,0.017230796
14,142,receive_authenticate_accumulate,0.000045333,0.000045352
14,142,receive_authenticate_accumulate,0.017225362,0.017225444
14,142,receive_authenticate_accumulate,0.000046315,0.000046037
14,142,reading_commitment_and_shares,0.026893111,0.026893444
14,142,receive_authenticate_accumulate,0.017221177,0.017221371
14,142,receive_authenticate_accumulate,0.000045443,0.000045203
14,142,receive_authenticate_accumulate,0.017219548,0.017219630
14,142,receive_authenticate_accumulate,0.000045851,0.000045815
14,142,round_coverage,0.000004389,0.000003852
14,142,spatial_report,0.000040703,0.000040537
14,143,round_reset,0.000009074,0.000008055
14,143,receive_authenticate_accumulate,0.017233456,0.017233537
14,143,receive_authenticate_accumulate,0.000046295,0.000046240
14,143,receive_authenticate_accumulate,0.017263122,0.017235796
14,143,receive_authenticate_accumulate,0.000047185,0.000047185
14,143,receive_authenticate_accumulate,0.017227438,0.017227704
14,143,receive_authenticate_accumulate,0.000046463,0.000046407
14,143,receive_authenticate_accumulate,0.017225327,0.017225129
14,143,receive_authenticate_accumulate,0.000045999,0.000045796
14,143,receive_authenticate_accumulate,0.017225123,0.017225278
14,143,receive_authenticate_accumulate,0.000045166,0.000044982
14,143,receive_authenticate_accumulate,0.017220252,0.017220260
14,143,receive_authenticate_accumulate,0.000045444,0.000045333
14,143,receive_authenticate_accumulate,0.017232937,0.017232982
14,143,receive_authenticate_accumulate,0.000045332,0.000045278
14,143,receive_authenticate_accumulate,0.017229679,0.017229796
14,143,receive_authenticate_accumulate,0.000046814,0.000046315
14,143,receive_authenticate_accumulate,0.017225660,0.017225648
14,143,receive_authenticate_accumulate,0.000044462,0.000044130
14,143,receive_authenticate_accumulate,0.017222012,0.017222278
14,143,receive_authenticate_accumulate,0.000045240,0.000045167
14,143,receive_authenticate_accumulate,0.017232234,0.017232297
14,143,receive_authenticate_accumulate,0.000044333,0.000044315
14,143,receive_authenticate_accumulate,0.017319196,0.017255573
14,143,receive_authenticate_accumulate,0.000045851,0.000045815
14,143,receive_authenticate_accumulate,0.017226734,0.017226759
14,143,receive_authenticate_accumulate,0.000046036,0.000045796
14,143,receive_authenticate_accumulate,0.017257567,0.017257889
14,143,receive_authenticate_accumulate,0.000050073,0.000050167
14,143,receive_authenticate_accumulate,0.017226919,0.017226889
14,143,receive_authenticate_accumulate,0.000047573,0.000047537
14,143,receive_authenticate_accumulate,0.017234549,0.017234759
14,143,receive_authenticate_accumulate,0.000047129,0.000047074
14,143,receive_authenticate_accumulate,0.017294900,0.017253832
14,143,receive_authenticate_accumulate,0.000046610,0.000046648
14,143,receive_authenticate_accumulate,0.017231513,0.017231481
14,143,receive_authenticate_accumulate,0.000046981,0.000047000
14,143,reading_commitment_and_shares,0.026945244,0.026918204
14,143,receive_authenticate_accumulate,0.017228753,0.017229111
14,143,receive_authenticate_accumulate,0.000047148,0.000047112
14,143,receive_authenticate_accumulate,0.017235419,0.017235388
14,143,receive_authenticate_accumulate,0.000046370,0.000046037
14,143,round_coverage,0.000004092,0.000003482
14,143,spatial_report,0.000040592,0.000040389
14,144,round_reset,0.000009648,0.000008389
14,144,receive_authenticate_accumulate,0.017232032,0.017232500
14,144,receive_authenticate_accumulate,0.000047333,0.000047129
14,144,receive_authenticate_accumulate,0.017223310,0.017223203
14,144,receive_authenticate_accumulate,0.000046833,0.000046852
14,144,receive_authenticate_accumulate,0.017264013,0.017238444
14,144,receive_authenticate_accumulate,0.000046721,0.000046574
14,144,receive_authenticate_accumulate,0.017258865,0.017258648
14,144,receive_authenticate_accumulate,0.000053703,0.000053370
14,144,receive_authenticate_accumulate,0.017231347,0.017231703
14,144,receive_authenticate_accumulate,0.000049684,0.000049648
14,144,receive_authenticate_accumulate,0.017227124,0.017227204
14,144,receive_authenticate_accumulate,0.000048592,0.000048611
14,144,receive_authenticate_accumulate,0.017261217,0.017242721
14,144,receive_authenticate_accumulate,0.000048240,0.000048352
14,144,receive_authenticate_accumulate,0.017230255,0.017230500
14,144,receive_authenticate_accumulate,0.000048518,0.000048537
14,144,receive_authenticate_accumulate,0.017221125,0.017221260
14,144,receive_authenticate_accumulate,0.000047980,0.000047870
14,144,receive_authenticate_accumulate,0.017223588,0.017223704
14,144,receive_authenticate_accumulate,0.000048000,0.000047907
14,144,receive_authenticate_accumulate,0.017230865,0.017230537
14,144,receive_authenticate_accumulate,0.000047592,0.000047593
14,144,receive_authenticate_accumulate,0.017237366,0.017237463
14,144,receive_authenticate_accumulate,0.000049333,0.000049278
14,144,receive_authenticate_accumulate,0.017241106,0.017241055
14,144,receive_authenticate_accumulate,0.000046814,0.000046796
14,144,receive_authenticate_accumulate,0.017256402,0.017239815
14,144,receive_authenticate_accumulate,0.000045647,0.000045426
14,144,receive_authenticate_accumulate,0.017223662,0.017224019
14,144,receive_authenticate_accumulate,0.000049944,0.000049889
14,144,receive_authenticate_accumulate,0.017260143,0.017232278
14,144,receive_authenticate_accumulate,0.000060203,0.000049000
14,144,receive_authenticate_accumulate,0.017230940,0.017231129
14,144,receive_authenticate_accumulate,0.000047758,0.000047723
14,144,receive_authenticate_accumulate,0.017265143,0.017265314
14,144,receive_authenticate_accumulate,0.000048647,0.000048667
14,144,reading_commitment_and_shares,0.027038523,0.026965889
14,144,receive_authenticate_accumulate,0.017233162,0.017233204
14,144,receive_authenticate_accumulate,0.000047981,0.000047778
14,144,receive_authenticate_accumulate,0.017229384,0.017229666
14,144,receive_authenticate_accumulate,0.000047277,0.000047111
14,144,round_coverage,0.000003777,0.000003130
14,144,spatial_report,0.000039092,0.000038889
14,145,round_reset,0.000009222,0.000008037
14,145,receive_authenticate_accumulate,0.017224275,0.017224296
14,145,receive_authenticate_accumulate,0.000046907,0.000046722
14,145,receive_authenticate_accumulate,0.017270107,0.017239388
14,145,receive_authenticate_accumulate,0.000047629,0.000047759
14,145,receive_authenticate_accumulate,0.017239793,0.017240000
14,145,receive_authenticate_accumulate,0.000047333,0.000047315
14,145,receive_authenticate_accumulate,0.017232385,0.017232463
14,145,receive_authenticate_accumulate,0.000047314,0.000047223
14,145,receive_authenticate_accumulate,0.017232645,0.017232704
14,145,receive_authenticate_accumulate,0.000047481,0.000047426
14,145,receive_authenticate_accumulate,0.017229886,0.017229963
14,145,receive_authenticate_accumulate,0.000047036,0.000046963
14,145,receive_authenticate_accumulate,0.017232774,0.017232852
14,145,receive_authenticate_accumulate,0.000048073,0.000048037
14,145,receive_authenticate_accumulate,0.017224237,0.017224370
14,145,receive_authenticate_accumulate,0.000048962,0.000048944
14,145,receive_authenticate_accumulate,0.017223368,0.017223352
14,145,receive_authenticate_accumulate,0.000047499,0.000047463
14,145,receive_authenticate_accumulate,0.017277182,0.017252037
14,145,receive_authenticate_accumulate,0.000047092,0.000047075
14,145,receive_authenticate_accumulate,0.017230386,0.017230426
14,145,receive_authenticate_accumulate,0.000049222,0.000049037
14,145,receive_authenticate_accumulate,0.017233479,0.017233352
14,145,receive_authenticate_accumulate,0.000046759,0.000046740
14,145,receive_authenticate_accumulate,0.017230960,0.017230944
14,145,receive_authenticate_accumulate,0.000047852,0.000047797
14,145,receive_authenticate_accumulate,0.017228719,0.017228834
14,145,receive_authenticate_accumulate,0.000047259,0.000046982
14,145,receive_authenticate_accumulate,0.017234312,0.017234425
14,145,receive_authenticate_accumulate,0.000047111,0.000047111
14,145,receive_authenticate_accumulate,0.017225478,0.017225574
14,145,receive_authenticate_accumulate,0.000047944,0.000047963
14,145,receive_authenticate_accumulate,0.017230256,0.017230481
14,145,receive_authenticate_accumulate,0.000048610,0.000048611
14,145,receive_authenticate_accumulate,0.017294570,0.017255167
14,145,receive_authenticate_accumulate,0.000046758,0.000046759
14,145,reading_commitment_and_shares,0.026890157,0.026890352
14,145,receive_authenticate_accumulate,0.017281663,0.017251389
14,145,receive_authenticate_accumulate,0.000047258,0.000047315
14,145,receive_authenticate_accumulate,0.017228960,0.017229148
14,145,receive_authenticate_accumulate,0.000047629,0.000047555
14,145,round_coverage,0.000003685,0.000003203
14,145,spatial_report,0.000038222,0.000038000
14,146,round_reset,0.000009037,0.000007815
14,146,receive_authenticate_accumulate,0.017233387,0.017233408
14,146,receive_authenticate_accumulate,0.000046795,0.000046759
14,146,receive_authenticate_accumulate,0.017228202,0.017228148
14,146,receive_authenticate_accumulate,0.000047592,0.000047592
14,146,receive_authenticate_accumulate,0.017222813,0.017222815
14,146,receive_authenticate_accumulate,0.000048332,0.000048315
14,146,receive_authenticate_accumulate,0.017231072,0.017231315
14,146,receive_authenticate_accumulate,0.000048036,0.000048074
14,146,receive_authenticate_accumulate,0.017263313,0.017238538
14,146,receive_authenticate_accumulate,0.000047110,0.000047019
14,146,receive_authenticate_accumulate,0.017232462,0.017232463
14,146,receive_authenticate_accumulate,0.000048870,0.000048925
14,146,receive_authenticate_accumulate,0.017226961,0.017227000
14,146,receive_authenticate_accumulate,0.000046944,0.000047000
14,146,receive_authenticate_accumulate,0.017236499,0.017236519
14,146,receive_authenticate_accumulate,0.000048814,0.000048908
14,146,receive_authenticate_accumulate,0.017229351,0.017229056
14,146,receive_authenticate_accumulate,0.000047907,0.000047945
14,146,receive_authenticate_accumulate,0.017230406,0.017230371
14,146,receive_authenticate_accumulate,0.000047814,0.000047889
14,146,receive_authenticate_accumulate,0.017224183,0.017224148
14,146,receive_authenticate_accumulate,0.000047684,0.000047574
14,146,receive_authenticate_accumulate,0.017277350,0.017255704
14,146,receive_authenticate_accumulate,0.000051740,0.000051815
14,146,receive_authenticate_accumulate,0.017230795,0.017230352
14,146,receive_authenticate_accumulate,0.000046889,0.000046926
14,146,receive_authenticate_accumulate,0.017231739,0.017231722
14,146,receive_authenticate_accumulate,0.000046129,0.000046074
14,146,receive_authenticate_accumulate,0.017246369,0.017246462
14,146,receive_authenticate_accumulate,0.000046610,0.000046593
14,146,receive_authenticate_accumulate,0.017228258,0.017228407
14,146,receive_authenticate_accumulate,0.000047166,0.000047148
14,146,receive_authenticate_accumulate,0.017229610,0.017229611
14,146,receive_authenticate_accumulate,0.000048647,0.000048500
14,146,receive_authenticate_accumulate,0.017271572,0.017247408
14,146,receive_authenticate_accumulate,0.000047259,0.000047167
14,146,reading_commitment_and_shares,0.026889418,0.026889500
14,146,receive_authenticate_accumulate,0.017230573,0.017230648
14,146,receive_authenticate_accumulate,0.000046703,0.000046685
14,146,receive_authenticate_accumulate,0.017220498,0.017220482
14,146,receive_authenticate_accumulate,0.000046370,0.000046426
14,146,round_coverage,0.000003778,0.000003148
14,146,spatial_report,0.000039240,0.000039037
14,147,round_reset,0.000010093,0.000009018
14,147,receive_authenticate_accumulate,0.017266574,0.017243870
14,147,receive_authenticate_accumulate,0.000047703,0.000047667
14,147,receive_authenticate_accumulate,0.017251222,0.017251260
14,147,receive_authenticate_accumulate,0.000050166,0.000050000
14,147,receive_authenticate_accumulate,0.017229814,0.017229815
14,147,receive_authenticate_accumulate,0.000046722,0.000046704
14,147,receive_authenticate_accumulate,0.017237870,0.017237777
14,147,receive_authenticate_accumulate,0.000048981,0.000049055
14,147,receive_authenticate_accumulate,0.017221982,0.017222148
14,147,receive_authenticate_accumulate,0.000048647,0.000048481
14,147,receive_authenticate_accumulate,0.017273777,0.017245074
14,147,receive_authenticate_accumulate,0.000047518,0.000047519
14,147,receive_authenticate_accumulate,0.017239703,0.017239815
14,147,receive_authenticate_accumulate,0.000046203,0.000046259
14,147,receive_authenticate_accumulate,0.017224796,0.017224963
14,147,receive_authenticate_accumulate,0.000047555,0.000047519
14,147,receive_authenticate_accumulate,0.017225722,0.017225925
14,147,receive_authenticate_accumulate,0.000059351,0.000059334
14,147,receive_authenticate_accumulate,0.017231130,0.017231222
14,147,receive_authenticate_accumulate,0.000047352,0.000047407
14,147,receive_authenticate_accumulate,0.017230185,0.017229963
14,147,receive_authenticate_accumulate,0.000046833,0.000046797
14,147,receive_authenticate_accumulate,0.017233648,0.017233704
14,147,receive_authenticate_accumulate,0.000047536,0.000047611
14,147,receive_authenticate_accumulate,0.017256407,0.017256574
14,147,receive_authenticate_accumulate,0.000045759,0.000045759
14,147,receive_authenticate_accumulate,0.017227352,0.017227445
14,147,receive_authenticate_accumulate,0.000044388,0.000044296
14,147,receive_authenticate_accumulate,0.017266425,0.017239982
14,147,receive_authenticate_accumulate,0.000044518,0.000044426
14,147,receive_authenticate_accumulate,0.017229537,0.017229555
14,147,receive_authenticate_accumulate,0.000046073,0.000046000
14,147,receive_authenticate_accumulate,0.017240204,0.017217537
14,147,receive_authenticate_accumulate,0.000045462,0.000045389
14,147,receive_authenticate_accumulate,0.017231334,0.017231203
14,147,receive_authenticate_accumulate,0.000045314,0.000045408
14,147,reading_commitment_and_shares,0.026888458,0.026888852
14,147,receive_authenticate_accumulate,0.017225778,0.017225908
14,147,receive_authenticate_accumulate,0.000046832,0.000046907
14,147,receive_authenticate_accumulate,0.017229778,0.017229851
14,147,receive_authenticate_accumulate,0.000044221,0.000044129
14,147,round_coverage,0.000003833,0.000003222
14,147,spatial_report,0.000039907,0.000039686
14,148,round_reset,0.000009203,0.000007926
14,148,receive_authenticate_accumulate,0.017226094,0.017226240
14,148,receive_authenticate_accumulate,0.000045425,0.000045389
14,148,receive_authenticate_accumulate,0.017226020,0.017226222
14,148,receive_authenticate_accumulate,0.000045203,0.000045241
14,148,receive_authenticate_accumulate,0.017222223,0.017222426
14,148,receive_authenticate_accumulate,0.000045444,0.000045426
14,148,receive_authenticate_accumulate,0.017226094,0.017226092
14,148,receive_authenticate_accumulate,0.000045907,0.000045852
14,148,receive_authenticate_accumulate,0.017223205,0.017223407
14,148,receive_authenticate_accumulate,0.000044647,0.000044704
14,148,receive_authenticate_accumulate,0.017229983,0.017230074
14,148,receive_authenticate_accumulate,0.000050870,0.000050926
14,148,receive_authenticate_accumulate,0.017274612,0.017253019
14,148,receive_authenticate_accumulate,0.000046314,0.000046166
14,148,receive_authenticate_accumulate,0.017219891,0.017220055
14,148,receive_authenticate_accumulate,0.000046963,0.000046945
14,148,receive_authenticate_accumulate,0.017223557,0.017223685
14,148,receive_authenticate_accumulate,0.000046814,0.000046741
14,148,receive_authenticate_accumulate,0.017231372,0.017231444
14,148,receive_authenticate_accumulate,0.000047110,0.000047018
14,148,receive_authenticate_accumulate,0.017238445,0.017238426
14,148,receive_authenticate_accumulate,0.000047963,0.000047926
14,148,receive_authenticate_accumulate,0.017223020,0.017223093
14,148,receive_authenticate_accumulate,0.000047740,0.000047759
14,148,receive_authenticate_accumulate,0.017232371,0.017232408
14,148,receive_authenticate_accumulate,0.000048240,0.000048223
14,148,receive_authenticate_accumulate,0.017221372,0.017221426
14,148,receive_authenticate_accumulate,0.000049278,0.000049278
14,148,receive_authenticate_accumulate,0.017230205,0.017230277
14,148,receive_authenticate_accumulate,0.000050388,0.000050333
14,148,receive_authenticate_accumulate,0.017228724,0.017228723
14,148,receive_authenticate_accumulate,0.000046851,0.000046981
14,148,receive_authenticate_accumulate,0.017227835,0.017227871
14,148,receive_authenticate_accumulate,0.000047055,0.000047037
14,148,receive_authenticate_accumulate,0.017221780,0.017221944
14,148,receive_authenticate_accumulate,0.000048184,0.000048296
14,148,reading_commitment_and_shares,0.026880053,0.026880333
14,148,receive_authenticate_accumulate,0.017222835,0.017222889
14,148,receive_authenticate_accumulate,0.000046721,0.000046703
14,148,receive_authenticate_accumulate,0.017230057,0.017230111
14,148,receive_authenticate_accumulate,0.000048110,0.000048074
14,148,round_coverage,0.000003629,0.000003223
14,148,spatial_report,0.000039166,0.000038907
14,149,round_reset,0.000009111,0.000008093
14,149,receive_authenticate_accumulate,0.017233113,0.017233111
14,149,receive_authenticate_accumulate,0.000046389,0.000046314
14,149,receive_authenticate_accumulate,0.017228558,0.017228629
14,149,receive_authenticate_accumulate,0.000047129,0.000047112
14,149,receive_authenticate_accumulate,0.017228521,0.017228518
14,149,receive_authenticate_accumulate,0.000047611,0.000047333
14,149,receive_authenticate_accumulate,0.017224244,0.017223722
14,149,receive_authenticate_accumulate,0.000047351,0.000047186
14,149,receive_authenticate_accumulate,0.017259187,0.017259389
14,149,receive_authenticate_accumulate,0.000046480,0.000046278
14,149,receive_authenticate_accumulate,0.017223966,0.017224074
14,149,receive_authenticate_accumulate,0.000047796,0.000047648
14,149,receive_authenticate_accumulate,0.017226632,0.017226500
14,149,receive_authenticate_accumulate,0.000046722,0.000046630
14,149,receive_authenticate_accumulate,0.017225096,0.017225222
14,149,receive_authenticate_accumulate,0.000046833,0.000046760
14,149,receive_authenticate_accumulate,0.017256558,0.017256722
14,149,receive_authenticate_accumulate,0.000068610,0.000068759
14,149,receive_authenticate_accumulate,0.017265409,0.017242556
14,149,receive_authenticate_accumulate,0.000047833,0.000047685
14,149,receive_authenticate_accumulate,0.017236928,0.017236945
14,149,receive_authenticate_accumulate,0.000047777,0.000047685
14,149,receive_authenticate_accumulate,0.017211614,0.017211704
14,149,receive_authenticate_accumulate,0.000048518,0.000048555
14,149,receive_authenticate_accumulate,0.017262317,0.017236223
14,149,receive_authenticate_accumulate,0.000048110,0.000048111
14,149,receive_authenticate_accumulate,0.017223947,0.017223944
14,149,receive_authenticate_accumulate,0.000047796,0.000047686
14,149,receive_authenticate_accumulate,0.017226429,0.017226389
14,149,receive_authenticate_accumulate,0.000047518,0.000047388
14,149,receive_authenticate_accumulate,0.017232873,0.017232833
14,149,receive_authenticate_accumulate,0.000047037,0.000047092
14,149,receive_authenticate_accumulate,0.017228744,0.017228815
14,149,receive_authenticate_accumulate,0.000047943,0.000048000
14,149,receive_authenticate_accumulate,0.017286187,0.017253814
14,149,receive_authenticate_accumulate,0.000047592,0.000047574
14,149,reading_commitment_and_shares,0.026895444,0.026895648
14,149,receive_authenticate_accumulate,0.017233225,0.017233204
14,149,receive_authenticate_accumulate,0.000045722,0.000045741
14,149,receive_authenticate_accumulate,0.017229762,0.017229426
14,149,receive_authenticate_accumulate,0.000047666,0.000047518
14,149,round_coverage,0.000004203,0.000003593
14,149,spatial_report,0.000039203,0.000038963
14,149,billing_report,0.000421346,0.000421186
14,149,shutdown,0.000009444,0.000006463
